,comb_str,comb_freq,comb_size,imp_flag,bkt_below_10_cnt,bkt_10_20_cnt,bkt_20_50_cnt,bkt_50_100_cnt,bkt_100_above,comb_detail_str,conf_detail_str,conf_max,conf_min,conf_flag
0,PACK,312,3345,1,2,0,0,0,0,PACK~3,104.0,104.0,100.0,1
1,GRAM,95,3345,0,2,0,0,0,0,GRAM~2,47.5,47.5,47.5,1
2,ORIGINAL,25,3345,1,2,0,0,0,0,ORIGINAL~2,12.5,12.5,12.5,1
3,CRACKERS,25,3345,0,2,0,0,0,0,CRACKERS~2,12.5,12.5,12.5,1
4,COOKIES,46,3345,0,2,0,0,0,0,COOKIES~2,23.0,23.0,23.0,1
5,CRANBERRY,10,3345,0,2,0,0,0,0,CRANBERRY~2,5.0,5.0,5.0,1
6,ALMOND,22,3345,1,2,0,0,0,0,ALMOND~2,11.0,11.0,11.0,1
7,BRITANNIA,160,3345,0,2,0,0,0,0,BRITANNIA~3,53.33,53.33,53.33,1
8,CREAMY,126,3345,1,2,0,0,0,0,CREAMY~3,42.0,42.0,42.0,1
9,BUTTER,51,3345,1,2,0,0,0,0,BUTTER~2,25.5,25.5,25.5,1
10,GOOD,15,3345,0,2,0,0,0,0,GOOD~2,7.5,7.5,7.5,1
11,FARM,18,3345,0,2,0,0,0,0,FARM~2,9.0,9.0,9.0,1
12,PIZZA,16,3345,0,2,0,0,0,0,PIZZA~2,8.0,8.0,8.0,1
13,FLAVOUR,124,3345,1,2,0,0,0,0,FLAVOUR~3,41.33,41.33,41.33,1
14,CORN,16,3345,0,2,0,0,0,0,CORN~2,8.0,8.0,8.0,1
15,CAKES,49,3345,0,2,0,0,0,0,CAKES~2,24.5,24.5,24.5,1
16,PEANUT,16,3345,0,2,0,0,0,0,PEANUT~2,8.0,8.0,8.0,1
17,SANDWICH,30,3345,0,2,0,0,0,0,SANDWICH~2,15.0,15.0,15.0,1
18,CLASSIC,35,3345,0,2,0,0,0,0,CLASSIC~2,17.5,17.5,17.5,1
19,BOTTLE,26,3345,1,2,0,0,0,0,BOTTLE~2,13.0,13.0,13.0,1
20,WATER,33,3345,1,2,0,0,0,0,WATER~2,16.5,16.5,16.5,1
21,HIMALAYAN,18,3345,1,2,0,0,0,0,HIMALAYAN~2,9.0,9.0,9.0,1
22,NATURAL,51,3345,1,2,0,0,0,0,NATURAL~2,25.5,25.5,25.5,1
23,COFFEE,40,3345,1,2,0,0,0,0,COFFEE~2,20.0,20.0,20.0,1
24,DRINK,77,3345,0,2,0,0,0,0,DRINK~2,38.5,38.5,38.5,1
25,READY#TO,82,3345,0,2,0,0,0,0,READY#TO~2,41.0,41.0,41.0,1
26,BEVERAGE,31,3345,0,2,0,0,0,0,BEVERAGE~2,15.5,15.5,15.5,1
27,ENERGY,11,3345,0,2,0,0,0,0,ENERGY~2,5.5,5.5,5.5,1
28,FREE,53,3345,1,2,0,0,0,0,FREE~2,26.5,26.5,26.5,1
29,LOW,36,3345,0,2,0,0,0,0,LOW~2,18.0,18.0,18.0,1
30,RED,63,3345,1,2,0,0,0,0,RED~2,31.5,31.5,31.5,1
31,SUGAR,58,3345,1,2,0,0,0,0,SUGAR~2,29.0,29.0,29.0,1
32,STRAWBERRY,36,3345,1,2,0,0,0,0,STRAWBERRY~2,18.0,18.0,18.0,1
33,BOAT#PAPER,18,3345,0,2,0,0,0,0,BOAT#PAPER~2,9.0,9.0,9.0,1
34,LEMON,27,3345,1,2,0,0,0,0,LEMON~2,13.5,13.5,13.5,1
35,GOLD,10,3345,0,2,0,0,0,0,GOLD~2,5.0,5.0,5.0,1
36,ICED,26,3345,0,2,0,0,0,0,ICED~2,13.0,13.0,13.0,1
37,SWEET,66,3345,1,2,0,0,0,0,SWEET~2,33.0,33.0,33.0,1
38,TATA,31,3345,0,2,0,0,0,0,TATA~2,15.5,15.5,15.5,1
39,TEA,19,3345,1,2,0,0,0,0,TEA~2,9.5,9.5,9.5,1
40,ZERO,16,3345,0,2,0,0,0,0,ZERO~2,8.0,8.0,8.0,1
41,BLUEBERRY,16,3345,0,2,0,0,0,0,BLUEBERRY~2,8.0,8.0,8.0,1
42,GREEN,64,3345,0,2,0,0,0,0,GREEN~2,32.0,32.0,32.0,1
43,PEACH,16,3345,1,2,0,0,0,0,PEACH~2,8.0,8.0,8.0,1
44,SWEETENED,12,3345,0,2,0,0,0,0,SWEETENED~2,6.0,6.0,6.0,1
45,ORGANIC,114,3345,0,2,0,0,0,0,ORGANIC~3,38.0,38.0,38.0,1
46,HONEY,19,3345,1,2,0,0,0,0,HONEY~2,9.5,9.5,9.5,1
47,PURE,14,3345,0,2,0,0,0,0,PURE~2,7.0,7.0,7.0,1
48,FRUIT,73,3345,0,2,0,0,0,0,FRUIT~2,36.5,36.5,36.5,1
49,KISSAN,11,3345,0,2,0,0,0,0,KISSAN~2,5.5,5.5,5.5,1
50,SPREAD,32,3345,0,2,0,0,0,0,SPREAD~2,16.0,16.0,16.0,1
51,MANTRA,23,3345,0,2,0,0,0,0,MANTRA~2,11.5,11.5,11.5,1
52,CHILLI,27,3345,0,2,0,0,0,0,CHILLI~2,13.5,13.5,13.5,1
53,SAUCE,44,3345,0,2,0,0,0,0,SAUCE~2,22.0,22.0,22.0,1
54,SPICY,41,3345,0,2,0,0,0,0,SPICY~2,20.5,20.5,20.5,1
55,VEEBA,64,3345,0,2,0,0,0,0,VEEBA~2,32.0,32.0,32.0,1
56,LIQUID,34,3345,1,2,0,0,0,0,LIQUID~2,17.0,17.0,17.0,1
57,MARINADE,14,3345,0,2,0,0,0,0,MARINADE~2,7.0,7.0,7.0,1
58,BLEND,28,3345,0,2,0,0,0,0,BLEND~2,14.0,14.0,14.0,1
59,GLUTEN,12,3345,0,2,0,0,0,0,GLUTEN~2,6.0,6.0,6.0,1
60,KEYA,14,3345,0,2,0,0,0,0,KEYA~2,7.0,7.0,7.0,1
61,MIX,74,3345,0,2,0,0,0,0,MIX~2,37.0,37.0,37.0,1
62,SEASONING,32,3345,0,2,0,0,0,0,SEASONING~2,16.0,16.0,16.0,1
63,EXTRA,25,3345,1,2,0,0,0,0,EXTRA~2,12.5,12.5,12.5,1
64,HOT,29,3345,1,2,0,0,0,0,HOT~2,14.5,14.5,14.5,1
65,GROUND,13,3345,0,2,0,0,0,0,GROUND~2,6.5,6.5,6.5,1
66,WITH,50,3345,1,2,0,0,0,0,WITH~2,25.0,25.0,25.0,1
67,AND,77,3345,0,2,0,0,0,0,AND~2,38.5,38.5,38.5,1
68,RICH,32,3345,0,2,0,0,0,0,RICH~2,16.0,16.0,16.0,1
69,STEAK,11,3345,0,2,0,0,0,0,STEAK~2,5.5,5.5,5.5,1
70,DIP,42,3345,0,2,0,0,0,0,DIP~2,21.0,21.0,21.0,1
71,RANCH,12,3345,0,2,0,0,0,0,RANCH~2,6.0,6.0,6.0,1
72,LIME,12,3345,1,2,0,0,0,0,LIME~2,6.0,6.0,6.0,1
73,DRESSING,19,3345,0,2,0,0,0,0,DRESSING~2,9.5,9.5,9.5,1
74,BORGES,16,3345,0,2,0,0,0,0,BORGES~2,8.0,8.0,8.0,1
75,CHEESE,189,3345,0,2,0,0,0,0,CHEESE~3,63.0,63.0,63.0,1
76,JALAPENO,14,3345,0,2,0,0,0,0,JALAPENO~2,7.0,7.0,7.0,1
77,PEPPERS,40,3345,0,2,0,0,0,0,PEPPERS~2,20.0,20.0,20.0,1
78,PICKLED,20,3345,0,2,0,0,0,0,PICKLED~2,10.0,10.0,10.0,1
79,SLICED,73,3345,0,2,0,0,0,0,SLICED~2,36.5,36.5,36.5,1
80,VEGETABLE,31,3345,0,2,0,0,0,0,VEGETABLE~2,15.5,15.5,15.5,1
81,DICED,10,3345,0,2,0,0,0,0,DICED~2,5.0,5.0,5.0,1
82,MILD,76,3345,0,2,0,0,0,0,MILD~2,38.0,38.0,38.0,1
83,PRESERVED,20,3345,0,2,0,0,0,0,PRESERVED~2,10.0,10.0,10.0,1
84,BABY,32,3345,1,2,0,0,0,0,BABY~2,16.0,16.0,16.0,1
85,CUCUMBERS,12,3345,0,2,0,0,0,0,CUCUMBERS~2,6.0,6.0,6.0,1
86,DEL,41,3345,0,2,0,0,0,0,DEL~2,20.5,20.5,20.5,1
87,MONTE,34,3345,0,2,0,0,0,0,MONTE~2,17.0,17.0,17.0,1
88,STYLE,88,3345,0,2,0,0,0,0,STYLE~2,44.0,44.0,44.0,1
89,BERRY,11,3345,1,2,0,0,0,0,BERRY~2,5.5,5.5,5.5,1
90,COKE,27,3345,0,2,0,0,0,0,COKE~2,13.5,13.5,13.5,1
91,CANS,10,3345,0,2,0,0,0,0,CANS~2,5.0,5.0,5.0,1
92,SOFT,74,3345,0,2,0,0,0,0,SOFT~2,37.0,37.0,37.0,1
93,COLA,13,3345,0,2,0,0,0,0,COLA~2,6.5,6.5,6.5,1
94,VANILLA,38,3345,1,2,0,0,0,0,VANILLA~2,19.0,19.0,19.0,1
95,CHIPS,28,3345,0,2,0,0,0,0,CHIPS~2,14.0,14.0,14.0,1
96,POTATO,40,3345,0,2,0,0,0,0,POTATO~2,20.0,20.0,20.0,1
97,SALT,33,3345,1,2,0,0,0,0,SALT~2,16.5,16.5,16.5,1
98,TOO#YUMM,15,3345,0,2,0,0,0,0,TOO#YUMM~2,7.5,7.5,7.5,1
99,ONION,26,3345,0,2,0,0,0,0,ONION~2,13.0,13.0,13.0,1
100,SOUR,24,3345,0,2,0,0,0,0,SOUR~2,12.0,12.0,12.0,1
101,SNACK,105,3345,0,2,0,0,0,0,SNACK~3,35.0,35.0,35.0,1
102,MASALA,13,3345,0,2,0,0,0,0,MASALA~2,6.5,6.5,6.5,1
103,TORTILLA,10,3345,0,2,0,0,0,0,TORTILLA~2,5.0,5.0,5.0,1
104,HAPPILO,10,3345,0,2,0,0,0,0,HAPPILO~2,5.0,5.0,5.0,1
105,MEXICAN,14,3345,0,2,0,0,0,0,MEXICAN~2,7.0,7.0,7.0,1
106,SALTED,11,3345,0,2,0,0,0,0,SALTED~2,5.5,5.5,5.5,1
107,ROASTED,26,3345,0,2,0,0,0,0,ROASTED~2,13.0,13.0,13.0,1
108,SMOKE,47,3345,0,2,0,0,0,0,SMOKE~2,23.5,23.5,23.5,1
109,WHITE,49,3345,1,2,0,0,0,0,WHITE~2,24.5,24.5,24.5,1
110,PEARL,15,3345,0,2,0,0,0,0,PEARL~2,7.5,7.5,7.5,1
111,BROWN,25,3345,1,2,0,0,0,0,BROWN~2,12.5,12.5,12.5,1
112,BAR,27,3345,0,2,0,0,0,0,BAR~2,13.5,13.5,13.5,1
113,PROTEIN,29,3345,0,2,0,0,0,0,PROTEIN~2,14.5,14.5,14.5,1
114,YOGA,13,3345,0,2,0,0,0,0,YOGA~2,6.5,6.5,6.5,1
115,BREAKFAST,31,3345,0,2,0,0,0,0,BREAKFAST~2,15.5,15.5,15.5,1
116,ROLLS,41,3345,0,2,0,0,0,0,ROLLS~2,20.5,20.5,20.5,1
117,MIXED,25,3345,0,2,0,0,0,0,MIXED~2,12.5,12.5,12.5,1
118,HIGH,11,3345,0,2,0,0,0,0,HIGH~2,5.5,5.5,5.5,1
119,INSTANT,11,3345,0,2,0,0,0,0,INSTANT~2,5.5,5.5,5.5,1
120,OATS,11,3345,0,2,0,0,0,0,OATS~2,5.5,5.5,5.5,1
121,PLAIN,11,3345,0,2,0,0,0,0,PLAIN~2,5.5,5.5,5.5,1
122,MULTIGRAIN,11,3345,0,2,0,0,0,0,MULTIGRAIN~2,5.5,5.5,5.5,1
123,SEEDS,10,3345,0,2,0,0,0,0,SEEDS~2,5.0,5.0,5.0,1
124,CUP,30,3345,0,2,0,0,0,0,CUP~2,15.0,15.0,15.0,1
125,DESSERT,32,3345,0,2,0,0,0,0,DESSERT~2,16.0,16.0,16.0,1
126,POWDER,28,3345,1,2,0,0,0,0,POWDER~2,14.0,14.0,14.0,1
127,FOR,37,3345,1,2,0,0,0,0,FOR~2,18.5,18.5,18.5,1
128,SYRUP,13,3345,0,2,0,0,0,0,SYRUP~2,6.5,6.5,6.5,1
129,BAKING,10,3345,0,2,0,0,0,0,BAKING~2,5.0,5.0,5.0,1
130,DRY,15,3345,1,2,0,0,0,0,DRY~2,7.5,7.5,7.5,1
131,APPLE,47,3345,1,2,0,0,0,0,APPLE~2,23.5,23.5,23.5,1
132,BAKE,17,3345,0,2,0,0,0,0,BAKE~2,8.5,8.5,8.5,1
133,CINNAMON,14,3345,0,2,0,0,0,0,CINNAMON~2,7.0,7.0,7.0,1
134,MUFFIN,20,3345,0,2,0,0,0,0,MUFFIN~2,10.0,10.0,10.0,1
135,PILLSBURY,15,3345,0,2,0,0,0,0,PILLSBURY~2,7.5,7.5,7.5,1
136,COCOA,14,3345,0,2,0,0,0,0,COCOA~2,7.0,7.0,7.0,1
137,CADBURY,10,3345,0,2,0,0,0,0,CADBURY~2,5.0,5.0,5.0,1
138,CHOCOLATE,68,3345,0,2,0,0,0,0,CHOCOLATE~2,34.0,34.0,34.0,1
139,PREMIUM,78,3345,0,2,0,0,0,0,PREMIUM~2,39.0,39.0,39.0,1
140,OIL,16,3345,1,2,0,0,0,0,OIL~2,8.0,8.0,8.0,1
141,COCONUT,13,3345,1,2,0,0,0,0,COCONUT~2,6.5,6.5,6.5,1
142,WHEAT,16,3345,0,2,0,0,0,0,WHEAT~2,8.0,8.0,8.0,1
143,RAW,22,3345,0,2,0,0,0,0,RAW~2,11.0,11.0,11.0,1
144,INDIA,20,3345,0,2,0,0,0,0,INDIA~2,10.0,10.0,10.0,1
145,FRENCH,14,3345,0,2,0,0,0,0,FRENCH~2,7.0,7.0,7.0,1
146,HOUSE,10,3345,0,2,0,0,0,0,HOUSE~2,5.0,5.0,5.0,1
147,DONUT,27,3345,0,2,0,0,0,0,DONUT~2,13.5,13.5,13.5,1
148,MINT,41,3345,1,2,0,0,0,0,MINT~2,20.5,20.5,20.5,1
149,AMUL,127,3345,0,2,0,0,0,0,AMUL~3,42.33,42.33,42.33,1
150,JUICE,55,3345,0,2,0,0,0,0,JUICE~2,27.5,27.5,27.5,1
151,RASPBERRY,19,3345,0,2,0,0,0,0,RASPBERRY~2,9.5,9.5,9.5,1
152,REAL,39,3345,0,2,0,0,0,0,REAL~2,19.5,19.5,19.5,1
153,FAT,40,3345,0,2,0,0,0,0,FAT~2,20.0,20.0,20.0,1
154,NESTLE,16,3345,0,2,0,0,0,0,NESTLE~2,8.0,8.0,8.0,1
155,PASTA,44,3345,0,2,0,0,0,0,PASTA~2,22.0,22.0,22.0,1
156,TOMATO,23,3345,0,2,0,0,0,0,TOMATO~2,11.5,11.5,11.5,1
157,TUNA,13,3345,0,2,0,0,0,0,TUNA~2,6.5,6.5,6.5,1
158,LIGHT,17,3345,1,2,0,0,0,0,LIGHT~2,8.5,8.5,8.5,1
159,LARGE,43,3345,0,2,0,0,0,0,LARGE~2,21.5,21.5,21.5,1
160,BOX,11,3345,0,2,0,0,0,0,BOX~2,5.5,5.5,5.5,1
161,ULTRA,12,3345,1,2,0,0,0,0,ULTRA~2,6.0,6.0,6.0,1
162,CLEAR,16,3345,0,2,0,0,0,0,CLEAR~2,8.0,8.0,8.0,1
163,PARTY,15,3345,0,2,0,0,0,0,PARTY~2,7.5,7.5,7.5,1
164,PLATES,44,3345,0,2,0,0,0,0,PLATES~2,22.0,22.0,22.0,1
165,KNORR,11,3345,0,2,0,0,0,0,KNORR~2,5.5,5.5,5.5,1
166,MUSHROOM,12,3345,0,2,0,0,0,0,MUSHROOM~2,6.0,6.0,6.0,1
167,CHICKEN,333,3345,0,2,0,0,0,0,CHICKEN~3,111.0,111.0,100.0,1
168,SERVE,19,3345,0,2,0,0,0,0,SERVE~2,9.5,9.5,9.5,1
169,SINGLE,16,3345,0,2,0,0,0,0,SINGLE~2,8.0,8.0,8.0,1
170,FOOD,27,3345,0,2,0,0,0,0,FOOD~2,13.5,13.5,13.5,1
171,COUPON#DISCOUNT#GROCERY,10,3345,0,2,0,0,0,0,COUPON#DISCOUNT#GROCERY~2,5.0,5.0,5.0,1
172,CAT,18,3345,0,2,0,0,0,0,CAT~2,9.0,9.0,9.0,1
173,WET,14,3345,1,2,0,0,0,0,WET~2,7.0,7.0,7.0,1
174,FRESH,351,3345,1,2,0,0,0,0,FRESH~3,117.0,117.0,100.0,1
175,DROOLS,10,3345,0,2,0,0,0,0,DROOLS~2,5.0,5.0,5.0,1
176,TREATS,14,3345,0,2,0,0,0,0,TREATS~2,7.0,7.0,7.0,1
177,DOG,29,3345,0,2,0,0,0,0,DOG~2,14.5,14.5,14.5,1
178,HEALTH,13,3345,0,2,0,0,0,0,HEALTH~2,6.5,6.5,6.5,1
179,SPRAY,21,3345,1,2,0,0,0,0,SPRAY~2,10.5,10.5,10.5,1
180,VARIETY,10,3345,0,2,0,0,0,0,VARIETY~2,5.0,5.0,5.0,1
181,QUALITY,14,3345,0,2,0,0,0,0,QUALITY~2,7.0,7.0,7.0,1
182,GEL,15,3345,1,2,0,0,0,0,GEL~2,7.5,7.5,7.5,1
183,COMFORT,12,3345,1,2,0,0,0,0,COMFORT~2,6.0,6.0,6.0,1
184,WASH,12,3345,1,2,0,0,0,0,WASH~2,6.0,6.0,6.0,1
185,BAGS,11,3345,0,2,0,0,0,0,BAGS~2,5.5,5.5,5.5,1
186,SIZE,39,3345,0,2,0,0,0,0,SIZE~2,19.5,19.5,19.5,1
187,LOAF,34,3345,0,2,0,0,0,0,LOAF~2,17.0,17.0,17.0,1
188,STICK,50,3345,1,2,0,0,0,0,STICK~2,25.0,25.0,25.0,1
189,GODREJ,55,3345,0,2,0,0,0,0,GODREJ~2,27.5,27.5,27.5,1
190,TROPICAL,15,3345,0,2,0,0,0,0,TROPICAL~2,7.5,7.5,7.5,1
191,LAVENDER,11,3345,1,2,0,0,0,0,LAVENDER~2,5.5,5.5,5.5,1
192,BLOCK,21,3345,0,2,0,0,0,0,BLOCK~2,10.5,10.5,10.5,1
193,URBAN,28,3345,0,2,0,0,0,0,URBAN~2,14.0,14.0,14.0,1
194,BEANS,24,3345,0,2,0,0,0,0,BEANS~2,12.0,12.0,12.0,1
195,WINGREENS,33,3345,0,2,0,0,0,0,WINGREENS~2,16.5,16.5,16.5,1
196,WHOLE,23,3345,0,2,0,0,0,0,WHOLE~2,11.5,11.5,11.5,1
197,EAT,27,3345,0,2,0,0,0,0,EAT~2,13.5,13.5,13.5,1
198,PRASUMA,33,3345,0,2,0,0,0,0,PRASUMA~2,16.5,16.5,16.5,1
199,FROZEN,40,3345,0,2,0,0,0,0,FROZEN~2,20.0,20.0,20.0,1
200,YUMMIEZ,39,3345,0,2,0,0,0,0,YUMMIEZ~2,19.5,19.5,19.5,1
201,ITALIAN,20,3345,0,2,0,0,0,0,ITALIAN~2,10.0,10.0,10.0,1
202,BURGER,20,3345,0,2,0,0,0,0,BURGER~2,10.0,10.0,10.0,1
203,CRISPY,20,3345,0,2,0,0,0,0,CRISPY~2,10.0,10.0,10.0,1
204,VENKY,18,3345,0,2,0,0,0,0,VENKY~2,9.0,9.0,9.0,1
205,MEAL,22,3345,0,2,0,0,0,0,MEAL~2,11.0,11.0,11.0,1
206,CHEF#ITC#MASTER,19,3345,0,2,0,0,0,0,CHEF#ITC#MASTER~2,9.5,9.5,9.5,1
207,BITE,16,3345,0,2,0,0,0,0,BITE~2,8.0,8.0,8.0,1
208,BONELESS,40,3345,0,2,0,0,0,0,BONELESS~2,20.0,20.0,20.0,1
209,WINGS,13,3345,0,2,0,0,0,0,WINGS~2,6.5,6.5,6.5,1
210,ORANGE,25,3345,0,2,0,0,0,0,ORANGE~2,12.5,12.5,12.5,1
211,PIE,17,3345,0,2,0,0,0,0,PIE~2,8.5,8.5,8.5,1
212,BREAST,28,3345,0,2,0,0,0,0,BREAST~2,14.0,14.0,14.0,1
213,CHEDDAR,33,3345,0,2,0,0,0,0,CHEDDAR~2,16.5,16.5,16.5,1
214,CUTS,63,3345,0,2,0,0,0,0,CUTS~2,31.5,31.5,31.5,1
215,LICIOUS,51,3345,0,2,0,0,0,0,LICIOUS~2,25.5,25.5,25.5,1
216,SAUSAGE,50,3345,0,2,0,0,0,0,SAUSAGE~2,25.0,25.0,25.0,1
217,GOAT,10,3345,0,2,0,0,0,0,GOAT~2,5.0,5.0,5.0,1
218,THIN,15,3345,0,2,0,0,0,0,THIN~2,7.5,7.5,7.5,1
219,BONES,11,3345,0,2,0,0,0,0,BONES~2,5.5,5.5,5.5,1
220,HAM,31,3345,0,2,0,0,0,0,HAM~2,15.5,15.5,15.5,1
221,SALAD,54,3345,0,2,0,0,0,0,SALAD~2,27.0,27.0,27.0,1
222,SALAMI,26,3345,0,2,0,0,0,0,SALAMI~2,13.0,13.0,13.0,1
223,FRESHLY#PREPARED,13,3345,0,2,0,0,0,0,FRESHLY#PREPARED~2,6.5,6.5,6.5,1
224,MOZZARELLA,15,3345,0,2,0,0,0,0,MOZZARELLA~2,7.5,7.5,7.5,1
225,PIECES,24,3345,0,2,0,0,0,0,PIECES~2,12.0,12.0,12.0,1
226,THIGH,10,3345,0,2,0,0,0,0,THIGH~2,5.0,5.0,5.0,1
227,BACON,13,3345,0,2,0,0,0,0,BACON~2,6.5,6.5,6.5,1
228,CUBES,21,3345,0,2,0,0,0,0,CUBES~2,10.5,10.5,10.5,1
229,FAMILY,15,3345,0,2,0,0,0,0,FAMILY~2,7.5,7.5,7.5,1
230,BLACK,37,3345,1,2,0,0,0,0,BLACK~2,18.5,18.5,18.5,1
231,GARLIC,25,3345,0,2,0,0,0,0,GARLIC~2,12.5,12.5,12.5,1
232,CURRY,14,3345,0,2,0,0,0,0,CURRY~2,7.0,7.0,7.0,1
233,FILLET,33,3345,0,2,0,0,0,0,FILLET~2,16.5,16.5,16.5,1
234,SMALL,10,3345,0,2,0,0,0,0,SMALL~2,5.0,5.0,5.0,1
235,BARBECUE,11,3345,0,2,0,0,0,0,BARBECUE~2,5.5,5.5,5.5,1
236,BASED#PLANT,14,3345,0,2,0,0,0,0,BASED#PLANT~2,7.0,7.0,7.0,1
237,MEATIGO,13,3345,0,2,0,0,0,0,MEATIGO~2,6.5,6.5,6.5,1
238,BAGELS,16,3345,0,2,0,0,0,0,BAGELS~2,8.0,8.0,8.0,1
239,BREAD,72,3345,0,2,0,0,0,0,BREAD~2,36.0,36.0,36.0,1
240,MODERN,15,3345,0,2,0,0,0,0,MODERN~2,7.5,7.5,7.5,1
241,PUMPKIN,20,3345,0,2,0,0,0,0,PUMPKIN~2,10.0,10.0,10.0,1
242,ENGLISH,20,3345,0,2,0,0,0,0,ENGLISH~2,10.0,10.0,10.0,1
243,GOLD#HARVEST,30,3345,0,2,0,0,0,0,GOLD#HARVEST~2,15.0,15.0,15.0,1
244,PERCENT,13,3345,0,2,0,0,0,0,PERCENT~2,6.5,6.5,6.5,1
245,BAKERY,13,3345,0,2,0,0,0,0,BAKERY~2,6.5,6.5,6.5,1
246,BUNS,24,3345,0,2,0,0,0,0,BUNS~2,12.0,12.0,12.0,1
247,ASSORTED,14,3345,0,2,0,0,0,0,ASSORTED~2,7.0,7.0,7.0,1
248,MONGINIS,30,3345,0,2,0,0,0,0,MONGINIS~2,15.0,15.0,15.0,1
249,CHERRY,13,3345,1,2,0,0,0,0,CHERRY~2,6.5,6.5,6.5,1
250,HASS,18,3345,0,2,0,0,0,0,HASS~2,9.0,9.0,9.0,1
251,AVOCADO,18,3345,0,2,0,0,0,0,AVOCADO~2,9.0,9.0,9.0,1
252,MEDIUM,18,3345,0,2,0,0,0,0,MEDIUM~2,9.0,9.0,9.0,1
253,RELIANCE,28,3345,0,2,0,0,0,0,RELIANCE~2,14.0,14.0,14.0,1
254,DRIED,13,3345,0,2,0,0,0,0,DRIED~2,6.5,6.5,6.5,1
255,SEEDLESS,20,3345,0,2,0,0,0,0,SEEDLESS~2,10.0,10.0,10.0,1
256,CARB,14,3345,0,2,0,0,0,0,CARB~2,7.0,7.0,7.0,1
257,GRAPES,20,3345,0,2,0,0,0,0,GRAPES~2,10.0,10.0,10.0,1
258,LOOSE,24,3345,0,2,0,0,0,0,LOOSE~2,12.0,12.0,12.0,1
259,YELLOW,25,3345,0,2,0,0,0,0,YELLOW~2,12.5,12.5,12.5,1
260,MANGO,12,3345,0,2,0,0,0,0,MANGO~2,6.0,6.0,6.0,1
261,LEAVES,11,3345,0,2,0,0,0,0,LEAVES~2,5.5,5.5,5.5,1
262,HERB,16,3345,0,2,0,0,0,0,HERB~2,8.0,8.0,8.0,1
263,YOGURT,42,3345,0,2,0,0,0,0,YOGURT~2,21.0,21.0,21.0,1
264,PINEAPPLE,12,3345,0,2,0,0,0,0,PINEAPPLE~2,6.0,6.0,6.0,1
265,KOMBUCHA,10,3345,0,2,0,0,0,0,KOMBUCHA~2,5.0,5.0,5.0,1
266,EPIGAMIA,40,3345,0,2,0,0,0,0,EPIGAMIA~2,20.0,20.0,20.0,1
267,HUMMUS,15,3345,0,2,0,0,0,0,HUMMUS~2,7.5,7.5,7.5,1
268,OLIVES,11,3345,0,2,0,0,0,0,OLIVES~2,5.5,5.5,5.5,1
269,SENSODYNE,18,3345,1,2,0,0,0,0,SENSODYNE~2,9.0,9.0,9.0,1
270,TOOTHPASTE,29,3345,1,2,0,0,0,0,TOOTHPASTE~2,14.5,14.5,14.5,1
271,SENSITIVE,13,3345,1,2,0,0,0,0,SENSITIVE~2,6.5,6.5,6.5,1
272,LIP,11,3345,1,2,0,0,0,0,LIP~2,5.5,5.5,5.5,1
273,NIVEA,20,3345,1,2,0,0,0,0,NIVEA~2,10.0,10.0,10.0,1
274,BATH,13,3345,1,2,0,0,0,0,BATH~2,6.5,6.5,6.5,1
275,DOVE,25,3345,1,2,0,0,0,0,DOVE~2,12.5,12.5,12.5,1
276,BODY,16,3345,1,2,0,0,0,0,BODY~2,8.0,8.0,8.0,1
277,MEN,26,3345,1,2,0,0,0,0,MEN~2,13.0,13.0,13.0,1
278,FOUNDATION,14,3345,1,2,0,0,0,0,FOUNDATION~2,7.0,7.0,7.0,1
279,MAYBELLINE,11,3345,1,2,0,0,0,0,MAYBELLINE~2,5.5,5.5,5.5,1
280,LAKM,14,3345,1,2,0,0,0,0,LAKM~2,7.0,7.0,7.0,1
281,CANADA#FACES,10,3345,0,2,0,0,0,0,CANADA#FACES~2,5.0,5.0,5.0,1
282,LIPSTICK#MATTE,10,3345,0,2,0,0,0,0,LIPSTICK#MATTE~2,5.0,5.0,5.0,1
283,DEODORANT,43,3345,1,2,0,0,0,0,DEODORANT~2,21.5,21.5,21.5,1
284,WILD,13,3345,1,2,0,0,0,0,WILD~2,6.5,6.5,6.5,1
285,WOMEN,15,3345,1,2,0,0,0,0,WOMEN~2,7.5,7.5,7.5,1
286,CARAMEL,10,3345,0,2,0,0,0,0,CARAMEL~2,5.0,5.0,5.0,1
287,UNSWEETENED,11,3345,0,2,0,0,0,0,UNSWEETENED~2,5.5,5.5,5.5,1
288,PROCESSED,10,3345,0,2,0,0,0,0,PROCESSED~2,5.0,5.0,5.0,1
289,SHREDDED,18,3345,0,2,0,0,0,0,SHREDDED~2,9.0,9.0,9.0,1
290,DAIRY,26,3345,0,2,0,0,0,0,DAIRY~2,13.0,13.0,13.0,1
291,EGGS,23,3345,0,2,0,0,0,0,EGGS~2,11.5,11.5,11.5,1
292,PUDDING,12,3345,0,2,0,0,0,0,PUDDING~2,6.0,6.0,6.0,1
293,SIGNATURE,15,3345,0,2,0,0,0,0,SIGNATURE~2,7.5,7.5,7.5,1
294,BAKER,11,3345,0,2,0,0,0,0,BAKER~2,5.5,5.5,5.5,1
295,GRAM_PACK,74,3345,1,4,0,0,0,0,GRAM~2#:#PACK~3,37.0#:#24.67,37.0,24.67,1
296,ORIGINAL_PACK,4,3345,2,4,0,0,0,0,ORIGINAL~2#:#PACK~3,2.0#:#1.33,2.0,1.33,1
297,CRACKERS_PACK,5,3345,1,4,0,0,0,0,CRACKERS~2#:#PACK~3,2.5#:#1.67,2.5,1.67,1
298,GRAM_ORIGINAL,2,3345,1,4,0,0,0,0,GRAM~2#:#ORIGINAL~2,1.0#:#1.0,1.0,1.0,1
299,CRACKERS_GRAM,3,3345,0,4,0,0,0,0,CRACKERS~2#:#GRAM~2,1.5#:#1.5,1.5,1.5,1
300,CRACKERS_ORIGINAL,3,3345,1,4,0,0,0,0,CRACKERS~2#:#ORIGINAL~2,1.5#:#1.5,1.5,1.5,1
301,COOKIES_PACK,9,3345,1,4,0,0,0,0,COOKIES~2#:#PACK~3,4.5#:#3.0,4.5,3.0,1
302,CRANBERRY_PACK,4,3345,1,4,0,0,0,0,CRANBERRY~2#:#PACK~3,2.0#:#1.33,2.0,1.33,1
303,COOKIES_GRAM,4,3345,0,4,0,0,0,0,COOKIES~2#:#GRAM~2,2.0#:#2.0,2.0,2.0,1
304,ALMOND_COOKIES,2,3345,1,4,0,0,0,0,ALMOND~2#:#COOKIES~2,1.0#:#1.0,1.0,1.0,1
305,CRANBERRY_GRAM,3,3345,0,4,0,0,0,0,CRANBERRY~2#:#GRAM~2,1.5#:#1.5,1.5,1.5,1
306,BRITANNIA_CREAMY,34,3345,1,4,0,0,0,0,BRITANNIA~3#:#CREAMY~3,11.33#:#11.33,11.33,11.33,1
307,BRITANNIA_PACK,42,3345,1,4,0,0,0,0,BRITANNIA~3#:#PACK~3,14.0#:#14.0,14.0,14.0,1
308,BRITANNIA_BUTTER,8,3345,1,4,0,0,0,0,BRITANNIA~3#:#BUTTER~2,2.67#:#4.0,4.0,2.67,1
309,BRITANNIA_GOOD,3,3345,0,4,0,0,0,0,BRITANNIA~3#:#GOOD~2,1.0#:#1.5,1.5,1.0,1
310,BRITANNIA_GRAM,3,3345,0,4,0,0,0,0,BRITANNIA~3#:#GRAM~2,1.0#:#1.5,1.5,1.0,1
311,BRITANNIA_COOKIES,7,3345,0,4,0,0,0,0,BRITANNIA~3#:#COOKIES~2,2.33#:#3.5,3.5,2.33,1
312,CREAMY_PACK,10,3345,2,4,0,0,0,0,CREAMY~3#:#PACK~3,3.33#:#3.33,3.33,3.33,1
313,BUTTER_CREAMY,2,3345,2,4,0,0,0,0,BUTTER~2#:#CREAMY~3,1.0#:#0.67,1.0,0.67,0
314,COOKIES_CREAMY,9,3345,1,4,0,0,0,0,COOKIES~2#:#CREAMY~3,4.5#:#3.0,4.5,3.0,1
315,BUTTER_PACK,17,3345,2,4,0,0,0,0,BUTTER~2#:#PACK~3,8.5#:#5.67,8.5,5.67,1
316,BUTTER_GOOD,2,3345,1,4,0,0,0,0,BUTTER~2#:#GOOD~2,1.0#:#1.0,1.0,1.0,1
317,BUTTER_GRAM,22,3345,1,4,0,0,0,0,BUTTER~2#:#GRAM~2,11.0#:#11.0,11.0,11.0,1
318,BUTTER_COOKIES,7,3345,1,4,0,0,0,0,BUTTER~2#:#COOKIES~2,3.5#:#3.5,3.5,3.5,1
319,COOKIES_GOOD,3,3345,0,4,0,0,0,0,COOKIES~2#:#GOOD~2,1.5#:#1.5,1.5,1.5,1
320,FARM_PACK,2,3345,1,4,0,0,0,0,FARM~2#:#PACK~3,1.0#:#0.67,1.0,0.67,0
321,PACK_PIZZA,2,3345,1,4,0,0,0,0,PACK~3#:#PIZZA~2,0.67#:#1.0,1.0,0.67,0
322,FARM_GRAM,2,3345,0,4,0,0,0,0,FARM~2#:#GRAM~2,1.0#:#1.0,1.0,1.0,1
323,FLAVOUR_PACK,12,3345,2,4,0,0,0,0,FLAVOUR~3#:#PACK~3,4.0#:#4.0,4.0,4.0,1
324,BUTTER_FLAVOUR,2,3345,2,4,0,0,0,0,BUTTER~2#:#FLAVOUR~3,1.0#:#0.67,1.0,0.67,0
325,CAKES_FLAVOUR,6,3345,1,4,0,0,0,0,CAKES~2#:#FLAVOUR~3,3.0#:#2.0,3.0,2.0,1
326,CORN_PACK,4,3345,1,4,0,0,0,0,CORN~2#:#PACK~3,2.0#:#1.33,2.0,1.33,1
327,CAKES_PACK,22,3345,1,4,0,0,0,0,CAKES~2#:#PACK~3,11.0#:#7.33,11.0,7.33,1
328,CAKES_GRAM,2,3345,0,4,0,0,0,0,CAKES~2#:#GRAM~2,1.0#:#1.0,1.0,1.0,1
329,BUTTER_PEANUT,13,3345,1,4,0,0,0,0,BUTTER~2#:#PEANUT~2,6.5#:#6.5,6.5,6.5,1
330,BUTTER_SANDWICH,2,3345,1,4,0,0,0,0,BUTTER~2#:#SANDWICH~2,1.0#:#1.0,1.0,1.0,1
331,COOKIES_PEANUT,3,3345,0,4,0,0,0,0,COOKIES~2#:#PEANUT~2,1.5#:#1.5,1.5,1.5,1
332,COOKIES_SANDWICH,3,3345,0,4,0,0,0,0,COOKIES~2#:#SANDWICH~2,1.5#:#1.5,1.5,1.5,1
333,BRITANNIA_CLASSIC,6,3345,0,4,0,0,0,0,BRITANNIA~3#:#CLASSIC~2,2.0#:#3.0,3.0,2.0,1
334,BRITANNIA_CRACKERS,9,3345,0,4,0,0,0,0,BRITANNIA~3#:#CRACKERS~2,3.0#:#4.5,4.5,3.0,1
335,HIMALAYAN_NATURAL,3,3345,2,4,0,0,0,0,HIMALAYAN~2#:#NATURAL~2,1.5#:#1.5,1.5,1.5,1
336,HIMALAYAN_WATER,5,3345,2,4,0,0,0,0,HIMALAYAN~2#:#WATER~2,2.5#:#2.5,2.5,2.5,1
337,NATURAL_WATER,3,3345,2,4,0,0,0,0,NATURAL~2#:#WATER~2,1.5#:#1.5,1.5,1.5,1
338,COFFEE_DRINK,3,3345,1,4,0,0,0,0,COFFEE~2#:#DRINK~2,1.5#:#1.5,1.5,1.5,1
339,COFFEE_READY#TO,3,3345,1,4,0,0,0,0,COFFEE~2#:#READY#TO~2,1.5#:#1.5,1.5,1.5,1
340,DRINK_READY#TO,13,3345,0,4,0,0,0,0,DRINK~2#:#READY#TO~2,6.5#:#6.5,6.5,6.5,1
341,BEVERAGE_DRINK,11,3345,0,4,0,0,0,0,BEVERAGE~2#:#DRINK~2,5.5#:#5.5,5.5,5.5,1
342,BEVERAGE_ENERGY,2,3345,0,4,0,0,0,0,BEVERAGE~2#:#ENERGY~2,1.0#:#1.0,1.0,1.0,1
343,BEVERAGE_FREE,3,3345,1,4,0,0,0,0,BEVERAGE~2#:#FREE~2,1.5#:#1.5,1.5,1.5,1
344,BEVERAGE_RED,2,3345,1,4,0,0,0,0,BEVERAGE~2#:#RED~2,1.0#:#1.0,1.0,1.0,1
345,DRINK_ENERGY,5,3345,0,4,0,0,0,0,DRINK~2#:#ENERGY~2,2.5#:#2.5,2.5,2.5,1
346,DRINK_FREE,3,3345,1,4,0,0,0,0,DRINK~2#:#FREE~2,1.5#:#1.5,1.5,1.5,1
347,DRINK_LOW,4,3345,0,4,0,0,0,0,DRINK~2#:#LOW~2,2.0#:#2.0,2.0,2.0,1
348,DRINK_RED,2,3345,1,4,0,0,0,0,DRINK~2#:#RED~2,1.0#:#1.0,1.0,1.0,1
349,DRINK_SUGAR,7,3345,1,4,0,0,0,0,DRINK~2#:#SUGAR~2,3.5#:#3.5,3.5,3.5,1
350,ENERGY_RED,2,3345,1,4,0,0,0,0,ENERGY~2#:#RED~2,1.0#:#1.0,1.0,1.0,1
351,ENERGY_SUGAR,2,3345,1,4,0,0,0,0,ENERGY~2#:#SUGAR~2,1.0#:#1.0,1.0,1.0,1
352,FREE_LOW,3,3345,1,4,0,0,0,0,FREE~2#:#LOW~2,1.5#:#1.5,1.5,1.5,1
353,FREE_SUGAR,10,3345,2,4,0,0,0,0,FREE~2#:#SUGAR~2,5.0#:#5.0,5.0,5.0,1
354,LOW_SUGAR,3,3345,1,4,0,0,0,0,LOW~2#:#SUGAR~2,1.5#:#1.5,1.5,1.5,1
355,RED_SUGAR,2,3345,2,4,0,0,0,0,RED~2#:#SUGAR~2,1.0#:#1.0,1.0,1.0,1
356,DRINK_FLAVOUR,15,3345,1,4,0,0,0,0,DRINK~2#:#FLAVOUR~3,7.5#:#5.0,7.5,5.0,1
357,FLAVOUR_STRAWBERRY,10,3345,2,4,0,0,0,0,FLAVOUR~3#:#STRAWBERRY~2,3.33#:#5.0,5.0,3.33,1
358,BOAT#PAPER_FLAVOUR,5,3345,1,4,0,0,0,0,BOAT#PAPER~2#:#FLAVOUR~3,2.5#:#1.67,2.5,1.67,1
359,DRINK_STRAWBERRY,2,3345,1,4,0,0,0,0,DRINK~2#:#STRAWBERRY~2,1.0#:#1.0,1.0,1.0,1
360,BOAT#PAPER_DRINK,9,3345,0,4,0,0,0,0,BOAT#PAPER~2#:#DRINK~2,4.5#:#4.5,4.5,4.5,1
361,BOAT#PAPER_STRAWBERRY,2,3345,1,4,0,0,0,0,BOAT#PAPER~2#:#STRAWBERRY~2,1.0#:#1.0,1.0,1.0,1
362,ENERGY_FLAVOUR,2,3345,1,4,0,0,0,0,ENERGY~2#:#FLAVOUR~3,1.0#:#0.67,1.0,0.67,0
363,BEVERAGE_FLAVOUR,12,3345,1,4,0,0,0,0,BEVERAGE~2#:#FLAVOUR~3,6.0#:#4.0,6.0,4.0,1
364,FLAVOUR_RED,2,3345,2,4,0,0,0,0,FLAVOUR~3#:#RED~2,0.67#:#1.0,1.0,0.67,0
365,FLAVOUR_LEMON,9,3345,2,4,0,0,0,0,FLAVOUR~3#:#LEMON~2,3.0#:#4.5,4.5,3.0,1
366,DRINK_LEMON,4,3345,1,4,0,0,0,0,DRINK~2#:#LEMON~2,2.0#:#2.0,2.0,2.0,1
367,DRINK_GOLD,3,3345,0,4,0,0,0,0,DRINK~2#:#GOLD~2,1.5#:#1.5,1.5,1.5,1
368,DRINK_ICED,7,3345,0,4,0,0,0,0,DRINK~2#:#ICED~2,3.5#:#3.5,3.5,3.5,1
369,DRINK_SWEET,4,3345,1,4,0,0,0,0,DRINK~2#:#SWEET~2,2.0#:#2.0,2.0,2.0,1
370,DRINK_TATA,5,3345,0,4,0,0,0,0,DRINK~2#:#TATA~2,2.5#:#2.5,2.5,2.5,1
371,DRINK_TEA,7,3345,1,4,0,0,0,0,DRINK~2#:#TEA~2,3.5#:#3.5,3.5,3.5,1
372,DRINK_ZERO,5,3345,0,4,0,0,0,0,DRINK~2#:#ZERO~2,2.5#:#2.5,2.5,2.5,1
373,GOLD_ICED,2,3345,0,4,0,0,0,0,GOLD~2#:#ICED~2,1.0#:#1.0,1.0,1.0,1
374,GOLD_SUGAR,2,3345,1,4,0,0,0,0,GOLD~2#:#SUGAR~2,1.0#:#1.0,1.0,1.0,1
375,GOLD_SWEET,2,3345,1,4,0,0,0,0,GOLD~2#:#SWEET~2,1.0#:#1.0,1.0,1.0,1
376,GOLD_TATA,3,3345,0,4,0,0,0,0,GOLD~2#:#TATA~2,1.5#:#1.5,1.5,1.5,1
377,GOLD_TEA,3,3345,1,4,0,0,0,0,GOLD~2#:#TEA~2,1.5#:#1.5,1.5,1.5,1
378,GOLD_READY#TO,3,3345,0,4,0,0,0,0,GOLD~2#:#READY#TO~2,1.5#:#1.5,1.5,1.5,1
379,ICED_SUGAR,2,3345,1,4,0,0,0,0,ICED~2#:#SUGAR~2,1.0#:#1.0,1.0,1.0,1
380,ICED_SWEET,2,3345,1,4,0,0,0,0,ICED~2#:#SWEET~2,1.0#:#1.0,1.0,1.0,1
381,ICED_TATA,4,3345,0,4,0,0,0,0,ICED~2#:#TATA~2,2.0#:#2.0,2.0,2.0,1
382,ICED_TEA,9,3345,1,4,0,0,0,0,ICED~2#:#TEA~2,4.5#:#4.5,4.5,4.5,1
383,ICED_READY#TO,5,3345,0,4,0,0,0,0,ICED~2#:#READY#TO~2,2.5#:#2.5,2.5,2.5,1
384,SUGAR_SWEET,3,3345,2,4,0,0,0,0,SUGAR~2#:#SWEET~2,1.5#:#1.5,1.5,1.5,1
385,SUGAR_ZERO,13,3345,1,4,0,0,0,0,SUGAR~2#:#ZERO~2,6.5#:#6.5,6.5,6.5,1
386,READY#TO_SUGAR,3,3345,1,4,0,0,0,0,READY#TO~2#:#SUGAR~2,1.5#:#1.5,1.5,1.5,1
387,SWEET_TATA,2,3345,1,4,0,0,0,0,SWEET~2#:#TATA~2,1.0#:#1.0,1.0,1.0,1
388,SWEET_TEA,2,3345,2,4,0,0,0,0,SWEET~2#:#TEA~2,1.0#:#1.0,1.0,1.0,1
389,SWEET_ZERO,2,3345,1,4,0,0,0,0,SWEET~2#:#ZERO~2,1.0#:#1.0,1.0,1.0,1
390,READY#TO_SWEET,3,3345,1,4,0,0,0,0,READY#TO~2#:#SWEET~2,1.5#:#1.5,1.5,1.5,1
391,TATA_TEA,4,3345,1,4,0,0,0,0,TATA~2#:#TEA~2,2.0#:#2.0,2.0,2.0,1
392,READY#TO_TATA,5,3345,0,4,0,0,0,0,READY#TO~2#:#TATA~2,2.5#:#2.5,2.5,2.5,1
393,READY#TO_TEA,5,3345,1,4,0,0,0,0,READY#TO~2#:#TEA~2,2.5#:#2.5,2.5,2.5,1
394,BLUEBERRY_FLAVOUR,4,3345,1,4,0,0,0,0,BLUEBERRY~2#:#FLAVOUR~3,2.0#:#1.33,2.0,1.33,1
395,FLAVOUR_GREEN,5,3345,1,4,0,0,0,0,FLAVOUR~3#:#GREEN~2,1.67#:#2.5,2.5,1.67,1
396,FLAVOUR_TEA,3,3345,2,4,0,0,0,0,FLAVOUR~3#:#TEA~2,1.0#:#1.5,1.5,1.0,1
397,BEVERAGE_GREEN,2,3345,0,4,0,0,0,0,BEVERAGE~2#:#GREEN~2,1.0#:#1.0,1.0,1.0,1
398,BEVERAGE_TEA,3,3345,1,4,0,0,0,0,BEVERAGE~2#:#TEA~2,1.5#:#1.5,1.5,1.5,1
399,GREEN_TEA,3,3345,1,4,0,0,0,0,GREEN~2#:#TEA~2,1.5#:#1.5,1.5,1.5,1
400,FLAVOUR_ICED,8,3345,1,4,0,0,0,0,FLAVOUR~3#:#ICED~2,2.67#:#4.0,4.0,2.67,1
401,FLAVOUR_PEACH,2,3345,2,4,0,0,0,0,FLAVOUR~3#:#PEACH~2,0.67#:#1.0,1.0,0.67,0
402,FLAVOUR_READY#TO,3,3345,1,4,0,0,0,0,FLAVOUR~3#:#READY#TO~2,1.0#:#1.5,1.5,1.0,1
403,DRINK_PEACH,2,3345,1,4,0,0,0,0,DRINK~2#:#PEACH~2,1.0#:#1.0,1.0,1.0,1
404,DRINK_SWEETENED,3,3345,0,4,0,0,0,0,DRINK~2#:#SWEETENED~2,1.5#:#1.5,1.5,1.5,1
405,ICED_PEACH,2,3345,1,4,0,0,0,0,ICED~2#:#PEACH~2,1.0#:#1.0,1.0,1.0,1
406,ICED_SWEETENED,2,3345,0,4,0,0,0,0,ICED~2#:#SWEETENED~2,1.0#:#1.0,1.0,1.0,1
407,PEACH_TEA,2,3345,2,4,0,0,0,0,PEACH~2#:#TEA~2,1.0#:#1.0,1.0,1.0,1
408,SWEETENED_TEA,4,3345,1,4,0,0,0,0,SWEETENED~2#:#TEA~2,2.0#:#2.0,2.0,2.0,1
409,READY#TO_SWEETENED,3,3345,0,4,0,0,0,0,READY#TO~2#:#SWEETENED~2,1.5#:#1.5,1.5,1.5,1
410,NATURAL_ORGANIC,6,3345,1,4,0,0,0,0,NATURAL~2#:#ORGANIC~3,3.0#:#2.0,3.0,2.0,1
411,ORGANIC_PURE,4,3345,0,4,0,0,0,0,ORGANIC~3#:#PURE~2,1.33#:#2.0,2.0,1.33,1
412,ORGANIC_SWEETENED,3,3345,0,4,0,0,0,0,ORGANIC~3#:#SWEETENED~2,1.0#:#1.5,1.5,1.0,1
413,NATURAL_PURE,2,3345,1,4,0,0,0,0,NATURAL~2#:#PURE~2,1.0#:#1.0,1.0,1.0,1
414,NATURAL_SWEETENED,6,3345,1,4,0,0,0,0,NATURAL~2#:#SWEETENED~2,3.0#:#3.0,3.0,3.0,1
415,FRUIT_KISSAN,2,3345,0,4,0,0,0,0,FRUIT~2#:#KISSAN~2,1.0#:#1.0,1.0,1.0,1
416,FRUIT_SPREAD,2,3345,0,4,0,0,0,0,FRUIT~2#:#SPREAD~2,1.0#:#1.0,1.0,1.0,1
417,FRUIT_STRAWBERRY,5,3345,1,4,0,0,0,0,FRUIT~2#:#STRAWBERRY~2,2.5#:#2.5,2.5,2.5,1
418,FRUIT_SWEET,4,3345,1,4,0,0,0,0,FRUIT~2#:#SWEET~2,2.0#:#2.0,2.0,2.0,1
419,SPREAD_STRAWBERRY,3,3345,1,4,0,0,0,0,SPREAD~2#:#STRAWBERRY~2,1.5#:#1.5,1.5,1.5,1
420,MANTRA_ORGANIC,18,3345,0,4,0,0,0,0,MANTRA~2#:#ORGANIC~3,9.0#:#6.0,9.0,6.0,1
421,FRUIT_ORGANIC,3,3345,0,4,0,0,0,0,FRUIT~2#:#ORGANIC~3,1.5#:#1.0,1.5,1.0,1
422,CHILLI_SAUCE,4,3345,0,4,0,0,0,0,CHILLI~2#:#SAUCE~2,2.0#:#2.0,2.0,2.0,1
423,CHILLI_SPICY,7,3345,0,4,0,0,0,0,CHILLI~2#:#SPICY~2,3.5#:#3.5,3.5,3.5,1
424,CHILLI_VEEBA,9,3345,0,4,0,0,0,0,CHILLI~2#:#VEEBA~2,4.5#:#4.5,4.5,4.5,1
425,SAUCE_SPICY,2,3345,0,4,0,0,0,0,SAUCE~2#:#SPICY~2,1.0#:#1.0,1.0,1.0,1
426,SAUCE_VEEBA,16,3345,0,4,0,0,0,0,SAUCE~2#:#VEEBA~2,8.0#:#8.0,8.0,8.0,1
427,SPICY_VEEBA,6,3345,0,4,0,0,0,0,SPICY~2#:#VEEBA~2,3.0#:#3.0,3.0,3.0,1
428,COOKIES_FLAVOUR,3,3345,1,4,0,0,0,0,COOKIES~2#:#FLAVOUR~3,1.5#:#1.0,1.5,1.0,1
429,FLAVOUR_MARINADE,2,3345,1,4,0,0,0,0,FLAVOUR~3#:#MARINADE~2,0.67#:#1.0,1.0,0.67,0
430,FLAVOUR_VEEBA,4,3345,1,4,0,0,0,0,FLAVOUR~3#:#VEEBA~2,1.33#:#2.0,2.0,1.33,1
431,MARINADE_VEEBA,2,3345,0,4,0,0,0,0,MARINADE~2#:#VEEBA~2,1.0#:#1.0,1.0,1.0,1
432,BLEND_MIX,3,3345,0,4,0,0,0,0,BLEND~2#:#MIX~2,1.5#:#1.5,1.5,1.5,1
433,BLEND_SEASONING,2,3345,0,4,0,0,0,0,BLEND~2#:#SEASONING~2,1.0#:#1.0,1.0,1.0,1
434,BLEND_SPICY,3,3345,0,4,0,0,0,0,BLEND~2#:#SPICY~2,1.5#:#1.5,1.5,1.5,1
435,BLEND_TATA,3,3345,0,4,0,0,0,0,BLEND~2#:#TATA~2,1.5#:#1.5,1.5,1.5,1
436,FREE_GLUTEN,12,3345,1,4,0,0,0,0,FREE~2#:#GLUTEN~2,6.0#:#6.0,6.0,6.0,1
437,FREE_MIX,5,3345,1,4,0,0,0,0,FREE~2#:#MIX~2,2.5#:#2.5,2.5,2.5,1
438,FREE_SPICY,2,3345,1,4,0,0,0,0,FREE~2#:#SPICY~2,1.0#:#1.0,1.0,1.0,1
439,GLUTEN_MIX,4,3345,0,4,0,0,0,0,GLUTEN~2#:#MIX~2,2.0#:#2.0,2.0,2.0,1
440,KEYA_MIX,7,3345,0,4,0,0,0,0,KEYA~2#:#MIX~2,3.5#:#3.5,3.5,3.5,1
441,KEYA_SEASONING,7,3345,0,4,0,0,0,0,KEYA~2#:#SEASONING~2,3.5#:#3.5,3.5,3.5,1
442,KEYA_TATA,4,3345,0,4,0,0,0,0,KEYA~2#:#TATA~2,2.0#:#2.0,2.0,2.0,1
443,MIX_SEASONING,10,3345,0,4,0,0,0,0,MIX~2#:#SEASONING~2,5.0#:#5.0,5.0,5.0,1
444,MIX_SPICY,4,3345,0,4,0,0,0,0,MIX~2#:#SPICY~2,2.0#:#2.0,2.0,2.0,1
445,MIX_TATA,6,3345,0,4,0,0,0,0,MIX~2#:#TATA~2,3.0#:#3.0,3.0,3.0,1
446,SEASONING_SPICY,2,3345,0,4,0,0,0,0,SEASONING~2#:#SPICY~2,1.0#:#1.0,1.0,1.0,1
447,SEASONING_TATA,5,3345,0,4,0,0,0,0,SEASONING~2#:#TATA~2,2.5#:#2.5,2.5,2.5,1
448,SPICY_TATA,3,3345,0,4,0,0,0,0,SPICY~2#:#TATA~2,1.5#:#1.5,1.5,1.5,1
449,CHILLI_EXTRA,2,3345,1,4,0,0,0,0,CHILLI~2#:#EXTRA~2,1.0#:#1.0,1.0,1.0,1
450,CHILLI_HOT,4,3345,1,4,0,0,0,0,CHILLI~2#:#HOT~2,2.0#:#2.0,2.0,2.0,1
451,EXTRA_HOT,2,3345,2,4,0,0,0,0,EXTRA~2#:#HOT~2,1.0#:#1.0,1.0,1.0,1
452,HOT_SAUCE,5,3345,1,4,0,0,0,0,HOT~2#:#SAUCE~2,2.5#:#2.5,2.5,2.5,1
453,HOT_SPICY,2,3345,1,4,0,0,0,0,HOT~2#:#SPICY~2,1.0#:#1.0,1.0,1.0,1
454,HOT_VEEBA,4,3345,1,4,0,0,0,0,HOT~2#:#VEEBA~2,2.0#:#2.0,2.0,2.0,1
455,FLAVOUR_GROUND,4,3345,1,4,0,0,0,0,FLAVOUR~3#:#GROUND~2,1.33#:#2.0,2.0,1.33,1
456,FLAVOUR_WITH,4,3345,2,4,0,0,0,0,FLAVOUR~3#:#WITH~2,1.33#:#2.0,2.0,1.33,1
457,VEEBA_WITH,2,3345,1,4,0,0,0,0,VEEBA~2#:#WITH~2,1.0#:#1.0,1.0,1.0,1
458,AND_FLAVOUR,2,3345,1,4,0,0,0,0,AND~2#:#FLAVOUR~3,1.0#:#0.67,1.0,0.67,0
459,FLAVOUR_RICH,6,3345,1,4,0,0,0,0,FLAVOUR~3#:#RICH~2,2.0#:#3.0,3.0,2.0,1
460,AND_RICH,3,3345,0,4,0,0,0,0,AND~2#:#RICH~2,1.5#:#1.5,1.5,1.5,1
461,AND_VEEBA,2,3345,0,4,0,0,0,0,AND~2#:#VEEBA~2,1.0#:#1.0,1.0,1.0,1
462,DIP_RANCH,4,3345,0,4,0,0,0,0,DIP~2#:#RANCH~2,2.0#:#2.0,2.0,2.0,1
463,KEYA_RANCH,3,3345,0,4,0,0,0,0,KEYA~2#:#RANCH~2,1.5#:#1.5,1.5,1.5,1
464,MIX_RANCH,4,3345,0,4,0,0,0,0,MIX~2#:#RANCH~2,2.0#:#2.0,2.0,2.0,1
465,DRESSING_RANCH,5,3345,0,4,0,0,0,0,DRESSING~2#:#RANCH~2,2.5#:#2.5,2.5,2.5,1
466,DRESSING_VEEBA,10,3345,0,4,0,0,0,0,DRESSING~2#:#VEEBA~2,5.0#:#5.0,5.0,5.0,1
467,RANCH_VEEBA,3,3345,0,4,0,0,0,0,RANCH~2#:#VEEBA~2,1.5#:#1.5,1.5,1.5,1
468,DRESSING_KEYA,2,3345,0,4,0,0,0,0,DRESSING~2#:#KEYA~2,1.0#:#1.0,1.0,1.0,1
469,DRESSING_MIX,3,3345,0,4,0,0,0,0,DRESSING~2#:#MIX~2,1.5#:#1.5,1.5,1.5,1
470,JALAPENO_PEPPERS,4,3345,0,4,0,0,0,0,JALAPENO~2#:#PEPPERS~2,2.0#:#2.0,2.0,2.0,1
471,JALAPENO_SLICED,3,3345,0,4,0,0,0,0,JALAPENO~2#:#SLICED~2,1.5#:#1.5,1.5,1.5,1
472,JALAPENO_SPICY,2,3345,0,4,0,0,0,0,JALAPENO~2#:#SPICY~2,1.0#:#1.0,1.0,1.0,1
473,JALAPENO_VEEBA,4,3345,0,4,0,0,0,0,JALAPENO~2#:#VEEBA~2,2.0#:#2.0,2.0,2.0,1
474,PEPPERS_PICKLED,2,3345,0,4,0,0,0,0,PEPPERS~2#:#PICKLED~2,1.0#:#1.0,1.0,1.0,1
475,PEPPERS_SLICED,4,3345,0,4,0,0,0,0,PEPPERS~2#:#SLICED~2,2.0#:#2.0,2.0,2.0,1
476,PEPPERS_SPICY,6,3345,0,4,0,0,0,0,PEPPERS~2#:#SPICY~2,3.0#:#3.0,3.0,3.0,1
477,PEPPERS_VEEBA,3,3345,0,4,0,0,0,0,PEPPERS~2#:#VEEBA~2,1.5#:#1.5,1.5,1.5,1
478,PEPPERS_VEGETABLE,2,3345,0,4,0,0,0,0,PEPPERS~2#:#VEGETABLE~2,1.0#:#1.0,1.0,1.0,1
479,PICKLED_SLICED,3,3345,0,4,0,0,0,0,PICKLED~2#:#SLICED~2,1.5#:#1.5,1.5,1.5,1
480,PICKLED_SPICY,3,3345,0,4,0,0,0,0,PICKLED~2#:#SPICY~2,1.5#:#1.5,1.5,1.5,1
481,PICKLED_VEEBA,4,3345,0,4,0,0,0,0,PICKLED~2#:#VEEBA~2,2.0#:#2.0,2.0,2.0,1
482,PICKLED_VEGETABLE,3,3345,0,4,0,0,0,0,PICKLED~2#:#VEGETABLE~2,1.5#:#1.5,1.5,1.5,1
483,SLICED_SPICY,2,3345,0,4,0,0,0,0,SLICED~2#:#SPICY~2,1.0#:#1.0,1.0,1.0,1
484,SLICED_VEEBA,2,3345,0,4,0,0,0,0,SLICED~2#:#VEEBA~2,1.0#:#1.0,1.0,1.0,1
485,SPICY_VEGETABLE,2,3345,0,4,0,0,0,0,SPICY~2#:#VEGETABLE~2,1.0#:#1.0,1.0,1.0,1
486,VEEBA_VEGETABLE,3,3345,0,4,0,0,0,0,VEEBA~2#:#VEGETABLE~2,1.5#:#1.5,1.5,1.5,1
487,DICED_MILD,2,3345,0,4,0,0,0,0,DICED~2#:#MILD~2,1.0#:#1.0,1.0,1.0,1
488,DICED_VEEBA,3,3345,0,4,0,0,0,0,DICED~2#:#VEEBA~2,1.5#:#1.5,1.5,1.5,1
489,MILD_PEPPERS,3,3345,0,4,0,0,0,0,MILD~2#:#PEPPERS~2,1.5#:#1.5,1.5,1.5,1
490,MILD_VEEBA,2,3345,0,4,0,0,0,0,MILD~2#:#VEEBA~2,1.0#:#1.0,1.0,1.0,1
491,PICKLED_PRESERVED,2,3345,0,4,0,0,0,0,PICKLED~2#:#PRESERVED~2,1.0#:#1.0,1.0,1.0,1
492,BABY_CUCUMBERS,2,3345,1,4,0,0,0,0,BABY~2#:#CUCUMBERS~2,1.0#:#1.0,1.0,1.0,1
493,BABY_DEL,4,3345,1,4,0,0,0,0,BABY~2#:#DEL~2,2.0#:#2.0,2.0,2.0,1
494,BABY_MONTE,3,3345,1,4,0,0,0,0,BABY~2#:#MONTE~2,1.5#:#1.5,1.5,1.5,1
495,BABY_PICKLED,3,3345,1,4,0,0,0,0,BABY~2#:#PICKLED~2,1.5#:#1.5,1.5,1.5,1
496,CUCUMBERS_DEL,4,3345,0,4,0,0,0,0,CUCUMBERS~2#:#DEL~2,2.0#:#2.0,2.0,2.0,1
497,CUCUMBERS_MONTE,3,3345,0,4,0,0,0,0,CUCUMBERS~2#:#MONTE~2,1.5#:#1.5,1.5,1.5,1
498,CUCUMBERS_PICKLED,3,3345,0,4,0,0,0,0,CUCUMBERS~2#:#PICKLED~2,1.5#:#1.5,1.5,1.5,1
499,DEL_MONTE,35,3345,0,4,0,0,0,0,DEL~2#:#MONTE~2,17.5#:#17.5,17.5,17.5,1
500,DEL_PICKLED,6,3345,0,4,0,0,0,0,DEL~2#:#PICKLED~2,3.0#:#3.0,3.0,3.0,1
501,MONTE_PICKLED,5,3345,0,4,0,0,0,0,MONTE~2#:#PICKLED~2,2.5#:#2.5,2.5,2.5,1
502,DEL_STYLE,2,3345,0,4,0,0,0,0,DEL~2#:#STYLE~2,1.0#:#1.0,1.0,1.0,1
503,PICKLED_STYLE,2,3345,0,4,0,0,0,0,PICKLED~2#:#STYLE~2,1.0#:#1.0,1.0,1.0,1
504,FLAVOUR_WATER,3,3345,2,4,0,0,0,0,FLAVOUR~3#:#WATER~2,1.0#:#1.5,1.5,1.0,1
505,BERRY_DRINK,3,3345,1,4,0,0,0,0,BERRY~2#:#DRINK~2,1.5#:#1.5,1.5,1.5,1
506,COKE_PACK,2,3345,1,4,0,0,0,0,COKE~2#:#PACK~3,1.0#:#0.67,1.0,0.67,0
507,DRINK_PACK,4,3345,1,4,0,0,0,0,DRINK~2#:#PACK~3,2.0#:#1.33,2.0,1.33,1
508,PACK_SOFT,17,3345,1,4,0,0,0,0,PACK~3#:#SOFT~2,5.67#:#8.5,8.5,5.67,1
509,CANS_DRINK,4,3345,0,4,0,0,0,0,CANS~2#:#DRINK~2,2.0#:#2.0,2.0,2.0,1
510,DRINK_SOFT,12,3345,0,4,0,0,0,0,DRINK~2#:#SOFT~2,6.0#:#6.0,6.0,6.0,1
511,CANS_SOFT,2,3345,0,4,0,0,0,0,CANS~2#:#SOFT~2,1.0#:#1.0,1.0,1.0,1
512,FLAVOUR_SOFT,6,3345,1,4,0,0,0,0,FLAVOUR~3#:#SOFT~2,2.0#:#3.0,3.0,2.0,1
513,BOTTLE_PACK,4,3345,2,4,0,0,0,0,BOTTLE~2#:#PACK~3,2.0#:#1.33,2.0,1.33,1
514,LEMON_PACK,5,3345,2,4,0,0,0,0,LEMON~2#:#PACK~3,2.5#:#1.67,2.5,1.67,1
515,BOTTLE_DRINK,6,3345,1,4,0,0,0,0,BOTTLE~2#:#DRINK~2,3.0#:#3.0,3.0,3.0,1
516,BOTTLE_SOFT,5,3345,1,4,0,0,0,0,BOTTLE~2#:#SOFT~2,2.5#:#2.5,2.5,2.5,1
517,COLA_FLAVOUR,3,3345,1,4,0,0,0,0,COLA~2#:#FLAVOUR~3,1.5#:#1.0,1.5,1.0,1
518,FLAVOUR_SUGAR,5,3345,2,4,0,0,0,0,FLAVOUR~3#:#SUGAR~2,1.67#:#2.5,2.5,1.67,1
519,FLAVOUR_VANILLA,9,3345,2,4,0,0,0,0,FLAVOUR~3#:#VANILLA~2,3.0#:#4.5,4.5,3.0,1
520,COLA_DRINK,2,3345,0,4,0,0,0,0,COLA~2#:#DRINK~2,1.0#:#1.0,1.0,1.0,1
521,DRINK_VANILLA,4,3345,1,4,0,0,0,0,DRINK~2#:#VANILLA~2,2.0#:#2.0,2.0,2.0,1
522,SUGAR_VANILLA,4,3345,2,4,0,0,0,0,SUGAR~2#:#VANILLA~2,2.0#:#2.0,2.0,2.0,1
523,VANILLA_ZERO,2,3345,1,4,0,0,0,0,VANILLA~2#:#ZERO~2,1.0#:#1.0,1.0,1.0,1
524,BOAT#PAPER_VANILLA,2,3345,1,4,0,0,0,0,BOAT#PAPER~2#:#VANILLA~2,1.0#:#1.0,1.0,1.0,1
525,CHIPS_POTATO,3,3345,0,4,0,0,0,0,CHIPS~2#:#POTATO~2,1.5#:#1.5,1.5,1.5,1
526,POTATO_SALT,2,3345,1,4,0,0,0,0,POTATO~2#:#SALT~2,1.0#:#1.0,1.0,1.0,1
527,CHEESE_TOO#YUMM,3,3345,0,4,0,0,0,0,CHEESE~3#:#TOO#YUMM~2,1.0#:#1.5,1.5,1.0,1
528,CORN_TOO#YUMM,3,3345,0,4,0,0,0,0,CORN~2#:#TOO#YUMM~2,1.5#:#1.5,1.5,1.5,1
529,CHIPS_CREAMY,2,3345,1,4,0,0,0,0,CHIPS~2#:#CREAMY~3,1.0#:#0.67,1.0,0.67,0
530,CREAMY_ONION,5,3345,1,4,0,0,0,0,CREAMY~3#:#ONION~2,1.67#:#2.5,2.5,1.67,1
531,CREAMY_SOUR,14,3345,1,4,0,0,0,0,CREAMY~3#:#SOUR~2,4.67#:#7.0,7.0,4.67,1
532,CHIPS_CORN,2,3345,0,4,0,0,0,0,CHIPS~2#:#CORN~2,1.0#:#1.0,1.0,1.0,1
533,CHIPS_TOO#YUMM,10,3345,0,4,0,0,0,0,CHIPS~2#:#TOO#YUMM~2,5.0#:#5.0,5.0,5.0,1
534,MIX_SNACK,2,3345,0,4,0,0,0,0,MIX~2#:#SNACK~3,1.0#:#0.67,1.0,0.67,0
535,CHIPS_FLAVOUR,2,3345,1,4,0,0,0,0,CHIPS~2#:#FLAVOUR~3,1.0#:#0.67,1.0,0.67,0
536,FLAVOUR_SPICY,7,3345,1,4,0,0,0,0,FLAVOUR~3#:#SPICY~2,2.33#:#3.5,3.5,2.33,1
537,CHIPS_SPICY,2,3345,0,4,0,0,0,0,CHIPS~2#:#SPICY~2,1.0#:#1.0,1.0,1.0,1
538,CHIPS_TORTILLA,5,3345,0,4,0,0,0,0,CHIPS~2#:#TORTILLA~2,2.5#:#2.5,2.5,2.5,1
539,ALMOND_HAPPILO,2,3345,1,4,0,0,0,0,ALMOND~2#:#HAPPILO~2,1.0#:#1.0,1.0,1.0,1
540,PEANUT_ROASTED,3,3345,0,4,0,0,0,0,PEANUT~2#:#ROASTED~2,1.5#:#1.5,1.5,1.5,1
541,PEANUT_SALTED,3,3345,0,4,0,0,0,0,PEANUT~2#:#SALTED~2,1.5#:#1.5,1.5,1.5,1
542,ROASTED_SALTED,4,3345,0,4,0,0,0,0,ROASTED~2#:#SALTED~2,2.0#:#2.0,2.0,2.0,1
543,BROWN_ORGANIC,4,3345,1,4,0,0,0,0,BROWN~2#:#ORGANIC~3,2.0#:#1.33,2.0,1.33,1
544,ORGANIC_RICH,3,3345,0,4,0,0,0,0,ORGANIC~3#:#RICH~2,1.0#:#1.5,1.5,1.0,1
545,BROWN_MANTRA,2,3345,1,4,0,0,0,0,BROWN~2#:#MANTRA~2,1.0#:#1.0,1.0,1.0,1
546,BROWN_RICH,4,3345,1,4,0,0,0,0,BROWN~2#:#RICH~2,2.0#:#2.0,2.0,2.0,1
547,BAR_SNACK,4,3345,0,4,0,0,0,0,BAR~2#:#SNACK~3,2.0#:#1.33,2.0,1.33,1
548,AND_SNACK,11,3345,0,4,0,0,0,0,AND~2#:#SNACK~3,5.5#:#3.67,5.5,3.67,1
549,SNACK_SWEET,4,3345,1,4,0,0,0,0,SNACK~3#:#SWEET~2,1.33#:#2.0,2.0,1.33,1
550,BAR_PROTEIN,10,3345,0,4,0,0,0,0,BAR~2#:#PROTEIN~2,5.0#:#5.0,5.0,5.0,1
551,AND_BAR,3,3345,0,4,0,0,0,0,AND~2#:#BAR~2,1.5#:#1.5,1.5,1.5,1
552,AND_PROTEIN,3,3345,0,4,0,0,0,0,AND~2#:#PROTEIN~2,1.5#:#1.5,1.5,1.5,1
553,AND_SALT,5,3345,1,4,0,0,0,0,AND~2#:#SALT~2,2.5#:#2.5,2.5,2.5,1
554,SALT_SWEET,2,3345,2,4,0,0,0,0,SALT~2#:#SWEET~2,1.0#:#1.0,1.0,1.0,1
555,AND_SWEET,11,3345,1,4,0,0,0,0,AND~2#:#SWEET~2,5.5#:#5.5,5.5,5.5,1
556,FRUIT_SNACK,5,3345,0,4,0,0,0,0,FRUIT~2#:#SNACK~3,2.5#:#1.67,2.5,1.67,1
557,NATURAL_SNACK,3,3345,1,4,0,0,0,0,NATURAL~2#:#SNACK~3,1.5#:#1.0,1.5,1.0,1
558,SNACK_YOGA,3,3345,0,4,0,0,0,0,SNACK~3#:#YOGA~2,1.0#:#1.5,1.5,1.0,1
559,BAR_FRUIT,3,3345,0,4,0,0,0,0,BAR~2#:#FRUIT~2,1.5#:#1.5,1.5,1.5,1
560,BAR_NATURAL,3,3345,1,4,0,0,0,0,BAR~2#:#NATURAL~2,1.5#:#1.5,1.5,1.5,1
561,BAR_YOGA,13,3345,0,4,0,0,0,0,BAR~2#:#YOGA~2,6.5#:#6.5,6.5,6.5,1
562,FRUIT_NATURAL,5,3345,1,4,0,0,0,0,FRUIT~2#:#NATURAL~2,2.5#:#2.5,2.5,2.5,1
563,AND_FRUIT,6,3345,0,4,0,0,0,0,AND~2#:#FRUIT~2,3.0#:#3.0,3.0,3.0,1
564,FRUIT_YOGA,2,3345,0,4,0,0,0,0,FRUIT~2#:#YOGA~2,1.0#:#1.0,1.0,1.0,1
565,AND_NATURAL,3,3345,1,4,0,0,0,0,AND~2#:#NATURAL~2,1.5#:#1.5,1.5,1.5,1
566,NATURAL_YOGA,3,3345,1,4,0,0,0,0,NATURAL~2#:#YOGA~2,1.5#:#1.5,1.5,1.5,1
567,BREAKFAST_FLAVOUR,3,3345,1,4,0,0,0,0,BREAKFAST~2#:#FLAVOUR~3,1.5#:#1.0,1.5,1.0,1
568,BAR_STRAWBERRY,2,3345,1,4,0,0,0,0,BAR~2#:#STRAWBERRY~2,1.0#:#1.0,1.0,1.0,1
569,FLAVOUR_SNACK,12,3345,1,4,0,0,0,0,FLAVOUR~3#:#SNACK~3,4.0#:#4.0,4.0,4.0,1
570,FLAVOUR_FRUIT,4,3345,1,4,0,0,0,0,FLAVOUR~3#:#FRUIT~2,1.33#:#2.0,2.0,1.33,1
571,FLAVOUR_MIXED,2,3345,1,4,0,0,0,0,FLAVOUR~3#:#MIXED~2,0.67#:#1.0,1.0,0.67,0
572,PACK_SNACK,39,3345,1,4,0,0,0,0,PACK~3#:#SNACK~3,13.0#:#13.0,13.0,13.0,1
573,FRUIT_PACK,11,3345,1,4,0,0,0,0,FRUIT~2#:#PACK~3,5.5#:#3.67,5.5,3.67,1
574,PACK_ROLLS,17,3345,1,4,0,0,0,0,PACK~3#:#ROLLS~2,5.67#:#8.5,8.5,5.67,1
575,MIXED_PACK,8,3345,1,4,0,0,0,0,MIXED~2#:#PACK~3,4.0#:#2.67,4.0,2.67,1
576,BOAT#PAPER_PACK,2,3345,1,4,0,0,0,0,BOAT#PAPER~2#:#PACK~3,1.0#:#0.67,1.0,0.67,0
577,ROLLS_SNACK,3,3345,0,4,0,0,0,0,ROLLS~2#:#SNACK~3,1.5#:#1.0,1.5,1.0,1
578,MIXED_SNACK,2,3345,0,4,0,0,0,0,MIXED~2#:#SNACK~3,1.0#:#0.67,1.0,0.67,0
579,BOAT#PAPER_SNACK,2,3345,0,4,0,0,0,0,BOAT#PAPER~2#:#SNACK~3,1.0#:#0.67,1.0,0.67,0
580,FRUIT_ROLLS,2,3345,0,4,0,0,0,0,FRUIT~2#:#ROLLS~2,1.0#:#1.0,1.0,1.0,1
581,FRUIT_MIXED,12,3345,0,4,0,0,0,0,FRUIT~2#:#MIXED~2,6.0#:#6.0,6.0,6.0,1
582,BOAT#PAPER_FRUIT,4,3345,0,4,0,0,0,0,BOAT#PAPER~2#:#FRUIT~2,2.0#:#2.0,2.0,2.0,1
583,BOAT#PAPER_MIXED,5,3345,0,4,0,0,0,0,BOAT#PAPER~2#:#MIXED~2,2.5#:#2.5,2.5,2.5,1
584,NATURAL_PACK,2,3345,2,4,0,0,0,0,NATURAL~2#:#PACK~3,1.0#:#0.67,1.0,0.67,0
585,BAR_PACK,7,3345,1,4,0,0,0,0,BAR~2#:#PACK~3,3.5#:#2.33,3.5,2.33,1
586,PACK_STRAWBERRY,8,3345,2,4,0,0,0,0,PACK~3#:#STRAWBERRY~2,2.67#:#4.0,4.0,2.67,1
587,PACK_YOGA,4,3345,1,4,0,0,0,0,PACK~3#:#YOGA~2,1.33#:#2.0,2.0,1.33,1
588,SNACK_STRAWBERRY,4,3345,1,4,0,0,0,0,SNACK~3#:#STRAWBERRY~2,1.33#:#2.0,2.0,1.33,1
589,NATURAL_STRAWBERRY,2,3345,2,4,0,0,0,0,NATURAL~2#:#STRAWBERRY~2,1.0#:#1.0,1.0,1.0,1
590,BREAKFAST_OATS,4,3345,0,4,0,0,0,0,BREAKFAST~2#:#OATS~2,2.0#:#2.0,2.0,2.0,1
591,BREAKFAST_PLAIN,3,3345,0,4,0,0,0,0,BREAKFAST~2#:#PLAIN~2,1.5#:#1.5,1.5,1.5,1
592,INSTANT_OATS,3,3345,0,4,0,0,0,0,INSTANT~2#:#OATS~2,1.5#:#1.5,1.5,1.5,1
593,AND_BREAKFAST,3,3345,0,4,0,0,0,0,AND~2#:#BREAKFAST~2,1.5#:#1.5,1.5,1.5,1
594,AND_OATS,2,3345,0,4,0,0,0,0,AND~2#:#OATS~2,1.0#:#1.0,1.0,1.0,1
595,DESSERT_MIX,2,3345,0,4,0,0,0,0,DESSERT~2#:#MIX~2,1.0#:#1.0,1.0,1.0,1
596,DESSERT_POWDER,2,3345,1,4,0,0,0,0,DESSERT~2#:#POWDER~2,1.0#:#1.0,1.0,1.0,1
597,DESSERT_VANILLA,3,3345,1,4,0,0,0,0,DESSERT~2#:#VANILLA~2,1.5#:#1.5,1.5,1.5,1
598,MIX_POWDER,4,3345,1,4,0,0,0,0,MIX~2#:#POWDER~2,2.0#:#2.0,2.0,2.0,1
599,AND_CREAMY,11,3345,1,4,0,0,0,0,AND~2#:#CREAMY~3,5.5#:#3.67,5.5,3.67,1
600,CREAMY_DESSERT,10,3345,1,4,0,0,0,0,CREAMY~3#:#DESSERT~2,3.33#:#5.0,5.0,3.33,1
601,CREAMY_ICED,5,3345,1,4,0,0,0,0,CREAMY~3#:#ICED~2,1.67#:#2.5,2.5,1.67,1
602,AND_DESSERT,2,3345,0,4,0,0,0,0,AND~2#:#DESSERT~2,1.0#:#1.0,1.0,1.0,1
603,AND_FOR,3,3345,1,4,0,0,0,0,AND~2#:#FOR~2,1.5#:#1.5,1.5,1.5,1
604,AND_SYRUP,2,3345,0,4,0,0,0,0,AND~2#:#SYRUP~2,1.0#:#1.0,1.0,1.0,1
605,DESSERT_FOR,2,3345,1,4,0,0,0,0,DESSERT~2#:#FOR~2,1.0#:#1.0,1.0,1.0,1
606,DESSERT_ICED,2,3345,0,4,0,0,0,0,DESSERT~2#:#ICED~2,1.0#:#1.0,1.0,1.0,1
607,DESSERT_SYRUP,2,3345,0,4,0,0,0,0,DESSERT~2#:#SYRUP~2,1.0#:#1.0,1.0,1.0,1
608,FOR_ICED,3,3345,1,4,0,0,0,0,FOR~2#:#ICED~2,1.5#:#1.5,1.5,1.5,1
609,DRY_INSTANT,2,3345,1,4,0,0,0,0,DRY~2#:#INSTANT~2,1.0#:#1.0,1.0,1.0,1
610,APPLE_BAKE,2,3345,1,4,0,0,0,0,APPLE~2#:#BAKE~2,1.0#:#1.0,1.0,1.0,1
611,APPLE_CINNAMON,3,3345,1,4,0,0,0,0,APPLE~2#:#CINNAMON~2,1.5#:#1.5,1.5,1.5,1
612,APPLE_MIX,2,3345,1,4,0,0,0,0,APPLE~2#:#MIX~2,1.0#:#1.0,1.0,1.0,1
613,APPLE_READY#TO,2,3345,1,4,0,0,0,0,APPLE~2#:#READY#TO~2,1.0#:#1.0,1.0,1.0,1
614,BAKE_MIX,3,3345,0,4,0,0,0,0,BAKE~2#:#MIX~2,1.5#:#1.5,1.5,1.5,1
615,BAKE_MUFFIN,3,3345,0,4,0,0,0,0,BAKE~2#:#MUFFIN~2,1.5#:#1.5,1.5,1.5,1
616,BAKE_PILLSBURY,6,3345,0,4,0,0,0,0,BAKE~2#:#PILLSBURY~2,3.0#:#3.0,3.0,3.0,1
617,BAKE_READY#TO,8,3345,0,4,0,0,0,0,BAKE~2#:#READY#TO~2,4.0#:#4.0,4.0,4.0,1
618,CINNAMON_PILLSBURY,2,3345,0,4,0,0,0,0,CINNAMON~2#:#PILLSBURY~2,1.0#:#1.0,1.0,1.0,1
619,MIX_MUFFIN,3,3345,0,4,0,0,0,0,MIX~2#:#MUFFIN~2,1.5#:#1.5,1.5,1.5,1
620,MIX_PILLSBURY,6,3345,0,4,0,0,0,0,MIX~2#:#PILLSBURY~2,3.0#:#3.0,3.0,3.0,1
621,MIX_READY#TO,5,3345,0,4,0,0,0,0,MIX~2#:#READY#TO~2,2.5#:#2.5,2.5,2.5,1
622,MUFFIN_PILLSBURY,3,3345,0,4,0,0,0,0,MUFFIN~2#:#PILLSBURY~2,1.5#:#1.5,1.5,1.5,1
623,MUFFIN_READY#TO,3,3345,0,4,0,0,0,0,MUFFIN~2#:#READY#TO~2,1.5#:#1.5,1.5,1.5,1
624,PILLSBURY_READY#TO,6,3345,0,4,0,0,0,0,PILLSBURY~2#:#READY#TO~2,3.0#:#3.0,3.0,3.0,1
625,FLAVOUR_MIX,2,3345,1,4,0,0,0,0,FLAVOUR~3#:#MIX~2,0.67#:#1.0,1.0,0.67,0
626,CADBURY_COCOA,8,3345,0,4,0,0,0,0,CADBURY~2#:#COCOA~2,4.0#:#4.0,4.0,4.0,1
627,COCOA_HOT,2,3345,1,4,0,0,0,0,COCOA~2#:#HOT~2,1.0#:#1.0,1.0,1.0,1
628,COCOA_MIX,5,3345,0,4,0,0,0,0,COCOA~2#:#MIX~2,2.5#:#2.5,2.5,2.5,1
629,CADBURY_HOT,3,3345,1,4,0,0,0,0,CADBURY~2#:#HOT~2,1.5#:#1.5,1.5,1.5,1
630,CADBURY_MIX,5,3345,0,4,0,0,0,0,CADBURY~2#:#MIX~2,2.5#:#2.5,2.5,2.5,1
631,HOT_MIX,2,3345,1,4,0,0,0,0,HOT~2#:#MIX~2,1.0#:#1.0,1.0,1.0,1
632,HOT_WITH,2,3345,2,4,0,0,0,0,HOT~2#:#WITH~2,1.0#:#1.0,1.0,1.0,1
633,CHIPS_CHOCOLATE,6,3345,0,4,0,0,0,0,CHIPS~2#:#CHOCOLATE~2,3.0#:#3.0,3.0,3.0,1
634,CHIPS_MUFFIN,3,3345,0,4,0,0,0,0,CHIPS~2#:#MUFFIN~2,1.5#:#1.5,1.5,1.5,1
635,CHIPS_PILLSBURY,2,3345,0,4,0,0,0,0,CHIPS~2#:#PILLSBURY~2,1.0#:#1.0,1.0,1.0,1
636,CHOCOLATE_MIX,7,3345,0,4,0,0,0,0,CHOCOLATE~2#:#MIX~2,3.5#:#3.5,3.5,3.5,1
637,CHOCOLATE_MUFFIN,3,3345,0,4,0,0,0,0,CHOCOLATE~2#:#MUFFIN~2,1.5#:#1.5,1.5,1.5,1
638,CHOCOLATE_PILLSBURY,4,3345,0,4,0,0,0,0,CHOCOLATE~2#:#PILLSBURY~2,2.0#:#2.0,2.0,2.0,1
639,CHOCOLATE_READY#TO,4,3345,0,4,0,0,0,0,CHOCOLATE~2#:#READY#TO~2,2.0#:#2.0,2.0,2.0,1
640,BLEND_PREMIUM,2,3345,0,4,0,0,0,0,BLEND~2#:#PREMIUM~2,1.0#:#1.0,1.0,1.0,1
641,PREMIUM_SPICY,2,3345,0,4,0,0,0,0,PREMIUM~2#:#SPICY~2,1.0#:#1.0,1.0,1.0,1
642,COOKIES_ORGANIC,2,3345,0,4,0,0,0,0,COOKIES~2#:#ORGANIC~3,1.0#:#0.67,1.0,0.67,0
643,OIL_ORGANIC,2,3345,1,4,0,0,0,0,OIL~2#:#ORGANIC~3,1.0#:#0.67,1.0,0.67,0
644,COCONUT_ORGANIC,2,3345,1,4,0,0,0,0,COCONUT~2#:#ORGANIC~3,1.0#:#0.67,1.0,0.67,0
645,COOKIES_MANTRA,2,3345,0,4,0,0,0,0,COOKIES~2#:#MANTRA~2,1.0#:#1.0,1.0,1.0,1
646,COOKIES_OIL,2,3345,1,4,0,0,0,0,COOKIES~2#:#OIL~2,1.0#:#1.0,1.0,1.0,1
647,MANTRA_OIL,2,3345,1,4,0,0,0,0,MANTRA~2#:#OIL~2,1.0#:#1.0,1.0,1.0,1
648,COCONUT_MANTRA,2,3345,1,4,0,0,0,0,COCONUT~2#:#MANTRA~2,1.0#:#1.0,1.0,1.0,1
649,COCONUT_OIL,2,3345,2,4,0,0,0,0,COCONUT~2#:#OIL~2,1.0#:#1.0,1.0,1.0,1
650,ORGANIC_PREMIUM,7,3345,0,4,0,0,0,0,ORGANIC~3#:#PREMIUM~2,2.33#:#3.5,3.5,2.33,1
651,NATURAL_RAW,2,3345,1,4,0,0,0,0,NATURAL~2#:#RAW~2,1.0#:#1.0,1.0,1.0,1
652,NATURAL_SUGAR,4,3345,2,4,0,0,0,0,NATURAL~2#:#SUGAR~2,2.0#:#2.0,2.0,2.0,1
653,RAW_SUGAR,2,3345,1,4,0,0,0,0,RAW~2#:#SUGAR~2,1.0#:#1.0,1.0,1.0,1
654,SUGAR_SWEETENED,3,3345,1,4,0,0,0,0,SUGAR~2#:#SWEETENED~2,1.5#:#1.5,1.5,1.5,1
655,INDIA_ORGANIC,18,3345,0,4,0,0,0,0,INDIA~2#:#ORGANIC~3,9.0#:#6.0,9.0,6.0,1
656,BLEND_ORGANIC,3,3345,0,4,0,0,0,0,BLEND~2#:#ORGANIC~3,1.5#:#1.0,1.5,1.0,1
657,ORGANIC_TEA,2,3345,1,4,0,0,0,0,ORGANIC~3#:#TEA~2,0.67#:#1.0,1.0,0.67,0
658,INDIA_TEA,2,3345,1,4,0,0,0,0,INDIA~2#:#TEA~2,1.0#:#1.0,1.0,1.0,1
659,BLEND_COFFEE,7,3345,1,4,0,0,0,0,BLEND~2#:#COFFEE~2,3.5#:#3.5,3.5,3.5,1
660,BLEND_GROUND,4,3345,0,4,0,0,0,0,BLEND~2#:#GROUND~2,2.0#:#2.0,2.0,2.0,1
661,BLEND_ROASTED,3,3345,0,4,0,0,0,0,BLEND~2#:#ROASTED~2,1.5#:#1.5,1.5,1.5,1
662,COFFEE_FRENCH,4,3345,1,4,0,0,0,0,COFFEE~2#:#FRENCH~2,2.0#:#2.0,2.0,2.0,1
663,COFFEE_GROUND,8,3345,1,4,0,0,0,0,COFFEE~2#:#GROUND~2,4.0#:#4.0,4.0,4.0,1
664,COFFEE_ROASTED,6,3345,1,4,0,0,0,0,COFFEE~2#:#ROASTED~2,3.0#:#3.0,3.0,3.0,1
665,GROUND_ROASTED,3,3345,0,4,0,0,0,0,GROUND~2#:#ROASTED~2,1.5#:#1.5,1.5,1.5,1
666,COFFEE_FLAVOUR,15,3345,2,4,0,0,0,0,COFFEE~2#:#FLAVOUR~3,7.5#:#5.0,7.5,5.0,1
667,BLEND_FLAVOUR,2,3345,1,4,0,0,0,0,BLEND~2#:#FLAVOUR~3,1.0#:#0.67,1.0,0.67,0
668,FLAVOUR_TATA,2,3345,1,4,0,0,0,0,FLAVOUR~3#:#TATA~2,0.67#:#1.0,1.0,0.67,0
669,COFFEE_HOUSE,2,3345,1,4,0,0,0,0,COFFEE~2#:#HOUSE~2,1.0#:#1.0,1.0,1.0,1
670,COFFEE_RICH,3,3345,1,4,0,0,0,0,COFFEE~2#:#RICH~2,1.5#:#1.5,1.5,1.5,1
671,COFFEE_TATA,6,3345,1,4,0,0,0,0,COFFEE~2#:#TATA~2,3.0#:#3.0,3.0,3.0,1
672,BLEND_HOUSE,2,3345,0,4,0,0,0,0,BLEND~2#:#HOUSE~2,1.0#:#1.0,1.0,1.0,1
673,GROUND_HOUSE,2,3345,0,4,0,0,0,0,GROUND~2#:#HOUSE~2,1.0#:#1.0,1.0,1.0,1
674,GROUND_RICH,3,3345,0,4,0,0,0,0,GROUND~2#:#RICH~2,1.5#:#1.5,1.5,1.5,1
675,GROUND_TATA,3,3345,0,4,0,0,0,0,GROUND~2#:#TATA~2,1.5#:#1.5,1.5,1.5,1
676,HOUSE_TATA,2,3345,0,4,0,0,0,0,HOUSE~2#:#TATA~2,1.0#:#1.0,1.0,1.0,1
677,RICH_TATA,2,3345,0,4,0,0,0,0,RICH~2#:#TATA~2,1.0#:#1.0,1.0,1.0,1
678,COFFEE_VANILLA,5,3345,2,4,0,0,0,0,COFFEE~2#:#VANILLA~2,2.5#:#2.5,2.5,2.5,1
679,FRENCH_VANILLA,3,3345,1,4,0,0,0,0,FRENCH~2#:#VANILLA~2,1.5#:#1.5,1.5,1.5,1
680,CLASSIC_DONUT,3,3345,0,4,0,0,0,0,CLASSIC~2#:#DONUT~2,1.5#:#1.5,1.5,1.5,1
681,CHOCOLATE_FLAVOUR,6,3345,1,4,0,0,0,0,CHOCOLATE~2#:#FLAVOUR~3,3.0#:#2.0,3.0,2.0,1
682,CHOCOLATE_RICH,5,3345,0,4,0,0,0,0,CHOCOLATE~2#:#RICH~2,2.5#:#2.5,2.5,2.5,1
683,BEVERAGE_CADBURY,3,3345,0,4,0,0,0,0,BEVERAGE~2#:#CADBURY~2,1.5#:#1.5,1.5,1.5,1
684,BEVERAGE_CHOCOLATE,5,3345,0,4,0,0,0,0,BEVERAGE~2#:#CHOCOLATE~2,2.5#:#2.5,2.5,2.5,1
685,BEVERAGE_COCOA,3,3345,0,4,0,0,0,0,BEVERAGE~2#:#COCOA~2,1.5#:#1.5,1.5,1.5,1
686,BEVERAGE_MIX,3,3345,0,4,0,0,0,0,BEVERAGE~2#:#MIX~2,1.5#:#1.5,1.5,1.5,1
687,BEVERAGE_POWDER,4,3345,1,4,0,0,0,0,BEVERAGE~2#:#POWDER~2,2.0#:#2.0,2.0,2.0,1
688,CADBURY_CHOCOLATE,5,3345,0,4,0,0,0,0,CADBURY~2#:#CHOCOLATE~2,2.5#:#2.5,2.5,2.5,1
689,CADBURY_DRINK,4,3345,0,4,0,0,0,0,CADBURY~2#:#DRINK~2,2.0#:#2.0,2.0,2.0,1
690,CADBURY_POWDER,4,3345,1,4,0,0,0,0,CADBURY~2#:#POWDER~2,2.0#:#2.0,2.0,2.0,1
691,CHOCOLATE_COCOA,3,3345,0,4,0,0,0,0,CHOCOLATE~2#:#COCOA~2,1.5#:#1.5,1.5,1.5,1
692,CHOCOLATE_DRINK,11,3345,0,4,0,0,0,0,CHOCOLATE~2#:#DRINK~2,5.5#:#5.5,5.5,5.5,1
693,CHOCOLATE_POWDER,3,3345,1,4,0,0,0,0,CHOCOLATE~2#:#POWDER~2,1.5#:#1.5,1.5,1.5,1
694,COCOA_DRINK,4,3345,0,4,0,0,0,0,COCOA~2#:#DRINK~2,2.0#:#2.0,2.0,2.0,1
695,COCOA_POWDER,4,3345,1,4,0,0,0,0,COCOA~2#:#POWDER~2,2.0#:#2.0,2.0,2.0,1
696,DRINK_MIX,4,3345,0,4,0,0,0,0,DRINK~2#:#MIX~2,2.0#:#2.0,2.0,2.0,1
697,DRINK_POWDER,4,3345,1,4,0,0,0,0,DRINK~2#:#POWDER~2,2.0#:#2.0,2.0,2.0,1
698,BEVERAGE_RICH,4,3345,0,4,0,0,0,0,BEVERAGE~2#:#RICH~2,2.0#:#2.0,2.0,2.0,1
699,CHOCOLATE_MINT,8,3345,1,4,0,0,0,0,CHOCOLATE~2#:#MINT~2,4.0#:#4.0,4.0,4.0,1
700,DRINK_RICH,2,3345,0,4,0,0,0,0,DRINK~2#:#RICH~2,1.0#:#1.0,1.0,1.0,1
701,MINT_POWDER,3,3345,2,4,0,0,0,0,MINT~2#:#POWDER~2,1.5#:#1.5,1.5,1.5,1
702,MIX_RICH,2,3345,0,4,0,0,0,0,MIX~2#:#RICH~2,1.0#:#1.0,1.0,1.0,1
703,AMUL_MILD,24,3345,0,4,0,0,0,0,AMUL~3#:#MILD~2,8.0#:#12.0,12.0,8.0,1
704,CRANBERRY_JUICE,4,3345,0,4,0,0,0,0,CRANBERRY~2#:#JUICE~2,2.0#:#2.0,2.0,2.0,1
705,CRANBERRY_REAL,4,3345,0,4,0,0,0,0,CRANBERRY~2#:#REAL~2,2.0#:#2.0,2.0,2.0,1
706,JUICE_RASPBERRY,2,3345,0,4,0,0,0,0,JUICE~2#:#RASPBERRY~2,1.0#:#1.0,1.0,1.0,1
707,JUICE_REAL,24,3345,0,4,0,0,0,0,JUICE~2#:#REAL~2,12.0#:#12.0,12.0,12.0,1
708,RASPBERRY_REAL,3,3345,0,4,0,0,0,0,RASPBERRY~2#:#REAL~2,1.5#:#1.5,1.5,1.5,1
709,JUICE_LOW,2,3345,0,4,0,0,0,0,JUICE~2#:#LOW~2,1.0#:#1.0,1.0,1.0,1
710,LOW_REAL,2,3345,0,4,0,0,0,0,LOW~2#:#REAL~2,1.0#:#1.0,1.0,1.0,1
711,LOW_VEGETABLE,2,3345,0,4,0,0,0,0,LOW~2#:#VEGETABLE~2,1.0#:#1.0,1.0,1.0,1
712,CHOCOLATE_FAT,5,3345,0,4,0,0,0,0,CHOCOLATE~2#:#FAT~2,2.5#:#2.5,2.5,2.5,1
713,CHOCOLATE_LOW,5,3345,0,4,0,0,0,0,CHOCOLATE~2#:#LOW~2,2.5#:#2.5,2.5,2.5,1
714,CHOCOLATE_MILD,11,3345,0,4,0,0,0,0,CHOCOLATE~2#:#MILD~2,5.5#:#5.5,5.5,5.5,1
715,CHOCOLATE_NESTLE,2,3345,0,4,0,0,0,0,CHOCOLATE~2#:#NESTLE~2,1.0#:#1.0,1.0,1.0,1
716,FAT_LOW,21,3345,0,4,0,0,0,0,FAT~2#:#LOW~2,10.5#:#10.5,10.5,10.5,1
717,FAT_MILD,12,3345,0,4,0,0,0,0,FAT~2#:#MILD~2,6.0#:#6.0,6.0,6.0,1
718,FAT_NESTLE,3,3345,0,4,0,0,0,0,FAT~2#:#NESTLE~2,1.5#:#1.5,1.5,1.5,1
719,LOW_MILD,6,3345,0,4,0,0,0,0,LOW~2#:#MILD~2,3.0#:#3.0,3.0,3.0,1
720,LOW_NESTLE,3,3345,0,4,0,0,0,0,LOW~2#:#NESTLE~2,1.5#:#1.5,1.5,1.5,1
721,MILD_NESTLE,2,3345,0,4,0,0,0,0,MILD~2#:#NESTLE~2,1.0#:#1.0,1.0,1.0,1
722,BORGES_PASTA,8,3345,0,4,0,0,0,0,BORGES~2#:#PASTA~2,4.0#:#4.0,4.0,4.0,1
723,COOKIES_FOR,3,3345,1,4,0,0,0,0,COOKIES~2#:#FOR~2,1.5#:#1.5,1.5,1.5,1
724,COOKIES_PASTA,2,3345,0,4,0,0,0,0,COOKIES~2#:#PASTA~2,1.0#:#1.0,1.0,1.0,1
725,FOR_PASTA,2,3345,1,4,0,0,0,0,FOR~2#:#PASTA~2,1.0#:#1.0,1.0,1.0,1
726,KISSAN_SAUCE,7,3345,0,4,0,0,0,0,KISSAN~2#:#SAUCE~2,3.5#:#3.5,3.5,3.5,1
727,KISSAN_TOMATO,3,3345,0,4,0,0,0,0,KISSAN~2#:#TOMATO~2,1.5#:#1.5,1.5,1.5,1
728,PASTA_SAUCE,8,3345,0,4,0,0,0,0,PASTA~2#:#SAUCE~2,4.0#:#4.0,4.0,4.0,1
729,SAUCE_TOMATO,4,3345,0,4,0,0,0,0,SAUCE~2#:#TOMATO~2,2.0#:#2.0,2.0,2.0,1
730,CREAMY_SAUCE,2,3345,1,4,0,0,0,0,CREAMY~3#:#SAUCE~2,0.67#:#1.0,1.0,0.67,0
731,DEL_PASTA,9,3345,0,4,0,0,0,0,DEL~2#:#PASTA~2,4.5#:#4.5,4.5,4.5,1
732,DEL_SAUCE,6,3345,0,4,0,0,0,0,DEL~2#:#SAUCE~2,3.0#:#3.0,3.0,3.0,1
733,MONTE_PASTA,9,3345,0,4,0,0,0,0,MONTE~2#:#PASTA~2,4.5#:#4.5,4.5,4.5,1
734,MONTE_SAUCE,6,3345,0,4,0,0,0,0,MONTE~2#:#SAUCE~2,3.0#:#3.0,3.0,3.0,1
735,PASTA_WITH,5,3345,1,4,0,0,0,0,PASTA~2#:#WITH~2,2.5#:#2.5,2.5,2.5,1
736,TUNA_WATER,4,3345,1,4,0,0,0,0,TUNA~2#:#WATER~2,2.0#:#2.0,2.0,2.0,1
737,LIGHT_TUNA,2,3345,1,4,0,0,0,0,LIGHT~2#:#TUNA~2,1.0#:#1.0,1.0,1.0,1
738,LIGHT_WATER,2,3345,2,4,0,0,0,0,LIGHT~2#:#WATER~2,1.0#:#1.0,1.0,1.0,1
739,BOX_SOFT,2,3345,0,4,0,0,0,0,BOX~2#:#SOFT~2,1.0#:#1.0,1.0,1.0,1
740,CUP_PARTY,2,3345,0,4,0,0,0,0,CUP~2#:#PARTY~2,1.0#:#1.0,1.0,1.0,1
741,PARTY_PLATES,3,3345,0,4,0,0,0,0,PARTY~2#:#PLATES~2,1.5#:#1.5,1.5,1.5,1
742,CREAMY_CREAMY,6,3345,2,4,0,0,0,0,CREAMY~3#:#CREAMY~3,2.0#:#2.0,2.0,2.0,1
743,CREAMY_KNORR,5,3345,1,4,0,0,0,0,CREAMY~3#:#KNORR~2,1.67#:#2.5,2.5,1.67,1
744,CREAMY_MIX,2,3345,1,4,0,0,0,0,CREAMY~3#:#MIX~2,0.67#:#1.0,1.0,0.67,0
745,CREAMY_MUSHROOM,3,3345,1,4,0,0,0,0,CREAMY~3#:#MUSHROOM~2,1.0#:#1.5,1.5,1.0,1
746,COOKIES_KNORR,2,3345,0,4,0,0,0,0,COOKIES~2#:#KNORR~2,1.0#:#1.0,1.0,1.0,1
747,COOKIES_MIX,2,3345,0,4,0,0,0,0,COOKIES~2#:#MIX~2,1.0#:#1.0,1.0,1.0,1
748,COOKIES_SOUR,2,3345,0,4,0,0,0,0,COOKIES~2#:#SOUR~2,1.0#:#1.0,1.0,1.0,1
749,KNORR_MIX,2,3345,0,4,0,0,0,0,KNORR~2#:#MIX~2,1.0#:#1.0,1.0,1.0,1
750,KNORR_MUSHROOM,2,3345,0,4,0,0,0,0,KNORR~2#:#MUSHROOM~2,1.0#:#1.0,1.0,1.0,1
751,KNORR_SOUR,7,3345,0,4,0,0,0,0,KNORR~2#:#SOUR~2,3.5#:#3.5,3.5,3.5,1
752,MIX_SOUR,2,3345,0,4,0,0,0,0,MIX~2#:#SOUR~2,1.0#:#1.0,1.0,1.0,1
753,MUSHROOM_SOUR,2,3345,0,4,0,0,0,0,MUSHROOM~2#:#SOUR~2,1.0#:#1.0,1.0,1.0,1
754,CHICKEN_PACK,59,3345,1,4,0,0,0,0,CHICKEN~3#:#PACK~3,19.67#:#19.67,19.67,19.67,1
755,CHICKEN_KNORR,6,3345,0,4,0,0,0,0,CHICKEN~3#:#KNORR~2,2.0#:#3.0,3.0,2.0,1
756,CHICKEN_COOKIES,6,3345,0,4,0,0,0,0,CHICKEN~3#:#COOKIES~2,2.0#:#3.0,3.0,2.0,1
757,KNORR_PACK,2,3345,1,4,0,0,0,0,KNORR~2#:#PACK~3,1.0#:#0.67,1.0,0.67,0
758,CHICKEN_CREAMY,3,3345,1,4,0,0,0,0,CHICKEN~3#:#CREAMY~3,1.0#:#1.0,1.0,1.0,1
759,AND_CHICKEN,10,3345,0,4,0,0,0,0,AND~2#:#CHICKEN~3,5.0#:#3.33,5.0,3.33,1
760,CHICKEN_RICH,4,3345,0,4,0,0,0,0,CHICKEN~3#:#RICH~2,1.33#:#2.0,2.0,1.33,1
761,CHICKEN_SERVE,4,3345,0,4,0,0,0,0,CHICKEN~3#:#SERVE~2,1.33#:#2.0,2.0,1.33,1
762,CHICKEN_SOUR,5,3345,0,4,0,0,0,0,CHICKEN~3#:#SOUR~2,1.67#:#2.5,2.5,1.67,1
763,CHICKEN_READY#TO,31,3345,0,4,0,0,0,0,CHICKEN~3#:#READY#TO~2,10.33#:#15.5,15.5,10.33,1
764,CREAMY_RICH,6,3345,1,4,0,0,0,0,CREAMY~3#:#RICH~2,2.0#:#3.0,3.0,2.0,1
765,CREAMY_SERVE,6,3345,1,4,0,0,0,0,CREAMY~3#:#SERVE~2,2.0#:#3.0,3.0,2.0,1
766,CREAMY_READY#TO,4,3345,1,4,0,0,0,0,CREAMY~3#:#READY#TO~2,1.33#:#2.0,2.0,1.33,1
767,AND_SERVE,2,3345,0,4,0,0,0,0,AND~2#:#SERVE~2,1.0#:#1.0,1.0,1.0,1
768,AND_SOUR,4,3345,0,4,0,0,0,0,AND~2#:#SOUR~2,2.0#:#2.0,2.0,2.0,1
769,AND_READY#TO,4,3345,0,4,0,0,0,0,AND~2#:#READY#TO~2,2.0#:#2.0,2.0,2.0,1
770,KNORR_READY#TO,2,3345,0,4,0,0,0,0,KNORR~2#:#READY#TO~2,1.0#:#1.0,1.0,1.0,1
771,RICH_SOUR,3,3345,0,4,0,0,0,0,RICH~2#:#SOUR~2,1.5#:#1.5,1.5,1.5,1
772,READY#TO_RICH,5,3345,0,4,0,0,0,0,READY#TO~2#:#RICH~2,2.5#:#2.5,2.5,2.5,1
773,READY#TO_SERVE,3,3345,0,4,0,0,0,0,READY#TO~2#:#SERVE~2,1.5#:#1.5,1.5,1.5,1
774,READY#TO_SOUR,2,3345,0,4,0,0,0,0,READY#TO~2#:#SOUR~2,1.0#:#1.0,1.0,1.0,1
775,CHICKEN_COKE,19,3345,0,4,0,0,0,0,CHICKEN~3#:#COKE~2,6.33#:#9.5,9.5,6.33,1
776,CHICKEN_MIX,4,3345,0,4,0,0,0,0,CHICKEN~3#:#MIX~2,1.33#:#2.0,2.0,1.33,1
777,COKE_READY#TO,26,3345,0,4,0,0,0,0,COKE~2#:#READY#TO~2,13.0#:#13.0,13.0,13.0,1
778,INSTANT_MIX,4,3345,0,4,0,0,0,0,INSTANT~2#:#MIX~2,2.0#:#2.0,2.0,2.0,1
779,INSTANT_READY#TO,2,3345,0,4,0,0,0,0,INSTANT~2#:#READY#TO~2,1.0#:#1.0,1.0,1.0,1
780,FOR_PACK,4,3345,2,4,0,0,0,0,FOR~2#:#PACK~3,2.0#:#1.33,2.0,1.33,1
781,DRINK_FOR,4,3345,1,4,0,0,0,0,DRINK~2#:#FOR~2,2.0#:#2.0,2.0,2.0,1
782,BOTTLE_FOR,2,3345,2,4,0,0,0,0,BOTTLE~2#:#FOR~2,1.0#:#1.0,1.0,1.0,1
783,FOR_SOFT,3,3345,1,4,0,0,0,0,FOR~2#:#SOFT~2,1.5#:#1.5,1.5,1.5,1
784,BOTTLE_SINGLE,3,3345,1,4,0,0,0,0,BOTTLE~2#:#SINGLE~2,1.5#:#1.5,1.5,1.5,1
785,DRINK_SINGLE,2,3345,0,4,0,0,0,0,DRINK~2#:#SINGLE~2,1.0#:#1.0,1.0,1.0,1
786,SINGLE_SOFT,2,3345,0,4,0,0,0,0,SINGLE~2#:#SOFT~2,1.0#:#1.0,1.0,1.0,1
787,FOOD_SINGLE,2,3345,0,4,0,0,0,0,FOOD~2#:#SINGLE~2,1.0#:#1.0,1.0,1.0,1
788,AND_CAT,2,3345,0,4,0,0,0,0,AND~2#:#CAT~2,1.0#:#1.0,1.0,1.0,1
789,AND_FOOD,2,3345,0,4,0,0,0,0,AND~2#:#FOOD~2,1.0#:#1.0,1.0,1.0,1
790,AND_POTATO,3,3345,0,4,0,0,0,0,AND~2#:#POTATO~2,1.5#:#1.5,1.5,1.5,1
791,AND_TUNA,2,3345,0,4,0,0,0,0,AND~2#:#TUNA~2,1.0#:#1.0,1.0,1.0,1
792,AND_WET,2,3345,1,4,0,0,0,0,AND~2#:#WET~2,1.0#:#1.0,1.0,1.0,1
793,CAT_FOOD,10,3345,0,4,0,0,0,0,CAT~2#:#FOOD~2,5.0#:#5.0,5.0,5.0,1
794,CAT_TUNA,2,3345,0,4,0,0,0,0,CAT~2#:#TUNA~2,1.0#:#1.0,1.0,1.0,1
795,CAT_WET,7,3345,1,4,0,0,0,0,CAT~2#:#WET~2,3.5#:#3.5,3.5,3.5,1
796,FOOD_POTATO,2,3345,0,4,0,0,0,0,FOOD~2#:#POTATO~2,1.0#:#1.0,1.0,1.0,1
797,FOOD_SWEET,2,3345,1,4,0,0,0,0,FOOD~2#:#SWEET~2,1.0#:#1.0,1.0,1.0,1
798,FOOD_TUNA,2,3345,0,4,0,0,0,0,FOOD~2#:#TUNA~2,1.0#:#1.0,1.0,1.0,1
799,FOOD_WET,10,3345,1,4,0,0,0,0,FOOD~2#:#WET~2,5.0#:#5.0,5.0,5.0,1
800,POTATO_SWEET,6,3345,1,4,0,0,0,0,POTATO~2#:#SWEET~2,3.0#:#3.0,3.0,3.0,1
801,DROOLS_FLAVOUR,3,3345,1,4,0,0,0,0,DROOLS~2#:#FLAVOUR~3,1.5#:#1.0,1.5,1.0,1
802,CAT_FLAVOUR,2,3345,1,4,0,0,0,0,CAT~2#:#FLAVOUR~3,1.0#:#0.67,1.0,0.67,0
803,FLAVOUR_TREATS,3,3345,1,4,0,0,0,0,FLAVOUR~3#:#TREATS~2,1.0#:#1.5,1.5,1.0,1
804,CAT_DROOLS,3,3345,0,4,0,0,0,0,CAT~2#:#DROOLS~2,1.5#:#1.5,1.5,1.5,1
805,DROOLS_TREATS,3,3345,0,4,0,0,0,0,DROOLS~2#:#TREATS~2,1.5#:#1.5,1.5,1.5,1
806,CAT_TREATS,4,3345,0,4,0,0,0,0,CAT~2#:#TREATS~2,2.0#:#2.0,2.0,2.0,1
807,CAT_CHICKEN,6,3345,0,4,0,0,0,0,CAT~2#:#CHICKEN~3,3.0#:#2.0,3.0,2.0,1
808,CHICKEN_FOOD,11,3345,0,4,0,0,0,0,CHICKEN~3#:#FOOD~2,3.67#:#5.5,5.5,3.67,1
809,CHICKEN_WET,7,3345,1,4,0,0,0,0,CHICKEN~3#:#WET~2,2.33#:#3.5,3.5,2.33,1
810,CREAMY_SINGLE,5,3345,1,4,0,0,0,0,CREAMY~3#:#SINGLE~2,1.67#:#2.5,2.5,1.67,1
811,SERVE_SINGLE,12,3345,0,4,0,0,0,0,SERVE~2#:#SINGLE~2,6.0#:#6.0,6.0,6.0,1
812,DRY_FLAVOUR,2,3345,2,4,0,0,0,0,DRY~2#:#FLAVOUR~3,1.0#:#0.67,1.0,0.67,0
813,DOG_FLAVOUR,5,3345,1,4,0,0,0,0,DOG~2#:#FLAVOUR~3,2.5#:#1.67,2.5,1.67,1
814,FLAVOUR_FOOD,3,3345,1,4,0,0,0,0,FLAVOUR~3#:#FOOD~2,1.0#:#1.5,1.5,1.0,1
815,DOG_DRY,5,3345,1,4,0,0,0,0,DOG~2#:#DRY~2,2.5#:#2.5,2.5,2.5,1
816,DRY_FOOD,9,3345,1,4,0,0,0,0,DRY~2#:#FOOD~2,4.5#:#4.5,4.5,4.5,1
817,DOG_FOOD,10,3345,0,4,0,0,0,0,DOG~2#:#FOOD~2,5.0#:#5.0,5.0,5.0,1
818,DOG_DROOLS,7,3345,0,4,0,0,0,0,DOG~2#:#DROOLS~2,3.5#:#3.5,3.5,3.5,1
819,DOG_MINT,3,3345,1,4,0,0,0,0,DOG~2#:#MINT~2,1.5#:#1.5,1.5,1.5,1
820,DROOLS_DRY,2,3345,1,4,0,0,0,0,DROOLS~2#:#DRY~2,1.0#:#1.0,1.0,1.0,1
821,DROOLS_FOOD,7,3345,0,4,0,0,0,0,DROOLS~2#:#FOOD~2,3.5#:#3.5,3.5,3.5,1
822,CHICKEN_DROOLS,7,3345,0,4,0,0,0,0,CHICKEN~3#:#DROOLS~2,2.33#:#3.5,3.5,2.33,1
823,AND_PACK,8,3345,1,4,0,0,0,0,AND~2#:#PACK~3,4.0#:#2.67,4.0,2.67,1
824,FOOD_PACK,3,3345,1,4,0,0,0,0,FOOD~2#:#PACK~3,1.5#:#1.0,1.5,1.0,1
825,CAT_PACK,2,3345,1,4,0,0,0,0,CAT~2#:#PACK~3,1.0#:#0.67,1.0,0.67,0
826,PACK_VARIETY,3,3345,1,4,0,0,0,0,PACK~3#:#VARIETY~2,1.0#:#1.5,1.5,1.0,1
827,PACK_WET,2,3345,2,4,0,0,0,0,PACK~3#:#WET~2,0.67#:#1.0,1.0,0.67,0
828,AND_VARIETY,2,3345,0,4,0,0,0,0,AND~2#:#VARIETY~2,1.0#:#1.0,1.0,1.0,1
829,DROOLS_WET,3,3345,1,4,0,0,0,0,DROOLS~2#:#WET~2,1.5#:#1.5,1.5,1.5,1
830,CHICKEN_PREMIUM,15,3345,0,4,0,0,0,0,CHICKEN~3#:#PREMIUM~2,5.0#:#7.5,7.5,5.0,1
831,CAT_PREMIUM,2,3345,0,4,0,0,0,0,CAT~2#:#PREMIUM~2,1.0#:#1.0,1.0,1.0,1
832,DROOLS_PREMIUM,2,3345,0,4,0,0,0,0,DROOLS~2#:#PREMIUM~2,1.0#:#1.0,1.0,1.0,1
833,FOOD_PREMIUM,4,3345,0,4,0,0,0,0,FOOD~2#:#PREMIUM~2,2.0#:#2.0,2.0,2.0,1
834,PREMIUM_QUALITY,14,3345,0,4,0,0,0,0,PREMIUM~2#:#QUALITY~2,7.0#:#7.0,7.0,7.0,1
835,PREMIUM_WET,2,3345,1,4,0,0,0,0,PREMIUM~2#:#WET~2,1.0#:#1.0,1.0,1.0,1
836,CHICKEN_DOG,12,3345,0,4,0,0,0,0,CHICKEN~3#:#DOG~2,4.0#:#6.0,6.0,4.0,1
837,DOG_PREMIUM,2,3345,0,4,0,0,0,0,DOG~2#:#PREMIUM~2,1.0#:#1.0,1.0,1.0,1
838,DOG_WET,3,3345,1,4,0,0,0,0,DOG~2#:#WET~2,1.5#:#1.5,1.5,1.5,1
839,COMFORT_FREE,2,3345,2,4,0,0,0,0,COMFORT~2#:#FREE~2,1.0#:#1.0,1.0,1.0,1
840,LIQUID_ORIGINAL,2,3345,2,4,0,0,0,0,LIQUID~2#:#ORIGINAL~2,1.0#:#1.0,1.0,1.0,1
841,AND_CLEAR,2,3345,0,4,0,0,0,0,AND~2#:#CLEAR~2,1.0#:#1.0,1.0,1.0,1
842,AND_FREE,3,3345,1,4,0,0,0,0,AND~2#:#FREE~2,1.5#:#1.5,1.5,1.5,1
843,CLEAR_FREE,3,3345,1,4,0,0,0,0,CLEAR~2#:#FREE~2,1.5#:#1.5,1.5,1.5,1
844,CLEAR_LIQUID,3,3345,1,4,0,0,0,0,CLEAR~2#:#LIQUID~2,1.5#:#1.5,1.5,1.5,1
845,FREE_LIQUID,6,3345,2,4,0,0,0,0,FREE~2#:#LIQUID~2,3.0#:#3.0,3.0,3.0,1
846,BAGS_SIZE,4,3345,0,4,0,0,0,0,BAGS~2#:#SIZE~2,2.0#:#2.0,2.0,2.0,1
847,LARGE_SIZE,16,3345,0,4,0,0,0,0,LARGE~2#:#SIZE~2,8.0#:#8.0,8.0,8.0,1
848,FRESH_SPRAY,6,3345,2,4,0,0,0,0,FRESH~3#:#SPRAY~2,2.0#:#3.0,3.0,2.0,1
849,ALMOND_BAR,2,3345,1,4,0,0,0,0,ALMOND~2#:#BAR~2,1.0#:#1.0,1.0,1.0,1
850,CHOCOLATE_PROTEIN,8,3345,0,4,0,0,0,0,CHOCOLATE~2#:#PROTEIN~2,4.0#:#4.0,4.0,4.0,1
851,BAR_CHOCOLATE,5,3345,0,4,0,0,0,0,BAR~2#:#CHOCOLATE~2,2.5#:#2.5,2.5,2.5,1
852,JUICE_STRAWBERRY,3,3345,1,4,0,0,0,0,JUICE~2#:#STRAWBERRY~2,1.5#:#1.5,1.5,1.5,1
853,BAR_BUTTER,6,3345,1,4,0,0,0,0,BAR~2#:#BUTTER~2,3.0#:#3.0,3.0,3.0,1
854,BAR_PEANUT,6,3345,0,4,0,0,0,0,BAR~2#:#PEANUT~2,3.0#:#3.0,3.0,3.0,1
855,BUTTER_YOGA,3,3345,1,4,0,0,0,0,BUTTER~2#:#YOGA~2,1.5#:#1.5,1.5,1.5,1
856,PEANUT_YOGA,3,3345,0,4,0,0,0,0,PEANUT~2#:#YOGA~2,1.5#:#1.5,1.5,1.5,1
857,PLATES_URBAN,28,3345,0,4,0,0,0,0,PLATES~2#:#URBAN~2,14.0#:#14.0,14.0,14.0,1
858,COCONUT_MILD,2,3345,1,4,0,0,0,0,COCONUT~2#:#MILD~2,1.0#:#1.0,1.0,1.0,1
859,CHEESE_PASTA,6,3345,0,4,0,0,0,0,CHEESE~3#:#PASTA~2,2.0#:#3.0,3.0,2.0,1
860,KEYA_MEXICAN,2,3345,0,4,0,0,0,0,KEYA~2#:#MEXICAN~2,1.0#:#1.0,1.0,1.0,1
861,MEXICAN_SEASONING,3,3345,0,4,0,0,0,0,MEXICAN~2#:#SEASONING~2,1.5#:#1.5,1.5,1.5,1
862,DIP_MEXICAN,3,3345,0,4,0,0,0,0,DIP~2#:#MEXICAN~2,1.5#:#1.5,1.5,1.5,1
863,DIP_WINGREENS,12,3345,0,4,0,0,0,0,DIP~2#:#WINGREENS~2,6.0#:#6.0,6.0,6.0,1
864,MEXICAN_WINGREENS,2,3345,0,4,0,0,0,0,MEXICAN~2#:#WINGREENS~2,1.0#:#1.0,1.0,1.0,1
865,MEXICAN_SAUCE,2,3345,0,4,0,0,0,0,MEXICAN~2#:#SAUCE~2,1.0#:#1.0,1.0,1.0,1
866,MEXICAN_VEEBA,5,3345,0,4,0,0,0,0,MEXICAN~2#:#VEEBA~2,2.5#:#2.5,2.5,2.5,1
867,MEXICAN_TATA,2,3345,0,4,0,0,0,0,MEXICAN~2#:#TATA~2,1.0#:#1.0,1.0,1.0,1
868,CHILLI_RED,3,3345,1,4,0,0,0,0,CHILLI~2#:#RED~2,1.5#:#1.5,1.5,1.5,1
869,BEANS_CHILLI,3,3345,0,4,0,0,0,0,BEANS~2#:#CHILLI~2,1.5#:#1.5,1.5,1.5,1
870,BEANS_VEEBA,4,3345,0,4,0,0,0,0,BEANS~2#:#VEEBA~2,2.0#:#2.0,2.0,2.0,1
871,CHILLI_MIX,2,3345,0,4,0,0,0,0,CHILLI~2#:#MIX~2,1.0#:#1.0,1.0,1.0,1
872,MIX_VEEBA,4,3345,0,4,0,0,0,0,MIX~2#:#VEEBA~2,2.0#:#2.0,2.0,2.0,1
873,BAKE_SAUCE,2,3345,0,4,0,0,0,0,BAKE~2#:#SAUCE~2,1.0#:#1.0,1.0,1.0,1
874,BAKE_TOMATO,2,3345,0,4,0,0,0,0,BAKE~2#:#TOMATO~2,1.0#:#1.0,1.0,1.0,1
875,CHICKEN_EAT,7,3345,0,4,0,0,0,0,CHICKEN~3#:#EAT~2,2.33#:#3.5,3.5,2.33,1
876,CHICKEN_PRASUMA,29,3345,0,4,0,0,0,0,CHICKEN~3#:#PRASUMA~2,9.67#:#14.5,14.5,9.67,1
877,EAT_READY#TO,27,3345,0,4,0,0,0,0,EAT~2#:#READY#TO~2,13.5#:#13.5,13.5,13.5,1
878,CHICKEN_SNACK,33,3345,0,4,0,0,0,0,CHICKEN~3#:#SNACK~3,11.0#:#11.0,11.0,11.0,1
879,CHICKEN_FROZEN,38,3345,0,4,0,0,0,0,CHICKEN~3#:#FROZEN~2,12.67#:#19.0,19.0,12.67,1
880,CHICKEN_GODREJ,49,3345,0,4,0,0,0,0,CHICKEN~3#:#GODREJ~2,16.33#:#24.5,24.5,16.33,1
881,CHICKEN_YUMMIEZ,36,3345,0,4,0,0,0,0,CHICKEN~3#:#YUMMIEZ~2,12.0#:#18.0,18.0,12.0,1
882,FROZEN_SNACK,9,3345,0,4,0,0,0,0,FROZEN~2#:#SNACK~3,4.5#:#3.0,4.5,3.0,1
883,GODREJ_SNACK,7,3345,0,4,0,0,0,0,GODREJ~2#:#SNACK~3,3.5#:#2.33,3.5,2.33,1
884,SNACK_YUMMIEZ,6,3345,0,4,0,0,0,0,SNACK~3#:#YUMMIEZ~2,2.0#:#3.0,3.0,2.0,1
885,READY#TO_SNACK,2,3345,0,4,0,0,0,0,READY#TO~2#:#SNACK~3,1.0#:#0.67,1.0,0.67,0
886,FROZEN_GODREJ,12,3345,0,4,0,0,0,0,FROZEN~2#:#GODREJ~2,6.0#:#6.0,6.0,6.0,1
887,COKE_FROZEN,8,3345,0,4,0,0,0,0,COKE~2#:#FROZEN~2,4.0#:#4.0,4.0,4.0,1
888,FROZEN_YUMMIEZ,11,3345,0,4,0,0,0,0,FROZEN~2#:#YUMMIEZ~2,5.5#:#5.5,5.5,5.5,1
889,FROZEN_READY#TO,10,3345,0,4,0,0,0,0,FROZEN~2#:#READY#TO~2,5.0#:#5.0,5.0,5.0,1
890,COKE_GODREJ,6,3345,0,4,0,0,0,0,COKE~2#:#GODREJ~2,3.0#:#3.0,3.0,3.0,1
891,GODREJ_YUMMIEZ,39,3345,0,4,0,0,0,0,GODREJ~2#:#YUMMIEZ~2,19.5#:#19.5,19.5,19.5,1
892,GODREJ_READY#TO,12,3345,0,4,0,0,0,0,GODREJ~2#:#READY#TO~2,6.0#:#6.0,6.0,6.0,1
893,COKE_YUMMIEZ,6,3345,0,4,0,0,0,0,COKE~2#:#YUMMIEZ~2,3.0#:#3.0,3.0,3.0,1
894,READY#TO_YUMMIEZ,12,3345,0,4,0,0,0,0,READY#TO~2#:#YUMMIEZ~2,6.0#:#6.0,6.0,6.0,1
895,CHICKEN_ITALIAN,6,3345,0,4,0,0,0,0,CHICKEN~3#:#ITALIAN~2,2.0#:#3.0,3.0,2.0,1
896,CHICKEN_STYLE,41,3345,0,4,0,0,0,0,CHICKEN~3#:#STYLE~2,13.67#:#20.5,20.5,13.67,1
897,COKE_ITALIAN,2,3345,0,4,0,0,0,0,COKE~2#:#ITALIAN~2,1.0#:#1.0,1.0,1.0,1
898,COKE_STYLE,4,3345,0,4,0,0,0,0,COKE~2#:#STYLE~2,2.0#:#2.0,2.0,2.0,1
899,FROZEN_ITALIAN,5,3345,0,4,0,0,0,0,FROZEN~2#:#ITALIAN~2,2.5#:#2.5,2.5,2.5,1
900,FROZEN_STYLE,8,3345,0,4,0,0,0,0,FROZEN~2#:#STYLE~2,4.0#:#4.0,4.0,4.0,1
901,GODREJ_ITALIAN,3,3345,0,4,0,0,0,0,GODREJ~2#:#ITALIAN~2,1.5#:#1.5,1.5,1.5,1
902,GODREJ_STYLE,14,3345,0,4,0,0,0,0,GODREJ~2#:#STYLE~2,7.0#:#7.0,7.0,7.0,1
903,ITALIAN_STYLE,6,3345,0,4,0,0,0,0,ITALIAN~2#:#STYLE~2,3.0#:#3.0,3.0,3.0,1
904,ITALIAN_YUMMIEZ,3,3345,0,4,0,0,0,0,ITALIAN~2#:#YUMMIEZ~2,1.5#:#1.5,1.5,1.5,1
905,ITALIAN_READY#TO,2,3345,0,4,0,0,0,0,ITALIAN~2#:#READY#TO~2,1.0#:#1.0,1.0,1.0,1
906,STYLE_YUMMIEZ,14,3345,0,4,0,0,0,0,STYLE~2#:#YUMMIEZ~2,7.0#:#7.0,7.0,7.0,1
907,READY#TO_STYLE,12,3345,0,4,0,0,0,0,READY#TO~2#:#STYLE~2,6.0#:#6.0,6.0,6.0,1
908,BURGER_CHICKEN,8,3345,0,4,0,0,0,0,BURGER~2#:#CHICKEN~3,4.0#:#2.67,4.0,2.67,1
909,BURGER_COKE,3,3345,0,4,0,0,0,0,BURGER~2#:#COKE~2,1.5#:#1.5,1.5,1.5,1
910,BURGER_GODREJ,4,3345,0,4,0,0,0,0,BURGER~2#:#GODREJ~2,2.0#:#2.0,2.0,2.0,1
911,BURGER_YUMMIEZ,4,3345,0,4,0,0,0,0,BURGER~2#:#YUMMIEZ~2,2.0#:#2.0,2.0,2.0,1
912,BURGER_READY#TO,3,3345,0,4,0,0,0,0,BURGER~2#:#READY#TO~2,1.5#:#1.5,1.5,1.5,1
913,JUICE_READY#TO,2,3345,0,4,0,0,0,0,JUICE~2#:#READY#TO~2,1.0#:#1.0,1.0,1.0,1
914,CHEESE_CHICKEN,13,3345,0,4,0,0,0,0,CHEESE~3#:#CHICKEN~3,4.33#:#4.33,4.33,4.33,1
915,CHEESE_SNACK,25,3345,0,4,0,0,0,0,CHEESE~3#:#SNACK~3,8.33#:#8.33,8.33,8.33,1
916,CHEESE_JALAPENO,8,3345,0,4,0,0,0,0,CHEESE~3#:#JALAPENO~2,2.67#:#4.0,4.0,2.67,1
917,CHEESE_CRISPY,2,3345,0,4,0,0,0,0,CHEESE~3#:#CRISPY~2,0.67#:#1.0,1.0,0.67,0
918,CHICKEN_JALAPENO,2,3345,0,4,0,0,0,0,CHICKEN~3#:#JALAPENO~2,0.67#:#1.0,1.0,0.67,0
919,CHICKEN_CRISPY,4,3345,0,4,0,0,0,0,CHICKEN~3#:#CRISPY~2,1.33#:#2.0,2.0,1.33,1
920,CHICKEN_VENKY,18,3345,0,4,0,0,0,0,CHICKEN~3#:#VENKY~2,6.0#:#9.0,9.0,6.0,1
921,JALAPENO_SNACK,3,3345,0,4,0,0,0,0,JALAPENO~2#:#SNACK~3,1.5#:#1.0,1.5,1.0,1
922,CRISPY_SNACK,2,3345,0,4,0,0,0,0,CRISPY~2#:#SNACK~3,1.0#:#0.67,1.0,0.67,0
923,SNACK_VENKY,6,3345,0,4,0,0,0,0,SNACK~3#:#VENKY~2,2.0#:#3.0,3.0,2.0,1
924,CRISPY_FROZEN,4,3345,0,4,0,0,0,0,CRISPY~2#:#FROZEN~2,2.0#:#2.0,2.0,2.0,1
925,FROZEN_VENKY,6,3345,0,4,0,0,0,0,FROZEN~2#:#VENKY~2,3.0#:#3.0,3.0,3.0,1
926,CRISPY_VENKY,2,3345,0,4,0,0,0,0,CRISPY~2#:#VENKY~2,1.0#:#1.0,1.0,1.0,1
927,CHICKEN_MEAL,7,3345,0,4,0,0,0,0,CHICKEN~3#:#MEAL~2,2.33#:#3.5,3.5,2.33,1
928,CHICKEN_STEAK,6,3345,0,4,0,0,0,0,CHICKEN~3#:#STEAK~2,2.0#:#3.0,3.0,2.0,1
929,CHICKEN_WITH,7,3345,1,4,0,0,0,0,CHICKEN~3#:#WITH~2,2.33#:#3.5,3.5,2.33,1
930,CHEF#ITC#MASTER_CHICKEN,8,3345,0,4,0,0,0,0,CHEF#ITC#MASTER~2#:#CHICKEN~3,4.0#:#2.67,4.0,2.67,1
931,FROZEN_MEAL,2,3345,0,4,0,0,0,0,FROZEN~2#:#MEAL~2,1.0#:#1.0,1.0,1.0,1
932,CHEF#ITC#MASTER_FROZEN,5,3345,0,4,0,0,0,0,CHEF#ITC#MASTER~2#:#FROZEN~2,2.5#:#2.5,2.5,2.5,1
933,MEAL_WITH,2,3345,1,4,0,0,0,0,MEAL~2#:#WITH~2,1.0#:#1.0,1.0,1.0,1
934,STEAK_WITH,2,3345,1,4,0,0,0,0,STEAK~2#:#WITH~2,1.0#:#1.0,1.0,1.0,1
935,CHEF#ITC#MASTER_WITH,5,3345,1,4,0,0,0,0,CHEF#ITC#MASTER~2#:#WITH~2,2.5#:#2.5,2.5,2.5,1
936,CHICKEN_MINT,5,3345,1,4,0,0,0,0,CHICKEN~3#:#MINT~2,1.67#:#2.5,2.5,1.67,1
937,CHICKEN_CORN,4,3345,0,4,0,0,0,0,CHICKEN~3#:#CORN~2,1.33#:#2.0,2.0,1.33,1
938,FROZEN_PACK,7,3345,1,4,0,0,0,0,FROZEN~2#:#PACK~3,3.5#:#2.33,3.5,2.33,1
939,GODREJ_PACK,10,3345,1,4,0,0,0,0,GODREJ~2#:#PACK~3,5.0#:#3.33,5.0,3.33,1
940,MINT_PACK,15,3345,2,4,0,0,0,0,MINT~2#:#PACK~3,7.5#:#5.0,7.5,5.0,1
941,DOG_PACK,6,3345,1,4,0,0,0,0,DOG~2#:#PACK~3,3.0#:#2.0,3.0,2.0,1
942,PACK_YUMMIEZ,8,3345,1,4,0,0,0,0,PACK~3#:#YUMMIEZ~2,2.67#:#4.0,4.0,2.67,1
943,MINT_SNACK,5,3345,1,4,0,0,0,0,MINT~2#:#SNACK~3,2.5#:#1.67,2.5,1.67,1
944,CORN_SNACK,2,3345,0,4,0,0,0,0,CORN~2#:#SNACK~3,1.0#:#0.67,1.0,0.67,0
945,DOG_SNACK,3,3345,0,4,0,0,0,0,DOG~2#:#SNACK~3,1.5#:#1.0,1.5,1.0,1
946,FROZEN_MINT,2,3345,1,4,0,0,0,0,FROZEN~2#:#MINT~2,1.0#:#1.0,1.0,1.0,1
947,CORN_FROZEN,4,3345,0,4,0,0,0,0,CORN~2#:#FROZEN~2,2.0#:#2.0,2.0,2.0,1
948,DOG_FROZEN,4,3345,0,4,0,0,0,0,DOG~2#:#FROZEN~2,2.0#:#2.0,2.0,2.0,1
949,GODREJ_MINT,4,3345,1,4,0,0,0,0,GODREJ~2#:#MINT~2,2.0#:#2.0,2.0,2.0,1
950,CORN_MINT,3,3345,1,4,0,0,0,0,CORN~2#:#MINT~2,1.5#:#1.5,1.5,1.5,1
951,MINT_YUMMIEZ,4,3345,1,4,0,0,0,0,MINT~2#:#YUMMIEZ~2,2.0#:#2.0,2.0,2.0,1
952,CORN_DOG,4,3345,0,4,0,0,0,0,CORN~2#:#DOG~2,2.0#:#2.0,2.0,2.0,1
953,SNACK_STYLE,6,3345,0,4,0,0,0,0,SNACK~3#:#STYLE~2,2.0#:#3.0,3.0,2.0,1
954,CHEF#ITC#MASTER_SNACK,2,3345,0,4,0,0,0,0,CHEF#ITC#MASTER~2#:#SNACK~3,1.0#:#0.67,1.0,0.67,0
955,CHEF#ITC#MASTER_STYLE,3,3345,0,4,0,0,0,0,CHEF#ITC#MASTER~2#:#STYLE~2,1.5#:#1.5,1.5,1.5,1
956,BITE_CHICKEN,6,3345,0,4,0,0,0,0,BITE~2#:#CHICKEN~3,3.0#:#2.0,3.0,2.0,1
957,CHICKEN_SIZE,3,3345,0,4,0,0,0,0,CHICKEN~3#:#SIZE~2,1.0#:#1.5,1.5,1.0,1
958,BITE_FROZEN,3,3345,0,4,0,0,0,0,BITE~2#:#FROZEN~2,1.5#:#1.5,1.5,1.5,1
959,BITE_GODREJ,3,3345,0,4,0,0,0,0,BITE~2#:#GODREJ~2,1.5#:#1.5,1.5,1.5,1
960,BITE_STYLE,2,3345,0,4,0,0,0,0,BITE~2#:#STYLE~2,1.0#:#1.0,1.0,1.0,1
961,BITE_YUMMIEZ,2,3345,0,4,0,0,0,0,BITE~2#:#YUMMIEZ~2,1.0#:#1.0,1.0,1.0,1
962,FROZEN_SIZE,2,3345,0,4,0,0,0,0,FROZEN~2#:#SIZE~2,1.0#:#1.0,1.0,1.0,1
963,CHEF#ITC#MASTER_COKE,3,3345,0,4,0,0,0,0,CHEF#ITC#MASTER~2#:#COKE~2,1.5#:#1.5,1.5,1.5,1
964,CHEF#ITC#MASTER_READY#TO,5,3345,0,4,0,0,0,0,CHEF#ITC#MASTER~2#:#READY#TO~2,2.5#:#2.5,2.5,2.5,1
965,STYLE_VENKY,2,3345,0,4,0,0,0,0,STYLE~2#:#VENKY~2,1.0#:#1.0,1.0,1.0,1
966,COKE_VENKY,2,3345,0,4,0,0,0,0,COKE~2#:#VENKY~2,1.0#:#1.0,1.0,1.0,1
967,READY#TO_VENKY,3,3345,0,4,0,0,0,0,READY#TO~2#:#VENKY~2,1.5#:#1.5,1.5,1.5,1
968,BONELESS_CHICKEN,36,3345,0,4,0,0,0,0,BONELESS~2#:#CHICKEN~3,18.0#:#12.0,18.0,12.0,1
969,BITE_SNACK,2,3345,0,4,0,0,0,0,BITE~2#:#SNACK~3,1.0#:#0.67,1.0,0.67,0
970,BONELESS_FROZEN,4,3345,0,4,0,0,0,0,BONELESS~2#:#FROZEN~2,2.0#:#2.0,2.0,2.0,1
971,BONELESS_GODREJ,2,3345,0,4,0,0,0,0,BONELESS~2#:#GODREJ~2,1.0#:#1.0,1.0,1.0,1
972,BONELESS_STYLE,2,3345,0,4,0,0,0,0,BONELESS~2#:#STYLE~2,1.0#:#1.0,1.0,1.0,1
973,CHEF#ITC#MASTER_CRISPY,2,3345,0,4,0,0,0,0,CHEF#ITC#MASTER~2#:#CRISPY~2,1.0#:#1.0,1.0,1.0,1
974,CHICKEN_SPICY,9,3345,0,4,0,0,0,0,CHICKEN~3#:#SPICY~2,3.0#:#4.5,4.5,3.0,1
975,CHICKEN_WINGS,13,3345,0,4,0,0,0,0,CHICKEN~3#:#WINGS~2,4.33#:#6.5,6.5,4.33,1
976,SNACK_SPICY,3,3345,0,4,0,0,0,0,SNACK~3#:#SPICY~2,1.0#:#1.5,1.5,1.0,1
977,GODREJ_SPICY,2,3345,0,4,0,0,0,0,GODREJ~2#:#SPICY~2,1.0#:#1.0,1.0,1.0,1
978,GODREJ_WINGS,2,3345,0,4,0,0,0,0,GODREJ~2#:#WINGS~2,1.0#:#1.0,1.0,1.0,1
979,FROZEN_SPICY,2,3345,0,4,0,0,0,0,FROZEN~2#:#SPICY~2,1.0#:#1.0,1.0,1.0,1
980,FROZEN_WINGS,5,3345,0,4,0,0,0,0,FROZEN~2#:#WINGS~2,2.5#:#2.5,2.5,2.5,1
981,SPICY_STYLE,3,3345,0,4,0,0,0,0,SPICY~2#:#STYLE~2,1.5#:#1.5,1.5,1.5,1
982,SPICY_WINGS,3,3345,0,4,0,0,0,0,SPICY~2#:#WINGS~2,1.5#:#1.5,1.5,1.5,1
983,SPICY_YUMMIEZ,2,3345,0,4,0,0,0,0,SPICY~2#:#YUMMIEZ~2,1.0#:#1.0,1.0,1.0,1
984,STYLE_WINGS,2,3345,0,4,0,0,0,0,STYLE~2#:#WINGS~2,1.0#:#1.0,1.0,1.0,1
985,WINGS_YUMMIEZ,2,3345,0,4,0,0,0,0,WINGS~2#:#YUMMIEZ~2,1.0#:#1.0,1.0,1.0,1
986,CHICKEN_SAUCE,4,3345,0,4,0,0,0,0,CHICKEN~3#:#SAUCE~2,1.33#:#2.0,2.0,1.33,1
987,COKE_MEAL,2,3345,0,4,0,0,0,0,COKE~2#:#MEAL~2,1.0#:#1.0,1.0,1.0,1
988,MEAL_READY#TO,3,3345,0,4,0,0,0,0,MEAL~2#:#READY#TO~2,1.5#:#1.5,1.5,1.5,1
989,READY#TO_SAUCE,4,3345,0,4,0,0,0,0,READY#TO~2#:#SAUCE~2,2.0#:#2.0,2.0,2.0,1
990,PIE_SNACK,8,3345,0,4,0,0,0,0,PIE~2#:#SNACK~3,4.0#:#2.67,4.0,2.67,1
991,BREAST_CHICKEN,28,3345,0,4,0,0,0,0,BREAST~2#:#CHICKEN~3,14.0#:#9.33,14.0,9.33,1
992,BREAST_FROZEN,3,3345,0,4,0,0,0,0,BREAST~2#:#FROZEN~2,1.5#:#1.5,1.5,1.5,1
993,BREAST_VENKY,2,3345,0,4,0,0,0,0,BREAST~2#:#VENKY~2,1.0#:#1.0,1.0,1.0,1
994,CHEDDAR_CHICKEN,2,3345,0,4,0,0,0,0,CHEDDAR~2#:#CHICKEN~3,1.0#:#0.67,1.0,0.67,0
995,BURGER_MINT,2,3345,1,4,0,0,0,0,BURGER~2#:#MINT~2,1.0#:#1.0,1.0,1.0,1
996,BURGER_STYLE,2,3345,0,4,0,0,0,0,BURGER~2#:#STYLE~2,1.0#:#1.0,1.0,1.0,1
997,MINT_STYLE,2,3345,1,4,0,0,0,0,MINT~2#:#STYLE~2,1.0#:#1.0,1.0,1.0,1
998,BURGER_CHEESE,2,3345,0,4,0,0,0,0,BURGER~2#:#CHEESE~3,1.0#:#0.67,1.0,0.67,0
999,AND_CHEESE,12,3345,0,4,0,0,0,0,AND~2#:#CHEESE~3,6.0#:#4.0,6.0,4.0,1
1000,CHEESE_COKE,2,3345,0,4,0,0,0,0,CHEESE~3#:#COKE~2,0.67#:#1.0,1.0,0.67,0
1001,CHEESE_WITH,10,3345,1,4,0,0,0,0,CHEESE~3#:#WITH~2,3.33#:#5.0,5.0,3.33,1
1002,CHEESE_CHEF#ITC#MASTER,2,3345,0,4,0,0,0,0,CHEESE~3#:#CHEF#ITC#MASTER~2,0.67#:#1.0,1.0,0.67,0
1003,CHEESE_READY#TO,2,3345,0,4,0,0,0,0,CHEESE~3#:#READY#TO~2,0.67#:#1.0,1.0,0.67,0
1004,AND_BURGER,2,3345,0,4,0,0,0,0,AND~2#:#BURGER~2,1.0#:#1.0,1.0,1.0,1
1005,BURGER_CHEF#ITC#MASTER,3,3345,0,4,0,0,0,0,BURGER~2#:#CHEF#ITC#MASTER~2,1.5#:#1.5,1.5,1.5,1
1006,AND_COKE,3,3345,0,4,0,0,0,0,AND~2#:#COKE~2,1.5#:#1.5,1.5,1.5,1
1007,AND_WITH,8,3345,1,4,0,0,0,0,AND~2#:#WITH~2,4.0#:#4.0,4.0,4.0,1
1008,AND_CHEF#ITC#MASTER,4,3345,0,4,0,0,0,0,AND~2#:#CHEF#ITC#MASTER~2,2.0#:#2.0,2.0,2.0,1
1009,COKE_WITH,3,3345,1,4,0,0,0,0,COKE~2#:#WITH~2,1.5#:#1.5,1.5,1.5,1
1010,READY#TO_WITH,3,3345,1,4,0,0,0,0,READY#TO~2#:#WITH~2,1.5#:#1.5,1.5,1.5,1
1011,CHICKEN_CUTS,38,3345,0,4,0,0,0,0,CHICKEN~3#:#CUTS~2,12.67#:#19.0,19.0,12.67,1
1012,CHICKEN_LICIOUS,43,3345,0,4,0,0,0,0,CHICKEN~3#:#LICIOUS~2,14.33#:#21.5,21.5,14.33,1
1013,CHICKEN_MARINADE,8,3345,0,4,0,0,0,0,CHICKEN~3#:#MARINADE~2,2.67#:#4.0,4.0,2.67,1
1014,COKE_CUTS,5,3345,0,4,0,0,0,0,COKE~2#:#CUTS~2,2.5#:#2.5,2.5,2.5,1
1015,COKE_LICIOUS,6,3345,0,4,0,0,0,0,COKE~2#:#LICIOUS~2,3.0#:#3.0,3.0,3.0,1
1016,COKE_MARINADE,2,3345,0,4,0,0,0,0,COKE~2#:#MARINADE~2,1.0#:#1.0,1.0,1.0,1
1017,CUTS_LICIOUS,16,3345,0,4,0,0,0,0,CUTS~2#:#LICIOUS~2,8.0#:#8.0,8.0,8.0,1
1018,CUTS_MARINADE,2,3345,0,4,0,0,0,0,CUTS~2#:#MARINADE~2,1.0#:#1.0,1.0,1.0,1
1019,CUTS_SPICY,2,3345,0,4,0,0,0,0,CUTS~2#:#SPICY~2,1.0#:#1.0,1.0,1.0,1
1020,CUTS_WINGS,4,3345,0,4,0,0,0,0,CUTS~2#:#WINGS~2,2.0#:#2.0,2.0,2.0,1
1021,CUTS_READY#TO,9,3345,0,4,0,0,0,0,CUTS~2#:#READY#TO~2,4.5#:#4.5,4.5,4.5,1
1022,LICIOUS_MARINADE,4,3345,0,4,0,0,0,0,LICIOUS~2#:#MARINADE~2,2.0#:#2.0,2.0,2.0,1
1023,LICIOUS_SPICY,2,3345,0,4,0,0,0,0,LICIOUS~2#:#SPICY~2,1.0#:#1.0,1.0,1.0,1
1024,LICIOUS_WINGS,2,3345,0,4,0,0,0,0,LICIOUS~2#:#WINGS~2,1.0#:#1.0,1.0,1.0,1
1025,LICIOUS_READY#TO,7,3345,0,4,0,0,0,0,LICIOUS~2#:#READY#TO~2,3.5#:#3.5,3.5,3.5,1
1026,MARINADE_WINGS,2,3345,0,4,0,0,0,0,MARINADE~2#:#WINGS~2,1.0#:#1.0,1.0,1.0,1
1027,MARINADE_READY#TO,2,3345,0,4,0,0,0,0,MARINADE~2#:#READY#TO~2,1.0#:#1.0,1.0,1.0,1
1028,READY#TO_SPICY,2,3345,0,4,0,0,0,0,READY#TO~2#:#SPICY~2,1.0#:#1.0,1.0,1.0,1
1029,CUTS_FRESH,26,3345,1,4,0,0,0,0,CUTS~2#:#FRESH~3,13.0#:#8.67,13.0,8.67,1
1030,FRESH_LICIOUS,8,3345,1,4,0,0,0,0,FRESH~3#:#LICIOUS~2,2.67#:#4.0,4.0,2.67,1
1031,FRESH_MEAL,11,3345,1,4,0,0,0,0,FRESH~3#:#MEAL~2,3.67#:#5.5,5.5,3.67,1
1032,FRESH_PREMIUM,21,3345,1,4,0,0,0,0,FRESH~3#:#PREMIUM~2,7.0#:#10.5,10.5,7.0,1
1033,CUTS_MEAL,3,3345,0,4,0,0,0,0,CUTS~2#:#MEAL~2,1.5#:#1.5,1.5,1.5,1
1034,CUTS_PREMIUM,10,3345,0,4,0,0,0,0,CUTS~2#:#PREMIUM~2,5.0#:#5.0,5.0,5.0,1
1035,LICIOUS_MEAL,2,3345,0,4,0,0,0,0,LICIOUS~2#:#MEAL~2,1.0#:#1.0,1.0,1.0,1
1036,LICIOUS_PREMIUM,7,3345,0,4,0,0,0,0,LICIOUS~2#:#PREMIUM~2,3.5#:#3.5,3.5,3.5,1
1037,MEAL_PREMIUM,5,3345,0,4,0,0,0,0,MEAL~2#:#PREMIUM~2,2.5#:#2.5,2.5,2.5,1
1038,BAKE_SNACK,2,3345,0,4,0,0,0,0,BAKE~2#:#SNACK~3,1.0#:#0.67,1.0,0.67,0
1039,APPLE_SNACK,4,3345,1,4,0,0,0,0,APPLE~2#:#SNACK~3,2.0#:#1.33,2.0,1.33,1
1040,APPLE_SWEET,6,3345,2,4,0,0,0,0,APPLE~2#:#SWEET~2,3.0#:#3.0,3.0,3.0,1
1041,CHICKEN_FRESH,41,3345,1,4,0,0,0,0,CHICKEN~3#:#FRESH~3,13.67#:#13.67,13.67,13.67,1
1042,BABY_CHICKEN,2,3345,1,4,0,0,0,0,BABY~2#:#CHICKEN~3,1.0#:#0.67,1.0,0.67,0
1043,CHICKEN_RAW,3,3345,0,4,0,0,0,0,CHICKEN~3#:#RAW~2,1.0#:#1.5,1.5,1.0,1
1044,BABY_FRESH,6,3345,2,4,0,0,0,0,BABY~2#:#FRESH~3,3.0#:#2.0,3.0,2.0,1
1045,FRESH_GODREJ,2,3345,1,4,0,0,0,0,FRESH~3#:#GODREJ~2,0.67#:#1.0,1.0,0.67,0
1046,FRESH_MARINADE,2,3345,1,4,0,0,0,0,FRESH~3#:#MARINADE~2,0.67#:#1.0,1.0,0.67,0
1047,FRESH_RAW,3,3345,1,4,0,0,0,0,FRESH~3#:#RAW~2,1.0#:#1.5,1.5,1.0,1
1048,FRESH_YUMMIEZ,2,3345,1,4,0,0,0,0,FRESH~3#:#YUMMIEZ~2,0.67#:#1.0,1.0,0.67,0
1049,CUTS_GODREJ,3,3345,0,4,0,0,0,0,CUTS~2#:#GODREJ~2,1.5#:#1.5,1.5,1.5,1
1050,CUTS_YUMMIEZ,3,3345,0,4,0,0,0,0,CUTS~2#:#YUMMIEZ~2,1.5#:#1.5,1.5,1.5,1
1051,BABY_MARINADE,2,3345,1,4,0,0,0,0,BABY~2#:#MARINADE~2,1.0#:#1.0,1.0,1.0,1
1052,COKE_VEGETABLE,4,3345,0,4,0,0,0,0,COKE~2#:#VEGETABLE~2,2.0#:#2.0,2.0,2.0,1
1053,LICIOUS_WITH,2,3345,1,4,0,0,0,0,LICIOUS~2#:#WITH~2,1.0#:#1.0,1.0,1.0,1
1054,VEGETABLE_WITH,2,3345,1,4,0,0,0,0,VEGETABLE~2#:#WITH~2,1.0#:#1.0,1.0,1.0,1
1055,READY#TO_VEGETABLE,5,3345,0,4,0,0,0,0,READY#TO~2#:#VEGETABLE~2,2.5#:#2.5,2.5,2.5,1
1056,CHICKEN_SAUSAGE,47,3345,0,4,0,0,0,0,CHICKEN~3#:#SAUSAGE~2,15.67#:#23.5,23.5,15.67,1
1057,FRESH_SAUSAGE,3,3345,1,4,0,0,0,0,FRESH~3#:#SAUSAGE~2,1.0#:#1.5,1.5,1.0,1
1058,FRESH_STYLE,11,3345,1,4,0,0,0,0,FRESH~3#:#STYLE~2,3.67#:#5.5,5.5,3.67,1
1059,FRESH_VENKY,2,3345,1,4,0,0,0,0,FRESH~3#:#VENKY~2,0.67#:#1.0,1.0,0.67,0
1060,SAUSAGE_STYLE,4,3345,0,4,0,0,0,0,SAUSAGE~2#:#STYLE~2,2.0#:#2.0,2.0,2.0,1
1061,SAUSAGE_VENKY,5,3345,0,4,0,0,0,0,SAUSAGE~2#:#VENKY~2,2.5#:#2.5,2.5,2.5,1
1062,CHICKEN_MILD,2,3345,0,4,0,0,0,0,CHICKEN~3#:#MILD~2,0.67#:#1.0,1.0,0.67,0
1063,GODREJ_SAUSAGE,10,3345,0,4,0,0,0,0,GODREJ~2#:#SAUSAGE~2,5.0#:#5.0,5.0,5.0,1
1064,ITALIAN_SAUSAGE,3,3345,0,4,0,0,0,0,ITALIAN~2#:#SAUSAGE~2,1.5#:#1.5,1.5,1.5,1
1065,MILD_SAUSAGE,2,3345,0,4,0,0,0,0,MILD~2#:#SAUSAGE~2,1.0#:#1.0,1.0,1.0,1
1066,MILD_STYLE,4,3345,0,4,0,0,0,0,MILD~2#:#STYLE~2,2.0#:#2.0,2.0,2.0,1
1067,SAUSAGE_YUMMIEZ,7,3345,0,4,0,0,0,0,SAUSAGE~2#:#YUMMIEZ~2,3.5#:#3.5,3.5,3.5,1
1068,CHICKEN_FLAVOUR,9,3345,1,4,0,0,0,0,CHICKEN~3#:#FLAVOUR~3,3.0#:#3.0,3.0,3.0,1
1069,CHICKEN_SMOKE,34,3345,0,4,0,0,0,0,CHICKEN~3#:#SMOKE~2,11.33#:#17.0,17.0,11.33,1
1070,FLAVOUR_SAUSAGE,2,3345,1,4,0,0,0,0,FLAVOUR~3#:#SAUSAGE~2,0.67#:#1.0,1.0,0.67,0
1071,FLAVOUR_SMOKE,3,3345,1,4,0,0,0,0,FLAVOUR~3#:#SMOKE~2,1.0#:#1.5,1.5,1.0,1
1072,GODREJ_SMOKE,7,3345,0,4,0,0,0,0,GODREJ~2#:#SMOKE~2,3.5#:#3.5,3.5,3.5,1
1073,SAUSAGE_SMOKE,12,3345,0,4,0,0,0,0,SAUSAGE~2#:#SMOKE~2,6.0#:#6.0,6.0,6.0,1
1074,SAUSAGE_SPICY,4,3345,0,4,0,0,0,0,SAUSAGE~2#:#SPICY~2,2.0#:#2.0,2.0,2.0,1
1075,SMOKE_SPICY,2,3345,0,4,0,0,0,0,SMOKE~2#:#SPICY~2,1.0#:#1.0,1.0,1.0,1
1076,SMOKE_YUMMIEZ,5,3345,0,4,0,0,0,0,SMOKE~2#:#YUMMIEZ~2,2.5#:#2.5,2.5,2.5,1
1077,FRESH_GOAT,3,3345,1,4,0,0,0,0,FRESH~3#:#GOAT~2,1.0#:#1.5,1.5,1.0,1
1078,CUTS_GOAT,3,3345,0,4,0,0,0,0,CUTS~2#:#GOAT~2,1.5#:#1.5,1.5,1.5,1
1079,CUTS_ROASTED,3,3345,0,4,0,0,0,0,CUTS~2#:#ROASTED~2,1.5#:#1.5,1.5,1.5,1
1080,GOAT_LICIOUS,5,3345,0,4,0,0,0,0,GOAT~2#:#LICIOUS~2,2.5#:#2.5,2.5,2.5,1
1081,GOAT_PREMIUM,2,3345,0,4,0,0,0,0,GOAT~2#:#PREMIUM~2,1.0#:#1.0,1.0,1.0,1
1082,LICIOUS_ROASTED,2,3345,0,4,0,0,0,0,LICIOUS~2#:#ROASTED~2,1.0#:#1.0,1.0,1.0,1
1083,BONELESS_CUTS,7,3345,0,4,0,0,0,0,BONELESS~2#:#CUTS~2,3.5#:#3.5,3.5,3.5,1
1084,BONELESS_LICIOUS,10,3345,0,4,0,0,0,0,BONELESS~2#:#LICIOUS~2,5.0#:#5.0,5.0,5.0,1
1085,BONELESS_PREMIUM,4,3345,0,4,0,0,0,0,BONELESS~2#:#PREMIUM~2,2.0#:#2.0,2.0,2.0,1
1086,BONELESS_FRESH,4,3345,1,4,0,0,0,0,BONELESS~2#:#FRESH~3,2.0#:#1.33,2.0,1.33,1
1087,BREAST_FRESH,4,3345,1,4,0,0,0,0,BREAST~2#:#FRESH~3,2.0#:#1.33,2.0,1.33,1
1088,BONELESS_BREAST,17,3345,0,4,0,0,0,0,BONELESS~2#:#BREAST~2,8.5#:#8.5,8.5,8.5,1
1089,BREAST_LICIOUS,7,3345,0,4,0,0,0,0,BREAST~2#:#LICIOUS~2,3.5#:#3.5,3.5,3.5,1
1090,CHICKEN_SLICED,21,3345,0,4,0,0,0,0,CHICKEN~3#:#SLICED~2,7.0#:#10.5,10.5,7.0,1
1091,CHICKEN_THIN,8,3345,0,4,0,0,0,0,CHICKEN~3#:#THIN~2,2.67#:#4.0,4.0,2.67,1
1092,COKE_FRESH,4,3345,1,4,0,0,0,0,COKE~2#:#FRESH~3,2.0#:#1.33,2.0,1.33,1
1093,FRESH_SLICED,9,3345,1,4,0,0,0,0,FRESH~3#:#SLICED~2,3.0#:#4.5,4.5,3.0,1
1094,FRESH_READY#TO,12,3345,1,4,0,0,0,0,FRESH~3#:#READY#TO~2,4.0#:#6.0,6.0,4.0,1
1095,BONELESS_THIN,3,3345,0,4,0,0,0,0,BONELESS~2#:#THIN~2,1.5#:#1.5,1.5,1.5,1
1096,COKE_THIN,2,3345,0,4,0,0,0,0,COKE~2#:#THIN~2,1.0#:#1.0,1.0,1.0,1
1097,BREAST_SLICED,3,3345,0,4,0,0,0,0,BREAST~2#:#SLICED~2,1.5#:#1.5,1.5,1.5,1
1098,BREAST_THIN,4,3345,0,4,0,0,0,0,BREAST~2#:#THIN~2,2.0#:#2.0,2.0,2.0,1
1099,LICIOUS_THIN,2,3345,0,4,0,0,0,0,LICIOUS~2#:#THIN~2,1.0#:#1.0,1.0,1.0,1
1100,SLICED_THIN,4,3345,0,4,0,0,0,0,SLICED~2#:#THIN~2,2.0#:#2.0,2.0,2.0,1
1101,READY#TO_SLICED,3,3345,0,4,0,0,0,0,READY#TO~2#:#SLICED~2,1.5#:#1.5,1.5,1.5,1
1102,READY#TO_THIN,3,3345,0,4,0,0,0,0,READY#TO~2#:#THIN~2,1.5#:#1.5,1.5,1.5,1
1103,BREAKFAST_CHICKEN,5,3345,0,4,0,0,0,0,BREAKFAST~2#:#CHICKEN~3,2.5#:#1.67,2.5,1.67,1
1104,FRESH_MIX,6,3345,1,4,0,0,0,0,FRESH~3#:#MIX~2,2.0#:#3.0,3.0,2.0,1
1105,BREAKFAST_SAUSAGE,4,3345,0,4,0,0,0,0,BREAKFAST~2#:#SAUSAGE~2,2.0#:#2.0,2.0,2.0,1
1106,BONES_CHICKEN,3,3345,0,4,0,0,0,0,BONES~2#:#CHICKEN~3,1.5#:#1.0,1.5,1.0,1
1107,COOKIES_FRESH,7,3345,1,4,0,0,0,0,COOKIES~2#:#FRESH~3,3.5#:#2.33,3.5,2.33,1
1108,BONES_FRESH,2,3345,1,4,0,0,0,0,BONES~2#:#FRESH~3,1.0#:#0.67,1.0,0.67,0
1109,FRESH_SMOKE,6,3345,1,4,0,0,0,0,FRESH~3#:#SMOKE~2,2.0#:#3.0,3.0,2.0,1
1110,COOKIES_CUTS,3,3345,0,4,0,0,0,0,COOKIES~2#:#CUTS~2,1.5#:#1.5,1.5,1.5,1
1111,COOKIES_LICIOUS,3,3345,0,4,0,0,0,0,COOKIES~2#:#LICIOUS~2,1.5#:#1.5,1.5,1.5,1
1112,COOKIES_SMOKE,2,3345,0,4,0,0,0,0,COOKIES~2#:#SMOKE~2,1.0#:#1.0,1.0,1.0,1
1113,BONES_CUTS,4,3345,0,4,0,0,0,0,BONES~2#:#CUTS~2,2.0#:#2.0,2.0,2.0,1
1114,CUTS_SMOKE,6,3345,0,4,0,0,0,0,CUTS~2#:#SMOKE~2,3.0#:#3.0,3.0,3.0,1
1115,BONES_LICIOUS,5,3345,0,4,0,0,0,0,BONES~2#:#LICIOUS~2,2.5#:#2.5,2.5,2.5,1
1116,BONES_SMOKE,2,3345,0,4,0,0,0,0,BONES~2#:#SMOKE~2,1.0#:#1.0,1.0,1.0,1
1117,LICIOUS_SMOKE,6,3345,0,4,0,0,0,0,LICIOUS~2#:#SMOKE~2,3.0#:#3.0,3.0,3.0,1
1118,CHICKEN_HAM,19,3345,0,4,0,0,0,0,CHICKEN~3#:#HAM~2,6.33#:#9.5,9.5,6.33,1
1119,EAT_GODREJ,3,3345,0,4,0,0,0,0,EAT~2#:#GODREJ~2,1.5#:#1.5,1.5,1.5,1
1120,EAT_HAM,3,3345,0,4,0,0,0,0,EAT~2#:#HAM~2,1.5#:#1.5,1.5,1.5,1
1121,EAT_SMOKE,3,3345,0,4,0,0,0,0,EAT~2#:#SMOKE~2,1.5#:#1.5,1.5,1.5,1
1122,EAT_STYLE,5,3345,0,4,0,0,0,0,EAT~2#:#STYLE~2,2.5#:#2.5,2.5,2.5,1
1123,EAT_YUMMIEZ,3,3345,0,4,0,0,0,0,EAT~2#:#YUMMIEZ~2,1.5#:#1.5,1.5,1.5,1
1124,GODREJ_HAM,10,3345,0,4,0,0,0,0,GODREJ~2#:#HAM~2,5.0#:#5.0,5.0,5.0,1
1125,GODREJ_SLICED,4,3345,0,4,0,0,0,0,GODREJ~2#:#SLICED~2,2.0#:#2.0,2.0,2.0,1
1126,HAM_SLICED,6,3345,0,4,0,0,0,0,HAM~2#:#SLICED~2,3.0#:#3.0,3.0,3.0,1
1127,HAM_SMOKE,12,3345,0,4,0,0,0,0,HAM~2#:#SMOKE~2,6.0#:#6.0,6.0,6.0,1
1128,HAM_STYLE,12,3345,0,4,0,0,0,0,HAM~2#:#STYLE~2,6.0#:#6.0,6.0,6.0,1
1129,HAM_YUMMIEZ,8,3345,0,4,0,0,0,0,HAM~2#:#YUMMIEZ~2,4.0#:#4.0,4.0,4.0,1
1130,HAM_READY#TO,7,3345,0,4,0,0,0,0,HAM~2#:#READY#TO~2,3.5#:#3.5,3.5,3.5,1
1131,SLICED_SMOKE,13,3345,0,4,0,0,0,0,SLICED~2#:#SMOKE~2,6.5#:#6.5,6.5,6.5,1
1132,SLICED_STYLE,8,3345,0,4,0,0,0,0,SLICED~2#:#STYLE~2,4.0#:#4.0,4.0,4.0,1
1133,SLICED_YUMMIEZ,3,3345,0,4,0,0,0,0,SLICED~2#:#YUMMIEZ~2,1.5#:#1.5,1.5,1.5,1
1134,SMOKE_STYLE,10,3345,0,4,0,0,0,0,SMOKE~2#:#STYLE~2,5.0#:#5.0,5.0,5.0,1
1135,READY#TO_SMOKE,3,3345,0,4,0,0,0,0,READY#TO~2#:#SMOKE~2,1.5#:#1.5,1.5,1.5,1
1136,BROWN_CHICKEN,2,3345,1,4,0,0,0,0,BROWN~2#:#CHICKEN~3,1.0#:#0.67,1.0,0.67,0
1137,BROWN_STYLE,2,3345,1,4,0,0,0,0,BROWN~2#:#STYLE~2,1.0#:#1.0,1.0,1.0,1
1138,BROWN_SUGAR,9,3345,2,4,0,0,0,0,BROWN~2#:#SUGAR~2,4.5#:#4.5,4.5,4.5,1
1139,STYLE_SUGAR,3,3345,1,4,0,0,0,0,STYLE~2#:#SUGAR~2,1.5#:#1.5,1.5,1.5,1
1140,CUTS_HAM,6,3345,0,4,0,0,0,0,CUTS~2#:#HAM~2,3.0#:#3.0,3.0,3.0,1
1141,CUTS_STYLE,6,3345,0,4,0,0,0,0,CUTS~2#:#STYLE~2,3.0#:#3.0,3.0,3.0,1
1142,HAM_LICIOUS,5,3345,0,4,0,0,0,0,HAM~2#:#LICIOUS~2,2.5#:#2.5,2.5,2.5,1
1143,HAM_PREMIUM,3,3345,0,4,0,0,0,0,HAM~2#:#PREMIUM~2,1.5#:#1.5,1.5,1.5,1
1144,LICIOUS_STYLE,9,3345,0,4,0,0,0,0,LICIOUS~2#:#STYLE~2,4.5#:#4.5,4.5,4.5,1
1145,PREMIUM_SMOKE,3,3345,0,4,0,0,0,0,PREMIUM~2#:#SMOKE~2,1.5#:#1.5,1.5,1.5,1
1146,PREMIUM_STYLE,3,3345,0,4,0,0,0,0,PREMIUM~2#:#STYLE~2,1.5#:#1.5,1.5,1.5,1
1147,CHICKEN_HONEY,4,3345,1,4,0,0,0,0,CHICKEN~3#:#HONEY~2,1.33#:#2.0,2.0,1.33,1
1148,GODREJ_HONEY,2,3345,1,4,0,0,0,0,GODREJ~2#:#HONEY~2,1.0#:#1.0,1.0,1.0,1
1149,GODREJ_SERVE,2,3345,0,4,0,0,0,0,GODREJ~2#:#SERVE~2,1.0#:#1.0,1.0,1.0,1
1150,HAM_HONEY,5,3345,1,4,0,0,0,0,HAM~2#:#HONEY~2,2.5#:#2.5,2.5,2.5,1
1151,HAM_SERVE,2,3345,0,4,0,0,0,0,HAM~2#:#SERVE~2,1.0#:#1.0,1.0,1.0,1
1152,HONEY_STYLE,3,3345,1,4,0,0,0,0,HONEY~2#:#STYLE~2,1.5#:#1.5,1.5,1.5,1
1153,HONEY_YUMMIEZ,2,3345,1,4,0,0,0,0,HONEY~2#:#YUMMIEZ~2,1.0#:#1.0,1.0,1.0,1
1154,SERVE_STYLE,2,3345,0,4,0,0,0,0,SERVE~2#:#STYLE~2,1.0#:#1.0,1.0,1.0,1
1155,SERVE_YUMMIEZ,2,3345,0,4,0,0,0,0,SERVE~2#:#YUMMIEZ~2,1.0#:#1.0,1.0,1.0,1
1156,CUTS_EAT,4,3345,0,4,0,0,0,0,CUTS~2#:#EAT~2,2.0#:#2.0,2.0,2.0,1
1157,CHICKEN_WHOLE,8,3345,0,4,0,0,0,0,CHICKEN~3#:#WHOLE~2,2.67#:#4.0,4.0,2.67,1
1158,CUTS_WHOLE,3,3345,0,4,0,0,0,0,CUTS~2#:#WHOLE~2,1.5#:#1.5,1.5,1.5,1
1159,LICIOUS_WHOLE,2,3345,0,4,0,0,0,0,LICIOUS~2#:#WHOLE~2,1.0#:#1.0,1.0,1.0,1
1160,CHICKEN_DICED,3,3345,0,4,0,0,0,0,CHICKEN~3#:#DICED~2,1.0#:#1.5,1.5,1.0,1
1161,COOKIES_STYLE,2,3345,0,4,0,0,0,0,COOKIES~2#:#STYLE~2,1.0#:#1.0,1.0,1.0,1
1162,DICED_GODREJ,2,3345,0,4,0,0,0,0,DICED~2#:#GODREJ~2,1.0#:#1.0,1.0,1.0,1
1163,DICED_HAM,2,3345,0,4,0,0,0,0,DICED~2#:#HAM~2,1.0#:#1.0,1.0,1.0,1
1164,DICED_STYLE,5,3345,0,4,0,0,0,0,DICED~2#:#STYLE~2,2.5#:#2.5,2.5,2.5,1
1165,DICED_YUMMIEZ,2,3345,0,4,0,0,0,0,DICED~2#:#YUMMIEZ~2,1.0#:#1.0,1.0,1.0,1
1166,COKE_HAM,2,3345,0,4,0,0,0,0,COKE~2#:#HAM~2,1.0#:#1.0,1.0,1.0,1
1167,CUTS_THIN,7,3345,0,4,0,0,0,0,CUTS~2#:#THIN~2,3.5#:#3.5,3.5,3.5,1
1168,CHICKEN_STICK,4,3345,1,4,0,0,0,0,CHICKEN~3#:#STICK~2,1.33#:#2.0,2.0,1.33,1
1169,SMOKE_SNACK,2,3345,0,4,0,0,0,0,SMOKE~2#:#SNACK~3,1.0#:#0.67,1.0,0.67,0
1170,SNACK_STICK,10,3345,1,4,0,0,0,0,SNACK~3#:#STICK~2,3.33#:#5.0,5.0,3.33,1
1171,CUTS_STEAK,2,3345,0,4,0,0,0,0,CUTS~2#:#STEAK~2,1.0#:#1.0,1.0,1.0,1
1172,HAM_STEAK,3,3345,0,4,0,0,0,0,HAM~2#:#STEAK~2,1.5#:#1.5,1.5,1.5,1
1173,PREMIUM_STEAK,2,3345,0,4,0,0,0,0,PREMIUM~2#:#STEAK~2,1.0#:#1.0,1.0,1.0,1
1174,SMOKE_STEAK,3,3345,0,4,0,0,0,0,SMOKE~2#:#STEAK~2,1.5#:#1.5,1.5,1.5,1
1175,BONES_GOAT,5,3345,0,4,0,0,0,0,BONES~2#:#GOAT~2,2.5#:#2.5,2.5,2.5,1
1176,BONES_RICH,2,3345,0,4,0,0,0,0,BONES~2#:#RICH~2,1.0#:#1.0,1.0,1.0,1
1177,BONES_SOUR,5,3345,0,4,0,0,0,0,BONES~2#:#SOUR~2,2.5#:#2.5,2.5,2.5,1
1178,GOAT_RICH,2,3345,0,4,0,0,0,0,GOAT~2#:#RICH~2,1.0#:#1.0,1.0,1.0,1
1179,GOAT_SOUR,4,3345,0,4,0,0,0,0,GOAT~2#:#SOUR~2,2.0#:#2.0,2.0,2.0,1
1180,LICIOUS_RICH,2,3345,0,4,0,0,0,0,LICIOUS~2#:#RICH~2,1.0#:#1.0,1.0,1.0,1
1181,LICIOUS_SOUR,3,3345,0,4,0,0,0,0,LICIOUS~2#:#SOUR~2,1.5#:#1.5,1.5,1.5,1
1182,FRESH_ORGANIC,37,3345,1,4,0,0,0,0,FRESH~3#:#ORGANIC~3,12.33#:#12.33,12.33,12.33,1
1183,MEAL_ORGANIC,2,3345,0,4,0,0,0,0,MEAL~2#:#ORGANIC~3,1.0#:#0.67,1.0,0.67,0
1184,FRESH_PACK,48,3345,2,4,0,0,0,0,FRESH~3#:#PACK~3,16.0#:#16.0,16.0,16.0,1
1185,APPLE_FRESH,25,3345,2,4,0,0,0,0,APPLE~2#:#FRESH~3,12.5#:#8.33,12.5,8.33,1
1186,FRESH_SALAD,16,3345,1,4,0,0,0,0,FRESH~3#:#SALAD~2,5.33#:#8.0,8.0,5.33,1
1187,MIX_PACK,7,3345,1,4,0,0,0,0,MIX~2#:#PACK~3,3.5#:#2.33,3.5,2.33,1
1188,APPLE_PACK,2,3345,2,4,0,0,0,0,APPLE~2#:#PACK~3,1.0#:#0.67,1.0,0.67,0
1189,PACK_SALAD,6,3345,1,4,0,0,0,0,PACK~3#:#SALAD~2,2.0#:#3.0,3.0,2.0,1
1190,PACK_STYLE,3,3345,1,4,0,0,0,0,PACK~3#:#STYLE~2,1.0#:#1.5,1.5,1.0,1
1191,PACK_READY#TO,6,3345,1,4,0,0,0,0,PACK~3#:#READY#TO~2,2.0#:#3.0,3.0,2.0,1
1192,MIX_SALAD,4,3345,0,4,0,0,0,0,MIX~2#:#SALAD~2,2.0#:#2.0,2.0,2.0,1
1193,MIX_STYLE,3,3345,0,4,0,0,0,0,MIX~2#:#STYLE~2,1.5#:#1.5,1.5,1.5,1
1194,SALAD_STYLE,3,3345,0,4,0,0,0,0,SALAD~2#:#STYLE~2,1.5#:#1.5,1.5,1.5,1
1195,READY#TO_SALAD,2,3345,0,4,0,0,0,0,READY#TO~2#:#SALAD~2,1.0#:#1.0,1.0,1.0,1
1196,CHICKEN_SALAMI,20,3345,0,4,0,0,0,0,CHICKEN~3#:#SALAMI~2,6.67#:#10.0,10.0,6.67,1
1197,CHICKEN_FRESHLY#PREPARED,12,3345,0,4,0,0,0,0,CHICKEN~3#:#FRESHLY#PREPARED~2,4.0#:#6.0,6.0,4.0,1
1198,BITE_SALAMI,2,3345,0,4,0,0,0,0,BITE~2#:#SALAMI~2,1.0#:#1.0,1.0,1.0,1
1199,FRESHLY#PREPARED_SALAMI,2,3345,0,4,0,0,0,0,FRESHLY#PREPARED~2#:#SALAMI~2,1.0#:#1.0,1.0,1.0,1
1200,CHEESE_PLATES,9,3345,0,4,0,0,0,0,CHEESE~3#:#PLATES~2,3.0#:#4.5,4.5,3.0,1
1201,CHEESE_SALAMI,4,3345,0,4,0,0,0,0,CHEESE~3#:#SALAMI~2,1.33#:#2.0,2.0,1.33,1
1202,CHEESE_FRESHLY#PREPARED,5,3345,0,4,0,0,0,0,CHEESE~3#:#FRESHLY#PREPARED~2,1.67#:#2.5,2.5,1.67,1
1203,CHICKEN_PLATES,6,3345,0,4,0,0,0,0,CHICKEN~3#:#PLATES~2,2.0#:#3.0,3.0,2.0,1
1204,PLATES_SNACK,3,3345,0,4,0,0,0,0,PLATES~2#:#SNACK~3,1.5#:#1.0,1.5,1.0,1
1205,SALAMI_SNACK,3,3345,0,4,0,0,0,0,SALAMI~2#:#SNACK~3,1.5#:#1.0,1.5,1.0,1
1206,FRESHLY#PREPARED_SNACK,8,3345,0,4,0,0,0,0,FRESHLY#PREPARED~2#:#SNACK~3,4.0#:#2.67,4.0,2.67,1
1207,AND_PLATES,2,3345,0,4,0,0,0,0,AND~2#:#PLATES~2,1.0#:#1.0,1.0,1.0,1
1208,AND_FRESHLY#PREPARED,5,3345,0,4,0,0,0,0,AND~2#:#FRESHLY#PREPARED~2,2.5#:#2.5,2.5,2.5,1
1209,MOZZARELLA_SNACK,5,3345,0,4,0,0,0,0,MOZZARELLA~2#:#SNACK~3,2.5#:#1.67,2.5,1.67,1
1210,CHEESE_CRACKERS,8,3345,0,4,0,0,0,0,CHEESE~3#:#CRACKERS~2,2.67#:#4.0,4.0,2.67,1
1211,CHICKEN_CRACKERS,4,3345,0,4,0,0,0,0,CHICKEN~3#:#CRACKERS~2,1.33#:#2.0,2.0,1.33,1
1212,CRACKERS_SNACK,5,3345,0,4,0,0,0,0,CRACKERS~2#:#SNACK~3,2.5#:#1.67,2.5,1.67,1
1213,SNACK_WITH,6,3345,1,4,0,0,0,0,SNACK~3#:#WITH~2,2.0#:#3.0,3.0,2.0,1
1214,AND_CRACKERS,2,3345,0,4,0,0,0,0,AND~2#:#CRACKERS~2,1.0#:#1.0,1.0,1.0,1
1215,CRACKERS_WITH,3,3345,1,4,0,0,0,0,CRACKERS~2#:#WITH~2,1.5#:#1.5,1.5,1.5,1
1216,CRACKERS_FRESHLY#PREPARED,2,3345,0,4,0,0,0,0,CRACKERS~2#:#FRESHLY#PREPARED~2,1.0#:#1.0,1.0,1.0,1
1217,FRESHLY#PREPARED_WITH,2,3345,1,4,0,0,0,0,FRESHLY#PREPARED~2#:#WITH~2,1.0#:#1.0,1.0,1.0,1
1218,CHEESE_DIP,6,3345,0,4,0,0,0,0,CHEESE~3#:#DIP~2,2.0#:#3.0,3.0,2.0,1
1219,DIP_WITH,4,3345,1,4,0,0,0,0,DIP~2#:#WITH~2,2.0#:#2.0,2.0,2.0,1
1220,CHICKEN_PIZZA,4,3345,0,4,0,0,0,0,CHICKEN~3#:#PIZZA~2,1.33#:#2.0,2.0,1.33,1
1221,CHICKEN_PEPPERS,10,3345,0,4,0,0,0,0,CHICKEN~3#:#PEPPERS~2,3.33#:#5.0,5.0,3.33,1
1222,PIZZA_SNACK,4,3345,0,4,0,0,0,0,PIZZA~2#:#SNACK~3,2.0#:#1.33,2.0,1.33,1
1223,PEPPERS_SNACK,4,3345,0,4,0,0,0,0,PEPPERS~2#:#SNACK~3,2.0#:#1.33,2.0,1.33,1
1224,PEPPERS_PIZZA,2,3345,0,4,0,0,0,0,PEPPERS~2#:#PIZZA~2,1.0#:#1.0,1.0,1.0,1
1225,PIZZA_STYLE,2,3345,0,4,0,0,0,0,PIZZA~2#:#STYLE~2,1.0#:#1.0,1.0,1.0,1
1226,FRESHLY#PREPARED_PIZZA,3,3345,0,4,0,0,0,0,FRESHLY#PREPARED~2#:#PIZZA~2,1.5#:#1.5,1.5,1.5,1
1227,PEPPERS_STYLE,4,3345,0,4,0,0,0,0,PEPPERS~2#:#STYLE~2,2.0#:#2.0,2.0,2.0,1
1228,FRESHLY#PREPARED_PEPPERS,2,3345,0,4,0,0,0,0,FRESHLY#PREPARED~2#:#PEPPERS~2,1.0#:#1.0,1.0,1.0,1
1229,FRESHLY#PREPARED_STYLE,2,3345,0,4,0,0,0,0,FRESHLY#PREPARED~2#:#STYLE~2,1.0#:#1.0,1.0,1.0,1
1230,CHICKEN_PIECES,14,3345,0,4,0,0,0,0,CHICKEN~3#:#PIECES~2,4.67#:#7.0,7.0,4.67,1
1231,AND_FRESH,19,3345,1,4,0,0,0,0,AND~2#:#FRESH~3,9.5#:#6.33,9.5,6.33,1
1232,FRESH_FROZEN,6,3345,1,4,0,0,0,0,FRESH~3#:#FROZEN~2,2.0#:#3.0,3.0,2.0,1
1233,FRESH_PIECES,11,3345,1,4,0,0,0,0,FRESH~3#:#PIECES~2,3.67#:#5.5,5.5,3.67,1
1234,AND_CUTS,3,3345,0,4,0,0,0,0,AND~2#:#CUTS~2,1.5#:#1.5,1.5,1.5,1
1235,CUTS_FROZEN,5,3345,0,4,0,0,0,0,CUTS~2#:#FROZEN~2,2.5#:#2.5,2.5,2.5,1
1236,CUTS_PIECES,10,3345,0,4,0,0,0,0,CUTS~2#:#PIECES~2,5.0#:#5.0,5.0,5.0,1
1237,AND_PIECES,2,3345,0,4,0,0,0,0,AND~2#:#PIECES~2,1.0#:#1.0,1.0,1.0,1
1238,FROZEN_PIECES,3,3345,0,4,0,0,0,0,FROZEN~2#:#PIECES~2,1.5#:#1.5,1.5,1.5,1
1239,FRESH_WINGS,2,3345,1,4,0,0,0,0,FRESH~3#:#WINGS~2,0.67#:#1.0,1.0,0.67,0
1240,CUTS_PACK,12,3345,1,4,0,0,0,0,CUTS~2#:#PACK~3,6.0#:#4.0,6.0,4.0,1
1241,PACK_PIECES,10,3345,1,4,0,0,0,0,PACK~3#:#PIECES~2,3.33#:#5.0,5.0,3.33,1
1242,PACK_WINGS,3,3345,1,4,0,0,0,0,PACK~3#:#WINGS~2,1.0#:#1.5,1.5,1.0,1
1243,CHICKEN_THIGH,10,3345,0,4,0,0,0,0,CHICKEN~3#:#THIGH~2,3.33#:#5.0,5.0,3.33,1
1244,FRESH_THIGH,2,3345,1,4,0,0,0,0,FRESH~3#:#THIGH~2,0.67#:#1.0,1.0,0.67,0
1245,PACK_THIGH,5,3345,1,4,0,0,0,0,PACK~3#:#THIGH~2,1.67#:#2.5,2.5,1.67,1
1246,CUTS_THIGH,2,3345,0,4,0,0,0,0,CUTS~2#:#THIGH~2,1.0#:#1.0,1.0,1.0,1
1247,PIECES_THIGH,2,3345,0,4,0,0,0,0,PIECES~2#:#THIGH~2,1.0#:#1.0,1.0,1.0,1
1248,PIECES_RAW,2,3345,0,4,0,0,0,0,PIECES~2#:#RAW~2,1.0#:#1.0,1.0,1.0,1
1249,FRESH_WHITE,5,3345,2,4,0,0,0,0,FRESH~3#:#WHITE~2,1.67#:#2.5,2.5,1.67,1
1250,AND_MEAL,2,3345,0,4,0,0,0,0,AND~2#:#MEAL~2,1.0#:#1.0,1.0,1.0,1
1251,AND_MIX,9,3345,0,4,0,0,0,0,AND~2#:#MIX~2,4.5#:#4.5,4.5,4.5,1
1252,BONELESS_MEAL,3,3345,0,4,0,0,0,0,BONELESS~2#:#MEAL~2,1.5#:#1.5,1.5,1.5,1
1253,MIX_WHITE,2,3345,1,4,0,0,0,0,MIX~2#:#WHITE~2,1.0#:#1.0,1.0,1.0,1
1254,BREAST_CUTS,5,3345,0,4,0,0,0,0,BREAST~2#:#CUTS~2,2.5#:#2.5,2.5,2.5,1
1255,CUTS_SLICED,4,3345,0,4,0,0,0,0,CUTS~2#:#SLICED~2,2.0#:#2.0,2.0,2.0,1
1256,FRESH_WHOLE,6,3345,1,4,0,0,0,0,FRESH~3#:#WHOLE~2,2.0#:#3.0,3.0,2.0,1
1257,FROZEN_WHOLE,2,3345,0,4,0,0,0,0,FROZEN~2#:#WHOLE~2,1.0#:#1.0,1.0,1.0,1
1258,CHICKEN_LARGE,2,3345,0,4,0,0,0,0,CHICKEN~3#:#LARGE~2,0.67#:#1.0,1.0,0.67,0
1259,FRESH_LARGE,27,3345,1,4,0,0,0,0,FRESH~3#:#LARGE~2,9.0#:#13.5,13.5,9.0,1
1260,FRESH_SIZE,31,3345,1,4,0,0,0,0,FRESH~3#:#SIZE~2,10.33#:#15.5,15.5,10.33,1
1261,LARGE_WHOLE,2,3345,0,4,0,0,0,0,LARGE~2#:#WHOLE~2,1.0#:#1.0,1.0,1.0,1
1262,SIZE_WHOLE,2,3345,0,4,0,0,0,0,SIZE~2#:#WHOLE~2,1.0#:#1.0,1.0,1.0,1
1263,CHICKEN_EXTRA,3,3345,1,4,0,0,0,0,CHICKEN~3#:#EXTRA~2,1.0#:#1.5,1.5,1.0,1
1264,EXTRA_FRESH,11,3345,2,4,0,0,0,0,EXTRA~2#:#FRESH~3,5.5#:#3.67,5.5,3.67,1
1265,EXTRA_PACK,2,3345,2,4,0,0,0,0,EXTRA~2#:#PACK~3,1.0#:#0.67,1.0,0.67,0
1266,PACK_SIZE,3,3345,1,4,0,0,0,0,PACK~3#:#SIZE~2,1.0#:#1.5,1.5,1.0,1
1267,PACK_WHOLE,8,3345,1,4,0,0,0,0,PACK~3#:#WHOLE~2,2.67#:#4.0,4.0,2.67,1
1268,EXTRA_LARGE,4,3345,1,4,0,0,0,0,EXTRA~2#:#LARGE~2,2.0#:#2.0,2.0,2.0,1
1269,BACON_CHICKEN,11,3345,0,4,0,0,0,0,BACON~2#:#CHICKEN~3,5.5#:#3.67,5.5,3.67,1
1270,BACON_FRESH,6,3345,1,4,0,0,0,0,BACON~2#:#FRESH~3,3.0#:#2.0,3.0,2.0,1
1271,BACON_MEAL,2,3345,0,4,0,0,0,0,BACON~2#:#MEAL~2,1.0#:#1.0,1.0,1.0,1
1272,BACON_SLICED,5,3345,0,4,0,0,0,0,BACON~2#:#SLICED~2,2.5#:#2.5,2.5,2.5,1
1273,BACON_SMOKE,5,3345,0,4,0,0,0,0,BACON~2#:#SMOKE~2,2.5#:#2.5,2.5,2.5,1
1274,BACON_STYLE,6,3345,0,4,0,0,0,0,BACON~2#:#STYLE~2,3.0#:#3.0,3.0,3.0,1
1275,MEAL_SLICED,2,3345,0,4,0,0,0,0,MEAL~2#:#SLICED~2,1.0#:#1.0,1.0,1.0,1
1276,MEAL_SMOKE,2,3345,0,4,0,0,0,0,MEAL~2#:#SMOKE~2,1.0#:#1.0,1.0,1.0,1
1277,MEAL_STYLE,3,3345,0,4,0,0,0,0,MEAL~2#:#STYLE~2,1.5#:#1.5,1.5,1.5,1
1278,FLAVOUR_FRESH,5,3345,2,4,0,0,0,0,FLAVOUR~3#:#FRESH~3,1.67#:#1.67,1.67,1.67,1
1279,BACON_FLAVOUR,2,3345,1,4,0,0,0,0,BACON~2#:#FLAVOUR~3,1.0#:#0.67,1.0,0.67,0
1280,FLAVOUR_PEPPERS,4,3345,1,4,0,0,0,0,FLAVOUR~3#:#PEPPERS~2,1.33#:#2.0,2.0,1.33,1
1281,FLAVOUR_STYLE,4,3345,1,4,0,0,0,0,FLAVOUR~3#:#STYLE~2,1.33#:#2.0,2.0,1.33,1
1282,FRESH_PEPPERS,15,3345,1,4,0,0,0,0,FRESH~3#:#PEPPERS~2,5.0#:#7.5,7.5,5.0,1
1283,PEPPERS_SMOKE,2,3345,0,4,0,0,0,0,PEPPERS~2#:#SMOKE~2,1.0#:#1.0,1.0,1.0,1
1284,AND_STYLE,2,3345,0,4,0,0,0,0,AND~2#:#STYLE~2,1.0#:#1.0,1.0,1.0,1
1285,CUTS_FRENCH,2,3345,0,4,0,0,0,0,CUTS~2#:#FRENCH~2,1.0#:#1.0,1.0,1.0,1
1286,FRENCH_PREMIUM,2,3345,0,4,0,0,0,0,FRENCH~2#:#PREMIUM~2,1.0#:#1.0,1.0,1.0,1
1287,CHICKEN_CUBES,4,3345,0,4,0,0,0,0,CHICKEN~3#:#CUBES~2,1.33#:#2.0,2.0,1.33,1
1288,CHICKEN_GOOD,9,3345,0,4,0,0,0,0,CHICKEN~3#:#GOOD~2,3.0#:#4.5,4.5,3.0,1
1289,CHICKEN_REAL,9,3345,0,4,0,0,0,0,CHICKEN~3#:#REAL~2,3.0#:#4.5,4.5,3.0,1
1290,BREAST_CUBES,2,3345,0,4,0,0,0,0,BREAST~2#:#CUBES~2,1.0#:#1.0,1.0,1.0,1
1291,BONELESS_CUBES,3,3345,0,4,0,0,0,0,BONELESS~2#:#CUBES~2,1.5#:#1.5,1.5,1.5,1
1292,GODREJ_GOOD,9,3345,0,4,0,0,0,0,GODREJ~2#:#GOOD~2,4.5#:#4.5,4.5,4.5,1
1293,GODREJ_REAL,9,3345,0,4,0,0,0,0,GODREJ~2#:#REAL~2,4.5#:#4.5,4.5,4.5,1
1294,GOOD_REAL,9,3345,0,4,0,0,0,0,GOOD~2#:#REAL~2,4.5#:#4.5,4.5,4.5,1
1295,CHICKEN_LEMON,2,3345,1,4,0,0,0,0,CHICKEN~3#:#LEMON~2,0.67#:#1.0,1.0,0.67,0
1296,FRESH_LEMON,4,3345,2,4,0,0,0,0,FRESH~3#:#LEMON~2,1.33#:#2.0,2.0,1.33,1
1297,LEMON_PEPPERS,2,3345,1,4,0,0,0,0,LEMON~2#:#PEPPERS~2,1.0#:#1.0,1.0,1.0,1
1298,LICIOUS_PEPPERS,4,3345,0,4,0,0,0,0,LICIOUS~2#:#PEPPERS~2,2.0#:#2.0,2.0,2.0,1
1299,FOR_FRESH,3,3345,2,4,0,0,0,0,FOR~2#:#FRESH~3,1.5#:#1.0,1.5,1.0,1
1300,CUTS_FOR,2,3345,1,4,0,0,0,0,CUTS~2#:#FOR~2,1.0#:#1.0,1.0,1.0,1
1301,LICIOUS_SAUCE,2,3345,0,4,0,0,0,0,LICIOUS~2#:#SAUCE~2,1.0#:#1.0,1.0,1.0,1
1302,CHICKEN_LIME,2,3345,1,4,0,0,0,0,CHICKEN~3#:#LIME~2,0.67#:#1.0,1.0,0.67,0
1303,LICIOUS_THIGH,2,3345,0,4,0,0,0,0,LICIOUS~2#:#THIGH~2,1.0#:#1.0,1.0,1.0,1
1304,CHICKEN_CHILLI,3,3345,0,4,0,0,0,0,CHICKEN~3#:#CHILLI~2,1.0#:#1.5,1.5,1.0,1
1305,CHILLI_GREEN,6,3345,0,4,0,0,0,0,CHILLI~2#:#GREEN~2,3.0#:#3.0,3.0,3.0,1
1306,CHILLI_LICIOUS,2,3345,0,4,0,0,0,0,CHILLI~2#:#LICIOUS~2,1.0#:#1.0,1.0,1.0,1
1307,CHILLI_STYLE,3,3345,0,4,0,0,0,0,CHILLI~2#:#STYLE~2,1.5#:#1.5,1.5,1.5,1
1308,GREEN_STYLE,7,3345,0,4,0,0,0,0,GREEN~2#:#STYLE~2,3.5#:#3.5,3.5,3.5,1
1309,BABY_WITH,3,3345,2,4,0,0,0,0,BABY~2#:#WITH~2,1.5#:#1.5,1.5,1.5,1
1310,EAT_SAUCE,3,3345,0,4,0,0,0,0,EAT~2#:#SAUCE~2,1.5#:#1.5,1.5,1.5,1
1311,CREAMY_FAMILY,2,3345,1,4,0,0,0,0,CREAMY~3#:#FAMILY~2,0.67#:#1.0,1.0,0.67,0
1312,CREAMY_POTATO,4,3345,1,4,0,0,0,0,CREAMY~3#:#POTATO~2,1.33#:#2.0,2.0,1.33,1
1313,FAMILY_PACK,15,3345,1,4,0,0,0,0,FAMILY~2#:#PACK~3,7.5#:#5.0,7.5,5.0,1
1314,PACK_POTATO,8,3345,1,4,0,0,0,0,PACK~3#:#POTATO~2,2.67#:#4.0,4.0,2.67,1
1315,CHEF#ITC#MASTER_PACK,5,3345,1,4,0,0,0,0,CHEF#ITC#MASTER~2#:#PACK~3,2.5#:#1.67,2.5,1.67,1
1316,FAMILY_POTATO,2,3345,0,4,0,0,0,0,FAMILY~2#:#POTATO~2,1.0#:#1.0,1.0,1.0,1
1317,CHEF#ITC#MASTER_FAMILY,2,3345,0,4,0,0,0,0,CHEF#ITC#MASTER~2#:#FAMILY~2,1.0#:#1.0,1.0,1.0,1
1318,CHEF#ITC#MASTER_POTATO,6,3345,0,4,0,0,0,0,CHEF#ITC#MASTER~2#:#POTATO~2,3.0#:#3.0,3.0,3.0,1
1319,AND_BLACK,2,3345,1,4,0,0,0,0,AND~2#:#BLACK~2,1.0#:#1.0,1.0,1.0,1
1320,AND_PEPPERS,2,3345,0,4,0,0,0,0,AND~2#:#PEPPERS~2,1.0#:#1.0,1.0,1.0,1
1321,AND_ROASTED,6,3345,0,4,0,0,0,0,AND~2#:#ROASTED~2,3.0#:#3.0,3.0,3.0,1
1322,BLACK_PEPPERS,5,3345,1,4,0,0,0,0,BLACK~2#:#PEPPERS~2,2.5#:#2.5,2.5,2.5,1
1323,BLACK_SALT,2,3345,2,4,0,0,0,0,BLACK~2#:#SALT~2,1.0#:#1.0,1.0,1.0,1
1324,PEPPERS_ROASTED,4,3345,0,4,0,0,0,0,PEPPERS~2#:#ROASTED~2,2.0#:#2.0,2.0,2.0,1
1325,POTATO_ROASTED,3,3345,0,4,0,0,0,0,POTATO~2#:#ROASTED~2,1.5#:#1.5,1.5,1.5,1
1326,POTATO_WITH,2,3345,1,4,0,0,0,0,POTATO~2#:#WITH~2,1.0#:#1.0,1.0,1.0,1
1327,ROASTED_SALT,2,3345,1,4,0,0,0,0,ROASTED~2#:#SALT~2,1.0#:#1.0,1.0,1.0,1
1328,ROASTED_WITH,3,3345,1,4,0,0,0,0,ROASTED~2#:#WITH~2,1.5#:#1.5,1.5,1.5,1
1329,CHEF#ITC#MASTER_ROASTED,3,3345,0,4,0,0,0,0,CHEF#ITC#MASTER~2#:#ROASTED~2,1.5#:#1.5,1.5,1.5,1
1330,SALT_WITH,3,3345,2,4,0,0,0,0,SALT~2#:#WITH~2,1.5#:#1.5,1.5,1.5,1
1331,AND_GARLIC,3,3345,0,4,0,0,0,0,AND~2#:#GARLIC~2,1.5#:#1.5,1.5,1.5,1
1332,GARLIC_POTATO,2,3345,0,4,0,0,0,0,GARLIC~2#:#POTATO~2,1.0#:#1.0,1.0,1.0,1
1333,GARLIC_ROASTED,4,3345,0,4,0,0,0,0,GARLIC~2#:#ROASTED~2,2.0#:#2.0,2.0,2.0,1
1334,GARLIC_WITH,2,3345,1,4,0,0,0,0,GARLIC~2#:#WITH~2,1.0#:#1.0,1.0,1.0,1
1335,CHEF#ITC#MASTER_GARLIC,2,3345,0,4,0,0,0,0,CHEF#ITC#MASTER~2#:#GARLIC~2,1.0#:#1.0,1.0,1.0,1
1336,EAT_RICH,4,3345,0,4,0,0,0,0,EAT~2#:#RICH~2,2.0#:#2.0,2.0,2.0,1
1337,MEXICAN_STYLE,5,3345,0,4,0,0,0,0,MEXICAN~2#:#STYLE~2,2.5#:#2.5,2.5,2.5,1
1338,RICH_STYLE,2,3345,0,4,0,0,0,0,RICH~2#:#STYLE~2,1.0#:#1.0,1.0,1.0,1
1339,LICIOUS_SNACK,3,3345,0,4,0,0,0,0,LICIOUS~2#:#SNACK~3,1.5#:#1.0,1.5,1.0,1
1340,PEPPERS_STICK,2,3345,1,4,0,0,0,0,PEPPERS~2#:#STICK~2,1.0#:#1.0,1.0,1.0,1
1341,CHICKEN_GRAM,28,3345,0,4,0,0,0,0,CHICKEN~3#:#GRAM~2,9.33#:#14.0,14.0,9.33,1
1342,GODREJ_GRAM,7,3345,0,4,0,0,0,0,GODREJ~2#:#GRAM~2,3.5#:#3.5,3.5,3.5,1
1343,GRAM_YUMMIEZ,7,3345,0,4,0,0,0,0,GRAM~2#:#YUMMIEZ~2,3.5#:#3.5,3.5,3.5,1
1344,CHEF#ITC#MASTER_GRAM,3,3345,0,4,0,0,0,0,CHEF#ITC#MASTER~2#:#GRAM~2,1.5#:#1.5,1.5,1.5,1
1345,BONELESS_PACK,9,3345,1,4,0,0,0,0,BONELESS~2#:#PACK~3,4.5#:#3.0,4.5,3.0,1
1346,LICIOUS_PACK,7,3345,1,4,0,0,0,0,LICIOUS~2#:#PACK~3,3.5#:#2.33,3.5,2.33,1
1347,BREAST_PACK,6,3345,1,4,0,0,0,0,BREAST~2#:#PACK~3,3.0#:#2.0,3.0,2.0,1
1348,BONELESS_GRAM,9,3345,0,4,0,0,0,0,BONELESS~2#:#GRAM~2,4.5#:#4.5,4.5,4.5,1
1349,GRAM_LICIOUS,4,3345,0,4,0,0,0,0,GRAM~2#:#LICIOUS~2,2.0#:#2.0,2.0,2.0,1
1350,BREAST_GRAM,6,3345,0,4,0,0,0,0,BREAST~2#:#GRAM~2,3.0#:#3.0,3.0,3.0,1
1351,CURRY_PACK,4,3345,1,4,0,0,0,0,CURRY~2#:#PACK~3,2.0#:#1.33,2.0,1.33,1
1352,CUTS_GRAM,6,3345,0,4,0,0,0,0,CUTS~2#:#GRAM~2,3.0#:#3.0,3.0,3.0,1
1353,CURRY_CUTS,9,3345,0,4,0,0,0,0,CURRY~2#:#CUTS~2,4.5#:#4.5,4.5,4.5,1
1354,CURRY_GRAM,3,3345,0,4,0,0,0,0,CURRY~2#:#GRAM~2,1.5#:#1.5,1.5,1.5,1
1355,CURRY_LICIOUS,4,3345,0,4,0,0,0,0,CURRY~2#:#LICIOUS~2,2.0#:#2.0,2.0,2.0,1
1356,PACK_SAUSAGE,4,3345,1,4,0,0,0,0,PACK~3#:#SAUSAGE~2,1.33#:#2.0,2.0,1.33,1
1357,GRAM_THIGH,4,3345,0,4,0,0,0,0,GRAM~2#:#THIGH~2,2.0#:#2.0,2.0,2.0,1
1358,BONELESS_THIGH,7,3345,0,4,0,0,0,0,BONELESS~2#:#THIGH~2,3.5#:#3.5,3.5,3.5,1
1359,PIECES_WHOLE,2,3345,0,4,0,0,0,0,PIECES~2#:#WHOLE~2,1.0#:#1.0,1.0,1.0,1
1360,GRAM_READY#TO,2,3345,0,4,0,0,0,0,GRAM~2#:#READY#TO~2,1.0#:#1.0,1.0,1.0,1
1361,CHICKEN_FILLET,13,3345,0,4,0,0,0,0,CHICKEN~3#:#FILLET~2,4.33#:#6.5,6.5,4.33,1
1362,FILLET_PACK,9,3345,1,4,0,0,0,0,FILLET~2#:#PACK~3,4.5#:#3.0,4.5,3.0,1
1363,PACK_THIN,3,3345,1,4,0,0,0,0,PACK~3#:#THIN~2,1.0#:#1.5,1.5,1.0,1
1364,BONELESS_FILLET,6,3345,0,4,0,0,0,0,BONELESS~2#:#FILLET~2,3.0#:#3.0,3.0,3.0,1
1365,CUTS_FILLET,2,3345,0,4,0,0,0,0,CUTS~2#:#FILLET~2,1.0#:#1.0,1.0,1.0,1
1366,FILLET_GRAM,4,3345,0,4,0,0,0,0,FILLET~2#:#GRAM~2,2.0#:#2.0,2.0,2.0,1
1367,BREAST_FILLET,7,3345,0,4,0,0,0,0,BREAST~2#:#FILLET~2,3.5#:#3.5,3.5,3.5,1
1368,FILLET_THIN,2,3345,0,4,0,0,0,0,FILLET~2#:#THIN~2,1.0#:#1.0,1.0,1.0,1
1369,GRAM_THIN,3,3345,0,4,0,0,0,0,GRAM~2#:#THIN~2,1.5#:#1.5,1.5,1.5,1
1370,CHICKEN_CURRY,8,3345,0,4,0,0,0,0,CHICKEN~3#:#CURRY~2,2.67#:#4.0,4.0,2.67,1
1371,CURRY_WHOLE,2,3345,0,4,0,0,0,0,CURRY~2#:#WHOLE~2,1.0#:#1.0,1.0,1.0,1
1372,GRAM_PIECES,2,3345,0,4,0,0,0,0,GRAM~2#:#PIECES~2,1.0#:#1.0,1.0,1.0,1
1373,PACK_SOUR,3,3345,1,4,0,0,0,0,PACK~3#:#SOUR~2,1.0#:#1.5,1.5,1.0,1
1374,BARBECUE_GRAM,2,3345,0,4,0,0,0,0,BARBECUE~2#:#GRAM~2,1.0#:#1.0,1.0,1.0,1
1375,BARBECUE_SAUCE,3,3345,0,4,0,0,0,0,BARBECUE~2#:#SAUCE~2,1.5#:#1.5,1.5,1.5,1
1376,BARBECUE_VEEBA,2,3345,0,4,0,0,0,0,BARBECUE~2#:#VEEBA~2,1.0#:#1.0,1.0,1.0,1
1377,BOTTLE_GRAM,7,3345,1,4,0,0,0,0,BOTTLE~2#:#GRAM~2,3.5#:#3.5,3.5,3.5,1
1378,BOTTLE_VEEBA,7,3345,1,4,0,0,0,0,BOTTLE~2#:#VEEBA~2,3.5#:#3.5,3.5,3.5,1
1379,GRAM_VEEBA,9,3345,0,4,0,0,0,0,GRAM~2#:#VEEBA~2,4.5#:#4.5,4.5,4.5,1
1380,MARINADE_SAUCE,3,3345,0,4,0,0,0,0,MARINADE~2#:#SAUCE~2,1.5#:#1.5,1.5,1.5,1
1381,MASALA_PACK,3,3345,1,4,0,0,0,0,MASALA~2#:#PACK~3,1.5#:#1.0,1.5,1.0,1
1382,PACK_SEASONING,3,3345,1,4,0,0,0,0,PACK~3#:#SEASONING~2,1.0#:#1.5,1.5,1.0,1
1383,GRAM_MASALA,3,3345,0,4,0,0,0,0,GRAM~2#:#MASALA~2,1.5#:#1.5,1.5,1.5,1
1384,MASALA_SEASONING,3,3345,0,4,0,0,0,0,MASALA~2#:#SEASONING~2,1.5#:#1.5,1.5,1.5,1
1385,GRAM_SEASONING,2,3345,0,4,0,0,0,0,GRAM~2#:#SEASONING~2,1.0#:#1.0,1.0,1.0,1
1386,BARBECUE_PACK,2,3345,1,4,0,0,0,0,BARBECUE~2#:#PACK~3,1.0#:#0.67,1.0,0.67,0
1387,BARBECUE_MASALA,3,3345,0,4,0,0,0,0,BARBECUE~2#:#MASALA~2,1.5#:#1.5,1.5,1.5,1
1388,BARBECUE_SEASONING,3,3345,0,4,0,0,0,0,BARBECUE~2#:#SEASONING~2,1.5#:#1.5,1.5,1.5,1
1389,CHICKEN_MASALA,5,3345,0,4,0,0,0,0,CHICKEN~3#:#MASALA~2,1.67#:#2.5,2.5,1.67,1
1390,PACK_POWDER,4,3345,2,4,0,0,0,0,PACK~3#:#POWDER~2,1.33#:#2.0,2.0,1.33,1
1391,BURGER_PACK,9,3345,1,4,0,0,0,0,BURGER~2#:#PACK~3,4.5#:#3.0,4.5,3.0,1
1392,BURGER_GRAM,3,3345,0,4,0,0,0,0,BURGER~2#:#GRAM~2,1.5#:#1.5,1.5,1.5,1
1393,GOOD_SAUSAGE,3,3345,0,4,0,0,0,0,GOOD~2#:#SAUSAGE~2,1.5#:#1.5,1.5,1.5,1
1394,REAL_SAUSAGE,3,3345,0,4,0,0,0,0,REAL~2#:#SAUSAGE~2,1.5#:#1.5,1.5,1.5,1
1395,SALAMI_VENKY,3,3345,0,4,0,0,0,0,SALAMI~2#:#VENKY~2,1.5#:#1.5,1.5,1.5,1
1396,GODREJ_SALAMI,7,3345,0,4,0,0,0,0,GODREJ~2#:#SALAMI~2,3.5#:#3.5,3.5,3.5,1
1397,GOOD_SALAMI,4,3345,0,4,0,0,0,0,GOOD~2#:#SALAMI~2,2.0#:#2.0,2.0,2.0,1
1398,REAL_SALAMI,4,3345,0,4,0,0,0,0,REAL~2#:#SALAMI~2,2.0#:#2.0,2.0,2.0,1
1399,PRASUMA_SAUSAGE,8,3345,0,4,0,0,0,0,PRASUMA~2#:#SAUSAGE~2,4.0#:#4.0,4.0,4.0,1
1400,BREAST_PRASUMA,4,3345,0,4,0,0,0,0,BREAST~2#:#PRASUMA~2,2.0#:#2.0,2.0,2.0,1
1401,BONELESS_PRASUMA,2,3345,0,4,0,0,0,0,BONELESS~2#:#PRASUMA~2,1.0#:#1.0,1.0,1.0,1
1402,PRASUMA_WINGS,2,3345,0,4,0,0,0,0,PRASUMA~2#:#WINGS~2,1.0#:#1.0,1.0,1.0,1
1403,PACK_PRASUMA,5,3345,1,4,0,0,0,0,PACK~3#:#PRASUMA~2,1.67#:#2.5,2.5,1.67,1
1404,CUTS_PRASUMA,4,3345,0,4,0,0,0,0,CUTS~2#:#PRASUMA~2,2.0#:#2.0,2.0,2.0,1
1405,CHICKEN_ROASTED,4,3345,0,4,0,0,0,0,CHICKEN~3#:#ROASTED~2,1.33#:#2.0,2.0,1.33,1
1406,CUBES_LICIOUS,2,3345,0,4,0,0,0,0,CUBES~2#:#LICIOUS~2,1.0#:#1.0,1.0,1.0,1
1407,CHICKEN_GARLIC,4,3345,0,4,0,0,0,0,CHICKEN~3#:#GARLIC~2,1.33#:#2.0,2.0,1.33,1
1408,GARLIC_SAUSAGE,2,3345,0,4,0,0,0,0,GARLIC~2#:#SAUSAGE~2,1.0#:#1.0,1.0,1.0,1
1409,LICIOUS_SAUSAGE,6,3345,0,4,0,0,0,0,LICIOUS~2#:#SAUSAGE~2,3.0#:#3.0,3.0,3.0,1
1410,PEPPERS_SAUSAGE,2,3345,0,4,0,0,0,0,PEPPERS~2#:#SAUSAGE~2,1.0#:#1.0,1.0,1.0,1
1411,PRASUMA_SMOKE,4,3345,0,4,0,0,0,0,PRASUMA~2#:#SMOKE~2,2.0#:#2.0,2.0,2.0,1
1412,PRASUMA_SPICY,2,3345,0,4,0,0,0,0,PRASUMA~2#:#SPICY~2,1.0#:#1.0,1.0,1.0,1
1413,CHEESE_LICIOUS,2,3345,0,4,0,0,0,0,CHEESE~3#:#LICIOUS~2,0.67#:#1.0,1.0,0.67,0
1414,CHEESE_SAUSAGE,3,3345,0,4,0,0,0,0,CHEESE~3#:#SAUSAGE~2,1.0#:#1.5,1.5,1.0,1
1415,FRESH_GARLIC,5,3345,1,4,0,0,0,0,FRESH~3#:#GARLIC~2,1.67#:#2.5,2.5,1.67,1
1416,CHICKEN_MEATIGO,5,3345,0,4,0,0,0,0,CHICKEN~3#:#MEATIGO~2,1.67#:#2.5,2.5,1.67,1
1417,CHICKEN_SWEET,2,3345,1,4,0,0,0,0,CHICKEN~3#:#SWEET~2,0.67#:#1.0,1.0,0.67,0
1418,MEATIGO_SAUSAGE,3,3345,0,4,0,0,0,0,MEATIGO~2#:#SAUSAGE~2,1.5#:#1.5,1.5,1.5,1
1419,STYLE_SWEET,4,3345,1,4,0,0,0,0,STYLE~2#:#SWEET~2,2.0#:#2.0,2.0,2.0,1
1420,SAUSAGE_SLICED,2,3345,0,4,0,0,0,0,SAUSAGE~2#:#SLICED~2,1.0#:#1.0,1.0,1.0,1
1421,BREAST_PREMIUM,3,3345,0,4,0,0,0,0,BREAST~2#:#PREMIUM~2,1.5#:#1.5,1.5,1.5,1
1422,BAGELS_BREAD,14,3345,0,4,0,0,0,0,BAGELS~2#:#BREAD~2,7.0#:#7.0,7.0,7.0,1
1423,BAGELS_BREAKFAST,5,3345,0,4,0,0,0,0,BAGELS~2#:#BREAKFAST~2,2.5#:#2.5,2.5,2.5,1
1424,BAGELS_MODERN,10,3345,0,4,0,0,0,0,BAGELS~2#:#MODERN~2,5.0#:#5.0,5.0,5.0,1
1425,BAGELS_SOFT,10,3345,0,4,0,0,0,0,BAGELS~2#:#SOFT~2,5.0#:#5.0,5.0,5.0,1
1426,BAGELS_SPICY,2,3345,0,4,0,0,0,0,BAGELS~2#:#SPICY~2,1.0#:#1.0,1.0,1.0,1
1427,BREAD_BREAKFAST,16,3345,0,4,0,0,0,0,BREAD~2#:#BREAKFAST~2,8.0#:#8.0,8.0,8.0,1
1428,BREAD_MODERN,14,3345,0,4,0,0,0,0,BREAD~2#:#MODERN~2,7.0#:#7.0,7.0,7.0,1
1429,BREAD_SOFT,41,3345,0,4,0,0,0,0,BREAD~2#:#SOFT~2,20.5#:#20.5,20.5,20.5,1
1430,BREAD_SPICY,2,3345,0,4,0,0,0,0,BREAD~2#:#SPICY~2,1.0#:#1.0,1.0,1.0,1
1431,BREAKFAST_MODERN,4,3345,0,4,0,0,0,0,BREAKFAST~2#:#MODERN~2,2.0#:#2.0,2.0,2.0,1
1432,BREAKFAST_SOFT,9,3345,0,4,0,0,0,0,BREAKFAST~2#:#SOFT~2,4.5#:#4.5,4.5,4.5,1
1433,MODERN_SOFT,11,3345,0,4,0,0,0,0,MODERN~2#:#SOFT~2,5.5#:#5.5,5.5,5.5,1
1434,MODERN_SPICY,2,3345,0,4,0,0,0,0,MODERN~2#:#SPICY~2,1.0#:#1.0,1.0,1.0,1
1435,PUMPKIN_SOFT,3,3345,0,4,0,0,0,0,PUMPKIN~2#:#SOFT~2,1.5#:#1.5,1.5,1.5,1
1436,PUMPKIN_SPICY,4,3345,0,4,0,0,0,0,PUMPKIN~2#:#SPICY~2,2.0#:#2.0,2.0,2.0,1
1437,SOFT_SPICY,2,3345,0,4,0,0,0,0,SOFT~2#:#SPICY~2,1.0#:#1.0,1.0,1.0,1
1438,BREAD_CINNAMON,5,3345,0,4,0,0,0,0,BREAD~2#:#CINNAMON~2,2.5#:#2.5,2.5,2.5,1
1439,BREAKFAST_CINNAMON,5,3345,0,4,0,0,0,0,BREAKFAST~2#:#CINNAMON~2,2.5#:#2.5,2.5,2.5,1
1440,CINNAMON_SOFT,2,3345,0,4,0,0,0,0,CINNAMON~2#:#SOFT~2,1.0#:#1.0,1.0,1.0,1
1441,BREAD_PACK,13,3345,1,4,0,0,0,0,BREAD~2#:#PACK~3,6.5#:#4.33,6.5,4.33,1
1442,MODERN_PACK,5,3345,1,4,0,0,0,0,MODERN~2#:#PACK~3,2.5#:#1.67,2.5,1.67,1
1443,BAGELS_PACK,5,3345,1,4,0,0,0,0,BAGELS~2#:#PACK~3,2.5#:#1.67,2.5,1.67,1
1444,BLUEBERRY_PACK,6,3345,1,4,0,0,0,0,BLUEBERRY~2#:#PACK~3,3.0#:#2.0,3.0,2.0,1
1445,BLUEBERRY_BREAD,3,3345,0,4,0,0,0,0,BLUEBERRY~2#:#BREAD~2,1.5#:#1.5,1.5,1.5,1
1446,BLUEBERRY_MODERN,2,3345,0,4,0,0,0,0,BLUEBERRY~2#:#MODERN~2,1.0#:#1.0,1.0,1.0,1
1447,BAGELS_BLUEBERRY,2,3345,0,4,0,0,0,0,BAGELS~2#:#BLUEBERRY~2,1.0#:#1.0,1.0,1.0,1
1448,BLUEBERRY_SOFT,3,3345,0,4,0,0,0,0,BLUEBERRY~2#:#SOFT~2,1.5#:#1.5,1.5,1.5,1
1449,BREAD_FLAVOUR,5,3345,1,4,0,0,0,0,BREAD~2#:#FLAVOUR~3,2.5#:#1.67,2.5,1.67,1
1450,BAGELS_FLAVOUR,3,3345,1,4,0,0,0,0,BAGELS~2#:#FLAVOUR~3,1.5#:#1.0,1.5,1.0,1
1451,FLAVOUR_MODERN,3,3345,1,4,0,0,0,0,FLAVOUR~3#:#MODERN~2,1.0#:#1.5,1.5,1.0,1
1452,FLAVOUR_PIZZA,2,3345,1,4,0,0,0,0,FLAVOUR~3#:#PIZZA~2,0.67#:#1.0,1.0,0.67,0
1453,CHEESE_FLAVOUR,9,3345,1,4,0,0,0,0,CHEESE~3#:#FLAVOUR~3,3.0#:#3.0,3.0,3.0,1
1454,CHEDDAR_CHEESE,27,3345,0,4,0,0,0,0,CHEDDAR~2#:#CHEESE~3,13.5#:#9.0,13.5,9.0,1
1455,CHEESE_SPICY,2,3345,0,4,0,0,0,0,CHEESE~3#:#SPICY~2,0.67#:#1.0,1.0,0.67,0
1456,CHEDDAR_FLAVOUR,4,3345,1,4,0,0,0,0,CHEDDAR~2#:#FLAVOUR~3,2.0#:#1.33,2.0,1.33,1
1457,CHEDDAR_JALAPENO,2,3345,0,4,0,0,0,0,CHEDDAR~2#:#JALAPENO~2,1.0#:#1.0,1.0,1.0,1
1458,BREAD_BRITANNIA,27,3345,0,4,0,0,0,0,BREAD~2#:#BRITANNIA~3,13.5#:#9.0,13.5,9.0,1
1459,BAGELS_BRITANNIA,3,3345,0,4,0,0,0,0,BAGELS~2#:#BRITANNIA~3,1.5#:#1.0,1.5,1.0,1
1460,BREAD_SEEDS,2,3345,0,4,0,0,0,0,BREAD~2#:#SEEDS~2,1.0#:#1.0,1.0,1.0,1
1461,BRITANNIA_PLAIN,4,3345,0,4,0,0,0,0,BRITANNIA~3#:#PLAIN~2,1.33#:#2.0,2.0,1.33,1
1462,BRITANNIA_SOFT,26,3345,0,4,0,0,0,0,BRITANNIA~3#:#SOFT~2,8.67#:#13.0,13.0,8.67,1
1463,PACK_PLAIN,4,3345,1,4,0,0,0,0,PACK~3#:#PLAIN~2,1.33#:#2.0,2.0,1.33,1
1464,BAGELS_PLAIN,4,3345,0,4,0,0,0,0,BAGELS~2#:#PLAIN~2,2.0#:#2.0,2.0,2.0,1
1465,BREAD_PLAIN,4,3345,0,4,0,0,0,0,BREAD~2#:#PLAIN~2,2.0#:#2.0,2.0,2.0,1
1466,PLAIN_SOFT,4,3345,0,4,0,0,0,0,PLAIN~2#:#SOFT~2,2.0#:#2.0,2.0,2.0,1
1467,BREAD_FREE,5,3345,1,4,0,0,0,0,BREAD~2#:#FREE~2,2.5#:#2.5,2.5,2.5,1
1468,BREAD_GLUTEN,5,3345,0,4,0,0,0,0,BREAD~2#:#GLUTEN~2,2.5#:#2.5,2.5,2.5,1
1469,BREAKFAST_FREE,2,3345,1,4,0,0,0,0,BREAKFAST~2#:#FREE~2,1.0#:#1.0,1.0,1.0,1
1470,BREAKFAST_GLUTEN,2,3345,0,4,0,0,0,0,BREAKFAST~2#:#GLUTEN~2,1.0#:#1.0,1.0,1.0,1
1471,FREE_SOFT,3,3345,1,4,0,0,0,0,FREE~2#:#SOFT~2,1.5#:#1.5,1.5,1.5,1
1472,GLUTEN_SOFT,3,3345,0,4,0,0,0,0,GLUTEN~2#:#SOFT~2,1.5#:#1.5,1.5,1.5,1
1473,CLASSIC_PACK,6,3345,1,4,0,0,0,0,CLASSIC~2#:#PACK~3,3.0#:#2.0,3.0,2.0,1
1474,BREAD_CLASSIC,5,3345,0,4,0,0,0,0,BREAD~2#:#CLASSIC~2,2.5#:#2.5,2.5,2.5,1
1475,CLASSIC_SOFT,5,3345,0,4,0,0,0,0,CLASSIC~2#:#SOFT~2,2.5#:#2.5,2.5,2.5,1
1476,FLAVOUR_ONION,4,3345,1,4,0,0,0,0,FLAVOUR~3#:#ONION~2,1.33#:#2.0,2.0,1.33,1
1477,BREAD_ONION,2,3345,0,4,0,0,0,0,BREAD~2#:#ONION~2,1.0#:#1.0,1.0,1.0,1
1478,BAGELS_SWEET,3,3345,1,4,0,0,0,0,BAGELS~2#:#SWEET~2,1.5#:#1.5,1.5,1.5,1
1479,BREAD_SWEET,10,3345,1,4,0,0,0,0,BREAD~2#:#SWEET~2,5.0#:#5.0,5.0,5.0,1
1480,MODERN_SWEET,3,3345,1,4,0,0,0,0,MODERN~2#:#SWEET~2,1.5#:#1.5,1.5,1.5,1
1481,SOFT_SWEET,6,3345,1,4,0,0,0,0,SOFT~2#:#SWEET~2,3.0#:#3.0,3.0,3.0,1
1482,BAGELS_MINT,2,3345,1,4,0,0,0,0,BAGELS~2#:#MINT~2,1.0#:#1.0,1.0,1.0,1
1483,BLUEBERRY_BREAKFAST,2,3345,0,4,0,0,0,0,BLUEBERRY~2#:#BREAKFAST~2,1.0#:#1.0,1.0,1.0,1
1484,BLUEBERRY_MINT,2,3345,1,4,0,0,0,0,BLUEBERRY~2#:#MINT~2,1.0#:#1.0,1.0,1.0,1
1485,BREAD_MINT,2,3345,1,4,0,0,0,0,BREAD~2#:#MINT~2,1.0#:#1.0,1.0,1.0,1
1486,BREAKFAST_MINT,2,3345,1,4,0,0,0,0,BREAKFAST~2#:#MINT~2,1.0#:#1.0,1.0,1.0,1
1487,BREAKFAST_SWEET,7,3345,1,4,0,0,0,0,BREAKFAST~2#:#SWEET~2,3.5#:#3.5,3.5,3.5,1
1488,MINT_MODERN,2,3345,1,4,0,0,0,0,MINT~2#:#MODERN~2,1.0#:#1.0,1.0,1.0,1
1489,MINT_SOFT,4,3345,1,4,0,0,0,0,MINT~2#:#SOFT~2,2.0#:#2.0,2.0,2.0,1
1490,MINT_SWEET,4,3345,2,4,0,0,0,0,MINT~2#:#SWEET~2,2.0#:#2.0,2.0,2.0,1
1491,BRITANNIA_MUFFIN,10,3345,0,4,0,0,0,0,BRITANNIA~3#:#MUFFIN~2,3.33#:#5.0,5.0,3.33,1
1492,BRITANNIA_ENGLISH,7,3345,0,4,0,0,0,0,BRITANNIA~3#:#ENGLISH~2,2.33#:#3.5,3.5,2.33,1
1493,MUFFIN_PACK,10,3345,1,4,0,0,0,0,MUFFIN~2#:#PACK~3,5.0#:#3.33,5.0,3.33,1
1494,ENGLISH_PACK,6,3345,1,4,0,0,0,0,ENGLISH~2#:#PACK~3,3.0#:#2.0,3.0,2.0,1
1495,ENGLISH_MUFFIN,12,3345,0,4,0,0,0,0,ENGLISH~2#:#MUFFIN~2,6.0#:#6.0,6.0,6.0,1
1496,MUFFIN_PLAIN,2,3345,0,4,0,0,0,0,MUFFIN~2#:#PLAIN~2,1.0#:#1.0,1.0,1.0,1
1497,ENGLISH_PLAIN,2,3345,0,4,0,0,0,0,ENGLISH~2#:#PLAIN~2,1.0#:#1.0,1.0,1.0,1
1498,BREAKFAST_BRITANNIA,11,3345,0,4,0,0,0,0,BREAKFAST~2#:#BRITANNIA~3,5.5#:#3.67,5.5,3.67,1
1499,BRITANNIA_SWEET,8,3345,1,4,0,0,0,0,BRITANNIA~3#:#SWEET~2,2.67#:#4.0,4.0,2.67,1
1500,BREAKFAST_ENGLISH,5,3345,0,4,0,0,0,0,BREAKFAST~2#:#ENGLISH~2,2.5#:#2.5,2.5,2.5,1
1501,BREAKFAST_MUFFIN,5,3345,0,4,0,0,0,0,BREAKFAST~2#:#MUFFIN~2,2.5#:#2.5,2.5,2.5,1
1502,BREAD_ENGLISH,6,3345,0,4,0,0,0,0,BREAD~2#:#ENGLISH~2,3.0#:#3.0,3.0,3.0,1
1503,BREAD_MUFFIN,5,3345,0,4,0,0,0,0,BREAD~2#:#MUFFIN~2,2.5#:#2.5,2.5,2.5,1
1504,ENGLISH_SOFT,3,3345,0,4,0,0,0,0,ENGLISH~2#:#SOFT~2,1.5#:#1.5,1.5,1.5,1
1505,MUFFIN_SOFT,3,3345,0,4,0,0,0,0,MUFFIN~2#:#SOFT~2,1.5#:#1.5,1.5,1.5,1
1506,BRITANNIA_LOW,4,3345,0,4,0,0,0,0,BRITANNIA~3#:#LOW~2,1.33#:#2.0,2.0,1.33,1
1507,BRITANNIA_ORIGINAL,4,3345,1,4,0,0,0,0,BRITANNIA~3#:#ORIGINAL~2,1.33#:#2.0,2.0,1.33,1
1508,BREAKFAST_ORIGINAL,2,3345,1,4,0,0,0,0,BREAKFAST~2#:#ORIGINAL~2,1.0#:#1.0,1.0,1.0,1
1509,BRITANNIA_BROWN,2,3345,1,4,0,0,0,0,BRITANNIA~3#:#BROWN~2,0.67#:#1.0,1.0,0.67,0
1510,BRITANNIA_CINNAMON,3,3345,0,4,0,0,0,0,BRITANNIA~3#:#CINNAMON~2,1.0#:#1.5,1.5,1.0,1
1511,BRITANNIA_LOAF,14,3345,0,4,0,0,0,0,BRITANNIA~3#:#LOAF~2,4.67#:#7.0,7.0,4.67,1
1512,BRITANNIA_OATS,2,3345,0,4,0,0,0,0,BRITANNIA~3#:#OATS~2,0.67#:#1.0,1.0,0.67,0
1513,BRITANNIA_SUGAR,5,3345,1,4,0,0,0,0,BRITANNIA~3#:#SUGAR~2,1.67#:#2.5,2.5,1.67,1
1514,BREAKFAST_LOAF,6,3345,0,4,0,0,0,0,BREAKFAST~2#:#LOAF~2,3.0#:#3.0,3.0,3.0,1
1515,BREAD_LOAF,32,3345,0,4,0,0,0,0,BREAD~2#:#LOAF~2,16.0#:#16.0,16.0,16.0,1
1516,BREAD_OATS,2,3345,0,4,0,0,0,0,BREAD~2#:#OATS~2,1.0#:#1.0,1.0,1.0,1
1517,BROWN_OATS,2,3345,1,4,0,0,0,0,BROWN~2#:#OATS~2,1.0#:#1.0,1.0,1.0,1
1518,CINNAMON_LOAF,4,3345,0,4,0,0,0,0,CINNAMON~2#:#LOAF~2,2.0#:#2.0,2.0,2.0,1
1519,CINNAMON_OATS,2,3345,0,4,0,0,0,0,CINNAMON~2#:#OATS~2,1.0#:#1.0,1.0,1.0,1
1520,CINNAMON_SUGAR,3,3345,1,4,0,0,0,0,CINNAMON~2#:#SUGAR~2,1.5#:#1.5,1.5,1.5,1
1521,LOAF_OATS,2,3345,0,4,0,0,0,0,LOAF~2#:#OATS~2,1.0#:#1.0,1.0,1.0,1
1522,LOAF_SOFT,15,3345,0,4,0,0,0,0,LOAF~2#:#SOFT~2,7.5#:#7.5,7.5,7.5,1
1523,OATS_SOFT,2,3345,0,4,0,0,0,0,OATS~2#:#SOFT~2,1.0#:#1.0,1.0,1.0,1
1524,OATS_SUGAR,2,3345,1,4,0,0,0,0,OATS~2#:#SUGAR~2,1.0#:#1.0,1.0,1.0,1
1525,SOFT_SUGAR,3,3345,1,4,0,0,0,0,SOFT~2#:#SUGAR~2,1.5#:#1.5,1.5,1.5,1
1526,BRITANNIA_FREE,3,3345,1,4,0,0,0,0,BRITANNIA~3#:#FREE~2,1.0#:#1.5,1.5,1.0,1
1527,BRITANNIA_GLUTEN,2,3345,0,4,0,0,0,0,BRITANNIA~3#:#GLUTEN~2,0.67#:#1.0,1.0,0.67,0
1528,CINNAMON_SWEET,3,3345,1,4,0,0,0,0,CINNAMON~2#:#SWEET~2,1.5#:#1.5,1.5,1.5,1
1529,FREE_LOAF,3,3345,1,4,0,0,0,0,FREE~2#:#LOAF~2,1.5#:#1.5,1.5,1.5,1
1530,FREE_SWEET,3,3345,2,4,0,0,0,0,FREE~2#:#SWEET~2,1.5#:#1.5,1.5,1.5,1
1531,GLUTEN_LOAF,3,3345,0,4,0,0,0,0,GLUTEN~2#:#LOAF~2,1.5#:#1.5,1.5,1.5,1
1532,GLUTEN_SWEET,2,3345,1,4,0,0,0,0,GLUTEN~2#:#SWEET~2,1.0#:#1.0,1.0,1.0,1
1533,LOAF_SWEET,6,3345,1,4,0,0,0,0,LOAF~2#:#SWEET~2,3.0#:#3.0,3.0,3.0,1
1534,BREAD_SLICED,4,3345,0,4,0,0,0,0,BREAD~2#:#SLICED~2,2.0#:#2.0,2.0,2.0,1
1535,BREAD_GOLD#HARVEST,24,3345,0,4,0,0,0,0,BREAD~2#:#GOLD#HARVEST~2,12.0#:#12.0,12.0,12.0,1
1536,SLICED_SOFT,3,3345,0,4,0,0,0,0,SLICED~2#:#SOFT~2,1.5#:#1.5,1.5,1.5,1
1537,GOLD#HARVEST_SLICED,4,3345,0,4,0,0,0,0,GOLD#HARVEST~2#:#SLICED~2,2.0#:#2.0,2.0,2.0,1
1538,GOLD#HARVEST_SOFT,12,3345,0,4,0,0,0,0,GOLD#HARVEST~2#:#SOFT~2,6.0#:#6.0,6.0,6.0,1
1539,BRITANNIA_FLAVOUR,11,3345,1,4,0,0,0,0,BRITANNIA~3#:#FLAVOUR~3,3.67#:#3.67,3.67,3.67,1
1540,BRITANNIA_SEASONING,2,3345,0,4,0,0,0,0,BRITANNIA~3#:#SEASONING~2,0.67#:#1.0,1.0,0.67,0
1541,FLAVOUR_SEASONING,2,3345,1,4,0,0,0,0,FLAVOUR~3#:#SEASONING~2,0.67#:#1.0,1.0,0.67,0
1542,BREAD_SEASONING,2,3345,0,4,0,0,0,0,BREAD~2#:#SEASONING~2,1.0#:#1.0,1.0,1.0,1
1543,GOLD#HARVEST_LOAF,14,3345,0,4,0,0,0,0,GOLD#HARVEST~2#:#LOAF~2,7.0#:#7.0,7.0,7.0,1
1544,GOLD#HARVEST_SWEET,3,3345,1,4,0,0,0,0,GOLD#HARVEST~2#:#SWEET~2,1.5#:#1.5,1.5,1.5,1
1545,BRITANNIA_WHITE,8,3345,1,4,0,0,0,0,BRITANNIA~3#:#WHITE~2,2.67#:#4.0,4.0,2.67,1
1546,BREAD_WHITE,5,3345,1,4,0,0,0,0,BREAD~2#:#WHITE~2,2.5#:#2.5,2.5,2.5,1
1547,LOAF_WHITE,4,3345,1,4,0,0,0,0,LOAF~2#:#WHITE~2,2.0#:#2.0,2.0,2.0,1
1548,BRITANNIA_PREMIUM,2,3345,0,4,0,0,0,0,BRITANNIA~3#:#PREMIUM~2,0.67#:#1.0,1.0,0.67,0
1549,BREAD_PREMIUM,3,3345,0,4,0,0,0,0,BREAD~2#:#PREMIUM~2,1.5#:#1.5,1.5,1.5,1
1550,CLASSIC_LOAF,2,3345,0,4,0,0,0,0,CLASSIC~2#:#LOAF~2,1.0#:#1.0,1.0,1.0,1
1551,CLASSIC_WHITE,4,3345,1,4,0,0,0,0,CLASSIC~2#:#WHITE~2,2.0#:#2.0,2.0,2.0,1
1552,LOAF_PREMIUM,3,3345,0,4,0,0,0,0,LOAF~2#:#PREMIUM~2,1.5#:#1.5,1.5,1.5,1
1553,PREMIUM_SOFT,3,3345,0,4,0,0,0,0,PREMIUM~2#:#SOFT~2,1.5#:#1.5,1.5,1.5,1
1554,SOFT_WHITE,4,3345,1,4,0,0,0,0,SOFT~2#:#WHITE~2,2.0#:#2.0,2.0,2.0,1
1555,BREAD_SANDWICH,15,3345,0,4,0,0,0,0,BREAD~2#:#SANDWICH~2,7.5#:#7.5,7.5,7.5,1
1556,LOAF_SANDWICH,13,3345,0,4,0,0,0,0,LOAF~2#:#SANDWICH~2,6.5#:#6.5,6.5,6.5,1
1557,SANDWICH_SOFT,8,3345,0,4,0,0,0,0,SANDWICH~2#:#SOFT~2,4.0#:#4.0,4.0,4.0,1
1558,GOLD#HARVEST_SANDWICH,11,3345,0,4,0,0,0,0,GOLD#HARVEST~2#:#SANDWICH~2,5.5#:#5.5,5.5,5.5,1
1559,BREAD_CRACKERS,2,3345,0,4,0,0,0,0,BREAD~2#:#CRACKERS~2,1.0#:#1.0,1.0,1.0,1
1560,BREAD_STYLE,5,3345,0,4,0,0,0,0,BREAD~2#:#STYLE~2,2.5#:#2.5,2.5,2.5,1
1561,BREAD_WHEAT,8,3345,0,4,0,0,0,0,BREAD~2#:#WHEAT~2,4.0#:#4.0,4.0,4.0,1
1562,CRACKERS_LOAF,2,3345,0,4,0,0,0,0,CRACKERS~2#:#LOAF~2,1.0#:#1.0,1.0,1.0,1
1563,CRACKERS_STYLE,2,3345,0,4,0,0,0,0,CRACKERS~2#:#STYLE~2,1.0#:#1.0,1.0,1.0,1
1564,CRACKERS_WHEAT,2,3345,0,4,0,0,0,0,CRACKERS~2#:#WHEAT~2,1.0#:#1.0,1.0,1.0,1
1565,CRACKERS_GOLD#HARVEST,2,3345,0,4,0,0,0,0,CRACKERS~2#:#GOLD#HARVEST~2,1.0#:#1.0,1.0,1.0,1
1566,LOAF_STYLE,4,3345,0,4,0,0,0,0,LOAF~2#:#STYLE~2,2.0#:#2.0,2.0,2.0,1
1567,LOAF_WHEAT,5,3345,0,4,0,0,0,0,LOAF~2#:#WHEAT~2,2.5#:#2.5,2.5,2.5,1
1568,SANDWICH_STYLE,3,3345,0,4,0,0,0,0,SANDWICH~2#:#STYLE~2,1.5#:#1.5,1.5,1.5,1
1569,SANDWICH_WHEAT,5,3345,0,4,0,0,0,0,SANDWICH~2#:#WHEAT~2,2.5#:#2.5,2.5,2.5,1
1570,STYLE_WHEAT,2,3345,0,4,0,0,0,0,STYLE~2#:#WHEAT~2,1.0#:#1.0,1.0,1.0,1
1571,GOLD#HARVEST_STYLE,2,3345,0,4,0,0,0,0,GOLD#HARVEST~2#:#STYLE~2,1.0#:#1.0,1.0,1.0,1
1572,GOLD#HARVEST_WHEAT,6,3345,0,4,0,0,0,0,GOLD#HARVEST~2#:#WHEAT~2,3.0#:#3.0,3.0,3.0,1
1573,BREAD_HEALTH,8,3345,0,4,0,0,0,0,BREAD~2#:#HEALTH~2,4.0#:#4.0,4.0,4.0,1
1574,BREAD_PERCENT,2,3345,0,4,0,0,0,0,BREAD~2#:#PERCENT~2,1.0#:#1.0,1.0,1.0,1
1575,BREAD_WHOLE,3,3345,0,4,0,0,0,0,BREAD~2#:#WHOLE~2,1.5#:#1.5,1.5,1.5,1
1576,HEALTH_LOAF,5,3345,0,4,0,0,0,0,HEALTH~2#:#LOAF~2,2.5#:#2.5,2.5,2.5,1
1577,HEALTH_PERCENT,2,3345,0,4,0,0,0,0,HEALTH~2#:#PERCENT~2,1.0#:#1.0,1.0,1.0,1
1578,HEALTH_SANDWICH,6,3345,0,4,0,0,0,0,HEALTH~2#:#SANDWICH~2,3.0#:#3.0,3.0,3.0,1
1579,HEALTH_WHEAT,2,3345,0,4,0,0,0,0,HEALTH~2#:#WHEAT~2,1.0#:#1.0,1.0,1.0,1
1580,HEALTH_WHOLE,2,3345,0,4,0,0,0,0,HEALTH~2#:#WHOLE~2,1.0#:#1.0,1.0,1.0,1
1581,GOLD#HARVEST_HEALTH,7,3345,0,4,0,0,0,0,GOLD#HARVEST~2#:#HEALTH~2,3.5#:#3.5,3.5,3.5,1
1582,PERCENT_SANDWICH,2,3345,0,4,0,0,0,0,PERCENT~2#:#SANDWICH~2,1.0#:#1.0,1.0,1.0,1
1583,PERCENT_WHEAT,2,3345,0,4,0,0,0,0,PERCENT~2#:#WHEAT~2,1.0#:#1.0,1.0,1.0,1
1584,PERCENT_WHOLE,2,3345,0,4,0,0,0,0,PERCENT~2#:#WHOLE~2,1.0#:#1.0,1.0,1.0,1
1585,GOLD#HARVEST_PERCENT,2,3345,0,4,0,0,0,0,GOLD#HARVEST~2#:#PERCENT~2,1.0#:#1.0,1.0,1.0,1
1586,SANDWICH_WHOLE,2,3345,0,4,0,0,0,0,SANDWICH~2#:#WHOLE~2,1.0#:#1.0,1.0,1.0,1
1587,SOFT_WHEAT,3,3345,0,4,0,0,0,0,SOFT~2#:#WHEAT~2,1.5#:#1.5,1.5,1.5,1
1588,WHEAT_WHOLE,7,3345,0,4,0,0,0,0,WHEAT~2#:#WHOLE~2,3.5#:#3.5,3.5,3.5,1
1589,GOLD#HARVEST_WHOLE,3,3345,0,4,0,0,0,0,GOLD#HARVEST~2#:#WHOLE~2,1.5#:#1.5,1.5,1.5,1
1590,BRITANNIA_SANDWICH,7,3345,0,4,0,0,0,0,BRITANNIA~3#:#SANDWICH~2,2.33#:#3.5,3.5,2.33,1
1591,BREAD_MULTIGRAIN,6,3345,0,4,0,0,0,0,BREAD~2#:#MULTIGRAIN~2,3.0#:#3.0,3.0,3.0,1
1592,LOAF_MULTIGRAIN,2,3345,0,4,0,0,0,0,LOAF~2#:#MULTIGRAIN~2,1.0#:#1.0,1.0,1.0,1
1593,LOAF_SLICED,4,3345,0,4,0,0,0,0,LOAF~2#:#SLICED~2,2.0#:#2.0,2.0,2.0,1
1594,MULTIGRAIN_SANDWICH,2,3345,0,4,0,0,0,0,MULTIGRAIN~2#:#SANDWICH~2,1.0#:#1.0,1.0,1.0,1
1595,GOLD#HARVEST_MULTIGRAIN,4,3345,0,4,0,0,0,0,GOLD#HARVEST~2#:#MULTIGRAIN~2,2.0#:#2.0,2.0,2.0,1
1596,SANDWICH_SLICED,5,3345,0,4,0,0,0,0,SANDWICH~2#:#SLICED~2,2.5#:#2.5,2.5,2.5,1
1597,CLASSIC_SANDWICH,2,3345,0,4,0,0,0,0,CLASSIC~2#:#SANDWICH~2,1.0#:#1.0,1.0,1.0,1
1598,SANDWICH_WHITE,2,3345,1,4,0,0,0,0,SANDWICH~2#:#WHITE~2,1.0#:#1.0,1.0,1.0,1
1599,LOAF_ORGANIC,5,3345,0,4,0,0,0,0,LOAF~2#:#ORGANIC~3,2.5#:#1.67,2.5,1.67,1
1600,BREAD_ORGANIC,5,3345,0,4,0,0,0,0,BREAD~2#:#ORGANIC~3,2.5#:#1.67,2.5,1.67,1
1601,ORGANIC_SANDWICH,3,3345,0,4,0,0,0,0,ORGANIC~3#:#SANDWICH~2,1.0#:#1.5,1.5,1.0,1
1602,ORGANIC_WHITE,5,3345,1,4,0,0,0,0,ORGANIC~3#:#WHITE~2,1.67#:#2.5,2.5,1.67,1
1603,GOLD#HARVEST_ORGANIC,5,3345,0,4,0,0,0,0,GOLD#HARVEST~2#:#ORGANIC~3,2.5#:#1.67,2.5,1.67,1
1604,BRITANNIA_RICH,3,3345,0,4,0,0,0,0,BRITANNIA~3#:#RICH~2,1.0#:#1.5,1.5,1.0,1
1605,HEALTH_ORGANIC,4,3345,0,4,0,0,0,0,HEALTH~2#:#ORGANIC~3,2.0#:#1.33,2.0,1.33,1
1606,ORGANIC_SLICED,4,3345,0,4,0,0,0,0,ORGANIC~3#:#SLICED~2,1.33#:#2.0,2.0,1.33,1
1607,HEALTH_THIN,3,3345,0,4,0,0,0,0,HEALTH~2#:#THIN~2,1.5#:#1.5,1.5,1.5,1
1608,BREAD_THIN,3,3345,0,4,0,0,0,0,BREAD~2#:#THIN~2,1.5#:#1.5,1.5,1.5,1
1609,GOLD#HARVEST_THIN,3,3345,0,4,0,0,0,0,GOLD#HARVEST~2#:#THIN~2,1.5#:#1.5,1.5,1.5,1
1610,HONEY_SOFT,2,3345,1,4,0,0,0,0,HONEY~2#:#SOFT~2,1.0#:#1.0,1.0,1.0,1
1611,SANDWICH_SWEET,2,3345,1,4,0,0,0,0,SANDWICH~2#:#SWEET~2,1.0#:#1.0,1.0,1.0,1
1612,BRITANNIA_STYLE,6,3345,0,4,0,0,0,0,BRITANNIA~3#:#STYLE~2,2.0#:#3.0,3.0,2.0,1
1613,SOFT_STYLE,5,3345,0,4,0,0,0,0,SOFT~2#:#STYLE~2,2.5#:#2.5,2.5,2.5,1
1614,BAKERY_BREAD,8,3345,0,4,0,0,0,0,BAKERY~2#:#BREAD~2,4.0#:#4.0,4.0,4.0,1
1615,BAKERY_LOAF,4,3345,0,4,0,0,0,0,BAKERY~2#:#LOAF~2,2.0#:#2.0,2.0,2.0,1
1616,BAKERY_MULTIGRAIN,2,3345,0,4,0,0,0,0,BAKERY~2#:#MULTIGRAIN~2,1.0#:#1.0,1.0,1.0,1
1617,BAKERY_GOLD#HARVEST,4,3345,0,4,0,0,0,0,BAKERY~2#:#GOLD#HARVEST~2,2.0#:#2.0,2.0,2.0,1
1618,GOLD#HARVEST_PREMIUM,2,3345,0,4,0,0,0,0,GOLD#HARVEST~2#:#PREMIUM~2,1.0#:#1.0,1.0,1.0,1
1619,BAKERY_BRITANNIA,3,3345,0,4,0,0,0,0,BAKERY~2#:#BRITANNIA~3,1.5#:#1.0,1.5,1.0,1
1620,BAKERY_SOFT,8,3345,0,4,0,0,0,0,BAKERY~2#:#SOFT~2,4.0#:#4.0,4.0,4.0,1
1621,POTATO_STYLE,2,3345,0,4,0,0,0,0,POTATO~2#:#STYLE~2,1.0#:#1.0,1.0,1.0,1
1622,BAKERY_MODERN,2,3345,0,4,0,0,0,0,BAKERY~2#:#MODERN~2,1.0#:#1.0,1.0,1.0,1
1623,BREAD_FRENCH,2,3345,0,4,0,0,0,0,BREAD~2#:#FRENCH~2,1.0#:#1.0,1.0,1.0,1
1624,FRENCH_MODERN,2,3345,0,4,0,0,0,0,FRENCH~2#:#MODERN~2,1.0#:#1.0,1.0,1.0,1
1625,FRENCH_SOFT,2,3345,0,4,0,0,0,0,FRENCH~2#:#SOFT~2,1.0#:#1.0,1.0,1.0,1
1626,BRITANNIA_BUNS,13,3345,0,4,0,0,0,0,BRITANNIA~3#:#BUNS~2,4.33#:#6.5,6.5,4.33,1
1627,BRITANNIA_ROLLS,12,3345,0,4,0,0,0,0,BRITANNIA~3#:#ROLLS~2,4.0#:#6.0,6.0,4.0,1
1628,CHICKEN_ROLLS,2,3345,0,4,0,0,0,0,CHICKEN~3#:#ROLLS~2,0.67#:#1.0,1.0,0.67,0
1629,BAKERY_BUNS,3,3345,0,4,0,0,0,0,BAKERY~2#:#BUNS~2,1.5#:#1.5,1.5,1.5,1
1630,BUNS_ROLLS,7,3345,0,4,0,0,0,0,BUNS~2#:#ROLLS~2,3.5#:#3.5,3.5,3.5,1
1631,BUNS_SOFT,13,3345,0,4,0,0,0,0,BUNS~2#:#SOFT~2,6.5#:#6.5,6.5,6.5,1
1632,BAKERY_ROLLS,5,3345,0,4,0,0,0,0,BAKERY~2#:#ROLLS~2,2.5#:#2.5,2.5,2.5,1
1633,ROLLS_SOFT,11,3345,0,4,0,0,0,0,ROLLS~2#:#SOFT~2,5.5#:#5.5,5.5,5.5,1
1634,BREAD_ROLLS,5,3345,0,4,0,0,0,0,BREAD~2#:#ROLLS~2,2.5#:#2.5,2.5,2.5,1
1635,GOLD#HARVEST_ROLLS,6,3345,0,4,0,0,0,0,GOLD#HARVEST~2#:#ROLLS~2,3.0#:#3.0,3.0,3.0,1
1636,BAKERY_CLASSIC,2,3345,0,4,0,0,0,0,BAKERY~2#:#CLASSIC~2,1.0#:#1.0,1.0,1.0,1
1637,BRITANNIA_FOR,3,3345,1,4,0,0,0,0,BRITANNIA~3#:#FOR~2,1.0#:#1.5,1.5,1.0,1
1638,BREAD_FOR,2,3345,1,4,0,0,0,0,BREAD~2#:#FOR~2,1.0#:#1.0,1.0,1.0,1
1639,CUBES_FOR,2,3345,1,4,0,0,0,0,CUBES~2#:#FOR~2,1.0#:#1.0,1.0,1.0,1
1640,BUNS_PACK,13,3345,1,4,0,0,0,0,BUNS~2#:#PACK~3,6.5#:#4.33,6.5,4.33,1
1641,BUNS_BURGER,8,3345,0,4,0,0,0,0,BUNS~2#:#BURGER~2,4.0#:#4.0,4.0,4.0,1
1642,BUNS_MODERN,2,3345,0,4,0,0,0,0,BUNS~2#:#MODERN~2,1.0#:#1.0,1.0,1.0,1
1643,BREAD_BUNS,7,3345,0,4,0,0,0,0,BREAD~2#:#BUNS~2,3.5#:#3.5,3.5,3.5,1
1644,BUNS_STYLE,2,3345,0,4,0,0,0,0,BUNS~2#:#STYLE~2,1.0#:#1.0,1.0,1.0,1
1645,BREAD_BURGER,2,3345,0,4,0,0,0,0,BREAD~2#:#BURGER~2,1.0#:#1.0,1.0,1.0,1
1646,BURGER_SOFT,2,3345,0,4,0,0,0,0,BURGER~2#:#SOFT~2,1.0#:#1.0,1.0,1.0,1
1647,BUNS_GOLD#HARVEST,7,3345,0,4,0,0,0,0,BUNS~2#:#GOLD#HARVEST~2,3.5#:#3.5,3.5,3.5,1
1648,BAKE_BRITANNIA,3,3345,0,4,0,0,0,0,BAKE~2#:#BRITANNIA~3,1.5#:#1.0,1.5,1.0,1
1649,BRITANNIA_PIZZA,4,3345,0,4,0,0,0,0,BRITANNIA~3#:#PIZZA~2,1.33#:#2.0,2.0,1.33,1
1650,BRITANNIA_THIN,2,3345,0,4,0,0,0,0,BRITANNIA~3#:#THIN~2,0.67#:#1.0,1.0,0.67,0
1651,PIZZA_THIN,2,3345,0,4,0,0,0,0,PIZZA~2#:#THIN~2,1.0#:#1.0,1.0,1.0,1
1652,BRITANNIA_DOG,3,3345,0,4,0,0,0,0,BRITANNIA~3#:#DOG~2,1.0#:#1.5,1.5,1.0,1
1653,BRITANNIA_HOT,3,3345,1,4,0,0,0,0,BRITANNIA~3#:#HOT~2,1.0#:#1.5,1.5,1.0,1
1654,BUNS_DOG,5,3345,0,4,0,0,0,0,BUNS~2#:#DOG~2,2.5#:#2.5,2.5,2.5,1
1655,BUNS_HOT,5,3345,1,4,0,0,0,0,BUNS~2#:#HOT~2,2.5#:#2.5,2.5,2.5,1
1656,BUNS_LOW,3,3345,0,4,0,0,0,0,BUNS~2#:#LOW~2,1.5#:#1.5,1.5,1.5,1
1657,DOG_HOT,6,3345,1,4,0,0,0,0,DOG~2#:#HOT~2,3.0#:#3.0,3.0,3.0,1
1658,DOG_LOW,2,3345,0,4,0,0,0,0,DOG~2#:#LOW~2,1.0#:#1.0,1.0,1.0,1
1659,DOG_ROLLS,5,3345,0,4,0,0,0,0,DOG~2#:#ROLLS~2,2.5#:#2.5,2.5,2.5,1
1660,DOG_SOFT,4,3345,0,4,0,0,0,0,DOG~2#:#SOFT~2,2.0#:#2.0,2.0,2.0,1
1661,HOT_LOW,2,3345,1,4,0,0,0,0,HOT~2#:#LOW~2,1.0#:#1.0,1.0,1.0,1
1662,HOT_ROLLS,4,3345,1,4,0,0,0,0,HOT~2#:#ROLLS~2,2.0#:#2.0,2.0,2.0,1
1663,HOT_SOFT,4,3345,1,4,0,0,0,0,HOT~2#:#SOFT~2,2.0#:#2.0,2.0,2.0,1
1664,LOW_ROLLS,2,3345,0,4,0,0,0,0,LOW~2#:#ROLLS~2,1.0#:#1.0,1.0,1.0,1
1665,LOW_SOFT,2,3345,0,4,0,0,0,0,LOW~2#:#SOFT~2,1.0#:#1.0,1.0,1.0,1
1666,BRITANNIA_MINT,16,3345,1,4,0,0,0,0,BRITANNIA~3#:#MINT~2,5.33#:#8.0,8.0,5.33,1
1667,PACK_SWEET,5,3345,2,4,0,0,0,0,PACK~3#:#SWEET~2,1.67#:#2.5,2.5,1.67,1
1668,BUNS_MINT,2,3345,1,4,0,0,0,0,BUNS~2#:#MINT~2,1.0#:#1.0,1.0,1.0,1
1669,HOT_PACK,4,3345,2,4,0,0,0,0,HOT~2#:#PACK~3,2.0#:#1.33,2.0,1.33,1
1670,GOLD#HARVEST_PACK,6,3345,1,4,0,0,0,0,GOLD#HARVEST~2#:#PACK~3,3.0#:#2.0,3.0,2.0,1
1671,BURGER_PREMIUM,2,3345,0,4,0,0,0,0,BURGER~2#:#PREMIUM~2,1.0#:#1.0,1.0,1.0,1
1672,BURGER_GOLD#HARVEST,3,3345,0,4,0,0,0,0,BURGER~2#:#GOLD#HARVEST~2,1.5#:#1.5,1.5,1.5,1
1673,LOW_PACK,2,3345,1,4,0,0,0,0,LOW~2#:#PACK~3,1.0#:#0.67,1.0,0.67,0
1674,MODERN_ROLLS,2,3345,0,4,0,0,0,0,MODERN~2#:#ROLLS~2,1.0#:#1.0,1.0,1.0,1
1675,HEALTH_MULTIGRAIN,2,3345,0,4,0,0,0,0,HEALTH~2#:#MULTIGRAIN~2,1.0#:#1.0,1.0,1.0,1
1676,SANDWICH_THIN,2,3345,0,4,0,0,0,0,SANDWICH~2#:#THIN~2,1.0#:#1.0,1.0,1.0,1
1677,BRITANNIA_BURGER,2,3345,0,4,0,0,0,0,BRITANNIA~3#:#BURGER~2,0.67#:#1.0,1.0,0.67,0
1678,BUNS_MULTIGRAIN,2,3345,0,4,0,0,0,0,BUNS~2#:#MULTIGRAIN~2,1.0#:#1.0,1.0,1.0,1
1679,BURGER_MULTIGRAIN,2,3345,0,4,0,0,0,0,BURGER~2#:#MULTIGRAIN~2,1.0#:#1.0,1.0,1.0,1
1680,BRITANNIA_SNACK,19,3345,0,4,0,0,0,0,BRITANNIA~3#:#SNACK~3,6.33#:#6.33,6.33,6.33,1
1681,AND_BRITANNIA,2,3345,0,4,0,0,0,0,AND~2#:#BRITANNIA~3,1.0#:#0.67,1.0,0.67,0
1682,BRITANNIA_SERVE,6,3345,0,4,0,0,0,0,BRITANNIA~3#:#SERVE~2,2.0#:#3.0,3.0,2.0,1
1683,BRITANNIA_STICK,3,3345,1,4,0,0,0,0,BRITANNIA~3#:#STICK~2,1.0#:#1.5,1.5,1.0,1
1684,SERVE_SNACK,5,3345,0,4,0,0,0,0,SERVE~2#:#SNACK~3,2.5#:#1.67,2.5,1.67,1
1685,ASSORTED_BRITANNIA,5,3345,0,4,0,0,0,0,ASSORTED~2#:#BRITANNIA~3,2.5#:#1.67,2.5,1.67,1
1686,BITE_BRITANNIA,2,3345,0,4,0,0,0,0,BITE~2#:#BRITANNIA~3,1.0#:#0.67,1.0,0.67,0
1687,BRITANNIA_FILLET,14,3345,0,4,0,0,0,0,BRITANNIA~3#:#FILLET~2,4.67#:#7.0,7.0,4.67,1
1688,ASSORTED_CREAMY,3,3345,1,4,0,0,0,0,ASSORTED~2#:#CREAMY~3,1.5#:#1.0,1.5,1.0,1
1689,CREAMY_FILLET,14,3345,1,4,0,0,0,0,CREAMY~3#:#FILLET~2,4.67#:#7.0,7.0,4.67,1
1690,ASSORTED_FILLET,4,3345,0,4,0,0,0,0,ASSORTED~2#:#FILLET~2,2.0#:#2.0,2.0,2.0,1
1691,ASSORTED_MUFFIN,2,3345,0,4,0,0,0,0,ASSORTED~2#:#MUFFIN~2,1.0#:#1.0,1.0,1.0,1
1692,BRITANNIA_FRESH,3,3345,1,4,0,0,0,0,BRITANNIA~3#:#FRESH~3,1.0#:#1.0,1.0,1.0,1
1693,PACK_PEANUT,8,3345,1,4,0,0,0,0,PACK~3#:#PEANUT~2,2.67#:#4.0,4.0,2.67,1
1694,BAKE_COOKIES,4,3345,0,4,0,0,0,0,BAKE~2#:#COOKIES~2,2.0#:#2.0,2.0,2.0,1
1695,BRITANNIA_CAKES,29,3345,0,4,0,0,0,0,BRITANNIA~3#:#CAKES~2,9.67#:#14.5,14.5,9.67,1
1696,CAKES_MINT,4,3345,1,4,0,0,0,0,CAKES~2#:#MINT~2,2.0#:#2.0,2.0,2.0,1
1697,BRITANNIA_LEMON,3,3345,1,4,0,0,0,0,BRITANNIA~3#:#LEMON~2,1.0#:#1.5,1.5,1.0,1
1698,BRITANNIA_ICED,5,3345,0,4,0,0,0,0,BRITANNIA~3#:#ICED~2,1.67#:#2.5,2.5,1.67,1
1699,ICED_PACK,3,3345,1,4,0,0,0,0,ICED~2#:#PACK~3,1.5#:#1.0,1.5,1.0,1
1700,ICED_LEMON,3,3345,1,4,0,0,0,0,ICED~2#:#LEMON~2,1.5#:#1.5,1.5,1.5,1
1701,CAKES_DESSERT,2,3345,0,4,0,0,0,0,CAKES~2#:#DESSERT~2,1.0#:#1.0,1.0,1.0,1
1702,CAKES_MONGINIS,5,3345,0,4,0,0,0,0,CAKES~2#:#MONGINIS~2,2.5#:#2.5,2.5,2.5,1
1703,CAKES_SLICED,5,3345,0,4,0,0,0,0,CAKES~2#:#SLICED~2,2.5#:#2.5,2.5,2.5,1
1704,CAKES_SOFT,2,3345,0,4,0,0,0,0,CAKES~2#:#SOFT~2,1.0#:#1.0,1.0,1.0,1
1705,DESSERT_PUMPKIN,3,3345,0,4,0,0,0,0,DESSERT~2#:#PUMPKIN~2,1.5#:#1.5,1.5,1.5,1
1706,DESSERT_SOFT,2,3345,0,4,0,0,0,0,DESSERT~2#:#SOFT~2,1.0#:#1.0,1.0,1.0,1
1707,MONGINIS_PUMPKIN,2,3345,0,4,0,0,0,0,MONGINIS~2#:#PUMPKIN~2,1.0#:#1.0,1.0,1.0,1
1708,MONGINIS_SLICED,2,3345,0,4,0,0,0,0,MONGINIS~2#:#SLICED~2,1.0#:#1.0,1.0,1.0,1
1709,MONGINIS_SOFT,3,3345,0,4,0,0,0,0,MONGINIS~2#:#SOFT~2,1.5#:#1.5,1.5,1.5,1
1710,BRITANNIA_CHOCOLATE,25,3345,0,4,0,0,0,0,BRITANNIA~3#:#CHOCOLATE~2,8.33#:#12.5,12.5,8.33,1
1711,CHOCOLATE_PACK,11,3345,1,4,0,0,0,0,CHOCOLATE~2#:#PACK~3,5.5#:#3.67,5.5,3.67,1
1712,CHOCOLATE_CREAMY,15,3345,1,4,0,0,0,0,CHOCOLATE~2#:#CREAMY~3,7.5#:#5.0,7.5,5.0,1
1713,CAKES_CREAMY,17,3345,1,4,0,0,0,0,CAKES~2#:#CREAMY~3,8.5#:#5.67,8.5,5.67,1
1714,CREAMY_ROLLS,4,3345,1,4,0,0,0,0,CREAMY~3#:#ROLLS~2,1.33#:#2.0,2.0,1.33,1
1715,CAKES_CHOCOLATE,12,3345,0,4,0,0,0,0,CAKES~2#:#CHOCOLATE~2,6.0#:#6.0,6.0,6.0,1
1716,CHOCOLATE_FILLET,8,3345,0,4,0,0,0,0,CHOCOLATE~2#:#FILLET~2,4.0#:#4.0,4.0,4.0,1
1717,CHOCOLATE_ROLLS,4,3345,0,4,0,0,0,0,CHOCOLATE~2#:#ROLLS~2,2.0#:#2.0,2.0,2.0,1
1718,CAKES_FILLET,11,3345,0,4,0,0,0,0,CAKES~2#:#FILLET~2,5.5#:#5.5,5.5,5.5,1
1719,CAKES_ROLLS,4,3345,0,4,0,0,0,0,CAKES~2#:#ROLLS~2,2.0#:#2.0,2.0,2.0,1
1720,FILLET_ROLLS,2,3345,0,4,0,0,0,0,FILLET~2#:#ROLLS~2,1.0#:#1.0,1.0,1.0,1
1721,CREAMY_SANDWICH,3,3345,1,4,0,0,0,0,CREAMY~3#:#SANDWICH~2,1.0#:#1.5,1.5,1.0,1
1722,PACK_SANDWICH,2,3345,1,4,0,0,0,0,PACK~3#:#SANDWICH~2,0.67#:#1.0,1.0,0.67,0
1723,BRITANNIA_VANILLA,7,3345,1,4,0,0,0,0,BRITANNIA~3#:#VANILLA~2,2.33#:#3.5,3.5,2.33,1
1724,CREAMY_VANILLA,14,3345,2,4,0,0,0,0,CREAMY~3#:#VANILLA~2,4.67#:#7.0,7.0,4.67,1
1725,ASSORTED_PACK,9,3345,1,4,0,0,0,0,ASSORTED~2#:#PACK~3,4.5#:#3.0,4.5,3.0,1
1726,PACK_VANILLA,5,3345,2,4,0,0,0,0,PACK~3#:#VANILLA~2,1.67#:#2.5,2.5,1.67,1
1727,ASSORTED_CAKES,5,3345,0,4,0,0,0,0,ASSORTED~2#:#CAKES~2,2.5#:#2.5,2.5,2.5,1
1728,CAKES_ICED,4,3345,0,4,0,0,0,0,CAKES~2#:#ICED~2,2.0#:#2.0,2.0,2.0,1
1729,ICED_VANILLA,2,3345,1,4,0,0,0,0,ICED~2#:#VANILLA~2,1.0#:#1.0,1.0,1.0,1
1730,CAKES_VANILLA,5,3345,1,4,0,0,0,0,CAKES~2#:#VANILLA~2,2.5#:#2.5,2.5,2.5,1
1731,ICED_SNACK,3,3345,0,4,0,0,0,0,ICED~2#:#SNACK~3,1.5#:#1.0,1.5,1.0,1
1732,LEMON_SNACK,2,3345,1,4,0,0,0,0,LEMON~2#:#SNACK~3,1.0#:#0.67,1.0,0.67,0
1733,CAKES_SNACK,8,3345,0,4,0,0,0,0,CAKES~2#:#SNACK~3,4.0#:#2.67,4.0,2.67,1
1734,CAKES_LEMON,2,3345,1,4,0,0,0,0,CAKES~2#:#LEMON~2,1.0#:#1.0,1.0,1.0,1
1735,BRITANNIA_STRAWBERRY,5,3345,1,4,0,0,0,0,BRITANNIA~3#:#STRAWBERRY~2,1.67#:#2.5,2.5,1.67,1
1736,CAKES_STRAWBERRY,2,3345,1,4,0,0,0,0,CAKES~2#:#STRAWBERRY~2,1.0#:#1.0,1.0,1.0,1
1737,CHOCOLATE_SNACK,7,3345,0,4,0,0,0,0,CHOCOLATE~2#:#SNACK~3,3.5#:#2.33,3.5,2.33,1
1738,BAR_BRITANNIA,3,3345,0,4,0,0,0,0,BAR~2#:#BRITANNIA~3,1.5#:#1.0,1.5,1.0,1
1739,BAR_CREAMY,3,3345,1,4,0,0,0,0,BAR~2#:#CREAMY~3,1.5#:#1.0,1.5,1.0,1
1740,BAR_CAKES,4,3345,0,4,0,0,0,0,BAR~2#:#CAKES~2,2.0#:#2.0,2.0,2.0,1
1741,BAR_FILLET,3,3345,0,4,0,0,0,0,BAR~2#:#FILLET~2,1.5#:#1.5,1.5,1.5,1
1742,CREAMY_SNACK,8,3345,1,4,0,0,0,0,CREAMY~3#:#SNACK~3,2.67#:#2.67,2.67,2.67,1
1743,SNACK_VANILLA,3,3345,1,4,0,0,0,0,SNACK~3#:#VANILLA~2,1.0#:#1.5,1.5,1.0,1
1744,BRITANNIA_FAMILY,2,3345,0,4,0,0,0,0,BRITANNIA~3#:#FAMILY~2,0.67#:#1.0,1.0,0.67,0
1745,BRITANNIA_PIECES,2,3345,0,4,0,0,0,0,BRITANNIA~3#:#PIECES~2,0.67#:#1.0,1.0,0.67,0
1746,FAMILY_PIECES,2,3345,0,4,0,0,0,0,FAMILY~2#:#PIECES~2,1.0#:#1.0,1.0,1.0,1
1747,CHOCOLATE_PIECES,2,3345,0,4,0,0,0,0,CHOCOLATE~2#:#PIECES~2,1.0#:#1.0,1.0,1.0,1
1748,CREAMY_RASPBERRY,2,3345,1,4,0,0,0,0,CREAMY~3#:#RASPBERRY~2,0.67#:#1.0,1.0,0.67,0
1749,FILLET_RASPBERRY,2,3345,0,4,0,0,0,0,FILLET~2#:#RASPBERRY~2,1.0#:#1.0,1.0,1.0,1
1750,BRITANNIA_WITH,4,3345,1,4,0,0,0,0,BRITANNIA~3#:#WITH~2,1.33#:#2.0,2.0,1.33,1
1751,BROWN_CHOCOLATE,2,3345,1,4,0,0,0,0,BROWN~2#:#CHOCOLATE~2,1.0#:#1.0,1.0,1.0,1
1752,CHOCOLATE_WITH,3,3345,1,4,0,0,0,0,CHOCOLATE~2#:#WITH~2,1.5#:#1.5,1.5,1.5,1
1753,FAMILY_FILLET,2,3345,0,4,0,0,0,0,FAMILY~2#:#FILLET~2,1.0#:#1.0,1.0,1.0,1
1754,BRITANNIA_COCONUT,2,3345,1,4,0,0,0,0,BRITANNIA~3#:#COCONUT~2,0.67#:#1.0,1.0,0.67,0
1755,COCONUT_CREAMY,3,3345,2,4,0,0,0,0,COCONUT~2#:#CREAMY~3,1.5#:#1.0,1.5,1.0,1
1756,CHOCOLATE_COCONUT,2,3345,1,4,0,0,0,0,CHOCOLATE~2#:#COCONUT~2,1.0#:#1.0,1.0,1.0,1
1757,PACK_SUGAR,5,3345,2,4,0,0,0,0,PACK~3#:#SUGAR~2,1.67#:#2.5,2.5,1.67,1
1758,COOKIES_SUGAR,2,3345,1,4,0,0,0,0,COOKIES~2#:#SUGAR~2,1.0#:#1.0,1.0,1.0,1
1759,BRITANNIA_CHIPS,2,3345,0,4,0,0,0,0,BRITANNIA~3#:#CHIPS~2,0.67#:#1.0,1.0,0.67,0
1760,DONUT_PACK,17,3345,1,4,0,0,0,0,DONUT~2#:#PACK~3,8.5#:#5.67,8.5,5.67,1
1761,MONGINIS_PACK,13,3345,1,4,0,0,0,0,MONGINIS~2#:#PACK~3,6.5#:#4.33,6.5,4.33,1
1762,PACK_WHITE,6,3345,2,4,0,0,0,0,PACK~3#:#WHITE~2,2.0#:#3.0,3.0,2.0,1
1763,CLASSIC_MONGINIS,2,3345,0,4,0,0,0,0,CLASSIC~2#:#MONGINIS~2,1.0#:#1.0,1.0,1.0,1
1764,CAKES_CLASSIC,2,3345,0,4,0,0,0,0,CAKES~2#:#CLASSIC~2,1.0#:#1.0,1.0,1.0,1
1765,DONUT_MONGINIS,12,3345,0,4,0,0,0,0,DONUT~2#:#MONGINIS~2,6.0#:#6.0,6.0,6.0,1
1766,CAKES_DONUT,2,3345,0,4,0,0,0,0,CAKES~2#:#DONUT~2,1.0#:#1.0,1.0,1.0,1
1767,DONUT_WHITE,2,3345,1,4,0,0,0,0,DONUT~2#:#WHITE~2,1.0#:#1.0,1.0,1.0,1
1768,MONGINIS_WHITE,2,3345,1,4,0,0,0,0,MONGINIS~2#:#WHITE~2,1.0#:#1.0,1.0,1.0,1
1769,CAKES_WHITE,3,3345,1,4,0,0,0,0,CAKES~2#:#WHITE~2,1.5#:#1.5,1.5,1.5,1
1770,ASSORTED_SNACK,2,3345,0,4,0,0,0,0,ASSORTED~2#:#SNACK~3,1.0#:#0.67,1.0,0.67,0
1771,FILLET_SNACK,4,3345,0,4,0,0,0,0,FILLET~2#:#SNACK~3,2.0#:#1.33,2.0,1.33,1
1772,CHIPS_PACK,5,3345,1,4,0,0,0,0,CHIPS~2#:#PACK~3,2.5#:#1.67,2.5,1.67,1
1773,MINT_MUFFIN,2,3345,1,4,0,0,0,0,MINT~2#:#MUFFIN~2,1.0#:#1.0,1.0,1.0,1
1774,CHIPS_MINT,2,3345,1,4,0,0,0,0,CHIPS~2#:#MINT~2,1.0#:#1.0,1.0,1.0,1
1775,BRITANNIA_PARTY,2,3345,0,4,0,0,0,0,BRITANNIA~3#:#PARTY~2,0.67#:#1.0,1.0,0.67,0
1776,ASSORTED_FLAVOUR,3,3345,1,4,0,0,0,0,ASSORTED~2#:#FLAVOUR~3,1.5#:#1.0,1.5,1.0,1
1777,FLAVOUR_MINT,3,3345,2,4,0,0,0,0,FLAVOUR~3#:#MINT~2,1.0#:#1.5,1.5,1.0,1
1778,PACK_PARTY,3,3345,1,4,0,0,0,0,PACK~3#:#PARTY~2,1.0#:#1.5,1.5,1.0,1
1779,ASSORTED_PARTY,2,3345,0,4,0,0,0,0,ASSORTED~2#:#PARTY~2,1.0#:#1.0,1.0,1.0,1
1780,BRITANNIA_SINGLE,5,3345,0,4,0,0,0,0,BRITANNIA~3#:#SINGLE~2,1.67#:#2.5,2.5,1.67,1
1781,CHOCOLATE_SERVE,3,3345,0,4,0,0,0,0,CHOCOLATE~2#:#SERVE~2,1.5#:#1.5,1.5,1.5,1
1782,CHOCOLATE_SINGLE,3,3345,0,4,0,0,0,0,CHOCOLATE~2#:#SINGLE~2,1.5#:#1.5,1.5,1.5,1
1783,CAKES_SERVE,5,3345,0,4,0,0,0,0,CAKES~2#:#SERVE~2,2.5#:#2.5,2.5,2.5,1
1784,CAKES_SINGLE,5,3345,0,4,0,0,0,0,CAKES~2#:#SINGLE~2,2.5#:#2.5,2.5,2.5,1
1785,FILLET_SERVE,3,3345,0,4,0,0,0,0,FILLET~2#:#SERVE~2,1.5#:#1.5,1.5,1.5,1
1786,FILLET_SINGLE,3,3345,0,4,0,0,0,0,FILLET~2#:#SINGLE~2,1.5#:#1.5,1.5,1.5,1
1787,LEMON_SERVE,2,3345,1,4,0,0,0,0,LEMON~2#:#SERVE~2,1.0#:#1.0,1.0,1.0,1
1788,LEMON_SINGLE,2,3345,1,4,0,0,0,0,LEMON~2#:#SINGLE~2,1.0#:#1.0,1.0,1.0,1
1789,BRITANNIA_DESSERT,3,3345,0,4,0,0,0,0,BRITANNIA~3#:#DESSERT~2,1.0#:#1.5,1.5,1.0,1
1790,CHOCOLATE_DESSERT,4,3345,0,4,0,0,0,0,CHOCOLATE~2#:#DESSERT~2,2.0#:#2.0,2.0,2.0,1
1791,FLAVOUR_MONGINIS,11,3345,1,4,0,0,0,0,FLAVOUR~3#:#MONGINIS~2,3.67#:#5.5,5.5,3.67,1
1792,FLAVOUR_PIE,6,3345,1,4,0,0,0,0,FLAVOUR~3#:#PIE~2,2.0#:#3.0,3.0,2.0,1
1793,FLAVOUR_SERVE,4,3345,1,4,0,0,0,0,FLAVOUR~3#:#SERVE~2,1.33#:#2.0,2.0,1.33,1
1794,FLAVOUR_SINGLE,4,3345,1,4,0,0,0,0,FLAVOUR~3#:#SINGLE~2,1.33#:#2.0,2.0,1.33,1
1795,MONGINIS_SNACK,7,3345,0,4,0,0,0,0,MONGINIS~2#:#SNACK~3,3.5#:#2.33,3.5,2.33,1
1796,SINGLE_SNACK,4,3345,0,4,0,0,0,0,SINGLE~2#:#SNACK~3,2.0#:#1.33,2.0,1.33,1
1797,MONGINIS_PIE,9,3345,0,4,0,0,0,0,MONGINIS~2#:#PIE~2,4.5#:#4.5,4.5,4.5,1
1798,MONGINIS_SERVE,6,3345,0,4,0,0,0,0,MONGINIS~2#:#SERVE~2,3.0#:#3.0,3.0,3.0,1
1799,MONGINIS_SINGLE,6,3345,0,4,0,0,0,0,MONGINIS~2#:#SINGLE~2,3.0#:#3.0,3.0,3.0,1
1800,LEMON_MONGINIS,2,3345,1,4,0,0,0,0,LEMON~2#:#MONGINIS~2,1.0#:#1.0,1.0,1.0,1
1801,PIE_SERVE,6,3345,0,4,0,0,0,0,PIE~2#:#SERVE~2,3.0#:#3.0,3.0,3.0,1
1802,PIE_SINGLE,6,3345,0,4,0,0,0,0,PIE~2#:#SINGLE~2,3.0#:#3.0,3.0,3.0,1
1803,CREAMY_MONGINIS,3,3345,1,4,0,0,0,0,CREAMY~3#:#MONGINIS~2,1.0#:#1.5,1.5,1.0,1
1804,FILLET_MONGINIS,3,3345,0,4,0,0,0,0,FILLET~2#:#MONGINIS~2,1.5#:#1.5,1.5,1.5,1
1805,CHOCOLATE_MONGINIS,3,3345,0,4,0,0,0,0,CHOCOLATE~2#:#MONGINIS~2,1.5#:#1.5,1.5,1.5,1
1806,CHOCOLATE_PIE,3,3345,0,4,0,0,0,0,CHOCOLATE~2#:#PIE~2,1.5#:#1.5,1.5,1.5,1
1807,CHERRY_FRUIT,2,3345,1,4,0,0,0,0,CHERRY~2#:#FRUIT~2,1.0#:#1.0,1.0,1.0,1
1808,CHERRY_MONGINIS,2,3345,1,4,0,0,0,0,CHERRY~2#:#MONGINIS~2,1.0#:#1.0,1.0,1.0,1
1809,CHERRY_PIE,2,3345,1,4,0,0,0,0,CHERRY~2#:#PIE~2,1.0#:#1.0,1.0,1.0,1
1810,CHERRY_SERVE,2,3345,1,4,0,0,0,0,CHERRY~2#:#SERVE~2,1.0#:#1.0,1.0,1.0,1
1811,CHERRY_SINGLE,2,3345,1,4,0,0,0,0,CHERRY~2#:#SINGLE~2,1.0#:#1.0,1.0,1.0,1
1812,FRUIT_MONGINIS,3,3345,0,4,0,0,0,0,FRUIT~2#:#MONGINIS~2,1.5#:#1.5,1.5,1.5,1
1813,FRUIT_PIE,3,3345,0,4,0,0,0,0,FRUIT~2#:#PIE~2,1.5#:#1.5,1.5,1.5,1
1814,FRUIT_SERVE,2,3345,0,4,0,0,0,0,FRUIT~2#:#SERVE~2,1.0#:#1.0,1.0,1.0,1
1815,FRUIT_SINGLE,2,3345,0,4,0,0,0,0,FRUIT~2#:#SINGLE~2,1.0#:#1.0,1.0,1.0,1
1816,CHERRY_FLAVOUR,3,3345,2,4,0,0,0,0,CHERRY~2#:#FLAVOUR~3,1.5#:#1.0,1.5,1.0,1
1817,APPLE_FLAVOUR,3,3345,2,4,0,0,0,0,APPLE~2#:#FLAVOUR~3,1.5#:#1.0,1.5,1.0,1
1818,APPLE_MONGINIS,5,3345,1,4,0,0,0,0,APPLE~2#:#MONGINIS~2,2.5#:#2.5,2.5,2.5,1
1819,APPLE_PIE,3,3345,1,4,0,0,0,0,APPLE~2#:#PIE~2,1.5#:#1.5,1.5,1.5,1
1820,APPLE_SERVE,2,3345,1,4,0,0,0,0,APPLE~2#:#SERVE~2,1.0#:#1.0,1.0,1.0,1
1821,APPLE_SINGLE,2,3345,1,4,0,0,0,0,APPLE~2#:#SINGLE~2,1.0#:#1.0,1.0,1.0,1
1822,APPLE_FRUIT,2,3345,1,4,0,0,0,0,APPLE~2#:#FRUIT~2,1.0#:#1.0,1.0,1.0,1
1823,BRITANNIA_DONUT,8,3345,0,4,0,0,0,0,BRITANNIA~3#:#DONUT~2,2.67#:#4.0,4.0,2.67,1
1824,DONUT_MINT,7,3345,1,4,0,0,0,0,DONUT~2#:#MINT~2,3.5#:#3.5,3.5,3.5,1
1825,CHOCOLATE_DONUT,6,3345,0,4,0,0,0,0,CHOCOLATE~2#:#DONUT~2,3.0#:#3.0,3.0,3.0,1
1826,BRITANNIA_POWDER,2,3345,1,4,0,0,0,0,BRITANNIA~3#:#POWDER~2,0.67#:#1.0,1.0,0.67,0
1827,MINT_SUGAR,2,3345,2,4,0,0,0,0,MINT~2#:#SUGAR~2,1.0#:#1.0,1.0,1.0,1
1828,DONUT_POWDER,3,3345,1,4,0,0,0,0,DONUT~2#:#POWDER~2,1.5#:#1.5,1.5,1.5,1
1829,DONUT_SUGAR,4,3345,1,4,0,0,0,0,DONUT~2#:#SUGAR~2,2.0#:#2.0,2.0,2.0,1
1830,POWDER_SUGAR,6,3345,2,4,0,0,0,0,POWDER~2#:#SUGAR~2,3.0#:#3.0,3.0,3.0,1
1831,CHEESE_CREAMY,13,3345,1,4,0,0,0,0,CHEESE~3#:#CREAMY~3,4.33#:#4.33,4.33,4.33,1
1832,AND_APPLE,6,3345,1,4,0,0,0,0,AND~2#:#APPLE~2,3.0#:#3.0,3.0,3.0,1
1833,AND_RASPBERRY,2,3345,0,4,0,0,0,0,AND~2#:#RASPBERRY~2,1.0#:#1.0,1.0,1.0,1
1834,FRUIT_RASPBERRY,3,3345,0,4,0,0,0,0,FRUIT~2#:#RASPBERRY~2,1.5#:#1.5,1.5,1.5,1
1835,MONGINIS_RASPBERRY,2,3345,0,4,0,0,0,0,MONGINIS~2#:#RASPBERRY~2,1.0#:#1.0,1.0,1.0,1
1836,DONUT_FLAVOUR,5,3345,1,4,0,0,0,0,DONUT~2#:#FLAVOUR~3,2.5#:#1.67,2.5,1.67,1
1837,FLAVOUR_PUMPKIN,3,3345,1,4,0,0,0,0,FLAVOUR~3#:#PUMPKIN~2,1.0#:#1.5,1.5,1.0,1
1838,DONUT_SOFT,3,3345,0,4,0,0,0,0,DONUT~2#:#SOFT~2,1.5#:#1.5,1.5,1.5,1
1839,CINNAMON_PACK,3,3345,1,4,0,0,0,0,CINNAMON~2#:#PACK~3,1.5#:#1.0,1.5,1.0,1
1840,DONUT_FILLET,2,3345,0,4,0,0,0,0,DONUT~2#:#FILLET~2,1.0#:#1.0,1.0,1.0,1
1841,CINNAMON_DONUT,2,3345,0,4,0,0,0,0,CINNAMON~2#:#DONUT~2,1.0#:#1.0,1.0,1.0,1
1842,ASSORTED_DONUT,4,3345,0,4,0,0,0,0,ASSORTED~2#:#DONUT~2,2.0#:#2.0,2.0,2.0,1
1843,ASSORTED_MONGINIS,2,3345,0,4,0,0,0,0,ASSORTED~2#:#MONGINIS~2,1.0#:#1.0,1.0,1.0,1
1844,BLUEBERRY_MONGINIS,2,3345,0,4,0,0,0,0,BLUEBERRY~2#:#MONGINIS~2,1.0#:#1.0,1.0,1.0,1
1845,DONUT_SNACK,3,3345,0,4,0,0,0,0,DONUT~2#:#SNACK~3,1.5#:#1.0,1.5,1.0,1
1846,SNACK_SUGAR,2,3345,1,4,0,0,0,0,SNACK~3#:#SUGAR~2,0.67#:#1.0,1.0,0.67,0
1847,BRITANNIA_HONEY,2,3345,1,4,0,0,0,0,BRITANNIA~3#:#HONEY~2,0.67#:#1.0,1.0,0.67,0
1848,FRESH_QUALITY,12,3345,1,4,0,0,0,0,FRESH~3#:#QUALITY~2,4.0#:#6.0,6.0,4.0,1
1849,APPLE_ORGANIC,4,3345,1,4,0,0,0,0,APPLE~2#:#ORGANIC~3,2.0#:#1.33,2.0,1.33,1
1850,ORGANIC_QUALITY,6,3345,0,4,0,0,0,0,ORGANIC~3#:#QUALITY~2,2.0#:#3.0,3.0,2.0,1
1851,APPLE_PREMIUM,4,3345,1,4,0,0,0,0,APPLE~2#:#PREMIUM~2,2.0#:#2.0,2.0,2.0,1
1852,APPLE_QUALITY,2,3345,1,4,0,0,0,0,APPLE~2#:#QUALITY~2,1.0#:#1.0,1.0,1.0,1
1853,CRISPY_FRESH,8,3345,1,4,0,0,0,0,CRISPY~2#:#FRESH~3,4.0#:#2.67,4.0,2.67,1
1854,CRISPY_ORGANIC,2,3345,0,4,0,0,0,0,CRISPY~2#:#ORGANIC~3,1.0#:#0.67,1.0,0.67,0
1855,AND_ORGANIC,5,3345,0,4,0,0,0,0,AND~2#:#ORGANIC~3,2.5#:#1.67,2.5,1.67,1
1856,AND_CRISPY,2,3345,0,4,0,0,0,0,AND~2#:#CRISPY~2,1.0#:#1.0,1.0,1.0,1
1857,APPLE_CRISPY,4,3345,1,4,0,0,0,0,APPLE~2#:#CRISPY~2,2.0#:#2.0,2.0,2.0,1
1858,APPLE_LARGE,10,3345,1,4,0,0,0,0,APPLE~2#:#LARGE~2,5.0#:#5.0,5.0,5.0,1
1859,APPLE_SIZE,9,3345,1,4,0,0,0,0,APPLE~2#:#SIZE~2,4.5#:#4.5,4.5,4.5,1
1860,LARGE_PREMIUM,5,3345,0,4,0,0,0,0,LARGE~2#:#PREMIUM~2,2.5#:#2.5,2.5,2.5,1
1861,PREMIUM_SIZE,2,3345,0,4,0,0,0,0,PREMIUM~2#:#SIZE~2,1.0#:#1.0,1.0,1.0,1
1862,FRESH_JUICE,11,3345,1,4,0,0,0,0,FRESH~3#:#JUICE~2,3.67#:#5.5,5.5,3.67,1
1863,FRESH_SWEET,19,3345,2,4,0,0,0,0,FRESH~3#:#SWEET~2,6.33#:#9.5,9.5,6.33,1
1864,FRESH_VARIETY,8,3345,1,4,0,0,0,0,FRESH~3#:#VARIETY~2,2.67#:#4.0,4.0,2.67,1
1865,APPLE_JUICE,7,3345,1,4,0,0,0,0,APPLE~2#:#JUICE~2,3.5#:#3.5,3.5,3.5,1
1866,APPLE_VARIETY,4,3345,1,4,0,0,0,0,APPLE~2#:#VARIETY~2,2.0#:#2.0,2.0,2.0,1
1867,AND_JUICE,7,3345,0,4,0,0,0,0,AND~2#:#JUICE~2,3.5#:#3.5,3.5,3.5,1
1868,JUICE_SWEET,6,3345,1,4,0,0,0,0,JUICE~2#:#SWEET~2,3.0#:#3.0,3.0,3.0,1
1869,SWEET_VARIETY,3,3345,1,4,0,0,0,0,SWEET~2#:#VARIETY~2,1.5#:#1.5,1.5,1.5,1
1870,EXTRA_VARIETY,2,3345,1,4,0,0,0,0,EXTRA~2#:#VARIETY~2,1.0#:#1.0,1.0,1.0,1
1871,CRISPY_SWEET,2,3345,1,4,0,0,0,0,CRISPY~2#:#SWEET~2,1.0#:#1.0,1.0,1.0,1
1872,FRESH_NATURAL,3,3345,2,4,0,0,0,0,FRESH~3#:#NATURAL~2,1.0#:#1.5,1.5,1.0,1
1873,APPLE_NATURAL,2,3345,2,4,0,0,0,0,APPLE~2#:#NATURAL~2,1.0#:#1.0,1.0,1.0,1
1874,JUICE_NATURAL,8,3345,1,4,0,0,0,0,JUICE~2#:#NATURAL~2,4.0#:#4.0,4.0,4.0,1
1875,FRESH_RED,29,3345,2,4,0,0,0,0,FRESH~3#:#RED~2,9.67#:#14.5,14.5,9.67,1
1876,APPLE_RED,7,3345,2,4,0,0,0,0,APPLE~2#:#RED~2,3.5#:#3.5,3.5,3.5,1
1877,LARGE_RED,7,3345,1,4,0,0,0,0,LARGE~2#:#RED~2,3.5#:#3.5,3.5,3.5,1
1878,RED_SIZE,8,3345,1,4,0,0,0,0,RED~2#:#SIZE~2,4.0#:#4.0,4.0,4.0,1
1879,FRESH_SMALL,7,3345,1,4,0,0,0,0,FRESH~3#:#SMALL~2,2.33#:#3.5,3.5,2.33,1
1880,APPLE_SMALL,2,3345,1,4,0,0,0,0,APPLE~2#:#SMALL~2,1.0#:#1.0,1.0,1.0,1
1881,RED_SMALL,2,3345,1,4,0,0,0,0,RED~2#:#SMALL~2,1.0#:#1.0,1.0,1.0,1
1882,SIZE_SMALL,6,3345,0,4,0,0,0,0,SIZE~2#:#SMALL~2,3.0#:#3.0,3.0,3.0,1
1883,FRESH_FRUIT,27,3345,1,4,0,0,0,0,FRESH~3#:#FRUIT~2,9.0#:#13.5,13.5,9.0,1
1884,FRESH_HASS,14,3345,1,4,0,0,0,0,FRESH~3#:#HASS~2,4.67#:#7.0,7.0,4.67,1
1885,FRESH_INDIA,2,3345,1,4,0,0,0,0,FRESH~3#:#INDIA~2,0.67#:#1.0,1.0,0.67,0
1886,AVOCADO_FRESH,14,3345,1,4,0,0,0,0,AVOCADO~2#:#FRESH~3,7.0#:#4.67,7.0,4.67,1
1887,ORGANIC_SIZE,2,3345,0,4,0,0,0,0,ORGANIC~3#:#SIZE~2,0.67#:#1.0,1.0,0.67,0
1888,FRUIT_HASS,11,3345,0,4,0,0,0,0,FRUIT~2#:#HASS~2,5.5#:#5.5,5.5,5.5,1
1889,AVOCADO_FRUIT,11,3345,0,4,0,0,0,0,AVOCADO~2#:#FRUIT~2,5.5#:#5.5,5.5,5.5,1
1890,FRUIT_SIZE,13,3345,0,4,0,0,0,0,FRUIT~2#:#SIZE~2,6.5#:#6.5,6.5,6.5,1
1891,FRUIT_SMALL,3,3345,0,4,0,0,0,0,FRUIT~2#:#SMALL~2,1.5#:#1.5,1.5,1.5,1
1892,AVOCADO_HASS,16,3345,0,4,0,0,0,0,AVOCADO~2#:#HASS~2,8.0#:#8.0,8.0,8.0,1
1893,HASS_SIZE,11,3345,0,4,0,0,0,0,HASS~2#:#SIZE~2,5.5#:#5.5,5.5,5.5,1
1894,AVOCADO_SIZE,11,3345,0,4,0,0,0,0,AVOCADO~2#:#SIZE~2,5.5#:#5.5,5.5,5.5,1
1895,FRESH_MEDIUM,13,3345,1,4,0,0,0,0,FRESH~3#:#MEDIUM~2,4.33#:#6.5,6.5,4.33,1
1896,FRESH_RELIANCE,28,3345,1,4,0,0,0,0,FRESH~3#:#RELIANCE~2,9.33#:#14.0,14.0,9.33,1
1897,AVOCADO_MEDIUM,7,3345,0,4,0,0,0,0,AVOCADO~2#:#MEDIUM~2,3.5#:#3.5,3.5,3.5,1
1898,AVOCADO_RELIANCE,10,3345,0,4,0,0,0,0,AVOCADO~2#:#RELIANCE~2,5.0#:#5.0,5.0,5.0,1
1899,FRUIT_MEDIUM,6,3345,0,4,0,0,0,0,FRUIT~2#:#MEDIUM~2,3.0#:#3.0,3.0,3.0,1
1900,FRUIT_RELIANCE,12,3345,0,4,0,0,0,0,FRUIT~2#:#RELIANCE~2,6.0#:#6.0,6.0,6.0,1
1901,HASS_MEDIUM,7,3345,0,4,0,0,0,0,HASS~2#:#MEDIUM~2,3.5#:#3.5,3.5,3.5,1
1902,HASS_RELIANCE,10,3345,0,4,0,0,0,0,HASS~2#:#RELIANCE~2,5.0#:#5.0,5.0,5.0,1
1903,MEDIUM_RELIANCE,6,3345,0,4,0,0,0,0,MEDIUM~2#:#RELIANCE~2,3.0#:#3.0,3.0,3.0,1
1904,MEDIUM_SIZE,9,3345,0,4,0,0,0,0,MEDIUM~2#:#SIZE~2,4.5#:#4.5,4.5,4.5,1
1905,RELIANCE_SIZE,10,3345,0,4,0,0,0,0,RELIANCE~2#:#SIZE~2,5.0#:#5.0,5.0,5.0,1
1906,AVOCADO_LARGE,7,3345,0,4,0,0,0,0,AVOCADO~2#:#LARGE~2,3.5#:#3.5,3.5,3.5,1
1907,FRUIT_LARGE,4,3345,0,4,0,0,0,0,FRUIT~2#:#LARGE~2,2.0#:#2.0,2.0,2.0,1
1908,HASS_LARGE,7,3345,0,4,0,0,0,0,HASS~2#:#LARGE~2,3.5#:#3.5,3.5,3.5,1
1909,LARGE_RELIANCE,5,3345,0,4,0,0,0,0,LARGE~2#:#RELIANCE~2,2.5#:#2.5,2.5,2.5,1
1910,FRESH_RASPBERRY,3,3345,1,4,0,0,0,0,FRESH~3#:#RASPBERRY~2,1.0#:#1.5,1.5,1.0,1
1911,PACK_RASPBERRY,3,3345,1,4,0,0,0,0,PACK~3#:#RASPBERRY~2,1.0#:#1.5,1.5,1.0,1
1912,FRESH_STRAWBERRY,6,3345,2,4,0,0,0,0,FRESH~3#:#STRAWBERRY~2,2.0#:#3.0,3.0,2.0,1
1913,CRANBERRY_DRIED,4,3345,0,4,0,0,0,0,CRANBERRY~2#:#DRIED~2,2.0#:#2.0,2.0,2.0,1
1914,BLUEBERRY_FRESH,3,3345,1,4,0,0,0,0,BLUEBERRY~2#:#FRESH~3,1.5#:#1.0,1.5,1.0,1
1915,ORGANIC_PACK,15,3345,1,4,0,0,0,0,ORGANIC~3#:#PACK~3,5.0#:#5.0,5.0,5.0,1
1916,JUICE_ORGANIC,3,3345,0,4,0,0,0,0,JUICE~2#:#ORGANIC~3,1.5#:#1.0,1.5,1.0,1
1917,JUICE_PACK,2,3345,1,4,0,0,0,0,JUICE~2#:#PACK~3,1.0#:#0.67,1.0,0.67,0
1918,JUICE_LEMON,3,3345,1,4,0,0,0,0,JUICE~2#:#LEMON~2,1.5#:#1.5,1.5,1.5,1
1919,FRESH_SEEDLESS,7,3345,1,4,0,0,0,0,FRESH~3#:#SEEDLESS~2,2.33#:#3.5,3.5,2.33,1
1920,PACK_SEEDLESS,2,3345,1,4,0,0,0,0,PACK~3#:#SEEDLESS~2,0.67#:#1.0,1.0,0.67,0
1921,CARB_FRESH,6,3345,1,4,0,0,0,0,CARB~2#:#FRESH~3,3.0#:#2.0,3.0,2.0,1
1922,AND_PREMIUM,3,3345,0,4,0,0,0,0,AND~2#:#PREMIUM~2,1.5#:#1.5,1.5,1.5,1
1923,JUICE_PREMIUM,5,3345,0,4,0,0,0,0,JUICE~2#:#PREMIUM~2,2.5#:#2.5,2.5,2.5,1
1924,PREMIUM_SWEET,4,3345,1,4,0,0,0,0,PREMIUM~2#:#SWEET~2,2.0#:#2.0,2.0,2.0,1
1925,GRAPES_GREEN,8,3345,0,4,0,0,0,0,GRAPES~2#:#GREEN~2,4.0#:#4.0,4.0,4.0,1
1926,GRAPES_SEEDLESS,14,3345,0,4,0,0,0,0,GRAPES~2#:#SEEDLESS~2,7.0#:#7.0,7.0,7.0,1
1927,GREEN_SEEDLESS,7,3345,0,4,0,0,0,0,GREEN~2#:#SEEDLESS~2,3.5#:#3.5,3.5,3.5,1
1928,GRAPES_RED,6,3345,1,4,0,0,0,0,GRAPES~2#:#RED~2,3.0#:#3.0,3.0,3.0,1
1929,RED_SEEDLESS,10,3345,1,4,0,0,0,0,RED~2#:#SEEDLESS~2,5.0#:#5.0,5.0,5.0,1
1930,FRUIT_RED,5,3345,1,4,0,0,0,0,FRUIT~2#:#RED~2,2.5#:#2.5,2.5,2.5,1
1931,RED_RELIANCE,2,3345,1,4,0,0,0,0,RED~2#:#RELIANCE~2,1.0#:#1.0,1.0,1.0,1
1932,LOOSE_ORGANIC,6,3345,0,4,0,0,0,0,LOOSE~2#:#ORGANIC~3,3.0#:#2.0,3.0,2.0,1
1933,ORGANIC_PEARL,3,3345,0,4,0,0,0,0,ORGANIC~3#:#PEARL~2,1.0#:#1.5,1.5,1.0,1
1934,LOOSE_PEARL,7,3345,0,4,0,0,0,0,LOOSE~2#:#PEARL~2,3.5#:#3.5,3.5,3.5,1
1935,FRESH_LOOSE,7,3345,1,4,0,0,0,0,FRESH~3#:#LOOSE~2,2.33#:#3.5,3.5,2.33,1
1936,FRESH_PEARL,8,3345,1,4,0,0,0,0,FRESH~3#:#PEARL~2,2.67#:#4.0,4.0,2.67,1
1937,FRESH_GREEN,18,3345,1,4,0,0,0,0,FRESH~3#:#GREEN~2,6.0#:#9.0,9.0,6.0,1
1938,GREEN_LOOSE,4,3345,0,4,0,0,0,0,GREEN~2#:#LOOSE~2,2.0#:#2.0,2.0,2.0,1
1939,LARGE_PEACH,5,3345,1,4,0,0,0,0,LARGE~2#:#PEACH~2,2.5#:#2.5,2.5,2.5,1
1940,LARGE_YELLOW,4,3345,0,4,0,0,0,0,LARGE~2#:#YELLOW~2,2.0#:#2.0,2.0,2.0,1
1941,PEACH_YELLOW,4,3345,1,4,0,0,0,0,PEACH~2#:#YELLOW~2,2.0#:#2.0,2.0,2.0,1
1942,FRESH_RICH,3,3345,1,4,0,0,0,0,FRESH~3#:#RICH~2,1.0#:#1.5,1.5,1.0,1
1943,FRESH_TROPICAL,2,3345,1,4,0,0,0,0,FRESH~3#:#TROPICAL~2,0.67#:#1.0,1.0,0.67,0
1944,FRUIT_TROPICAL,5,3345,0,4,0,0,0,0,FRUIT~2#:#TROPICAL~2,2.5#:#2.5,2.5,2.5,1
1945,FRESH_MANGO,3,3345,1,4,0,0,0,0,FRESH~3#:#MANGO~2,1.0#:#1.5,1.5,1.0,1
1946,FRESH_SEASONING,2,3345,1,4,0,0,0,0,FRESH~3#:#SEASONING~2,0.67#:#1.0,1.0,0.67,0
1947,FRUIT_MANGO,3,3345,0,4,0,0,0,0,FRUIT~2#:#MANGO~2,1.5#:#1.5,1.5,1.5,1
1948,FRUIT_SEASONING,2,3345,0,4,0,0,0,0,FRUIT~2#:#SEASONING~2,1.0#:#1.0,1.0,1.0,1
1949,MANGO_SEASONING,2,3345,0,4,0,0,0,0,MANGO~2#:#SEASONING~2,1.0#:#1.0,1.0,1.0,1
1950,MANGO_SIZE,3,3345,0,4,0,0,0,0,MANGO~2#:#SIZE~2,1.5#:#1.5,1.5,1.5,1
1951,MANGO_SMALL,2,3345,0,4,0,0,0,0,MANGO~2#:#SMALL~2,1.0#:#1.0,1.0,1.0,1
1952,MANGO_SWEET,3,3345,1,4,0,0,0,0,MANGO~2#:#SWEET~2,1.5#:#1.5,1.5,1.5,1
1953,SEASONING_SIZE,2,3345,0,4,0,0,0,0,SEASONING~2#:#SIZE~2,1.0#:#1.0,1.0,1.0,1
1954,SEASONING_SMALL,2,3345,0,4,0,0,0,0,SEASONING~2#:#SMALL~2,1.0#:#1.0,1.0,1.0,1
1955,SIZE_SWEET,2,3345,1,4,0,0,0,0,SIZE~2#:#SWEET~2,1.0#:#1.0,1.0,1.0,1
1956,JUICE_MANGO,3,3345,0,4,0,0,0,0,JUICE~2#:#MANGO~2,1.5#:#1.5,1.5,1.5,1
1957,JUICE_SIZE,2,3345,0,4,0,0,0,0,JUICE~2#:#SIZE~2,1.0#:#1.0,1.0,1.0,1
1958,QUALITY_SWEET,3,3345,1,4,0,0,0,0,QUALITY~2#:#SWEET~2,1.5#:#1.5,1.5,1.5,1
1959,FRUIT_JUICE,15,3345,0,4,0,0,0,0,FRUIT~2#:#JUICE~2,7.5#:#7.5,7.5,7.5,1
1960,FRUIT_PREMIUM,3,3345,0,4,0,0,0,0,FRUIT~2#:#PREMIUM~2,1.5#:#1.5,1.5,1.5,1
1961,PREMIUM_RED,4,3345,1,4,0,0,0,0,PREMIUM~2#:#RED~2,2.0#:#2.0,2.0,2.0,1
1962,QUALITY_RED,2,3345,1,4,0,0,0,0,QUALITY~2#:#RED~2,1.0#:#1.0,1.0,1.0,1
1963,RED_SWEET,3,3345,2,4,0,0,0,0,RED~2#:#SWEET~2,1.5#:#1.5,1.5,1.5,1
1964,FRESH_PUMPKIN,8,3345,1,4,0,0,0,0,FRESH~3#:#PUMPKIN~2,2.67#:#4.0,4.0,2.67,1
1965,FRESH_YELLOW,10,3345,1,4,0,0,0,0,FRESH~3#:#YELLOW~2,3.33#:#5.0,5.0,3.33,1
1966,PUMPKIN_YELLOW,2,3345,0,4,0,0,0,0,PUMPKIN~2#:#YELLOW~2,1.0#:#1.0,1.0,1.0,1
1967,BOTTLE_FRESH,2,3345,2,4,0,0,0,0,BOTTLE~2#:#FRESH~3,1.0#:#0.67,1.0,0.67,0
1968,FRESH_ONION,8,3345,1,4,0,0,0,0,FRESH~3#:#ONION~2,2.67#:#4.0,4.0,2.67,1
1969,FRESH_LEAVES,8,3345,1,4,0,0,0,0,FRESH~3#:#LEAVES~2,2.67#:#4.0,4.0,2.67,1
1970,FARM_FRESH,10,3345,1,4,0,0,0,0,FARM~2#:#FRESH~3,5.0#:#3.33,5.0,3.33,1
1971,GARLIC_ORGANIC,2,3345,0,4,0,0,0,0,GARLIC~2#:#ORGANIC~3,1.0#:#0.67,1.0,0.67,0
1972,FARM_ORGANIC,4,3345,0,4,0,0,0,0,FARM~2#:#ORGANIC~3,2.0#:#1.33,2.0,1.33,1
1973,FRESH_VEGETABLE,17,3345,1,4,0,0,0,0,FRESH~3#:#VEGETABLE~2,5.67#:#8.5,8.5,5.67,1
1974,ONION_ORGANIC,6,3345,0,4,0,0,0,0,ONION~2#:#ORGANIC~3,3.0#:#2.0,3.0,2.0,1
1975,GREEN_ORGANIC,9,3345,0,4,0,0,0,0,GREEN~2#:#ORGANIC~3,4.5#:#3.0,4.5,3.0,1
1976,ORGANIC_SALAD,7,3345,0,4,0,0,0,0,ORGANIC~3#:#SALAD~2,2.33#:#3.5,3.5,2.33,1
1977,ORGANIC_VEGETABLE,6,3345,0,4,0,0,0,0,ORGANIC~3#:#VEGETABLE~2,2.0#:#3.0,3.0,2.0,1
1978,GREEN_SALAD,3,3345,0,4,0,0,0,0,GREEN~2#:#SALAD~2,1.5#:#1.5,1.5,1.5,1
1979,SALAD_VEGETABLE,9,3345,0,4,0,0,0,0,SALAD~2#:#VEGETABLE~2,4.5#:#4.5,4.5,4.5,1
1980,CUCUMBERS_FRESH,6,3345,1,4,0,0,0,0,CUCUMBERS~2#:#FRESH~3,3.0#:#2.0,3.0,2.0,1
1981,FRESH_HOT,8,3345,2,4,0,0,0,0,FRESH~3#:#HOT~2,2.67#:#4.0,4.0,2.67,1
1982,FRESH_HOUSE,6,3345,1,4,0,0,0,0,FRESH~3#:#HOUSE~2,2.0#:#3.0,3.0,2.0,1
1983,ENGLISH_FRESH,4,3345,1,4,0,0,0,0,ENGLISH~2#:#FRESH~3,2.0#:#1.33,2.0,1.33,1
1984,CUCUMBERS_ORGANIC,6,3345,0,4,0,0,0,0,CUCUMBERS~2#:#ORGANIC~3,3.0#:#2.0,3.0,2.0,1
1985,HOT_ORGANIC,2,3345,1,4,0,0,0,0,HOT~2#:#ORGANIC~3,1.0#:#0.67,1.0,0.67,0
1986,HOUSE_ORGANIC,2,3345,0,4,0,0,0,0,HOUSE~2#:#ORGANIC~3,1.0#:#0.67,1.0,0.67,0
1987,ENGLISH_ORGANIC,4,3345,0,4,0,0,0,0,ENGLISH~2#:#ORGANIC~3,2.0#:#1.33,2.0,1.33,1
1988,CUCUMBERS_HOT,4,3345,1,4,0,0,0,0,CUCUMBERS~2#:#HOT~2,2.0#:#2.0,2.0,2.0,1
1989,CUCUMBERS_HOUSE,4,3345,0,4,0,0,0,0,CUCUMBERS~2#:#HOUSE~2,2.0#:#2.0,2.0,2.0,1
1990,CUCUMBERS_ENGLISH,6,3345,0,4,0,0,0,0,CUCUMBERS~2#:#ENGLISH~2,3.0#:#3.0,3.0,3.0,1
1991,CUCUMBERS_SALAD,3,3345,0,4,0,0,0,0,CUCUMBERS~2#:#SALAD~2,1.5#:#1.5,1.5,1.5,1
1992,CUCUMBERS_VEGETABLE,3,3345,0,4,0,0,0,0,CUCUMBERS~2#:#VEGETABLE~2,1.5#:#1.5,1.5,1.5,1
1993,HOT_HOUSE,7,3345,1,4,0,0,0,0,HOT~2#:#HOUSE~2,3.5#:#3.5,3.5,3.5,1
1994,ENGLISH_HOT,4,3345,1,4,0,0,0,0,ENGLISH~2#:#HOT~2,2.0#:#2.0,2.0,2.0,1
1995,HOT_SALAD,2,3345,1,4,0,0,0,0,HOT~2#:#SALAD~2,1.0#:#1.0,1.0,1.0,1
1996,HOT_VEGETABLE,2,3345,1,4,0,0,0,0,HOT~2#:#VEGETABLE~2,1.0#:#1.0,1.0,1.0,1
1997,ENGLISH_HOUSE,4,3345,0,4,0,0,0,0,ENGLISH~2#:#HOUSE~2,2.0#:#2.0,2.0,2.0,1
1998,HOUSE_SALAD,3,3345,0,4,0,0,0,0,HOUSE~2#:#SALAD~2,1.5#:#1.5,1.5,1.5,1
1999,HOUSE_VEGETABLE,2,3345,0,4,0,0,0,0,HOUSE~2#:#VEGETABLE~2,1.0#:#1.0,1.0,1.0,1
2000,ENGLISH_SALAD,2,3345,0,4,0,0,0,0,ENGLISH~2#:#SALAD~2,1.0#:#1.0,1.0,1.0,1
2001,ENGLISH_VEGETABLE,2,3345,0,4,0,0,0,0,ENGLISH~2#:#VEGETABLE~2,1.0#:#1.0,1.0,1.0,1
2002,ORGANIC_RED,6,3345,1,4,0,0,0,0,ORGANIC~3#:#RED~2,2.0#:#3.0,3.0,2.0,1
2003,RED_SALAD,3,3345,1,4,0,0,0,0,RED~2#:#SALAD~2,1.5#:#1.5,1.5,1.5,1
2004,RED_VEGETABLE,4,3345,1,4,0,0,0,0,RED~2#:#VEGETABLE~2,2.0#:#2.0,2.0,2.0,1
2005,CRISPY_VEGETABLE,4,3345,0,4,0,0,0,0,CRISPY~2#:#VEGETABLE~2,2.0#:#2.0,2.0,2.0,1
2006,CRISPY_SALAD,3,3345,0,4,0,0,0,0,CRISPY~2#:#SALAD~2,1.5#:#1.5,1.5,1.5,1
2007,DEL_TOMATO,3,3345,0,4,0,0,0,0,DEL~2#:#TOMATO~2,1.5#:#1.5,1.5,1.5,1
2008,DRIED_TOMATO,2,3345,0,4,0,0,0,0,DRIED~2#:#TOMATO~2,1.0#:#1.0,1.0,1.0,1
2009,MONTE_TOMATO,3,3345,0,4,0,0,0,0,MONTE~2#:#TOMATO~2,1.5#:#1.5,1.5,1.5,1
2010,BLEND_HERB,2,3345,0,4,0,0,0,0,BLEND~2#:#HERB~2,1.0#:#1.0,1.0,1.0,1
2011,COOKIES_HERB,2,3345,0,4,0,0,0,0,COOKIES~2#:#HERB~2,1.0#:#1.0,1.0,1.0,1
2012,COOKIES_READY#TO,4,3345,0,4,0,0,0,0,COOKIES~2#:#READY#TO~2,2.0#:#2.0,2.0,2.0,1
2013,GARLIC_HERB,6,3345,0,4,0,0,0,0,GARLIC~2#:#HERB~2,3.0#:#3.0,3.0,3.0,1
2014,GARLIC_PASTA,5,3345,0,4,0,0,0,0,GARLIC~2#:#PASTA~2,2.5#:#2.5,2.5,2.5,1
2015,PASTA_READY#TO,2,3345,0,4,0,0,0,0,PASTA~2#:#READY#TO~2,1.0#:#1.0,1.0,1.0,1
2016,FRESH_ITALIAN,4,3345,1,4,0,0,0,0,FRESH~3#:#ITALIAN~2,1.33#:#2.0,2.0,1.33,1
2017,FRESH_HERB,7,3345,1,4,0,0,0,0,FRESH~3#:#HERB~2,2.33#:#3.5,3.5,2.33,1
2018,ITALIAN_ORGANIC,2,3345,0,4,0,0,0,0,ITALIAN~2#:#ORGANIC~3,1.0#:#0.67,1.0,0.67,0
2019,HERB_ORGANIC,4,3345,0,4,0,0,0,0,HERB~2#:#ORGANIC~3,2.0#:#1.33,2.0,1.33,1
2020,HERB_ITALIAN,2,3345,0,4,0,0,0,0,HERB~2#:#ITALIAN~2,1.0#:#1.0,1.0,1.0,1
2021,LEAVES_ORGANIC,6,3345,0,4,0,0,0,0,LEAVES~2#:#ORGANIC~3,3.0#:#2.0,3.0,2.0,1
2022,HERB_LEAVES,2,3345,0,4,0,0,0,0,HERB~2#:#LEAVES~2,1.0#:#1.0,1.0,1.0,1
2023,FRESH_MUSHROOM,7,3345,1,4,0,0,0,0,FRESH~3#:#MUSHROOM~2,2.33#:#3.5,3.5,2.33,1
2024,BABY_ORGANIC,6,3345,1,4,0,0,0,0,BABY~2#:#ORGANIC~3,3.0#:#2.0,3.0,2.0,1
2025,MUSHROOM_ORGANIC,2,3345,0,4,0,0,0,0,MUSHROOM~2#:#ORGANIC~3,1.0#:#0.67,1.0,0.67,0
2026,BABY_PACK,7,3345,2,4,0,0,0,0,BABY~2#:#PACK~3,3.5#:#2.33,3.5,2.33,1
2027,MUSHROOM_PACK,3,3345,1,4,0,0,0,0,MUSHROOM~2#:#PACK~3,1.5#:#1.0,1.5,1.0,1
2028,BABY_MUSHROOM,2,3345,1,4,0,0,0,0,BABY~2#:#MUSHROOM~2,1.0#:#1.0,1.0,1.0,1
2029,MUSHROOM_WHOLE,3,3345,0,4,0,0,0,0,MUSHROOM~2#:#WHOLE~2,1.5#:#1.5,1.5,1.5,1
2030,MUSHROOM_SLICED,2,3345,0,4,0,0,0,0,MUSHROOM~2#:#SLICED~2,1.0#:#1.0,1.0,1.0,1
2031,ORGANIC_YELLOW,5,3345,0,4,0,0,0,0,ORGANIC~3#:#YELLOW~2,1.67#:#2.5,2.5,1.67,1
2032,ONION_SIZE,2,3345,0,4,0,0,0,0,ONION~2#:#SIZE~2,1.0#:#1.0,1.0,1.0,1
2033,ONION_YELLOW,6,3345,0,4,0,0,0,0,ONION~2#:#YELLOW~2,3.0#:#3.0,3.0,3.0,1
2034,SIZE_YELLOW,2,3345,0,4,0,0,0,0,SIZE~2#:#YELLOW~2,1.0#:#1.0,1.0,1.0,1
2035,ORGANIC_SWEET,5,3345,1,4,0,0,0,0,ORGANIC~3#:#SWEET~2,1.67#:#2.5,2.5,1.67,1
2036,ONION_PREMIUM,2,3345,0,4,0,0,0,0,ONION~2#:#PREMIUM~2,1.0#:#1.0,1.0,1.0,1
2037,ONION_QUALITY,2,3345,0,4,0,0,0,0,ONION~2#:#QUALITY~2,1.0#:#1.0,1.0,1.0,1
2038,ONION_SWEET,3,3345,1,4,0,0,0,0,ONION~2#:#SWEET~2,1.5#:#1.5,1.5,1.5,1
2039,FLAVOUR_MILD,13,3345,1,4,0,0,0,0,FLAVOUR~3#:#MILD~2,4.33#:#6.5,6.5,4.33,1
2040,FLAVOUR_SWEET,3,3345,2,4,0,0,0,0,FLAVOUR~3#:#SWEET~2,1.0#:#1.5,1.5,1.0,1
2041,FRESH_MILD,11,3345,1,4,0,0,0,0,FRESH~3#:#MILD~2,3.67#:#5.5,5.5,3.67,1
2042,MILD_SWEET,5,3345,1,4,0,0,0,0,MILD~2#:#SWEET~2,2.5#:#2.5,2.5,2.5,1
2043,SWEET_YELLOW,3,3345,1,4,0,0,0,0,SWEET~2#:#YELLOW~2,1.5#:#1.5,1.5,1.5,1
2044,ONION_RED,4,3345,1,4,0,0,0,0,ONION~2#:#RED~2,2.0#:#2.0,2.0,2.0,1
2045,FRESH_ORANGE,9,3345,1,4,0,0,0,0,FRESH~3#:#ORANGE~2,3.0#:#4.5,4.5,3.0,1
2046,ORANGE_ORGANIC,2,3345,0,4,0,0,0,0,ORANGE~2#:#ORGANIC~3,1.0#:#0.67,1.0,0.67,0
2047,ORGANIC_PEPPERS,2,3345,0,4,0,0,0,0,ORGANIC~3#:#PEPPERS~2,0.67#:#1.0,1.0,0.67,0
2048,ORANGE_PEPPERS,5,3345,0,4,0,0,0,0,ORANGE~2#:#PEPPERS~2,2.5#:#2.5,2.5,2.5,1
2049,ORANGE_PREMIUM,5,3345,0,4,0,0,0,0,ORANGE~2#:#PREMIUM~2,2.5#:#2.5,2.5,2.5,1
2050,PEPPERS_PREMIUM,3,3345,0,4,0,0,0,0,PEPPERS~2#:#PREMIUM~2,1.5#:#1.5,1.5,1.5,1
2051,PEPPERS_QUALITY,2,3345,0,4,0,0,0,0,PEPPERS~2#:#QUALITY~2,1.0#:#1.0,1.0,1.0,1
2052,PEPPERS_YELLOW,2,3345,0,4,0,0,0,0,PEPPERS~2#:#YELLOW~2,1.0#:#1.0,1.0,1.0,1
2053,HOT_ORANGE,2,3345,1,4,0,0,0,0,HOT~2#:#ORANGE~2,1.0#:#1.0,1.0,1.0,1
2054,HOT_PEPPERS,4,3345,1,4,0,0,0,0,HOT~2#:#PEPPERS~2,2.0#:#2.0,2.0,2.0,1
2055,HOUSE_ORANGE,2,3345,0,4,0,0,0,0,HOUSE~2#:#ORANGE~2,1.0#:#1.0,1.0,1.0,1
2056,HOUSE_PEPPERS,2,3345,0,4,0,0,0,0,HOUSE~2#:#PEPPERS~2,1.0#:#1.0,1.0,1.0,1
2057,PEPPERS_RED,3,3345,1,4,0,0,0,0,PEPPERS~2#:#RED~2,1.5#:#1.5,1.5,1.5,1
2058,CHILLI_FRESH,5,3345,1,4,0,0,0,0,CHILLI~2#:#FRESH~3,2.5#:#1.67,2.5,1.67,1
2059,FRESH_SPICY,5,3345,1,4,0,0,0,0,FRESH~3#:#SPICY~2,1.67#:#2.5,2.5,1.67,1
2060,CHILLI_MILD,3,3345,0,4,0,0,0,0,CHILLI~2#:#MILD~2,1.5#:#1.5,1.5,1.5,1
2061,CHILLI_PEPPERS,4,3345,0,4,0,0,0,0,CHILLI~2#:#PEPPERS~2,2.0#:#2.0,2.0,2.0,1
2062,GREEN_MILD,3,3345,0,4,0,0,0,0,GREEN~2#:#MILD~2,1.5#:#1.5,1.5,1.5,1
2063,GREEN_PEPPERS,2,3345,0,4,0,0,0,0,GREEN~2#:#PEPPERS~2,1.0#:#1.0,1.0,1.0,1
2064,GREEN_SPICY,2,3345,0,4,0,0,0,0,GREEN~2#:#SPICY~2,1.0#:#1.0,1.0,1.0,1
2065,MILD_SPICY,2,3345,0,4,0,0,0,0,MILD~2#:#SPICY~2,1.0#:#1.0,1.0,1.0,1
2066,AND_GREEN,4,3345,0,4,0,0,0,0,AND~2#:#GREEN~2,2.0#:#2.0,2.0,2.0,1
2067,AND_SPICY,3,3345,0,4,0,0,0,0,AND~2#:#SPICY~2,1.5#:#1.5,1.5,1.5,1
2068,FRESH_POTATO,4,3345,1,4,0,0,0,0,FRESH~3#:#POTATO~2,1.33#:#2.0,2.0,1.33,1
2069,ORGANIC_POTATO,6,3345,0,4,0,0,0,0,ORGANIC~3#:#POTATO~2,2.0#:#3.0,3.0,2.0,1
2070,BABY_POTATO,6,3345,1,4,0,0,0,0,BABY~2#:#POTATO~2,3.0#:#3.0,3.0,3.0,1
2071,PACK_RED,6,3345,2,4,0,0,0,0,PACK~3#:#RED~2,2.0#:#3.0,3.0,2.0,1
2072,POTATO_RED,5,3345,1,4,0,0,0,0,POTATO~2#:#RED~2,2.5#:#2.5,2.5,2.5,1
2073,AND_COOKIES,3,3345,0,4,0,0,0,0,AND~2#:#COOKIES~2,1.5#:#1.5,1.5,1.5,1
2074,COOKIES_PUMPKIN,2,3345,0,4,0,0,0,0,COOKIES~2#:#PUMPKIN~2,1.0#:#1.0,1.0,1.0,1
2075,AND_PUMPKIN,2,3345,0,4,0,0,0,0,AND~2#:#PUMPKIN~2,1.0#:#1.0,1.0,1.0,1
2076,AND_RED,3,3345,1,4,0,0,0,0,AND~2#:#RED~2,1.5#:#1.5,1.5,1.5,1
2077,AND_VEGETABLE,3,3345,0,4,0,0,0,0,AND~2#:#VEGETABLE~2,1.5#:#1.5,1.5,1.5,1
2078,PUMPKIN_RED,3,3345,1,4,0,0,0,0,PUMPKIN~2#:#RED~2,1.5#:#1.5,1.5,1.5,1
2079,PUMPKIN_SWEET,2,3345,1,4,0,0,0,0,PUMPKIN~2#:#SWEET~2,1.0#:#1.0,1.0,1.0,1
2080,PUMPKIN_VEGETABLE,2,3345,0,4,0,0,0,0,PUMPKIN~2#:#VEGETABLE~2,1.0#:#1.0,1.0,1.0,1
2081,SWEET_VEGETABLE,2,3345,1,4,0,0,0,0,SWEET~2#:#VEGETABLE~2,1.0#:#1.0,1.0,1.0,1
2082,FRESH_TOMATO,5,3345,1,4,0,0,0,0,FRESH~3#:#TOMATO~2,1.67#:#2.5,2.5,1.67,1
2083,RELIANCE_TOMATO,4,3345,0,4,0,0,0,0,RELIANCE~2#:#TOMATO~2,2.0#:#2.0,2.0,2.0,1
2084,LARGE_TOMATO,4,3345,0,4,0,0,0,0,LARGE~2#:#TOMATO~2,2.0#:#2.0,2.0,2.0,1
2085,CHICKEN_SALAD,5,3345,0,4,0,0,0,0,CHICKEN~3#:#SALAD~2,1.67#:#2.5,2.5,1.67,1
2086,EAT_FRESH,7,3345,1,4,0,0,0,0,EAT~2#:#FRESH~3,3.5#:#2.33,3.5,2.33,1
2087,BLEND_FRESH,4,3345,1,4,0,0,0,0,BLEND~2#:#FRESH~3,2.0#:#1.33,2.0,1.33,1
2088,AND_BLEND,2,3345,0,4,0,0,0,0,AND~2#:#BLEND~2,1.0#:#1.0,1.0,1.0,1
2089,BLEND_GREEN,2,3345,0,4,0,0,0,0,BLEND~2#:#GREEN~2,1.0#:#1.0,1.0,1.0,1
2090,GREEN_LEAVES,3,3345,0,4,0,0,0,0,GREEN~2#:#LEAVES~2,1.5#:#1.5,1.5,1.5,1
2091,LEAVES_SALAD,2,3345,0,4,0,0,0,0,LEAVES~2#:#SALAD~2,1.0#:#1.0,1.0,1.0,1
2092,FRESH_MIXED,6,3345,1,4,0,0,0,0,FRESH~3#:#MIXED~2,2.0#:#3.0,3.0,2.0,1
2093,MIXED_ORGANIC,2,3345,0,4,0,0,0,0,MIXED~2#:#ORGANIC~3,1.0#:#0.67,1.0,0.67,0
2094,MIXED_SALAD,2,3345,0,4,0,0,0,0,MIXED~2#:#SALAD~2,1.0#:#1.0,1.0,1.0,1
2095,BABY_SALAD,2,3345,1,4,0,0,0,0,BABY~2#:#SALAD~2,1.0#:#1.0,1.0,1.0,1
2096,CUP_FRESH,7,3345,1,4,0,0,0,0,CUP~2#:#FRESH~3,3.5#:#2.33,3.5,2.33,1
2097,CUP_FRUIT,9,3345,0,4,0,0,0,0,CUP~2#:#FRUIT~2,4.5#:#4.5,4.5,4.5,1
2098,CUP_LIGHT,4,3345,1,4,0,0,0,0,CUP~2#:#LIGHT~2,2.0#:#2.0,2.0,2.0,1
2099,CUP_RED,4,3345,1,4,0,0,0,0,CUP~2#:#RED~2,2.0#:#2.0,2.0,2.0,1
2100,CUP_SYRUP,3,3345,0,4,0,0,0,0,CUP~2#:#SYRUP~2,1.5#:#1.5,1.5,1.5,1
2101,FRUIT_LIGHT,3,3345,1,4,0,0,0,0,FRUIT~2#:#LIGHT~2,1.5#:#1.5,1.5,1.5,1
2102,FRUIT_SYRUP,3,3345,0,4,0,0,0,0,FRUIT~2#:#SYRUP~2,1.5#:#1.5,1.5,1.5,1
2103,LIGHT_RED,2,3345,2,4,0,0,0,0,LIGHT~2#:#RED~2,1.0#:#1.0,1.0,1.0,1
2104,LIGHT_SYRUP,3,3345,1,4,0,0,0,0,LIGHT~2#:#SYRUP~2,1.5#:#1.5,1.5,1.5,1
2105,RED_SYRUP,2,3345,1,4,0,0,0,0,RED~2#:#SYRUP~2,1.0#:#1.0,1.0,1.0,1
2106,FRUIT_SUGAR,2,3345,1,4,0,0,0,0,FRUIT~2#:#SUGAR~2,1.0#:#1.0,1.0,1.0,1
2107,BAR_MIX,5,3345,0,4,0,0,0,0,BAR~2#:#MIX~2,2.5#:#2.5,2.5,2.5,1
2108,MIX_YOGA,4,3345,0,4,0,0,0,0,MIX~2#:#YOGA~2,2.0#:#2.0,2.0,2.0,1
2109,PACK_PROTEIN,6,3345,1,4,0,0,0,0,PACK~3#:#PROTEIN~2,2.0#:#3.0,3.0,2.0,1
2110,BUTTER_PROTEIN,6,3345,1,4,0,0,0,0,BUTTER~2#:#PROTEIN~2,3.0#:#3.0,3.0,3.0,1
2111,BAR_GRAM,6,3345,0,4,0,0,0,0,BAR~2#:#GRAM~2,3.0#:#3.0,3.0,3.0,1
2112,GRAM_PEANUT,6,3345,0,4,0,0,0,0,GRAM~2#:#PEANUT~2,3.0#:#3.0,3.0,3.0,1
2113,GRAM_PROTEIN,8,3345,0,4,0,0,0,0,GRAM~2#:#PROTEIN~2,4.0#:#4.0,4.0,4.0,1
2114,PEANUT_PROTEIN,6,3345,0,4,0,0,0,0,PEANUT~2#:#PROTEIN~2,3.0#:#3.0,3.0,3.0,1
2115,GRAM_YOGA,3,3345,0,4,0,0,0,0,GRAM~2#:#YOGA~2,1.5#:#1.5,1.5,1.5,1
2116,PROTEIN_YOGA,4,3345,0,4,0,0,0,0,PROTEIN~2#:#YOGA~2,2.0#:#2.0,2.0,2.0,1
2117,FRESH_SNACK,10,3345,1,4,0,0,0,0,FRESH~3#:#SNACK~3,3.33#:#3.33,3.33,3.33,1
2118,DIP_FRESH,2,3345,1,4,0,0,0,0,DIP~2#:#FRESH~3,1.0#:#0.67,1.0,0.67,0
2119,FRESH_WITH,7,3345,2,4,0,0,0,0,FRESH~3#:#WITH~2,2.33#:#3.5,3.5,2.33,1
2120,DIP_PACK,5,3345,1,4,0,0,0,0,DIP~2#:#PACK~3,2.5#:#1.67,2.5,1.67,1
2121,PACK_WITH,4,3345,2,4,0,0,0,0,PACK~3#:#WITH~2,1.33#:#2.0,2.0,1.33,1
2122,DIP_SNACK,4,3345,0,4,0,0,0,0,DIP~2#:#SNACK~3,2.0#:#1.33,2.0,1.33,1
2123,AND_RANCH,2,3345,0,4,0,0,0,0,AND~2#:#RANCH~2,1.0#:#1.0,1.0,1.0,1
2124,AND_DIP,3,3345,0,4,0,0,0,0,AND~2#:#DIP~2,1.5#:#1.5,1.5,1.5,1
2125,CUP_CUTS,3,3345,0,4,0,0,0,0,CUP~2#:#CUTS~2,1.5#:#1.5,1.5,1.5,1
2126,CUTS_VEGETABLE,4,3345,0,4,0,0,0,0,CUTS~2#:#VEGETABLE~2,2.0#:#2.0,2.0,2.0,1
2127,CUP_EAT,4,3345,0,4,0,0,0,0,CUP~2#:#EAT~2,2.0#:#2.0,2.0,2.0,1
2128,CUP_READY#TO,4,3345,0,4,0,0,0,0,CUP~2#:#READY#TO~2,2.0#:#2.0,2.0,2.0,1
2129,COKE_PIECES,2,3345,0,4,0,0,0,0,COKE~2#:#PIECES~2,1.0#:#1.0,1.0,1.0,1
2130,PIECES_VEGETABLE,2,3345,0,4,0,0,0,0,PIECES~2#:#VEGETABLE~2,1.0#:#1.0,1.0,1.0,1
2131,PIECES_READY#TO,3,3345,0,4,0,0,0,0,PIECES~2#:#READY#TO~2,1.5#:#1.5,1.5,1.5,1
2132,MIXED_VARIETY,2,3345,0,4,0,0,0,0,MIXED~2#:#VARIETY~2,1.0#:#1.0,1.0,1.0,1
2133,ASSORTED_PIECES,2,3345,0,4,0,0,0,0,ASSORTED~2#:#PIECES~2,1.0#:#1.0,1.0,1.0,1
2134,CUP_MIXED,3,3345,0,4,0,0,0,0,CUP~2#:#MIXED~2,1.5#:#1.5,1.5,1.5,1
2135,CUTS_FRUIT,2,3345,0,4,0,0,0,0,CUTS~2#:#FRUIT~2,1.0#:#1.0,1.0,1.0,1
2136,EAT_FRUIT,4,3345,0,4,0,0,0,0,EAT~2#:#FRUIT~2,2.0#:#2.0,2.0,2.0,1
2137,BERRY_MIXED,2,3345,1,4,0,0,0,0,BERRY~2#:#MIXED~2,1.0#:#1.0,1.0,1.0,1
2138,FRUIT_READY#TO,4,3345,0,4,0,0,0,0,FRUIT~2#:#READY#TO~2,2.0#:#2.0,2.0,2.0,1
2139,EAT_PACK,3,3345,1,4,0,0,0,0,EAT~2#:#PACK~3,1.5#:#1.0,1.5,1.0,1
2140,READY#TO_STRAWBERRY,2,3345,1,4,0,0,0,0,READY#TO~2#:#STRAWBERRY~2,1.0#:#1.0,1.0,1.0,1
2141,FRESH_PINEAPPLE,4,3345,1,4,0,0,0,0,FRESH~3#:#PINEAPPLE~2,1.33#:#2.0,2.0,1.33,1
2142,FRUIT_PINEAPPLE,4,3345,0,4,0,0,0,0,FRUIT~2#:#PINEAPPLE~2,2.0#:#2.0,2.0,2.0,1
2143,CHIPS_GRAM,2,3345,0,4,0,0,0,0,CHIPS~2#:#GRAM~2,1.0#:#1.0,1.0,1.0,1
2144,GRAM_SWEET,2,3345,1,4,0,0,0,0,GRAM~2#:#SWEET~2,1.0#:#1.0,1.0,1.0,1
2145,CHIPS_SWEET,2,3345,1,4,0,0,0,0,CHIPS~2#:#SWEET~2,1.0#:#1.0,1.0,1.0,1
2146,DRIED_PACK,7,3345,1,4,0,0,0,0,DRIED~2#:#PACK~3,3.5#:#2.33,3.5,2.33,1
2147,HAPPILO_PACK,5,3345,1,4,0,0,0,0,HAPPILO~2#:#PACK~3,2.5#:#1.67,2.5,1.67,1
2148,DRIED_GRAM,4,3345,0,4,0,0,0,0,DRIED~2#:#GRAM~2,2.0#:#2.0,2.0,2.0,1
2149,DRIED_HAPPILO,5,3345,0,4,0,0,0,0,DRIED~2#:#HAPPILO~2,2.5#:#2.5,2.5,2.5,1
2150,GRAM_HAPPILO,2,3345,0,4,0,0,0,0,GRAM~2#:#HAPPILO~2,1.0#:#1.0,1.0,1.0,1
2151,CRANBERRY_HAPPILO,2,3345,0,4,0,0,0,0,CRANBERRY~2#:#HAPPILO~2,1.0#:#1.0,1.0,1.0,1
2152,PACK_SLICED,11,3345,1,4,0,0,0,0,PACK~3#:#SLICED~2,3.67#:#5.5,5.5,3.67,1
2153,GRAM_SLICED,2,3345,0,4,0,0,0,0,GRAM~2#:#SLICED~2,1.0#:#1.0,1.0,1.0,1
2154,DRIED_SLICED,3,3345,0,4,0,0,0,0,DRIED~2#:#SLICED~2,1.5#:#1.5,1.5,1.5,1
2155,PRESERVED_RAW,14,3345,0,4,0,0,0,0,PRESERVED~2#:#RAW~2,7.0#:#7.0,7.0,7.0,1
2156,DRINK_GRAPES,2,3345,0,4,0,0,0,0,DRINK~2#:#GRAPES~2,1.0#:#1.0,1.0,1.0,1
2157,BERRY_KOMBUCHA,4,3345,1,4,0,0,0,0,BERRY~2#:#KOMBUCHA~2,2.0#:#2.0,2.0,2.0,1
2158,BERRY_LEMON,2,3345,2,4,0,0,0,0,BERRY~2#:#LEMON~2,1.0#:#1.0,1.0,1.0,1
2159,KOMBUCHA_LEMON,2,3345,1,4,0,0,0,0,KOMBUCHA~2#:#LEMON~2,1.0#:#1.0,1.0,1.0,1
2160,CHOCOLATE_PRESERVED,2,3345,0,4,0,0,0,0,CHOCOLATE~2#:#PRESERVED~2,1.0#:#1.0,1.0,1.0,1
2161,CHOCOLATE_RAW,2,3345,0,4,0,0,0,0,CHOCOLATE~2#:#RAW~2,1.0#:#1.0,1.0,1.0,1
2162,DRINK_PRESERVED,4,3345,0,4,0,0,0,0,DRINK~2#:#PRESERVED~2,2.0#:#2.0,2.0,2.0,1
2163,DRINK_PROTEIN,5,3345,0,4,0,0,0,0,DRINK~2#:#PROTEIN~2,2.5#:#2.5,2.5,2.5,1
2164,DRINK_RAW,4,3345,0,4,0,0,0,0,DRINK~2#:#RAW~2,2.0#:#2.0,2.0,2.0,1
2165,LEMON_REAL,2,3345,1,4,0,0,0,0,LEMON~2#:#REAL~2,1.0#:#1.0,1.0,1.0,1
2166,DIP_JALAPENO,4,3345,0,4,0,0,0,0,DIP~2#:#JALAPENO~2,2.0#:#2.0,2.0,2.0,1
2167,CHEESE_DRESSING,2,3345,0,4,0,0,0,0,CHEESE~3#:#DRESSING~2,0.67#:#1.0,1.0,0.67,0
2168,CREAMY_DRESSING,2,3345,1,4,0,0,0,0,CREAMY~3#:#DRESSING~2,0.67#:#1.0,1.0,0.67,0
2169,CHEESE_VEEBA,2,3345,0,4,0,0,0,0,CHEESE~3#:#VEEBA~2,0.67#:#1.0,1.0,0.67,0
2170,DRESSING_SALAD,6,3345,0,4,0,0,0,0,DRESSING~2#:#SALAD~2,3.0#:#3.0,3.0,3.0,1
2171,PASTA_POTATO,2,3345,0,4,0,0,0,0,PASTA~2#:#POTATO~2,1.0#:#1.0,1.0,1.0,1
2172,CHEESE_PEPPERS,5,3345,0,4,0,0,0,0,CHEESE~3#:#PEPPERS~2,1.67#:#2.5,2.5,1.67,1
2173,PACK_PASTA,2,3345,1,4,0,0,0,0,PACK~3#:#PASTA~2,0.67#:#1.0,1.0,0.67,0
2174,MONTE_PACK,4,3345,1,4,0,0,0,0,MONTE~2#:#PACK~3,2.0#:#1.33,2.0,1.33,1
2175,DEL_PACK,5,3345,1,4,0,0,0,0,DEL~2#:#PACK~3,2.5#:#1.67,2.5,1.67,1
2176,PACK_VEEBA,3,3345,1,4,0,0,0,0,PACK~3#:#VEEBA~2,1.0#:#1.5,1.5,1.0,1
2177,HAM_PRASUMA,3,3345,0,4,0,0,0,0,HAM~2#:#PRASUMA~2,1.5#:#1.5,1.5,1.5,1
2178,PRASUMA_SLICED,3,3345,0,4,0,0,0,0,PRASUMA~2#:#SLICED~2,1.5#:#1.5,1.5,1.5,1
2179,MEATIGO_SALAMI,2,3345,0,4,0,0,0,0,MEATIGO~2#:#SALAMI~2,1.0#:#1.0,1.0,1.0,1
2180,CHICKEN_DEL,2,3345,0,4,0,0,0,0,CHICKEN~3#:#DEL~2,0.67#:#1.0,1.0,0.67,0
2181,DEL_SLICED,4,3345,0,4,0,0,0,0,DEL~2#:#SLICED~2,2.0#:#2.0,2.0,2.0,1
2182,DEL_SMOKE,2,3345,0,4,0,0,0,0,DEL~2#:#SMOKE~2,1.0#:#1.0,1.0,1.0,1
2183,MEATIGO_SLICED,2,3345,0,4,0,0,0,0,MEATIGO~2#:#SLICED~2,1.0#:#1.0,1.0,1.0,1
2184,MEATIGO_SMOKE,2,3345,0,4,0,0,0,0,MEATIGO~2#:#SMOKE~2,1.0#:#1.0,1.0,1.0,1
2185,CHICKEN_COLA,2,3345,0,4,0,0,0,0,CHICKEN~3#:#COLA~2,0.67#:#1.0,1.0,0.67,0
2186,COLA_CUTS,3,3345,0,4,0,0,0,0,COLA~2#:#CUTS~2,1.5#:#1.5,1.5,1.5,1
2187,HAM_MEATIGO,5,3345,0,4,0,0,0,0,HAM~2#:#MEATIGO~2,2.5#:#2.5,2.5,2.5,1
2188,HONEY_MEATIGO,2,3345,1,4,0,0,0,0,HONEY~2#:#MEATIGO~2,1.0#:#1.0,1.0,1.0,1
2189,BLACK_HAM,3,3345,1,4,0,0,0,0,BLACK~2#:#HAM~2,1.5#:#1.5,1.5,1.5,1
2190,CHEESE_PRASUMA,2,3345,0,4,0,0,0,0,CHEESE~3#:#PRASUMA~2,0.67#:#1.0,1.0,0.67,0
2191,BOX_CHEESE,3,3345,0,4,0,0,0,0,BOX~2#:#CHEESE~3,1.5#:#1.0,1.5,1.0,1
2192,PRASUMA_SNACK,2,3345,0,4,0,0,0,0,PRASUMA~2#:#SNACK~3,1.0#:#0.67,1.0,0.67,0
2193,BOX_SNACK,3,3345,0,4,0,0,0,0,BOX~2#:#SNACK~3,1.5#:#1.0,1.5,1.0,1
2194,PRASUMA_SALAMI,7,3345,0,4,0,0,0,0,PRASUMA~2#:#SALAMI~2,3.5#:#3.5,3.5,3.5,1
2195,PEPPERS_PRASUMA,2,3345,0,4,0,0,0,0,PEPPERS~2#:#PRASUMA~2,1.0#:#1.0,1.0,1.0,1
2196,CHEESE_PACK,19,3345,1,4,0,0,0,0,CHEESE~3#:#PACK~3,6.33#:#6.33,6.33,6.33,1
2197,PACK_SALAMI,2,3345,1,4,0,0,0,0,PACK~3#:#SALAMI~2,0.67#:#1.0,1.0,0.67,0
2198,MEATIGO_PACK,2,3345,1,4,0,0,0,0,MEATIGO~2#:#PACK~3,1.0#:#0.67,1.0,0.67,0
2199,SAUSAGE_SNACK,2,3345,0,4,0,0,0,0,SAUSAGE~2#:#SNACK~3,1.0#:#0.67,1.0,0.67,0
2200,CHEESE_HAM,2,3345,0,4,0,0,0,0,CHEESE~3#:#HAM~2,0.67#:#1.0,1.0,0.67,0
2201,AMUL_CHEESE,61,3345,0,4,0,0,0,0,AMUL~3#:#CHEESE~3,20.33#:#20.33,20.33,20.33,1
2202,AMUL_SLICED,12,3345,0,4,0,0,0,0,AMUL~3#:#SLICED~2,4.0#:#6.0,6.0,4.0,1
2203,CHEESE_SLICED,28,3345,0,4,0,0,0,0,CHEESE~3#:#SLICED~2,9.33#:#14.0,14.0,9.33,1
2204,BRITANNIA_CHEESE,36,3345,0,4,0,0,0,0,BRITANNIA~3#:#CHEESE~3,12.0#:#12.0,12.0,12.0,1
2205,BRITANNIA_SLICED,13,3345,0,4,0,0,0,0,BRITANNIA~3#:#SLICED~2,4.33#:#6.5,6.5,4.33,1
2206,AMUL_FRESH,17,3345,1,4,0,0,0,0,AMUL~3#:#FRESH~3,5.67#:#5.67,5.67,5.67,1
2207,AMUL_BLOCK,13,3345,0,4,0,0,0,0,AMUL~3#:#BLOCK~2,4.33#:#6.5,6.5,4.33,1
2208,CHEESE_FRESH,15,3345,1,4,0,0,0,0,CHEESE~3#:#FRESH~3,5.0#:#5.0,5.0,5.0,1
2209,BLOCK_CHEESE,16,3345,0,4,0,0,0,0,BLOCK~2#:#CHEESE~3,8.0#:#5.33,8.0,5.33,1
2210,BLOCK_FRESH,2,3345,1,4,0,0,0,0,BLOCK~2#:#FRESH~3,1.0#:#0.67,1.0,0.67,0
2211,AMUL_MOZZARELLA,5,3345,0,4,0,0,0,0,AMUL~3#:#MOZZARELLA~2,1.67#:#2.5,2.5,1.67,1
2212,CHEESE_MOZZARELLA,12,3345,0,4,0,0,0,0,CHEESE~3#:#MOZZARELLA~2,4.0#:#6.0,6.0,4.0,1
2213,AMUL_CHEDDAR,18,3345,0,4,0,0,0,0,AMUL~3#:#CHEDDAR~2,6.0#:#9.0,9.0,6.0,1
2214,BLOCK_CHEDDAR,7,3345,0,4,0,0,0,0,BLOCK~2#:#CHEDDAR~2,3.5#:#3.5,3.5,3.5,1
2215,BITE_CHEESE,3,3345,0,4,0,0,0,0,BITE~2#:#CHEESE~3,1.5#:#1.0,1.5,1.0,1
2216,AMUL_GOAT,3,3345,0,4,0,0,0,0,AMUL~3#:#GOAT~2,1.0#:#1.5,1.5,1.0,1
2217,CHEESE_GOAT,3,3345,0,4,0,0,0,0,CHEESE~3#:#GOAT~2,1.0#:#1.5,1.5,1.0,1
2218,AMUL_SMOKE,3,3345,0,4,0,0,0,0,AMUL~3#:#SMOKE~2,1.0#:#1.5,1.5,1.0,1
2219,CHEDDAR_SMOKE,4,3345,0,4,0,0,0,0,CHEDDAR~2#:#SMOKE~2,2.0#:#2.0,2.0,2.0,1
2220,AMUL_CUBES,10,3345,0,4,0,0,0,0,AMUL~3#:#CUBES~2,3.33#:#5.0,5.0,3.33,1
2221,CHEESE_CUBES,12,3345,0,4,0,0,0,0,CHEESE~3#:#CUBES~2,4.0#:#6.0,6.0,4.0,1
2222,AMUL_BLUEBERRY,2,3345,0,4,0,0,0,0,AMUL~3#:#BLUEBERRY~2,0.67#:#1.0,1.0,0.67,0
2223,AMUL_SPREAD,5,3345,0,4,0,0,0,0,AMUL~3#:#SPREAD~2,1.67#:#2.5,2.5,1.67,1
2224,CHEESE_SPREAD,15,3345,0,4,0,0,0,0,CHEESE~3#:#SPREAD~2,5.0#:#7.5,7.5,5.0,1
2225,BRITANNIA_SPREAD,10,3345,0,4,0,0,0,0,BRITANNIA~3#:#SPREAD~2,3.33#:#5.0,5.0,3.33,1
2226,CHEESE_EPIGAMIA,2,3345,0,4,0,0,0,0,CHEESE~3#:#EPIGAMIA~2,0.67#:#1.0,1.0,0.67,0
2227,EPIGAMIA_SPREAD,2,3345,0,4,0,0,0,0,EPIGAMIA~2#:#SPREAD~2,1.0#:#1.0,1.0,1.0,1
2228,GODREJ_SALAD,3,3345,0,4,0,0,0,0,GODREJ~2#:#SALAD~2,1.5#:#1.5,1.5,1.5,1
2229,SALAD_YUMMIEZ,3,3345,0,4,0,0,0,0,SALAD~2#:#YUMMIEZ~2,1.5#:#1.5,1.5,1.5,1
2230,PASTA_SALAD,7,3345,0,4,0,0,0,0,PASTA~2#:#SALAD~2,3.5#:#3.5,3.5,3.5,1
2231,PASTA_VEEBA,2,3345,0,4,0,0,0,0,PASTA~2#:#VEEBA~2,1.0#:#1.0,1.0,1.0,1
2232,SALAD_VEEBA,8,3345,0,4,0,0,0,0,SALAD~2#:#VEEBA~2,4.0#:#4.0,4.0,4.0,1
2233,POTATO_SALAD,9,3345,0,4,0,0,0,0,POTATO~2#:#SALAD~2,4.5#:#4.5,4.5,4.5,1
2234,PLATES_SALAD,3,3345,0,4,0,0,0,0,PLATES~2#:#SALAD~2,1.5#:#1.5,1.5,1.5,1
2235,SALAD_URBAN,3,3345,0,4,0,0,0,0,SALAD~2#:#URBAN~2,1.5#:#1.5,1.5,1.5,1
2236,CHEESE_SALAD,4,3345,0,4,0,0,0,0,CHEESE~3#:#SALAD~2,1.33#:#2.0,2.0,1.33,1
2237,CHEESE_WINGREENS,2,3345,0,4,0,0,0,0,CHEESE~3#:#WINGREENS~2,0.67#:#1.0,1.0,0.67,0
2238,PASTA_WINGREENS,3,3345,0,4,0,0,0,0,PASTA~2#:#WINGREENS~2,1.5#:#1.5,1.5,1.5,1
2239,SALAD_WINGREENS,9,3345,0,4,0,0,0,0,SALAD~2#:#WINGREENS~2,4.5#:#4.5,4.5,4.5,1
2240,POTATO_WINGREENS,5,3345,0,4,0,0,0,0,POTATO~2#:#WINGREENS~2,2.5#:#2.5,2.5,2.5,1
2241,DESSERT_YOGURT,7,3345,0,4,0,0,0,0,DESSERT~2#:#YOGURT~2,3.5#:#3.5,3.5,3.5,1
2242,DEL_SALAD,2,3345,0,4,0,0,0,0,DEL~2#:#SALAD~2,1.0#:#1.0,1.0,1.0,1
2243,BUTTER_ROLLS,2,3345,1,4,0,0,0,0,BUTTER~2#:#ROLLS~2,1.0#:#1.0,1.0,1.0,1
2244,ROLLS_SWEET,2,3345,1,4,0,0,0,0,ROLLS~2#:#SWEET~2,1.0#:#1.0,1.0,1.0,1
2245,CHEESE_MEAL,3,3345,0,4,0,0,0,0,CHEESE~3#:#MEAL~2,1.0#:#1.5,1.5,1.0,1
2246,CHEESE_RELIANCE,4,3345,0,4,0,0,0,0,CHEESE~3#:#RELIANCE~2,1.33#:#2.0,2.0,1.33,1
2247,CHICKEN_RELIANCE,5,3345,0,4,0,0,0,0,CHICKEN~3#:#RELIANCE~2,1.67#:#2.5,2.5,1.67,1
2248,FRESH_PLATES,12,3345,1,4,0,0,0,0,FRESH~3#:#PLATES~2,4.0#:#6.0,6.0,4.0,1
2249,MEAL_PLATES,4,3345,0,4,0,0,0,0,MEAL~2#:#PLATES~2,2.0#:#2.0,2.0,2.0,1
2250,MEAL_RELIANCE,3,3345,0,4,0,0,0,0,MEAL~2#:#RELIANCE~2,1.5#:#1.5,1.5,1.5,1
2251,PLATES_RELIANCE,12,3345,0,4,0,0,0,0,PLATES~2#:#RELIANCE~2,6.0#:#6.0,6.0,6.0,1
2252,CHEESE_FRUIT,2,3345,0,4,0,0,0,0,CHEESE~3#:#FRUIT~2,0.67#:#1.0,1.0,0.67,0
2253,CHICKEN_PARTY,4,3345,0,4,0,0,0,0,CHICKEN~3#:#PARTY~2,1.33#:#2.0,2.0,1.33,1
2254,CHEESE_CLASSIC,4,3345,0,4,0,0,0,0,CHEESE~3#:#CLASSIC~2,1.33#:#2.0,2.0,1.33,1
2255,CLASSIC_FRESH,4,3345,1,4,0,0,0,0,CLASSIC~2#:#FRESH~3,2.0#:#1.33,2.0,1.33,1
2256,CLASSIC_MEAL,3,3345,0,4,0,0,0,0,CLASSIC~2#:#MEAL~2,1.5#:#1.5,1.5,1.5,1
2257,CLASSIC_PLATES,2,3345,0,4,0,0,0,0,CLASSIC~2#:#PLATES~2,1.0#:#1.0,1.0,1.0,1
2258,CLASSIC_RELIANCE,2,3345,0,4,0,0,0,0,CLASSIC~2#:#RELIANCE~2,1.0#:#1.0,1.0,1.0,1
2259,DEL_FRESH,2,3345,1,4,0,0,0,0,DEL~2#:#FRESH~3,1.0#:#0.67,1.0,0.67,0
2260,FRESH_PARTY,3,3345,1,4,0,0,0,0,FRESH~3#:#PARTY~2,1.0#:#1.5,1.5,1.0,1
2261,PARTY_RELIANCE,3,3345,0,4,0,0,0,0,PARTY~2#:#RELIANCE~2,1.5#:#1.5,1.5,1.5,1
2262,FRESH_SANDWICH,3,3345,1,4,0,0,0,0,FRESH~3#:#SANDWICH~2,1.0#:#1.5,1.5,1.0,1
2263,FRESH_ROLLS,4,3345,1,4,0,0,0,0,FRESH~3#:#ROLLS~2,1.33#:#2.0,2.0,1.33,1
2264,COLA_FRESH,4,3345,1,4,0,0,0,0,COLA~2#:#FRESH~3,2.0#:#1.33,2.0,1.33,1
2265,RELIANCE_SNACK,2,3345,0,4,0,0,0,0,RELIANCE~2#:#SNACK~3,1.0#:#0.67,1.0,0.67,0
2266,PARTY_SNACK,2,3345,0,4,0,0,0,0,PARTY~2#:#SNACK~3,1.0#:#0.67,1.0,0.67,0
2267,SNACK_TUNA,5,3345,0,4,0,0,0,0,SNACK~3#:#TUNA~2,1.67#:#2.5,2.5,1.67,1
2268,AMUL_PACK,10,3345,1,4,0,0,0,0,AMUL~3#:#PACK~3,3.33#:#3.33,3.33,3.33,1
2269,AMUL_SNACK,5,3345,0,4,0,0,0,0,AMUL~3#:#SNACK~3,1.67#:#1.67,1.67,1.67,1
2270,SLICED_SNACK,2,3345,0,4,0,0,0,0,SLICED~2#:#SNACK~3,1.0#:#0.67,1.0,0.67,0
2271,CUBES_PACK,7,3345,1,4,0,0,0,0,CUBES~2#:#PACK~3,3.5#:#2.33,3.5,2.33,1
2272,PACK_TUNA,4,3345,1,4,0,0,0,0,PACK~3#:#TUNA~2,1.33#:#2.0,2.0,1.33,1
2273,AMUL_PIZZA,3,3345,0,4,0,0,0,0,AMUL~3#:#PIZZA~2,1.0#:#1.5,1.5,1.0,1
2274,DIP_VEEBA,14,3345,0,4,0,0,0,0,DIP~2#:#VEEBA~2,7.0#:#7.0,7.0,7.0,1
2275,AMUL_DIP,3,3345,0,4,0,0,0,0,AMUL~3#:#DIP~2,1.0#:#1.5,1.5,1.0,1
2276,DIP_SPREAD,3,3345,0,4,0,0,0,0,DIP~2#:#SPREAD~2,1.5#:#1.5,1.5,1.5,1
2277,DESSERT_DIP,2,3345,0,4,0,0,0,0,DESSERT~2#:#DIP~2,1.0#:#1.0,1.0,1.0,1
2278,DESSERT_EPIGAMIA,9,3345,0,4,0,0,0,0,DESSERT~2#:#EPIGAMIA~2,4.5#:#4.5,4.5,4.5,1
2279,EPIGAMIA_LEMON,3,3345,1,4,0,0,0,0,EPIGAMIA~2#:#LEMON~2,1.5#:#1.5,1.5,1.5,1
2280,DIP_SAUCE,2,3345,0,4,0,0,0,0,DIP~2#:#SAUCE~2,1.0#:#1.0,1.0,1.0,1
2281,SANDWICH_SAUCE,2,3345,0,4,0,0,0,0,SANDWICH~2#:#SAUCE~2,1.0#:#1.0,1.0,1.0,1
2282,SANDWICH_VEEBA,2,3345,0,4,0,0,0,0,SANDWICH~2#:#VEEBA~2,1.0#:#1.0,1.0,1.0,1
2283,DIP_ONION,6,3345,0,4,0,0,0,0,DIP~2#:#ONION~2,3.0#:#3.0,3.0,3.0,1
2284,ONION_VEEBA,6,3345,0,4,0,0,0,0,ONION~2#:#VEEBA~2,3.0#:#3.0,3.0,3.0,1
2285,CHOCOLATE_EPIGAMIA,5,3345,0,4,0,0,0,0,CHOCOLATE~2#:#EPIGAMIA~2,2.5#:#2.5,2.5,2.5,1
2286,HUMMUS_SPICY,2,3345,0,4,0,0,0,0,HUMMUS~2#:#SPICY~2,1.0#:#1.0,1.0,1.0,1
2287,HUMMUS_WINGREENS,6,3345,0,4,0,0,0,0,HUMMUS~2#:#WINGREENS~2,3.0#:#3.0,3.0,3.0,1
2288,SPICY_WINGREENS,2,3345,0,4,0,0,0,0,SPICY~2#:#WINGREENS~2,1.0#:#1.0,1.0,1.0,1
2289,HUMMUS_ROASTED,2,3345,0,4,0,0,0,0,HUMMUS~2#:#ROASTED~2,1.0#:#1.0,1.0,1.0,1
2290,HUMMUS_VEEBA,2,3345,0,4,0,0,0,0,HUMMUS~2#:#VEEBA~2,1.0#:#1.0,1.0,1.0,1
2291,HUMMUS_MANTRA,2,3345,0,4,0,0,0,0,HUMMUS~2#:#MANTRA~2,1.0#:#1.0,1.0,1.0,1
2292,CLASSIC_HUMMUS,5,3345,0,4,0,0,0,0,CLASSIC~2#:#HUMMUS~2,2.5#:#2.5,2.5,2.5,1
2293,HUMMUS_PACK,2,3345,1,4,0,0,0,0,HUMMUS~2#:#PACK~3,1.0#:#0.67,1.0,0.67,0
2294,PACK_WINGREENS,2,3345,1,4,0,0,0,0,PACK~3#:#WINGREENS~2,0.67#:#1.0,1.0,0.67,0
2295,HUMMUS_SNACK,2,3345,0,4,0,0,0,0,HUMMUS~2#:#SNACK~3,1.0#:#0.67,1.0,0.67,0
2296,SNACK_WINGREENS,2,3345,0,4,0,0,0,0,SNACK~3#:#WINGREENS~2,0.67#:#1.0,1.0,0.67,0
2297,DIP_SALT,7,3345,1,4,0,0,0,0,DIP~2#:#SALT~2,3.5#:#3.5,3.5,3.5,1
2298,SALT_VEEBA,4,3345,1,4,0,0,0,0,SALT~2#:#VEEBA~2,2.0#:#2.0,2.0,2.0,1
2299,SALT_WINGREENS,5,3345,1,4,0,0,0,0,SALT~2#:#WINGREENS~2,2.5#:#2.5,2.5,2.5,1
2300,GREEN_WINGREENS,2,3345,0,4,0,0,0,0,GREEN~2#:#WINGREENS~2,1.0#:#1.0,1.0,1.0,1
2301,BORGES_OLIVES,3,3345,0,4,0,0,0,0,BORGES~2#:#OLIVES~2,1.5#:#1.5,1.5,1.5,1
2302,CHIPS_PICKLED,2,3345,0,4,0,0,0,0,CHIPS~2#:#PICKLED~2,1.0#:#1.0,1.0,1.0,1
2303,CRACKERS_MINT,2,3345,1,4,0,0,0,0,CRACKERS~2#:#MINT~2,1.0#:#1.0,1.0,1.0,1
2304,CRISPY_TOO#YUMM,2,3345,0,4,0,0,0,0,CRISPY~2#:#TOO#YUMM~2,1.0#:#1.0,1.0,1.0,1
2305,MINT_SENSODYNE,3,3345,2,4,0,0,0,0,MINT~2#:#SENSODYNE~2,1.5#:#1.5,1.5,1.5,1
2306,MINT_TOOTHPASTE,4,3345,2,4,0,0,0,0,MINT~2#:#TOOTHPASTE~2,2.0#:#2.0,2.0,2.0,1
2307,SENSODYNE_TOOTHPASTE,18,3345,2,4,0,0,0,0,SENSODYNE~2#:#TOOTHPASTE~2,9.0#:#9.0,9.0,9.0,1
2308,FOR_SENSODYNE,2,3345,2,4,0,0,0,0,FOR~2#:#SENSODYNE~2,1.0#:#1.0,1.0,1.0,1
2309,FOR_TOOTHPASTE,2,3345,2,4,0,0,0,0,FOR~2#:#TOOTHPASTE~2,1.0#:#1.0,1.0,1.0,1
2310,SENSITIVE_SENSODYNE,5,3345,2,4,0,0,0,0,SENSITIVE~2#:#SENSODYNE~2,2.5#:#2.5,2.5,2.5,1
2311,SENSITIVE_TOOTHPASTE,5,3345,2,4,0,0,0,0,SENSITIVE~2#:#TOOTHPASTE~2,2.5#:#2.5,2.5,2.5,1
2312,FLAVOUR_FOR,2,3345,2,4,0,0,0,0,FLAVOUR~3#:#FOR~2,0.67#:#1.0,1.0,0.67,0
2313,FRESH_SENSODYNE,4,3345,2,4,0,0,0,0,FRESH~3#:#SENSODYNE~2,1.33#:#2.0,2.0,1.33,1
2314,FRESH_TOOTHPASTE,4,3345,2,4,0,0,0,0,FRESH~3#:#TOOTHPASTE~2,1.33#:#2.0,2.0,1.33,1
2315,CARB_SENSODYNE,2,3345,1,4,0,0,0,0,CARB~2#:#SENSODYNE~2,1.0#:#1.0,1.0,1.0,1
2316,CARB_TOOTHPASTE,2,3345,1,4,0,0,0,0,CARB~2#:#TOOTHPASTE~2,1.0#:#1.0,1.0,1.0,1
2317,FRESH_MINT,2,3345,2,4,0,0,0,0,FRESH~3#:#MINT~2,0.67#:#1.0,1.0,0.67,0
2318,CLEAR_TOOTHPASTE,2,3345,1,4,0,0,0,0,CLEAR~2#:#TOOTHPASTE~2,1.0#:#1.0,1.0,1.0,1
2319,TOOTHPASTE_WHITE,7,3345,2,4,0,0,0,0,TOOTHPASTE~2#:#WHITE~2,3.5#:#3.5,3.5,3.5,1
2320,PACK_TOOTHPASTE,2,3345,2,4,0,0,0,0,PACK~3#:#TOOTHPASTE~2,0.67#:#1.0,1.0,0.67,0
2321,CLEAR_SENSITIVE,2,3345,1,4,0,0,0,0,CLEAR~2#:#SENSITIVE~2,1.0#:#1.0,1.0,1.0,1
2322,EXTRA_SENSODYNE,2,3345,2,4,0,0,0,0,EXTRA~2#:#SENSODYNE~2,1.0#:#1.0,1.0,1.0,1
2323,EXTRA_TOOTHPASTE,2,3345,2,4,0,0,0,0,EXTRA~2#:#TOOTHPASTE~2,1.0#:#1.0,1.0,1.0,1
2324,NIVEA_PACK,4,3345,2,4,0,0,0,0,NIVEA~2#:#PACK~3,2.0#:#1.33,2.0,1.33,1
2325,CARB_PACK,2,3345,1,4,0,0,0,0,CARB~2#:#PACK~3,1.0#:#0.67,1.0,0.67,0
2326,PACK_STICK,6,3345,2,4,0,0,0,0,PACK~3#:#STICK~2,2.0#:#3.0,3.0,2.0,1
2327,LIP_NIVEA,4,3345,2,4,0,0,0,0,LIP~2#:#NIVEA~2,2.0#:#2.0,2.0,2.0,1
2328,LIP_ORIGINAL,2,3345,2,4,0,0,0,0,LIP~2#:#ORIGINAL~2,1.0#:#1.0,1.0,1.0,1
2329,CARB_LIP,2,3345,1,4,0,0,0,0,CARB~2#:#LIP~2,1.0#:#1.0,1.0,1.0,1
2330,NIVEA_ORIGINAL,2,3345,2,4,0,0,0,0,NIVEA~2#:#ORIGINAL~2,1.0#:#1.0,1.0,1.0,1
2331,CARB_NIVEA,2,3345,1,4,0,0,0,0,CARB~2#:#NIVEA~2,1.0#:#1.0,1.0,1.0,1
2332,NIVEA_STICK,7,3345,2,4,0,0,0,0,NIVEA~2#:#STICK~2,3.5#:#3.5,3.5,3.5,1
2333,CARB_ORIGINAL,2,3345,1,4,0,0,0,0,CARB~2#:#ORIGINAL~2,1.0#:#1.0,1.0,1.0,1
2334,CARB_STICK,2,3345,1,4,0,0,0,0,CARB~2#:#STICK~2,1.0#:#1.0,1.0,1.0,1
2335,GEL_SENSITIVE,3,3345,2,4,0,0,0,0,GEL~2#:#SENSITIVE~2,1.5#:#1.5,1.5,1.5,1
2336,BATH_LAVENDER,4,3345,2,4,0,0,0,0,BATH~2#:#LAVENDER~2,2.0#:#2.0,2.0,2.0,1
2337,BATH_NATURAL,7,3345,2,4,0,0,0,0,BATH~2#:#NATURAL~2,3.5#:#3.5,3.5,3.5,1
2338,BATH_SALT,8,3345,2,4,0,0,0,0,BATH~2#:#SALT~2,4.0#:#4.0,4.0,4.0,1
2339,LAVENDER_NATURAL,4,3345,2,4,0,0,0,0,LAVENDER~2#:#NATURAL~2,2.0#:#2.0,2.0,2.0,1
2340,LAVENDER_SALT,2,3345,2,4,0,0,0,0,LAVENDER~2#:#SALT~2,1.0#:#1.0,1.0,1.0,1
2341,NATURAL_SALT,4,3345,2,4,0,0,0,0,NATURAL~2#:#SALT~2,2.0#:#2.0,2.0,2.0,1
2342,HIMALAYAN_SALT,2,3345,2,4,0,0,0,0,HIMALAYAN~2#:#SALT~2,1.0#:#1.0,1.0,1.0,1
2343,DOVE_FRESH,8,3345,2,4,0,0,0,0,DOVE~2#:#FRESH~3,4.0#:#2.67,4.0,2.67,1
2344,BODY_FRESH,2,3345,2,4,0,0,0,0,BODY~2#:#FRESH~3,1.0#:#0.67,1.0,0.67,0
2345,FRESH_MEN,11,3345,2,4,0,0,0,0,FRESH~3#:#MEN~2,3.67#:#5.5,5.5,3.67,1
2346,FRESH_WASH,2,3345,2,4,0,0,0,0,FRESH~3#:#WASH~2,0.67#:#1.0,1.0,0.67,0
2347,CARB_DOVE,4,3345,1,4,0,0,0,0,CARB~2#:#DOVE~2,2.0#:#2.0,2.0,2.0,1
2348,CARB_EXTRA,3,3345,1,4,0,0,0,0,CARB~2#:#EXTRA~2,1.5#:#1.5,1.5,1.5,1
2349,BODY_CARB,3,3345,1,4,0,0,0,0,BODY~2#:#CARB~2,1.5#:#1.5,1.5,1.5,1
2350,CARB_MEN,3,3345,1,4,0,0,0,0,CARB~2#:#MEN~2,1.5#:#1.5,1.5,1.5,1
2351,CARB_WASH,3,3345,1,4,0,0,0,0,CARB~2#:#WASH~2,1.5#:#1.5,1.5,1.5,1
2352,DOVE_EXTRA,6,3345,2,4,0,0,0,0,DOVE~2#:#EXTRA~2,3.0#:#3.0,3.0,3.0,1
2353,BODY_DOVE,5,3345,2,4,0,0,0,0,BODY~2#:#DOVE~2,2.5#:#2.5,2.5,2.5,1
2354,DOVE_MEN,14,3345,2,4,0,0,0,0,DOVE~2#:#MEN~2,7.0#:#7.0,7.0,7.0,1
2355,DOVE_WASH,5,3345,2,4,0,0,0,0,DOVE~2#:#WASH~2,2.5#:#2.5,2.5,2.5,1
2356,BODY_EXTRA,2,3345,2,4,0,0,0,0,BODY~2#:#EXTRA~2,1.0#:#1.0,1.0,1.0,1
2357,EXTRA_MEN,6,3345,2,4,0,0,0,0,EXTRA~2#:#MEN~2,3.0#:#3.0,3.0,3.0,1
2358,EXTRA_WASH,2,3345,2,4,0,0,0,0,EXTRA~2#:#WASH~2,1.0#:#1.0,1.0,1.0,1
2359,BODY_MEN,2,3345,2,4,0,0,0,0,BODY~2#:#MEN~2,1.0#:#1.0,1.0,1.0,1
2360,BODY_WASH,10,3345,2,4,0,0,0,0,BODY~2#:#WASH~2,5.0#:#5.0,5.0,5.0,1
2361,MEN_WASH,2,3345,2,4,0,0,0,0,MEN~2#:#WASH~2,1.0#:#1.0,1.0,1.0,1
2362,MEN_NIVEA,8,3345,2,4,0,0,0,0,MEN~2#:#NIVEA~2,4.0#:#4.0,4.0,4.0,1
2363,BODY_SENSITIVE,2,3345,2,4,0,0,0,0,BODY~2#:#SENSITIVE~2,1.0#:#1.0,1.0,1.0,1
2364,DOVE_SENSITIVE,2,3345,2,4,0,0,0,0,DOVE~2#:#SENSITIVE~2,1.0#:#1.0,1.0,1.0,1
2365,SENSITIVE_WASH,2,3345,2,4,0,0,0,0,SENSITIVE~2#:#WASH~2,1.0#:#1.0,1.0,1.0,1
2366,BODY_OIL,2,3345,2,4,0,0,0,0,BODY~2#:#OIL~2,1.0#:#1.0,1.0,1.0,1
2367,GEL_WATER,2,3345,2,4,0,0,0,0,GEL~2#:#WATER~2,1.0#:#1.0,1.0,1.0,1
2368,BABY_BODY,4,3345,2,4,0,0,0,0,BABY~2#:#BODY~2,2.0#:#2.0,2.0,2.0,1
2369,BABY_HIMALAYAN,7,3345,2,4,0,0,0,0,BABY~2#:#HIMALAYAN~2,3.5#:#3.5,3.5,3.5,1
2370,BABY_LAVENDER,3,3345,2,4,0,0,0,0,BABY~2#:#LAVENDER~2,1.5#:#1.5,1.5,1.5,1
2371,BABY_WASH,4,3345,2,4,0,0,0,0,BABY~2#:#WASH~2,2.0#:#2.0,2.0,2.0,1
2372,BODY_HIMALAYAN,4,3345,2,4,0,0,0,0,BODY~2#:#HIMALAYAN~2,2.0#:#2.0,2.0,2.0,1
2373,HIMALAYAN_LAVENDER,3,3345,2,4,0,0,0,0,HIMALAYAN~2#:#LAVENDER~2,1.5#:#1.5,1.5,1.5,1
2374,HIMALAYAN_WASH,5,3345,2,4,0,0,0,0,HIMALAYAN~2#:#WASH~2,2.5#:#2.5,2.5,2.5,1
2375,COMFORT_CREAMY,2,3345,2,4,0,0,0,0,COMFORT~2#:#CREAMY~3,1.0#:#0.67,1.0,0.67,0
2376,BABY_CREAMY,2,3345,2,4,0,0,0,0,BABY~2#:#CREAMY~3,1.0#:#0.67,1.0,0.67,0
2377,CREAMY_HIMALAYAN,2,3345,2,4,0,0,0,0,CREAMY~3#:#HIMALAYAN~2,0.67#:#1.0,1.0,0.67,0
2378,CREAMY_SWEET,6,3345,2,4,0,0,0,0,CREAMY~3#:#SWEET~2,2.0#:#3.0,3.0,2.0,1
2379,BODY_SWEET,2,3345,2,4,0,0,0,0,BODY~2#:#SWEET~2,1.0#:#1.0,1.0,1.0,1
2380,BABY_SWEET,2,3345,2,4,0,0,0,0,BABY~2#:#SWEET~2,1.0#:#1.0,1.0,1.0,1
2381,HIMALAYAN_SWEET,2,3345,2,4,0,0,0,0,HIMALAYAN~2#:#SWEET~2,1.0#:#1.0,1.0,1.0,1
2382,SWEET_WASH,2,3345,2,4,0,0,0,0,SWEET~2#:#WASH~2,1.0#:#1.0,1.0,1.0,1
2383,FOUNDATION_MAYBELLINE,4,3345,2,4,0,0,0,0,FOUNDATION~2#:#MAYBELLINE~2,2.0#:#2.0,2.0,2.0,1
2384,FOUNDATION_STICK,8,3345,2,4,0,0,0,0,FOUNDATION~2#:#STICK~2,4.0#:#4.0,4.0,4.0,1
2385,MAYBELLINE_STICK,2,3345,2,4,0,0,0,0,MAYBELLINE~2#:#STICK~2,1.0#:#1.0,1.0,1.0,1
2386,FOUNDATION_LAKM,3,3345,2,4,0,0,0,0,FOUNDATION~2#:#LAKM~2,1.5#:#1.5,1.5,1.5,1
2387,STICK_SUGAR,2,3345,2,4,0,0,0,0,STICK~2#:#SUGAR~2,1.0#:#1.0,1.0,1.0,1
2388,CANADA#FACES_FOUNDATION,3,3345,1,4,0,0,0,0,CANADA#FACES~2#:#FOUNDATION~2,1.5#:#1.5,1.5,1.5,1
2389,CANADA#FACES_STICK,3,3345,1,4,0,0,0,0,CANADA#FACES~2#:#STICK~2,1.5#:#1.5,1.5,1.5,1
2390,LAKM_LIQUID,4,3345,2,4,0,0,0,0,LAKM~2#:#LIQUID~2,2.0#:#2.0,2.0,2.0,1
2391,FOUNDATION_SUGAR,2,3345,2,4,0,0,0,0,FOUNDATION~2#:#SUGAR~2,1.0#:#1.0,1.0,1.0,1
2392,PEACH_STICK,3,3345,2,4,0,0,0,0,PEACH~2#:#STICK~2,1.5#:#1.5,1.5,1.5,1
2393,LAKM_LIPSTICK#MATTE,4,3345,1,4,0,0,0,0,LAKM~2#:#LIPSTICK#MATTE~2,2.0#:#2.0,2.0,2.0,1
2394,COFFEE_CREAMY,13,3345,2,4,0,0,0,0,COFFEE~2#:#CREAMY~3,6.5#:#4.33,6.5,4.33,1
2395,CREAMY_MAYBELLINE,4,3345,2,4,0,0,0,0,CREAMY~3#:#MAYBELLINE~2,1.33#:#2.0,2.0,1.33,1
2396,CREAMY_LIPSTICK#MATTE,4,3345,1,4,0,0,0,0,CREAMY~3#:#LIPSTICK#MATTE~2,1.33#:#2.0,2.0,1.33,1
2397,LIPSTICK#MATTE_MAYBELLINE,4,3345,1,4,0,0,0,0,LIPSTICK#MATTE~2#:#MAYBELLINE~2,2.0#:#2.0,2.0,2.0,1
2398,CANADA#FACES_LIP,3,3345,1,4,0,0,0,0,CANADA#FACES~2#:#LIP~2,1.5#:#1.5,1.5,1.5,1
2399,LIPSTICK#MATTE_SUGAR,2,3345,1,4,0,0,0,0,LIPSTICK#MATTE~2#:#SUGAR~2,1.0#:#1.0,1.0,1.0,1
2400,BLACK_LAKM,3,3345,2,4,0,0,0,0,BLACK~2#:#LAKM~2,1.5#:#1.5,1.5,1.5,1
2401,BLACK_LIQUID,3,3345,2,4,0,0,0,0,BLACK~2#:#LIQUID~2,1.5#:#1.5,1.5,1.5,1
2402,BROWN_CANADA#FACES,3,3345,1,4,0,0,0,0,BROWN~2#:#CANADA#FACES~2,1.5#:#1.5,1.5,1.5,1
2403,BLACK_MAYBELLINE,3,3345,2,4,0,0,0,0,BLACK~2#:#MAYBELLINE~2,1.5#:#1.5,1.5,1.5,1
2404,BROWN_LIQUID,2,3345,2,4,0,0,0,0,BROWN~2#:#LIQUID~2,1.0#:#1.0,1.0,1.0,1
2405,LIQUID_SUGAR,2,3345,2,4,0,0,0,0,LIQUID~2#:#SUGAR~2,1.0#:#1.0,1.0,1.0,1
2406,DEODORANT_FRESH,13,3345,2,4,0,0,0,0,DEODORANT~2#:#FRESH~3,6.5#:#4.33,6.5,4.33,1
2407,FRESH_NIVEA,7,3345,2,4,0,0,0,0,FRESH~3#:#NIVEA~2,2.33#:#3.5,3.5,2.33,1
2408,DEODORANT_NIVEA,13,3345,2,4,0,0,0,0,DEODORANT~2#:#NIVEA~2,6.5#:#6.5,6.5,6.5,1
2409,DEODORANT_ROLLS,8,3345,1,4,0,0,0,0,DEODORANT~2#:#ROLLS~2,4.0#:#4.0,4.0,4.0,1
2410,NIVEA_ROLLS,3,3345,1,4,0,0,0,0,NIVEA~2#:#ROLLS~2,1.5#:#1.5,1.5,1.5,1
2411,DEODORANT_WILD,6,3345,2,4,0,0,0,0,DEODORANT~2#:#WILD~2,3.0#:#3.0,3.0,3.0,1
2412,ROLLS_WILD,2,3345,1,4,0,0,0,0,ROLLS~2#:#WILD~2,1.0#:#1.0,1.0,1.0,1
2413,DEODORANT_DOVE,17,3345,2,4,0,0,0,0,DEODORANT~2#:#DOVE~2,8.5#:#8.5,8.5,8.5,1
2414,DOVE_ROLLS,3,3345,1,4,0,0,0,0,DOVE~2#:#ROLLS~2,1.5#:#1.5,1.5,1.5,1
2415,DEODORANT_EXTRA,4,3345,2,4,0,0,0,0,DEODORANT~2#:#EXTRA~2,2.0#:#2.0,2.0,2.0,1
2416,DEODORANT_MEN,23,3345,2,4,0,0,0,0,DEODORANT~2#:#MEN~2,11.5#:#11.5,11.5,11.5,1
2417,MEN_ROLLS,3,3345,1,4,0,0,0,0,MEN~2#:#ROLLS~2,1.5#:#1.5,1.5,1.5,1
2418,CLEAR_COMFORT,6,3345,1,4,0,0,0,0,CLEAR~2#:#COMFORT~2,3.0#:#3.0,3.0,3.0,1
2419,CLEAR_DEODORANT,7,3345,1,4,0,0,0,0,CLEAR~2#:#DEODORANT~2,3.5#:#3.5,3.5,3.5,1
2420,CLEAR_DOVE,6,3345,1,4,0,0,0,0,CLEAR~2#:#DOVE~2,3.0#:#3.0,3.0,3.0,1
2421,CLEAR_MEN,5,3345,1,4,0,0,0,0,CLEAR~2#:#MEN~2,2.5#:#2.5,2.5,2.5,1
2422,CLEAR_STICK,5,3345,1,4,0,0,0,0,CLEAR~2#:#STICK~2,2.5#:#2.5,2.5,2.5,1
2423,COMFORT_DEODORANT,6,3345,2,4,0,0,0,0,COMFORT~2#:#DEODORANT~2,3.0#:#3.0,3.0,3.0,1
2424,COMFORT_DOVE,6,3345,2,4,0,0,0,0,COMFORT~2#:#DOVE~2,3.0#:#3.0,3.0,3.0,1
2425,COMFORT_MEN,4,3345,2,4,0,0,0,0,COMFORT~2#:#MEN~2,2.0#:#2.0,2.0,2.0,1
2426,COMFORT_STICK,4,3345,2,4,0,0,0,0,COMFORT~2#:#STICK~2,2.0#:#2.0,2.0,2.0,1
2427,DEODORANT_STICK,22,3345,2,4,0,0,0,0,DEODORANT~2#:#STICK~2,11.0#:#11.0,11.0,11.0,1
2428,DOVE_STICK,11,3345,2,4,0,0,0,0,DOVE~2#:#STICK~2,5.5#:#5.5,5.5,5.5,1
2429,MEN_STICK,14,3345,2,4,0,0,0,0,MEN~2#:#STICK~2,7.0#:#7.0,7.0,7.0,1
2430,BLACK_DEODORANT,4,3345,2,4,0,0,0,0,BLACK~2#:#DEODORANT~2,2.0#:#2.0,2.0,2.0,1
2431,BLACK_MEN,3,3345,2,4,0,0,0,0,BLACK~2#:#MEN~2,1.5#:#1.5,1.5,1.5,1
2432,BLACK_NIVEA,4,3345,2,4,0,0,0,0,BLACK~2#:#NIVEA~2,2.0#:#2.0,2.0,2.0,1
2433,BLACK_SPRAY,3,3345,2,4,0,0,0,0,BLACK~2#:#SPRAY~2,1.5#:#1.5,1.5,1.5,1
2434,BLACK_WHITE,3,3345,2,4,0,0,0,0,BLACK~2#:#WHITE~2,1.5#:#1.5,1.5,1.5,1
2435,DEODORANT_SPRAY,11,3345,2,4,0,0,0,0,DEODORANT~2#:#SPRAY~2,5.5#:#5.5,5.5,5.5,1
2436,DEODORANT_WHITE,4,3345,2,4,0,0,0,0,DEODORANT~2#:#WHITE~2,2.0#:#2.0,2.0,2.0,1
2437,MEN_SPRAY,6,3345,2,4,0,0,0,0,MEN~2#:#SPRAY~2,3.0#:#3.0,3.0,3.0,1
2438,MEN_WHITE,2,3345,2,4,0,0,0,0,MEN~2#:#WHITE~2,1.0#:#1.0,1.0,1.0,1
2439,NIVEA_SPRAY,4,3345,2,4,0,0,0,0,NIVEA~2#:#SPRAY~2,2.0#:#2.0,2.0,2.0,1
2440,NIVEA_WHITE,3,3345,2,4,0,0,0,0,NIVEA~2#:#WHITE~2,1.5#:#1.5,1.5,1.5,1
2441,SPRAY_WHITE,4,3345,2,4,0,0,0,0,SPRAY~2#:#WHITE~2,2.0#:#2.0,2.0,2.0,1
2442,BLACK_FRESH,3,3345,2,4,0,0,0,0,BLACK~2#:#FRESH~3,1.5#:#1.0,1.5,1.0,1
2443,COLA_DEODORANT,2,3345,1,4,0,0,0,0,COLA~2#:#DEODORANT~2,1.0#:#1.0,1.0,1.0,1
2444,COLA_MEN,2,3345,1,4,0,0,0,0,COLA~2#:#MEN~2,1.0#:#1.0,1.0,1.0,1
2445,COLA_NIVEA,2,3345,1,4,0,0,0,0,COLA~2#:#NIVEA~2,1.0#:#1.0,1.0,1.0,1
2446,DOVE_SPRAY,2,3345,2,4,0,0,0,0,DOVE~2#:#SPRAY~2,1.0#:#1.0,1.0,1.0,1
2447,BODY_VANILLA,2,3345,2,4,0,0,0,0,BODY~2#:#VANILLA~2,1.0#:#1.0,1.0,1.0,1
2448,BODY_WILD,3,3345,2,4,0,0,0,0,BODY~2#:#WILD~2,1.5#:#1.5,1.5,1.5,1
2449,VANILLA_WILD,2,3345,2,4,0,0,0,0,VANILLA~2#:#WILD~2,1.0#:#1.0,1.0,1.0,1
2450,MEN_PACK,3,3345,2,4,0,0,0,0,MEN~2#:#PACK~3,1.5#:#1.0,1.5,1.0,1
2451,DEODORANT_PACK,5,3345,2,4,0,0,0,0,DEODORANT~2#:#PACK~3,2.5#:#1.67,2.5,1.67,1
2452,PACK_WILD,2,3345,2,4,0,0,0,0,PACK~3#:#WILD~2,0.67#:#1.0,1.0,0.67,0
2453,MEN_WILD,2,3345,2,4,0,0,0,0,MEN~2#:#WILD~2,1.0#:#1.0,1.0,1.0,1
2454,STICK_WILD,4,3345,2,4,0,0,0,0,STICK~2#:#WILD~2,2.0#:#2.0,2.0,2.0,1
2455,FRESH_STICK,6,3345,2,4,0,0,0,0,FRESH~3#:#STICK~2,2.0#:#3.0,3.0,2.0,1
2456,EXTRA_STICK,3,3345,2,4,0,0,0,0,EXTRA~2#:#STICK~2,1.5#:#1.5,1.5,1.5,1
2457,CLEAR_FRESH,2,3345,1,4,0,0,0,0,CLEAR~2#:#FRESH~3,1.0#:#0.67,1.0,0.67,0
2458,BODY_DEODORANT,2,3345,2,4,0,0,0,0,BODY~2#:#DEODORANT~2,1.0#:#1.0,1.0,1.0,1
2459,BODY_STICK,2,3345,2,4,0,0,0,0,BODY~2#:#STICK~2,1.0#:#1.0,1.0,1.0,1
2460,DEODORANT_VANILLA,3,3345,2,4,0,0,0,0,DEODORANT~2#:#VANILLA~2,1.5#:#1.5,1.5,1.5,1
2461,STICK_VANILLA,2,3345,2,4,0,0,0,0,STICK~2#:#VANILLA~2,1.0#:#1.0,1.0,1.0,1
2462,FRESH_WOMEN,3,3345,2,4,0,0,0,0,FRESH~3#:#WOMEN~2,1.0#:#1.5,1.5,1.0,1
2463,PACK_WOMEN,2,3345,2,4,0,0,0,0,PACK~3#:#WOMEN~2,0.67#:#1.0,1.0,0.67,0
2464,NIVEA_WOMEN,5,3345,2,4,0,0,0,0,NIVEA~2#:#WOMEN~2,2.5#:#2.5,2.5,2.5,1
2465,DEODORANT_WOMEN,15,3345,2,4,0,0,0,0,DEODORANT~2#:#WOMEN~2,7.5#:#7.5,7.5,7.5,1
2466,ROLLS_WOMEN,2,3345,1,4,0,0,0,0,ROLLS~2#:#WOMEN~2,1.0#:#1.0,1.0,1.0,1
2467,DOVE_WOMEN,5,3345,2,4,0,0,0,0,DOVE~2#:#WOMEN~2,2.5#:#2.5,2.5,2.5,1
2468,DEODORANT_NATURAL,2,3345,2,4,0,0,0,0,DEODORANT~2#:#NATURAL~2,1.0#:#1.0,1.0,1.0,1
2469,NATURAL_NIVEA,2,3345,2,4,0,0,0,0,NATURAL~2#:#NIVEA~2,1.0#:#1.0,1.0,1.0,1
2470,NATURAL_STICK,4,3345,2,4,0,0,0,0,NATURAL~2#:#STICK~2,2.0#:#2.0,2.0,2.0,1
2471,NATURAL_WOMEN,2,3345,2,4,0,0,0,0,NATURAL~2#:#WOMEN~2,1.0#:#1.0,1.0,1.0,1
2472,STICK_WOMEN,6,3345,2,4,0,0,0,0,STICK~2#:#WOMEN~2,3.0#:#3.0,3.0,3.0,1
2473,DEODORANT_PEACH,3,3345,2,4,0,0,0,0,DEODORANT~2#:#PEACH~2,1.5#:#1.5,1.5,1.5,1
2474,PEACH_WOMEN,3,3345,2,4,0,0,0,0,PEACH~2#:#WOMEN~2,1.5#:#1.5,1.5,1.5,1
2475,ALMOND_HONEY,3,3345,2,4,0,0,0,0,ALMOND~2#:#HONEY~2,1.5#:#1.5,1.5,1.5,1
2476,SPRAY_WOMEN,5,3345,2,4,0,0,0,0,SPRAY~2#:#WOMEN~2,2.5#:#2.5,2.5,2.5,1
2477,DEODORANT_WATER,2,3345,2,4,0,0,0,0,DEODORANT~2#:#WATER~2,1.0#:#1.0,1.0,1.0,1
2478,WATER_WOMEN,2,3345,2,4,0,0,0,0,WATER~2#:#WOMEN~2,1.0#:#1.0,1.0,1.0,1
2479,WHITE_WOMEN,2,3345,2,4,0,0,0,0,WHITE~2#:#WOMEN~2,1.0#:#1.0,1.0,1.0,1
2480,CREAMY_DEODORANT,2,3345,2,4,0,0,0,0,CREAMY~3#:#DEODORANT~2,0.67#:#1.0,1.0,0.67,0
2481,CREAMY_WOMEN,2,3345,2,4,0,0,0,0,CREAMY~3#:#WOMEN~2,0.67#:#1.0,1.0,0.67,0
2482,COMFORT_WOMEN,2,3345,2,4,0,0,0,0,COMFORT~2#:#WOMEN~2,1.0#:#1.0,1.0,1.0,1
2483,CLEAR_WOMEN,2,3345,1,4,0,0,0,0,CLEAR~2#:#WOMEN~2,1.0#:#1.0,1.0,1.0,1
2484,CREAMY_PEACH,2,3345,2,4,0,0,0,0,CREAMY~3#:#PEACH~2,0.67#:#1.0,1.0,0.67,0
2485,PEACH_VANILLA,2,3345,2,4,0,0,0,0,PEACH~2#:#VANILLA~2,1.0#:#1.0,1.0,1.0,1
2486,VANILLA_WOMEN,2,3345,2,4,0,0,0,0,VANILLA~2#:#WOMEN~2,1.0#:#1.0,1.0,1.0,1
2487,FLAVOUR_JUICE,2,3345,1,4,0,0,0,0,FLAVOUR~3#:#JUICE~2,0.67#:#1.0,1.0,0.67,0
2488,FLAVOUR_ORANGE,2,3345,1,4,0,0,0,0,FLAVOUR~3#:#ORANGE~2,0.67#:#1.0,1.0,0.67,0
2489,FLAVOUR_ORIGINAL,2,3345,2,4,0,0,0,0,FLAVOUR~3#:#ORIGINAL~2,0.67#:#1.0,1.0,0.67,0
2490,FLAVOUR_REAL,2,3345,1,4,0,0,0,0,FLAVOUR~3#:#REAL~2,0.67#:#1.0,1.0,0.67,0
2491,DRINK_FRUIT,10,3345,0,4,0,0,0,0,DRINK~2#:#FRUIT~2,5.0#:#5.0,5.0,5.0,1
2492,DRINK_JUICE,15,3345,0,4,0,0,0,0,DRINK~2#:#JUICE~2,7.5#:#7.5,7.5,7.5,1
2493,DRINK_ORANGE,5,3345,0,4,0,0,0,0,DRINK~2#:#ORANGE~2,2.5#:#2.5,2.5,2.5,1
2494,DRINK_ORIGINAL,3,3345,1,4,0,0,0,0,DRINK~2#:#ORIGINAL~2,1.5#:#1.5,1.5,1.5,1
2495,DRINK_REAL,12,3345,0,4,0,0,0,0,DRINK~2#:#REAL~2,6.0#:#6.0,6.0,6.0,1
2496,BEVERAGE_FRUIT,6,3345,0,4,0,0,0,0,BEVERAGE~2#:#FRUIT~2,3.0#:#3.0,3.0,3.0,1
2497,BEVERAGE_JUICE,3,3345,0,4,0,0,0,0,BEVERAGE~2#:#JUICE~2,1.5#:#1.5,1.5,1.5,1
2498,BEVERAGE_ORANGE,3,3345,0,4,0,0,0,0,BEVERAGE~2#:#ORANGE~2,1.5#:#1.5,1.5,1.5,1
2499,BEVERAGE_ORIGINAL,2,3345,1,4,0,0,0,0,BEVERAGE~2#:#ORIGINAL~2,1.0#:#1.0,1.0,1.0,1
2500,BEVERAGE_REAL,6,3345,0,4,0,0,0,0,BEVERAGE~2#:#REAL~2,3.0#:#3.0,3.0,3.0,1
2501,FRUIT_ORANGE,5,3345,0,4,0,0,0,0,FRUIT~2#:#ORANGE~2,2.5#:#2.5,2.5,2.5,1
2502,FRUIT_ORIGINAL,2,3345,1,4,0,0,0,0,FRUIT~2#:#ORIGINAL~2,1.0#:#1.0,1.0,1.0,1
2503,FRUIT_REAL,12,3345,0,4,0,0,0,0,FRUIT~2#:#REAL~2,6.0#:#6.0,6.0,6.0,1
2504,JUICE_ORANGE,14,3345,0,4,0,0,0,0,JUICE~2#:#ORANGE~2,7.0#:#7.0,7.0,7.0,1
2505,JUICE_ORIGINAL,2,3345,1,4,0,0,0,0,JUICE~2#:#ORIGINAL~2,1.0#:#1.0,1.0,1.0,1
2506,ORANGE_ORIGINAL,2,3345,1,4,0,0,0,0,ORANGE~2#:#ORIGINAL~2,1.0#:#1.0,1.0,1.0,1
2507,ORANGE_REAL,9,3345,0,4,0,0,0,0,ORANGE~2#:#REAL~2,4.5#:#4.5,4.5,4.5,1
2508,ORIGINAL_REAL,2,3345,1,4,0,0,0,0,ORIGINAL~2#:#REAL~2,1.0#:#1.0,1.0,1.0,1
2509,DRINK_FRESH,5,3345,1,4,0,0,0,0,DRINK~2#:#FRESH~3,2.5#:#1.67,2.5,1.67,1
2510,FRESH_PERCENT,2,3345,1,4,0,0,0,0,FRESH~3#:#PERCENT~2,0.67#:#1.0,1.0,0.67,0
2511,FRESH_REAL,3,3345,1,4,0,0,0,0,FRESH~3#:#REAL~2,1.0#:#1.5,1.5,1.0,1
2512,JUICE_PERCENT,3,3345,0,4,0,0,0,0,JUICE~2#:#PERCENT~2,1.5#:#1.5,1.5,1.5,1
2513,ORANGE_PERCENT,3,3345,0,4,0,0,0,0,ORANGE~2#:#PERCENT~2,1.5#:#1.5,1.5,1.5,1
2514,PERCENT_REAL,3,3345,0,4,0,0,0,0,PERCENT~2#:#REAL~2,1.5#:#1.5,1.5,1.5,1
2515,FRESH_HIGH,2,3345,1,4,0,0,0,0,FRESH~3#:#HIGH~2,0.67#:#1.0,1.0,0.67,0
2516,DRINK_HIGH,3,3345,0,4,0,0,0,0,DRINK~2#:#HIGH~2,1.5#:#1.5,1.5,1.5,1
2517,DRINK_WITH,3,3345,1,4,0,0,0,0,DRINK~2#:#WITH~2,1.5#:#1.5,1.5,1.5,1
2518,JUICE_WITH,6,3345,1,4,0,0,0,0,JUICE~2#:#WITH~2,3.0#:#3.0,3.0,3.0,1
2519,BOAT#PAPER_JUICE,6,3345,0,4,0,0,0,0,BOAT#PAPER~2#:#JUICE~2,3.0#:#3.0,3.0,3.0,1
2520,NATURAL_WITH,2,3345,2,4,0,0,0,0,NATURAL~2#:#WITH~2,1.0#:#1.0,1.0,1.0,1
2521,ORANGE_WITH,5,3345,1,4,0,0,0,0,ORANGE~2#:#WITH~2,2.5#:#2.5,2.5,2.5,1
2522,BOAT#PAPER_ORANGE,2,3345,0,4,0,0,0,0,BOAT#PAPER~2#:#ORANGE~2,1.0#:#1.0,1.0,1.0,1
2523,BOAT#PAPER_WITH,2,3345,1,4,0,0,0,0,BOAT#PAPER~2#:#WITH~2,1.0#:#1.0,1.0,1.0,1
2524,AND_ORANGE,2,3345,0,4,0,0,0,0,AND~2#:#ORANGE~2,1.0#:#1.0,1.0,1.0,1
2525,PERCENT_WITH,2,3345,1,4,0,0,0,0,PERCENT~2#:#WITH~2,1.0#:#1.0,1.0,1.0,1
2526,FRESH_HEALTH,2,3345,1,4,0,0,0,0,FRESH~3#:#HEALTH~2,0.67#:#1.0,1.0,0.67,0
2527,REAL_WITH,4,3345,1,4,0,0,0,0,REAL~2#:#WITH~2,2.0#:#2.0,2.0,2.0,1
2528,CARAMEL_FLAVOUR,2,3345,1,4,0,0,0,0,CARAMEL~2#:#FLAVOUR~3,1.0#:#0.67,1.0,0.67,0
2529,CARAMEL_COFFEE,3,3345,1,4,0,0,0,0,CARAMEL~2#:#COFFEE~2,1.5#:#1.5,1.5,1.5,1
2530,COFFEE_ICED,5,3345,1,4,0,0,0,0,COFFEE~2#:#ICED~2,2.5#:#2.5,2.5,2.5,1
2531,BLACK_COFFEE,3,3345,2,4,0,0,0,0,BLACK~2#:#COFFEE~2,1.5#:#1.5,1.5,1.5,1
2532,BLACK_DRINK,3,3345,1,4,0,0,0,0,BLACK~2#:#DRINK~2,1.5#:#1.5,1.5,1.5,1
2533,BLACK_ICED,3,3345,1,4,0,0,0,0,BLACK~2#:#ICED~2,1.5#:#1.5,1.5,1.5,1
2534,BLACK_TATA,3,3345,1,4,0,0,0,0,BLACK~2#:#TATA~2,1.5#:#1.5,1.5,1.5,1
2535,BLACK_UNSWEETENED,2,3345,1,4,0,0,0,0,BLACK~2#:#UNSWEETENED~2,1.0#:#1.0,1.0,1.0,1
2536,BLACK_READY#TO,3,3345,1,4,0,0,0,0,BLACK~2#:#READY#TO~2,1.5#:#1.5,1.5,1.5,1
2537,COFFEE_UNSWEETENED,2,3345,1,4,0,0,0,0,COFFEE~2#:#UNSWEETENED~2,1.0#:#1.0,1.0,1.0,1
2538,DRINK_UNSWEETENED,2,3345,0,4,0,0,0,0,DRINK~2#:#UNSWEETENED~2,1.0#:#1.0,1.0,1.0,1
2539,ICED_UNSWEETENED,3,3345,0,4,0,0,0,0,ICED~2#:#UNSWEETENED~2,1.5#:#1.5,1.5,1.5,1
2540,COFFEE_COLA,6,3345,1,4,0,0,0,0,COFFEE~2#:#COLA~2,3.0#:#3.0,3.0,3.0,1
2541,ICED_PREMIUM,2,3345,0,4,0,0,0,0,ICED~2#:#PREMIUM~2,1.0#:#1.0,1.0,1.0,1
2542,FRUIT_GRAPES,2,3345,0,4,0,0,0,0,FRUIT~2#:#GRAPES~2,1.0#:#1.0,1.0,1.0,1
2543,GRAPES_JUICE,2,3345,0,4,0,0,0,0,GRAPES~2#:#JUICE~2,1.0#:#1.0,1.0,1.0,1
2544,GRAPES_REAL,2,3345,0,4,0,0,0,0,GRAPES~2#:#REAL~2,1.0#:#1.0,1.0,1.0,1
2545,NATURAL_REAL,2,3345,1,4,0,0,0,0,NATURAL~2#:#REAL~2,1.0#:#1.0,1.0,1.0,1
2546,DRINK_TROPICAL,2,3345,0,4,0,0,0,0,DRINK~2#:#TROPICAL~2,1.0#:#1.0,1.0,1.0,1
2547,JUICE_TROPICAL,10,3345,0,4,0,0,0,0,JUICE~2#:#TROPICAL~2,5.0#:#5.0,5.0,5.0,1
2548,DRINK_RASPBERRY,3,3345,0,4,0,0,0,0,DRINK~2#:#RASPBERRY~2,1.5#:#1.5,1.5,1.5,1
2549,DRINK_LIGHT,2,3345,1,4,0,0,0,0,DRINK~2#:#LIGHT~2,1.0#:#1.0,1.0,1.0,1
2550,LIGHT_LOW,3,3345,1,4,0,0,0,0,LIGHT~2#:#LOW~2,1.5#:#1.5,1.5,1.5,1
2551,LIGHT_SUGAR,2,3345,2,4,0,0,0,0,LIGHT~2#:#SUGAR~2,1.0#:#1.0,1.0,1.0,1
2552,LOW_RASPBERRY,2,3345,0,4,0,0,0,0,LOW~2#:#RASPBERRY~2,1.0#:#1.0,1.0,1.0,1
2553,CLASSIC_DRINK,2,3345,0,4,0,0,0,0,CLASSIC~2#:#DRINK~2,1.0#:#1.0,1.0,1.0,1
2554,DRINK_STYLE,2,3345,0,4,0,0,0,0,DRINK~2#:#STYLE~2,1.0#:#1.0,1.0,1.0,1
2555,BEVERAGE_CHILLI,2,3345,0,4,0,0,0,0,BEVERAGE~2#:#CHILLI~2,1.0#:#1.0,1.0,1.0,1
2556,BEVERAGE_GOLD,2,3345,0,4,0,0,0,0,BEVERAGE~2#:#GOLD~2,1.0#:#1.0,1.0,1.0,1
2557,BEVERAGE_SWEET,4,3345,1,4,0,0,0,0,BEVERAGE~2#:#SWEET~2,2.0#:#2.0,2.0,2.0,1
2558,BEVERAGE_READY#TO,2,3345,0,4,0,0,0,0,BEVERAGE~2#:#READY#TO~2,1.0#:#1.0,1.0,1.0,1
2559,CHILLI_DRINK,4,3345,0,4,0,0,0,0,CHILLI~2#:#DRINK~2,2.0#:#2.0,2.0,2.0,1
2560,CHILLI_GOLD,2,3345,0,4,0,0,0,0,CHILLI~2#:#GOLD~2,1.0#:#1.0,1.0,1.0,1
2561,CHILLI_TATA,2,3345,0,4,0,0,0,0,CHILLI~2#:#TATA~2,1.0#:#1.0,1.0,1.0,1
2562,CHILLI_TEA,3,3345,1,4,0,0,0,0,CHILLI~2#:#TEA~2,1.5#:#1.5,1.5,1.5,1
2563,CHILLI_READY#TO,5,3345,0,4,0,0,0,0,CHILLI~2#:#READY#TO~2,2.5#:#2.5,2.5,2.5,1
2564,BLACK_CHILLI,2,3345,1,4,0,0,0,0,BLACK~2#:#CHILLI~2,1.0#:#1.0,1.0,1.0,1
2565,BLACK_SWEETENED,3,3345,1,4,0,0,0,0,BLACK~2#:#SWEETENED~2,1.5#:#1.5,1.5,1.5,1
2566,BLACK_TEA,5,3345,2,4,0,0,0,0,BLACK~2#:#TEA~2,2.5#:#2.5,2.5,2.5,1
2567,CHILLI_SWEETENED,2,3345,0,4,0,0,0,0,CHILLI~2#:#SWEETENED~2,1.0#:#1.0,1.0,1.0,1
2568,GOLD_SWEETENED,2,3345,0,4,0,0,0,0,GOLD~2#:#SWEETENED~2,1.0#:#1.0,1.0,1.0,1
2569,AMUL_PROCESSED,9,3345,0,4,0,0,0,0,AMUL~3#:#PROCESSED~2,3.0#:#4.5,4.5,3.0,1
2570,CHEESE_PROCESSED,10,3345,0,4,0,0,0,0,CHEESE~3#:#PROCESSED~2,3.33#:#5.0,5.0,3.33,1
2571,BLOCK_PROCESSED,4,3345,0,4,0,0,0,0,BLOCK~2#:#PROCESSED~2,2.0#:#2.0,2.0,2.0,1
2572,CHEESE_SOFT,7,3345,0,4,0,0,0,0,CHEESE~3#:#SOFT~2,2.33#:#3.5,3.5,2.33,1
2573,CHEESE_STYLE,9,3345,0,4,0,0,0,0,CHEESE~3#:#STYLE~2,3.0#:#4.5,4.5,3.0,1
2574,FRESH_SOFT,4,3345,1,4,0,0,0,0,FRESH~3#:#SOFT~2,1.33#:#2.0,2.0,1.33,1
2575,CLASSIC_PROCESSED,2,3345,0,4,0,0,0,0,CLASSIC~2#:#PROCESSED~2,1.0#:#1.0,1.0,1.0,1
2576,CLASSIC_SLICED,2,3345,0,4,0,0,0,0,CLASSIC~2#:#SLICED~2,1.0#:#1.0,1.0,1.0,1
2577,PROCESSED_SLICED,6,3345,0,4,0,0,0,0,PROCESSED~2#:#SLICED~2,3.0#:#3.0,3.0,3.0,1
2578,CUBES_SNACK,3,3345,0,4,0,0,0,0,CUBES~2#:#SNACK~3,1.5#:#1.0,1.5,1.0,1
2579,CHEESE_NATURAL,4,3345,1,4,0,0,0,0,CHEESE~3#:#NATURAL~2,1.33#:#2.0,2.0,1.33,1
2580,CHEDDAR_CUBES,5,3345,0,4,0,0,0,0,CHEDDAR~2#:#CUBES~2,2.5#:#2.5,2.5,2.5,1
2581,CHEDDAR_NATURAL,2,3345,1,4,0,0,0,0,CHEDDAR~2#:#NATURAL~2,1.0#:#1.0,1.0,1.0,1
2582,CHEDDAR_PACK,2,3345,1,4,0,0,0,0,CHEDDAR~2#:#PACK~3,1.0#:#0.67,1.0,0.67,0
2583,CHEDDAR_SNACK,2,3345,0,4,0,0,0,0,CHEDDAR~2#:#SNACK~3,1.0#:#0.67,1.0,0.67,0
2584,CHEESE_FAT,11,3345,0,4,0,0,0,0,CHEESE~3#:#FAT~2,3.67#:#5.5,5.5,3.67,1
2585,CHEESE_STICK,7,3345,1,4,0,0,0,0,CHEESE~3#:#STICK~2,2.33#:#3.5,3.5,2.33,1
2586,FAT_PACK,2,3345,1,4,0,0,0,0,FAT~2#:#PACK~3,1.0#:#0.67,1.0,0.67,0
2587,MOZZARELLA_PACK,4,3345,1,4,0,0,0,0,MOZZARELLA~2#:#PACK~3,2.0#:#1.33,2.0,1.33,1
2588,MOZZARELLA_STICK,3,3345,1,4,0,0,0,0,MOZZARELLA~2#:#STICK~2,1.5#:#1.5,1.5,1.5,1
2589,AMUL_YELLOW,2,3345,0,4,0,0,0,0,AMUL~3#:#YELLOW~2,0.67#:#1.0,1.0,0.67,0
2590,CHEESE_YELLOW,2,3345,0,4,0,0,0,0,CHEESE~3#:#YELLOW~2,0.67#:#1.0,1.0,0.67,0
2591,CHEDDAR_PROCESSED,2,3345,0,4,0,0,0,0,CHEDDAR~2#:#PROCESSED~2,1.0#:#1.0,1.0,1.0,1
2592,CHEDDAR_YELLOW,2,3345,0,4,0,0,0,0,CHEDDAR~2#:#YELLOW~2,1.0#:#1.0,1.0,1.0,1
2593,CHEESE_WHITE,5,3345,1,4,0,0,0,0,CHEESE~3#:#WHITE~2,1.67#:#2.5,2.5,1.67,1
2594,CHEDDAR_WHITE,6,3345,1,4,0,0,0,0,CHEDDAR~2#:#WHITE~2,3.0#:#3.0,3.0,3.0,1
2595,BLOCK_WHITE,3,3345,1,4,0,0,0,0,BLOCK~2#:#WHITE~2,1.5#:#1.5,1.5,1.5,1
2596,CHEESE_FREE,5,3345,1,4,0,0,0,0,CHEESE~3#:#FREE~2,1.67#:#2.5,2.5,1.67,1
2597,AMUL_SOFT,3,3345,0,4,0,0,0,0,AMUL~3#:#SOFT~2,1.0#:#1.5,1.5,1.0,1
2598,CREAMY_FRESH,10,3345,2,4,0,0,0,0,CREAMY~3#:#FRESH~3,3.33#:#3.33,3.33,3.33,1
2599,CREAMY_SPREAD,12,3345,1,4,0,0,0,0,CREAMY~3#:#SPREAD~2,4.0#:#6.0,6.0,4.0,1
2600,CHEESE_FOR,4,3345,1,4,0,0,0,0,CHEESE~3#:#FOR~2,1.33#:#2.0,2.0,1.33,1
2601,CHEESE_PIZZA,4,3345,0,4,0,0,0,0,CHEESE~3#:#PIZZA~2,1.33#:#2.0,2.0,1.33,1
2602,AND_PASTA,2,3345,0,4,0,0,0,0,AND~2#:#PASTA~2,1.0#:#1.0,1.0,1.0,1
2603,CHEESE_LOW,6,3345,0,4,0,0,0,0,CHEESE~3#:#LOW~2,2.0#:#3.0,3.0,2.0,1
2604,FAT_SOFT,2,3345,0,4,0,0,0,0,FAT~2#:#SOFT~2,1.0#:#1.0,1.0,1.0,1
2605,CHEESE_PARTY,3,3345,0,4,0,0,0,0,CHEESE~3#:#PARTY~2,1.0#:#1.5,1.5,1.0,1
2606,AMUL_BLEND,4,3345,0,4,0,0,0,0,AMUL~3#:#BLEND~2,1.33#:#2.0,2.0,1.33,1
2607,AMUL_SHREDDED,6,3345,0,4,0,0,0,0,AMUL~3#:#SHREDDED~2,2.0#:#3.0,3.0,2.0,1
2608,BLEND_CHEESE,7,3345,0,4,0,0,0,0,BLEND~2#:#CHEESE~3,3.5#:#2.33,3.5,2.33,1
2609,CHEESE_SHREDDED,17,3345,0,4,0,0,0,0,CHEESE~3#:#SHREDDED~2,5.67#:#8.5,8.5,5.67,1
2610,BLEND_PIZZA,2,3345,0,4,0,0,0,0,BLEND~2#:#PIZZA~2,1.0#:#1.0,1.0,1.0,1
2611,BLEND_SHREDDED,6,3345,0,4,0,0,0,0,BLEND~2#:#SHREDDED~2,3.0#:#3.0,3.0,3.0,1
2612,PIZZA_SHREDDED,2,3345,0,4,0,0,0,0,PIZZA~2#:#SHREDDED~2,1.0#:#1.0,1.0,1.0,1
2613,CHEESE_ITALIAN,2,3345,0,4,0,0,0,0,CHEESE~3#:#ITALIAN~2,0.67#:#1.0,1.0,0.67,0
2614,BLEND_ITALIAN,2,3345,0,4,0,0,0,0,BLEND~2#:#ITALIAN~2,1.0#:#1.0,1.0,1.0,1
2615,CHEESE_DAIRY,4,3345,0,4,0,0,0,0,CHEESE~3#:#DAIRY~2,1.33#:#2.0,2.0,1.33,1
2616,CHEESE_MEXICAN,2,3345,0,4,0,0,0,0,CHEESE~3#:#MEXICAN~2,0.67#:#1.0,1.0,0.67,0
2617,CHEESE_URBAN,2,3345,0,4,0,0,0,0,CHEESE~3#:#URBAN~2,0.67#:#1.0,1.0,0.67,0
2618,DAIRY_FREE,9,3345,1,4,0,0,0,0,DAIRY~2#:#FREE~2,4.5#:#4.5,4.5,4.5,1
2619,DAIRY_PLATES,2,3345,0,4,0,0,0,0,DAIRY~2#:#PLATES~2,1.0#:#1.0,1.0,1.0,1
2620,DAIRY_STYLE,2,3345,0,4,0,0,0,0,DAIRY~2#:#STYLE~2,1.0#:#1.0,1.0,1.0,1
2621,DAIRY_URBAN,2,3345,0,4,0,0,0,0,DAIRY~2#:#URBAN~2,1.0#:#1.0,1.0,1.0,1
2622,FREE_PLATES,6,3345,1,4,0,0,0,0,FREE~2#:#PLATES~2,3.0#:#3.0,3.0,3.0,1
2623,FREE_STYLE,2,3345,1,4,0,0,0,0,FREE~2#:#STYLE~2,1.0#:#1.0,1.0,1.0,1
2624,FREE_URBAN,6,3345,1,4,0,0,0,0,FREE~2#:#URBAN~2,3.0#:#3.0,3.0,3.0,1
2625,MEXICAN_SHREDDED,2,3345,0,4,0,0,0,0,MEXICAN~2#:#SHREDDED~2,1.0#:#1.0,1.0,1.0,1
2626,PLATES_STYLE,2,3345,0,4,0,0,0,0,PLATES~2#:#STYLE~2,1.0#:#1.0,1.0,1.0,1
2627,SHREDDED_STYLE,3,3345,0,4,0,0,0,0,SHREDDED~2#:#STYLE~2,1.5#:#1.5,1.5,1.5,1
2628,STYLE_URBAN,2,3345,0,4,0,0,0,0,STYLE~2#:#URBAN~2,1.0#:#1.0,1.0,1.0,1
2629,CHEESE_ORGANIC,6,3345,0,4,0,0,0,0,CHEESE~3#:#ORGANIC~3,2.0#:#2.0,2.0,2.0,1
2630,CHEESE_INDIA,5,3345,0,4,0,0,0,0,CHEESE~3#:#INDIA~2,1.67#:#2.5,2.5,1.67,1
2631,ORGANIC_SHREDDED,2,3345,0,4,0,0,0,0,ORGANIC~3#:#SHREDDED~2,0.67#:#1.0,1.0,0.67,0
2632,INDIA_SHREDDED,2,3345,0,4,0,0,0,0,INDIA~2#:#SHREDDED~2,1.0#:#1.0,1.0,1.0,1
2633,AMUL_LOW,10,3345,0,4,0,0,0,0,AMUL~3#:#LOW~2,3.33#:#5.0,5.0,3.33,1
2634,MOZZARELLA_SHREDDED,5,3345,0,4,0,0,0,0,MOZZARELLA~2#:#SHREDDED~2,2.5#:#2.5,2.5,2.5,1
2635,CHEESE_MIX,4,3345,0,4,0,0,0,0,CHEESE~3#:#MIX~2,1.33#:#2.0,2.0,1.33,1
2636,BLEND_CHEDDAR,2,3345,0,4,0,0,0,0,BLEND~2#:#CHEDDAR~2,1.0#:#1.0,1.0,1.0,1
2637,CHEDDAR_SHREDDED,4,3345,0,4,0,0,0,0,CHEDDAR~2#:#SHREDDED~2,2.0#:#2.0,2.0,2.0,1
2638,MIX_SHREDDED,2,3345,0,4,0,0,0,0,MIX~2#:#SHREDDED~2,1.0#:#1.0,1.0,1.0,1
2639,AMUL_EXTRA,3,3345,1,4,0,0,0,0,AMUL~3#:#EXTRA~2,1.0#:#1.5,1.5,1.0,1
2640,CHEESE_EXTRA,5,3345,1,4,0,0,0,0,CHEESE~3#:#EXTRA~2,1.67#:#2.5,2.5,1.67,1
2641,CHEDDAR_EXTRA,4,3345,1,4,0,0,0,0,CHEDDAR~2#:#EXTRA~2,2.0#:#2.0,2.0,2.0,1
2642,AMUL_FLAVOUR,16,3345,1,4,0,0,0,0,AMUL~3#:#FLAVOUR~3,5.33#:#5.33,5.33,5.33,1
2643,ITALIAN_MIX,2,3345,0,4,0,0,0,0,ITALIAN~2#:#MIX~2,1.0#:#1.0,1.0,1.0,1
2644,BRITANNIA_SMOKE,4,3345,0,4,0,0,0,0,BRITANNIA~3#:#SMOKE~2,1.33#:#2.0,2.0,1.33,1
2645,CHEESE_SMOKE,6,3345,0,4,0,0,0,0,CHEESE~3#:#SMOKE~2,2.0#:#3.0,3.0,2.0,1
2646,AMUL_FAT,16,3345,0,4,0,0,0,0,AMUL~3#:#FAT~2,5.33#:#8.0,8.0,5.33,1
2647,LOW_SLICED,2,3345,0,4,0,0,0,0,LOW~2#:#SLICED~2,1.0#:#1.0,1.0,1.0,1
2648,DAIRY_FLAVOUR,7,3345,1,4,0,0,0,0,DAIRY~2#:#FLAVOUR~3,3.5#:#2.33,3.5,2.33,1
2649,FLAVOUR_FREE,4,3345,2,4,0,0,0,0,FLAVOUR~3#:#FREE~2,1.33#:#2.0,2.0,1.33,1
2650,FLAVOUR_SLICED,3,3345,1,4,0,0,0,0,FLAVOUR~3#:#SLICED~2,1.0#:#1.5,1.5,1.0,1
2651,CREAMY_FLAVOUR,18,3345,2,4,0,0,0,0,CREAMY~3#:#FLAVOUR~3,6.0#:#6.0,6.0,6.0,1
2652,CREAMY_SLICED,2,3345,1,4,0,0,0,0,CREAMY~3#:#SLICED~2,0.67#:#1.0,1.0,0.67,0
2653,AMUL_STYLE,6,3345,0,4,0,0,0,0,AMUL~3#:#STYLE~2,2.0#:#3.0,3.0,2.0,1
2654,BRITANNIA_CHEDDAR,5,3345,0,4,0,0,0,0,BRITANNIA~3#:#CHEDDAR~2,1.67#:#2.5,2.5,1.67,1
2655,CHEESE_SANDWICH,3,3345,0,4,0,0,0,0,CHEESE~3#:#SANDWICH~2,1.0#:#1.5,1.5,1.0,1
2656,CHEDDAR_SLICED,5,3345,0,4,0,0,0,0,CHEDDAR~2#:#SLICED~2,2.5#:#2.5,2.5,2.5,1
2657,FOR_SANDWICH,3,3345,1,4,0,0,0,0,FOR~2#:#SANDWICH~2,1.5#:#1.5,1.5,1.5,1
2658,FOR_SLICED,3,3345,1,4,0,0,0,0,FOR~2#:#SLICED~2,1.5#:#1.5,1.5,1.5,1
2659,AMUL_CUTS,4,3345,0,4,0,0,0,0,AMUL~3#:#CUTS~2,1.33#:#2.0,2.0,1.33,1
2660,CHEESE_CUTS,4,3345,0,4,0,0,0,0,CHEESE~3#:#CUTS~2,1.33#:#2.0,2.0,1.33,1
2661,CHEDDAR_CUTS,3,3345,0,4,0,0,0,0,CHEDDAR~2#:#CUTS~2,1.5#:#1.5,1.5,1.5,1
2662,AMUL_CLASSIC,2,3345,0,4,0,0,0,0,AMUL~3#:#CLASSIC~2,0.67#:#1.0,1.0,0.67,0
2663,AMUL_MIXED,2,3345,0,4,0,0,0,0,AMUL~3#:#MIXED~2,0.67#:#1.0,1.0,0.67,0
2664,CHEESE_MIXED,2,3345,0,4,0,0,0,0,CHEESE~3#:#MIXED~2,0.67#:#1.0,1.0,0.67,0
2665,AMUL_MEDIUM,2,3345,0,4,0,0,0,0,AMUL~3#:#MEDIUM~2,0.67#:#1.0,1.0,0.67,0
2666,CHEESE_MEDIUM,2,3345,0,4,0,0,0,0,CHEESE~3#:#MEDIUM~2,0.67#:#1.0,1.0,0.67,0
2667,CUBES_FLAVOUR,2,3345,1,4,0,0,0,0,CUBES~2#:#FLAVOUR~3,1.0#:#0.67,1.0,0.67,0
2668,CHEDDAR_MEDIUM,2,3345,0,4,0,0,0,0,CHEDDAR~2#:#MEDIUM~2,1.0#:#1.0,1.0,1.0,1
2669,CHEESE_MILD,3,3345,0,4,0,0,0,0,CHEESE~3#:#MILD~2,1.0#:#1.5,1.5,1.0,1
2670,CHEDDAR_MILD,2,3345,0,4,0,0,0,0,CHEDDAR~2#:#MILD~2,1.0#:#1.0,1.0,1.0,1
2671,AMUL_CRACKERS,3,3345,0,4,0,0,0,0,AMUL~3#:#CRACKERS~2,1.0#:#1.5,1.5,1.0,1
2672,AMUL_WITH,3,3345,1,4,0,0,0,0,AMUL~3#:#WITH~2,1.0#:#1.5,1.5,1.0,1
2673,AMUL_FOR,3,3345,1,4,0,0,0,0,AMUL~3#:#FOR~2,1.0#:#1.5,1.5,1.0,1
2674,AMUL_SANDWICH,2,3345,0,4,0,0,0,0,AMUL~3#:#SANDWICH~2,0.67#:#1.0,1.0,0.67,0
2675,FOR_PROCESSED,2,3345,1,4,0,0,0,0,FOR~2#:#PROCESSED~2,1.0#:#1.0,1.0,1.0,1
2676,PROCESSED_SANDWICH,2,3345,0,4,0,0,0,0,PROCESSED~2#:#SANDWICH~2,1.0#:#1.0,1.0,1.0,1
2677,FAT_FRESH,4,3345,1,4,0,0,0,0,FAT~2#:#FRESH~3,2.0#:#1.33,2.0,1.33,1
2678,AMUL_CREAMY,15,3345,1,4,0,0,0,0,AMUL~3#:#CREAMY~3,5.0#:#5.0,5.0,5.0,1
2679,AMUL_COOKIES,2,3345,0,4,0,0,0,0,AMUL~3#:#COOKIES~2,0.67#:#1.0,1.0,0.67,0
2680,CREAMY_FREE,6,3345,2,4,0,0,0,0,CREAMY~3#:#FREE~2,2.0#:#3.0,3.0,2.0,1
2681,CREAMY_FRENCH,6,3345,1,4,0,0,0,0,CREAMY~3#:#FRENCH~2,2.0#:#3.0,3.0,2.0,1
2682,CREAMY_NESTLE,13,3345,1,4,0,0,0,0,CREAMY~3#:#NESTLE~2,4.33#:#6.5,6.5,4.33,1
2683,CREAMY_SUGAR,8,3345,2,4,0,0,0,0,CREAMY~3#:#SUGAR~2,2.67#:#4.0,4.0,2.67,1
2684,COFFEE_FREE,4,3345,2,4,0,0,0,0,COFFEE~2#:#FREE~2,2.0#:#2.0,2.0,2.0,1
2685,COFFEE_NESTLE,10,3345,1,4,0,0,0,0,COFFEE~2#:#NESTLE~2,5.0#:#5.0,5.0,5.0,1
2686,COFFEE_SUGAR,4,3345,2,4,0,0,0,0,COFFEE~2#:#SUGAR~2,2.0#:#2.0,2.0,2.0,1
2687,FREE_FRENCH,2,3345,1,4,0,0,0,0,FREE~2#:#FRENCH~2,1.0#:#1.0,1.0,1.0,1
2688,FREE_NESTLE,4,3345,1,4,0,0,0,0,FREE~2#:#NESTLE~2,2.0#:#2.0,2.0,2.0,1
2689,FREE_VANILLA,7,3345,2,4,0,0,0,0,FREE~2#:#VANILLA~2,3.5#:#3.5,3.5,3.5,1
2690,FRENCH_NESTLE,2,3345,0,4,0,0,0,0,FRENCH~2#:#NESTLE~2,1.0#:#1.0,1.0,1.0,1
2691,FRENCH_SUGAR,2,3345,1,4,0,0,0,0,FRENCH~2#:#SUGAR~2,1.0#:#1.0,1.0,1.0,1
2692,NESTLE_SUGAR,4,3345,1,4,0,0,0,0,NESTLE~2#:#SUGAR~2,2.0#:#2.0,2.0,2.0,1
2693,NESTLE_VANILLA,3,3345,1,4,0,0,0,0,NESTLE~2#:#VANILLA~2,1.5#:#1.5,1.5,1.5,1
2694,FLAVOUR_NESTLE,7,3345,1,4,0,0,0,0,FLAVOUR~3#:#NESTLE~2,2.33#:#3.5,3.5,2.33,1
2695,AMUL_CHOCOLATE,7,3345,0,4,0,0,0,0,AMUL~3#:#CHOCOLATE~2,2.33#:#3.5,3.5,2.33,1
2696,AMUL_DRINK,5,3345,0,4,0,0,0,0,AMUL~3#:#DRINK~2,1.67#:#2.5,2.5,1.67,1
2697,AMUL_READY#TO,3,3345,0,4,0,0,0,0,AMUL~3#:#READY#TO~2,1.0#:#1.5,1.5,1.0,1
2698,DRINK_FAT,2,3345,0,4,0,0,0,0,DRINK~2#:#FAT~2,1.0#:#1.0,1.0,1.0,1
2699,DRINK_MILD,9,3345,0,4,0,0,0,0,DRINK~2#:#MILD~2,4.5#:#4.5,4.5,4.5,1
2700,FAT_READY#TO,2,3345,0,4,0,0,0,0,FAT~2#:#READY#TO~2,1.0#:#1.0,1.0,1.0,1
2701,LOW_READY#TO,2,3345,0,4,0,0,0,0,LOW~2#:#READY#TO~2,1.0#:#1.0,1.0,1.0,1
2702,MILD_READY#TO,3,3345,0,4,0,0,0,0,MILD~2#:#READY#TO~2,1.5#:#1.5,1.5,1.5,1
2703,BLEND_CREAMY,2,3345,1,4,0,0,0,0,BLEND~2#:#CREAMY~3,1.0#:#0.67,1.0,0.67,0
2704,CREAMY_MILD,8,3345,1,4,0,0,0,0,CREAMY~3#:#MILD~2,2.67#:#4.0,4.0,2.67,1
2705,BLEND_MILD,2,3345,0,4,0,0,0,0,BLEND~2#:#MILD~2,1.0#:#1.0,1.0,1.0,1
2706,AMUL_RICH,4,3345,0,4,0,0,0,0,AMUL~3#:#RICH~2,1.33#:#2.0,2.0,1.33,1
2707,MILD_RICH,5,3345,0,4,0,0,0,0,MILD~2#:#RICH~2,2.5#:#2.5,2.5,2.5,1
2708,AMUL_SWEET,5,3345,1,4,0,0,0,0,AMUL~3#:#SWEET~2,1.67#:#2.5,2.5,1.67,1
2709,CREAMY_DRINK,3,3345,1,4,0,0,0,0,CREAMY~3#:#DRINK~2,1.0#:#1.5,1.5,1.0,1
2710,AMUL_BEVERAGE,4,3345,0,4,0,0,0,0,AMUL~3#:#BEVERAGE~2,1.33#:#2.0,2.0,1.33,1
2711,AMUL_DAIRY,8,3345,0,4,0,0,0,0,AMUL~3#:#DAIRY~2,2.67#:#4.0,4.0,2.67,1
2712,BEVERAGE_DAIRY,8,3345,0,4,0,0,0,0,BEVERAGE~2#:#DAIRY~2,4.0#:#4.0,4.0,4.0,1
2713,BEVERAGE_MILD,11,3345,0,4,0,0,0,0,BEVERAGE~2#:#MILD~2,5.5#:#5.5,5.5,5.5,1
2714,DAIRY_MILD,14,3345,0,4,0,0,0,0,DAIRY~2#:#MILD~2,7.0#:#7.0,7.0,7.0,1
2715,DAIRY_RICH,3,3345,0,4,0,0,0,0,DAIRY~2#:#RICH~2,1.5#:#1.5,1.5,1.5,1
2716,DAIRY_SWEET,4,3345,1,4,0,0,0,0,DAIRY~2#:#SWEET~2,2.0#:#2.0,2.0,2.0,1
2717,RICH_SWEET,2,3345,1,4,0,0,0,0,RICH~2#:#SWEET~2,1.0#:#1.0,1.0,1.0,1
2718,DAIRY_OATS,2,3345,0,4,0,0,0,0,DAIRY~2#:#OATS~2,1.0#:#1.0,1.0,1.0,1
2719,BASED#PLANT_DAIRY,2,3345,0,4,0,0,0,0,BASED#PLANT~2#:#DAIRY~2,1.0#:#1.0,1.0,1.0,1
2720,MILD_OATS,3,3345,0,4,0,0,0,0,MILD~2#:#OATS~2,1.5#:#1.5,1.5,1.5,1
2721,BASED#PLANT_MILD,5,3345,0,4,0,0,0,0,BASED#PLANT~2#:#MILD~2,2.5#:#2.5,2.5,2.5,1
2722,BASED#PLANT_OATS,3,3345,0,4,0,0,0,0,BASED#PLANT~2#:#OATS~2,1.5#:#1.5,1.5,1.5,1
2723,EPIGAMIA_FAT,10,3345,0,4,0,0,0,0,EPIGAMIA~2#:#FAT~2,5.0#:#5.0,5.0,5.0,1
2724,EPIGAMIA_GREEN,19,3345,0,4,0,0,0,0,EPIGAMIA~2#:#GREEN~2,9.5#:#9.5,9.5,9.5,1
2725,EPIGAMIA_RASPBERRY,3,3345,0,4,0,0,0,0,EPIGAMIA~2#:#RASPBERRY~2,1.5#:#1.5,1.5,1.5,1
2726,EPIGAMIA_YOGURT,27,3345,0,4,0,0,0,0,EPIGAMIA~2#:#YOGURT~2,13.5#:#13.5,13.5,13.5,1
2727,EPIGAMIA_ZERO,6,3345,0,4,0,0,0,0,EPIGAMIA~2#:#ZERO~2,3.0#:#3.0,3.0,3.0,1
2728,FAT_GREEN,10,3345,0,4,0,0,0,0,FAT~2#:#GREEN~2,5.0#:#5.0,5.0,5.0,1
2729,FAT_RASPBERRY,2,3345,0,4,0,0,0,0,FAT~2#:#RASPBERRY~2,1.0#:#1.0,1.0,1.0,1
2730,FAT_YOGURT,12,3345,0,4,0,0,0,0,FAT~2#:#YOGURT~2,6.0#:#6.0,6.0,6.0,1
2731,FAT_ZERO,3,3345,0,4,0,0,0,0,FAT~2#:#ZERO~2,1.5#:#1.5,1.5,1.5,1
2732,GREEN_RASPBERRY,3,3345,0,4,0,0,0,0,GREEN~2#:#RASPBERRY~2,1.5#:#1.5,1.5,1.5,1
2733,GREEN_YOGURT,20,3345,0,4,0,0,0,0,GREEN~2#:#YOGURT~2,10.0#:#10.0,10.0,10.0,1
2734,GREEN_ZERO,5,3345,0,4,0,0,0,0,GREEN~2#:#ZERO~2,2.5#:#2.5,2.5,2.5,1
2735,RASPBERRY_YOGURT,4,3345,0,4,0,0,0,0,RASPBERRY~2#:#YOGURT~2,2.0#:#2.0,2.0,2.0,1
2736,YOGURT_ZERO,5,3345,0,4,0,0,0,0,YOGURT~2#:#ZERO~2,2.5#:#2.5,2.5,2.5,1
2737,EPIGAMIA_LOW,5,3345,0,4,0,0,0,0,EPIGAMIA~2#:#LOW~2,2.5#:#2.5,2.5,2.5,1
2738,EPIGAMIA_STRAWBERRY,6,3345,1,4,0,0,0,0,EPIGAMIA~2#:#STRAWBERRY~2,3.0#:#3.0,3.0,3.0,1
2739,FAT_STRAWBERRY,3,3345,1,4,0,0,0,0,FAT~2#:#STRAWBERRY~2,1.5#:#1.5,1.5,1.5,1
2740,GREEN_LOW,5,3345,0,4,0,0,0,0,GREEN~2#:#LOW~2,2.5#:#2.5,2.5,2.5,1
2741,GREEN_STRAWBERRY,4,3345,1,4,0,0,0,0,GREEN~2#:#STRAWBERRY~2,2.0#:#2.0,2.0,2.0,1
2742,LOW_STRAWBERRY,2,3345,1,4,0,0,0,0,LOW~2#:#STRAWBERRY~2,1.0#:#1.0,1.0,1.0,1
2743,LOW_YOGURT,7,3345,0,4,0,0,0,0,LOW~2#:#YOGURT~2,3.5#:#3.5,3.5,3.5,1
2744,STRAWBERRY_YOGURT,11,3345,1,4,0,0,0,0,STRAWBERRY~2#:#YOGURT~2,5.5#:#5.5,5.5,5.5,1
2745,BLACK_FAT,2,3345,1,4,0,0,0,0,BLACK~2#:#FAT~2,1.0#:#1.0,1.0,1.0,1
2746,CHERRY_EPIGAMIA,3,3345,1,4,0,0,0,0,CHERRY~2#:#EPIGAMIA~2,1.5#:#1.5,1.5,1.5,1
2747,CHERRY_GREEN,3,3345,1,4,0,0,0,0,CHERRY~2#:#GREEN~2,1.5#:#1.5,1.5,1.5,1
2748,CHERRY_YOGURT,3,3345,1,4,0,0,0,0,CHERRY~2#:#YOGURT~2,1.5#:#1.5,1.5,1.5,1
2749,CHERRY_ZERO,3,3345,1,4,0,0,0,0,CHERRY~2#:#ZERO~2,1.5#:#1.5,1.5,1.5,1
2750,CREAMY_EPIGAMIA,12,3345,1,4,0,0,0,0,CREAMY~3#:#EPIGAMIA~2,4.0#:#6.0,6.0,4.0,1
2751,CREAMY_GREEN,3,3345,1,4,0,0,0,0,CREAMY~3#:#GREEN~2,1.0#:#1.5,1.5,1.0,1
2752,CREAMY_HONEY,2,3345,2,4,0,0,0,0,CREAMY~3#:#HONEY~2,0.67#:#1.0,1.0,0.67,0
2753,CREAMY_YOGURT,10,3345,1,4,0,0,0,0,CREAMY~3#:#YOGURT~2,3.33#:#5.0,5.0,3.33,1
2754,EPIGAMIA_FLAVOUR,9,3345,1,4,0,0,0,0,EPIGAMIA~2#:#FLAVOUR~3,4.5#:#3.0,4.5,3.0,1
2755,FLAVOUR_HONEY,2,3345,2,4,0,0,0,0,FLAVOUR~3#:#HONEY~2,0.67#:#1.0,1.0,0.67,0
2756,FLAVOUR_YOGURT,11,3345,1,4,0,0,0,0,FLAVOUR~3#:#YOGURT~2,3.67#:#5.5,5.5,3.67,1
2757,EPIGAMIA_VANILLA,5,3345,1,4,0,0,0,0,EPIGAMIA~2#:#VANILLA~2,2.5#:#2.5,2.5,2.5,1
2758,FAT_VANILLA,2,3345,1,4,0,0,0,0,FAT~2#:#VANILLA~2,1.0#:#1.0,1.0,1.0,1
2759,VANILLA_YOGURT,7,3345,1,4,0,0,0,0,VANILLA~2#:#YOGURT~2,3.5#:#3.5,3.5,3.5,1
2760,CREAMY_STYLE,5,3345,1,4,0,0,0,0,CREAMY~3#:#STYLE~2,1.67#:#2.5,2.5,1.67,1
2761,DESSERT_STYLE,4,3345,0,4,0,0,0,0,DESSERT~2#:#STYLE~2,2.0#:#2.0,2.0,2.0,1
2762,EPIGAMIA_STYLE,4,3345,0,4,0,0,0,0,EPIGAMIA~2#:#STYLE~2,2.0#:#2.0,2.0,2.0,1
2763,STYLE_YOGURT,4,3345,0,4,0,0,0,0,STYLE~2#:#YOGURT~2,2.0#:#2.0,2.0,2.0,1
2764,AMUL_STRAWBERRY,4,3345,1,4,0,0,0,0,AMUL~3#:#STRAWBERRY~2,1.33#:#2.0,2.0,1.33,1
2765,AMUL_YOGURT,6,3345,0,4,0,0,0,0,AMUL~3#:#YOGURT~2,2.0#:#3.0,3.0,2.0,1
2766,AMUL_SPRAY,2,3345,1,4,0,0,0,0,AMUL~3#:#SPRAY~2,0.67#:#1.0,1.0,0.67,0
2767,CREAMY_ZERO,2,3345,1,4,0,0,0,0,CREAMY~3#:#ZERO~2,0.67#:#1.0,1.0,0.67,0
2768,DAIRY_FRESH,5,3345,1,4,0,0,0,0,DAIRY~2#:#FRESH~3,2.5#:#1.67,2.5,1.67,1
2769,FAT_FREE,6,3345,1,4,0,0,0,0,FAT~2#:#FREE~2,3.0#:#3.0,3.0,3.0,1
2770,AMUL_VANILLA,3,3345,1,4,0,0,0,0,AMUL~3#:#VANILLA~2,1.0#:#1.5,1.5,1.0,1
2771,CREAMY_DAIRY,7,3345,1,4,0,0,0,0,CREAMY~3#:#DAIRY~2,2.33#:#3.5,3.5,2.33,1
2772,DAIRY_EPIGAMIA,3,3345,0,4,0,0,0,0,DAIRY~2#:#EPIGAMIA~2,1.5#:#1.5,1.5,1.5,1
2773,ALMOND_BEVERAGE,5,3345,1,4,0,0,0,0,ALMOND~2#:#BEVERAGE~2,2.5#:#2.5,2.5,2.5,1
2774,ALMOND_DAIRY,3,3345,1,4,0,0,0,0,ALMOND~2#:#DAIRY~2,1.5#:#1.5,1.5,1.5,1
2775,ALMOND_FREE,3,3345,2,4,0,0,0,0,ALMOND~2#:#FREE~2,1.5#:#1.5,1.5,1.5,1
2776,ALMOND_MILD,11,3345,1,4,0,0,0,0,ALMOND~2#:#MILD~2,5.5#:#5.5,5.5,5.5,1
2777,ALMOND_VANILLA,6,3345,2,4,0,0,0,0,ALMOND~2#:#VANILLA~2,3.0#:#3.0,3.0,3.0,1
2778,BEVERAGE_VANILLA,4,3345,1,4,0,0,0,0,BEVERAGE~2#:#VANILLA~2,2.0#:#2.0,2.0,2.0,1
2779,DAIRY_VANILLA,5,3345,1,4,0,0,0,0,DAIRY~2#:#VANILLA~2,2.5#:#2.5,2.5,2.5,1
2780,FREE_MILD,9,3345,1,4,0,0,0,0,FREE~2#:#MILD~2,4.5#:#4.5,4.5,4.5,1
2781,MILD_VANILLA,9,3345,1,4,0,0,0,0,MILD~2#:#VANILLA~2,4.5#:#4.5,4.5,4.5,1
2782,ALMOND_FLAVOUR,4,3345,2,4,0,0,0,0,ALMOND~2#:#FLAVOUR~3,2.0#:#1.33,2.0,1.33,1
2783,FLAVOUR_PRESERVED,3,3345,1,4,0,0,0,0,FLAVOUR~3#:#PRESERVED~2,1.0#:#1.5,1.5,1.0,1
2784,FLAVOUR_RAW,3,3345,1,4,0,0,0,0,FLAVOUR~3#:#RAW~2,1.0#:#1.5,1.5,1.0,1
2785,BEVERAGE_COOKIES,2,3345,0,4,0,0,0,0,BEVERAGE~2#:#COOKIES~2,1.0#:#1.0,1.0,1.0,1
2786,DAIRY_PRESERVED,4,3345,0,4,0,0,0,0,DAIRY~2#:#PRESERVED~2,2.0#:#2.0,2.0,2.0,1
2787,DAIRY_RAW,4,3345,0,4,0,0,0,0,DAIRY~2#:#RAW~2,2.0#:#2.0,2.0,2.0,1
2788,ALMOND_PRESERVED,4,3345,1,4,0,0,0,0,ALMOND~2#:#PRESERVED~2,2.0#:#2.0,2.0,2.0,1
2789,ALMOND_RAW,4,3345,1,4,0,0,0,0,ALMOND~2#:#RAW~2,2.0#:#2.0,2.0,2.0,1
2790,FREE_PRESERVED,4,3345,1,4,0,0,0,0,FREE~2#:#PRESERVED~2,2.0#:#2.0,2.0,2.0,1
2791,FREE_RAW,4,3345,1,4,0,0,0,0,FREE~2#:#RAW~2,2.0#:#2.0,2.0,2.0,1
2792,MILD_PRESERVED,5,3345,0,4,0,0,0,0,MILD~2#:#PRESERVED~2,2.5#:#2.5,2.5,2.5,1
2793,MILD_RAW,5,3345,0,4,0,0,0,0,MILD~2#:#RAW~2,2.5#:#2.5,2.5,2.5,1
2794,MINT_PRESERVED,2,3345,1,4,0,0,0,0,MINT~2#:#PRESERVED~2,1.0#:#1.0,1.0,1.0,1
2795,MINT_RAW,2,3345,1,4,0,0,0,0,MINT~2#:#RAW~2,1.0#:#1.0,1.0,1.0,1
2796,CARAMEL_SUGAR,2,3345,1,4,0,0,0,0,CARAMEL~2#:#SUGAR~2,1.0#:#1.0,1.0,1.0,1
2797,CREAMY_PUMPKIN,2,3345,1,4,0,0,0,0,CREAMY~3#:#PUMPKIN~2,0.67#:#1.0,1.0,0.67,0
2798,CREAMY_SPICY,2,3345,1,4,0,0,0,0,CREAMY~3#:#SPICY~2,0.67#:#1.0,1.0,0.67,0
2799,COFFEE_PUMPKIN,2,3345,1,4,0,0,0,0,COFFEE~2#:#PUMPKIN~2,1.0#:#1.0,1.0,1.0,1
2800,COFFEE_SPICY,2,3345,1,4,0,0,0,0,COFFEE~2#:#SPICY~2,1.0#:#1.0,1.0,1.0,1
2801,NESTLE_PUMPKIN,2,3345,0,4,0,0,0,0,NESTLE~2#:#PUMPKIN~2,1.0#:#1.0,1.0,1.0,1
2802,NESTLE_SPICY,2,3345,0,4,0,0,0,0,NESTLE~2#:#SPICY~2,1.0#:#1.0,1.0,1.0,1
2803,CARAMEL_DESSERT,3,3345,0,4,0,0,0,0,CARAMEL~2#:#DESSERT~2,1.5#:#1.5,1.5,1.5,1
2804,CARAMEL_SYRUP,3,3345,0,4,0,0,0,0,CARAMEL~2#:#SYRUP~2,1.5#:#1.5,1.5,1.5,1
2805,BRITANNIA_MILD,3,3345,0,4,0,0,0,0,BRITANNIA~3#:#MILD~2,1.0#:#1.5,1.5,1.0,1
2806,AMUL_FREE,7,3345,1,4,0,0,0,0,AMUL~3#:#FREE~2,2.33#:#3.5,3.5,2.33,1
2807,FAT_WITH,2,3345,1,4,0,0,0,0,FAT~2#:#WITH~2,1.0#:#1.0,1.0,1.0,1
2808,MILD_WITH,3,3345,1,4,0,0,0,0,MILD~2#:#WITH~2,1.5#:#1.5,1.5,1.5,1
2809,MILD_ORGANIC,3,3345,0,4,0,0,0,0,MILD~2#:#ORGANIC~3,1.5#:#1.0,1.5,1.0,1
2810,FAT_ORGANIC,3,3345,0,4,0,0,0,0,FAT~2#:#ORGANIC~3,1.5#:#1.0,1.5,1.0,1
2811,MANTRA_PACK,2,3345,1,4,0,0,0,0,MANTRA~2#:#PACK~3,1.0#:#0.67,1.0,0.67,0
2812,MILD_PACK,2,3345,1,4,0,0,0,0,MILD~2#:#PACK~3,1.0#:#0.67,1.0,0.67,0
2813,MANTRA_MILD,2,3345,0,4,0,0,0,0,MANTRA~2#:#MILD~2,1.0#:#1.0,1.0,1.0,1
2814,BASED#PLANT_FLAVOUR,2,3345,1,4,0,0,0,0,BASED#PLANT~2#:#FLAVOUR~3,1.0#:#0.67,1.0,0.67,0
2815,BASED#PLANT_BEVERAGE,3,3345,0,4,0,0,0,0,BASED#PLANT~2#:#BEVERAGE~2,1.5#:#1.5,1.5,1.5,1
2816,ALMOND_BASED#PLANT,4,3345,1,4,0,0,0,0,ALMOND~2#:#BASED#PLANT~2,2.0#:#2.0,2.0,2.0,1
2817,BASED#PLANT_VANILLA,3,3345,1,4,0,0,0,0,BASED#PLANT~2#:#VANILLA~2,1.5#:#1.5,1.5,1.5,1
2818,ALMOND_UNSWEETENED,3,3345,1,4,0,0,0,0,ALMOND~2#:#UNSWEETENED~2,1.5#:#1.5,1.5,1.5,1
2819,DAIRY_DRINK,3,3345,0,4,0,0,0,0,DAIRY~2#:#DRINK~2,1.5#:#1.5,1.5,1.5,1
2820,MILD_UNSWEETENED,3,3345,0,4,0,0,0,0,MILD~2#:#UNSWEETENED~2,1.5#:#1.5,1.5,1.5,1
2821,PRESERVED_UNSWEETENED,2,3345,0,4,0,0,0,0,PRESERVED~2#:#UNSWEETENED~2,1.0#:#1.0,1.0,1.0,1
2822,PRESERVED_VANILLA,2,3345,1,4,0,0,0,0,PRESERVED~2#:#VANILLA~2,1.0#:#1.0,1.0,1.0,1
2823,RAW_UNSWEETENED,2,3345,0,4,0,0,0,0,RAW~2#:#UNSWEETENED~2,1.0#:#1.0,1.0,1.0,1
2824,RAW_VANILLA,2,3345,1,4,0,0,0,0,RAW~2#:#VANILLA~2,1.0#:#1.0,1.0,1.0,1
2825,BEVERAGE_EPIGAMIA,3,3345,0,4,0,0,0,0,BEVERAGE~2#:#EPIGAMIA~2,1.5#:#1.5,1.5,1.5,1
2826,EPIGAMIA_MILD,4,3345,0,4,0,0,0,0,EPIGAMIA~2#:#MILD~2,2.0#:#2.0,2.0,2.0,1
2827,BASED#PLANT_EPIGAMIA,2,3345,0,4,0,0,0,0,BASED#PLANT~2#:#EPIGAMIA~2,1.0#:#1.0,1.0,1.0,1
2828,DRINK_OATS,2,3345,0,4,0,0,0,0,DRINK~2#:#OATS~2,1.0#:#1.0,1.0,1.0,1
2829,BASED#PLANT_DRINK,2,3345,0,4,0,0,0,0,BASED#PLANT~2#:#DRINK~2,1.0#:#1.0,1.0,1.0,1
2830,BEVERAGE_HIGH,2,3345,0,4,0,0,0,0,BEVERAGE~2#:#HIGH~2,1.0#:#1.0,1.0,1.0,1
2831,BEVERAGE_PROTEIN,2,3345,0,4,0,0,0,0,BEVERAGE~2#:#PROTEIN~2,1.0#:#1.0,1.0,1.0,1
2832,DAIRY_HIGH,2,3345,0,4,0,0,0,0,DAIRY~2#:#HIGH~2,1.0#:#1.0,1.0,1.0,1
2833,DAIRY_PROTEIN,2,3345,0,4,0,0,0,0,DAIRY~2#:#PROTEIN~2,1.0#:#1.0,1.0,1.0,1
2834,EPIGAMIA_HIGH,7,3345,0,4,0,0,0,0,EPIGAMIA~2#:#HIGH~2,3.5#:#3.5,3.5,3.5,1
2835,EPIGAMIA_PROTEIN,9,3345,0,4,0,0,0,0,EPIGAMIA~2#:#PROTEIN~2,4.5#:#4.5,4.5,4.5,1
2836,HIGH_MILD,2,3345,0,4,0,0,0,0,HIGH~2#:#MILD~2,1.0#:#1.0,1.0,1.0,1
2837,HIGH_PROTEIN,9,3345,0,4,0,0,0,0,HIGH~2#:#PROTEIN~2,4.5#:#4.5,4.5,4.5,1
2838,MILD_PROTEIN,3,3345,0,4,0,0,0,0,MILD~2#:#PROTEIN~2,1.5#:#1.5,1.5,1.5,1
2839,AMUL_ULTRA,2,3345,1,4,0,0,0,0,AMUL~3#:#ULTRA~2,0.67#:#1.0,1.0,0.67,0
2840,FRESH_ULTRA,2,3345,2,4,0,0,0,0,FRESH~3#:#ULTRA~2,0.67#:#1.0,1.0,0.67,0
2841,MILD_ULTRA,2,3345,1,4,0,0,0,0,MILD~2#:#ULTRA~2,1.0#:#1.0,1.0,1.0,1
2842,AMUL_AND,6,3345,0,4,0,0,0,0,AMUL~3#:#AND~2,2.0#:#3.0,3.0,2.0,1
2843,AND_MILD,3,3345,0,4,0,0,0,0,AND~2#:#MILD~2,1.5#:#1.5,1.5,1.5,1
2844,CLASSIC_MILD,2,3345,0,4,0,0,0,0,CLASSIC~2#:#MILD~2,1.0#:#1.0,1.0,1.0,1
2845,CHOCOLATE_GRAM,4,3345,0,4,0,0,0,0,CHOCOLATE~2#:#GRAM~2,2.0#:#2.0,2.0,2.0,1
2846,DRINK_EPIGAMIA,3,3345,0,4,0,0,0,0,DRINK~2#:#EPIGAMIA~2,1.5#:#1.5,1.5,1.5,1
2847,DRINK_GRAM,2,3345,0,4,0,0,0,0,DRINK~2#:#GRAM~2,1.0#:#1.0,1.0,1.0,1
2848,EPIGAMIA_GRAM,4,3345,0,4,0,0,0,0,EPIGAMIA~2#:#GRAM~2,2.0#:#2.0,2.0,2.0,1
2849,CREAMY_DIP,11,3345,1,4,0,0,0,0,CREAMY~3#:#DIP~2,3.67#:#5.5,5.5,3.67,1
2850,CREAMY_EAT,2,3345,1,4,0,0,0,0,CREAMY~3#:#EAT~2,0.67#:#1.0,1.0,0.67,0
2851,CREAMY_VEEBA,6,3345,1,4,0,0,0,0,CREAMY~3#:#VEEBA~2,2.0#:#3.0,3.0,2.0,1
2852,DIP_EAT,2,3345,0,4,0,0,0,0,DIP~2#:#EAT~2,1.0#:#1.0,1.0,1.0,1
2853,DIP_FRENCH,5,3345,0,4,0,0,0,0,DIP~2#:#FRENCH~2,2.5#:#2.5,2.5,2.5,1
2854,DIP_READY#TO,2,3345,0,4,0,0,0,0,DIP~2#:#READY#TO~2,1.0#:#1.0,1.0,1.0,1
2855,EAT_VEEBA,3,3345,0,4,0,0,0,0,EAT~2#:#VEEBA~2,1.5#:#1.5,1.5,1.5,1
2856,FRENCH_ONION,5,3345,0,4,0,0,0,0,FRENCH~2#:#ONION~2,2.5#:#2.5,2.5,2.5,1
2857,FRENCH_VEEBA,5,3345,0,4,0,0,0,0,FRENCH~2#:#VEEBA~2,2.5#:#2.5,2.5,2.5,1
2858,SPREAD_VEEBA,3,3345,0,4,0,0,0,0,SPREAD~2#:#VEEBA~2,1.5#:#1.5,1.5,1.5,1
2859,READY#TO_VEEBA,3,3345,0,4,0,0,0,0,READY#TO~2#:#VEEBA~2,1.5#:#1.5,1.5,1.5,1
2860,CREAMY_HERB,2,3345,1,4,0,0,0,0,CREAMY~3#:#HERB~2,0.67#:#1.0,1.0,0.67,0
2861,CREAMY_RANCH,2,3345,1,4,0,0,0,0,CREAMY~3#:#RANCH~2,0.67#:#1.0,1.0,0.67,0
2862,DIP_STYLE,3,3345,0,4,0,0,0,0,DIP~2#:#STYLE~2,1.5#:#1.5,1.5,1.5,1
2863,HERB_SPREAD,3,3345,0,4,0,0,0,0,HERB~2#:#SPREAD~2,1.5#:#1.5,1.5,1.5,1
2864,RANCH_STYLE,2,3345,0,4,0,0,0,0,RANCH~2#:#STYLE~2,1.0#:#1.0,1.0,1.0,1
2865,SPREAD_STYLE,3,3345,0,4,0,0,0,0,SPREAD~2#:#STYLE~2,1.5#:#1.5,1.5,1.5,1
2866,STYLE_VEEBA,4,3345,0,4,0,0,0,0,STYLE~2#:#VEEBA~2,2.0#:#2.0,2.0,2.0,1
2867,CUP_FLAVOUR,4,3345,1,4,0,0,0,0,CUP~2#:#FLAVOUR~3,2.0#:#1.33,2.0,1.33,1
2868,CUP_EPIGAMIA,6,3345,0,4,0,0,0,0,CUP~2#:#EPIGAMIA~2,3.0#:#3.0,3.0,3.0,1
2869,EPIGAMIA_PEACH,2,3345,1,4,0,0,0,0,EPIGAMIA~2#:#PEACH~2,1.0#:#1.0,1.0,1.0,1
2870,CUP_YOGURT,6,3345,0,4,0,0,0,0,CUP~2#:#YOGURT~2,3.0#:#3.0,3.0,3.0,1
2871,FLAVOUR_HIGH,2,3345,1,4,0,0,0,0,FLAVOUR~3#:#HIGH~2,0.67#:#1.0,1.0,0.67,0
2872,FLAVOUR_PROTEIN,2,3345,1,4,0,0,0,0,FLAVOUR~3#:#PROTEIN~2,0.67#:#1.0,1.0,0.67,0
2873,FRUIT_GREEN,2,3345,0,4,0,0,0,0,FRUIT~2#:#GREEN~2,1.0#:#1.0,1.0,1.0,1
2874,FRUIT_YOGURT,2,3345,0,4,0,0,0,0,FRUIT~2#:#YOGURT~2,1.0#:#1.0,1.0,1.0,1
2875,GREEN_HIGH,6,3345,0,4,0,0,0,0,GREEN~2#:#HIGH~2,3.0#:#3.0,3.0,3.0,1
2876,GREEN_PROTEIN,6,3345,0,4,0,0,0,0,GREEN~2#:#PROTEIN~2,3.0#:#3.0,3.0,3.0,1
2877,HIGH_YOGURT,6,3345,0,4,0,0,0,0,HIGH~2#:#YOGURT~2,3.0#:#3.0,3.0,3.0,1
2878,PROTEIN_YOGURT,6,3345,0,4,0,0,0,0,PROTEIN~2#:#YOGURT~2,3.0#:#3.0,3.0,3.0,1
2879,COOKIES_EPIGAMIA,2,3345,0,4,0,0,0,0,COOKIES~2#:#EPIGAMIA~2,1.0#:#1.0,1.0,1.0,1
2880,COOKIES_GREEN,3,3345,0,4,0,0,0,0,COOKIES~2#:#GREEN~2,1.5#:#1.5,1.5,1.5,1
2881,COOKIES_YOGURT,2,3345,0,4,0,0,0,0,COOKIES~2#:#YOGURT~2,1.0#:#1.0,1.0,1.0,1
2882,AND_YOGURT,2,3345,0,4,0,0,0,0,AND~2#:#YOGURT~2,1.0#:#1.0,1.0,1.0,1
2883,CUP_GREEN,2,3345,0,4,0,0,0,0,CUP~2#:#GREEN~2,1.0#:#1.0,1.0,1.0,1
2884,CUP_HIGH,2,3345,0,4,0,0,0,0,CUP~2#:#HIGH~2,1.0#:#1.0,1.0,1.0,1
2885,CUP_PROTEIN,2,3345,0,4,0,0,0,0,CUP~2#:#PROTEIN~2,1.0#:#1.0,1.0,1.0,1
2886,GREEN_LEMON,2,3345,1,4,0,0,0,0,GREEN~2#:#LEMON~2,1.0#:#1.0,1.0,1.0,1
2887,LEMON_YOGURT,2,3345,1,4,0,0,0,0,LEMON~2#:#YOGURT~2,1.0#:#1.0,1.0,1.0,1
2888,EPIGAMIA_SUGAR,4,3345,1,4,0,0,0,0,EPIGAMIA~2#:#SUGAR~2,2.0#:#2.0,2.0,2.0,1
2889,GREEN_SUGAR,3,3345,1,4,0,0,0,0,GREEN~2#:#SUGAR~2,1.5#:#1.5,1.5,1.5,1
2890,HIGH_SUGAR,2,3345,1,4,0,0,0,0,HIGH~2#:#SUGAR~2,1.0#:#1.0,1.0,1.0,1
2891,PROTEIN_SUGAR,2,3345,1,4,0,0,0,0,PROTEIN~2#:#SUGAR~2,1.0#:#1.0,1.0,1.0,1
2892,SUGAR_YOGURT,3,3345,1,4,0,0,0,0,SUGAR~2#:#YOGURT~2,1.5#:#1.5,1.5,1.5,1
2893,DESSERT_GREEN,3,3345,0,4,0,0,0,0,DESSERT~2#:#GREEN~2,1.5#:#1.5,1.5,1.5,1
2894,DESSERT_STRAWBERRY,2,3345,1,4,0,0,0,0,DESSERT~2#:#STRAWBERRY~2,1.0#:#1.0,1.0,1.0,1
2895,DESSERT_SUGAR,2,3345,1,4,0,0,0,0,DESSERT~2#:#SUGAR~2,1.0#:#1.0,1.0,1.0,1
2896,CHERRY_SUGAR,3,3345,2,4,0,0,0,0,CHERRY~2#:#SUGAR~2,1.5#:#1.5,1.5,1.5,1
2897,CUP_FAT,2,3345,0,4,0,0,0,0,CUP~2#:#FAT~2,1.0#:#1.0,1.0,1.0,1
2898,CUP_LOW,2,3345,0,4,0,0,0,0,CUP~2#:#LOW~2,1.0#:#1.0,1.0,1.0,1
2899,CUP_STRAWBERRY,2,3345,1,4,0,0,0,0,CUP~2#:#STRAWBERRY~2,1.0#:#1.0,1.0,1.0,1
2900,FAT_FLAVOUR,3,3345,1,4,0,0,0,0,FAT~2#:#FLAVOUR~3,1.5#:#1.0,1.5,1.0,1
2901,FLAVOUR_LOW,3,3345,1,4,0,0,0,0,FLAVOUR~3#:#LOW~2,1.0#:#1.5,1.5,1.0,1
2902,FLAVOUR_RASPBERRY,3,3345,1,4,0,0,0,0,FLAVOUR~3#:#RASPBERRY~2,1.0#:#1.5,1.5,1.0,1
2903,FAT_KEYA,2,3345,0,4,0,0,0,0,FAT~2#:#KEYA~2,1.0#:#1.0,1.0,1.0,1
2904,FAT_LIGHT,2,3345,1,4,0,0,0,0,FAT~2#:#LIGHT~2,1.0#:#1.0,1.0,1.0,1
2905,FAT_LIME,2,3345,1,4,0,0,0,0,FAT~2#:#LIME~2,1.0#:#1.0,1.0,1.0,1
2906,KEYA_LIGHT,2,3345,1,4,0,0,0,0,KEYA~2#:#LIGHT~2,1.0#:#1.0,1.0,1.0,1
2907,KEYA_LIME,2,3345,1,4,0,0,0,0,KEYA~2#:#LIME~2,1.0#:#1.0,1.0,1.0,1
2908,KEYA_LOW,3,3345,0,4,0,0,0,0,KEYA~2#:#LOW~2,1.5#:#1.5,1.5,1.5,1
2909,KEYA_YOGURT,2,3345,0,4,0,0,0,0,KEYA~2#:#YOGURT~2,1.0#:#1.0,1.0,1.0,1
2910,LIGHT_LIME,2,3345,2,4,0,0,0,0,LIGHT~2#:#LIME~2,1.0#:#1.0,1.0,1.0,1
2911,LIGHT_YOGURT,2,3345,1,4,0,0,0,0,LIGHT~2#:#YOGURT~2,1.0#:#1.0,1.0,1.0,1
2912,LIME_LOW,2,3345,1,4,0,0,0,0,LIME~2#:#LOW~2,1.0#:#1.0,1.0,1.0,1
2913,LIME_YOGURT,2,3345,1,4,0,0,0,0,LIME~2#:#YOGURT~2,1.0#:#1.0,1.0,1.0,1
2914,BEANS_CREAMY,2,3345,1,4,0,0,0,0,BEANS~2#:#CREAMY~3,1.0#:#0.67,1.0,0.67,0
2915,BEANS_VANILLA,2,3345,1,4,0,0,0,0,BEANS~2#:#VANILLA~2,1.0#:#1.0,1.0,1.0,1
2916,CREAMY_CUP,3,3345,1,4,0,0,0,0,CREAMY~3#:#CUP~2,1.0#:#1.5,1.5,1.0,1
2917,CREAMY_MANGO,2,3345,1,4,0,0,0,0,CREAMY~3#:#MANGO~2,0.67#:#1.0,1.0,0.67,0
2918,CUP_DESSERT,5,3345,0,4,0,0,0,0,CUP~2#:#DESSERT~2,2.5#:#2.5,2.5,2.5,1
2919,CREAMY_WITH,2,3345,2,4,0,0,0,0,CREAMY~3#:#WITH~2,0.67#:#1.0,1.0,0.67,0
2920,GREEN_MANTRA,2,3345,0,4,0,0,0,0,GREEN~2#:#MANTRA~2,1.0#:#1.0,1.0,1.0,1
2921,MILD_NATURAL,2,3345,1,4,0,0,0,0,MILD~2#:#NATURAL~2,1.0#:#1.0,1.0,1.0,1
2922,MILD_PLAIN,2,3345,0,4,0,0,0,0,MILD~2#:#PLAIN~2,1.0#:#1.0,1.0,1.0,1
2923,MILD_YOGURT,2,3345,0,4,0,0,0,0,MILD~2#:#YOGURT~2,1.0#:#1.0,1.0,1.0,1
2924,GREEN_NATURAL,2,3345,1,4,0,0,0,0,GREEN~2#:#NATURAL~2,1.0#:#1.0,1.0,1.0,1
2925,AMUL_CUP,4,3345,0,4,0,0,0,0,AMUL~3#:#CUP~2,1.33#:#2.0,2.0,1.33,1
2926,FLAVOUR_LIME,3,3345,2,4,0,0,0,0,FLAVOUR~3#:#LIME~2,1.0#:#1.5,1.5,1.0,1
2927,AMUL_SOUR,2,3345,0,4,0,0,0,0,AMUL~3#:#SOUR~2,0.67#:#1.0,1.0,0.67,0
2928,AMUL_PERCENT,5,3345,0,4,0,0,0,0,AMUL~3#:#PERCENT~2,1.67#:#2.5,2.5,1.67,1
2929,FAT_PERCENT,5,3345,0,4,0,0,0,0,FAT~2#:#PERCENT~2,2.5#:#2.5,2.5,2.5,1
2930,MILD_PERCENT,3,3345,0,4,0,0,0,0,MILD~2#:#PERCENT~2,1.5#:#1.5,1.5,1.5,1
2931,AND_DAIRY,3,3345,0,4,0,0,0,0,AND~2#:#DAIRY~2,1.5#:#1.5,1.5,1.5,1
2932,BOTTLE_MILD,2,3345,1,4,0,0,0,0,BOTTLE~2#:#MILD~2,1.0#:#1.0,1.0,1.0,1
2933,EAT_EGGS,3,3345,0,4,0,0,0,0,EAT~2#:#EGGS~2,1.5#:#1.5,1.5,1.5,1
2934,EGGS_READY#TO,4,3345,0,4,0,0,0,0,EGGS~2#:#READY#TO~2,2.0#:#2.0,2.0,2.0,1
2935,EGGS_STYLE,2,3345,0,4,0,0,0,0,EGGS~2#:#STYLE~2,1.0#:#1.0,1.0,1.0,1
2936,EGGS_WHITE,7,3345,1,4,0,0,0,0,EGGS~2#:#WHITE~2,3.5#:#3.5,3.5,3.5,1
2937,AMUL_EGGS,2,3345,0,4,0,0,0,0,AMUL~3#:#EGGS~2,0.67#:#1.0,1.0,0.67,0
2938,AMUL_LIQUID,2,3345,1,4,0,0,0,0,AMUL~3#:#LIQUID~2,0.67#:#1.0,1.0,0.67,0
2939,EGGS_FREE,7,3345,1,4,0,0,0,0,EGGS~2#:#FREE~2,3.5#:#3.5,3.5,3.5,1
2940,EGGS_LIQUID,9,3345,1,4,0,0,0,0,EGGS~2#:#LIQUID~2,4.5#:#4.5,4.5,4.5,1
2941,EGGS_PERCENT,2,3345,0,4,0,0,0,0,EGGS~2#:#PERCENT~2,1.0#:#1.0,1.0,1.0,1
2942,EGGS_REAL,2,3345,0,4,0,0,0,0,EGGS~2#:#REAL~2,1.0#:#1.0,1.0,1.0,1
2943,LIQUID_WHITE,5,3345,2,4,0,0,0,0,LIQUID~2#:#WHITE~2,2.5#:#2.5,2.5,2.5,1
2944,SEASONING_STYLE,2,3345,0,4,0,0,0,0,SEASONING~2#:#STYLE~2,1.0#:#1.0,1.0,1.0,1
2945,EGGS_EXTRA,2,3345,1,4,0,0,0,0,EGGS~2#:#EXTRA~2,1.0#:#1.0,1.0,1.0,1
2946,EGGS_FARM,3,3345,0,4,0,0,0,0,EGGS~2#:#FARM~2,1.5#:#1.5,1.5,1.5,1
2947,FARM_LARGE,2,3345,0,4,0,0,0,0,FARM~2#:#LARGE~2,1.0#:#1.0,1.0,1.0,1
2948,EGGS_LARGE,4,3345,0,4,0,0,0,0,EGGS~2#:#LARGE~2,2.0#:#2.0,2.0,2.0,1
2949,AMUL_BUTTER,11,3345,1,4,0,0,0,0,AMUL~3#:#BUTTER~2,3.67#:#5.5,5.5,3.67,1
2950,AMUL_GARLIC,2,3345,0,4,0,0,0,0,AMUL~3#:#GARLIC~2,0.67#:#1.0,1.0,0.67,0
2951,AMUL_HERB,2,3345,0,4,0,0,0,0,AMUL~3#:#HERB~2,0.67#:#1.0,1.0,0.67,0
2952,BUTTER_GARLIC,4,3345,1,4,0,0,0,0,BUTTER~2#:#GARLIC~2,2.0#:#2.0,2.0,2.0,1
2953,BUTTER_HERB,2,3345,1,4,0,0,0,0,BUTTER~2#:#HERB~2,1.0#:#1.0,1.0,1.0,1
2954,BUTTER_SPREAD,7,3345,1,4,0,0,0,0,BUTTER~2#:#SPREAD~2,3.5#:#3.5,3.5,3.5,1
2955,BUTTER_STYLE,2,3345,1,4,0,0,0,0,BUTTER~2#:#STYLE~2,1.0#:#1.0,1.0,1.0,1
2956,AMUL_GRAM,7,3345,0,4,0,0,0,0,AMUL~3#:#GRAM~2,2.33#:#3.5,3.5,2.33,1
2957,DRY_RICH,2,3345,1,4,0,0,0,0,DRY~2#:#RICH~2,1.0#:#1.0,1.0,1.0,1
2958,FOOD_RICH,3,3345,0,4,0,0,0,0,FOOD~2#:#RICH~2,1.5#:#1.5,1.5,1.5,1
2959,INSTANT_PUDDING,2,3345,0,4,0,0,0,0,INSTANT~2#:#PUDDING~2,1.0#:#1.0,1.0,1.0,1
2960,PILLSBURY_ROLLS,2,3345,0,4,0,0,0,0,PILLSBURY~2#:#ROLLS~2,1.0#:#1.0,1.0,1.0,1
2961,ENGLISH_WHEAT,4,3345,0,4,0,0,0,0,ENGLISH~2#:#WHEAT~2,2.0#:#2.0,2.0,2.0,1
2962,ENGLISH_WHOLE,3,3345,0,4,0,0,0,0,ENGLISH~2#:#WHOLE~2,1.5#:#1.5,1.5,1.5,1
2963,HASS_PACK,2,3345,1,4,0,0,0,0,HASS~2#:#PACK~3,1.0#:#0.67,1.0,0.67,0
2964,BROWN_FROZEN,2,3345,1,4,0,0,0,0,BROWN~2#:#FROZEN~2,1.0#:#1.0,1.0,1.0,1
2965,BROWN_HASS,2,3345,1,4,0,0,0,0,BROWN~2#:#HASS~2,1.0#:#1.0,1.0,1.0,1
2966,BUTTER_SALTED,3,3345,1,4,0,0,0,0,BUTTER~2#:#SALTED~2,1.5#:#1.5,1.5,1.5,1
2967,GRAM_SALTED,3,3345,0,4,0,0,0,0,GRAM~2#:#SALTED~2,1.5#:#1.5,1.5,1.5,1
2968,BRITANNIA_SALTED,2,3345,0,4,0,0,0,0,BRITANNIA~3#:#SALTED~2,0.67#:#1.0,1.0,0.67,0
2969,PACK_SALTED,4,3345,1,4,0,0,0,0,PACK~3#:#SALTED~2,1.33#:#2.0,2.0,1.33,1
2970,AND_BUTTER,3,3345,1,4,0,0,0,0,AND~2#:#BUTTER~2,1.5#:#1.5,1.5,1.5,1
2971,AND_SPREAD,2,3345,0,4,0,0,0,0,AND~2#:#SPREAD~2,1.0#:#1.0,1.0,1.0,1
2972,GARLIC_GRAM,3,3345,0,4,0,0,0,0,GARLIC~2#:#GRAM~2,1.5#:#1.5,1.5,1.5,1
2973,GARLIC_SPREAD,2,3345,0,4,0,0,0,0,GARLIC~2#:#SPREAD~2,1.0#:#1.0,1.0,1.0,1
2974,GRAM_HERB,2,3345,0,4,0,0,0,0,GRAM~2#:#HERB~2,1.0#:#1.0,1.0,1.0,1
2975,GRAM_SPREAD,4,3345,0,4,0,0,0,0,GRAM~2#:#SPREAD~2,2.0#:#2.0,2.0,2.0,1
2976,PACK_PILLSBURY,2,3345,1,4,0,0,0,0,PACK~3#:#PILLSBURY~2,0.67#:#1.0,1.0,0.67,0
2977,CHOCOLATE_COOKIES,3,3345,0,4,0,0,0,0,CHOCOLATE~2#:#COOKIES~2,1.5#:#1.5,1.5,1.5,1
2978,CHIPS_COOKIES,2,3345,0,4,0,0,0,0,CHIPS~2#:#COOKIES~2,1.0#:#1.0,1.0,1.0,1
2979,COOKIES_PILLSBURY,4,3345,0,4,0,0,0,0,COOKIES~2#:#PILLSBURY~2,2.0#:#2.0,2.0,2.0,1
2980,GRAM_PILLSBURY,2,3345,0,4,0,0,0,0,GRAM~2#:#PILLSBURY~2,1.0#:#1.0,1.0,1.0,1
2981,FAT_SPREAD,2,3345,0,4,0,0,0,0,FAT~2#:#SPREAD~2,1.0#:#1.0,1.0,1.0,1
2982,DEL_GRAM,3,3345,0,4,0,0,0,0,DEL~2#:#GRAM~2,1.5#:#1.5,1.5,1.5,1
2983,GRAM_MONTE,3,3345,0,4,0,0,0,0,GRAM~2#:#MONTE~2,1.5#:#1.5,1.5,1.5,1
2984,MONTE_SLICED,2,3345,0,4,0,0,0,0,MONTE~2#:#SLICED~2,1.0#:#1.0,1.0,1.0,1
2985,CHOCOLATE_CUP,2,3345,0,4,0,0,0,0,CHOCOLATE~2#:#CUP~2,1.0#:#1.0,1.0,1.0,1
2986,CHOCOLATE_PUDDING,6,3345,0,4,0,0,0,0,CHOCOLATE~2#:#PUDDING~2,3.0#:#3.0,3.0,3.0,1
2987,CUP_GRAM,3,3345,0,4,0,0,0,0,CUP~2#:#GRAM~2,1.5#:#1.5,1.5,1.5,1
2988,CUP_PUDDING,3,3345,0,4,0,0,0,0,CUP~2#:#PUDDING~2,1.5#:#1.5,1.5,1.5,1
2989,DESSERT_GRAM,2,3345,0,4,0,0,0,0,DESSERT~2#:#GRAM~2,1.0#:#1.0,1.0,1.0,1
2990,DESSERT_PUDDING,6,3345,0,4,0,0,0,0,DESSERT~2#:#PUDDING~2,3.0#:#3.0,3.0,3.0,1
2991,COCOA_COOKIES,2,3345,0,4,0,0,0,0,COCOA~2#:#COOKIES~2,1.0#:#1.0,1.0,1.0,1
2992,BRITANNIA_TREATS,2,3345,0,4,0,0,0,0,BRITANNIA~3#:#TREATS~2,0.67#:#1.0,1.0,0.67,0
2993,TREATS_VANILLA,2,3345,1,4,0,0,0,0,TREATS~2#:#VANILLA~2,1.0#:#1.0,1.0,1.0,1
2994,BUTTER_CHOCOLATE,2,3345,1,4,0,0,0,0,BUTTER~2#:#CHOCOLATE~2,1.0#:#1.0,1.0,1.0,1
2995,BUTTER_WITH,2,3345,2,4,0,0,0,0,BUTTER~2#:#WITH~2,1.0#:#1.0,1.0,1.0,1
2996,CRACKERS_MULTIGRAIN,2,3345,0,4,0,0,0,0,CRACKERS~2#:#MULTIGRAIN~2,1.0#:#1.0,1.0,1.0,1
2997,CHEESE_ONION,2,3345,0,4,0,0,0,0,CHEESE~3#:#ONION~2,0.67#:#1.0,1.0,0.67,0
2998,CHEESE_POTATO,3,3345,0,4,0,0,0,0,CHEESE~3#:#POTATO~2,1.0#:#1.5,1.5,1.0,1
2999,CRISPY_FLAVOUR,2,3345,1,4,0,0,0,0,CRISPY~2#:#FLAVOUR~3,1.0#:#0.67,1.0,0.67,0
3000,FLAVOUR_POTATO,2,3345,1,4,0,0,0,0,FLAVOUR~3#:#POTATO~2,0.67#:#1.0,1.0,0.67,0
3001,CAKES_ORGANIC,2,3345,0,4,0,0,0,0,CAKES~2#:#ORGANIC~3,1.0#:#0.67,1.0,0.67,0
3002,BROWN_CAKES,2,3345,1,4,0,0,0,0,BROWN~2#:#CAKES~2,1.0#:#1.0,1.0,1.0,1
3003,CAKES_RICH,2,3345,0,4,0,0,0,0,CAKES~2#:#RICH~2,1.0#:#1.0,1.0,1.0,1
3004,BLACK_COLA,2,3345,1,4,0,0,0,0,BLACK~2#:#COLA~2,1.0#:#1.0,1.0,1.0,1
3005,TEA_UNSWEETENED,2,3345,1,4,0,0,0,0,TEA~2#:#UNSWEETENED~2,1.0#:#1.0,1.0,1.0,1
3006,HIMALAYAN_TATA,2,3345,1,4,0,0,0,0,HIMALAYAN~2#:#TATA~2,1.0#:#1.0,1.0,1.0,1
3007,NATURAL_TATA,2,3345,1,4,0,0,0,0,NATURAL~2#:#TATA~2,1.0#:#1.0,1.0,1.0,1
3008,TATA_WATER,2,3345,1,4,0,0,0,0,TATA~2#:#WATER~2,1.0#:#1.0,1.0,1.0,1
3009,BLUEBERRY_PRESERVED,2,3345,0,4,0,0,0,0,BLUEBERRY~2#:#PRESERVED~2,1.0#:#1.0,1.0,1.0,1
3010,BLUEBERRY_RAW,2,3345,0,4,0,0,0,0,BLUEBERRY~2#:#RAW~2,1.0#:#1.0,1.0,1.0,1
3011,CREAMY_NATURAL,2,3345,2,4,0,0,0,0,CREAMY~3#:#NATURAL~2,0.67#:#1.0,1.0,0.67,0
3012,HONEY_SAUCE,2,3345,1,4,0,0,0,0,HONEY~2#:#SAUCE~2,1.0#:#1.0,1.0,1.0,1
3013,HONEY_VEEBA,2,3345,1,4,0,0,0,0,HONEY~2#:#VEEBA~2,1.0#:#1.0,1.0,1.0,1
3014,CHILLI_MEXICAN,3,3345,0,4,0,0,0,0,CHILLI~2#:#MEXICAN~2,1.5#:#1.5,1.5,1.5,1
3015,CHILLI_SEASONING,2,3345,0,4,0,0,0,0,CHILLI~2#:#SEASONING~2,1.0#:#1.0,1.0,1.0,1
3016,BUTTER_CHICKEN,2,3345,1,4,0,0,0,0,BUTTER~2#:#CHICKEN~3,1.0#:#0.67,1.0,0.67,0
3017,COOKIES_RED,2,3345,1,4,0,0,0,0,COOKIES~2#:#RED~2,1.0#:#1.0,1.0,1.0,1
3018,SANDWICH_SPREAD,3,3345,0,4,0,0,0,0,SANDWICH~2#:#SPREAD~2,1.5#:#1.5,1.5,1.5,1
3019,DEL_LIGHT,3,3345,1,4,0,0,0,0,DEL~2#:#LIGHT~2,1.5#:#1.5,1.5,1.5,1
3020,LIGHT_MONTE,3,3345,1,4,0,0,0,0,LIGHT~2#:#MONTE~2,1.5#:#1.5,1.5,1.5,1
3021,DRESSING_ITALIAN,2,3345,0,4,0,0,0,0,DRESSING~2#:#ITALIAN~2,1.0#:#1.0,1.0,1.0,1
3022,BLACK_OLIVES,3,3345,1,4,0,0,0,0,BLACK~2#:#OLIVES~2,1.5#:#1.5,1.5,1.5,1
3023,BLACK_SLICED,4,3345,1,4,0,0,0,0,BLACK~2#:#SLICED~2,2.0#:#2.0,2.0,2.0,1
3024,OLIVES_SLICED,2,3345,0,4,0,0,0,0,OLIVES~2#:#SLICED~2,1.0#:#1.0,1.0,1.0,1
3025,CHERRY_DRINK,4,3345,1,4,0,0,0,0,CHERRY~2#:#DRINK~2,2.0#:#2.0,2.0,2.0,1
3026,CHERRY_SOFT,3,3345,1,4,0,0,0,0,CHERRY~2#:#SOFT~2,1.5#:#1.5,1.5,1.5,1
3027,CHERRY_WILD,2,3345,2,4,0,0,0,0,CHERRY~2#:#WILD~2,1.0#:#1.0,1.0,1.0,1
3028,DRINK_WILD,2,3345,1,4,0,0,0,0,DRINK~2#:#WILD~2,1.0#:#1.0,1.0,1.0,1
3029,SOFT_WILD,2,3345,1,4,0,0,0,0,SOFT~2#:#WILD~2,1.0#:#1.0,1.0,1.0,1
3030,SOFT_ZERO,2,3345,0,4,0,0,0,0,SOFT~2#:#ZERO~2,1.0#:#1.0,1.0,1.0,1
3031,SUGAR_WILD,2,3345,2,4,0,0,0,0,SUGAR~2#:#WILD~2,1.0#:#1.0,1.0,1.0,1
3032,WILD_ZERO,2,3345,1,4,0,0,0,0,WILD~2#:#ZERO~2,1.0#:#1.0,1.0,1.0,1
3033,MIX_STRAWBERRY,2,3345,1,4,0,0,0,0,MIX~2#:#STRAWBERRY~2,1.0#:#1.0,1.0,1.0,1
3034,MIX_SEEDS,2,3345,0,4,0,0,0,0,MIX~2#:#SEEDS~2,1.0#:#1.0,1.0,1.0,1
3035,BAR_SEEDS,3,3345,0,4,0,0,0,0,BAR~2#:#SEEDS~2,1.5#:#1.5,1.5,1.5,1
3036,SEEDS_YOGA,3,3345,0,4,0,0,0,0,SEEDS~2#:#YOGA~2,1.5#:#1.5,1.5,1.5,1
3037,GARLIC_POWDER,2,3345,1,4,0,0,0,0,GARLIC~2#:#POWDER~2,1.0#:#1.0,1.0,1.0,1
3038,POWDER_TATA,2,3345,1,4,0,0,0,0,POWDER~2#:#TATA~2,1.0#:#1.0,1.0,1.0,1
3039,BLACK_POWDER,2,3345,2,4,0,0,0,0,BLACK~2#:#POWDER~2,1.0#:#1.0,1.0,1.0,1
3040,PEPPERS_POWDER,2,3345,1,4,0,0,0,0,PEPPERS~2#:#POWDER~2,1.0#:#1.0,1.0,1.0,1
3041,SALT_TATA,2,3345,1,4,0,0,0,0,SALT~2#:#TATA~2,1.0#:#1.0,1.0,1.0,1
3042,ORGANIC_SALT,2,3345,1,4,0,0,0,0,ORGANIC~3#:#SALT~2,0.67#:#1.0,1.0,0.67,0
3043,OIL_VEGETABLE,2,3345,1,4,0,0,0,0,OIL~2#:#VEGETABLE~2,1.0#:#1.0,1.0,1.0,1
3044,BAKERY_MARINADE,2,3345,0,4,0,0,0,0,BAKERY~2#:#MARINADE~2,1.0#:#1.0,1.0,1.0,1
3045,BORGES_EXTRA,2,3345,1,4,0,0,0,0,BORGES~2#:#EXTRA~2,1.0#:#1.0,1.0,1.0,1
3046,AVOCADO_OIL,2,3345,1,4,0,0,0,0,AVOCADO~2#:#OIL~2,1.0#:#1.0,1.0,1.0,1
3047,AVOCADO_SPRAY,2,3345,1,4,0,0,0,0,AVOCADO~2#:#SPRAY~2,1.0#:#1.0,1.0,1.0,1
3048,OIL_SPRAY,4,3345,2,4,0,0,0,0,OIL~2#:#SPRAY~2,2.0#:#2.0,2.0,2.0,1
3049,BEVERAGE_COCONUT,2,3345,1,4,0,0,0,0,BEVERAGE~2#:#COCONUT~2,1.0#:#1.0,1.0,1.0,1
3050,BAKING_MIX,2,3345,0,4,0,0,0,0,BAKING~2#:#MIX~2,1.0#:#1.0,1.0,1.0,1
3051,GLUTEN_PLATES,4,3345,0,4,0,0,0,0,GLUTEN~2#:#PLATES~2,2.0#:#2.0,2.0,2.0,1
3052,GLUTEN_URBAN,4,3345,0,4,0,0,0,0,GLUTEN~2#:#URBAN~2,2.0#:#2.0,2.0,2.0,1
3053,MIX_PLATES,4,3345,0,4,0,0,0,0,MIX~2#:#PLATES~2,2.0#:#2.0,2.0,2.0,1
3054,MIX_URBAN,4,3345,0,4,0,0,0,0,MIX~2#:#URBAN~2,2.0#:#2.0,2.0,2.0,1
3055,MIX_ORGANIC,4,3345,0,4,0,0,0,0,MIX~2#:#ORGANIC~3,2.0#:#1.33,2.0,1.33,1
3056,NATURAL_PLATES,2,3345,1,4,0,0,0,0,NATURAL~2#:#PLATES~2,1.0#:#1.0,1.0,1.0,1
3057,NATURAL_SEEDS,2,3345,1,4,0,0,0,0,NATURAL~2#:#SEEDS~2,1.0#:#1.0,1.0,1.0,1
3058,NATURAL_URBAN,2,3345,1,4,0,0,0,0,NATURAL~2#:#URBAN~2,1.0#:#1.0,1.0,1.0,1
3059,ORGANIC_PLATES,2,3345,0,4,0,0,0,0,ORGANIC~3#:#PLATES~2,0.67#:#1.0,1.0,0.67,0
3060,ORGANIC_POWDER,2,3345,1,4,0,0,0,0,ORGANIC~3#:#POWDER~2,0.67#:#1.0,1.0,0.67,0
3061,ORGANIC_URBAN,2,3345,0,4,0,0,0,0,ORGANIC~3#:#URBAN~2,0.67#:#1.0,1.0,0.67,0
3062,CANS_SUGAR,3,3345,1,4,0,0,0,0,CANS~2#:#SUGAR~2,1.5#:#1.5,1.5,1.5,1
3063,SUGAR_WHITE,2,3345,2,4,0,0,0,0,SUGAR~2#:#WHITE~2,1.0#:#1.0,1.0,1.0,1
3064,BAKING_FOR,3,3345,1,4,0,0,0,0,BAKING~2#:#FOR~2,1.5#:#1.5,1.5,1.5,1
3065,BAKING_SUGAR,2,3345,1,4,0,0,0,0,BAKING~2#:#SUGAR~2,1.0#:#1.0,1.0,1.0,1
3066,FOR_SUGAR,3,3345,2,4,0,0,0,0,FOR~2#:#SUGAR~2,1.5#:#1.5,1.5,1.5,1
3067,ORGANIC_SUGAR,3,3345,1,4,0,0,0,0,ORGANIC~3#:#SUGAR~2,1.0#:#1.5,1.5,1.0,1
3068,MANTRA_SUGAR,2,3345,1,4,0,0,0,0,MANTRA~2#:#SUGAR~2,1.0#:#1.0,1.0,1.0,1
3069,INDIA_NATURAL,2,3345,1,4,0,0,0,0,INDIA~2#:#NATURAL~2,1.0#:#1.0,1.0,1.0,1
3070,CANS_NATURAL,2,3345,1,4,0,0,0,0,CANS~2#:#NATURAL~2,1.0#:#1.0,1.0,1.0,1
3071,AND_SUGAR,3,3345,1,4,0,0,0,0,AND~2#:#SUGAR~2,1.5#:#1.5,1.5,1.5,1
3072,BAKING_POWDER,2,3345,1,4,0,0,0,0,BAKING~2#:#POWDER~2,1.0#:#1.0,1.0,1.0,1
3073,FOR_POWDER,3,3345,2,4,0,0,0,0,FOR~2#:#POWDER~2,1.5#:#1.5,1.5,1.5,1
3074,FREE_SWEETENED,2,3345,1,4,0,0,0,0,FREE~2#:#SWEETENED~2,1.0#:#1.0,1.0,1.0,1
3075,GOLD_POWDER,2,3345,1,4,0,0,0,0,GOLD~2#:#POWDER~2,1.0#:#1.0,1.0,1.0,1
3076,ORGANIC_SYRUP,3,3345,0,4,0,0,0,0,ORGANIC~3#:#SYRUP~2,1.0#:#1.5,1.5,1.0,1
3077,MANTRA_SYRUP,3,3345,0,4,0,0,0,0,MANTRA~2#:#SYRUP~2,1.5#:#1.5,1.5,1.5,1
3078,BOTTLE_ORGANIC,2,3345,1,4,0,0,0,0,BOTTLE~2#:#ORGANIC~3,1.0#:#0.67,1.0,0.67,0
3079,AND_GLUTEN,2,3345,0,4,0,0,0,0,AND~2#:#GLUTEN~2,1.0#:#1.0,1.0,1.0,1
3080,PREMIUM_TATA,2,3345,0,4,0,0,0,0,PREMIUM~2#:#TATA~2,1.0#:#1.0,1.0,1.0,1
3081,FOR_FRUIT,3,3345,1,4,0,0,0,0,FOR~2#:#FRUIT~2,1.5#:#1.5,1.5,1.5,1
3082,DRINK_MIXED,2,3345,0,4,0,0,0,0,DRINK~2#:#MIXED~2,1.0#:#1.0,1.0,1.0,1
3083,JUICE_MIXED,5,3345,0,4,0,0,0,0,JUICE~2#:#MIXED~2,2.5#:#2.5,2.5,2.5,1
3084,LIQUID_WATER,2,3345,2,4,0,0,0,0,LIQUID~2#:#WATER~2,1.0#:#1.0,1.0,1.0,1
3085,CUTS_GREEN,2,3345,0,4,0,0,0,0,CUTS~2#:#GREEN~2,1.0#:#1.0,1.0,1.0,1
3086,BEANS_ORGANIC,5,3345,0,4,0,0,0,0,BEANS~2#:#ORGANIC~3,2.5#:#1.67,2.5,1.67,1
3087,BEANS_MANTRA,7,3345,0,4,0,0,0,0,BEANS~2#:#MANTRA~2,3.5#:#3.5,3.5,3.5,1
3088,COOKIES_KISSAN,2,3345,0,4,0,0,0,0,COOKIES~2#:#KISSAN~2,1.0#:#1.0,1.0,1.0,1
3089,COOKIES_SAUCE,4,3345,0,4,0,0,0,0,COOKIES~2#:#SAUCE~2,2.0#:#2.0,2.0,2.0,1
3090,DICED_TOMATO,2,3345,0,4,0,0,0,0,DICED~2#:#TOMATO~2,1.0#:#1.0,1.0,1.0,1
3091,DEL_SYRUP,3,3345,0,4,0,0,0,0,DEL~2#:#SYRUP~2,1.5#:#1.5,1.5,1.5,1
3092,MONTE_SYRUP,3,3345,0,4,0,0,0,0,MONTE~2#:#SYRUP~2,1.5#:#1.5,1.5,1.5,1
3093,DEL_JUICE,2,3345,0,4,0,0,0,0,DEL~2#:#JUICE~2,1.0#:#1.0,1.0,1.0,1
3094,JUICE_MONTE,2,3345,0,4,0,0,0,0,JUICE~2#:#MONTE~2,1.0#:#1.0,1.0,1.0,1
3095,APPLE_KISSAN,3,3345,1,4,0,0,0,0,APPLE~2#:#KISSAN~2,1.5#:#1.5,1.5,1.5,1
3096,APPLE_SAUCE,3,3345,1,4,0,0,0,0,APPLE~2#:#SAUCE~2,1.5#:#1.5,1.5,1.5,1
3097,APPLE_UNSWEETENED,2,3345,1,4,0,0,0,0,APPLE~2#:#UNSWEETENED~2,1.0#:#1.0,1.0,1.0,1
3098,KISSAN_UNSWEETENED,2,3345,0,4,0,0,0,0,KISSAN~2#:#UNSWEETENED~2,1.0#:#1.0,1.0,1.0,1
3099,SAUCE_UNSWEETENED,2,3345,0,4,0,0,0,0,SAUCE~2#:#UNSWEETENED~2,1.0#:#1.0,1.0,1.0,1
3100,APPLE_CUP,2,3345,1,4,0,0,0,0,APPLE~2#:#CUP~2,1.0#:#1.0,1.0,1.0,1
3101,CUP_KISSAN,2,3345,0,4,0,0,0,0,CUP~2#:#KISSAN~2,1.0#:#1.0,1.0,1.0,1
3102,CUP_SAUCE,2,3345,0,4,0,0,0,0,CUP~2#:#SAUCE~2,1.0#:#1.0,1.0,1.0,1
3103,BLACK_ORGANIC,2,3345,1,4,0,0,0,0,BLACK~2#:#ORGANIC~3,1.0#:#0.67,1.0,0.67,0
3104,BLACK_MANTRA,2,3345,1,4,0,0,0,0,BLACK~2#:#MANTRA~2,1.0#:#1.0,1.0,1.0,1
3105,BEANS_BLACK,3,3345,1,4,0,0,0,0,BEANS~2#:#BLACK~2,1.5#:#1.5,1.5,1.5,1
3106,BEANS_STYLE,2,3345,0,4,0,0,0,0,BEANS~2#:#STYLE~2,1.0#:#1.0,1.0,1.0,1
3107,COCONUT_CURRY,2,3345,1,4,0,0,0,0,COCONUT~2#:#CURRY~2,1.0#:#1.0,1.0,1.0,1
3108,BEANS_CURRY,2,3345,0,4,0,0,0,0,BEANS~2#:#CURRY~2,1.0#:#1.0,1.0,1.0,1
3109,BAKE_BEANS,3,3345,0,4,0,0,0,0,BAKE~2#:#BEANS~2,1.5#:#1.5,1.5,1.5,1
3110,BEANS_SAUCE,3,3345,0,4,0,0,0,0,BEANS~2#:#SAUCE~2,1.5#:#1.5,1.5,1.5,1
3111,BEANS_EAT,2,3345,0,4,0,0,0,0,BEANS~2#:#EAT~2,1.0#:#1.0,1.0,1.0,1
3112,BEANS_READY#TO,3,3345,0,4,0,0,0,0,BEANS~2#:#READY#TO~2,1.5#:#1.5,1.5,1.5,1
3113,CHILLI_EAT,2,3345,0,4,0,0,0,0,CHILLI~2#:#EAT~2,1.0#:#1.0,1.0,1.0,1
3114,CLASSIC_VEEBA,2,3345,0,4,0,0,0,0,CLASSIC~2#:#VEEBA~2,1.0#:#1.0,1.0,1.0,1
3115,LIQUID_ORGANIC,2,3345,1,4,0,0,0,0,LIQUID~2#:#ORGANIC~3,1.0#:#0.67,1.0,0.67,0
3116,MIX_PASTA,2,3345,0,4,0,0,0,0,MIX~2#:#PASTA~2,1.0#:#1.0,1.0,1.0,1
3117,GARLIC_MIX,2,3345,0,4,0,0,0,0,GARLIC~2#:#MIX~2,1.0#:#1.0,1.0,1.0,1
3118,MIX_ROASTED,2,3345,0,4,0,0,0,0,MIX~2#:#ROASTED~2,1.0#:#1.0,1.0,1.0,1
3119,BABY_RED,4,3345,2,4,0,0,0,0,BABY~2#:#RED~2,2.0#:#2.0,2.0,2.0,1
3120,BABY_CHEF#ITC#MASTER,2,3345,1,4,0,0,0,0,BABY~2#:#CHEF#ITC#MASTER~2,1.0#:#1.0,1.0,1.0,1
3121,CHEF#ITC#MASTER_RED,2,3345,1,4,0,0,0,0,CHEF#ITC#MASTER~2#:#RED~2,1.0#:#1.0,1.0,1.0,1
3122,FREE_WHOLE,2,3345,1,4,0,0,0,0,FREE~2#:#WHOLE~2,1.0#:#1.0,1.0,1.0,1
3123,TORTILLA_WHOLE,2,3345,0,4,0,0,0,0,TORTILLA~2#:#WHOLE~2,1.0#:#1.0,1.0,1.0,1
3124,STYLE_WINGREENS,4,3345,0,4,0,0,0,0,STYLE~2#:#WINGREENS~2,2.0#:#2.0,2.0,2.0,1
3125,AND_WINGREENS,3,3345,0,4,0,0,0,0,AND~2#:#WINGREENS~2,1.5#:#1.5,1.5,1.5,1
3126,SEASONING_VEEBA,3,3345,0,4,0,0,0,0,SEASONING~2#:#VEEBA~2,1.5#:#1.5,1.5,1.5,1
3127,GARLIC_SAUCE,3,3345,0,4,0,0,0,0,GARLIC~2#:#SAUCE~2,1.5#:#1.5,1.5,1.5,1
3128,CHILLI_DICED,2,3345,0,4,0,0,0,0,CHILLI~2#:#DICED~2,1.0#:#1.0,1.0,1.0,1
3129,DICED_GREEN,2,3345,0,4,0,0,0,0,DICED~2#:#GREEN~2,1.0#:#1.0,1.0,1.0,1
3130,DICED_MEXICAN,2,3345,0,4,0,0,0,0,DICED~2#:#MEXICAN~2,1.0#:#1.0,1.0,1.0,1
3131,GREEN_MEXICAN,2,3345,0,4,0,0,0,0,GREEN~2#:#MEXICAN~2,1.0#:#1.0,1.0,1.0,1
3132,GREEN_VEEBA,2,3345,0,4,0,0,0,0,GREEN~2#:#VEEBA~2,1.0#:#1.0,1.0,1.0,1
3133,BEVERAGE_PINEAPPLE,2,3345,0,4,0,0,0,0,BEVERAGE~2#:#PINEAPPLE~2,1.0#:#1.0,1.0,1.0,1
3134,PINEAPPLE_REAL,4,3345,0,4,0,0,0,0,PINEAPPLE~2#:#REAL~2,2.0#:#2.0,2.0,2.0,1
3135,TATA_VEEBA,2,3345,0,4,0,0,0,0,TATA~2#:#VEEBA~2,1.0#:#1.0,1.0,1.0,1
3136,DIP_MEDIUM,2,3345,0,4,0,0,0,0,DIP~2#:#MEDIUM~2,1.0#:#1.0,1.0,1.0,1
3137,MEDIUM_SALT,2,3345,1,4,0,0,0,0,MEDIUM~2#:#SALT~2,1.0#:#1.0,1.0,1.0,1
3138,MEDIUM_WINGREENS,2,3345,0,4,0,0,0,0,MEDIUM~2#:#WINGREENS~2,1.0#:#1.0,1.0,1.0,1
3139,CLASSIC_DIP,3,3345,0,4,0,0,0,0,CLASSIC~2#:#DIP~2,1.5#:#1.5,1.5,1.5,1
3140,CLASSIC_WINGREENS,3,3345,0,4,0,0,0,0,CLASSIC~2#:#WINGREENS~2,1.5#:#1.5,1.5,1.5,1
3141,CANS_MANTRA,2,3345,0,4,0,0,0,0,CANS~2#:#MANTRA~2,1.0#:#1.0,1.0,1.0,1
3142,CORN_YELLOW,5,3345,0,4,0,0,0,0,CORN~2#:#YELLOW~2,2.5#:#2.5,2.5,2.5,1
3143,CORN_TATA,3,3345,0,4,0,0,0,0,CORN~2#:#TATA~2,1.5#:#1.5,1.5,1.5,1
3144,TATA_YELLOW,3,3345,0,4,0,0,0,0,TATA~2#:#YELLOW~2,1.5#:#1.5,1.5,1.5,1
3145,FRESH_WET,2,3345,2,4,0,0,0,0,FRESH~3#:#WET~2,0.67#:#1.0,1.0,0.67,0
3146,CARB_WET,2,3345,1,4,0,0,0,0,CARB~2#:#WET~2,1.0#:#1.0,1.0,1.0,1
3147,ROLLS_WHITE,3,3345,1,4,0,0,0,0,ROLLS~2#:#WHITE~2,1.5#:#1.5,1.5,1.5,1
3148,CARB_LIQUID,2,3345,1,4,0,0,0,0,CARB~2#:#LIQUID~2,1.0#:#1.0,1.0,1.0,1
3149,FRESH_LIQUID,2,3345,2,4,0,0,0,0,FRESH~3#:#LIQUID~2,0.67#:#1.0,1.0,0.67,0
3150,COMFORT_LIQUID,2,3345,2,4,0,0,0,0,COMFORT~2#:#LIQUID~2,1.0#:#1.0,1.0,1.0,1
3151,COMFORT_ULTRA,2,3345,2,4,0,0,0,0,COMFORT~2#:#ULTRA~2,1.0#:#1.0,1.0,1.0,1
3152,LIQUID_ULTRA,2,3345,2,4,0,0,0,0,LIQUID~2#:#ULTRA~2,1.0#:#1.0,1.0,1.0,1
3153,CHICKEN_TREATS,3,3345,0,4,0,0,0,0,CHICKEN~3#:#TREATS~2,1.0#:#1.5,1.5,1.0,1
3154,DOG_TREATS,6,3345,0,4,0,0,0,0,DOG~2#:#TREATS~2,3.0#:#3.0,3.0,3.0,1
3155,CAT_DRY,3,3345,1,4,0,0,0,0,CAT~2#:#DRY~2,1.5#:#1.5,1.5,1.5,1
3156,DRY_PREMIUM,3,3345,1,4,0,0,0,0,DRY~2#:#PREMIUM~2,1.5#:#1.5,1.5,1.5,1
3157,DROOLS_FRESH,2,3345,1,4,0,0,0,0,DROOLS~2#:#FRESH~3,1.0#:#0.67,1.0,0.67,0
3158,FOOD_FRESH,2,3345,1,4,0,0,0,0,FOOD~2#:#FRESH~3,1.0#:#0.67,1.0,0.67,0
3159,DOG_FRESH,2,3345,1,4,0,0,0,0,DOG~2#:#FRESH~3,1.0#:#0.67,1.0,0.67,0
3160,DROOLS_RICH,2,3345,0,4,0,0,0,0,DROOLS~2#:#RICH~2,1.0#:#1.0,1.0,1.0,1
3161,DOG_RICH,2,3345,0,4,0,0,0,0,DOG~2#:#RICH~2,1.0#:#1.0,1.0,1.0,1
3162,BARBECUE_FOR,3,3345,1,4,0,0,0,0,BARBECUE~2#:#FOR~2,1.5#:#1.5,1.5,1.5,1
3163,SALT_WATER,3,3345,2,4,0,0,0,0,SALT~2#:#WATER~2,1.5#:#1.5,1.5,1.5,1
3164,FOR_PREMIUM,2,3345,1,4,0,0,0,0,FOR~2#:#PREMIUM~2,1.0#:#1.0,1.0,1.0,1
3165,BABY_YOGURT,2,3345,1,4,0,0,0,0,BABY~2#:#YOGURT~2,1.0#:#1.0,1.0,1.0,1
3166,FOR_YOGURT,2,3345,1,4,0,0,0,0,FOR~2#:#YOGURT~2,1.0#:#1.0,1.0,1.0,1
3167,MILD_POWDER,4,3345,1,4,0,0,0,0,MILD~2#:#POWDER~2,2.0#:#2.0,2.0,2.0,1
3168,MILD_PREMIUM,2,3345,0,4,0,0,0,0,MILD~2#:#PREMIUM~2,1.0#:#1.0,1.0,1.0,1
3169,POWDER_PREMIUM,3,3345,1,4,0,0,0,0,POWDER~2#:#PREMIUM~2,1.5#:#1.5,1.5,1.5,1
3170,BABY_WATER,3,3345,2,4,0,0,0,0,BABY~2#:#WATER~2,1.5#:#1.5,1.5,1.5,1
3171,BAGS_ULTRA,3,3345,1,4,0,0,0,0,BAGS~2#:#ULTRA~2,1.5#:#1.5,1.5,1.5,1
3172,GARLIC_VEEBA,2,3345,0,4,0,0,0,0,GARLIC~2#:#VEEBA~2,1.0#:#1.0,1.0,1.0,1
3173,PASTA_ROASTED,2,3345,0,4,0,0,0,0,PASTA~2#:#ROASTED~2,1.0#:#1.0,1.0,1.0,1
3174,ROASTED_VEEBA,2,3345,0,4,0,0,0,0,ROASTED~2#:#VEEBA~2,1.0#:#1.0,1.0,1.0,1
3175,CHEESE_DEL,3,3345,0,4,0,0,0,0,CHEESE~3#:#DEL~2,1.0#:#1.5,1.5,1.0,1
3176,CHEESE_MONTE,2,3345,0,4,0,0,0,0,CHEESE~3#:#MONTE~2,0.67#:#1.0,1.0,0.67,0
3177,COOKIES_HOT,2,3345,1,4,0,0,0,0,COOKIES~2#:#HOT~2,1.0#:#1.0,1.0,1.0,1
3178,BEANS_FAT,2,3345,0,4,0,0,0,0,BEANS~2#:#FAT~2,1.0#:#1.0,1.0,1.0,1
3179,CHICKEN_DRY,2,3345,1,4,0,0,0,0,CHICKEN~3#:#DRY~2,0.67#:#1.0,1.0,0.67,0
3180,PREMIUM_RICH,2,3345,0,4,0,0,0,0,PREMIUM~2#:#RICH~2,1.0#:#1.0,1.0,1.0,1
3181,NATURAL_TREATS,2,3345,1,4,0,0,0,0,NATURAL~2#:#TREATS~2,1.0#:#1.0,1.0,1.0,1
3182,PACK_TREATS,2,3345,1,4,0,0,0,0,PACK~3#:#TREATS~2,0.67#:#1.0,1.0,0.67,0
3183,DOG_GOOD,2,3345,0,4,0,0,0,0,DOG~2#:#GOOD~2,1.0#:#1.0,1.0,1.0,1
3184,CHEESE_FAMILY,2,3345,0,4,0,0,0,0,CHEESE~3#:#FAMILY~2,0.67#:#1.0,1.0,0.67,0
3185,CHICKEN_PASTA,2,3345,0,4,0,0,0,0,CHICKEN~3#:#PASTA~2,0.67#:#1.0,1.0,0.67,0
3186,DEL_WITH,2,3345,1,4,0,0,0,0,DEL~2#:#WITH~2,1.0#:#1.0,1.0,1.0,1
3187,MONTE_WITH,2,3345,1,4,0,0,0,0,MONTE~2#:#WITH~2,1.0#:#1.0,1.0,1.0,1
3188,ITALIAN_SALAMI,2,3345,0,4,0,0,0,0,ITALIAN~2#:#SALAMI~2,1.0#:#1.0,1.0,1.0,1
3189,HAM_PACK,2,3345,1,4,0,0,0,0,HAM~2#:#PACK~3,1.0#:#0.67,1.0,0.67,0
3190,BLOCK_BRITANNIA,2,3345,0,4,0,0,0,0,BLOCK~2#:#BRITANNIA~3,1.0#:#0.67,1.0,0.67,0
3191,ALMOND_CHEESE,2,3345,1,4,0,0,0,0,ALMOND~2#:#CHEESE~3,1.0#:#0.67,1.0,0.67,0
3192,ALMOND_CHEDDAR,2,3345,1,4,0,0,0,0,ALMOND~2#:#CHEDDAR~2,1.0#:#1.0,1.0,1.0,1
3193,CHEDDAR_WITH,2,3345,1,4,0,0,0,0,CHEDDAR~2#:#WITH~2,1.0#:#1.0,1.0,1.0,1
3194,ALMOND_WITH,2,3345,2,4,0,0,0,0,ALMOND~2#:#WITH~2,1.0#:#1.0,1.0,1.0,1
3195,CLASSIC_SALAD,3,3345,0,4,0,0,0,0,CLASSIC~2#:#SALAD~2,1.5#:#1.5,1.5,1.5,1
3196,CHEESE_RANCH,2,3345,0,4,0,0,0,0,CHEESE~3#:#RANCH~2,0.67#:#1.0,1.0,0.67,0
3197,SALAD_SERVE,3,3345,0,4,0,0,0,0,SALAD~2#:#SERVE~2,1.5#:#1.5,1.5,1.5,1
3198,CLASSIC_POTATO,2,3345,0,4,0,0,0,0,CLASSIC~2#:#POTATO~2,1.0#:#1.0,1.0,1.0,1
3199,POTATO_SIGNATURE,2,3345,0,4,0,0,0,0,POTATO~2#:#SIGNATURE~2,1.0#:#1.0,1.0,1.0,1
3200,ORIGINAL_SALAD,2,3345,1,4,0,0,0,0,ORIGINAL~2#:#SALAD~2,1.0#:#1.0,1.0,1.0,1
3201,SANDWICH_SNACK,2,3345,0,4,0,0,0,0,SANDWICH~2#:#SNACK~3,1.0#:#0.67,1.0,0.67,0
3202,SALAD_SNACK,2,3345,0,4,0,0,0,0,SALAD~2#:#SNACK~3,1.0#:#0.67,1.0,0.67,0
3203,SALAD_WITH,2,3345,1,4,0,0,0,0,SALAD~2#:#WITH~2,1.0#:#1.0,1.0,1.0,1
3204,CLASSIC_SNACK,2,3345,0,4,0,0,0,0,CLASSIC~2#:#SNACK~3,1.0#:#0.67,1.0,0.67,0
3205,HUMMUS_PEPPERS,2,3345,0,4,0,0,0,0,HUMMUS~2#:#PEPPERS~2,1.0#:#1.0,1.0,1.0,1
3206,SIGNATURE_SPICY,3,3345,0,4,0,0,0,0,SIGNATURE~2#:#SPICY~2,1.5#:#1.5,1.5,1.5,1
3207,SWEET_VEEBA,2,3345,1,4,0,0,0,0,SWEET~2#:#VEEBA~2,1.0#:#1.0,1.0,1.0,1
3208,DIP_HUMMUS,3,3345,0,4,0,0,0,0,DIP~2#:#HUMMUS~2,1.5#:#1.5,1.5,1.5,1
3209,CHIPS_SIGNATURE,2,3345,0,4,0,0,0,0,CHIPS~2#:#SIGNATURE~2,1.0#:#1.0,1.0,1.0,1
3210,BAGS_PACK,2,3345,1,4,0,0,0,0,BAGS~2#:#PACK~3,1.0#:#0.67,1.0,0.67,0
3211,FRESH_GRAPES,3,3345,1,4,0,0,0,0,FRESH~3#:#GRAPES~2,1.0#:#1.5,1.5,1.0,1
3212,FRESH_PEACH,3,3345,2,4,0,0,0,0,FRESH~3#:#PEACH~2,1.0#:#1.5,1.5,1.0,1
3213,GOLD_PREMIUM,2,3345,0,4,0,0,0,0,GOLD~2#:#PREMIUM~2,1.0#:#1.0,1.0,1.0,1
3214,GREEN_PACK,2,3345,1,4,0,0,0,0,GREEN~2#:#PACK~3,1.0#:#0.67,1.0,0.67,0
3215,GOLD_PINEAPPLE,3,3345,0,4,0,0,0,0,GOLD~2#:#PINEAPPLE~2,1.5#:#1.5,1.5,1.5,1
3216,PINEAPPLE_PREMIUM,2,3345,0,4,0,0,0,0,PINEAPPLE~2#:#PREMIUM~2,1.0#:#1.0,1.0,1.0,1
3217,FRESH_GOLD,2,3345,1,4,0,0,0,0,FRESH~3#:#GOLD~2,0.67#:#1.0,1.0,0.67,0
3218,BOTTLE_SPICY,2,3345,1,4,0,0,0,0,BOTTLE~2#:#SPICY~2,1.0#:#1.0,1.0,1.0,1
3219,FARM_SIGNATURE,3,3345,0,4,0,0,0,0,FARM~2#:#SIGNATURE~2,1.5#:#1.5,1.5,1.5,1
3220,ONION_SPICY,2,3345,0,4,0,0,0,0,ONION~2#:#SPICY~2,1.0#:#1.0,1.0,1.0,1
3221,PASTA_SPICY,2,3345,0,4,0,0,0,0,PASTA~2#:#SPICY~2,1.0#:#1.0,1.0,1.0,1
3222,GREEN_PREMIUM,2,3345,0,4,0,0,0,0,GREEN~2#:#PREMIUM~2,1.0#:#1.0,1.0,1.0,1
3223,CORN_FRESH,2,3345,1,4,0,0,0,0,CORN~2#:#FRESH~3,1.0#:#0.67,1.0,0.67,0
3224,CORN_SWEET,2,3345,1,4,0,0,0,0,CORN~2#:#SWEET~2,1.0#:#1.0,1.0,1.0,1
3225,INDIA_LEAVES,2,3345,0,4,0,0,0,0,INDIA~2#:#LEAVES~2,1.0#:#1.0,1.0,1.0,1
3226,INDIA_PACK,2,3345,1,4,0,0,0,0,INDIA~2#:#PACK~3,1.0#:#0.67,1.0,0.67,0
3227,INDIA_SLICED,3,3345,0,4,0,0,0,0,INDIA~2#:#SLICED~2,1.5#:#1.5,1.5,1.5,1
3228,LOOSE_ONION,3,3345,0,4,0,0,0,0,LOOSE~2#:#ONION~2,1.5#:#1.5,1.5,1.5,1
3229,LOOSE_RED,5,3345,1,4,0,0,0,0,LOOSE~2#:#RED~2,2.5#:#2.5,2.5,2.5,1
3230,LOOSE_SWEET,2,3345,1,4,0,0,0,0,LOOSE~2#:#SWEET~2,1.0#:#1.0,1.0,1.0,1
3231,LOOSE_YELLOW,2,3345,0,4,0,0,0,0,LOOSE~2#:#YELLOW~2,1.0#:#1.0,1.0,1.0,1
3232,LOOSE_PUMPKIN,5,3345,0,4,0,0,0,0,LOOSE~2#:#PUMPKIN~2,2.5#:#2.5,2.5,2.5,1
3233,LARGE_LOOSE,3,3345,0,4,0,0,0,0,LARGE~2#:#LOOSE~2,1.5#:#1.5,1.5,1.5,1
3234,LOOSE_TOMATO,4,3345,0,4,0,0,0,0,LOOSE~2#:#TOMATO~2,2.0#:#2.0,2.0,2.0,1
3235,PACK_VEGETABLE,3,3345,1,4,0,0,0,0,PACK~3#:#VEGETABLE~2,1.0#:#1.5,1.5,1.0,1
3236,HERB_PACK,2,3345,1,4,0,0,0,0,HERB~2#:#PACK~3,1.0#:#0.67,1.0,0.67,0
3237,HERB_MIX,2,3345,0,4,0,0,0,0,HERB~2#:#MIX~2,1.0#:#1.0,1.0,1.0,1
3238,CUBES_FRESH,2,3345,1,4,0,0,0,0,CUBES~2#:#FRESH~3,1.0#:#0.67,1.0,0.67,0
3239,BEANS_PACK,2,3345,1,4,0,0,0,0,BEANS~2#:#PACK~3,1.0#:#0.67,1.0,0.67,0
3240,FRESH_GRAM,2,3345,1,4,0,0,0,0,FRESH~3#:#GRAM~2,0.67#:#1.0,1.0,0.67,0
3241,CUP_DEL,4,3345,0,4,0,0,0,0,CUP~2#:#DEL~2,2.0#:#2.0,2.0,2.0,1
3242,CUP_MONTE,3,3345,0,4,0,0,0,0,CUP~2#:#MONTE~2,1.5#:#1.5,1.5,1.5,1
3243,DEL_FRUIT,3,3345,0,4,0,0,0,0,DEL~2#:#FRUIT~2,1.5#:#1.5,1.5,1.5,1
3244,DEL_RED,2,3345,1,4,0,0,0,0,DEL~2#:#RED~2,1.0#:#1.0,1.0,1.0,1
3245,FRUIT_MONTE,3,3345,0,4,0,0,0,0,FRUIT~2#:#MONTE~2,1.5#:#1.5,1.5,1.5,1
3246,MONTE_RED,2,3345,1,4,0,0,0,0,MONTE~2#:#RED~2,1.0#:#1.0,1.0,1.0,1
3247,CUP_PACK,2,3345,1,4,0,0,0,0,CUP~2#:#PACK~3,1.0#:#0.67,1.0,0.67,0
3248,PACK_YOGURT,3,3345,1,4,0,0,0,0,PACK~3#:#YOGURT~2,1.0#:#1.5,1.5,1.0,1
3249,PACK_ROASTED,2,3345,1,4,0,0,0,0,PACK~3#:#ROASTED~2,0.67#:#1.0,1.0,0.67,0
3250,AND_PEANUT,2,3345,0,4,0,0,0,0,AND~2#:#PEANUT~2,1.0#:#1.0,1.0,1.0,1
3251,AND_SALTED,3,3345,0,4,0,0,0,0,AND~2#:#SALTED~2,1.5#:#1.5,1.5,1.5,1
3252,CUBES_READY#TO,2,3345,0,4,0,0,0,0,CUBES~2#:#READY#TO~2,1.0#:#1.0,1.0,1.0,1
3253,BOX_PACK,3,3345,1,4,0,0,0,0,BOX~2#:#PACK~3,1.5#:#1.0,1.5,1.0,1
3254,DIP_GRAM,4,3345,0,4,0,0,0,0,DIP~2#:#GRAM~2,2.0#:#2.0,2.0,2.0,1
3255,MANGO_PACK,2,3345,1,4,0,0,0,0,MANGO~2#:#PACK~3,1.0#:#0.67,1.0,0.67,0
3256,FAMILY_SLICED,2,3345,0,4,0,0,0,0,FAMILY~2#:#SLICED~2,1.0#:#1.0,1.0,1.0,1
3257,HAPPILO_MANGO,2,3345,0,4,0,0,0,0,HAPPILO~2#:#MANGO~2,1.0#:#1.0,1.0,1.0,1
3258,HAPPILO_SLICED,2,3345,0,4,0,0,0,0,HAPPILO~2#:#SLICED~2,1.0#:#1.0,1.0,1.0,1
3259,DRIED_MANGO,2,3345,0,4,0,0,0,0,DRIED~2#:#MANGO~2,1.0#:#1.0,1.0,1.0,1
3260,MANGO_SLICED,2,3345,0,4,0,0,0,0,MANGO~2#:#SLICED~2,1.0#:#1.0,1.0,1.0,1
3261,GRAM_HUMMUS,2,3345,0,4,0,0,0,0,GRAM~2#:#HUMMUS~2,1.0#:#1.0,1.0,1.0,1
3262,GRAM_RED,2,3345,1,4,0,0,0,0,GRAM~2#:#RED~2,1.0#:#1.0,1.0,1.0,1
3263,PACK_PLATES,3,3345,1,4,0,0,0,0,PACK~3#:#PLATES~2,1.0#:#1.5,1.5,1.0,1
3264,PACK_URBAN,3,3345,1,4,0,0,0,0,PACK~3#:#URBAN~2,1.0#:#1.5,1.5,1.0,1
3265,GRAM_PLATES,3,3345,0,4,0,0,0,0,GRAM~2#:#PLATES~2,1.5#:#1.5,1.5,1.5,1
3266,GRAM_URBAN,3,3345,0,4,0,0,0,0,GRAM~2#:#URBAN~2,1.5#:#1.5,1.5,1.5,1
3267,DRINK_KOMBUCHA,2,3345,0,4,0,0,0,0,DRINK~2#:#KOMBUCHA~2,1.0#:#1.0,1.0,1.0,1
3268,BOTTLE_JUICE,2,3345,1,4,0,0,0,0,BOTTLE~2#:#JUICE~2,1.0#:#1.0,1.0,1.0,1
3269,JUICE_PRESERVED,4,3345,0,4,0,0,0,0,JUICE~2#:#PRESERVED~2,2.0#:#2.0,2.0,2.0,1
3270,JUICE_RAW,2,3345,0,4,0,0,0,0,JUICE~2#:#RAW~2,1.0#:#1.0,1.0,1.0,1
3271,GARLIC_PACK,2,3345,1,4,0,0,0,0,GARLIC~2#:#PACK~3,1.0#:#0.67,1.0,0.67,0
3272,FRESH_SIGNATURE,2,3345,1,4,0,0,0,0,FRESH~3#:#SIGNATURE~2,0.67#:#1.0,1.0,0.67,0
3273,BOTTLE_DRESSING,5,3345,1,4,0,0,0,0,BOTTLE~2#:#DRESSING~2,2.5#:#2.5,2.5,2.5,1
3274,DRESSING_GRAM,5,3345,0,4,0,0,0,0,DRESSING~2#:#GRAM~2,2.5#:#2.5,2.5,2.5,1
3275,BOTTLE_SALAD,2,3345,1,4,0,0,0,0,BOTTLE~2#:#SALAD~2,1.0#:#1.0,1.0,1.0,1
3276,GRAM_SALAD,2,3345,0,4,0,0,0,0,GRAM~2#:#SALAD~2,1.0#:#1.0,1.0,1.0,1
3277,JUICE_LIME,2,3345,1,4,0,0,0,0,JUICE~2#:#LIME~2,1.0#:#1.0,1.0,1.0,1
3278,BAKER_PACK,8,3345,1,4,0,0,0,0,BAKER~2#:#PACK~3,4.0#:#2.67,4.0,2.67,1
3279,CAKES_FRUIT,5,3345,0,4,0,0,0,0,CAKES~2#:#FRUIT~2,2.5#:#2.5,2.5,2.5,1
3280,CAKES_MIX,2,3345,0,4,0,0,0,0,CAKES~2#:#MIX~2,1.0#:#1.0,1.0,1.0,1
3281,FRUIT_MIX,2,3345,0,4,0,0,0,0,FRUIT~2#:#MIX~2,1.0#:#1.0,1.0,1.0,1
3282,GRAM_MIX,2,3345,0,4,0,0,0,0,GRAM~2#:#MIX~2,1.0#:#1.0,1.0,1.0,1
3283,BAKER_GRAM,2,3345,0,4,0,0,0,0,BAKER~2#:#GRAM~2,1.0#:#1.0,1.0,1.0,1
3284,PACK_WHEAT,4,3345,1,4,0,0,0,0,PACK~3#:#WHEAT~2,1.33#:#2.0,2.0,1.33,1
3285,COCOA_PACK,4,3345,1,4,0,0,0,0,COCOA~2#:#PACK~3,2.0#:#1.33,2.0,1.33,1
3286,CAKES_COCOA,3,3345,0,4,0,0,0,0,CAKES~2#:#COCOA~2,1.5#:#1.5,1.5,1.5,1
3287,MONGINIS_MUFFIN,2,3345,0,4,0,0,0,0,MONGINIS~2#:#MUFFIN~2,1.0#:#1.0,1.0,1.0,1
3288,BOX_DONUT,5,3345,0,4,0,0,0,0,BOX~2#:#DONUT~2,2.5#:#2.5,2.5,2.5,1
3289,BOX_PIECES,2,3345,0,4,0,0,0,0,BOX~2#:#PIECES~2,1.0#:#1.0,1.0,1.0,1
3290,DONUT_DONUT,2,3345,0,4,0,0,0,0,DONUT~2#:#DONUT~2,1.0#:#1.0,1.0,1.0,1
3291,DONUT_PIECES,4,3345,0,4,0,0,0,0,DONUT~2#:#PIECES~2,2.0#:#2.0,2.0,2.0,1
3292,GRAM_MILD,2,3345,0,4,0,0,0,0,GRAM~2#:#MILD~2,1.0#:#1.0,1.0,1.0,1
3293,BREAD_GRAM,2,3345,0,4,0,0,0,0,BREAD~2#:#GRAM~2,1.0#:#1.0,1.0,1.0,1
3294,MULTIGRAIN_PACK,2,3345,1,4,0,0,0,0,MULTIGRAIN~2#:#PACK~3,1.0#:#0.67,1.0,0.67,0
3295,MUFFIN_WHEAT,3,3345,0,4,0,0,0,0,MUFFIN~2#:#WHEAT~2,1.5#:#1.5,1.5,1.5,1
3296,MUFFIN_WHOLE,2,3345,0,4,0,0,0,0,MUFFIN~2#:#WHOLE~2,1.0#:#1.0,1.0,1.0,1
3297,BAKER_BUNS,2,3345,0,4,0,0,0,0,BAKER~2#:#BUNS~2,1.0#:#1.0,1.0,1.0,1
3298,BAKER_BURGER,2,3345,0,4,0,0,0,0,BAKER~2#:#BURGER~2,1.0#:#1.0,1.0,1.0,1
3299,CINNAMON_ROLLS,2,3345,0,4,0,0,0,0,CINNAMON~2#:#ROLLS~2,1.0#:#1.0,1.0,1.0,1
3300,BAKER_BREAD,3,3345,0,4,0,0,0,0,BAKER~2#:#BREAD~2,1.5#:#1.5,1.5,1.5,1
3301,BAKER_LOAF,3,3345,0,4,0,0,0,0,BAKER~2#:#LOAF~2,1.5#:#1.5,1.5,1.5,1
3302,LOAF_PACK,2,3345,1,4,0,0,0,0,LOAF~2#:#PACK~3,1.0#:#0.67,1.0,0.67,0
3303,BRITANNIA_FRUIT,2,3345,0,4,0,0,0,0,BRITANNIA~3#:#FRUIT~2,0.67#:#1.0,1.0,0.67,0
3304,CADBURY_PACK,2,3345,1,4,0,0,0,0,CADBURY~2#:#PACK~3,1.0#:#0.67,1.0,0.67,0
3305,BONELESS_PIECES,2,3345,0,4,0,0,0,0,BONELESS~2#:#PIECES~2,1.0#:#1.0,1.0,1.0,1
3306,FILLET_PREMIUM,3,3345,0,4,0,0,0,0,FILLET~2#:#PREMIUM~2,1.5#:#1.5,1.5,1.5,1
3307,FILLET_STEAK,2,3345,0,4,0,0,0,0,FILLET~2#:#STEAK~2,1.0#:#1.0,1.0,1.0,1
3308,BONELESS_STEAK,2,3345,0,4,0,0,0,0,BONELESS~2#:#STEAK~2,1.0#:#1.0,1.0,1.0,1
3309,CHICKEN_FAMILY,3,3345,0,4,0,0,0,0,CHICKEN~3#:#FAMILY~2,1.0#:#1.5,1.5,1.0,1
3310,PARTY_WINGS,2,3345,0,4,0,0,0,0,PARTY~2#:#WINGS~2,1.0#:#1.0,1.0,1.0,1
3311,BONES_DOG,2,3345,0,4,0,0,0,0,BONES~2#:#DOG~2,1.0#:#1.0,1.0,1.0,1
3312,BONES_TREATS,2,3345,0,4,0,0,0,0,BONES~2#:#TREATS~2,1.0#:#1.0,1.0,1.0,1
3313,CHICKEN_NATURAL,2,3345,1,4,0,0,0,0,CHICKEN~3#:#NATURAL~2,0.67#:#1.0,1.0,0.67,0
3314,GROUND_MEAL,3,3345,0,4,0,0,0,0,GROUND~2#:#MEAL~2,1.5#:#1.5,1.5,1.5,1
3315,GROUND_PREMIUM,2,3345,0,4,0,0,0,0,GROUND~2#:#PREMIUM~2,1.0#:#1.0,1.0,1.0,1
3316,JALAPENO_STICK,2,3345,1,4,0,0,0,0,JALAPENO~2#:#STICK~2,1.0#:#1.0,1.0,1.0,1
3317,CHICKEN_LOW,2,3345,0,4,0,0,0,0,CHICKEN~3#:#LOW~2,0.67#:#1.0,1.0,0.67,0
3318,BASED#PLANT_BURGER,2,3345,0,4,0,0,0,0,BASED#PLANT~2#:#BURGER~2,1.0#:#1.0,1.0,1.0,1
3319,BAKE_POTATO,2,3345,0,4,0,0,0,0,BAKE~2#:#POTATO~2,1.0#:#1.0,1.0,1.0,1
3320,BROWN_EGGS,2,3345,1,4,0,0,0,0,BROWN~2#:#EGGS~2,1.0#:#1.0,1.0,1.0,1
3321,BROWN_FREE,2,3345,2,4,0,0,0,0,BROWN~2#:#FREE~2,1.0#:#1.0,1.0,1.0,1
3322,BROWN_LARGE,2,3345,1,4,0,0,0,0,BROWN~2#:#LARGE~2,1.0#:#1.0,1.0,1.0,1
3323,FREE_LARGE,2,3345,1,4,0,0,0,0,FREE~2#:#LARGE~2,1.0#:#1.0,1.0,1.0,1
3324,EGGS_ORGANIC,2,3345,0,4,0,0,0,0,EGGS~2#:#ORGANIC~3,1.0#:#0.67,1.0,0.67,0
3325,BRITANNIA_EGGS,2,3345,0,4,0,0,0,0,BRITANNIA~3#:#EGGS~2,0.67#:#1.0,1.0,0.67,0
3326,INDIA_WHITE,4,3345,1,4,0,0,0,0,INDIA~2#:#WHITE~2,2.0#:#2.0,2.0,2.0,1
3327,LOW_PERCENT,2,3345,0,4,0,0,0,0,LOW~2#:#PERCENT~2,1.0#:#1.0,1.0,1.0,1
3328,AMUL_SUGAR,2,3345,1,4,0,0,0,0,AMUL~3#:#SUGAR~2,0.67#:#1.0,1.0,0.67,0
3329,COFFEE_MILD,2,3345,1,4,0,0,0,0,COFFEE~2#:#MILD~2,1.0#:#1.0,1.0,1.0,1
3330,DAIRY_SOUR,2,3345,0,4,0,0,0,0,DAIRY~2#:#SOUR~2,1.0#:#1.0,1.0,1.0,1
3331,FRESH_SOUR,2,3345,1,4,0,0,0,0,FRESH~3#:#SOUR~2,0.67#:#1.0,1.0,0.67,0
3332,BRITANNIA_FAT,2,3345,0,4,0,0,0,0,BRITANNIA~3#:#FAT~2,0.67#:#1.0,1.0,0.67,0
3333,CHEESE_PERCENT,4,3345,0,4,0,0,0,0,CHEESE~3#:#PERCENT~2,1.33#:#2.0,2.0,1.33,1
3334,CREAMY_WINGREENS,2,3345,1,4,0,0,0,0,CREAMY~3#:#WINGREENS~2,0.67#:#1.0,1.0,0.67,0
3335,BRITANNIA_NATURAL,3,3345,1,4,0,0,0,0,BRITANNIA~3#:#NATURAL~2,1.0#:#1.5,1.5,1.0,1
3336,CHEDDAR_ORGANIC,2,3345,0,4,0,0,0,0,CHEDDAR~2#:#ORGANIC~3,1.0#:#0.67,1.0,0.67,0
3337,CHEDDAR_INDIA,2,3345,0,4,0,0,0,0,CHEDDAR~2#:#INDIA~2,1.0#:#1.0,1.0,1.0,1
3338,BRITANNIA_SHREDDED,3,3345,0,4,0,0,0,0,BRITANNIA~3#:#SHREDDED~2,1.0#:#1.5,1.5,1.0,1
3339,BLOCK_EXTRA,2,3345,1,4,0,0,0,0,BLOCK~2#:#EXTRA~2,1.0#:#1.0,1.0,1.0,1
3340,AMUL_MINT,2,3345,1,4,0,0,0,0,AMUL~3#:#MINT~2,0.67#:#1.0,1.0,0.67,0
3341,CHEDDAR_CRACKERS,2,3345,0,4,0,0,0,0,CHEDDAR~2#:#CRACKERS~2,1.0#:#1.0,1.0,1.0,1
3342,CRACKERS_CUTS,2,3345,0,4,0,0,0,0,CRACKERS~2#:#CUTS~2,1.0#:#1.0,1.0,1.0,1
3343,CREAMY_PILLSBURY,2,3345,1,4,0,0,0,0,CREAMY~3#:#PILLSBURY~2,0.67#:#1.0,1.0,0.67,0
3344,BAKE_SUGAR,3,3345,1,4,0,0,0,0,BAKE~2#:#SUGAR~2,1.5#:#1.5,1.5,1.5,1
3345,BRITANNIA_PUDDING,3,3345,0,4,0,0,0,0,BRITANNIA~3#:#PUDDING~2,1.0#:#1.5,1.5,1.0,1
3346,FREE_PUDDING,2,3345,1,4,0,0,0,0,FREE~2#:#PUDDING~2,1.0#:#1.0,1.0,1.0,1
3347,PUDDING_SUGAR,2,3345,1,4,0,0,0,0,PUDDING~2#:#SUGAR~2,1.0#:#1.0,1.0,1.0,1
3348,AMUL_PUDDING,3,3345,0,4,0,0,0,0,AMUL~3#:#PUDDING~2,1.0#:#1.5,1.5,1.0,1
3349,DICED_POTATO,2,3345,0,4,0,0,0,0,DICED~2#:#POTATO~2,1.0#:#1.0,1.0,1.0,1
3350,BUTTER_OIL,2,3345,2,4,0,0,0,0,BUTTER~2#:#OIL~2,1.0#:#1.0,1.0,1.0,1
3351,AND_BROWN,2,3345,1,4,0,0,0,0,AND~2#:#BROWN~2,1.0#:#1.0,1.0,1.0,1
3352,OIL_OLIVES,2,3345,1,4,0,0,0,0,OIL~2#:#OLIVES~2,1.0#:#1.0,1.0,1.0,1
3353,PICKLED_SIGNATURE,2,3345,0,4,0,0,0,0,PICKLED~2#:#SIGNATURE~2,1.0#:#1.0,1.0,1.0,1
3354,PREMIUM_REAL,3,3345,0,4,0,0,0,0,PREMIUM~2#:#REAL~2,1.5#:#1.5,1.5,1.5,1
3355,ORANGE_TROPICAL,3,3345,0,4,0,0,0,0,ORANGE~2#:#TROPICAL~2,1.5#:#1.5,1.5,1.5,1
3356,PREMIUM_WITH,2,3345,1,4,0,0,0,0,PREMIUM~2#:#WITH~2,1.0#:#1.0,1.0,1.0,1
3357,NATURAL_TROPICAL,3,3345,1,4,0,0,0,0,NATURAL~2#:#TROPICAL~2,1.5#:#1.5,1.5,1.5,1
3358,JUICE_PINEAPPLE,2,3345,0,4,0,0,0,0,JUICE~2#:#PINEAPPLE~2,1.0#:#1.0,1.0,1.0,1
3359,MIXED_ORANGE,2,3345,0,4,0,0,0,0,MIXED~2#:#ORANGE~2,1.0#:#1.0,1.0,1.0,1
3360,MIXED_PINEAPPLE,2,3345,0,4,0,0,0,0,MIXED~2#:#PINEAPPLE~2,1.0#:#1.0,1.0,1.0,1
3361,MIXED_REAL,2,3345,0,4,0,0,0,0,MIXED~2#:#REAL~2,1.0#:#1.0,1.0,1.0,1
3362,ORANGE_PINEAPPLE,2,3345,0,4,0,0,0,0,ORANGE~2#:#PINEAPPLE~2,1.0#:#1.0,1.0,1.0,1
3363,APPLE_PRESERVED,2,3345,1,4,0,0,0,0,APPLE~2#:#PRESERVED~2,1.0#:#1.0,1.0,1.0,1
3364,APPLE_PURE,2,3345,1,4,0,0,0,0,APPLE~2#:#PURE~2,1.0#:#1.0,1.0,1.0,1
3365,APPLE_TROPICAL,2,3345,1,4,0,0,0,0,APPLE~2#:#TROPICAL~2,1.0#:#1.0,1.0,1.0,1
3366,JUICE_PURE,2,3345,0,4,0,0,0,0,JUICE~2#:#PURE~2,1.0#:#1.0,1.0,1.0,1
3367,PRESERVED_PURE,2,3345,0,4,0,0,0,0,PRESERVED~2#:#PURE~2,1.0#:#1.0,1.0,1.0,1
3368,PRESERVED_TROPICAL,2,3345,0,4,0,0,0,0,PRESERVED~2#:#TROPICAL~2,1.0#:#1.0,1.0,1.0,1
3369,PURE_TROPICAL,2,3345,0,4,0,0,0,0,PURE~2#:#TROPICAL~2,1.0#:#1.0,1.0,1.0,1
3370,BLEND_JUICE,2,3345,0,4,0,0,0,0,BLEND~2#:#JUICE~2,1.0#:#1.0,1.0,1.0,1
3371,BLEND_NATURAL,2,3345,1,4,0,0,0,0,BLEND~2#:#NATURAL~2,1.0#:#1.0,1.0,1.0,1
3372,BLEND_TROPICAL,2,3345,0,4,0,0,0,0,BLEND~2#:#TROPICAL~2,1.0#:#1.0,1.0,1.0,1
3373,AND_INSTANT,2,3345,0,4,0,0,0,0,AND~2#:#INSTANT~2,1.0#:#1.0,1.0,1.0,1
3374,BROWN_INSTANT,2,3345,1,4,0,0,0,0,BROWN~2#:#INSTANT~2,1.0#:#1.0,1.0,1.0,1
3375,INSTANT_SUGAR,3,3345,1,4,0,0,0,0,INSTANT~2#:#SUGAR~2,1.5#:#1.5,1.5,1.5,1
3376,BAR_ENERGY,2,3345,0,4,0,0,0,0,BAR~2#:#ENERGY~2,1.0#:#1.0,1.0,1.0,1
3377,CAKES_MIXED,2,3345,0,4,0,0,0,0,CAKES~2#:#MIXED~2,1.0#:#1.0,1.0,1.0,1
3378,AMUL_DESSERT,2,3345,0,4,0,0,0,0,AMUL~3#:#DESSERT~2,0.67#:#1.0,1.0,0.67,0
3379,AND_PIE,3,3345,0,4,0,0,0,0,AND~2#:#PIE~2,1.5#:#1.5,1.5,1.5,1
3380,MIX_PIE,2,3345,0,4,0,0,0,0,MIX~2#:#PIE~2,1.0#:#1.0,1.0,1.0,1
3381,MIX_PUDDING,2,3345,0,4,0,0,0,0,MIX~2#:#PUDDING~2,1.0#:#1.0,1.0,1.0,1
3382,PUMPKIN_PURE,2,3345,0,4,0,0,0,0,PUMPKIN~2#:#PURE~2,1.0#:#1.0,1.0,1.0,1
3383,BROWN_MIX,2,3345,1,4,0,0,0,0,BROWN~2#:#MIX~2,1.0#:#1.0,1.0,1.0,1
3384,MILD_MIX,2,3345,0,4,0,0,0,0,MILD~2#:#MIX~2,1.0#:#1.0,1.0,1.0,1
3385,MILD_PILLSBURY,2,3345,0,4,0,0,0,0,MILD~2#:#PILLSBURY~2,1.0#:#1.0,1.0,1.0,1
3386,BAKING_CHOCOLATE,2,3345,0,4,0,0,0,0,BAKING~2#:#CHOCOLATE~2,1.0#:#1.0,1.0,1.0,1
3387,PURE_VANILLA,2,3345,1,4,0,0,0,0,PURE~2#:#VANILLA~2,1.0#:#1.0,1.0,1.0,1
3388,BAKER_VANILLA,2,3345,1,4,0,0,0,0,BAKER~2#:#VANILLA~2,1.0#:#1.0,1.0,1.0,1
3389,ASSORTED_FOOD,2,3345,0,4,0,0,0,0,ASSORTED~2#:#FOOD~2,1.0#:#1.0,1.0,1.0,1
3390,CHERRY_JUICE,2,3345,1,4,0,0,0,0,CHERRY~2#:#JUICE~2,1.0#:#1.0,1.0,1.0,1
3391,CHERRY_PRESERVED,2,3345,1,4,0,0,0,0,CHERRY~2#:#PRESERVED~2,1.0#:#1.0,1.0,1.0,1
3392,BEANS_SUGAR,2,3345,1,4,0,0,0,0,BEANS~2#:#SUGAR~2,1.0#:#1.0,1.0,1.0,1
3393,FRUIT_PRESERVED,2,3345,0,4,0,0,0,0,FRUIT~2#:#PRESERVED~2,1.0#:#1.0,1.0,1.0,1
3394,PRESERVED_RASPBERRY,2,3345,0,4,0,0,0,0,PRESERVED~2#:#RASPBERRY~2,1.0#:#1.0,1.0,1.0,1
3395,RASPBERRY_RED,2,3345,1,4,0,0,0,0,RASPBERRY~2#:#RED~2,1.0#:#1.0,1.0,1.0,1
3396,GRAM_ORIGINAL_PACK,2,3345,2,6,0,0,0,0,GRAM~2#:#ORIGINAL~2#:#PACK~3,1.0#:#1.0#:#0.67,1.0,0.67,0
3397,CRACKERS_GRAM_PACK,3,3345,1,6,0,0,0,0,CRACKERS~2#:#GRAM~2#:#PACK~3,1.5#:#1.5#:#1.0,1.5,1.0,1
3398,CRACKERS_ORIGINAL_PACK,2,3345,2,6,0,0,0,0,CRACKERS~2#:#ORIGINAL~2#:#PACK~3,1.0#:#1.0#:#0.67,1.0,0.67,0
3399,CRACKERS_GRAM_ORIGINAL,2,3345,1,6,0,0,0,0,CRACKERS~2#:#GRAM~2#:#ORIGINAL~2,1.0#:#1.0#:#1.0,1.0,1.0,1
3400,COOKIES_GRAM_PACK,4,3345,1,6,0,0,0,0,COOKIES~2#:#GRAM~2#:#PACK~3,2.0#:#2.0#:#1.33,2.0,1.33,1
3401,CRANBERRY_GRAM_PACK,3,3345,1,6,0,0,0,0,CRANBERRY~2#:#GRAM~2#:#PACK~3,1.5#:#1.5#:#1.0,1.5,1.0,1
3402,BRITANNIA_CREAMY_PACK,6,3345,2,6,0,0,0,0,BRITANNIA~3#:#CREAMY~3#:#PACK~3,2.0#:#2.0#:#2.0,2.0,2.0,1
3403,BRITANNIA_COOKIES_CREAMY,2,3345,1,6,0,0,0,0,BRITANNIA~3#:#COOKIES~2#:#CREAMY~3,0.67#:#1.0#:#0.67,1.0,0.67,0
3404,BRITANNIA_BUTTER_PACK,4,3345,2,6,0,0,0,0,BRITANNIA~3#:#BUTTER~2#:#PACK~3,1.33#:#2.0#:#1.33,2.0,1.33,1
3405,BRITANNIA_GRAM_PACK,3,3345,1,6,0,0,0,0,BRITANNIA~3#:#GRAM~2#:#PACK~3,1.0#:#1.5#:#1.0,1.5,1.0,1
3406,BRITANNIA_COOKIES_PACK,4,3345,1,6,0,0,0,0,BRITANNIA~3#:#COOKIES~2#:#PACK~3,1.33#:#2.0#:#1.33,2.0,1.33,1
3407,BRITANNIA_BUTTER_GOOD,2,3345,1,6,0,0,0,0,BRITANNIA~3#:#BUTTER~2#:#GOOD~2,0.67#:#1.0#:#1.0,1.0,0.67,0
3408,BRITANNIA_BUTTER_GRAM,3,3345,1,6,0,0,0,0,BRITANNIA~3#:#BUTTER~2#:#GRAM~2,1.0#:#1.5#:#1.5,1.5,1.0,1
3409,BRITANNIA_BUTTER_COOKIES,4,3345,1,6,0,0,0,0,BRITANNIA~3#:#BUTTER~2#:#COOKIES~2,1.33#:#2.0#:#2.0,2.0,1.33,1
3410,BRITANNIA_COOKIES_GOOD,3,3345,0,6,0,0,0,0,BRITANNIA~3#:#COOKIES~2#:#GOOD~2,1.0#:#1.5#:#1.5,1.5,1.0,1
3411,COOKIES_CREAMY_PACK,2,3345,2,6,0,0,0,0,COOKIES~2#:#CREAMY~3#:#PACK~3,1.0#:#0.67#:#0.67,1.0,0.67,0
3412,BUTTER_GRAM_PACK,16,3345,2,6,0,0,0,0,BUTTER~2#:#GRAM~2#:#PACK~3,8.0#:#8.0#:#5.33,8.0,5.33,1
3413,BUTTER_COOKIES_PACK,3,3345,2,6,0,0,0,0,BUTTER~2#:#COOKIES~2#:#PACK~3,1.5#:#1.5#:#1.0,1.5,1.0,1
3414,BUTTER_COOKIES_GOOD,2,3345,1,6,0,0,0,0,BUTTER~2#:#COOKIES~2#:#GOOD~2,1.0#:#1.0#:#1.0,1.0,1.0,1
3415,BUTTER_COOKIES_GRAM,2,3345,1,6,0,0,0,0,BUTTER~2#:#COOKIES~2#:#GRAM~2,1.0#:#1.0#:#1.0,1.0,1.0,1
3416,FARM_GRAM_PACK,2,3345,1,6,0,0,0,0,FARM~2#:#GRAM~2#:#PACK~3,1.0#:#1.0#:#0.67,1.0,0.67,0
3417,CAKES_FLAVOUR_PACK,2,3345,2,6,0,0,0,0,CAKES~2#:#FLAVOUR~3#:#PACK~3,1.0#:#0.67#:#0.67,1.0,0.67,0
3418,CAKES_GRAM_PACK,2,3345,1,6,0,0,0,0,CAKES~2#:#GRAM~2#:#PACK~3,1.0#:#1.0#:#0.67,1.0,0.67,0
3419,BUTTER_COOKIES_PEANUT,3,3345,1,6,0,0,0,0,BUTTER~2#:#COOKIES~2#:#PEANUT~2,1.5#:#1.5#:#1.5,1.5,1.5,1
3420,HIMALAYAN_NATURAL_WATER,3,3345,3,6,0,0,0,0,HIMALAYAN~2#:#NATURAL~2#:#WATER~2,1.5#:#1.5#:#1.5,1.5,1.5,1
3421,COFFEE_DRINK_READY#TO,3,3345,1,6,0,0,0,0,COFFEE~2#:#DRINK~2#:#READY#TO~2,1.5#:#1.5#:#1.5,1.5,1.5,1
3422,BEVERAGE_DRINK_ENERGY,2,3345,0,6,0,0,0,0,BEVERAGE~2#:#DRINK~2#:#ENERGY~2,1.0#:#1.0#:#1.0,1.0,1.0,1
3423,BEVERAGE_DRINK_RED,2,3345,1,6,0,0,0,0,BEVERAGE~2#:#DRINK~2#:#RED~2,1.0#:#1.0#:#1.0,1.0,1.0,1
3424,BEVERAGE_ENERGY_RED,2,3345,1,6,0,0,0,0,BEVERAGE~2#:#ENERGY~2#:#RED~2,1.0#:#1.0#:#1.0,1.0,1.0,1
3425,DRINK_ENERGY_RED,2,3345,1,6,0,0,0,0,DRINK~2#:#ENERGY~2#:#RED~2,1.0#:#1.0#:#1.0,1.0,1.0,1
3426,DRINK_LOW_SUGAR,2,3345,1,6,0,0,0,0,DRINK~2#:#LOW~2#:#SUGAR~2,1.0#:#1.0#:#1.0,1.0,1.0,1
3427,FREE_LOW_SUGAR,2,3345,2,6,0,0,0,0,FREE~2#:#LOW~2#:#SUGAR~2,1.0#:#1.0#:#1.0,1.0,1.0,1
3428,BOAT#PAPER_DRINK_FLAVOUR,3,3345,1,6,0,0,0,0,BOAT#PAPER~2#:#DRINK~2#:#FLAVOUR~3,1.5#:#1.5#:#1.0,1.5,1.0,1
3429,BOAT#PAPER_DRINK_STRAWBERRY,2,3345,1,6,0,0,0,0,BOAT#PAPER~2#:#DRINK~2#:#STRAWBERRY~2,1.0#:#1.0#:#1.0,1.0,1.0,1
3430,DRINK_ENERGY_FLAVOUR,2,3345,1,6,0,0,0,0,DRINK~2#:#ENERGY~2#:#FLAVOUR~3,1.0#:#1.0#:#0.67,1.0,0.67,0
3431,BEVERAGE_DRINK_FLAVOUR,4,3345,1,6,0,0,0,0,BEVERAGE~2#:#DRINK~2#:#FLAVOUR~3,2.0#:#2.0#:#1.33,2.0,1.33,1
3432,DRINK_FLAVOUR_LEMON,3,3345,2,6,0,0,0,0,DRINK~2#:#FLAVOUR~3#:#LEMON~2,1.5#:#1.0#:#1.5,1.5,1.0,1
3433,DRINK_GOLD_ICED,2,3345,0,6,0,0,0,0,DRINK~2#:#GOLD~2#:#ICED~2,1.0#:#1.0#:#1.0,1.0,1.0,1
3434,DRINK_GOLD_SWEET,2,3345,1,6,0,0,0,0,DRINK~2#:#GOLD~2#:#SWEET~2,1.0#:#1.0#:#1.0,1.0,1.0,1
3435,DRINK_GOLD_TATA,3,3345,0,6,0,0,0,0,DRINK~2#:#GOLD~2#:#TATA~2,1.5#:#1.5#:#1.5,1.5,1.5,1
3436,DRINK_GOLD_TEA,3,3345,1,6,0,0,0,0,DRINK~2#:#GOLD~2#:#TEA~2,1.5#:#1.5#:#1.5,1.5,1.5,1
3437,DRINK_GOLD_READY#TO,3,3345,0,6,0,0,0,0,DRINK~2#:#GOLD~2#:#READY#TO~2,1.5#:#1.5#:#1.5,1.5,1.5,1
3438,DRINK_ICED_SWEET,2,3345,1,6,0,0,0,0,DRINK~2#:#ICED~2#:#SWEET~2,1.0#:#1.0#:#1.0,1.0,1.0,1
3439,DRINK_ICED_TATA,4,3345,0,6,0,0,0,0,DRINK~2#:#ICED~2#:#TATA~2,2.0#:#2.0#:#2.0,2.0,2.0,1
3440,DRINK_ICED_TEA,5,3345,1,6,0,0,0,0,DRINK~2#:#ICED~2#:#TEA~2,2.5#:#2.5#:#2.5,2.5,2.5,1
3441,DRINK_ICED_READY#TO,5,3345,0,6,0,0,0,0,DRINK~2#:#ICED~2#:#READY#TO~2,2.5#:#2.5#:#2.5,2.5,2.5,1
3442,DRINK_SUGAR_ZERO,5,3345,1,6,0,0,0,0,DRINK~2#:#SUGAR~2#:#ZERO~2,2.5#:#2.5#:#2.5,2.5,2.5,1
3443,DRINK_SWEET_TATA,2,3345,1,6,0,0,0,0,DRINK~2#:#SWEET~2#:#TATA~2,1.0#:#1.0#:#1.0,1.0,1.0,1
3444,DRINK_SWEET_TEA,2,3345,2,6,0,0,0,0,DRINK~2#:#SWEET~2#:#TEA~2,1.0#:#1.0#:#1.0,1.0,1.0,1
3445,DRINK_READY#TO_SWEET,2,3345,1,6,0,0,0,0,DRINK~2#:#READY#TO~2#:#SWEET~2,1.0#:#1.0#:#1.0,1.0,1.0,1
3446,DRINK_TATA_TEA,3,3345,1,6,0,0,0,0,DRINK~2#:#TATA~2#:#TEA~2,1.5#:#1.5#:#1.5,1.5,1.5,1
3447,DRINK_READY#TO_TATA,5,3345,0,6,0,0,0,0,DRINK~2#:#READY#TO~2#:#TATA~2,2.5#:#2.5#:#2.5,2.5,2.5,1
3448,DRINK_READY#TO_TEA,5,3345,1,6,0,0,0,0,DRINK~2#:#READY#TO~2#:#TEA~2,2.5#:#2.5#:#2.5,2.5,2.5,1
3449,GOLD_ICED_SWEET,2,3345,1,6,0,0,0,0,GOLD~2#:#ICED~2#:#SWEET~2,1.0#:#1.0#:#1.0,1.0,1.0,1
3450,GOLD_ICED_TATA,2,3345,0,6,0,0,0,0,GOLD~2#:#ICED~2#:#TATA~2,1.0#:#1.0#:#1.0,1.0,1.0,1
3451,GOLD_ICED_TEA,2,3345,1,6,0,0,0,0,GOLD~2#:#ICED~2#:#TEA~2,1.0#:#1.0#:#1.0,1.0,1.0,1
3452,GOLD_ICED_READY#TO,2,3345,0,6,0,0,0,0,GOLD~2#:#ICED~2#:#READY#TO~2,1.0#:#1.0#:#1.0,1.0,1.0,1
3453,GOLD_SWEET_TATA,2,3345,1,6,0,0,0,0,GOLD~2#:#SWEET~2#:#TATA~2,1.0#:#1.0#:#1.0,1.0,1.0,1
3454,GOLD_SWEET_TEA,2,3345,2,6,0,0,0,0,GOLD~2#:#SWEET~2#:#TEA~2,1.0#:#1.0#:#1.0,1.0,1.0,1
3455,GOLD_READY#TO_SWEET,2,3345,1,6,0,0,0,0,GOLD~2#:#READY#TO~2#:#SWEET~2,1.0#:#1.0#:#1.0,1.0,1.0,1
3456,GOLD_TATA_TEA,3,3345,1,6,0,0,0,0,GOLD~2#:#TATA~2#:#TEA~2,1.5#:#1.5#:#1.5,1.5,1.5,1
3457,GOLD_READY#TO_TATA,3,3345,0,6,0,0,0,0,GOLD~2#:#READY#TO~2#:#TATA~2,1.5#:#1.5#:#1.5,1.5,1.5,1
3458,GOLD_READY#TO_TEA,3,3345,1,6,0,0,0,0,GOLD~2#:#READY#TO~2#:#TEA~2,1.5#:#1.5#:#1.5,1.5,1.5,1
3459,ICED_SWEET_TATA,2,3345,1,6,0,0,0,0,ICED~2#:#SWEET~2#:#TATA~2,1.0#:#1.0#:#1.0,1.0,1.0,1
3460,ICED_SWEET_TEA,2,3345,2,6,0,0,0,0,ICED~2#:#SWEET~2#:#TEA~2,1.0#:#1.0#:#1.0,1.0,1.0,1
3461,ICED_READY#TO_SWEET,2,3345,1,6,0,0,0,0,ICED~2#:#READY#TO~2#:#SWEET~2,1.0#:#1.0#:#1.0,1.0,1.0,1
3462,ICED_TATA_TEA,2,3345,1,6,0,0,0,0,ICED~2#:#TATA~2#:#TEA~2,1.0#:#1.0#:#1.0,1.0,1.0,1
3463,ICED_READY#TO_TATA,4,3345,0,6,0,0,0,0,ICED~2#:#READY#TO~2#:#TATA~2,2.0#:#2.0#:#2.0,2.0,2.0,1
3464,ICED_READY#TO_TEA,3,3345,1,6,0,0,0,0,ICED~2#:#READY#TO~2#:#TEA~2,1.5#:#1.5#:#1.5,1.5,1.5,1
3465,SUGAR_SWEET_ZERO,2,3345,2,6,0,0,0,0,SUGAR~2#:#SWEET~2#:#ZERO~2,1.0#:#1.0#:#1.0,1.0,1.0,1
3466,SWEET_TATA_TEA,2,3345,2,6,0,0,0,0,SWEET~2#:#TATA~2#:#TEA~2,1.0#:#1.0#:#1.0,1.0,1.0,1
3467,READY#TO_SWEET_TATA,2,3345,1,6,0,0,0,0,READY#TO~2#:#SWEET~2#:#TATA~2,1.0#:#1.0#:#1.0,1.0,1.0,1
3468,READY#TO_SWEET_TEA,2,3345,2,6,0,0,0,0,READY#TO~2#:#SWEET~2#:#TEA~2,1.0#:#1.0#:#1.0,1.0,1.0,1
3469,READY#TO_TATA_TEA,3,3345,1,6,0,0,0,0,READY#TO~2#:#TATA~2#:#TEA~2,1.5#:#1.5#:#1.5,1.5,1.5,1
3470,DRINK_FLAVOUR_ICED,2,3345,1,6,0,0,0,0,DRINK~2#:#FLAVOUR~3#:#ICED~2,1.0#:#0.67#:#1.0,1.0,0.67,0
3471,DRINK_FLAVOUR_READY#TO,3,3345,1,6,0,0,0,0,DRINK~2#:#FLAVOUR~3#:#READY#TO~2,1.5#:#1.0#:#1.5,1.5,1.0,1
3472,FLAVOUR_ICED_TEA,2,3345,2,6,0,0,0,0,FLAVOUR~3#:#ICED~2#:#TEA~2,0.67#:#1.0#:#1.0,1.0,0.67,0
3473,FLAVOUR_ICED_READY#TO,2,3345,1,6,0,0,0,0,FLAVOUR~3#:#ICED~2#:#READY#TO~2,0.67#:#1.0#:#1.0,1.0,0.67,0
3474,DRINK_ICED_PEACH,2,3345,1,6,0,0,0,0,DRINK~2#:#ICED~2#:#PEACH~2,1.0#:#1.0#:#1.0,1.0,1.0,1
3475,DRINK_PEACH_TEA,2,3345,2,6,0,0,0,0,DRINK~2#:#PEACH~2#:#TEA~2,1.0#:#1.0#:#1.0,1.0,1.0,1
3476,DRINK_SWEETENED_TEA,3,3345,1,6,0,0,0,0,DRINK~2#:#SWEETENED~2#:#TEA~2,1.5#:#1.5#:#1.5,1.5,1.5,1
3477,DRINK_READY#TO_SWEETENED,3,3345,0,6,0,0,0,0,DRINK~2#:#READY#TO~2#:#SWEETENED~2,1.5#:#1.5#:#1.5,1.5,1.5,1
3478,ICED_PEACH_TEA,2,3345,2,6,0,0,0,0,ICED~2#:#PEACH~2#:#TEA~2,1.0#:#1.0#:#1.0,1.0,1.0,1
3479,ICED_SWEETENED_TEA,2,3345,1,6,0,0,0,0,ICED~2#:#SWEETENED~2#:#TEA~2,1.0#:#1.0#:#1.0,1.0,1.0,1
3480,READY#TO_SWEETENED_TEA,3,3345,1,6,0,0,0,0,READY#TO~2#:#SWEETENED~2#:#TEA~2,1.5#:#1.5#:#1.5,1.5,1.5,1
3481,NATURAL_ORGANIC_SWEETENED,3,3345,1,6,0,0,0,0,NATURAL~2#:#ORGANIC~3#:#SWEETENED~2,1.5#:#1.0#:#1.5,1.5,1.0,1
3482,FRUIT_SPREAD_STRAWBERRY,2,3345,1,6,0,0,0,0,FRUIT~2#:#SPREAD~2#:#STRAWBERRY~2,1.0#:#1.0#:#1.0,1.0,1.0,1
3483,CHILLI_SAUCE_SPICY,2,3345,0,6,0,0,0,0,CHILLI~2#:#SAUCE~2#:#SPICY~2,1.0#:#1.0#:#1.0,1.0,1.0,1
3484,CHILLI_SAUCE_VEEBA,4,3345,0,6,0,0,0,0,CHILLI~2#:#SAUCE~2#:#VEEBA~2,2.0#:#2.0#:#2.0,2.0,2.0,1
3485,CHILLI_SPICY_VEEBA,3,3345,0,6,0,0,0,0,CHILLI~2#:#SPICY~2#:#VEEBA~2,1.5#:#1.5#:#1.5,1.5,1.5,1
3486,SAUCE_SPICY_VEEBA,2,3345,0,6,0,0,0,0,SAUCE~2#:#SPICY~2#:#VEEBA~2,1.0#:#1.0#:#1.0,1.0,1.0,1
3487,FREE_GLUTEN_MIX,4,3345,1,6,0,0,0,0,FREE~2#:#GLUTEN~2#:#MIX~2,2.0#:#2.0#:#2.0,2.0,2.0,1
3488,KEYA_MIX_SEASONING,4,3345,0,6,0,0,0,0,KEYA~2#:#MIX~2#:#SEASONING~2,2.0#:#2.0#:#2.0,2.0,2.0,1
3489,KEYA_MIX_TATA,3,3345,0,6,0,0,0,0,KEYA~2#:#MIX~2#:#TATA~2,1.5#:#1.5#:#1.5,1.5,1.5,1
3490,KEYA_SEASONING_TATA,3,3345,0,6,0,0,0,0,KEYA~2#:#SEASONING~2#:#TATA~2,1.5#:#1.5#:#1.5,1.5,1.5,1
3491,MIX_SEASONING_SPICY,2,3345,0,6,0,0,0,0,MIX~2#:#SEASONING~2#:#SPICY~2,1.0#:#1.0#:#1.0,1.0,1.0,1
3492,MIX_SEASONING_TATA,5,3345,0,6,0,0,0,0,MIX~2#:#SEASONING~2#:#TATA~2,2.5#:#2.5#:#2.5,2.5,2.5,1
3493,MIX_SPICY_TATA,2,3345,0,6,0,0,0,0,MIX~2#:#SPICY~2#:#TATA~2,1.0#:#1.0#:#1.0,1.0,1.0,1
3494,SEASONING_SPICY_TATA,2,3345,0,6,0,0,0,0,SEASONING~2#:#SPICY~2#:#TATA~2,1.0#:#1.0#:#1.0,1.0,1.0,1
3495,CHILLI_EXTRA_HOT,2,3345,2,6,0,0,0,0,CHILLI~2#:#EXTRA~2#:#HOT~2,1.0#:#1.0#:#1.0,1.0,1.0,1
3496,CHILLI_HOT_SAUCE,2,3345,1,6,0,0,0,0,CHILLI~2#:#HOT~2#:#SAUCE~2,1.0#:#1.0#:#1.0,1.0,1.0,1
3497,CHILLI_HOT_SPICY,2,3345,1,6,0,0,0,0,CHILLI~2#:#HOT~2#:#SPICY~2,1.0#:#1.0#:#1.0,1.0,1.0,1
3498,CHILLI_HOT_VEEBA,2,3345,1,6,0,0,0,0,CHILLI~2#:#HOT~2#:#VEEBA~2,1.0#:#1.0#:#1.0,1.0,1.0,1
3499,HOT_SAUCE_VEEBA,4,3345,1,6,0,0,0,0,HOT~2#:#SAUCE~2#:#VEEBA~2,2.0#:#2.0#:#2.0,2.0,2.0,1
3500,KEYA_MIX_RANCH,3,3345,0,6,0,0,0,0,KEYA~2#:#MIX~2#:#RANCH~2,1.5#:#1.5#:#1.5,1.5,1.5,1
3501,DRESSING_RANCH_VEEBA,2,3345,0,6,0,0,0,0,DRESSING~2#:#RANCH~2#:#VEEBA~2,1.0#:#1.0#:#1.0,1.0,1.0,1
3502,DRESSING_KEYA_MIX,2,3345,0,6,0,0,0,0,DRESSING~2#:#KEYA~2#:#MIX~2,1.0#:#1.0#:#1.0,1.0,1.0,1
3503,DRESSING_KEYA_RANCH,2,3345,0,6,0,0,0,0,DRESSING~2#:#KEYA~2#:#RANCH~2,1.0#:#1.0#:#1.0,1.0,1.0,1
3504,DRESSING_MIX_RANCH,2,3345,0,6,0,0,0,0,DRESSING~2#:#MIX~2#:#RANCH~2,1.0#:#1.0#:#1.0,1.0,1.0,1
3505,JALAPENO_PEPPERS_SLICED,2,3345,0,6,0,0,0,0,JALAPENO~2#:#PEPPERS~2#:#SLICED~2,1.0#:#1.0#:#1.0,1.0,1.0,1
3506,JALAPENO_PEPPERS_VEEBA,2,3345,0,6,0,0,0,0,JALAPENO~2#:#PEPPERS~2#:#VEEBA~2,1.0#:#1.0#:#1.0,1.0,1.0,1
3507,JALAPENO_SLICED_VEEBA,2,3345,0,6,0,0,0,0,JALAPENO~2#:#SLICED~2#:#VEEBA~2,1.0#:#1.0#:#1.0,1.0,1.0,1
3508,PEPPERS_PICKLED_VEEBA,2,3345,0,6,0,0,0,0,PEPPERS~2#:#PICKLED~2#:#VEEBA~2,1.0#:#1.0#:#1.0,1.0,1.0,1
3509,PEPPERS_PICKLED_VEGETABLE,2,3345,0,6,0,0,0,0,PEPPERS~2#:#PICKLED~2#:#VEGETABLE~2,1.0#:#1.0#:#1.0,1.0,1.0,1
3510,PEPPERS_SLICED_VEEBA,2,3345,0,6,0,0,0,0,PEPPERS~2#:#SLICED~2#:#VEEBA~2,1.0#:#1.0#:#1.0,1.0,1.0,1
3511,PEPPERS_VEEBA_VEGETABLE,2,3345,0,6,0,0,0,0,PEPPERS~2#:#VEEBA~2#:#VEGETABLE~2,1.0#:#1.0#:#1.0,1.0,1.0,1
3512,PICKLED_SPICY_VEEBA,2,3345,0,6,0,0,0,0,PICKLED~2#:#SPICY~2#:#VEEBA~2,1.0#:#1.0#:#1.0,1.0,1.0,1
3513,PICKLED_SPICY_VEGETABLE,2,3345,0,6,0,0,0,0,PICKLED~2#:#SPICY~2#:#VEGETABLE~2,1.0#:#1.0#:#1.0,1.0,1.0,1
3514,PICKLED_VEEBA_VEGETABLE,3,3345,0,6,0,0,0,0,PICKLED~2#:#VEEBA~2#:#VEGETABLE~2,1.5#:#1.5#:#1.5,1.5,1.5,1
3515,SPICY_VEEBA_VEGETABLE,2,3345,0,6,0,0,0,0,SPICY~2#:#VEEBA~2#:#VEGETABLE~2,1.0#:#1.0#:#1.0,1.0,1.0,1
3516,DICED_MILD_VEEBA,2,3345,0,6,0,0,0,0,DICED~2#:#MILD~2#:#VEEBA~2,1.0#:#1.0#:#1.0,1.0,1.0,1
3517,BABY_CUCUMBERS_DEL,3,3345,1,6,0,0,0,0,BABY~2#:#CUCUMBERS~2#:#DEL~2,1.5#:#1.5#:#1.5,1.5,1.5,1
3518,BABY_CUCUMBERS_MONTE,2,3345,1,6,0,0,0,0,BABY~2#:#CUCUMBERS~2#:#MONTE~2,1.0#:#1.0#:#1.0,1.0,1.0,1
3519,BABY_CUCUMBERS_PICKLED,2,3345,1,6,0,0,0,0,BABY~2#:#CUCUMBERS~2#:#PICKLED~2,1.0#:#1.0#:#1.0,1.0,1.0,1
3520,BABY_DEL_MONTE,4,3345,1,6,0,0,0,0,BABY~2#:#DEL~2#:#MONTE~2,2.0#:#2.0#:#2.0,2.0,2.0,1
3521,BABY_DEL_PICKLED,4,3345,1,6,0,0,0,0,BABY~2#:#DEL~2#:#PICKLED~2,2.0#:#2.0#:#2.0,2.0,2.0,1
3522,BABY_MONTE_PICKLED,3,3345,1,6,0,0,0,0,BABY~2#:#MONTE~2#:#PICKLED~2,1.5#:#1.5#:#1.5,1.5,1.5,1
3523,CUCUMBERS_DEL_MONTE,4,3345,0,6,0,0,0,0,CUCUMBERS~2#:#DEL~2#:#MONTE~2,2.0#:#2.0#:#2.0,2.0,2.0,1
3524,CUCUMBERS_DEL_PICKLED,4,3345,0,6,0,0,0,0,CUCUMBERS~2#:#DEL~2#:#PICKLED~2,2.0#:#2.0#:#2.0,2.0,2.0,1
3525,CUCUMBERS_MONTE_PICKLED,3,3345,0,6,0,0,0,0,CUCUMBERS~2#:#MONTE~2#:#PICKLED~2,1.5#:#1.5#:#1.5,1.5,1.5,1
3526,DEL_MONTE_PICKLED,6,3345,0,6,0,0,0,0,DEL~2#:#MONTE~2#:#PICKLED~2,3.0#:#3.0#:#3.0,3.0,3.0,1
3527,BABY_DEL_STYLE,2,3345,1,6,0,0,0,0,BABY~2#:#DEL~2#:#STYLE~2,1.0#:#1.0#:#1.0,1.0,1.0,1
3528,CUCUMBERS_DEL_STYLE,2,3345,0,6,0,0,0,0,CUCUMBERS~2#:#DEL~2#:#STYLE~2,1.0#:#1.0#:#1.0,1.0,1.0,1
3529,DEL_MONTE_STYLE,2,3345,0,6,0,0,0,0,DEL~2#:#MONTE~2#:#STYLE~2,1.0#:#1.0#:#1.0,1.0,1.0,1
3530,DEL_PICKLED_STYLE,2,3345,0,6,0,0,0,0,DEL~2#:#PICKLED~2#:#STYLE~2,1.0#:#1.0#:#1.0,1.0,1.0,1
3531,DRINK_PACK_SOFT,4,3345,1,6,0,0,0,0,DRINK~2#:#PACK~3#:#SOFT~2,2.0#:#1.33#:#2.0,2.0,1.33,1
3532,CANS_DRINK_SOFT,2,3345,0,6,0,0,0,0,CANS~2#:#DRINK~2#:#SOFT~2,1.0#:#1.0#:#1.0,1.0,1.0,1
3533,FLAVOUR_LEMON_PACK,3,3345,3,6,0,0,0,0,FLAVOUR~3#:#LEMON~2#:#PACK~3,1.0#:#1.5#:#1.0,1.5,1.0,1
3534,DRINK_FLAVOUR_SOFT,4,3345,1,6,0,0,0,0,DRINK~2#:#FLAVOUR~3#:#SOFT~2,2.0#:#1.33#:#2.0,2.0,1.33,1
3535,BOTTLE_DRINK_PACK,3,3345,2,6,0,0,0,0,BOTTLE~2#:#DRINK~2#:#PACK~3,1.5#:#1.5#:#1.0,1.5,1.0,1
3536,BOTTLE_PACK_SOFT,3,3345,2,6,0,0,0,0,BOTTLE~2#:#PACK~3#:#SOFT~2,1.5#:#1.0#:#1.5,1.5,1.0,1
3537,BOTTLE_DRINK_SOFT,5,3345,1,6,0,0,0,0,BOTTLE~2#:#DRINK~2#:#SOFT~2,2.5#:#2.5#:#2.5,2.5,2.5,1
3538,COLA_DRINK_FLAVOUR,2,3345,1,6,0,0,0,0,COLA~2#:#DRINK~2#:#FLAVOUR~3,1.0#:#1.0#:#0.67,1.0,0.67,0
3539,DRINK_FLAVOUR_VANILLA,2,3345,2,6,0,0,0,0,DRINK~2#:#FLAVOUR~3#:#VANILLA~2,1.0#:#0.67#:#1.0,1.0,0.67,0
3540,CHIPS_CORN_TOO#YUMM,2,3345,0,6,0,0,0,0,CHIPS~2#:#CORN~2#:#TOO#YUMM~2,1.0#:#1.0#:#1.0,1.0,1.0,1
3541,PEANUT_ROASTED_SALTED,3,3345,0,6,0,0,0,0,PEANUT~2#:#ROASTED~2#:#SALTED~2,1.5#:#1.5#:#1.5,1.5,1.5,1
3542,BROWN_MANTRA_ORGANIC,2,3345,1,6,0,0,0,0,BROWN~2#:#MANTRA~2#:#ORGANIC~3,1.0#:#1.0#:#0.67,1.0,0.67,0
3543,BROWN_ORGANIC_RICH,3,3345,1,6,0,0,0,0,BROWN~2#:#ORGANIC~3#:#RICH~2,1.5#:#1.0#:#1.5,1.5,1.0,1
3544,AND_BAR_SNACK,2,3345,0,6,0,0,0,0,AND~2#:#BAR~2#:#SNACK~3,1.0#:#1.0#:#0.67,1.0,0.67,0
3545,AND_SNACK_SWEET,2,3345,1,6,0,0,0,0,AND~2#:#SNACK~3#:#SWEET~2,1.0#:#0.67#:#1.0,1.0,0.67,0
3546,AND_SALT_SWEET,2,3345,2,6,0,0,0,0,AND~2#:#SALT~2#:#SWEET~2,1.0#:#1.0#:#1.0,1.0,1.0,1
3547,BAR_FRUIT_SNACK,2,3345,0,6,0,0,0,0,BAR~2#:#FRUIT~2#:#SNACK~3,1.0#:#1.0#:#0.67,1.0,0.67,0
3548,BAR_NATURAL_SNACK,2,3345,1,6,0,0,0,0,BAR~2#:#NATURAL~2#:#SNACK~3,1.0#:#1.0#:#0.67,1.0,0.67,0
3549,BAR_SNACK_YOGA,3,3345,0,6,0,0,0,0,BAR~2#:#SNACK~3#:#YOGA~2,1.5#:#1.0#:#1.5,1.5,1.0,1
3550,FRUIT_NATURAL_SNACK,2,3345,1,6,0,0,0,0,FRUIT~2#:#NATURAL~2#:#SNACK~3,1.0#:#1.0#:#0.67,1.0,0.67,0
3551,AND_FRUIT_SNACK,2,3345,0,6,0,0,0,0,AND~2#:#FRUIT~2#:#SNACK~3,1.0#:#1.0#:#0.67,1.0,0.67,0
3552,FRUIT_SNACK_YOGA,2,3345,0,6,0,0,0,0,FRUIT~2#:#SNACK~3#:#YOGA~2,1.0#:#0.67#:#1.0,1.0,0.67,0
3553,NATURAL_SNACK_YOGA,2,3345,1,6,0,0,0,0,NATURAL~2#:#SNACK~3#:#YOGA~2,1.0#:#0.67#:#1.0,1.0,0.67,0
3554,BAR_FRUIT_NATURAL,2,3345,1,6,0,0,0,0,BAR~2#:#FRUIT~2#:#NATURAL~2,1.0#:#1.0#:#1.0,1.0,1.0,1
3555,AND_BAR_FRUIT,2,3345,0,6,0,0,0,0,AND~2#:#BAR~2#:#FRUIT~2,1.0#:#1.0#:#1.0,1.0,1.0,1
3556,BAR_FRUIT_YOGA,2,3345,0,6,0,0,0,0,BAR~2#:#FRUIT~2#:#YOGA~2,1.0#:#1.0#:#1.0,1.0,1.0,1
3557,BAR_NATURAL_YOGA,3,3345,1,6,0,0,0,0,BAR~2#:#NATURAL~2#:#YOGA~2,1.5#:#1.5#:#1.5,1.5,1.5,1
3558,FRUIT_NATURAL_YOGA,2,3345,1,6,0,0,0,0,FRUIT~2#:#NATURAL~2#:#YOGA~2,1.0#:#1.0#:#1.0,1.0,1.0,1
3559,FRUIT_PACK_SNACK,3,3345,1,6,0,0,0,0,FRUIT~2#:#PACK~3#:#SNACK~3,1.5#:#1.0#:#1.0,1.5,1.0,1
3560,PACK_ROLLS_SNACK,2,3345,1,6,0,0,0,0,PACK~3#:#ROLLS~2#:#SNACK~3,0.67#:#1.0#:#0.67,1.0,0.67,0
3561,FRUIT_PACK_ROLLS,2,3345,1,6,0,0,0,0,FRUIT~2#:#PACK~3#:#ROLLS~2,1.0#:#0.67#:#1.0,1.0,0.67,0
3562,FRUIT_MIXED_PACK,3,3345,1,6,0,0,0,0,FRUIT~2#:#MIXED~2#:#PACK~3,1.5#:#1.5#:#1.0,1.5,1.0,1
3563,BOAT#PAPER_FRUIT_PACK,2,3345,1,6,0,0,0,0,BOAT#PAPER~2#:#FRUIT~2#:#PACK~3,1.0#:#1.0#:#0.67,1.0,0.67,0
3564,BOAT#PAPER_MIXED_PACK,2,3345,1,6,0,0,0,0,BOAT#PAPER~2#:#MIXED~2#:#PACK~3,1.0#:#1.0#:#0.67,1.0,0.67,0
3565,FRUIT_ROLLS_SNACK,2,3345,0,6,0,0,0,0,FRUIT~2#:#ROLLS~2#:#SNACK~3,1.0#:#1.0#:#0.67,1.0,0.67,0
3566,FRUIT_MIXED_SNACK,2,3345,0,6,0,0,0,0,FRUIT~2#:#MIXED~2#:#SNACK~3,1.0#:#1.0#:#0.67,1.0,0.67,0
3567,BOAT#PAPER_FRUIT_SNACK,2,3345,0,6,0,0,0,0,BOAT#PAPER~2#:#FRUIT~2#:#SNACK~3,1.0#:#1.0#:#0.67,1.0,0.67,0
3568,BOAT#PAPER_MIXED_SNACK,2,3345,0,6,0,0,0,0,BOAT#PAPER~2#:#MIXED~2#:#SNACK~3,1.0#:#1.0#:#0.67,1.0,0.67,0
3569,BOAT#PAPER_FRUIT_MIXED,4,3345,0,6,0,0,0,0,BOAT#PAPER~2#:#FRUIT~2#:#MIXED~2,2.0#:#2.0#:#2.0,2.0,2.0,1
3570,PACK_SNACK_STRAWBERRY,2,3345,2,6,0,0,0,0,PACK~3#:#SNACK~3#:#STRAWBERRY~2,0.67#:#0.67#:#1.0,1.0,0.67,0
3571,BAR_PACK_YOGA,4,3345,1,6,0,0,0,0,BAR~2#:#PACK~3#:#YOGA~2,2.0#:#1.33#:#2.0,2.0,1.33,1
3572,FRUIT_PACK_STRAWBERRY,2,3345,2,6,0,0,0,0,FRUIT~2#:#PACK~3#:#STRAWBERRY~2,1.0#:#0.67#:#1.0,1.0,0.67,0
3573,FRUIT_NATURAL_STRAWBERRY,2,3345,2,6,0,0,0,0,FRUIT~2#:#NATURAL~2#:#STRAWBERRY~2,1.0#:#1.0#:#1.0,1.0,1.0,1
3574,CREAMY_DESSERT_ICED,2,3345,1,6,0,0,0,0,CREAMY~3#:#DESSERT~2#:#ICED~2,0.67#:#1.0#:#1.0,1.0,0.67,0
3575,APPLE_MIX_READY#TO,2,3345,1,6,0,0,0,0,APPLE~2#:#MIX~2#:#READY#TO~2,1.0#:#1.0#:#1.0,1.0,1.0,1
3576,BAKE_MIX_MUFFIN,3,3345,0,6,0,0,0,0,BAKE~2#:#MIX~2#:#MUFFIN~2,1.5#:#1.5#:#1.5,1.5,1.5,1
3577,BAKE_MIX_PILLSBURY,3,3345,0,6,0,0,0,0,BAKE~2#:#MIX~2#:#PILLSBURY~2,1.5#:#1.5#:#1.5,1.5,1.5,1
3578,BAKE_MIX_READY#TO,3,3345,0,6,0,0,0,0,BAKE~2#:#MIX~2#:#READY#TO~2,1.5#:#1.5#:#1.5,1.5,1.5,1
3579,BAKE_MUFFIN_PILLSBURY,3,3345,0,6,0,0,0,0,BAKE~2#:#MUFFIN~2#:#PILLSBURY~2,1.5#:#1.5#:#1.5,1.5,1.5,1
3580,BAKE_MUFFIN_READY#TO,3,3345,0,6,0,0,0,0,BAKE~2#:#MUFFIN~2#:#READY#TO~2,1.5#:#1.5#:#1.5,1.5,1.5,1
3581,BAKE_PILLSBURY_READY#TO,6,3345,0,6,0,0,0,0,BAKE~2#:#PILLSBURY~2#:#READY#TO~2,3.0#:#3.0#:#3.0,3.0,3.0,1
3582,MIX_MUFFIN_PILLSBURY,3,3345,0,6,0,0,0,0,MIX~2#:#MUFFIN~2#:#PILLSBURY~2,1.5#:#1.5#:#1.5,1.5,1.5,1
3583,MIX_MUFFIN_READY#TO,3,3345,0,6,0,0,0,0,MIX~2#:#MUFFIN~2#:#READY#TO~2,1.5#:#1.5#:#1.5,1.5,1.5,1
3584,MIX_PILLSBURY_READY#TO,3,3345,0,6,0,0,0,0,MIX~2#:#PILLSBURY~2#:#READY#TO~2,1.5#:#1.5#:#1.5,1.5,1.5,1
3585,MUFFIN_PILLSBURY_READY#TO,3,3345,0,6,0,0,0,0,MUFFIN~2#:#PILLSBURY~2#:#READY#TO~2,1.5#:#1.5#:#1.5,1.5,1.5,1
3586,CADBURY_COCOA_HOT,2,3345,1,6,0,0,0,0,CADBURY~2#:#COCOA~2#:#HOT~2,1.0#:#1.0#:#1.0,1.0,1.0,1
3587,CADBURY_COCOA_MIX,5,3345,0,6,0,0,0,0,CADBURY~2#:#COCOA~2#:#MIX~2,2.5#:#2.5#:#2.5,2.5,2.5,1
3588,COCOA_HOT_MIX,2,3345,1,6,0,0,0,0,COCOA~2#:#HOT~2#:#MIX~2,1.0#:#1.0#:#1.0,1.0,1.0,1
3589,CADBURY_HOT_MIX,2,3345,1,6,0,0,0,0,CADBURY~2#:#HOT~2#:#MIX~2,1.0#:#1.0#:#1.0,1.0,1.0,1
3590,CHIPS_CHOCOLATE_MUFFIN,3,3345,0,6,0,0,0,0,CHIPS~2#:#CHOCOLATE~2#:#MUFFIN~2,1.5#:#1.5#:#1.5,1.5,1.5,1
3591,CHIPS_CHOCOLATE_PILLSBURY,2,3345,0,6,0,0,0,0,CHIPS~2#:#CHOCOLATE~2#:#PILLSBURY~2,1.0#:#1.0#:#1.0,1.0,1.0,1
3592,CHOCOLATE_MIX_PILLSBURY,2,3345,0,6,0,0,0,0,CHOCOLATE~2#:#MIX~2#:#PILLSBURY~2,1.0#:#1.0#:#1.0,1.0,1.0,1
3593,COOKIES_MANTRA_ORGANIC,2,3345,0,6,0,0,0,0,COOKIES~2#:#MANTRA~2#:#ORGANIC~3,1.0#:#1.0#:#0.67,1.0,0.67,0
3594,COOKIES_OIL_ORGANIC,2,3345,1,6,0,0,0,0,COOKIES~2#:#OIL~2#:#ORGANIC~3,1.0#:#1.0#:#0.67,1.0,0.67,0
3595,MANTRA_OIL_ORGANIC,2,3345,1,6,0,0,0,0,MANTRA~2#:#OIL~2#:#ORGANIC~3,1.0#:#1.0#:#0.67,1.0,0.67,0
3596,COCONUT_MANTRA_ORGANIC,2,3345,1,6,0,0,0,0,COCONUT~2#:#MANTRA~2#:#ORGANIC~3,1.0#:#1.0#:#0.67,1.0,0.67,0
3597,COOKIES_MANTRA_OIL,2,3345,1,6,0,0,0,0,COOKIES~2#:#MANTRA~2#:#OIL~2,1.0#:#1.0#:#1.0,1.0,1.0,1
3598,NATURAL_RAW_SUGAR,2,3345,2,6,0,0,0,0,NATURAL~2#:#RAW~2#:#SUGAR~2,1.0#:#1.0#:#1.0,1.0,1.0,1
3599,NATURAL_SUGAR_SWEETENED,2,3345,2,6,0,0,0,0,NATURAL~2#:#SUGAR~2#:#SWEETENED~2,1.0#:#1.0#:#1.0,1.0,1.0,1
3600,INDIA_ORGANIC_TEA,2,3345,1,6,0,0,0,0,INDIA~2#:#ORGANIC~3#:#TEA~2,1.0#:#0.67#:#1.0,1.0,0.67,0
3601,BLEND_COFFEE_GROUND,4,3345,1,6,0,0,0,0,BLEND~2#:#COFFEE~2#:#GROUND~2,2.0#:#2.0#:#2.0,2.0,2.0,1
3602,BLEND_COFFEE_ROASTED,3,3345,1,6,0,0,0,0,BLEND~2#:#COFFEE~2#:#ROASTED~2,1.5#:#1.5#:#1.5,1.5,1.5,1
3603,BLEND_GROUND_ROASTED,2,3345,0,6,0,0,0,0,BLEND~2#:#GROUND~2#:#ROASTED~2,1.0#:#1.0#:#1.0,1.0,1.0,1
3604,COFFEE_GROUND_ROASTED,3,3345,1,6,0,0,0,0,COFFEE~2#:#GROUND~2#:#ROASTED~2,1.5#:#1.5#:#1.5,1.5,1.5,1
3605,COFFEE_FLAVOUR_GROUND,3,3345,2,6,0,0,0,0,COFFEE~2#:#FLAVOUR~3#:#GROUND~2,1.5#:#1.0#:#1.5,1.5,1.0,1
3606,COFFEE_FLAVOUR_RICH,2,3345,2,6,0,0,0,0,COFFEE~2#:#FLAVOUR~3#:#RICH~2,1.0#:#0.67#:#1.0,1.0,0.67,0
3607,COFFEE_FLAVOUR_TATA,2,3345,2,6,0,0,0,0,COFFEE~2#:#FLAVOUR~3#:#TATA~2,1.0#:#0.67#:#1.0,1.0,0.67,0
3608,FLAVOUR_GROUND_RICH,2,3345,1,6,0,0,0,0,FLAVOUR~3#:#GROUND~2#:#RICH~2,0.67#:#1.0#:#1.0,1.0,0.67,0
3609,BLEND_COFFEE_HOUSE,2,3345,1,6,0,0,0,0,BLEND~2#:#COFFEE~2#:#HOUSE~2,1.0#:#1.0#:#1.0,1.0,1.0,1
3610,BLEND_COFFEE_TATA,2,3345,1,6,0,0,0,0,BLEND~2#:#COFFEE~2#:#TATA~2,1.0#:#1.0#:#1.0,1.0,1.0,1
3611,COFFEE_GROUND_HOUSE,2,3345,1,6,0,0,0,0,COFFEE~2#:#GROUND~2#:#HOUSE~2,1.0#:#1.0#:#1.0,1.0,1.0,1
3612,COFFEE_GROUND_RICH,3,3345,1,6,0,0,0,0,COFFEE~2#:#GROUND~2#:#RICH~2,1.5#:#1.5#:#1.5,1.5,1.5,1
3613,COFFEE_GROUND_TATA,3,3345,1,6,0,0,0,0,COFFEE~2#:#GROUND~2#:#TATA~2,1.5#:#1.5#:#1.5,1.5,1.5,1
3614,COFFEE_HOUSE_TATA,2,3345,1,6,0,0,0,0,COFFEE~2#:#HOUSE~2#:#TATA~2,1.0#:#1.0#:#1.0,1.0,1.0,1
3615,COFFEE_RICH_TATA,2,3345,1,6,0,0,0,0,COFFEE~2#:#RICH~2#:#TATA~2,1.0#:#1.0#:#1.0,1.0,1.0,1
3616,BLEND_GROUND_HOUSE,2,3345,0,6,0,0,0,0,BLEND~2#:#GROUND~2#:#HOUSE~2,1.0#:#1.0#:#1.0,1.0,1.0,1
3617,BLEND_GROUND_TATA,2,3345,0,6,0,0,0,0,BLEND~2#:#GROUND~2#:#TATA~2,1.0#:#1.0#:#1.0,1.0,1.0,1
3618,BLEND_HOUSE_TATA,2,3345,0,6,0,0,0,0,BLEND~2#:#HOUSE~2#:#TATA~2,1.0#:#1.0#:#1.0,1.0,1.0,1
3619,GROUND_HOUSE_TATA,2,3345,0,6,0,0,0,0,GROUND~2#:#HOUSE~2#:#TATA~2,1.0#:#1.0#:#1.0,1.0,1.0,1
3620,GROUND_RICH_TATA,2,3345,0,6,0,0,0,0,GROUND~2#:#RICH~2#:#TATA~2,1.0#:#1.0#:#1.0,1.0,1.0,1
3621,COFFEE_FRENCH_VANILLA,3,3345,2,6,0,0,0,0,COFFEE~2#:#FRENCH~2#:#VANILLA~2,1.5#:#1.5#:#1.5,1.5,1.5,1
3622,CHOCOLATE_FLAVOUR_RICH,2,3345,1,6,0,0,0,0,CHOCOLATE~2#:#FLAVOUR~3#:#RICH~2,1.0#:#0.67#:#1.0,1.0,0.67,0
3623,BEVERAGE_CADBURY_CHOCOLATE,3,3345,0,6,0,0,0,0,BEVERAGE~2#:#CADBURY~2#:#CHOCOLATE~2,1.5#:#1.5#:#1.5,1.5,1.5,1
3624,BEVERAGE_CADBURY_COCOA,3,3345,0,6,0,0,0,0,BEVERAGE~2#:#CADBURY~2#:#COCOA~2,1.5#:#1.5#:#1.5,1.5,1.5,1
3625,BEVERAGE_CADBURY_DRINK,3,3345,0,6,0,0,0,0,BEVERAGE~2#:#CADBURY~2#:#DRINK~2,1.5#:#1.5#:#1.5,1.5,1.5,1
3626,BEVERAGE_CADBURY_MIX,3,3345,0,6,0,0,0,0,BEVERAGE~2#:#CADBURY~2#:#MIX~2,1.5#:#1.5#:#1.5,1.5,1.5,1
3627,BEVERAGE_CADBURY_POWDER,3,3345,1,6,0,0,0,0,BEVERAGE~2#:#CADBURY~2#:#POWDER~2,1.5#:#1.5#:#1.5,1.5,1.5,1
3628,BEVERAGE_CHOCOLATE_COCOA,3,3345,0,6,0,0,0,0,BEVERAGE~2#:#CHOCOLATE~2#:#COCOA~2,1.5#:#1.5#:#1.5,1.5,1.5,1
3629,BEVERAGE_CHOCOLATE_DRINK,3,3345,0,6,0,0,0,0,BEVERAGE~2#:#CHOCOLATE~2#:#DRINK~2,1.5#:#1.5#:#1.5,1.5,1.5,1
3630,BEVERAGE_CHOCOLATE_MIX,3,3345,0,6,0,0,0,0,BEVERAGE~2#:#CHOCOLATE~2#:#MIX~2,1.5#:#1.5#:#1.5,1.5,1.5,1
3631,BEVERAGE_CHOCOLATE_POWDER,3,3345,1,6,0,0,0,0,BEVERAGE~2#:#CHOCOLATE~2#:#POWDER~2,1.5#:#1.5#:#1.5,1.5,1.5,1
3632,BEVERAGE_COCOA_DRINK,3,3345,0,6,0,0,0,0,BEVERAGE~2#:#COCOA~2#:#DRINK~2,1.5#:#1.5#:#1.5,1.5,1.5,1
3633,BEVERAGE_COCOA_MIX,3,3345,0,6,0,0,0,0,BEVERAGE~2#:#COCOA~2#:#MIX~2,1.5#:#1.5#:#1.5,1.5,1.5,1
3634,BEVERAGE_COCOA_POWDER,3,3345,1,6,0,0,0,0,BEVERAGE~2#:#COCOA~2#:#POWDER~2,1.5#:#1.5#:#1.5,1.5,1.5,1
3635,BEVERAGE_DRINK_MIX,3,3345,0,6,0,0,0,0,BEVERAGE~2#:#DRINK~2#:#MIX~2,1.5#:#1.5#:#1.5,1.5,1.5,1
3636,BEVERAGE_DRINK_POWDER,3,3345,1,6,0,0,0,0,BEVERAGE~2#:#DRINK~2#:#POWDER~2,1.5#:#1.5#:#1.5,1.5,1.5,1
3637,BEVERAGE_MIX_POWDER,3,3345,1,6,0,0,0,0,BEVERAGE~2#:#MIX~2#:#POWDER~2,1.5#:#1.5#:#1.5,1.5,1.5,1
3638,CADBURY_CHOCOLATE_COCOA,3,3345,0,6,0,0,0,0,CADBURY~2#:#CHOCOLATE~2#:#COCOA~2,1.5#:#1.5#:#1.5,1.5,1.5,1
3639,CADBURY_CHOCOLATE_DRINK,4,3345,0,6,0,0,0,0,CADBURY~2#:#CHOCOLATE~2#:#DRINK~2,2.0#:#2.0#:#2.0,2.0,2.0,1
3640,CADBURY_CHOCOLATE_MIX,3,3345,0,6,0,0,0,0,CADBURY~2#:#CHOCOLATE~2#:#MIX~2,1.5#:#1.5#:#1.5,1.5,1.5,1
3641,CADBURY_CHOCOLATE_POWDER,3,3345,1,6,0,0,0,0,CADBURY~2#:#CHOCOLATE~2#:#POWDER~2,1.5#:#1.5#:#1.5,1.5,1.5,1
3642,CADBURY_COCOA_DRINK,3,3345,0,6,0,0,0,0,CADBURY~2#:#COCOA~2#:#DRINK~2,1.5#:#1.5#:#1.5,1.5,1.5,1
3643,CADBURY_COCOA_POWDER,4,3345,1,6,0,0,0,0,CADBURY~2#:#COCOA~2#:#POWDER~2,2.0#:#2.0#:#2.0,2.0,2.0,1
3644,CADBURY_DRINK_MIX,3,3345,0,6,0,0,0,0,CADBURY~2#:#DRINK~2#:#MIX~2,1.5#:#1.5#:#1.5,1.5,1.5,1
3645,CADBURY_DRINK_POWDER,3,3345,1,6,0,0,0,0,CADBURY~2#:#DRINK~2#:#POWDER~2,1.5#:#1.5#:#1.5,1.5,1.5,1
3646,CADBURY_MIX_POWDER,3,3345,1,6,0,0,0,0,CADBURY~2#:#MIX~2#:#POWDER~2,1.5#:#1.5#:#1.5,1.5,1.5,1
3647,CHOCOLATE_COCOA_DRINK,3,3345,0,6,0,0,0,0,CHOCOLATE~2#:#COCOA~2#:#DRINK~2,1.5#:#1.5#:#1.5,1.5,1.5,1
3648,CHOCOLATE_COCOA_MIX,3,3345,0,6,0,0,0,0,CHOCOLATE~2#:#COCOA~2#:#MIX~2,1.5#:#1.5#:#1.5,1.5,1.5,1
3649,CHOCOLATE_COCOA_POWDER,3,3345,1,6,0,0,0,0,CHOCOLATE~2#:#COCOA~2#:#POWDER~2,1.5#:#1.5#:#1.5,1.5,1.5,1
3650,CHOCOLATE_DRINK_MIX,3,3345,0,6,0,0,0,0,CHOCOLATE~2#:#DRINK~2#:#MIX~2,1.5#:#1.5#:#1.5,1.5,1.5,1
3651,CHOCOLATE_DRINK_POWDER,3,3345,1,6,0,0,0,0,CHOCOLATE~2#:#DRINK~2#:#POWDER~2,1.5#:#1.5#:#1.5,1.5,1.5,1
3652,CHOCOLATE_MIX_POWDER,3,3345,1,6,0,0,0,0,CHOCOLATE~2#:#MIX~2#:#POWDER~2,1.5#:#1.5#:#1.5,1.5,1.5,1
3653,COCOA_DRINK_MIX,3,3345,0,6,0,0,0,0,COCOA~2#:#DRINK~2#:#MIX~2,1.5#:#1.5#:#1.5,1.5,1.5,1
3654,COCOA_DRINK_POWDER,3,3345,1,6,0,0,0,0,COCOA~2#:#DRINK~2#:#POWDER~2,1.5#:#1.5#:#1.5,1.5,1.5,1
3655,COCOA_MIX_POWDER,3,3345,1,6,0,0,0,0,COCOA~2#:#MIX~2#:#POWDER~2,1.5#:#1.5#:#1.5,1.5,1.5,1
3656,DRINK_MIX_POWDER,3,3345,1,6,0,0,0,0,DRINK~2#:#MIX~2#:#POWDER~2,1.5#:#1.5#:#1.5,1.5,1.5,1
3657,BEVERAGE_CHOCOLATE_RICH,2,3345,0,6,0,0,0,0,BEVERAGE~2#:#CHOCOLATE~2#:#RICH~2,1.0#:#1.0#:#1.0,1.0,1.0,1
3658,CHOCOLATE_DRINK_RICH,2,3345,0,6,0,0,0,0,CHOCOLATE~2#:#DRINK~2#:#RICH~2,1.0#:#1.0#:#1.0,1.0,1.0,1
3659,CRANBERRY_JUICE_REAL,4,3345,0,6,0,0,0,0,CRANBERRY~2#:#JUICE~2#:#REAL~2,2.0#:#2.0#:#2.0,2.0,2.0,1
3660,JUICE_RASPBERRY_REAL,2,3345,0,6,0,0,0,0,JUICE~2#:#RASPBERRY~2#:#REAL~2,1.0#:#1.0#:#1.0,1.0,1.0,1
3661,CHOCOLATE_FAT_LOW,5,3345,0,6,0,0,0,0,CHOCOLATE~2#:#FAT~2#:#LOW~2,2.5#:#2.5#:#2.5,2.5,2.5,1
3662,CHOCOLATE_FAT_MILD,4,3345,0,6,0,0,0,0,CHOCOLATE~2#:#FAT~2#:#MILD~2,2.0#:#2.0#:#2.0,2.0,2.0,1
3663,CHOCOLATE_FAT_NESTLE,2,3345,0,6,0,0,0,0,CHOCOLATE~2#:#FAT~2#:#NESTLE~2,1.0#:#1.0#:#1.0,1.0,1.0,1
3664,CHOCOLATE_LOW_MILD,4,3345,0,6,0,0,0,0,CHOCOLATE~2#:#LOW~2#:#MILD~2,2.0#:#2.0#:#2.0,2.0,2.0,1
3665,CHOCOLATE_LOW_NESTLE,2,3345,0,6,0,0,0,0,CHOCOLATE~2#:#LOW~2#:#NESTLE~2,1.0#:#1.0#:#1.0,1.0,1.0,1
3666,CHOCOLATE_MILD_NESTLE,2,3345,0,6,0,0,0,0,CHOCOLATE~2#:#MILD~2#:#NESTLE~2,1.0#:#1.0#:#1.0,1.0,1.0,1
3667,FAT_LOW_MILD,6,3345,0,6,0,0,0,0,FAT~2#:#LOW~2#:#MILD~2,3.0#:#3.0#:#3.0,3.0,3.0,1
3668,FAT_LOW_NESTLE,3,3345,0,6,0,0,0,0,FAT~2#:#LOW~2#:#NESTLE~2,1.5#:#1.5#:#1.5,1.5,1.5,1
3669,FAT_MILD_NESTLE,2,3345,0,6,0,0,0,0,FAT~2#:#MILD~2#:#NESTLE~2,1.0#:#1.0#:#1.0,1.0,1.0,1
3670,LOW_MILD_NESTLE,2,3345,0,6,0,0,0,0,LOW~2#:#MILD~2#:#NESTLE~2,1.0#:#1.0#:#1.0,1.0,1.0,1
3671,KISSAN_SAUCE_TOMATO,2,3345,0,6,0,0,0,0,KISSAN~2#:#SAUCE~2#:#TOMATO~2,1.0#:#1.0#:#1.0,1.0,1.0,1
3672,DEL_MONTE_PASTA,9,3345,0,6,0,0,0,0,DEL~2#:#MONTE~2#:#PASTA~2,4.5#:#4.5#:#4.5,4.5,4.5,1
3673,DEL_MONTE_SAUCE,6,3345,0,6,0,0,0,0,DEL~2#:#MONTE~2#:#SAUCE~2,3.0#:#3.0#:#3.0,3.0,3.0,1
3674,DEL_PASTA_SAUCE,5,3345,0,6,0,0,0,0,DEL~2#:#PASTA~2#:#SAUCE~2,2.5#:#2.5#:#2.5,2.5,2.5,1
3675,MONTE_PASTA_SAUCE,5,3345,0,6,0,0,0,0,MONTE~2#:#PASTA~2#:#SAUCE~2,2.5#:#2.5#:#2.5,2.5,2.5,1
3676,LIGHT_TUNA_WATER,2,3345,2,6,0,0,0,0,LIGHT~2#:#TUNA~2#:#WATER~2,1.0#:#1.0#:#1.0,1.0,1.0,1
3677,COOKIES_CREAMY_CREAMY,2,3345,2,6,0,0,0,0,COOKIES~2#:#CREAMY~3#:#CREAMY~3,1.0#:#0.67#:#0.67,1.0,0.67,0
3678,CREAMY_CREAMY_SOUR,2,3345,2,6,0,0,0,0,CREAMY~3#:#CREAMY~3#:#SOUR~2,0.67#:#0.67#:#1.0,1.0,0.67,0
3679,COOKIES_CREAMY_KNORR,2,3345,1,6,0,0,0,0,COOKIES~2#:#CREAMY~3#:#KNORR~2,1.0#:#0.67#:#1.0,1.0,0.67,0
3680,COOKIES_CREAMY_MIX,2,3345,1,6,0,0,0,0,COOKIES~2#:#CREAMY~3#:#MIX~2,1.0#:#0.67#:#1.0,1.0,0.67,0
3681,COOKIES_CREAMY_MUSHROOM,2,3345,1,6,0,0,0,0,COOKIES~2#:#CREAMY~3#:#MUSHROOM~2,1.0#:#0.67#:#1.0,1.0,0.67,0
3682,COOKIES_CREAMY_SOUR,4,3345,1,6,0,0,0,0,COOKIES~2#:#CREAMY~3#:#SOUR~2,2.0#:#1.33#:#2.0,2.0,1.33,1
3683,CREAMY_KNORR_MIX,2,3345,1,6,0,0,0,0,CREAMY~3#:#KNORR~2#:#MIX~2,0.67#:#1.0#:#1.0,1.0,0.67,0
3684,CREAMY_KNORR_MUSHROOM,3,3345,1,6,0,0,0,0,CREAMY~3#:#KNORR~2#:#MUSHROOM~2,1.0#:#1.5#:#1.5,1.5,1.0,1
3685,CREAMY_KNORR_SOUR,5,3345,1,6,0,0,0,0,CREAMY~3#:#KNORR~2#:#SOUR~2,1.67#:#2.5#:#2.5,2.5,1.67,1
3686,CREAMY_MIX_MUSHROOM,2,3345,1,6,0,0,0,0,CREAMY~3#:#MIX~2#:#MUSHROOM~2,0.67#:#1.0#:#1.0,1.0,0.67,0
3687,CREAMY_MIX_SOUR,2,3345,1,6,0,0,0,0,CREAMY~3#:#MIX~2#:#SOUR~2,0.67#:#1.0#:#1.0,1.0,0.67,0
3688,CREAMY_MUSHROOM_SOUR,3,3345,1,6,0,0,0,0,CREAMY~3#:#MUSHROOM~2#:#SOUR~2,1.0#:#1.5#:#1.5,1.5,1.0,1
3689,KNORR_MIX_SOUR,2,3345,0,6,0,0,0,0,KNORR~2#:#MIX~2#:#SOUR~2,1.0#:#1.0#:#1.0,1.0,1.0,1
3690,KNORR_MUSHROOM_SOUR,2,3345,0,6,0,0,0,0,KNORR~2#:#MUSHROOM~2#:#SOUR~2,1.0#:#1.0#:#1.0,1.0,1.0,1
3691,CHICKEN_CREAMY_KNORR,2,3345,1,6,0,0,0,0,CHICKEN~3#:#CREAMY~3#:#KNORR~2,0.67#:#0.67#:#1.0,1.0,0.67,0
3692,CHICKEN_CREAMY_SERVE,2,3345,1,6,0,0,0,0,CHICKEN~3#:#CREAMY~3#:#SERVE~2,0.67#:#0.67#:#1.0,1.0,0.67,0
3693,CHICKEN_CREAMY_SOUR,2,3345,1,6,0,0,0,0,CHICKEN~3#:#CREAMY~3#:#SOUR~2,0.67#:#0.67#:#1.0,1.0,0.67,0
3694,CHICKEN_KNORR_SOUR,3,3345,0,6,0,0,0,0,CHICKEN~3#:#KNORR~2#:#SOUR~2,1.0#:#1.5#:#1.5,1.5,1.0,1
3695,CHICKEN_KNORR_READY#TO,2,3345,0,6,0,0,0,0,CHICKEN~3#:#KNORR~2#:#READY#TO~2,0.67#:#1.0#:#1.0,1.0,0.67,0
3696,CHICKEN_READY#TO_SERVE,3,3345,0,6,0,0,0,0,CHICKEN~3#:#READY#TO~2#:#SERVE~2,1.0#:#1.5#:#1.5,1.5,1.0,1
3697,CHICKEN_READY#TO_SOUR,2,3345,0,6,0,0,0,0,CHICKEN~3#:#READY#TO~2#:#SOUR~2,0.67#:#1.0#:#1.0,1.0,0.67,0
3698,AND_CREAMY_RICH,2,3345,1,6,0,0,0,0,AND~2#:#CREAMY~3#:#RICH~2,1.0#:#0.67#:#1.0,1.0,0.67,0
3699,AND_CREAMY_SOUR,4,3345,1,6,0,0,0,0,AND~2#:#CREAMY~3#:#SOUR~2,2.0#:#1.33#:#2.0,2.0,1.33,1
3700,KNORR_READY#TO_SOUR,2,3345,0,6,0,0,0,0,KNORR~2#:#READY#TO~2#:#SOUR~2,1.0#:#1.0#:#1.0,1.0,1.0,1
3701,CHICKEN_COKE_READY#TO,19,3345,0,6,0,0,0,0,CHICKEN~3#:#COKE~2#:#READY#TO~2,6.33#:#9.5#:#9.5,9.5,6.33,1
3702,DRINK_FOR_PACK,2,3345,2,6,0,0,0,0,DRINK~2#:#FOR~2#:#PACK~3,1.0#:#1.0#:#0.67,1.0,0.67,0
3703,BOTTLE_FOR_PACK,2,3345,3,6,0,0,0,0,BOTTLE~2#:#FOR~2#:#PACK~3,1.0#:#1.0#:#0.67,1.0,0.67,0
3704,FOR_PACK_SOFT,2,3345,2,6,0,0,0,0,FOR~2#:#PACK~3#:#SOFT~2,1.0#:#0.67#:#1.0,1.0,0.67,0
3705,BOTTLE_DRINK_FOR,2,3345,2,6,0,0,0,0,BOTTLE~2#:#DRINK~2#:#FOR~2,1.0#:#1.0#:#1.0,1.0,1.0,1
3706,DRINK_FOR_SOFT,2,3345,1,6,0,0,0,0,DRINK~2#:#FOR~2#:#SOFT~2,1.0#:#1.0#:#1.0,1.0,1.0,1
3707,BOTTLE_FOR_SOFT,2,3345,2,6,0,0,0,0,BOTTLE~2#:#FOR~2#:#SOFT~2,1.0#:#1.0#:#1.0,1.0,1.0,1
3708,BOTTLE_DRINK_SINGLE,2,3345,1,6,0,0,0,0,BOTTLE~2#:#DRINK~2#:#SINGLE~2,1.0#:#1.0#:#1.0,1.0,1.0,1
3709,BOTTLE_SINGLE_SOFT,2,3345,1,6,0,0,0,0,BOTTLE~2#:#SINGLE~2#:#SOFT~2,1.0#:#1.0#:#1.0,1.0,1.0,1
3710,DRINK_SINGLE_SOFT,2,3345,0,6,0,0,0,0,DRINK~2#:#SINGLE~2#:#SOFT~2,1.0#:#1.0#:#1.0,1.0,1.0,1
3711,AND_CAT_FOOD,2,3345,0,6,0,0,0,0,AND~2#:#CAT~2#:#FOOD~2,1.0#:#1.0#:#1.0,1.0,1.0,1
3712,AND_CAT_WET,2,3345,1,6,0,0,0,0,AND~2#:#CAT~2#:#WET~2,1.0#:#1.0#:#1.0,1.0,1.0,1
3713,AND_FOOD_WET,2,3345,1,6,0,0,0,0,AND~2#:#FOOD~2#:#WET~2,1.0#:#1.0#:#1.0,1.0,1.0,1
3714,CAT_FOOD_TUNA,2,3345,0,6,0,0,0,0,CAT~2#:#FOOD~2#:#TUNA~2,1.0#:#1.0#:#1.0,1.0,1.0,1
3715,CAT_FOOD_WET,7,3345,1,6,0,0,0,0,CAT~2#:#FOOD~2#:#WET~2,3.5#:#3.5#:#3.5,3.5,3.5,1
3716,FOOD_POTATO_SWEET,2,3345,1,6,0,0,0,0,FOOD~2#:#POTATO~2#:#SWEET~2,1.0#:#1.0#:#1.0,1.0,1.0,1
3717,DROOLS_FLAVOUR_TREATS,2,3345,1,6,0,0,0,0,DROOLS~2#:#FLAVOUR~3#:#TREATS~2,1.0#:#0.67#:#1.0,1.0,0.67,0
3718,CAT_FLAVOUR_TREATS,2,3345,1,6,0,0,0,0,CAT~2#:#FLAVOUR~3#:#TREATS~2,1.0#:#0.67#:#1.0,1.0,0.67,0
3719,CAT_CHICKEN_FOOD,5,3345,0,6,0,0,0,0,CAT~2#:#CHICKEN~3#:#FOOD~2,2.5#:#1.67#:#2.5,2.5,1.67,1
3720,CAT_CHICKEN_WET,5,3345,1,6,0,0,0,0,CAT~2#:#CHICKEN~3#:#WET~2,2.5#:#1.67#:#2.5,2.5,1.67,1
3721,CHICKEN_FOOD_WET,7,3345,1,6,0,0,0,0,CHICKEN~3#:#FOOD~2#:#WET~2,2.33#:#3.5#:#3.5,3.5,2.33,1
3722,CREAMY_SERVE_SINGLE,5,3345,1,6,0,0,0,0,CREAMY~3#:#SERVE~2#:#SINGLE~2,1.67#:#2.5#:#2.5,2.5,1.67,1
3723,DOG_DRY_FLAVOUR,2,3345,2,6,0,0,0,0,DOG~2#:#DRY~2#:#FLAVOUR~3,1.0#:#1.0#:#0.67,1.0,0.67,0
3724,DRY_FLAVOUR_FOOD,2,3345,2,6,0,0,0,0,DRY~2#:#FLAVOUR~3#:#FOOD~2,1.0#:#0.67#:#1.0,1.0,0.67,0
3725,DOG_FLAVOUR_FOOD,3,3345,1,6,0,0,0,0,DOG~2#:#FLAVOUR~3#:#FOOD~2,1.5#:#1.0#:#1.5,1.5,1.0,1
3726,DOG_DRY_FOOD,5,3345,1,6,0,0,0,0,DOG~2#:#DRY~2#:#FOOD~2,2.5#:#2.5#:#2.5,2.5,2.5,1
3727,DOG_DROOLS_DRY,2,3345,1,6,0,0,0,0,DOG~2#:#DROOLS~2#:#DRY~2,1.0#:#1.0#:#1.0,1.0,1.0,1
3728,DOG_DROOLS_FOOD,5,3345,0,6,0,0,0,0,DOG~2#:#DROOLS~2#:#FOOD~2,2.5#:#2.5#:#2.5,2.5,2.5,1
3729,DROOLS_DRY_FOOD,2,3345,1,6,0,0,0,0,DROOLS~2#:#DRY~2#:#FOOD~2,1.0#:#1.0#:#1.0,1.0,1.0,1
3730,CHICKEN_FOOD_PACK,2,3345,1,6,0,0,0,0,CHICKEN~3#:#FOOD~2#:#PACK~3,0.67#:#1.0#:#0.67,1.0,0.67,0
3731,CHICKEN_DROOLS_FOOD,6,3345,0,6,0,0,0,0,CHICKEN~3#:#DROOLS~2#:#FOOD~2,2.0#:#3.0#:#3.0,3.0,2.0,1
3732,CAT_CHICKEN_DROOLS,2,3345,0,6,0,0,0,0,CAT~2#:#CHICKEN~3#:#DROOLS~2,1.0#:#0.67#:#1.0,1.0,0.67,0
3733,CHICKEN_DROOLS_WET,3,3345,1,6,0,0,0,0,CHICKEN~3#:#DROOLS~2#:#WET~2,1.0#:#1.5#:#1.5,1.5,1.0,1
3734,CAT_DROOLS_FOOD,2,3345,0,6,0,0,0,0,CAT~2#:#DROOLS~2#:#FOOD~2,1.0#:#1.0#:#1.0,1.0,1.0,1
3735,DROOLS_FOOD_WET,3,3345,1,6,0,0,0,0,DROOLS~2#:#FOOD~2#:#WET~2,1.5#:#1.5#:#1.5,1.5,1.5,1
3736,CAT_DROOLS_WET,2,3345,1,6,0,0,0,0,CAT~2#:#DROOLS~2#:#WET~2,1.0#:#1.0#:#1.0,1.0,1.0,1
3737,CHICKEN_DROOLS_PREMIUM,2,3345,0,6,0,0,0,0,CHICKEN~3#:#DROOLS~2#:#PREMIUM~2,0.67#:#1.0#:#1.0,1.0,0.67,0
3738,CHICKEN_FOOD_PREMIUM,3,3345,0,6,0,0,0,0,CHICKEN~3#:#FOOD~2#:#PREMIUM~2,1.0#:#1.5#:#1.5,1.5,1.0,1
3739,CHICKEN_PREMIUM_WET,2,3345,1,6,0,0,0,0,CHICKEN~3#:#PREMIUM~2#:#WET~2,0.67#:#1.0#:#1.0,1.0,0.67,0
3740,CAT_FOOD_PREMIUM,2,3345,0,6,0,0,0,0,CAT~2#:#FOOD~2#:#PREMIUM~2,1.0#:#1.0#:#1.0,1.0,1.0,1
3741,DROOLS_FOOD_PREMIUM,2,3345,0,6,0,0,0,0,DROOLS~2#:#FOOD~2#:#PREMIUM~2,1.0#:#1.0#:#1.0,1.0,1.0,1
3742,FOOD_PREMIUM_WET,2,3345,1,6,0,0,0,0,FOOD~2#:#PREMIUM~2#:#WET~2,1.0#:#1.0#:#1.0,1.0,1.0,1
3743,CHICKEN_DOG_FOOD,6,3345,0,6,0,0,0,0,CHICKEN~3#:#DOG~2#:#FOOD~2,2.0#:#3.0#:#3.0,3.0,2.0,1
3744,CHICKEN_DOG_PREMIUM,2,3345,0,6,0,0,0,0,CHICKEN~3#:#DOG~2#:#PREMIUM~2,0.67#:#1.0#:#1.0,1.0,0.67,0
3745,CHICKEN_DOG_WET,2,3345,1,6,0,0,0,0,CHICKEN~3#:#DOG~2#:#WET~2,0.67#:#1.0#:#1.0,1.0,0.67,0
3746,DOG_FOOD_PREMIUM,2,3345,0,6,0,0,0,0,DOG~2#:#FOOD~2#:#PREMIUM~2,1.0#:#1.0#:#1.0,1.0,1.0,1
3747,DOG_FOOD_WET,3,3345,1,6,0,0,0,0,DOG~2#:#FOOD~2#:#WET~2,1.5#:#1.5#:#1.5,1.5,1.5,1
3748,CLEAR_FREE_LIQUID,2,3345,2,6,0,0,0,0,CLEAR~2#:#FREE~2#:#LIQUID~2,1.0#:#1.0#:#1.0,1.0,1.0,1
3749,BAR_BUTTER_PEANUT,6,3345,1,6,0,0,0,0,BAR~2#:#BUTTER~2#:#PEANUT~2,3.0#:#3.0#:#3.0,3.0,3.0,1
3750,BAR_BUTTER_YOGA,3,3345,1,6,0,0,0,0,BAR~2#:#BUTTER~2#:#YOGA~2,1.5#:#1.5#:#1.5,1.5,1.5,1
3751,BAR_PEANUT_YOGA,3,3345,0,6,0,0,0,0,BAR~2#:#PEANUT~2#:#YOGA~2,1.5#:#1.5#:#1.5,1.5,1.5,1
3752,BUTTER_PEANUT_YOGA,3,3345,1,6,0,0,0,0,BUTTER~2#:#PEANUT~2#:#YOGA~2,1.5#:#1.5#:#1.5,1.5,1.5,1
3753,DIP_MEXICAN_WINGREENS,2,3345,0,6,0,0,0,0,DIP~2#:#MEXICAN~2#:#WINGREENS~2,1.0#:#1.0#:#1.0,1.0,1.0,1
3754,BEANS_CHILLI_VEEBA,3,3345,0,6,0,0,0,0,BEANS~2#:#CHILLI~2#:#VEEBA~2,1.5#:#1.5#:#1.5,1.5,1.5,1
3755,BAKE_SAUCE_TOMATO,2,3345,0,6,0,0,0,0,BAKE~2#:#SAUCE~2#:#TOMATO~2,1.0#:#1.0#:#1.0,1.0,1.0,1
3756,CHICKEN_EAT_READY#TO,7,3345,0,6,0,0,0,0,CHICKEN~3#:#EAT~2#:#READY#TO~2,2.33#:#3.5#:#3.5,3.5,2.33,1
3757,CHICKEN_FROZEN_SNACK,9,3345,0,6,0,0,0,0,CHICKEN~3#:#FROZEN~2#:#SNACK~3,3.0#:#4.5#:#3.0,4.5,3.0,1
3758,CHICKEN_GODREJ_SNACK,6,3345,0,6,0,0,0,0,CHICKEN~3#:#GODREJ~2#:#SNACK~3,2.0#:#3.0#:#2.0,3.0,2.0,1
3759,CHICKEN_SNACK_YUMMIEZ,5,3345,0,6,0,0,0,0,CHICKEN~3#:#SNACK~3#:#YUMMIEZ~2,1.67#:#1.67#:#2.5,2.5,1.67,1
3760,CHICKEN_READY#TO_SNACK,2,3345,0,6,0,0,0,0,CHICKEN~3#:#READY#TO~2#:#SNACK~3,0.67#:#1.0#:#0.67,1.0,0.67,0
3761,CHICKEN_FROZEN_GODREJ,12,3345,0,6,0,0,0,0,CHICKEN~3#:#FROZEN~2#:#GODREJ~2,4.0#:#6.0#:#6.0,6.0,4.0,1
3762,CHICKEN_COKE_FROZEN,8,3345,0,6,0,0,0,0,CHICKEN~3#:#COKE~2#:#FROZEN~2,2.67#:#4.0#:#4.0,4.0,2.67,1
3763,CHICKEN_FROZEN_YUMMIEZ,11,3345,0,6,0,0,0,0,CHICKEN~3#:#FROZEN~2#:#YUMMIEZ~2,3.67#:#5.5#:#5.5,5.5,3.67,1
3764,CHICKEN_FROZEN_READY#TO,10,3345,0,6,0,0,0,0,CHICKEN~3#:#FROZEN~2#:#READY#TO~2,3.33#:#5.0#:#5.0,5.0,3.33,1
3765,CHICKEN_COKE_GODREJ,6,3345,0,6,0,0,0,0,CHICKEN~3#:#COKE~2#:#GODREJ~2,2.0#:#3.0#:#3.0,3.0,2.0,1
3766,CHICKEN_GODREJ_YUMMIEZ,36,3345,0,6,0,0,0,0,CHICKEN~3#:#GODREJ~2#:#YUMMIEZ~2,12.0#:#18.0#:#18.0,18.0,12.0,1
3767,CHICKEN_GODREJ_READY#TO,12,3345,0,6,0,0,0,0,CHICKEN~3#:#GODREJ~2#:#READY#TO~2,4.0#:#6.0#:#6.0,6.0,4.0,1
3768,CHICKEN_COKE_YUMMIEZ,6,3345,0,6,0,0,0,0,CHICKEN~3#:#COKE~2#:#YUMMIEZ~2,2.0#:#3.0#:#3.0,3.0,2.0,1
3769,CHICKEN_READY#TO_YUMMIEZ,12,3345,0,6,0,0,0,0,CHICKEN~3#:#READY#TO~2#:#YUMMIEZ~2,4.0#:#6.0#:#6.0,6.0,4.0,1
3770,FROZEN_GODREJ_SNACK,4,3345,0,6,0,0,0,0,FROZEN~2#:#GODREJ~2#:#SNACK~3,2.0#:#2.0#:#1.33,2.0,1.33,1
3771,FROZEN_SNACK_YUMMIEZ,4,3345,0,6,0,0,0,0,FROZEN~2#:#SNACK~3#:#YUMMIEZ~2,2.0#:#1.33#:#2.0,2.0,1.33,1
3772,GODREJ_SNACK_YUMMIEZ,6,3345,0,6,0,0,0,0,GODREJ~2#:#SNACK~3#:#YUMMIEZ~2,3.0#:#2.0#:#3.0,3.0,2.0,1
3773,COKE_FROZEN_GODREJ,5,3345,0,6,0,0,0,0,COKE~2#:#FROZEN~2#:#GODREJ~2,2.5#:#2.5#:#2.5,2.5,2.5,1
3774,FROZEN_GODREJ_YUMMIEZ,11,3345,0,6,0,0,0,0,FROZEN~2#:#GODREJ~2#:#YUMMIEZ~2,5.5#:#5.5#:#5.5,5.5,5.5,1
3775,FROZEN_GODREJ_READY#TO,6,3345,0,6,0,0,0,0,FROZEN~2#:#GODREJ~2#:#READY#TO~2,3.0#:#3.0#:#3.0,3.0,3.0,1
3776,COKE_FROZEN_YUMMIEZ,5,3345,0,6,0,0,0,0,COKE~2#:#FROZEN~2#:#YUMMIEZ~2,2.5#:#2.5#:#2.5,2.5,2.5,1
3777,COKE_FROZEN_READY#TO,8,3345,0,6,0,0,0,0,COKE~2#:#FROZEN~2#:#READY#TO~2,4.0#:#4.0#:#4.0,4.0,4.0,1
3778,FROZEN_READY#TO_YUMMIEZ,6,3345,0,6,0,0,0,0,FROZEN~2#:#READY#TO~2#:#YUMMIEZ~2,3.0#:#3.0#:#3.0,3.0,3.0,1
3779,COKE_GODREJ_YUMMIEZ,6,3345,0,6,0,0,0,0,COKE~2#:#GODREJ~2#:#YUMMIEZ~2,3.0#:#3.0#:#3.0,3.0,3.0,1
3780,COKE_GODREJ_READY#TO,6,3345,0,6,0,0,0,0,COKE~2#:#GODREJ~2#:#READY#TO~2,3.0#:#3.0#:#3.0,3.0,3.0,1
3781,GODREJ_READY#TO_YUMMIEZ,12,3345,0,6,0,0,0,0,GODREJ~2#:#READY#TO~2#:#YUMMIEZ~2,6.0#:#6.0#:#6.0,6.0,6.0,1
3782,COKE_READY#TO_YUMMIEZ,6,3345,0,6,0,0,0,0,COKE~2#:#READY#TO~2#:#YUMMIEZ~2,3.0#:#3.0#:#3.0,3.0,3.0,1
3783,CHICKEN_COKE_ITALIAN,2,3345,0,6,0,0,0,0,CHICKEN~3#:#COKE~2#:#ITALIAN~2,0.67#:#1.0#:#1.0,1.0,0.67,0
3784,CHICKEN_COKE_STYLE,4,3345,0,6,0,0,0,0,CHICKEN~3#:#COKE~2#:#STYLE~2,1.33#:#2.0#:#2.0,2.0,1.33,1
3785,CHICKEN_FROZEN_ITALIAN,5,3345,0,6,0,0,0,0,CHICKEN~3#:#FROZEN~2#:#ITALIAN~2,1.67#:#2.5#:#2.5,2.5,1.67,1
3786,CHICKEN_FROZEN_STYLE,8,3345,0,6,0,0,0,0,CHICKEN~3#:#FROZEN~2#:#STYLE~2,2.67#:#4.0#:#4.0,4.0,2.67,1
3787,CHICKEN_GODREJ_ITALIAN,3,3345,0,6,0,0,0,0,CHICKEN~3#:#GODREJ~2#:#ITALIAN~2,1.0#:#1.5#:#1.5,1.5,1.0,1
3788,CHICKEN_GODREJ_STYLE,14,3345,0,6,0,0,0,0,CHICKEN~3#:#GODREJ~2#:#STYLE~2,4.67#:#7.0#:#7.0,7.0,4.67,1
3789,CHICKEN_ITALIAN_STYLE,5,3345,0,6,0,0,0,0,CHICKEN~3#:#ITALIAN~2#:#STYLE~2,1.67#:#2.5#:#2.5,2.5,1.67,1
3790,CHICKEN_ITALIAN_YUMMIEZ,3,3345,0,6,0,0,0,0,CHICKEN~3#:#ITALIAN~2#:#YUMMIEZ~2,1.0#:#1.5#:#1.5,1.5,1.0,1
3791,CHICKEN_ITALIAN_READY#TO,2,3345,0,6,0,0,0,0,CHICKEN~3#:#ITALIAN~2#:#READY#TO~2,0.67#:#1.0#:#1.0,1.0,0.67,0
3792,CHICKEN_STYLE_YUMMIEZ,14,3345,0,6,0,0,0,0,CHICKEN~3#:#STYLE~2#:#YUMMIEZ~2,4.67#:#7.0#:#7.0,7.0,4.67,1
3793,CHICKEN_READY#TO_STYLE,10,3345,0,6,0,0,0,0,CHICKEN~3#:#READY#TO~2#:#STYLE~2,3.33#:#5.0#:#5.0,5.0,3.33,1
3794,COKE_FROZEN_ITALIAN,2,3345,0,6,0,0,0,0,COKE~2#:#FROZEN~2#:#ITALIAN~2,1.0#:#1.0#:#1.0,1.0,1.0,1
3795,COKE_FROZEN_STYLE,2,3345,0,6,0,0,0,0,COKE~2#:#FROZEN~2#:#STYLE~2,1.0#:#1.0#:#1.0,1.0,1.0,1
3796,COKE_GODREJ_STYLE,2,3345,0,6,0,0,0,0,COKE~2#:#GODREJ~2#:#STYLE~2,1.0#:#1.0#:#1.0,1.0,1.0,1
3797,COKE_ITALIAN_STYLE,2,3345,0,6,0,0,0,0,COKE~2#:#ITALIAN~2#:#STYLE~2,1.0#:#1.0#:#1.0,1.0,1.0,1
3798,COKE_ITALIAN_READY#TO,2,3345,0,6,0,0,0,0,COKE~2#:#ITALIAN~2#:#READY#TO~2,1.0#:#1.0#:#1.0,1.0,1.0,1
3799,COKE_STYLE_YUMMIEZ,2,3345,0,6,0,0,0,0,COKE~2#:#STYLE~2#:#YUMMIEZ~2,1.0#:#1.0#:#1.0,1.0,1.0,1
3800,COKE_READY#TO_STYLE,4,3345,0,6,0,0,0,0,COKE~2#:#READY#TO~2#:#STYLE~2,2.0#:#2.0#:#2.0,2.0,2.0,1
3801,FROZEN_GODREJ_ITALIAN,3,3345,0,6,0,0,0,0,FROZEN~2#:#GODREJ~2#:#ITALIAN~2,1.5#:#1.5#:#1.5,1.5,1.5,1
3802,FROZEN_GODREJ_STYLE,5,3345,0,6,0,0,0,0,FROZEN~2#:#GODREJ~2#:#STYLE~2,2.5#:#2.5#:#2.5,2.5,2.5,1
3803,FROZEN_ITALIAN_STYLE,5,3345,0,6,0,0,0,0,FROZEN~2#:#ITALIAN~2#:#STYLE~2,2.5#:#2.5#:#2.5,2.5,2.5,1
3804,FROZEN_ITALIAN_YUMMIEZ,3,3345,0,6,0,0,0,0,FROZEN~2#:#ITALIAN~2#:#YUMMIEZ~2,1.5#:#1.5#:#1.5,1.5,1.5,1
3805,FROZEN_ITALIAN_READY#TO,2,3345,0,6,0,0,0,0,FROZEN~2#:#ITALIAN~2#:#READY#TO~2,1.0#:#1.0#:#1.0,1.0,1.0,1
3806,FROZEN_STYLE_YUMMIEZ,5,3345,0,6,0,0,0,0,FROZEN~2#:#STYLE~2#:#YUMMIEZ~2,2.5#:#2.5#:#2.5,2.5,2.5,1
3807,FROZEN_READY#TO_STYLE,2,3345,0,6,0,0,0,0,FROZEN~2#:#READY#TO~2#:#STYLE~2,1.0#:#1.0#:#1.0,1.0,1.0,1
3808,GODREJ_ITALIAN_STYLE,3,3345,0,6,0,0,0,0,GODREJ~2#:#ITALIAN~2#:#STYLE~2,1.5#:#1.5#:#1.5,1.5,1.5,1
3809,GODREJ_ITALIAN_YUMMIEZ,3,3345,0,6,0,0,0,0,GODREJ~2#:#ITALIAN~2#:#YUMMIEZ~2,1.5#:#1.5#:#1.5,1.5,1.5,1
3810,GODREJ_STYLE_YUMMIEZ,14,3345,0,6,0,0,0,0,GODREJ~2#:#STYLE~2#:#YUMMIEZ~2,7.0#:#7.0#:#7.0,7.0,7.0,1
3811,GODREJ_READY#TO_STYLE,7,3345,0,6,0,0,0,0,GODREJ~2#:#READY#TO~2#:#STYLE~2,3.5#:#3.5#:#3.5,3.5,3.5,1
3812,ITALIAN_STYLE_YUMMIEZ,3,3345,0,6,0,0,0,0,ITALIAN~2#:#STYLE~2#:#YUMMIEZ~2,1.5#:#1.5#:#1.5,1.5,1.5,1
3813,ITALIAN_READY#TO_STYLE,2,3345,0,6,0,0,0,0,ITALIAN~2#:#READY#TO~2#:#STYLE~2,1.0#:#1.0#:#1.0,1.0,1.0,1
3814,READY#TO_STYLE_YUMMIEZ,7,3345,0,6,0,0,0,0,READY#TO~2#:#STYLE~2#:#YUMMIEZ~2,3.5#:#3.5#:#3.5,3.5,3.5,1
3815,BURGER_CHICKEN_GODREJ,4,3345,0,6,0,0,0,0,BURGER~2#:#CHICKEN~3#:#GODREJ~2,2.0#:#1.33#:#2.0,2.0,1.33,1
3816,BURGER_CHICKEN_YUMMIEZ,4,3345,0,6,0,0,0,0,BURGER~2#:#CHICKEN~3#:#YUMMIEZ~2,2.0#:#1.33#:#2.0,2.0,1.33,1
3817,BURGER_COKE_READY#TO,3,3345,0,6,0,0,0,0,BURGER~2#:#COKE~2#:#READY#TO~2,1.5#:#1.5#:#1.5,1.5,1.5,1
3818,BURGER_GODREJ_YUMMIEZ,4,3345,0,6,0,0,0,0,BURGER~2#:#GODREJ~2#:#YUMMIEZ~2,2.0#:#2.0#:#2.0,2.0,2.0,1
3819,CHEESE_CHICKEN_SNACK,9,3345,0,6,0,0,0,0,CHEESE~3#:#CHICKEN~3#:#SNACK~3,3.0#:#3.0#:#3.0,3.0,3.0,1
3820,CHEESE_CHICKEN_JALAPENO,2,3345,0,6,0,0,0,0,CHEESE~3#:#CHICKEN~3#:#JALAPENO~2,0.67#:#0.67#:#1.0,1.0,0.67,0
3821,CHEESE_JALAPENO_SNACK,3,3345,0,6,0,0,0,0,CHEESE~3#:#JALAPENO~2#:#SNACK~3,1.0#:#1.5#:#1.0,1.5,1.0,1
3822,CHICKEN_JALAPENO_SNACK,2,3345,0,6,0,0,0,0,CHICKEN~3#:#JALAPENO~2#:#SNACK~3,0.67#:#1.0#:#0.67,1.0,0.67,0
3823,CHICKEN_CRISPY_SNACK,2,3345,0,6,0,0,0,0,CHICKEN~3#:#CRISPY~2#:#SNACK~3,0.67#:#1.0#:#0.67,1.0,0.67,0
3824,CHICKEN_SNACK_VENKY,6,3345,0,6,0,0,0,0,CHICKEN~3#:#SNACK~3#:#VENKY~2,2.0#:#2.0#:#3.0,3.0,2.0,1
3825,CHICKEN_CRISPY_FROZEN,4,3345,0,6,0,0,0,0,CHICKEN~3#:#CRISPY~2#:#FROZEN~2,1.33#:#2.0#:#2.0,2.0,1.33,1
3826,CHICKEN_FROZEN_VENKY,6,3345,0,6,0,0,0,0,CHICKEN~3#:#FROZEN~2#:#VENKY~2,2.0#:#3.0#:#3.0,3.0,2.0,1
3827,CHICKEN_CRISPY_VENKY,2,3345,0,6,0,0,0,0,CHICKEN~3#:#CRISPY~2#:#VENKY~2,0.67#:#1.0#:#1.0,1.0,0.67,0
3828,CRISPY_FROZEN_SNACK,2,3345,0,6,0,0,0,0,CRISPY~2#:#FROZEN~2#:#SNACK~3,1.0#:#1.0#:#0.67,1.0,0.67,0
3829,FROZEN_SNACK_VENKY,4,3345,0,6,0,0,0,0,FROZEN~2#:#SNACK~3#:#VENKY~2,2.0#:#1.33#:#2.0,2.0,1.33,1
3830,CRISPY_SNACK_VENKY,2,3345,0,6,0,0,0,0,CRISPY~2#:#SNACK~3#:#VENKY~2,1.0#:#0.67#:#1.0,1.0,0.67,0
3831,CRISPY_FROZEN_VENKY,2,3345,0,6,0,0,0,0,CRISPY~2#:#FROZEN~2#:#VENKY~2,1.0#:#1.0#:#1.0,1.0,1.0,1
3832,CHICKEN_FROZEN_MEAL,2,3345,0,6,0,0,0,0,CHICKEN~3#:#FROZEN~2#:#MEAL~2,0.67#:#1.0#:#1.0,1.0,0.67,0
3833,CHEF#ITC#MASTER_CHICKEN_FROZEN,5,3345,0,6,0,0,0,0,CHEF#ITC#MASTER~2#:#CHICKEN~3#:#FROZEN~2,2.5#:#1.67#:#2.5,2.5,1.67,1
3834,CHICKEN_PACK_SNACK,8,3345,1,6,0,0,0,0,CHICKEN~3#:#PACK~3#:#SNACK~3,2.67#:#2.67#:#2.67,2.67,2.67,1
3835,CHICKEN_FROZEN_PACK,6,3345,1,6,0,0,0,0,CHICKEN~3#:#FROZEN~2#:#PACK~3,2.0#:#3.0#:#2.0,3.0,2.0,1
3836,CHICKEN_GODREJ_PACK,9,3345,1,6,0,0,0,0,CHICKEN~3#:#GODREJ~2#:#PACK~3,3.0#:#4.5#:#3.0,4.5,3.0,1
3837,CHICKEN_MINT_PACK,3,3345,2,6,0,0,0,0,CHICKEN~3#:#MINT~2#:#PACK~3,1.0#:#1.5#:#1.0,1.5,1.0,1
3838,CHICKEN_CORN_PACK,2,3345,1,6,0,0,0,0,CHICKEN~3#:#CORN~2#:#PACK~3,0.67#:#1.0#:#0.67,1.0,0.67,0
3839,CHICKEN_DOG_PACK,3,3345,1,6,0,0,0,0,CHICKEN~3#:#DOG~2#:#PACK~3,1.0#:#1.5#:#1.0,1.5,1.0,1
3840,CHICKEN_PACK_YUMMIEZ,8,3345,1,6,0,0,0,0,CHICKEN~3#:#PACK~3#:#YUMMIEZ~2,2.67#:#2.67#:#4.0,4.0,2.67,1
3841,CHICKEN_CORN_SNACK,2,3345,0,6,0,0,0,0,CHICKEN~3#:#CORN~2#:#SNACK~3,0.67#:#1.0#:#0.67,1.0,0.67,0
3842,CHICKEN_DOG_SNACK,2,3345,0,6,0,0,0,0,CHICKEN~3#:#DOG~2#:#SNACK~3,0.67#:#1.0#:#0.67,1.0,0.67,0
3843,CHICKEN_FROZEN_MINT,2,3345,1,6,0,0,0,0,CHICKEN~3#:#FROZEN~2#:#MINT~2,0.67#:#1.0#:#1.0,1.0,0.67,0
3844,CHICKEN_CORN_FROZEN,4,3345,0,6,0,0,0,0,CHICKEN~3#:#CORN~2#:#FROZEN~2,1.33#:#2.0#:#2.0,2.0,1.33,1
3845,CHICKEN_DOG_FROZEN,4,3345,0,6,0,0,0,0,CHICKEN~3#:#DOG~2#:#FROZEN~2,1.33#:#2.0#:#2.0,2.0,1.33,1
3846,CHICKEN_GODREJ_MINT,4,3345,1,6,0,0,0,0,CHICKEN~3#:#GODREJ~2#:#MINT~2,1.33#:#2.0#:#2.0,2.0,1.33,1
3847,CHICKEN_CORN_MINT,2,3345,1,6,0,0,0,0,CHICKEN~3#:#CORN~2#:#MINT~2,0.67#:#1.0#:#1.0,1.0,0.67,0
3848,CHICKEN_DOG_MINT,2,3345,1,6,0,0,0,0,CHICKEN~3#:#DOG~2#:#MINT~2,0.67#:#1.0#:#1.0,1.0,0.67,0
3849,CHICKEN_MINT_YUMMIEZ,4,3345,1,6,0,0,0,0,CHICKEN~3#:#MINT~2#:#YUMMIEZ~2,1.33#:#2.0#:#2.0,2.0,1.33,1
3850,CHICKEN_CORN_DOG,4,3345,0,6,0,0,0,0,CHICKEN~3#:#CORN~2#:#DOG~2,1.33#:#2.0#:#2.0,2.0,1.33,1
3851,GODREJ_PACK_SNACK,2,3345,1,6,0,0,0,0,GODREJ~2#:#PACK~3#:#SNACK~3,1.0#:#0.67#:#0.67,1.0,0.67,0
3852,MINT_PACK_SNACK,5,3345,2,6,0,0,0,0,MINT~2#:#PACK~3#:#SNACK~3,2.5#:#1.67#:#1.67,2.5,1.67,1
3853,FROZEN_MINT_PACK,2,3345,2,6,0,0,0,0,FROZEN~2#:#MINT~2#:#PACK~3,1.0#:#1.0#:#0.67,1.0,0.67,0
3854,CORN_FROZEN_PACK,2,3345,1,6,0,0,0,0,CORN~2#:#FROZEN~2#:#PACK~3,1.0#:#1.0#:#0.67,1.0,0.67,0
3855,DOG_FROZEN_PACK,2,3345,1,6,0,0,0,0,DOG~2#:#FROZEN~2#:#PACK~3,1.0#:#1.0#:#0.67,1.0,0.67,0
3856,GODREJ_MINT_PACK,2,3345,2,6,0,0,0,0,GODREJ~2#:#MINT~2#:#PACK~3,1.0#:#1.0#:#0.67,1.0,0.67,0
3857,GODREJ_PACK_YUMMIEZ,8,3345,1,6,0,0,0,0,GODREJ~2#:#PACK~3#:#YUMMIEZ~2,4.0#:#2.67#:#4.0,4.0,2.67,1
3858,CORN_MINT_PACK,2,3345,2,6,0,0,0,0,CORN~2#:#MINT~2#:#PACK~3,1.0#:#1.0#:#0.67,1.0,0.67,0
3859,DOG_MINT_PACK,2,3345,2,6,0,0,0,0,DOG~2#:#MINT~2#:#PACK~3,1.0#:#1.0#:#0.67,1.0,0.67,0
3860,MINT_PACK_YUMMIEZ,2,3345,2,6,0,0,0,0,MINT~2#:#PACK~3#:#YUMMIEZ~2,1.0#:#0.67#:#1.0,1.0,0.67,0
3861,CORN_DOG_PACK,2,3345,1,6,0,0,0,0,CORN~2#:#DOG~2#:#PACK~3,1.0#:#1.0#:#0.67,1.0,0.67,0
3862,CORN_FROZEN_SNACK,2,3345,0,6,0,0,0,0,CORN~2#:#FROZEN~2#:#SNACK~3,1.0#:#1.0#:#0.67,1.0,0.67,0
3863,DOG_FROZEN_SNACK,2,3345,0,6,0,0,0,0,DOG~2#:#FROZEN~2#:#SNACK~3,1.0#:#1.0#:#0.67,1.0,0.67,0
3864,CORN_DOG_SNACK,2,3345,0,6,0,0,0,0,CORN~2#:#DOG~2#:#SNACK~3,1.0#:#1.0#:#0.67,1.0,0.67,0
3865,CORN_FROZEN_MINT,2,3345,1,6,0,0,0,0,CORN~2#:#FROZEN~2#:#MINT~2,1.0#:#1.0#:#1.0,1.0,1.0,1
3866,DOG_FROZEN_MINT,2,3345,1,6,0,0,0,0,DOG~2#:#FROZEN~2#:#MINT~2,1.0#:#1.0#:#1.0,1.0,1.0,1
3867,CORN_DOG_FROZEN,4,3345,0,6,0,0,0,0,CORN~2#:#DOG~2#:#FROZEN~2,2.0#:#2.0#:#2.0,2.0,2.0,1
3868,GODREJ_MINT_YUMMIEZ,4,3345,1,6,0,0,0,0,GODREJ~2#:#MINT~2#:#YUMMIEZ~2,2.0#:#2.0#:#2.0,2.0,2.0,1
3869,CORN_DOG_MINT,2,3345,1,6,0,0,0,0,CORN~2#:#DOG~2#:#MINT~2,1.0#:#1.0#:#1.0,1.0,1.0,1
3870,CHICKEN_SNACK_STYLE,6,3345,0,6,0,0,0,0,CHICKEN~3#:#SNACK~3#:#STYLE~2,2.0#:#2.0#:#3.0,3.0,2.0,1
3871,CHEF#ITC#MASTER_CHICKEN_STYLE,2,3345,0,6,0,0,0,0,CHEF#ITC#MASTER~2#:#CHICKEN~3#:#STYLE~2,1.0#:#0.67#:#1.0,1.0,0.67,0
3872,FROZEN_SNACK_STYLE,4,3345,0,6,0,0,0,0,FROZEN~2#:#SNACK~3#:#STYLE~2,2.0#:#1.33#:#2.0,2.0,1.33,1
3873,CHEF#ITC#MASTER_FROZEN_STYLE,2,3345,0,6,0,0,0,0,CHEF#ITC#MASTER~2#:#FROZEN~2#:#STYLE~2,1.0#:#1.0#:#1.0,1.0,1.0,1
3874,BITE_CHICKEN_FROZEN,3,3345,0,6,0,0,0,0,BITE~2#:#CHICKEN~3#:#FROZEN~2,1.5#:#1.0#:#1.5,1.5,1.0,1
3875,BITE_CHICKEN_GODREJ,3,3345,0,6,0,0,0,0,BITE~2#:#CHICKEN~3#:#GODREJ~2,1.5#:#1.0#:#1.5,1.5,1.0,1
3876,BITE_CHICKEN_STYLE,2,3345,0,6,0,0,0,0,BITE~2#:#CHICKEN~3#:#STYLE~2,1.0#:#0.67#:#1.0,1.0,0.67,0
3877,BITE_CHICKEN_YUMMIEZ,2,3345,0,6,0,0,0,0,BITE~2#:#CHICKEN~3#:#YUMMIEZ~2,1.0#:#0.67#:#1.0,1.0,0.67,0
3878,CHICKEN_FROZEN_SIZE,2,3345,0,6,0,0,0,0,CHICKEN~3#:#FROZEN~2#:#SIZE~2,0.67#:#1.0#:#1.0,1.0,0.67,0
3879,BITE_FROZEN_GODREJ,2,3345,0,6,0,0,0,0,BITE~2#:#FROZEN~2#:#GODREJ~2,1.0#:#1.0#:#1.0,1.0,1.0,1
3880,BITE_FROZEN_STYLE,2,3345,0,6,0,0,0,0,BITE~2#:#FROZEN~2#:#STYLE~2,1.0#:#1.0#:#1.0,1.0,1.0,1
3881,BITE_FROZEN_YUMMIEZ,2,3345,0,6,0,0,0,0,BITE~2#:#FROZEN~2#:#YUMMIEZ~2,1.0#:#1.0#:#1.0,1.0,1.0,1
3882,BITE_GODREJ_STYLE,2,3345,0,6,0,0,0,0,BITE~2#:#GODREJ~2#:#STYLE~2,1.0#:#1.0#:#1.0,1.0,1.0,1
3883,BITE_GODREJ_YUMMIEZ,2,3345,0,6,0,0,0,0,BITE~2#:#GODREJ~2#:#YUMMIEZ~2,1.0#:#1.0#:#1.0,1.0,1.0,1
3884,BITE_STYLE_YUMMIEZ,2,3345,0,6,0,0,0,0,BITE~2#:#STYLE~2#:#YUMMIEZ~2,1.0#:#1.0#:#1.0,1.0,1.0,1
3885,CHEF#ITC#MASTER_CHICKEN_READY#TO,2,3345,0,6,0,0,0,0,CHEF#ITC#MASTER~2#:#CHICKEN~3#:#READY#TO~2,1.0#:#0.67#:#1.0,1.0,0.67,0
3886,CHEF#ITC#MASTER_COKE_READY#TO,3,3345,0,6,0,0,0,0,CHEF#ITC#MASTER~2#:#COKE~2#:#READY#TO~2,1.5#:#1.5#:#1.5,1.5,1.5,1
3887,CHEF#ITC#MASTER_FROZEN_READY#TO,2,3345,0,6,0,0,0,0,CHEF#ITC#MASTER~2#:#FROZEN~2#:#READY#TO~2,1.0#:#1.0#:#1.0,1.0,1.0,1
3888,CHEF#ITC#MASTER_READY#TO_STYLE,2,3345,0,6,0,0,0,0,CHEF#ITC#MASTER~2#:#READY#TO~2#:#STYLE~2,1.0#:#1.0#:#1.0,1.0,1.0,1
3889,CHICKEN_STYLE_VENKY,2,3345,0,6,0,0,0,0,CHICKEN~3#:#STYLE~2#:#VENKY~2,0.67#:#1.0#:#1.0,1.0,0.67,0
3890,CHICKEN_COKE_VENKY,2,3345,0,6,0,0,0,0,CHICKEN~3#:#COKE~2#:#VENKY~2,0.67#:#1.0#:#1.0,1.0,0.67,0
3891,CHICKEN_READY#TO_VENKY,3,3345,0,6,0,0,0,0,CHICKEN~3#:#READY#TO~2#:#VENKY~2,1.0#:#1.5#:#1.5,1.5,1.0,1
3892,COKE_FROZEN_VENKY,2,3345,0,6,0,0,0,0,COKE~2#:#FROZEN~2#:#VENKY~2,1.0#:#1.0#:#1.0,1.0,1.0,1
3893,COKE_READY#TO_VENKY,2,3345,0,6,0,0,0,0,COKE~2#:#READY#TO~2#:#VENKY~2,1.0#:#1.0#:#1.0,1.0,1.0,1
3894,FROZEN_READY#TO_VENKY,2,3345,0,6,0,0,0,0,FROZEN~2#:#READY#TO~2#:#VENKY~2,1.0#:#1.0#:#1.0,1.0,1.0,1
3895,BITE_CHICKEN_SNACK,2,3345,0,6,0,0,0,0,BITE~2#:#CHICKEN~3#:#SNACK~3,1.0#:#0.67#:#0.67,1.0,0.67,0
3896,BONELESS_CHICKEN_FROZEN,4,3345,0,6,0,0,0,0,BONELESS~2#:#CHICKEN~3#:#FROZEN~2,2.0#:#1.33#:#2.0,2.0,1.33,1
3897,BONELESS_CHICKEN_GODREJ,2,3345,0,6,0,0,0,0,BONELESS~2#:#CHICKEN~3#:#GODREJ~2,1.0#:#0.67#:#1.0,1.0,0.67,0
3898,BITE_FROZEN_SNACK,2,3345,0,6,0,0,0,0,BITE~2#:#FROZEN~2#:#SNACK~3,1.0#:#1.0#:#0.67,1.0,0.67,0
3899,GODREJ_SNACK_STYLE,2,3345,0,6,0,0,0,0,GODREJ~2#:#SNACK~3#:#STYLE~2,1.0#:#0.67#:#1.0,1.0,0.67,0
3900,SNACK_STYLE_YUMMIEZ,2,3345,0,6,0,0,0,0,SNACK~3#:#STYLE~2#:#YUMMIEZ~2,0.67#:#1.0#:#1.0,1.0,0.67,0
3901,BONELESS_FROZEN_GODREJ,2,3345,0,6,0,0,0,0,BONELESS~2#:#FROZEN~2#:#GODREJ~2,1.0#:#1.0#:#1.0,1.0,1.0,1
3902,CHEF#ITC#MASTER_CHICKEN_CRISPY,2,3345,0,6,0,0,0,0,CHEF#ITC#MASTER~2#:#CHICKEN~3#:#CRISPY~2,1.0#:#0.67#:#1.0,1.0,0.67,0
3903,CHEF#ITC#MASTER_CRISPY_FROZEN,2,3345,0,6,0,0,0,0,CHEF#ITC#MASTER~2#:#CRISPY~2#:#FROZEN~2,1.0#:#1.0#:#1.0,1.0,1.0,1
3904,CHICKEN_SNACK_SPICY,2,3345,0,6,0,0,0,0,CHICKEN~3#:#SNACK~3#:#SPICY~2,0.67#:#0.67#:#1.0,1.0,0.67,0
3905,CHICKEN_GODREJ_SPICY,2,3345,0,6,0,0,0,0,CHICKEN~3#:#GODREJ~2#:#SPICY~2,0.67#:#1.0#:#1.0,1.0,0.67,0
3906,CHICKEN_GODREJ_WINGS,2,3345,0,6,0,0,0,0,CHICKEN~3#:#GODREJ~2#:#WINGS~2,0.67#:#1.0#:#1.0,1.0,0.67,0
3907,CHICKEN_FROZEN_SPICY,2,3345,0,6,0,0,0,0,CHICKEN~3#:#FROZEN~2#:#SPICY~2,0.67#:#1.0#:#1.0,1.0,0.67,0
3908,CHICKEN_FROZEN_WINGS,5,3345,0,6,0,0,0,0,CHICKEN~3#:#FROZEN~2#:#WINGS~2,1.67#:#2.5#:#2.5,2.5,1.67,1
3909,CHICKEN_SPICY_STYLE,3,3345,0,6,0,0,0,0,CHICKEN~3#:#SPICY~2#:#STYLE~2,1.0#:#1.5#:#1.5,1.5,1.0,1
3910,CHICKEN_SPICY_WINGS,3,3345,0,6,0,0,0,0,CHICKEN~3#:#SPICY~2#:#WINGS~2,1.0#:#1.5#:#1.5,1.5,1.0,1
3911,CHICKEN_SPICY_YUMMIEZ,2,3345,0,6,0,0,0,0,CHICKEN~3#:#SPICY~2#:#YUMMIEZ~2,0.67#:#1.0#:#1.0,1.0,0.67,0
3912,CHICKEN_STYLE_WINGS,2,3345,0,6,0,0,0,0,CHICKEN~3#:#STYLE~2#:#WINGS~2,0.67#:#1.0#:#1.0,1.0,0.67,0
3913,CHICKEN_WINGS_YUMMIEZ,2,3345,0,6,0,0,0,0,CHICKEN~3#:#WINGS~2#:#YUMMIEZ~2,0.67#:#1.0#:#1.0,1.0,0.67,0
3914,SNACK_SPICY_STYLE,2,3345,0,6,0,0,0,0,SNACK~3#:#SPICY~2#:#STYLE~2,0.67#:#1.0#:#1.0,1.0,0.67,0
3915,GODREJ_SPICY_YUMMIEZ,2,3345,0,6,0,0,0,0,GODREJ~2#:#SPICY~2#:#YUMMIEZ~2,1.0#:#1.0#:#1.0,1.0,1.0,1
3916,GODREJ_WINGS_YUMMIEZ,2,3345,0,6,0,0,0,0,GODREJ~2#:#WINGS~2#:#YUMMIEZ~2,1.0#:#1.0#:#1.0,1.0,1.0,1
3917,FROZEN_SPICY_WINGS,2,3345,0,6,0,0,0,0,FROZEN~2#:#SPICY~2#:#WINGS~2,1.0#:#1.0#:#1.0,1.0,1.0,1
3918,CHICKEN_MEAL_READY#TO,2,3345,0,6,0,0,0,0,CHICKEN~3#:#MEAL~2#:#READY#TO~2,0.67#:#1.0#:#1.0,1.0,0.67,0
3919,CHICKEN_READY#TO_SAUCE,2,3345,0,6,0,0,0,0,CHICKEN~3#:#READY#TO~2#:#SAUCE~2,0.67#:#1.0#:#1.0,1.0,0.67,0
3920,COKE_MEAL_READY#TO,2,3345,0,6,0,0,0,0,COKE~2#:#MEAL~2#:#READY#TO~2,1.0#:#1.0#:#1.0,1.0,1.0,1
3921,BREAST_CHICKEN_FROZEN,3,3345,0,6,0,0,0,0,BREAST~2#:#CHICKEN~3#:#FROZEN~2,1.5#:#1.0#:#1.5,1.5,1.0,1
3922,BREAST_CHICKEN_VENKY,2,3345,0,6,0,0,0,0,BREAST~2#:#CHICKEN~3#:#VENKY~2,1.0#:#0.67#:#1.0,1.0,0.67,0
3923,BURGER_CHICKEN_MINT,2,3345,1,6,0,0,0,0,BURGER~2#:#CHICKEN~3#:#MINT~2,1.0#:#0.67#:#1.0,1.0,0.67,0
3924,CHICKEN_MINT_STYLE,2,3345,1,6,0,0,0,0,CHICKEN~3#:#MINT~2#:#STYLE~2,0.67#:#1.0#:#1.0,1.0,0.67,0
3925,BURGER_GODREJ_MINT,2,3345,1,6,0,0,0,0,BURGER~2#:#GODREJ~2#:#MINT~2,1.0#:#1.0#:#1.0,1.0,1.0,1
3926,BURGER_MINT_YUMMIEZ,2,3345,1,6,0,0,0,0,BURGER~2#:#MINT~2#:#YUMMIEZ~2,1.0#:#1.0#:#1.0,1.0,1.0,1
3927,GODREJ_MINT_STYLE,2,3345,1,6,0,0,0,0,GODREJ~2#:#MINT~2#:#STYLE~2,1.0#:#1.0#:#1.0,1.0,1.0,1
3928,MINT_STYLE_YUMMIEZ,2,3345,1,6,0,0,0,0,MINT~2#:#STYLE~2#:#YUMMIEZ~2,1.0#:#1.0#:#1.0,1.0,1.0,1
3929,AND_BURGER_CHEESE,2,3345,0,6,0,0,0,0,AND~2#:#BURGER~2#:#CHEESE~3,1.0#:#1.0#:#0.67,1.0,0.67,0
3930,BURGER_CHEESE_COKE,2,3345,0,6,0,0,0,0,BURGER~2#:#CHEESE~3#:#COKE~2,1.0#:#0.67#:#1.0,1.0,0.67,0
3931,BURGER_CHEESE_CHEF#ITC#MASTER,2,3345,0,6,0,0,0,0,BURGER~2#:#CHEESE~3#:#CHEF#ITC#MASTER~2,1.0#:#0.67#:#1.0,1.0,0.67,0
3932,BURGER_CHEESE_READY#TO,2,3345,0,6,0,0,0,0,BURGER~2#:#CHEESE~3#:#READY#TO~2,1.0#:#0.67#:#1.0,1.0,0.67,0
3933,AND_CHEESE_COKE,2,3345,0,6,0,0,0,0,AND~2#:#CHEESE~3#:#COKE~2,1.0#:#0.67#:#1.0,1.0,0.67,0
3934,AND_CHEESE_WITH,2,3345,1,6,0,0,0,0,AND~2#:#CHEESE~3#:#WITH~2,1.0#:#0.67#:#1.0,1.0,0.67,0
3935,AND_CHEESE_CHEF#ITC#MASTER,2,3345,0,6,0,0,0,0,AND~2#:#CHEESE~3#:#CHEF#ITC#MASTER~2,1.0#:#0.67#:#1.0,1.0,0.67,0
3936,AND_CHEESE_READY#TO,2,3345,0,6,0,0,0,0,AND~2#:#CHEESE~3#:#READY#TO~2,1.0#:#0.67#:#1.0,1.0,0.67,0
3937,CHEESE_CHEF#ITC#MASTER_COKE,2,3345,0,6,0,0,0,0,CHEESE~3#:#CHEF#ITC#MASTER~2#:#COKE~2,0.67#:#1.0#:#1.0,1.0,0.67,0
3938,CHEESE_COKE_READY#TO,2,3345,0,6,0,0,0,0,CHEESE~3#:#COKE~2#:#READY#TO~2,0.67#:#1.0#:#1.0,1.0,0.67,0
3939,CHEESE_CHEF#ITC#MASTER_READY#TO,2,3345,0,6,0,0,0,0,CHEESE~3#:#CHEF#ITC#MASTER~2#:#READY#TO~2,0.67#:#1.0#:#1.0,1.0,0.67,0
3940,AND_BURGER_COKE,2,3345,0,6,0,0,0,0,AND~2#:#BURGER~2#:#COKE~2,1.0#:#1.0#:#1.0,1.0,1.0,1
3941,AND_BURGER_CHEF#ITC#MASTER,2,3345,0,6,0,0,0,0,AND~2#:#BURGER~2#:#CHEF#ITC#MASTER~2,1.0#:#1.0#:#1.0,1.0,1.0,1
3942,AND_BURGER_READY#TO,2,3345,0,6,0,0,0,0,AND~2#:#BURGER~2#:#READY#TO~2,1.0#:#1.0#:#1.0,1.0,1.0,1
3943,BURGER_CHEF#ITC#MASTER_COKE,2,3345,0,6,0,0,0,0,BURGER~2#:#CHEF#ITC#MASTER~2#:#COKE~2,1.0#:#1.0#:#1.0,1.0,1.0,1
3944,BURGER_CHEF#ITC#MASTER_READY#TO,2,3345,0,6,0,0,0,0,BURGER~2#:#CHEF#ITC#MASTER~2#:#READY#TO~2,1.0#:#1.0#:#1.0,1.0,1.0,1
3945,AND_COKE_WITH,2,3345,1,6,0,0,0,0,AND~2#:#COKE~2#:#WITH~2,1.0#:#1.0#:#1.0,1.0,1.0,1
3946,AND_CHEF#ITC#MASTER_COKE,2,3345,0,6,0,0,0,0,AND~2#:#CHEF#ITC#MASTER~2#:#COKE~2,1.0#:#1.0#:#1.0,1.0,1.0,1
3947,AND_COKE_READY#TO,3,3345,0,6,0,0,0,0,AND~2#:#COKE~2#:#READY#TO~2,1.5#:#1.5#:#1.5,1.5,1.5,1
3948,AND_CHEF#ITC#MASTER_WITH,3,3345,1,6,0,0,0,0,AND~2#:#CHEF#ITC#MASTER~2#:#WITH~2,1.5#:#1.5#:#1.5,1.5,1.5,1
3949,AND_READY#TO_WITH,2,3345,1,6,0,0,0,0,AND~2#:#READY#TO~2#:#WITH~2,1.0#:#1.0#:#1.0,1.0,1.0,1
3950,AND_CHEF#ITC#MASTER_READY#TO,2,3345,0,6,0,0,0,0,AND~2#:#CHEF#ITC#MASTER~2#:#READY#TO~2,1.0#:#1.0#:#1.0,1.0,1.0,1
3951,COKE_READY#TO_WITH,3,3345,1,6,0,0,0,0,COKE~2#:#READY#TO~2#:#WITH~2,1.5#:#1.5#:#1.5,1.5,1.5,1
3952,CHICKEN_COKE_CUTS,2,3345,0,6,0,0,0,0,CHICKEN~3#:#COKE~2#:#CUTS~2,0.67#:#1.0#:#1.0,1.0,0.67,0
3953,CHICKEN_COKE_LICIOUS,6,3345,0,6,0,0,0,0,CHICKEN~3#:#COKE~2#:#LICIOUS~2,2.0#:#3.0#:#3.0,3.0,2.0,1
3954,CHICKEN_COKE_MARINADE,2,3345,0,6,0,0,0,0,CHICKEN~3#:#COKE~2#:#MARINADE~2,0.67#:#1.0#:#1.0,1.0,0.67,0
3955,CHICKEN_CUTS_LICIOUS,12,3345,0,6,0,0,0,0,CHICKEN~3#:#CUTS~2#:#LICIOUS~2,4.0#:#6.0#:#6.0,6.0,4.0,1
3956,CHICKEN_CUTS_MARINADE,2,3345,0,6,0,0,0,0,CHICKEN~3#:#CUTS~2#:#MARINADE~2,0.67#:#1.0#:#1.0,1.0,0.67,0
3957,CHICKEN_CUTS_SPICY,2,3345,0,6,0,0,0,0,CHICKEN~3#:#CUTS~2#:#SPICY~2,0.67#:#1.0#:#1.0,1.0,0.67,0
3958,CHICKEN_CUTS_WINGS,4,3345,0,6,0,0,0,0,CHICKEN~3#:#CUTS~2#:#WINGS~2,1.33#:#2.0#:#2.0,2.0,1.33,1
3959,CHICKEN_CUTS_READY#TO,3,3345,0,6,0,0,0,0,CHICKEN~3#:#CUTS~2#:#READY#TO~2,1.0#:#1.5#:#1.5,1.5,1.0,1
3960,CHICKEN_LICIOUS_MARINADE,4,3345,0,6,0,0,0,0,CHICKEN~3#:#LICIOUS~2#:#MARINADE~2,1.33#:#2.0#:#2.0,2.0,1.33,1
3961,CHICKEN_LICIOUS_SPICY,2,3345,0,6,0,0,0,0,CHICKEN~3#:#LICIOUS~2#:#SPICY~2,0.67#:#1.0#:#1.0,1.0,0.67,0
3962,CHICKEN_LICIOUS_WINGS,2,3345,0,6,0,0,0,0,CHICKEN~3#:#LICIOUS~2#:#WINGS~2,0.67#:#1.0#:#1.0,1.0,0.67,0
3963,CHICKEN_LICIOUS_READY#TO,7,3345,0,6,0,0,0,0,CHICKEN~3#:#LICIOUS~2#:#READY#TO~2,2.33#:#3.5#:#3.5,3.5,2.33,1
3964,CHICKEN_MARINADE_WINGS,2,3345,0,6,0,0,0,0,CHICKEN~3#:#MARINADE~2#:#WINGS~2,0.67#:#1.0#:#1.0,1.0,0.67,0
3965,CHICKEN_MARINADE_READY#TO,2,3345,0,6,0,0,0,0,CHICKEN~3#:#MARINADE~2#:#READY#TO~2,0.67#:#1.0#:#1.0,1.0,0.67,0
3966,CHICKEN_READY#TO_SPICY,2,3345,0,6,0,0,0,0,CHICKEN~3#:#READY#TO~2#:#SPICY~2,0.67#:#1.0#:#1.0,1.0,0.67,0
3967,COKE_CUTS_LICIOUS,2,3345,0,6,0,0,0,0,COKE~2#:#CUTS~2#:#LICIOUS~2,1.0#:#1.0#:#1.0,1.0,1.0,1
3968,COKE_CUTS_READY#TO,5,3345,0,6,0,0,0,0,COKE~2#:#CUTS~2#:#READY#TO~2,2.5#:#2.5#:#2.5,2.5,2.5,1
3969,COKE_LICIOUS_MARINADE,2,3345,0,6,0,0,0,0,COKE~2#:#LICIOUS~2#:#MARINADE~2,1.0#:#1.0#:#1.0,1.0,1.0,1
3970,COKE_LICIOUS_READY#TO,6,3345,0,6,0,0,0,0,COKE~2#:#LICIOUS~2#:#READY#TO~2,3.0#:#3.0#:#3.0,3.0,3.0,1
3971,COKE_MARINADE_READY#TO,2,3345,0,6,0,0,0,0,COKE~2#:#MARINADE~2#:#READY#TO~2,1.0#:#1.0#:#1.0,1.0,1.0,1
3972,CUTS_LICIOUS_READY#TO,2,3345,0,6,0,0,0,0,CUTS~2#:#LICIOUS~2#:#READY#TO~2,1.0#:#1.0#:#1.0,1.0,1.0,1
3973,CUTS_SPICY_WINGS,2,3345,0,6,0,0,0,0,CUTS~2#:#SPICY~2#:#WINGS~2,1.0#:#1.0#:#1.0,1.0,1.0,1
3974,LICIOUS_MARINADE_READY#TO,2,3345,0,6,0,0,0,0,LICIOUS~2#:#MARINADE~2#:#READY#TO~2,1.0#:#1.0#:#1.0,1.0,1.0,1
3975,CUTS_FRESH_LICIOUS,4,3345,1,6,0,0,0,0,CUTS~2#:#FRESH~3#:#LICIOUS~2,2.0#:#1.33#:#2.0,2.0,1.33,1
3976,CUTS_FRESH_MEAL,3,3345,1,6,0,0,0,0,CUTS~2#:#FRESH~3#:#MEAL~2,1.5#:#1.0#:#1.5,1.5,1.0,1
3977,CUTS_FRESH_PREMIUM,4,3345,1,6,0,0,0,0,CUTS~2#:#FRESH~3#:#PREMIUM~2,2.0#:#1.33#:#2.0,2.0,1.33,1
3978,FRESH_LICIOUS_MEAL,2,3345,1,6,0,0,0,0,FRESH~3#:#LICIOUS~2#:#MEAL~2,0.67#:#1.0#:#1.0,1.0,0.67,0
3979,FRESH_LICIOUS_PREMIUM,2,3345,1,6,0,0,0,0,FRESH~3#:#LICIOUS~2#:#PREMIUM~2,0.67#:#1.0#:#1.0,1.0,0.67,0
3980,FRESH_MEAL_PREMIUM,3,3345,1,6,0,0,0,0,FRESH~3#:#MEAL~2#:#PREMIUM~2,1.0#:#1.5#:#1.5,1.5,1.0,1
3981,CUTS_LICIOUS_PREMIUM,6,3345,0,6,0,0,0,0,CUTS~2#:#LICIOUS~2#:#PREMIUM~2,3.0#:#3.0#:#3.0,3.0,3.0,1
3982,CUTS_MEAL_PREMIUM,3,3345,0,6,0,0,0,0,CUTS~2#:#MEAL~2#:#PREMIUM~2,1.5#:#1.5#:#1.5,1.5,1.5,1
3983,APPLE_SNACK_SWEET,2,3345,2,6,0,0,0,0,APPLE~2#:#SNACK~3#:#SWEET~2,1.0#:#0.67#:#1.0,1.0,0.67,0
3984,CHICKEN_CUTS_FRESH,10,3345,1,6,0,0,0,0,CHICKEN~3#:#CUTS~2#:#FRESH~3,3.33#:#5.0#:#3.33,5.0,3.33,1
3985,CHICKEN_FRESH_GODREJ,2,3345,1,6,0,0,0,0,CHICKEN~3#:#FRESH~3#:#GODREJ~2,0.67#:#0.67#:#1.0,1.0,0.67,0
3986,CHICKEN_FRESH_MARINADE,2,3345,1,6,0,0,0,0,CHICKEN~3#:#FRESH~3#:#MARINADE~2,0.67#:#0.67#:#1.0,1.0,0.67,0
3987,CHICKEN_FRESH_RAW,2,3345,1,6,0,0,0,0,CHICKEN~3#:#FRESH~3#:#RAW~2,0.67#:#0.67#:#1.0,1.0,0.67,0
3988,CHICKEN_FRESH_YUMMIEZ,2,3345,1,6,0,0,0,0,CHICKEN~3#:#FRESH~3#:#YUMMIEZ~2,0.67#:#0.67#:#1.0,1.0,0.67,0
3989,CHICKEN_CUTS_GODREJ,3,3345,0,6,0,0,0,0,CHICKEN~3#:#CUTS~2#:#GODREJ~2,1.0#:#1.5#:#1.5,1.5,1.0,1
3990,CHICKEN_CUTS_YUMMIEZ,3,3345,0,6,0,0,0,0,CHICKEN~3#:#CUTS~2#:#YUMMIEZ~2,1.0#:#1.5#:#1.5,1.5,1.0,1
3991,BABY_CHICKEN_MARINADE,2,3345,1,6,0,0,0,0,BABY~2#:#CHICKEN~3#:#MARINADE~2,1.0#:#0.67#:#1.0,1.0,0.67,0
3992,FRESH_GODREJ_YUMMIEZ,2,3345,1,6,0,0,0,0,FRESH~3#:#GODREJ~2#:#YUMMIEZ~2,0.67#:#1.0#:#1.0,1.0,0.67,0
3993,CUTS_GODREJ_YUMMIEZ,3,3345,0,6,0,0,0,0,CUTS~2#:#GODREJ~2#:#YUMMIEZ~2,1.5#:#1.5#:#1.5,1.5,1.5,1
3994,CHICKEN_LICIOUS_WITH,2,3345,1,6,0,0,0,0,CHICKEN~3#:#LICIOUS~2#:#WITH~2,0.67#:#1.0#:#1.0,1.0,0.67,0
3995,COKE_VEGETABLE_WITH,2,3345,1,6,0,0,0,0,COKE~2#:#VEGETABLE~2#:#WITH~2,1.0#:#1.0#:#1.0,1.0,1.0,1
3996,COKE_READY#TO_VEGETABLE,4,3345,0,6,0,0,0,0,COKE~2#:#READY#TO~2#:#VEGETABLE~2,2.0#:#2.0#:#2.0,2.0,2.0,1
3997,READY#TO_VEGETABLE_WITH,2,3345,1,6,0,0,0,0,READY#TO~2#:#VEGETABLE~2#:#WITH~2,1.0#:#1.0#:#1.0,1.0,1.0,1
3998,CHICKEN_FRESH_SAUSAGE,3,3345,1,6,0,0,0,0,CHICKEN~3#:#FRESH~3#:#SAUSAGE~2,1.0#:#1.0#:#1.5,1.5,1.0,1
3999,CHICKEN_FRESH_STYLE,8,3345,1,6,0,0,0,0,CHICKEN~3#:#FRESH~3#:#STYLE~2,2.67#:#2.67#:#4.0,4.0,2.67,1
4000,CHICKEN_FRESH_VENKY,2,3345,1,6,0,0,0,0,CHICKEN~3#:#FRESH~3#:#VENKY~2,0.67#:#0.67#:#1.0,1.0,0.67,0
4001,CHICKEN_SAUSAGE_STYLE,4,3345,0,6,0,0,0,0,CHICKEN~3#:#SAUSAGE~2#:#STYLE~2,1.33#:#2.0#:#2.0,2.0,1.33,1
4002,CHICKEN_SAUSAGE_VENKY,5,3345,0,6,0,0,0,0,CHICKEN~3#:#SAUSAGE~2#:#VENKY~2,1.67#:#2.5#:#2.5,2.5,1.67,1
4003,CHICKEN_GODREJ_SAUSAGE,9,3345,0,6,0,0,0,0,CHICKEN~3#:#GODREJ~2#:#SAUSAGE~2,3.0#:#4.5#:#4.5,4.5,3.0,1
4004,CHICKEN_ITALIAN_SAUSAGE,2,3345,0,6,0,0,0,0,CHICKEN~3#:#ITALIAN~2#:#SAUSAGE~2,0.67#:#1.0#:#1.0,1.0,0.67,0
4005,CHICKEN_MILD_SAUSAGE,2,3345,0,6,0,0,0,0,CHICKEN~3#:#MILD~2#:#SAUSAGE~2,0.67#:#1.0#:#1.0,1.0,0.67,0
4006,CHICKEN_SAUSAGE_YUMMIEZ,6,3345,0,6,0,0,0,0,CHICKEN~3#:#SAUSAGE~2#:#YUMMIEZ~2,2.0#:#3.0#:#3.0,3.0,2.0,1
4007,GODREJ_SAUSAGE_YUMMIEZ,7,3345,0,6,0,0,0,0,GODREJ~2#:#SAUSAGE~2#:#YUMMIEZ~2,3.5#:#3.5#:#3.5,3.5,3.5,1
4008,CHICKEN_FLAVOUR_SAUSAGE,2,3345,1,6,0,0,0,0,CHICKEN~3#:#FLAVOUR~3#:#SAUSAGE~2,0.67#:#0.67#:#1.0,1.0,0.67,0
4009,CHICKEN_FLAVOUR_SMOKE,2,3345,1,6,0,0,0,0,CHICKEN~3#:#FLAVOUR~3#:#SMOKE~2,0.67#:#0.67#:#1.0,1.0,0.67,0
4010,CHICKEN_FLAVOUR_SPICY,2,3345,1,6,0,0,0,0,CHICKEN~3#:#FLAVOUR~3#:#SPICY~2,0.67#:#0.67#:#1.0,1.0,0.67,0
4011,CHICKEN_GODREJ_SMOKE,6,3345,0,6,0,0,0,0,CHICKEN~3#:#GODREJ~2#:#SMOKE~2,2.0#:#3.0#:#3.0,3.0,2.0,1
4012,CHICKEN_SAUSAGE_SMOKE,12,3345,0,6,0,0,0,0,CHICKEN~3#:#SAUSAGE~2#:#SMOKE~2,4.0#:#6.0#:#6.0,6.0,4.0,1
4013,CHICKEN_SAUSAGE_SPICY,4,3345,0,6,0,0,0,0,CHICKEN~3#:#SAUSAGE~2#:#SPICY~2,1.33#:#2.0#:#2.0,2.0,1.33,1
4014,CHICKEN_SMOKE_SPICY,2,3345,0,6,0,0,0,0,CHICKEN~3#:#SMOKE~2#:#SPICY~2,0.67#:#1.0#:#1.0,1.0,0.67,0
4015,CHICKEN_SMOKE_YUMMIEZ,5,3345,0,6,0,0,0,0,CHICKEN~3#:#SMOKE~2#:#YUMMIEZ~2,1.67#:#2.5#:#2.5,2.5,1.67,1
4016,GODREJ_SAUSAGE_SMOKE,2,3345,0,6,0,0,0,0,GODREJ~2#:#SAUSAGE~2#:#SMOKE~2,1.0#:#1.0#:#1.0,1.0,1.0,1
4017,GODREJ_SMOKE_YUMMIEZ,5,3345,0,6,0,0,0,0,GODREJ~2#:#SMOKE~2#:#YUMMIEZ~2,2.5#:#2.5#:#2.5,2.5,2.5,1
4018,SAUSAGE_SMOKE_SPICY,2,3345,0,6,0,0,0,0,SAUSAGE~2#:#SMOKE~2#:#SPICY~2,1.0#:#1.0#:#1.0,1.0,1.0,1
4019,CUTS_FRESH_GOAT,2,3345,1,6,0,0,0,0,CUTS~2#:#FRESH~3#:#GOAT~2,1.0#:#0.67#:#1.0,1.0,0.67,0
4020,FRESH_GOAT_LICIOUS,2,3345,1,6,0,0,0,0,FRESH~3#:#GOAT~2#:#LICIOUS~2,0.67#:#1.0#:#1.0,1.0,0.67,0
4021,CUTS_GOAT_LICIOUS,2,3345,0,6,0,0,0,0,CUTS~2#:#GOAT~2#:#LICIOUS~2,1.0#:#1.0#:#1.0,1.0,1.0,1
4022,CUTS_GOAT_PREMIUM,2,3345,0,6,0,0,0,0,CUTS~2#:#GOAT~2#:#PREMIUM~2,1.0#:#1.0#:#1.0,1.0,1.0,1
4023,GOAT_LICIOUS_PREMIUM,2,3345,0,6,0,0,0,0,GOAT~2#:#LICIOUS~2#:#PREMIUM~2,1.0#:#1.0#:#1.0,1.0,1.0,1
4024,BONELESS_CHICKEN_CUTS,6,3345,0,6,0,0,0,0,BONELESS~2#:#CHICKEN~3#:#CUTS~2,3.0#:#2.0#:#3.0,3.0,2.0,1
4025,BONELESS_CHICKEN_LICIOUS,10,3345,0,6,0,0,0,0,BONELESS~2#:#CHICKEN~3#:#LICIOUS~2,5.0#:#3.33#:#5.0,5.0,3.33,1
4026,BONELESS_CHICKEN_PREMIUM,3,3345,0,6,0,0,0,0,BONELESS~2#:#CHICKEN~3#:#PREMIUM~2,1.5#:#1.0#:#1.5,1.5,1.0,1
4027,CHICKEN_CUTS_PREMIUM,4,3345,0,6,0,0,0,0,CHICKEN~3#:#CUTS~2#:#PREMIUM~2,1.33#:#2.0#:#2.0,2.0,1.33,1
4028,CHICKEN_LICIOUS_PREMIUM,4,3345,0,6,0,0,0,0,CHICKEN~3#:#LICIOUS~2#:#PREMIUM~2,1.33#:#2.0#:#2.0,2.0,1.33,1
4029,BONELESS_CUTS_LICIOUS,2,3345,0,6,0,0,0,0,BONELESS~2#:#CUTS~2#:#LICIOUS~2,1.0#:#1.0#:#1.0,1.0,1.0,1
4030,BONELESS_CUTS_PREMIUM,2,3345,0,6,0,0,0,0,BONELESS~2#:#CUTS~2#:#PREMIUM~2,1.0#:#1.0#:#1.0,1.0,1.0,1
4031,BONELESS_LICIOUS_PREMIUM,2,3345,0,6,0,0,0,0,BONELESS~2#:#LICIOUS~2#:#PREMIUM~2,1.0#:#1.0#:#1.0,1.0,1.0,1
4032,BONELESS_CHICKEN_FRESH,3,3345,1,6,0,0,0,0,BONELESS~2#:#CHICKEN~3#:#FRESH~3,1.5#:#1.0#:#1.0,1.5,1.0,1
4033,BREAST_CHICKEN_FRESH,4,3345,1,6,0,0,0,0,BREAST~2#:#CHICKEN~3#:#FRESH~3,2.0#:#1.33#:#1.33,2.0,1.33,1
4034,CHICKEN_FRESH_LICIOUS,5,3345,1,6,0,0,0,0,CHICKEN~3#:#FRESH~3#:#LICIOUS~2,1.67#:#1.67#:#2.5,2.5,1.67,1
4035,BONELESS_BREAST_CHICKEN,17,3345,0,6,0,0,0,0,BONELESS~2#:#BREAST~2#:#CHICKEN~3,8.5#:#8.5#:#5.67,8.5,5.67,1
4036,BREAST_CHICKEN_LICIOUS,7,3345,0,6,0,0,0,0,BREAST~2#:#CHICKEN~3#:#LICIOUS~2,3.5#:#2.33#:#3.5,3.5,2.33,1
4037,BONELESS_BREAST_FRESH,3,3345,1,6,0,0,0,0,BONELESS~2#:#BREAST~2#:#FRESH~3,1.5#:#1.5#:#1.0,1.5,1.0,1
4038,BONELESS_FRESH_LICIOUS,2,3345,1,6,0,0,0,0,BONELESS~2#:#FRESH~3#:#LICIOUS~2,1.0#:#0.67#:#1.0,1.0,0.67,0
4039,BREAST_FRESH_LICIOUS,2,3345,1,6,0,0,0,0,BREAST~2#:#FRESH~3#:#LICIOUS~2,1.0#:#0.67#:#1.0,1.0,0.67,0
4040,BONELESS_BREAST_LICIOUS,6,3345,0,6,0,0,0,0,BONELESS~2#:#BREAST~2#:#LICIOUS~2,3.0#:#3.0#:#3.0,3.0,3.0,1
4041,CHICKEN_COKE_FRESH,2,3345,1,6,0,0,0,0,CHICKEN~3#:#COKE~2#:#FRESH~3,0.67#:#1.0#:#0.67,1.0,0.67,0
4042,CHICKEN_FRESH_SLICED,6,3345,1,6,0,0,0,0,CHICKEN~3#:#FRESH~3#:#SLICED~2,2.0#:#2.0#:#3.0,3.0,2.0,1
4043,CHICKEN_FRESH_READY#TO,3,3345,1,6,0,0,0,0,CHICKEN~3#:#FRESH~3#:#READY#TO~2,1.0#:#1.0#:#1.5,1.5,1.0,1
4044,BONELESS_CHICKEN_THIN,3,3345,0,6,0,0,0,0,BONELESS~2#:#CHICKEN~3#:#THIN~2,1.5#:#1.0#:#1.5,1.5,1.0,1
4045,CHICKEN_COKE_THIN,2,3345,0,6,0,0,0,0,CHICKEN~3#:#COKE~2#:#THIN~2,0.67#:#1.0#:#1.0,1.0,0.67,0
4046,BREAST_CHICKEN_SLICED,3,3345,0,6,0,0,0,0,BREAST~2#:#CHICKEN~3#:#SLICED~2,1.5#:#1.0#:#1.5,1.5,1.0,1
4047,BREAST_CHICKEN_THIN,4,3345,0,6,0,0,0,0,BREAST~2#:#CHICKEN~3#:#THIN~2,2.0#:#1.33#:#2.0,2.0,1.33,1
4048,CHICKEN_LICIOUS_THIN,2,3345,0,6,0,0,0,0,CHICKEN~3#:#LICIOUS~2#:#THIN~2,0.67#:#1.0#:#1.0,1.0,0.67,0
4049,CHICKEN_SLICED_THIN,2,3345,0,6,0,0,0,0,CHICKEN~3#:#SLICED~2#:#THIN~2,0.67#:#1.0#:#1.0,1.0,0.67,0
4050,CHICKEN_READY#TO_SLICED,3,3345,0,6,0,0,0,0,CHICKEN~3#:#READY#TO~2#:#SLICED~2,1.0#:#1.5#:#1.5,1.5,1.0,1
4051,CHICKEN_READY#TO_THIN,2,3345,0,6,0,0,0,0,CHICKEN~3#:#READY#TO~2#:#THIN~2,0.67#:#1.0#:#1.0,1.0,0.67,0
4052,COKE_FRESH_LICIOUS,2,3345,1,6,0,0,0,0,COKE~2#:#FRESH~3#:#LICIOUS~2,1.0#:#0.67#:#1.0,1.0,0.67,0
4053,COKE_FRESH_READY#TO,4,3345,1,6,0,0,0,0,COKE~2#:#FRESH~3#:#READY#TO~2,2.0#:#1.33#:#2.0,2.0,1.33,1
4054,BREAST_FRESH_SLICED,2,3345,1,6,0,0,0,0,BREAST~2#:#FRESH~3#:#SLICED~2,1.0#:#0.67#:#1.0,1.0,0.67,0
4055,FRESH_LICIOUS_READY#TO,2,3345,1,6,0,0,0,0,FRESH~3#:#LICIOUS~2#:#READY#TO~2,0.67#:#1.0#:#1.0,1.0,0.67,0
4056,BONELESS_BREAST_THIN,2,3345,0,6,0,0,0,0,BONELESS~2#:#BREAST~2#:#THIN~2,1.0#:#1.0#:#1.0,1.0,1.0,1
4057,COKE_LICIOUS_THIN,2,3345,0,6,0,0,0,0,COKE~2#:#LICIOUS~2#:#THIN~2,1.0#:#1.0#:#1.0,1.0,1.0,1
4058,COKE_READY#TO_THIN,2,3345,0,6,0,0,0,0,COKE~2#:#READY#TO~2#:#THIN~2,1.0#:#1.0#:#1.0,1.0,1.0,1
4059,LICIOUS_READY#TO_THIN,2,3345,0,6,0,0,0,0,LICIOUS~2#:#READY#TO~2#:#THIN~2,1.0#:#1.0#:#1.0,1.0,1.0,1
4060,CHICKEN_FRESH_MIX,2,3345,1,6,0,0,0,0,CHICKEN~3#:#FRESH~3#:#MIX~2,0.67#:#0.67#:#1.0,1.0,0.67,0
4061,BREAKFAST_CHICKEN_SAUSAGE,4,3345,0,6,0,0,0,0,BREAKFAST~2#:#CHICKEN~3#:#SAUSAGE~2,2.0#:#1.33#:#2.0,2.0,1.33,1
4062,CHICKEN_COOKIES_FRESH,2,3345,1,6,0,0,0,0,CHICKEN~3#:#COOKIES~2#:#FRESH~3,0.67#:#1.0#:#0.67,1.0,0.67,0
4063,CHICKEN_FRESH_SMOKE,6,3345,1,6,0,0,0,0,CHICKEN~3#:#FRESH~3#:#SMOKE~2,2.0#:#2.0#:#3.0,3.0,2.0,1
4064,CHICKEN_COOKIES_CUTS,3,3345,0,6,0,0,0,0,CHICKEN~3#:#COOKIES~2#:#CUTS~2,1.0#:#1.5#:#1.5,1.5,1.0,1
4065,CHICKEN_COOKIES_LICIOUS,3,3345,0,6,0,0,0,0,CHICKEN~3#:#COOKIES~2#:#LICIOUS~2,1.0#:#1.5#:#1.5,1.5,1.0,1
4066,CHICKEN_COOKIES_SMOKE,2,3345,0,6,0,0,0,0,CHICKEN~3#:#COOKIES~2#:#SMOKE~2,0.67#:#1.0#:#1.0,1.0,0.67,0
4067,BONES_CHICKEN_CUTS,2,3345,0,6,0,0,0,0,BONES~2#:#CHICKEN~3#:#CUTS~2,1.0#:#0.67#:#1.0,1.0,0.67,0
4068,CHICKEN_CUTS_SMOKE,6,3345,0,6,0,0,0,0,CHICKEN~3#:#CUTS~2#:#SMOKE~2,2.0#:#3.0#:#3.0,3.0,2.0,1
4069,BONES_CHICKEN_LICIOUS,2,3345,0,6,0,0,0,0,BONES~2#:#CHICKEN~3#:#LICIOUS~2,1.0#:#0.67#:#1.0,1.0,0.67,0
4070,CHICKEN_LICIOUS_SMOKE,6,3345,0,6,0,0,0,0,CHICKEN~3#:#LICIOUS~2#:#SMOKE~2,2.0#:#3.0#:#3.0,3.0,2.0,1
4071,COOKIES_CUTS_FRESH,2,3345,1,6,0,0,0,0,COOKIES~2#:#CUTS~2#:#FRESH~3,1.0#:#1.0#:#0.67,1.0,0.67,0
4072,COOKIES_FRESH_LICIOUS,2,3345,1,6,0,0,0,0,COOKIES~2#:#FRESH~3#:#LICIOUS~2,1.0#:#0.67#:#1.0,1.0,0.67,0
4073,BONES_CUTS_FRESH,2,3345,1,6,0,0,0,0,BONES~2#:#CUTS~2#:#FRESH~3,1.0#:#1.0#:#0.67,1.0,0.67,0
4074,COOKIES_CUTS_LICIOUS,3,3345,0,6,0,0,0,0,COOKIES~2#:#CUTS~2#:#LICIOUS~2,1.5#:#1.5#:#1.5,1.5,1.5,1
4075,BONES_CUTS_LICIOUS,3,3345,0,6,0,0,0,0,BONES~2#:#CUTS~2#:#LICIOUS~2,1.5#:#1.5#:#1.5,1.5,1.5,1
4076,CUTS_LICIOUS_SMOKE,4,3345,0,6,0,0,0,0,CUTS~2#:#LICIOUS~2#:#SMOKE~2,2.0#:#2.0#:#2.0,2.0,2.0,1
4077,CHICKEN_EAT_GODREJ,3,3345,0,6,0,0,0,0,CHICKEN~3#:#EAT~2#:#GODREJ~2,1.0#:#1.5#:#1.5,1.5,1.0,1
4078,CHICKEN_EAT_HAM,3,3345,0,6,0,0,0,0,CHICKEN~3#:#EAT~2#:#HAM~2,1.0#:#1.5#:#1.5,1.5,1.0,1
4079,CHICKEN_EAT_SMOKE,3,3345,0,6,0,0,0,0,CHICKEN~3#:#EAT~2#:#SMOKE~2,1.0#:#1.5#:#1.5,1.5,1.0,1
4080,CHICKEN_EAT_STYLE,4,3345,0,6,0,0,0,0,CHICKEN~3#:#EAT~2#:#STYLE~2,1.33#:#2.0#:#2.0,2.0,1.33,1
4081,CHICKEN_EAT_YUMMIEZ,3,3345,0,6,0,0,0,0,CHICKEN~3#:#EAT~2#:#YUMMIEZ~2,1.0#:#1.5#:#1.5,1.5,1.0,1
4082,CHICKEN_GODREJ_HAM,9,3345,0,6,0,0,0,0,CHICKEN~3#:#GODREJ~2#:#HAM~2,3.0#:#4.5#:#4.5,4.5,3.0,1
4083,CHICKEN_GODREJ_SLICED,4,3345,0,6,0,0,0,0,CHICKEN~3#:#GODREJ~2#:#SLICED~2,1.33#:#2.0#:#2.0,2.0,1.33,1
4084,CHICKEN_HAM_SLICED,4,3345,0,6,0,0,0,0,CHICKEN~3#:#HAM~2#:#SLICED~2,1.33#:#2.0#:#2.0,2.0,1.33,1
4085,CHICKEN_HAM_SMOKE,9,3345,0,6,0,0,0,0,CHICKEN~3#:#HAM~2#:#SMOKE~2,3.0#:#4.5#:#4.5,4.5,3.0,1
4086,CHICKEN_HAM_STYLE,11,3345,0,6,0,0,0,0,CHICKEN~3#:#HAM~2#:#STYLE~2,3.67#:#5.5#:#5.5,5.5,3.67,1
4087,CHICKEN_HAM_YUMMIEZ,8,3345,0,6,0,0,0,0,CHICKEN~3#:#HAM~2#:#YUMMIEZ~2,2.67#:#4.0#:#4.0,4.0,2.67,1
4088,CHICKEN_HAM_READY#TO,7,3345,0,6,0,0,0,0,CHICKEN~3#:#HAM~2#:#READY#TO~2,2.33#:#3.5#:#3.5,3.5,2.33,1
4089,CHICKEN_SLICED_SMOKE,9,3345,0,6,0,0,0,0,CHICKEN~3#:#SLICED~2#:#SMOKE~2,3.0#:#4.5#:#4.5,4.5,3.0,1
4090,CHICKEN_SLICED_STYLE,6,3345,0,6,0,0,0,0,CHICKEN~3#:#SLICED~2#:#STYLE~2,2.0#:#3.0#:#3.0,3.0,2.0,1
4091,CHICKEN_SLICED_YUMMIEZ,3,3345,0,6,0,0,0,0,CHICKEN~3#:#SLICED~2#:#YUMMIEZ~2,1.0#:#1.5#:#1.5,1.5,1.0,1
4092,CHICKEN_SMOKE_STYLE,10,3345,0,6,0,0,0,0,CHICKEN~3#:#SMOKE~2#:#STYLE~2,3.33#:#5.0#:#5.0,5.0,3.33,1
4093,CHICKEN_READY#TO_SMOKE,3,3345,0,6,0,0,0,0,CHICKEN~3#:#READY#TO~2#:#SMOKE~2,1.0#:#1.5#:#1.5,1.5,1.0,1
4094,EAT_GODREJ_HAM,3,3345,0,6,0,0,0,0,EAT~2#:#GODREJ~2#:#HAM~2,1.5#:#1.5#:#1.5,1.5,1.5,1
4095,EAT_GODREJ_SMOKE,2,3345,0,6,0,0,0,0,EAT~2#:#GODREJ~2#:#SMOKE~2,1.0#:#1.0#:#1.0,1.0,1.0,1
4096,EAT_GODREJ_STYLE,3,3345,0,6,0,0,0,0,EAT~2#:#GODREJ~2#:#STYLE~2,1.5#:#1.5#:#1.5,1.5,1.5,1
4097,EAT_GODREJ_YUMMIEZ,3,3345,0,6,0,0,0,0,EAT~2#:#GODREJ~2#:#YUMMIEZ~2,1.5#:#1.5#:#1.5,1.5,1.5,1
4098,EAT_GODREJ_READY#TO,3,3345,0,6,0,0,0,0,EAT~2#:#GODREJ~2#:#READY#TO~2,1.5#:#1.5#:#1.5,1.5,1.5,1
4099,EAT_HAM_SMOKE,2,3345,0,6,0,0,0,0,EAT~2#:#HAM~2#:#SMOKE~2,1.0#:#1.0#:#1.0,1.0,1.0,1
4100,EAT_HAM_STYLE,3,3345,0,6,0,0,0,0,EAT~2#:#HAM~2#:#STYLE~2,1.5#:#1.5#:#1.5,1.5,1.5,1
4101,EAT_HAM_YUMMIEZ,3,3345,0,6,0,0,0,0,EAT~2#:#HAM~2#:#YUMMIEZ~2,1.5#:#1.5#:#1.5,1.5,1.5,1
4102,EAT_HAM_READY#TO,3,3345,0,6,0,0,0,0,EAT~2#:#HAM~2#:#READY#TO~2,1.5#:#1.5#:#1.5,1.5,1.5,1
4103,EAT_SMOKE_STYLE,2,3345,0,6,0,0,0,0,EAT~2#:#SMOKE~2#:#STYLE~2,1.0#:#1.0#:#1.0,1.0,1.0,1
4104,EAT_SMOKE_YUMMIEZ,2,3345,0,6,0,0,0,0,EAT~2#:#SMOKE~2#:#YUMMIEZ~2,1.0#:#1.0#:#1.0,1.0,1.0,1
4105,EAT_READY#TO_SMOKE,3,3345,0,6,0,0,0,0,EAT~2#:#READY#TO~2#:#SMOKE~2,1.5#:#1.5#:#1.5,1.5,1.5,1
4106,EAT_STYLE_YUMMIEZ,3,3345,0,6,0,0,0,0,EAT~2#:#STYLE~2#:#YUMMIEZ~2,1.5#:#1.5#:#1.5,1.5,1.5,1
4107,EAT_READY#TO_STYLE,5,3345,0,6,0,0,0,0,EAT~2#:#READY#TO~2#:#STYLE~2,2.5#:#2.5#:#2.5,2.5,2.5,1
4108,EAT_READY#TO_YUMMIEZ,3,3345,0,6,0,0,0,0,EAT~2#:#READY#TO~2#:#YUMMIEZ~2,1.5#:#1.5#:#1.5,1.5,1.5,1
4109,GODREJ_HAM_SLICED,2,3345,0,6,0,0,0,0,GODREJ~2#:#HAM~2#:#SLICED~2,1.0#:#1.0#:#1.0,1.0,1.0,1
4110,GODREJ_HAM_SMOKE,5,3345,0,6,0,0,0,0,GODREJ~2#:#HAM~2#:#SMOKE~2,2.5#:#2.5#:#2.5,2.5,2.5,1
4111,GODREJ_HAM_STYLE,8,3345,0,6,0,0,0,0,GODREJ~2#:#HAM~2#:#STYLE~2,4.0#:#4.0#:#4.0,4.0,4.0,1
4112,GODREJ_HAM_YUMMIEZ,8,3345,0,6,0,0,0,0,GODREJ~2#:#HAM~2#:#YUMMIEZ~2,4.0#:#4.0#:#4.0,4.0,4.0,1
4113,GODREJ_HAM_READY#TO,6,3345,0,6,0,0,0,0,GODREJ~2#:#HAM~2#:#READY#TO~2,3.0#:#3.0#:#3.0,3.0,3.0,1
4114,GODREJ_SLICED_STYLE,2,3345,0,6,0,0,0,0,GODREJ~2#:#SLICED~2#:#STYLE~2,1.0#:#1.0#:#1.0,1.0,1.0,1
4115,GODREJ_SLICED_YUMMIEZ,3,3345,0,6,0,0,0,0,GODREJ~2#:#SLICED~2#:#YUMMIEZ~2,1.5#:#1.5#:#1.5,1.5,1.5,1
4116,GODREJ_READY#TO_SLICED,2,3345,0,6,0,0,0,0,GODREJ~2#:#READY#TO~2#:#SLICED~2,1.0#:#1.0#:#1.0,1.0,1.0,1
4117,GODREJ_SMOKE_STYLE,4,3345,0,6,0,0,0,0,GODREJ~2#:#SMOKE~2#:#STYLE~2,2.0#:#2.0#:#2.0,2.0,2.0,1
4118,GODREJ_READY#TO_SMOKE,2,3345,0,6,0,0,0,0,GODREJ~2#:#READY#TO~2#:#SMOKE~2,1.0#:#1.0#:#1.0,1.0,1.0,1
4119,HAM_SLICED_STYLE,2,3345,0,6,0,0,0,0,HAM~2#:#SLICED~2#:#STYLE~2,1.0#:#1.0#:#1.0,1.0,1.0,1
4120,HAM_SLICED_YUMMIEZ,2,3345,0,6,0,0,0,0,HAM~2#:#SLICED~2#:#YUMMIEZ~2,1.0#:#1.0#:#1.0,1.0,1.0,1
4121,HAM_READY#TO_SLICED,2,3345,0,6,0,0,0,0,HAM~2#:#READY#TO~2#:#SLICED~2,1.0#:#1.0#:#1.0,1.0,1.0,1
4122,HAM_SMOKE_STYLE,6,3345,0,6,0,0,0,0,HAM~2#:#SMOKE~2#:#STYLE~2,3.0#:#3.0#:#3.0,3.0,3.0,1
4123,HAM_SMOKE_YUMMIEZ,4,3345,0,6,0,0,0,0,HAM~2#:#SMOKE~2#:#YUMMIEZ~2,2.0#:#2.0#:#2.0,2.0,2.0,1
4124,HAM_READY#TO_SMOKE,2,3345,0,6,0,0,0,0,HAM~2#:#READY#TO~2#:#SMOKE~2,1.0#:#1.0#:#1.0,1.0,1.0,1
4125,HAM_STYLE_YUMMIEZ,8,3345,0,6,0,0,0,0,HAM~2#:#STYLE~2#:#YUMMIEZ~2,4.0#:#4.0#:#4.0,4.0,4.0,1
4126,HAM_READY#TO_STYLE,7,3345,0,6,0,0,0,0,HAM~2#:#READY#TO~2#:#STYLE~2,3.5#:#3.5#:#3.5,3.5,3.5,1
4127,HAM_READY#TO_YUMMIEZ,6,3345,0,6,0,0,0,0,HAM~2#:#READY#TO~2#:#YUMMIEZ~2,3.0#:#3.0#:#3.0,3.0,3.0,1
4128,SLICED_SMOKE_STYLE,4,3345,0,6,0,0,0,0,SLICED~2#:#SMOKE~2#:#STYLE~2,2.0#:#2.0#:#2.0,2.0,2.0,1
4129,SLICED_STYLE_YUMMIEZ,2,3345,0,6,0,0,0,0,SLICED~2#:#STYLE~2#:#YUMMIEZ~2,1.0#:#1.0#:#1.0,1.0,1.0,1
4130,READY#TO_SLICED_STYLE,2,3345,0,6,0,0,0,0,READY#TO~2#:#SLICED~2#:#STYLE~2,1.0#:#1.0#:#1.0,1.0,1.0,1
4131,READY#TO_SLICED_YUMMIEZ,2,3345,0,6,0,0,0,0,READY#TO~2#:#SLICED~2#:#YUMMIEZ~2,1.0#:#1.0#:#1.0,1.0,1.0,1
4132,SMOKE_STYLE_YUMMIEZ,4,3345,0,6,0,0,0,0,SMOKE~2#:#STYLE~2#:#YUMMIEZ~2,2.0#:#2.0#:#2.0,2.0,2.0,1
4133,READY#TO_SMOKE_STYLE,2,3345,0,6,0,0,0,0,READY#TO~2#:#SMOKE~2#:#STYLE~2,1.0#:#1.0#:#1.0,1.0,1.0,1
4134,READY#TO_SMOKE_YUMMIEZ,2,3345,0,6,0,0,0,0,READY#TO~2#:#SMOKE~2#:#YUMMIEZ~2,1.0#:#1.0#:#1.0,1.0,1.0,1
4135,CHICKEN_CUTS_HAM,6,3345,0,6,0,0,0,0,CHICKEN~3#:#CUTS~2#:#HAM~2,2.0#:#3.0#:#3.0,3.0,2.0,1
4136,CHICKEN_CUTS_STYLE,6,3345,0,6,0,0,0,0,CHICKEN~3#:#CUTS~2#:#STYLE~2,2.0#:#3.0#:#3.0,3.0,2.0,1
4137,CHICKEN_HAM_LICIOUS,4,3345,0,6,0,0,0,0,CHICKEN~3#:#HAM~2#:#LICIOUS~2,1.33#:#2.0#:#2.0,2.0,1.33,1
4138,CHICKEN_HAM_PREMIUM,3,3345,0,6,0,0,0,0,CHICKEN~3#:#HAM~2#:#PREMIUM~2,1.0#:#1.5#:#1.5,1.5,1.0,1
4139,CHICKEN_LICIOUS_STYLE,9,3345,0,6,0,0,0,0,CHICKEN~3#:#LICIOUS~2#:#STYLE~2,3.0#:#4.5#:#4.5,4.5,3.0,1
4140,CHICKEN_PREMIUM_SMOKE,3,3345,0,6,0,0,0,0,CHICKEN~3#:#PREMIUM~2#:#SMOKE~2,1.0#:#1.5#:#1.5,1.5,1.0,1
4141,CHICKEN_PREMIUM_STYLE,3,3345,0,6,0,0,0,0,CHICKEN~3#:#PREMIUM~2#:#STYLE~2,1.0#:#1.5#:#1.5,1.5,1.0,1
4142,CUTS_HAM_LICIOUS,4,3345,0,6,0,0,0,0,CUTS~2#:#HAM~2#:#LICIOUS~2,2.0#:#2.0#:#2.0,2.0,2.0,1
4143,CUTS_HAM_PREMIUM,3,3345,0,6,0,0,0,0,CUTS~2#:#HAM~2#:#PREMIUM~2,1.5#:#1.5#:#1.5,1.5,1.5,1
4144,CUTS_HAM_SMOKE,5,3345,0,6,0,0,0,0,CUTS~2#:#HAM~2#:#SMOKE~2,2.5#:#2.5#:#2.5,2.5,2.5,1
4145,CUTS_HAM_STYLE,5,3345,0,6,0,0,0,0,CUTS~2#:#HAM~2#:#STYLE~2,2.5#:#2.5#:#2.5,2.5,2.5,1
4146,CUTS_LICIOUS_STYLE,3,3345,0,6,0,0,0,0,CUTS~2#:#LICIOUS~2#:#STYLE~2,1.5#:#1.5#:#1.5,1.5,1.5,1
4147,CUTS_PREMIUM_SMOKE,3,3345,0,6,0,0,0,0,CUTS~2#:#PREMIUM~2#:#SMOKE~2,1.5#:#1.5#:#1.5,1.5,1.5,1
4148,CUTS_PREMIUM_STYLE,3,3345,0,6,0,0,0,0,CUTS~2#:#PREMIUM~2#:#STYLE~2,1.5#:#1.5#:#1.5,1.5,1.5,1
4149,CUTS_SMOKE_STYLE,4,3345,0,6,0,0,0,0,CUTS~2#:#SMOKE~2#:#STYLE~2,2.0#:#2.0#:#2.0,2.0,2.0,1
4150,HAM_LICIOUS_PREMIUM,2,3345,0,6,0,0,0,0,HAM~2#:#LICIOUS~2#:#PREMIUM~2,1.0#:#1.0#:#1.0,1.0,1.0,1
4151,HAM_LICIOUS_SMOKE,3,3345,0,6,0,0,0,0,HAM~2#:#LICIOUS~2#:#SMOKE~2,1.5#:#1.5#:#1.5,1.5,1.5,1
4152,HAM_LICIOUS_STYLE,3,3345,0,6,0,0,0,0,HAM~2#:#LICIOUS~2#:#STYLE~2,1.5#:#1.5#:#1.5,1.5,1.5,1
4153,HAM_PREMIUM_SMOKE,3,3345,0,6,0,0,0,0,HAM~2#:#PREMIUM~2#:#SMOKE~2,1.5#:#1.5#:#1.5,1.5,1.5,1
4154,HAM_PREMIUM_STYLE,3,3345,0,6,0,0,0,0,HAM~2#:#PREMIUM~2#:#STYLE~2,1.5#:#1.5#:#1.5,1.5,1.5,1
4155,LICIOUS_PREMIUM_SMOKE,2,3345,0,6,0,0,0,0,LICIOUS~2#:#PREMIUM~2#:#SMOKE~2,1.0#:#1.0#:#1.0,1.0,1.0,1
4156,LICIOUS_PREMIUM_STYLE,2,3345,0,6,0,0,0,0,LICIOUS~2#:#PREMIUM~2#:#STYLE~2,1.0#:#1.0#:#1.0,1.0,1.0,1
4157,LICIOUS_SMOKE_STYLE,2,3345,0,6,0,0,0,0,LICIOUS~2#:#SMOKE~2#:#STYLE~2,1.0#:#1.0#:#1.0,1.0,1.0,1
4158,PREMIUM_SMOKE_STYLE,3,3345,0,6,0,0,0,0,PREMIUM~2#:#SMOKE~2#:#STYLE~2,1.5#:#1.5#:#1.5,1.5,1.5,1
4159,CHICKEN_GODREJ_HONEY,2,3345,1,6,0,0,0,0,CHICKEN~3#:#GODREJ~2#:#HONEY~2,0.67#:#1.0#:#1.0,1.0,0.67,0
4160,CHICKEN_GODREJ_SERVE,2,3345,0,6,0,0,0,0,CHICKEN~3#:#GODREJ~2#:#SERVE~2,0.67#:#1.0#:#1.0,1.0,0.67,0
4161,CHICKEN_HAM_HONEY,3,3345,1,6,0,0,0,0,CHICKEN~3#:#HAM~2#:#HONEY~2,1.0#:#1.5#:#1.5,1.5,1.0,1
4162,CHICKEN_HAM_SERVE,2,3345,0,6,0,0,0,0,CHICKEN~3#:#HAM~2#:#SERVE~2,0.67#:#1.0#:#1.0,1.0,0.67,0
4163,CHICKEN_HONEY_STYLE,2,3345,1,6,0,0,0,0,CHICKEN~3#:#HONEY~2#:#STYLE~2,0.67#:#1.0#:#1.0,1.0,0.67,0
4164,CHICKEN_HONEY_YUMMIEZ,2,3345,1,6,0,0,0,0,CHICKEN~3#:#HONEY~2#:#YUMMIEZ~2,0.67#:#1.0#:#1.0,1.0,0.67,0
4165,CHICKEN_SERVE_STYLE,2,3345,0,6,0,0,0,0,CHICKEN~3#:#SERVE~2#:#STYLE~2,0.67#:#1.0#:#1.0,1.0,0.67,0
4166,CHICKEN_SERVE_YUMMIEZ,2,3345,0,6,0,0,0,0,CHICKEN~3#:#SERVE~2#:#YUMMIEZ~2,0.67#:#1.0#:#1.0,1.0,0.67,0
4167,GODREJ_HAM_HONEY,2,3345,1,6,0,0,0,0,GODREJ~2#:#HAM~2#:#HONEY~2,1.0#:#1.0#:#1.0,1.0,1.0,1
4168,GODREJ_HAM_SERVE,2,3345,0,6,0,0,0,0,GODREJ~2#:#HAM~2#:#SERVE~2,1.0#:#1.0#:#1.0,1.0,1.0,1
4169,GODREJ_HONEY_STYLE,2,3345,1,6,0,0,0,0,GODREJ~2#:#HONEY~2#:#STYLE~2,1.0#:#1.0#:#1.0,1.0,1.0,1
4170,GODREJ_HONEY_YUMMIEZ,2,3345,1,6,0,0,0,0,GODREJ~2#:#HONEY~2#:#YUMMIEZ~2,1.0#:#1.0#:#1.0,1.0,1.0,1
4171,GODREJ_SERVE_STYLE,2,3345,0,6,0,0,0,0,GODREJ~2#:#SERVE~2#:#STYLE~2,1.0#:#1.0#:#1.0,1.0,1.0,1
4172,GODREJ_SERVE_YUMMIEZ,2,3345,0,6,0,0,0,0,GODREJ~2#:#SERVE~2#:#YUMMIEZ~2,1.0#:#1.0#:#1.0,1.0,1.0,1
4173,GODREJ_READY#TO_SERVE,2,3345,0,6,0,0,0,0,GODREJ~2#:#READY#TO~2#:#SERVE~2,1.0#:#1.0#:#1.0,1.0,1.0,1
4174,HAM_HONEY_STYLE,2,3345,1,6,0,0,0,0,HAM~2#:#HONEY~2#:#STYLE~2,1.0#:#1.0#:#1.0,1.0,1.0,1
4175,HAM_HONEY_YUMMIEZ,2,3345,1,6,0,0,0,0,HAM~2#:#HONEY~2#:#YUMMIEZ~2,1.0#:#1.0#:#1.0,1.0,1.0,1
4176,HAM_SERVE_STYLE,2,3345,0,6,0,0,0,0,HAM~2#:#SERVE~2#:#STYLE~2,1.0#:#1.0#:#1.0,1.0,1.0,1
4177,HAM_SERVE_YUMMIEZ,2,3345,0,6,0,0,0,0,HAM~2#:#SERVE~2#:#YUMMIEZ~2,1.0#:#1.0#:#1.0,1.0,1.0,1
4178,HAM_READY#TO_SERVE,2,3345,0,6,0,0,0,0,HAM~2#:#READY#TO~2#:#SERVE~2,1.0#:#1.0#:#1.0,1.0,1.0,1
4179,HONEY_STYLE_YUMMIEZ,2,3345,1,6,0,0,0,0,HONEY~2#:#STYLE~2#:#YUMMIEZ~2,1.0#:#1.0#:#1.0,1.0,1.0,1
4180,SERVE_STYLE_YUMMIEZ,2,3345,0,6,0,0,0,0,SERVE~2#:#STYLE~2#:#YUMMIEZ~2,1.0#:#1.0#:#1.0,1.0,1.0,1
4181,READY#TO_SERVE_STYLE,2,3345,0,6,0,0,0,0,READY#TO~2#:#SERVE~2#:#STYLE~2,1.0#:#1.0#:#1.0,1.0,1.0,1
4182,READY#TO_SERVE_YUMMIEZ,2,3345,0,6,0,0,0,0,READY#TO~2#:#SERVE~2#:#YUMMIEZ~2,1.0#:#1.0#:#1.0,1.0,1.0,1
4183,CUTS_EAT_READY#TO,4,3345,0,6,0,0,0,0,CUTS~2#:#EAT~2#:#READY#TO~2,2.0#:#2.0#:#2.0,2.0,2.0,1
4184,CUTS_GODREJ_HAM,2,3345,0,6,0,0,0,0,CUTS~2#:#GODREJ~2#:#HAM~2,1.0#:#1.0#:#1.0,1.0,1.0,1
4185,CUTS_GODREJ_SMOKE,2,3345,0,6,0,0,0,0,CUTS~2#:#GODREJ~2#:#SMOKE~2,1.0#:#1.0#:#1.0,1.0,1.0,1
4186,CUTS_GODREJ_STYLE,2,3345,0,6,0,0,0,0,CUTS~2#:#GODREJ~2#:#STYLE~2,1.0#:#1.0#:#1.0,1.0,1.0,1
4187,CUTS_HAM_YUMMIEZ,2,3345,0,6,0,0,0,0,CUTS~2#:#HAM~2#:#YUMMIEZ~2,1.0#:#1.0#:#1.0,1.0,1.0,1
4188,CUTS_HAM_READY#TO,2,3345,0,6,0,0,0,0,CUTS~2#:#HAM~2#:#READY#TO~2,1.0#:#1.0#:#1.0,1.0,1.0,1
4189,CUTS_SMOKE_YUMMIEZ,2,3345,0,6,0,0,0,0,CUTS~2#:#SMOKE~2#:#YUMMIEZ~2,1.0#:#1.0#:#1.0,1.0,1.0,1
4190,CUTS_STYLE_YUMMIEZ,2,3345,0,6,0,0,0,0,CUTS~2#:#STYLE~2#:#YUMMIEZ~2,1.0#:#1.0#:#1.0,1.0,1.0,1
4191,CUTS_READY#TO_STYLE,2,3345,0,6,0,0,0,0,CUTS~2#:#READY#TO~2#:#STYLE~2,1.0#:#1.0#:#1.0,1.0,1.0,1
4192,CHICKEN_CUTS_WHOLE,3,3345,0,6,0,0,0,0,CHICKEN~3#:#CUTS~2#:#WHOLE~2,1.0#:#1.5#:#1.5,1.5,1.0,1
4193,CHICKEN_LICIOUS_WHOLE,2,3345,0,6,0,0,0,0,CHICKEN~3#:#LICIOUS~2#:#WHOLE~2,0.67#:#1.0#:#1.0,1.0,0.67,0
4194,CUTS_LICIOUS_WHOLE,2,3345,0,6,0,0,0,0,CUTS~2#:#LICIOUS~2#:#WHOLE~2,1.0#:#1.0#:#1.0,1.0,1.0,1
4195,CHICKEN_DICED_GODREJ,2,3345,0,6,0,0,0,0,CHICKEN~3#:#DICED~2#:#GODREJ~2,0.67#:#1.0#:#1.0,1.0,0.67,0
4196,CHICKEN_DICED_HAM,2,3345,0,6,0,0,0,0,CHICKEN~3#:#DICED~2#:#HAM~2,0.67#:#1.0#:#1.0,1.0,0.67,0
4197,CHICKEN_DICED_STYLE,3,3345,0,6,0,0,0,0,CHICKEN~3#:#DICED~2#:#STYLE~2,1.0#:#1.5#:#1.5,1.5,1.0,1
4198,CHICKEN_DICED_YUMMIEZ,2,3345,0,6,0,0,0,0,CHICKEN~3#:#DICED~2#:#YUMMIEZ~2,0.67#:#1.0#:#1.0,1.0,0.67,0
4199,DICED_GODREJ_HAM,2,3345,0,6,0,0,0,0,DICED~2#:#GODREJ~2#:#HAM~2,1.0#:#1.0#:#1.0,1.0,1.0,1
4200,DICED_GODREJ_STYLE,2,3345,0,6,0,0,0,0,DICED~2#:#GODREJ~2#:#STYLE~2,1.0#:#1.0#:#1.0,1.0,1.0,1
4201,DICED_GODREJ_YUMMIEZ,2,3345,0,6,0,0,0,0,DICED~2#:#GODREJ~2#:#YUMMIEZ~2,1.0#:#1.0#:#1.0,1.0,1.0,1
4202,DICED_HAM_STYLE,2,3345,0,6,0,0,0,0,DICED~2#:#HAM~2#:#STYLE~2,1.0#:#1.0#:#1.0,1.0,1.0,1
4203,DICED_HAM_YUMMIEZ,2,3345,0,6,0,0,0,0,DICED~2#:#HAM~2#:#YUMMIEZ~2,1.0#:#1.0#:#1.0,1.0,1.0,1
4204,DICED_STYLE_YUMMIEZ,2,3345,0,6,0,0,0,0,DICED~2#:#STYLE~2#:#YUMMIEZ~2,1.0#:#1.0#:#1.0,1.0,1.0,1
4205,CHICKEN_COKE_HAM,2,3345,0,6,0,0,0,0,CHICKEN~3#:#COKE~2#:#HAM~2,0.67#:#1.0#:#1.0,1.0,0.67,0
4206,COKE_HAM_STYLE,2,3345,0,6,0,0,0,0,COKE~2#:#HAM~2#:#STYLE~2,1.0#:#1.0#:#1.0,1.0,1.0,1
4207,COKE_HAM_READY#TO,2,3345,0,6,0,0,0,0,COKE~2#:#HAM~2#:#READY#TO~2,1.0#:#1.0#:#1.0,1.0,1.0,1
4208,CHICKEN_CUTS_THIN,6,3345,0,6,0,0,0,0,CHICKEN~3#:#CUTS~2#:#THIN~2,2.0#:#3.0#:#3.0,3.0,2.0,1
4209,CHICKEN_SMOKE_SNACK,2,3345,0,6,0,0,0,0,CHICKEN~3#:#SMOKE~2#:#SNACK~3,0.67#:#1.0#:#0.67,1.0,0.67,0
4210,CHICKEN_SNACK_STICK,4,3345,1,6,0,0,0,0,CHICKEN~3#:#SNACK~3#:#STICK~2,1.33#:#1.33#:#2.0,2.0,1.33,1
4211,CHICKEN_CUTS_STEAK,2,3345,0,6,0,0,0,0,CHICKEN~3#:#CUTS~2#:#STEAK~2,0.67#:#1.0#:#1.0,1.0,0.67,0
4212,CHICKEN_PREMIUM_STEAK,2,3345,0,6,0,0,0,0,CHICKEN~3#:#PREMIUM~2#:#STEAK~2,0.67#:#1.0#:#1.0,1.0,0.67,0
4213,HAM_SMOKE_STEAK,3,3345,0,6,0,0,0,0,HAM~2#:#SMOKE~2#:#STEAK~2,1.5#:#1.5#:#1.5,1.5,1.5,1
4214,BONES_GOAT_LICIOUS,3,3345,0,6,0,0,0,0,BONES~2#:#GOAT~2#:#LICIOUS~2,1.5#:#1.5#:#1.5,1.5,1.5,1
4215,BONES_GOAT_RICH,2,3345,0,6,0,0,0,0,BONES~2#:#GOAT~2#:#RICH~2,1.0#:#1.0#:#1.0,1.0,1.0,1
4216,BONES_GOAT_SOUR,4,3345,0,6,0,0,0,0,BONES~2#:#GOAT~2#:#SOUR~2,2.0#:#2.0#:#2.0,2.0,2.0,1
4217,BONES_LICIOUS_RICH,2,3345,0,6,0,0,0,0,BONES~2#:#LICIOUS~2#:#RICH~2,1.0#:#1.0#:#1.0,1.0,1.0,1
4218,BONES_LICIOUS_SOUR,3,3345,0,6,0,0,0,0,BONES~2#:#LICIOUS~2#:#SOUR~2,1.5#:#1.5#:#1.5,1.5,1.5,1
4219,BONES_RICH_SOUR,2,3345,0,6,0,0,0,0,BONES~2#:#RICH~2#:#SOUR~2,1.0#:#1.0#:#1.0,1.0,1.0,1
4220,GOAT_LICIOUS_RICH,2,3345,0,6,0,0,0,0,GOAT~2#:#LICIOUS~2#:#RICH~2,1.0#:#1.0#:#1.0,1.0,1.0,1
4221,GOAT_LICIOUS_SOUR,3,3345,0,6,0,0,0,0,GOAT~2#:#LICIOUS~2#:#SOUR~2,1.5#:#1.5#:#1.5,1.5,1.5,1
4222,GOAT_RICH_SOUR,2,3345,0,6,0,0,0,0,GOAT~2#:#RICH~2#:#SOUR~2,1.0#:#1.0#:#1.0,1.0,1.0,1
4223,LICIOUS_RICH_SOUR,2,3345,0,6,0,0,0,0,LICIOUS~2#:#RICH~2#:#SOUR~2,1.0#:#1.0#:#1.0,1.0,1.0,1
4224,BONES_CUTS_GOAT,2,3345,0,6,0,0,0,0,BONES~2#:#CUTS~2#:#GOAT~2,1.0#:#1.0#:#1.0,1.0,1.0,1
4225,FRESH_MIX_PACK,3,3345,2,6,0,0,0,0,FRESH~3#:#MIX~2#:#PACK~3,1.0#:#1.5#:#1.0,1.5,1.0,1
4226,APPLE_FRESH_PACK,2,3345,3,6,0,0,0,0,APPLE~2#:#FRESH~3#:#PACK~3,1.0#:#0.67#:#0.67,1.0,0.67,0
4227,FRESH_PACK_SALAD,4,3345,2,6,0,0,0,0,FRESH~3#:#PACK~3#:#SALAD~2,1.33#:#1.33#:#2.0,2.0,1.33,1
4228,FRESH_PACK_READY#TO,3,3345,2,6,0,0,0,0,FRESH~3#:#PACK~3#:#READY#TO~2,1.0#:#1.0#:#1.5,1.5,1.0,1
4229,FRESH_MIX_SALAD,2,3345,1,6,0,0,0,0,FRESH~3#:#MIX~2#:#SALAD~2,0.67#:#1.0#:#1.0,1.0,0.67,0
4230,FRESH_SALAD_STYLE,2,3345,1,6,0,0,0,0,FRESH~3#:#SALAD~2#:#STYLE~2,0.67#:#1.0#:#1.0,1.0,0.67,0
4231,FRESH_READY#TO_SALAD,2,3345,1,6,0,0,0,0,FRESH~3#:#READY#TO~2#:#SALAD~2,0.67#:#1.0#:#1.0,1.0,0.67,0
4232,FRESH_READY#TO_STYLE,2,3345,1,6,0,0,0,0,FRESH~3#:#READY#TO~2#:#STYLE~2,0.67#:#1.0#:#1.0,1.0,0.67,0
4233,MIX_PACK_SALAD,3,3345,1,6,0,0,0,0,MIX~2#:#PACK~3#:#SALAD~2,1.5#:#1.0#:#1.5,1.5,1.0,1
4234,READY#TO_SALAD_STYLE,2,3345,0,6,0,0,0,0,READY#TO~2#:#SALAD~2#:#STYLE~2,1.0#:#1.0#:#1.0,1.0,1.0,1
4235,BITE_CHICKEN_SALAMI,2,3345,0,6,0,0,0,0,BITE~2#:#CHICKEN~3#:#SALAMI~2,1.0#:#0.67#:#1.0,1.0,0.67,0
4236,CHICKEN_FRESHLY#PREPARED_SALAMI,2,3345,0,6,0,0,0,0,CHICKEN~3#:#FRESHLY#PREPARED~2#:#SALAMI~2,0.67#:#1.0#:#1.0,1.0,0.67,0
4237,CHEESE_CHICKEN_PLATES,2,3345,0,6,0,0,0,0,CHEESE~3#:#CHICKEN~3#:#PLATES~2,0.67#:#0.67#:#1.0,1.0,0.67,0
4238,CHEESE_CHICKEN_SALAMI,2,3345,0,6,0,0,0,0,CHEESE~3#:#CHICKEN~3#:#SALAMI~2,0.67#:#0.67#:#1.0,1.0,0.67,0
4239,AND_CHEESE_CHICKEN,4,3345,0,6,0,0,0,0,AND~2#:#CHEESE~3#:#CHICKEN~3,2.0#:#1.33#:#1.33,2.0,1.33,1
4240,CHEESE_CHICKEN_FRESHLY#PREPARED,4,3345,0,6,0,0,0,0,CHEESE~3#:#CHICKEN~3#:#FRESHLY#PREPARED~2,1.33#:#1.33#:#2.0,2.0,1.33,1
4241,CHEESE_SALAMI_SNACK,3,3345,0,6,0,0,0,0,CHEESE~3#:#SALAMI~2#:#SNACK~3,1.0#:#1.5#:#1.0,1.5,1.0,1
4242,AND_CHEESE_SNACK,5,3345,0,6,0,0,0,0,AND~2#:#CHEESE~3#:#SNACK~3,2.5#:#1.67#:#1.67,2.5,1.67,1
4243,CHEESE_FRESHLY#PREPARED_SNACK,3,3345,0,6,0,0,0,0,CHEESE~3#:#FRESHLY#PREPARED~2#:#SNACK~3,1.0#:#1.5#:#1.0,1.5,1.0,1
4244,AND_CHEESE_FRESHLY#PREPARED,4,3345,0,6,0,0,0,0,AND~2#:#CHEESE~3#:#FRESHLY#PREPARED~2,2.0#:#1.33#:#2.0,2.0,1.33,1
4245,AND_CHICKEN_SNACK,4,3345,0,6,0,0,0,0,AND~2#:#CHICKEN~3#:#SNACK~3,2.0#:#1.33#:#1.33,2.0,1.33,1
4246,CHICKEN_FRESHLY#PREPARED_SNACK,8,3345,0,6,0,0,0,0,CHICKEN~3#:#FRESHLY#PREPARED~2#:#SNACK~3,2.67#:#4.0#:#2.67,4.0,2.67,1
4247,AND_CHICKEN_FRESHLY#PREPARED,5,3345,0,6,0,0,0,0,AND~2#:#CHICKEN~3#:#FRESHLY#PREPARED~2,2.5#:#1.67#:#2.5,2.5,1.67,1
4248,AND_FRESHLY#PREPARED_SNACK,4,3345,0,6,0,0,0,0,AND~2#:#FRESHLY#PREPARED~2#:#SNACK~3,2.0#:#2.0#:#1.33,2.0,1.33,1
4249,CHEESE_CHICKEN_CRACKERS,3,3345,0,6,0,0,0,0,CHEESE~3#:#CHICKEN~3#:#CRACKERS~2,1.0#:#1.0#:#1.5,1.5,1.0,1
4250,CHEESE_CHICKEN_WITH,2,3345,1,6,0,0,0,0,CHEESE~3#:#CHICKEN~3#:#WITH~2,0.67#:#0.67#:#1.0,1.0,0.67,0
4251,CHEESE_CRACKERS_SNACK,3,3345,0,6,0,0,0,0,CHEESE~3#:#CRACKERS~2#:#SNACK~3,1.0#:#1.5#:#1.0,1.5,1.0,1
4252,CHEESE_SNACK_WITH,3,3345,1,6,0,0,0,0,CHEESE~3#:#SNACK~3#:#WITH~2,1.0#:#1.0#:#1.5,1.5,1.0,1
4253,CHEESE_CRACKERS_WITH,2,3345,1,6,0,0,0,0,CHEESE~3#:#CRACKERS~2#:#WITH~2,0.67#:#1.0#:#1.0,1.0,0.67,0
4254,CHEESE_FRESHLY#PREPARED_WITH,2,3345,1,6,0,0,0,0,CHEESE~3#:#FRESHLY#PREPARED~2#:#WITH~2,0.67#:#1.0#:#1.0,1.0,0.67,0
4255,CHICKEN_CRACKERS_SNACK,4,3345,0,6,0,0,0,0,CHICKEN~3#:#CRACKERS~2#:#SNACK~3,1.33#:#2.0#:#1.33,2.0,1.33,1
4256,CHICKEN_SNACK_WITH,2,3345,1,6,0,0,0,0,CHICKEN~3#:#SNACK~3#:#WITH~2,0.67#:#0.67#:#1.0,1.0,0.67,0
4257,AND_CHICKEN_CRACKERS,2,3345,0,6,0,0,0,0,AND~2#:#CHICKEN~3#:#CRACKERS~2,1.0#:#0.67#:#1.0,1.0,0.67,0
4258,CHICKEN_CRACKERS_FRESHLY#PREPARED,2,3345,0,6,0,0,0,0,CHICKEN~3#:#CRACKERS~2#:#FRESHLY#PREPARED~2,0.67#:#1.0#:#1.0,1.0,0.67,0
4259,AND_CRACKERS_SNACK,2,3345,0,6,0,0,0,0,AND~2#:#CRACKERS~2#:#SNACK~3,1.0#:#1.0#:#0.67,1.0,0.67,0
4260,CRACKERS_SNACK_WITH,2,3345,1,6,0,0,0,0,CRACKERS~2#:#SNACK~3#:#WITH~2,1.0#:#0.67#:#1.0,1.0,0.67,0
4261,CRACKERS_FRESHLY#PREPARED_SNACK,2,3345,0,6,0,0,0,0,CRACKERS~2#:#FRESHLY#PREPARED~2#:#SNACK~3,1.0#:#1.0#:#0.67,1.0,0.67,0
4262,AND_SNACK_WITH,2,3345,1,6,0,0,0,0,AND~2#:#SNACK~3#:#WITH~2,1.0#:#0.67#:#1.0,1.0,0.67,0
4263,AND_CRACKERS_FRESHLY#PREPARED,2,3345,0,6,0,0,0,0,AND~2#:#CRACKERS~2#:#FRESHLY#PREPARED~2,1.0#:#1.0#:#1.0,1.0,1.0,1
4264,CHEESE_DIP_WITH,2,3345,1,6,0,0,0,0,CHEESE~3#:#DIP~2#:#WITH~2,0.67#:#1.0#:#1.0,1.0,0.67,0
4265,CHICKEN_PIZZA_SNACK,3,3345,0,6,0,0,0,0,CHICKEN~3#:#PIZZA~2#:#SNACK~3,1.0#:#1.5#:#1.0,1.5,1.0,1
4266,CHICKEN_PEPPERS_SNACK,2,3345,0,6,0,0,0,0,CHICKEN~3#:#PEPPERS~2#:#SNACK~3,0.67#:#1.0#:#0.67,1.0,0.67,0
4267,CHICKEN_PEPPERS_PIZZA,2,3345,0,6,0,0,0,0,CHICKEN~3#:#PEPPERS~2#:#PIZZA~2,0.67#:#1.0#:#1.0,1.0,0.67,0
4268,CHICKEN_PIZZA_STYLE,2,3345,0,6,0,0,0,0,CHICKEN~3#:#PIZZA~2#:#STYLE~2,0.67#:#1.0#:#1.0,1.0,0.67,0
4269,CHICKEN_FRESHLY#PREPARED_PIZZA,3,3345,0,6,0,0,0,0,CHICKEN~3#:#FRESHLY#PREPARED~2#:#PIZZA~2,1.0#:#1.5#:#1.5,1.5,1.0,1
4270,CHICKEN_PEPPERS_STYLE,4,3345,0,6,0,0,0,0,CHICKEN~3#:#PEPPERS~2#:#STYLE~2,1.33#:#2.0#:#2.0,2.0,1.33,1
4271,CHICKEN_FRESHLY#PREPARED_PEPPERS,2,3345,0,6,0,0,0,0,CHICKEN~3#:#FRESHLY#PREPARED~2#:#PEPPERS~2,0.67#:#1.0#:#1.0,1.0,0.67,0
4272,CHICKEN_FRESHLY#PREPARED_STYLE,2,3345,0,6,0,0,0,0,CHICKEN~3#:#FRESHLY#PREPARED~2#:#STYLE~2,0.67#:#1.0#:#1.0,1.0,0.67,0
4273,FRESHLY#PREPARED_PIZZA_SNACK,2,3345,0,6,0,0,0,0,FRESHLY#PREPARED~2#:#PIZZA~2#:#SNACK~3,1.0#:#1.0#:#0.67,1.0,0.67,0
4274,PEPPERS_SNACK_STYLE,2,3345,0,6,0,0,0,0,PEPPERS~2#:#SNACK~3#:#STYLE~2,1.0#:#0.67#:#1.0,1.0,0.67,0
4275,PEPPERS_PIZZA_STYLE,2,3345,0,6,0,0,0,0,PEPPERS~2#:#PIZZA~2#:#STYLE~2,1.0#:#1.0#:#1.0,1.0,1.0,1
4276,FRESHLY#PREPARED_PEPPERS_PIZZA,2,3345,0,6,0,0,0,0,FRESHLY#PREPARED~2#:#PEPPERS~2#:#PIZZA~2,1.0#:#1.0#:#1.0,1.0,1.0,1
4277,FRESHLY#PREPARED_PIZZA_STYLE,2,3345,0,6,0,0,0,0,FRESHLY#PREPARED~2#:#PIZZA~2#:#STYLE~2,1.0#:#1.0#:#1.0,1.0,1.0,1
4278,FRESHLY#PREPARED_PEPPERS_STYLE,2,3345,0,6,0,0,0,0,FRESHLY#PREPARED~2#:#PEPPERS~2#:#STYLE~2,1.0#:#1.0#:#1.0,1.0,1.0,1
4279,AND_CHICKEN_FRESH,3,3345,1,6,0,0,0,0,AND~2#:#CHICKEN~3#:#FRESH~3,1.5#:#1.0#:#1.0,1.5,1.0,1
4280,CHICKEN_FRESH_FROZEN,6,3345,1,6,0,0,0,0,CHICKEN~3#:#FRESH~3#:#FROZEN~2,2.0#:#2.0#:#3.0,3.0,2.0,1
4281,CHICKEN_FRESH_PIECES,6,3345,1,6,0,0,0,0,CHICKEN~3#:#FRESH~3#:#PIECES~2,2.0#:#2.0#:#3.0,3.0,2.0,1
4282,AND_CHICKEN_CUTS,2,3345,0,6,0,0,0,0,AND~2#:#CHICKEN~3#:#CUTS~2,1.0#:#0.67#:#1.0,1.0,0.67,0
4283,CHICKEN_CUTS_FROZEN,5,3345,0,6,0,0,0,0,CHICKEN~3#:#CUTS~2#:#FROZEN~2,1.67#:#2.5#:#2.5,2.5,1.67,1
4284,CHICKEN_CUTS_PIECES,8,3345,0,6,0,0,0,0,CHICKEN~3#:#CUTS~2#:#PIECES~2,2.67#:#4.0#:#4.0,4.0,2.67,1
4285,AND_CHICKEN_PIECES,2,3345,0,6,0,0,0,0,AND~2#:#CHICKEN~3#:#PIECES~2,1.0#:#0.67#:#1.0,1.0,0.67,0
4286,CHICKEN_FROZEN_PIECES,3,3345,0,6,0,0,0,0,CHICKEN~3#:#FROZEN~2#:#PIECES~2,1.0#:#1.5#:#1.5,1.5,1.0,1
4287,AND_CUTS_FRESH,3,3345,1,6,0,0,0,0,AND~2#:#CUTS~2#:#FRESH~3,1.5#:#1.5#:#1.0,1.5,1.0,1
4288,CUTS_FRESH_FROZEN,3,3345,1,6,0,0,0,0,CUTS~2#:#FRESH~3#:#FROZEN~2,1.5#:#1.0#:#1.5,1.5,1.0,1
4289,CUTS_FRESH_PIECES,6,3345,1,6,0,0,0,0,CUTS~2#:#FRESH~3#:#PIECES~2,3.0#:#2.0#:#3.0,3.0,2.0,1
4290,AND_FRESH_PIECES,2,3345,1,6,0,0,0,0,AND~2#:#FRESH~3#:#PIECES~2,1.0#:#0.67#:#1.0,1.0,0.67,0
4291,FRESH_FROZEN_PIECES,3,3345,1,6,0,0,0,0,FRESH~3#:#FROZEN~2#:#PIECES~2,1.0#:#1.5#:#1.5,1.5,1.0,1
4292,AND_CUTS_PIECES,2,3345,0,6,0,0,0,0,AND~2#:#CUTS~2#:#PIECES~2,1.0#:#1.0#:#1.0,1.0,1.0,1
4293,CUTS_FROZEN_PIECES,3,3345,0,6,0,0,0,0,CUTS~2#:#FROZEN~2#:#PIECES~2,1.5#:#1.5#:#1.5,1.5,1.5,1
4294,CHICKEN_FRESH_PACK,5,3345,2,6,0,0,0,0,CHICKEN~3#:#FRESH~3#:#PACK~3,1.67#:#1.67#:#1.67,1.67,1.67,1
4295,CHICKEN_FRESH_WINGS,2,3345,1,6,0,0,0,0,CHICKEN~3#:#FRESH~3#:#WINGS~2,0.67#:#0.67#:#1.0,1.0,0.67,0
4296,CHICKEN_CUTS_PACK,8,3345,1,6,0,0,0,0,CHICKEN~3#:#CUTS~2#:#PACK~3,2.67#:#4.0#:#2.67,4.0,2.67,1
4297,CHICKEN_PACK_PIECES,5,3345,1,6,0,0,0,0,CHICKEN~3#:#PACK~3#:#PIECES~2,1.67#:#1.67#:#2.5,2.5,1.67,1
4298,CHICKEN_PACK_WINGS,3,3345,1,6,0,0,0,0,CHICKEN~3#:#PACK~3#:#WINGS~2,1.0#:#1.0#:#1.5,1.5,1.0,1
4299,FRESH_FROZEN_PACK,2,3345,2,6,0,0,0,0,FRESH~3#:#FROZEN~2#:#PACK~3,0.67#:#1.0#:#0.67,1.0,0.67,0
4300,CUTS_FRESH_PACK,5,3345,2,6,0,0,0,0,CUTS~2#:#FRESH~3#:#PACK~3,2.5#:#1.67#:#1.67,2.5,1.67,1
4301,FRESH_PACK_PIECES,3,3345,2,6,0,0,0,0,FRESH~3#:#PACK~3#:#PIECES~2,1.0#:#1.0#:#1.5,1.5,1.0,1
4302,CUTS_FROZEN_PACK,2,3345,1,6,0,0,0,0,CUTS~2#:#FROZEN~2#:#PACK~3,1.0#:#1.0#:#0.67,1.0,0.67,0
4303,FROZEN_PACK_PIECES,2,3345,1,6,0,0,0,0,FROZEN~2#:#PACK~3#:#PIECES~2,1.0#:#0.67#:#1.0,1.0,0.67,0
4304,CUTS_PACK_PIECES,3,3345,1,6,0,0,0,0,CUTS~2#:#PACK~3#:#PIECES~2,1.5#:#1.0#:#1.5,1.5,1.0,1
4305,CUTS_FROZEN_WINGS,2,3345,0,6,0,0,0,0,CUTS~2#:#FROZEN~2#:#WINGS~2,1.0#:#1.0#:#1.0,1.0,1.0,1
4306,CHICKEN_FRESH_THIGH,2,3345,1,6,0,0,0,0,CHICKEN~3#:#FRESH~3#:#THIGH~2,0.67#:#0.67#:#1.0,1.0,0.67,0
4307,CHICKEN_PACK_THIGH,5,3345,1,6,0,0,0,0,CHICKEN~3#:#PACK~3#:#THIGH~2,1.67#:#1.67#:#2.5,2.5,1.67,1
4308,CHICKEN_CUTS_THIGH,2,3345,0,6,0,0,0,0,CHICKEN~3#:#CUTS~2#:#THIGH~2,0.67#:#1.0#:#1.0,1.0,0.67,0
4309,CHICKEN_PIECES_THIGH,2,3345,0,6,0,0,0,0,CHICKEN~3#:#PIECES~2#:#THIGH~2,0.67#:#1.0#:#1.0,1.0,0.67,0
4310,FRESH_PIECES_THIGH,2,3345,1,6,0,0,0,0,FRESH~3#:#PIECES~2#:#THIGH~2,0.67#:#1.0#:#1.0,1.0,0.67,0
4311,CUTS_PACK_THIGH,2,3345,1,6,0,0,0,0,CUTS~2#:#PACK~3#:#THIGH~2,1.0#:#0.67#:#1.0,1.0,0.67,0
4312,CHICKEN_PIECES_RAW,2,3345,0,6,0,0,0,0,CHICKEN~3#:#PIECES~2#:#RAW~2,0.67#:#1.0#:#1.0,1.0,0.67,0
4313,CHICKEN_FRESH_MEAL,5,3345,1,6,0,0,0,0,CHICKEN~3#:#FRESH~3#:#MEAL~2,1.67#:#1.67#:#2.5,2.5,1.67,1
4314,BONELESS_FRESH_MEAL,2,3345,1,6,0,0,0,0,BONELESS~2#:#FRESH~3#:#MEAL~2,1.0#:#0.67#:#1.0,1.0,0.67,0
4315,BREAST_CHICKEN_CUTS,5,3345,0,6,0,0,0,0,BREAST~2#:#CHICKEN~3#:#CUTS~2,2.5#:#1.67#:#2.5,2.5,1.67,1
4316,CUTS_FRESH_SLICED,2,3345,1,6,0,0,0,0,CUTS~2#:#FRESH~3#:#SLICED~2,1.0#:#0.67#:#1.0,1.0,0.67,0
4317,CHICKEN_FRESH_WHOLE,3,3345,1,6,0,0,0,0,CHICKEN~3#:#FRESH~3#:#WHOLE~2,1.0#:#1.0#:#1.5,1.5,1.0,1
4318,CHICKEN_FROZEN_WHOLE,2,3345,0,6,0,0,0,0,CHICKEN~3#:#FROZEN~2#:#WHOLE~2,0.67#:#1.0#:#1.0,1.0,0.67,0
4319,FRESH_FROZEN_WHOLE,2,3345,1,6,0,0,0,0,FRESH~3#:#FROZEN~2#:#WHOLE~2,0.67#:#1.0#:#1.0,1.0,0.67,0
4320,CHICKEN_FRESH_LARGE,2,3345,1,6,0,0,0,0,CHICKEN~3#:#FRESH~3#:#LARGE~2,0.67#:#0.67#:#1.0,1.0,0.67,0
4321,CHICKEN_FRESH_SIZE,2,3345,1,6,0,0,0,0,CHICKEN~3#:#FRESH~3#:#SIZE~2,0.67#:#0.67#:#1.0,1.0,0.67,0
4322,CHICKEN_LARGE_SIZE,2,3345,0,6,0,0,0,0,CHICKEN~3#:#LARGE~2#:#SIZE~2,0.67#:#1.0#:#1.0,1.0,0.67,0
4323,CHICKEN_LARGE_WHOLE,2,3345,0,6,0,0,0,0,CHICKEN~3#:#LARGE~2#:#WHOLE~2,0.67#:#1.0#:#1.0,1.0,0.67,0
4324,CHICKEN_SIZE_WHOLE,2,3345,0,6,0,0,0,0,CHICKEN~3#:#SIZE~2#:#WHOLE~2,0.67#:#1.0#:#1.0,1.0,0.67,0
4325,FRESH_LARGE_SIZE,15,3345,1,6,0,0,0,0,FRESH~3#:#LARGE~2#:#SIZE~2,5.0#:#7.5#:#7.5,7.5,5.0,1
4326,FRESH_LARGE_WHOLE,2,3345,1,6,0,0,0,0,FRESH~3#:#LARGE~2#:#WHOLE~2,0.67#:#1.0#:#1.0,1.0,0.67,0
4327,FRESH_SIZE_WHOLE,2,3345,1,6,0,0,0,0,FRESH~3#:#SIZE~2#:#WHOLE~2,0.67#:#1.0#:#1.0,1.0,0.67,0
4328,LARGE_SIZE_WHOLE,2,3345,0,6,0,0,0,0,LARGE~2#:#SIZE~2#:#WHOLE~2,1.0#:#1.0#:#1.0,1.0,1.0,1
4329,CHICKEN_PACK_WHOLE,3,3345,1,6,0,0,0,0,CHICKEN~3#:#PACK~3#:#WHOLE~2,1.0#:#1.0#:#1.5,1.5,1.0,1
4330,FRESH_PACK_SIZE,2,3345,2,6,0,0,0,0,FRESH~3#:#PACK~3#:#SIZE~2,0.67#:#0.67#:#1.0,1.0,0.67,0
4331,FRESH_PACK_WHOLE,3,3345,2,6,0,0,0,0,FRESH~3#:#PACK~3#:#WHOLE~2,1.0#:#1.0#:#1.5,1.5,1.0,1
4332,EXTRA_FRESH_LARGE,2,3345,2,6,0,0,0,0,EXTRA~2#:#FRESH~3#:#LARGE~2,1.0#:#0.67#:#1.0,1.0,0.67,0
4333,BACON_CHICKEN_FRESH,6,3345,1,6,0,0,0,0,BACON~2#:#CHICKEN~3#:#FRESH~3,3.0#:#2.0#:#2.0,3.0,2.0,1
4334,BACON_CHICKEN_MEAL,2,3345,0,6,0,0,0,0,BACON~2#:#CHICKEN~3#:#MEAL~2,1.0#:#0.67#:#1.0,1.0,0.67,0
4335,BACON_CHICKEN_SLICED,5,3345,0,6,0,0,0,0,BACON~2#:#CHICKEN~3#:#SLICED~2,2.5#:#1.67#:#2.5,2.5,1.67,1
4336,BACON_CHICKEN_SMOKE,5,3345,0,6,0,0,0,0,BACON~2#:#CHICKEN~3#:#SMOKE~2,2.5#:#1.67#:#2.5,2.5,1.67,1
4337,BACON_CHICKEN_STYLE,6,3345,0,6,0,0,0,0,BACON~2#:#CHICKEN~3#:#STYLE~2,3.0#:#2.0#:#3.0,3.0,2.0,1
4338,CHICKEN_MEAL_SLICED,2,3345,0,6,0,0,0,0,CHICKEN~3#:#MEAL~2#:#SLICED~2,0.67#:#1.0#:#1.0,1.0,0.67,0
4339,CHICKEN_MEAL_SMOKE,2,3345,0,6,0,0,0,0,CHICKEN~3#:#MEAL~2#:#SMOKE~2,0.67#:#1.0#:#1.0,1.0,0.67,0
4340,CHICKEN_MEAL_STYLE,3,3345,0,6,0,0,0,0,CHICKEN~3#:#MEAL~2#:#STYLE~2,1.0#:#1.5#:#1.5,1.5,1.0,1
4341,BACON_FRESH_MEAL,2,3345,1,6,0,0,0,0,BACON~2#:#FRESH~3#:#MEAL~2,1.0#:#0.67#:#1.0,1.0,0.67,0
4342,BACON_FRESH_SLICED,4,3345,1,6,0,0,0,0,BACON~2#:#FRESH~3#:#SLICED~2,2.0#:#1.33#:#2.0,2.0,1.33,1
4343,BACON_FRESH_SMOKE,4,3345,1,6,0,0,0,0,BACON~2#:#FRESH~3#:#SMOKE~2,2.0#:#1.33#:#2.0,2.0,1.33,1
4344,BACON_FRESH_STYLE,6,3345,1,6,0,0,0,0,BACON~2#:#FRESH~3#:#STYLE~2,3.0#:#2.0#:#3.0,3.0,2.0,1
4345,FRESH_MEAL_SLICED,2,3345,1,6,0,0,0,0,FRESH~3#:#MEAL~2#:#SLICED~2,0.67#:#1.0#:#1.0,1.0,0.67,0
4346,FRESH_MEAL_SMOKE,2,3345,1,6,0,0,0,0,FRESH~3#:#MEAL~2#:#SMOKE~2,0.67#:#1.0#:#1.0,1.0,0.67,0
4347,FRESH_MEAL_STYLE,3,3345,1,6,0,0,0,0,FRESH~3#:#MEAL~2#:#STYLE~2,1.0#:#1.5#:#1.5,1.5,1.0,1
4348,FRESH_SLICED_SMOKE,3,3345,1,6,0,0,0,0,FRESH~3#:#SLICED~2#:#SMOKE~2,1.0#:#1.5#:#1.5,1.5,1.0,1
4349,FRESH_SLICED_STYLE,4,3345,1,6,0,0,0,0,FRESH~3#:#SLICED~2#:#STYLE~2,1.33#:#2.0#:#2.0,2.0,1.33,1
4350,FRESH_SMOKE_STYLE,4,3345,1,6,0,0,0,0,FRESH~3#:#SMOKE~2#:#STYLE~2,1.33#:#2.0#:#2.0,2.0,1.33,1
4351,BACON_MEAL_SLICED,2,3345,0,6,0,0,0,0,BACON~2#:#MEAL~2#:#SLICED~2,1.0#:#1.0#:#1.0,1.0,1.0,1
4352,BACON_MEAL_SMOKE,2,3345,0,6,0,0,0,0,BACON~2#:#MEAL~2#:#SMOKE~2,1.0#:#1.0#:#1.0,1.0,1.0,1
4353,BACON_MEAL_STYLE,2,3345,0,6,0,0,0,0,BACON~2#:#MEAL~2#:#STYLE~2,1.0#:#1.0#:#1.0,1.0,1.0,1
4354,BACON_SLICED_SMOKE,3,3345,0,6,0,0,0,0,BACON~2#:#SLICED~2#:#SMOKE~2,1.5#:#1.5#:#1.5,1.5,1.5,1
4355,BACON_SLICED_STYLE,4,3345,0,6,0,0,0,0,BACON~2#:#SLICED~2#:#STYLE~2,2.0#:#2.0#:#2.0,2.0,2.0,1
4356,BACON_SMOKE_STYLE,4,3345,0,6,0,0,0,0,BACON~2#:#SMOKE~2#:#STYLE~2,2.0#:#2.0#:#2.0,2.0,2.0,1
4357,MEAL_SLICED_SMOKE,2,3345,0,6,0,0,0,0,MEAL~2#:#SLICED~2#:#SMOKE~2,1.0#:#1.0#:#1.0,1.0,1.0,1
4358,MEAL_SLICED_STYLE,2,3345,0,6,0,0,0,0,MEAL~2#:#SLICED~2#:#STYLE~2,1.0#:#1.0#:#1.0,1.0,1.0,1
4359,MEAL_SMOKE_STYLE,2,3345,0,6,0,0,0,0,MEAL~2#:#SMOKE~2#:#STYLE~2,1.0#:#1.0#:#1.0,1.0,1.0,1
4360,CHICKEN_FLAVOUR_PEPPERS,2,3345,1,6,0,0,0,0,CHICKEN~3#:#FLAVOUR~3#:#PEPPERS~2,0.67#:#0.67#:#1.0,1.0,0.67,0
4361,CHICKEN_FLAVOUR_STYLE,2,3345,1,6,0,0,0,0,CHICKEN~3#:#FLAVOUR~3#:#STYLE~2,0.67#:#0.67#:#1.0,1.0,0.67,0
4362,CHICKEN_FRESH_PEPPERS,2,3345,1,6,0,0,0,0,CHICKEN~3#:#FRESH~3#:#PEPPERS~2,0.67#:#0.67#:#1.0,1.0,0.67,0
4363,CHICKEN_PEPPERS_SMOKE,2,3345,0,6,0,0,0,0,CHICKEN~3#:#PEPPERS~2#:#SMOKE~2,0.67#:#1.0#:#1.0,1.0,0.67,0
4364,FLAVOUR_PEPPERS_STYLE,2,3345,1,6,0,0,0,0,FLAVOUR~3#:#PEPPERS~2#:#STYLE~2,0.67#:#1.0#:#1.0,1.0,0.67,0
4365,CUTS_FRENCH_PREMIUM,2,3345,0,6,0,0,0,0,CUTS~2#:#FRENCH~2#:#PREMIUM~2,1.0#:#1.0#:#1.0,1.0,1.0,1
4366,BREAST_CHICKEN_CUBES,2,3345,0,6,0,0,0,0,BREAST~2#:#CHICKEN~3#:#CUBES~2,1.0#:#0.67#:#1.0,1.0,0.67,0
4367,BONELESS_CHICKEN_CUBES,3,3345,0,6,0,0,0,0,BONELESS~2#:#CHICKEN~3#:#CUBES~2,1.5#:#1.0#:#1.5,1.5,1.0,1
4368,CHICKEN_GODREJ_GOOD,9,3345,0,6,0,0,0,0,CHICKEN~3#:#GODREJ~2#:#GOOD~2,3.0#:#4.5#:#4.5,4.5,3.0,1
4369,CHICKEN_GODREJ_REAL,9,3345,0,6,0,0,0,0,CHICKEN~3#:#GODREJ~2#:#REAL~2,3.0#:#4.5#:#4.5,4.5,3.0,1
4370,CHICKEN_GOOD_REAL,9,3345,0,6,0,0,0,0,CHICKEN~3#:#GOOD~2#:#REAL~2,3.0#:#4.5#:#4.5,4.5,3.0,1
4371,BONELESS_BREAST_CUBES,2,3345,0,6,0,0,0,0,BONELESS~2#:#BREAST~2#:#CUBES~2,1.0#:#1.0#:#1.0,1.0,1.0,1
4372,BONELESS_BREAST_FROZEN,2,3345,0,6,0,0,0,0,BONELESS~2#:#BREAST~2#:#FROZEN~2,1.0#:#1.0#:#1.0,1.0,1.0,1
4373,GODREJ_GOOD_REAL,9,3345,0,6,0,0,0,0,GODREJ~2#:#GOOD~2#:#REAL~2,4.5#:#4.5#:#4.5,4.5,4.5,1
4374,CHICKEN_LEMON_PEPPERS,2,3345,1,6,0,0,0,0,CHICKEN~3#:#LEMON~2#:#PEPPERS~2,0.67#:#1.0#:#1.0,1.0,0.67,0
4375,CHICKEN_LICIOUS_PEPPERS,4,3345,0,6,0,0,0,0,CHICKEN~3#:#LICIOUS~2#:#PEPPERS~2,1.33#:#2.0#:#2.0,2.0,1.33,1
4376,COOKIES_FOR_FRESH,2,3345,2,6,0,0,0,0,COOKIES~2#:#FOR~2#:#FRESH~3,1.0#:#1.0#:#0.67,1.0,0.67,0
4377,CHICKEN_LICIOUS_SAUCE,2,3345,0,6,0,0,0,0,CHICKEN~3#:#LICIOUS~2#:#SAUCE~2,0.67#:#1.0#:#1.0,1.0,0.67,0
4378,CHICKEN_LICIOUS_THIGH,2,3345,0,6,0,0,0,0,CHICKEN~3#:#LICIOUS~2#:#THIGH~2,0.67#:#1.0#:#1.0,1.0,0.67,0
4379,CHICKEN_CHILLI_LICIOUS,2,3345,0,6,0,0,0,0,CHICKEN~3#:#CHILLI~2#:#LICIOUS~2,0.67#:#1.0#:#1.0,1.0,0.67,0
4380,CHILLI_GREEN_STYLE,3,3345,0,6,0,0,0,0,CHILLI~2#:#GREEN~2#:#STYLE~2,1.5#:#1.5#:#1.5,1.5,1.5,1
4381,EAT_READY#TO_SAUCE,3,3345,0,6,0,0,0,0,EAT~2#:#READY#TO~2#:#SAUCE~2,1.5#:#1.5#:#1.5,1.5,1.5,1
4382,CREAMY_FAMILY_PACK,2,3345,2,6,0,0,0,0,CREAMY~3#:#FAMILY~2#:#PACK~3,0.67#:#1.0#:#0.67,1.0,0.67,0
4383,FAMILY_PACK_POTATO,2,3345,1,6,0,0,0,0,FAMILY~2#:#PACK~3#:#POTATO~2,1.0#:#0.67#:#1.0,1.0,0.67,0
4384,CHEF#ITC#MASTER_FAMILY_PACK,2,3345,1,6,0,0,0,0,CHEF#ITC#MASTER~2#:#FAMILY~2#:#PACK~3,1.0#:#1.0#:#0.67,1.0,0.67,0
4385,CHEF#ITC#MASTER_PACK_POTATO,2,3345,1,6,0,0,0,0,CHEF#ITC#MASTER~2#:#PACK~3#:#POTATO~2,1.0#:#0.67#:#1.0,1.0,0.67,0
4386,CHEF#ITC#MASTER_FAMILY_POTATO,2,3345,0,6,0,0,0,0,CHEF#ITC#MASTER~2#:#FAMILY~2#:#POTATO~2,1.0#:#1.0#:#1.0,1.0,1.0,1
4387,AND_POTATO_ROASTED,2,3345,0,6,0,0,0,0,AND~2#:#POTATO~2#:#ROASTED~2,1.0#:#1.0#:#1.0,1.0,1.0,1
4388,AND_POTATO_WITH,2,3345,1,6,0,0,0,0,AND~2#:#POTATO~2#:#WITH~2,1.0#:#1.0#:#1.0,1.0,1.0,1
4389,AND_CHEF#ITC#MASTER_POTATO,2,3345,0,6,0,0,0,0,AND~2#:#CHEF#ITC#MASTER~2#:#POTATO~2,1.0#:#1.0#:#1.0,1.0,1.0,1
4390,AND_ROASTED_SALT,2,3345,1,6,0,0,0,0,AND~2#:#ROASTED~2#:#SALT~2,1.0#:#1.0#:#1.0,1.0,1.0,1
4391,AND_ROASTED_WITH,2,3345,1,6,0,0,0,0,AND~2#:#ROASTED~2#:#WITH~2,1.0#:#1.0#:#1.0,1.0,1.0,1
4392,AND_CHEF#ITC#MASTER_ROASTED,2,3345,0,6,0,0,0,0,AND~2#:#CHEF#ITC#MASTER~2#:#ROASTED~2,1.0#:#1.0#:#1.0,1.0,1.0,1
4393,POTATO_ROASTED_WITH,2,3345,1,6,0,0,0,0,POTATO~2#:#ROASTED~2#:#WITH~2,1.0#:#1.0#:#1.0,1.0,1.0,1
4394,CHEF#ITC#MASTER_POTATO_ROASTED,3,3345,0,6,0,0,0,0,CHEF#ITC#MASTER~2#:#POTATO~2#:#ROASTED~2,1.5#:#1.5#:#1.5,1.5,1.5,1
4395,CHEF#ITC#MASTER_POTATO_WITH,2,3345,1,6,0,0,0,0,CHEF#ITC#MASTER~2#:#POTATO~2#:#WITH~2,1.0#:#1.0#:#1.0,1.0,1.0,1
4396,CHEF#ITC#MASTER_ROASTED_WITH,2,3345,1,6,0,0,0,0,CHEF#ITC#MASTER~2#:#ROASTED~2#:#WITH~2,1.0#:#1.0#:#1.0,1.0,1.0,1
4397,GARLIC_POTATO_ROASTED,2,3345,0,6,0,0,0,0,GARLIC~2#:#POTATO~2#:#ROASTED~2,1.0#:#1.0#:#1.0,1.0,1.0,1
4398,CHEF#ITC#MASTER_GARLIC_POTATO,2,3345,0,6,0,0,0,0,CHEF#ITC#MASTER~2#:#GARLIC~2#:#POTATO~2,1.0#:#1.0#:#1.0,1.0,1.0,1
4399,GARLIC_ROASTED_WITH,2,3345,1,6,0,0,0,0,GARLIC~2#:#ROASTED~2#:#WITH~2,1.0#:#1.0#:#1.0,1.0,1.0,1
4400,CHEF#ITC#MASTER_GARLIC_ROASTED,2,3345,0,6,0,0,0,0,CHEF#ITC#MASTER~2#:#GARLIC~2#:#ROASTED~2,1.0#:#1.0#:#1.0,1.0,1.0,1
4401,EAT_READY#TO_RICH,4,3345,0,6,0,0,0,0,EAT~2#:#READY#TO~2#:#RICH~2,2.0#:#2.0#:#2.0,2.0,2.0,1
4402,CHICKEN_LICIOUS_SNACK,3,3345,0,6,0,0,0,0,CHICKEN~3#:#LICIOUS~2#:#SNACK~3,1.0#:#1.5#:#1.0,1.5,1.0,1
4403,PEPPERS_SNACK_STICK,2,3345,1,6,0,0,0,0,PEPPERS~2#:#SNACK~3#:#STICK~2,1.0#:#0.67#:#1.0,1.0,0.67,0
4404,CHICKEN_GRAM_PACK,28,3345,1,6,0,0,0,0,CHICKEN~3#:#GRAM~2#:#PACK~3,9.33#:#14.0#:#9.33,14.0,9.33,1
4405,CHICKEN_GODREJ_GRAM,7,3345,0,6,0,0,0,0,CHICKEN~3#:#GODREJ~2#:#GRAM~2,2.33#:#3.5#:#3.5,3.5,2.33,1
4406,CHICKEN_GRAM_YUMMIEZ,7,3345,0,6,0,0,0,0,CHICKEN~3#:#GRAM~2#:#YUMMIEZ~2,2.33#:#3.5#:#3.5,3.5,2.33,1
4407,GODREJ_GRAM_PACK,7,3345,1,6,0,0,0,0,GODREJ~2#:#GRAM~2#:#PACK~3,3.5#:#3.5#:#2.33,3.5,2.33,1
4408,GRAM_PACK_YUMMIEZ,7,3345,1,6,0,0,0,0,GRAM~2#:#PACK~3#:#YUMMIEZ~2,3.5#:#2.33#:#3.5,3.5,2.33,1
4409,GODREJ_GRAM_YUMMIEZ,7,3345,0,6,0,0,0,0,GODREJ~2#:#GRAM~2#:#YUMMIEZ~2,3.5#:#3.5#:#3.5,3.5,3.5,1
4410,CHEF#ITC#MASTER_CHICKEN_PACK,3,3345,1,6,0,0,0,0,CHEF#ITC#MASTER~2#:#CHICKEN~3#:#PACK~3,1.5#:#1.0#:#1.0,1.5,1.0,1
4411,CHEF#ITC#MASTER_CHICKEN_GRAM,3,3345,0,6,0,0,0,0,CHEF#ITC#MASTER~2#:#CHICKEN~3#:#GRAM~2,1.5#:#1.0#:#1.5,1.5,1.0,1
4412,CHEF#ITC#MASTER_GRAM_PACK,3,3345,1,6,0,0,0,0,CHEF#ITC#MASTER~2#:#GRAM~2#:#PACK~3,1.5#:#1.5#:#1.0,1.5,1.0,1
4413,BONELESS_CHICKEN_PACK,9,3345,1,6,0,0,0,0,BONELESS~2#:#CHICKEN~3#:#PACK~3,4.5#:#3.0#:#3.0,4.5,3.0,1
4414,CHICKEN_LICIOUS_PACK,6,3345,1,6,0,0,0,0,CHICKEN~3#:#LICIOUS~2#:#PACK~3,2.0#:#3.0#:#2.0,3.0,2.0,1
4415,BREAST_CHICKEN_PACK,6,3345,1,6,0,0,0,0,BREAST~2#:#CHICKEN~3#:#PACK~3,3.0#:#2.0#:#2.0,3.0,2.0,1
4416,BONELESS_CHICKEN_GRAM,9,3345,0,6,0,0,0,0,BONELESS~2#:#CHICKEN~3#:#GRAM~2,4.5#:#3.0#:#4.5,4.5,3.0,1
4417,CHICKEN_GRAM_LICIOUS,3,3345,0,6,0,0,0,0,CHICKEN~3#:#GRAM~2#:#LICIOUS~2,1.0#:#1.5#:#1.5,1.5,1.0,1
4418,BREAST_CHICKEN_GRAM,6,3345,0,6,0,0,0,0,BREAST~2#:#CHICKEN~3#:#GRAM~2,3.0#:#2.0#:#3.0,3.0,2.0,1
4419,BONELESS_GRAM_PACK,9,3345,1,6,0,0,0,0,BONELESS~2#:#GRAM~2#:#PACK~3,4.5#:#4.5#:#3.0,4.5,3.0,1
4420,BONELESS_LICIOUS_PACK,2,3345,1,6,0,0,0,0,BONELESS~2#:#LICIOUS~2#:#PACK~3,1.0#:#1.0#:#0.67,1.0,0.67,0
4421,BONELESS_BREAST_PACK,5,3345,1,6,0,0,0,0,BONELESS~2#:#BREAST~2#:#PACK~3,2.5#:#2.5#:#1.67,2.5,1.67,1
4422,GRAM_LICIOUS_PACK,4,3345,1,6,0,0,0,0,GRAM~2#:#LICIOUS~2#:#PACK~3,2.0#:#2.0#:#1.33,2.0,1.33,1
4423,BREAST_GRAM_PACK,6,3345,1,6,0,0,0,0,BREAST~2#:#GRAM~2#:#PACK~3,3.0#:#3.0#:#2.0,3.0,2.0,1
4424,BREAST_LICIOUS_PACK,2,3345,1,6,0,0,0,0,BREAST~2#:#LICIOUS~2#:#PACK~3,1.0#:#1.0#:#0.67,1.0,0.67,0
4425,BONELESS_GRAM_LICIOUS,2,3345,0,6,0,0,0,0,BONELESS~2#:#GRAM~2#:#LICIOUS~2,1.0#:#1.0#:#1.0,1.0,1.0,1
4426,BONELESS_BREAST_GRAM,5,3345,0,6,0,0,0,0,BONELESS~2#:#BREAST~2#:#GRAM~2,2.5#:#2.5#:#2.5,2.5,2.5,1
4427,BREAST_GRAM_LICIOUS,2,3345,0,6,0,0,0,0,BREAST~2#:#GRAM~2#:#LICIOUS~2,1.0#:#1.0#:#1.0,1.0,1.0,1
4428,CUTS_GRAM_PACK,6,3345,1,6,0,0,0,0,CUTS~2#:#GRAM~2#:#PACK~3,3.0#:#3.0#:#2.0,3.0,2.0,1
4429,CURRY_CUTS_PACK,4,3345,1,6,0,0,0,0,CURRY~2#:#CUTS~2#:#PACK~3,2.0#:#2.0#:#1.33,2.0,1.33,1
4430,CURRY_GRAM_PACK,3,3345,1,6,0,0,0,0,CURRY~2#:#GRAM~2#:#PACK~3,1.5#:#1.5#:#1.0,1.5,1.0,1
4431,CURRY_CUTS_GRAM,3,3345,0,6,0,0,0,0,CURRY~2#:#CUTS~2#:#GRAM~2,1.5#:#1.5#:#1.5,1.5,1.5,1
4432,CURRY_CUTS_LICIOUS,4,3345,0,6,0,0,0,0,CURRY~2#:#CUTS~2#:#LICIOUS~2,2.0#:#2.0#:#2.0,2.0,2.0,1
4433,CHICKEN_PACK_SAUSAGE,4,3345,1,6,0,0,0,0,CHICKEN~3#:#PACK~3#:#SAUSAGE~2,1.33#:#1.33#:#2.0,2.0,1.33,1
4434,CHICKEN_GRAM_THIGH,4,3345,0,6,0,0,0,0,CHICKEN~3#:#GRAM~2#:#THIGH~2,1.33#:#2.0#:#2.0,2.0,1.33,1
4435,BONELESS_CHICKEN_THIGH,7,3345,0,6,0,0,0,0,BONELESS~2#:#CHICKEN~3#:#THIGH~2,3.5#:#2.33#:#3.5,3.5,2.33,1
4436,GRAM_PACK_THIGH,4,3345,1,6,0,0,0,0,GRAM~2#:#PACK~3#:#THIGH~2,2.0#:#1.33#:#2.0,2.0,1.33,1
4437,BONELESS_PACK_THIGH,4,3345,1,6,0,0,0,0,BONELESS~2#:#PACK~3#:#THIGH~2,2.0#:#1.33#:#2.0,2.0,1.33,1
4438,BONELESS_GRAM_THIGH,4,3345,0,6,0,0,0,0,BONELESS~2#:#GRAM~2#:#THIGH~2,2.0#:#2.0#:#2.0,2.0,2.0,1
4439,PACK_PIECES_WHOLE,2,3345,1,6,0,0,0,0,PACK~3#:#PIECES~2#:#WHOLE~2,0.67#:#1.0#:#1.0,1.0,0.67,0
4440,GRAM_PACK_READY#TO,2,3345,1,6,0,0,0,0,GRAM~2#:#PACK~3#:#READY#TO~2,1.0#:#0.67#:#1.0,1.0,0.67,0
4441,CHICKEN_FILLET_PACK,4,3345,1,6,0,0,0,0,CHICKEN~3#:#FILLET~2#:#PACK~3,1.33#:#2.0#:#1.33,2.0,1.33,1
4442,CHICKEN_PACK_THIN,3,3345,1,6,0,0,0,0,CHICKEN~3#:#PACK~3#:#THIN~2,1.0#:#1.0#:#1.5,1.5,1.0,1
4443,BONELESS_CHICKEN_FILLET,6,3345,0,6,0,0,0,0,BONELESS~2#:#CHICKEN~3#:#FILLET~2,3.0#:#2.0#:#3.0,3.0,2.0,1
4444,CHICKEN_CUTS_FILLET,2,3345,0,6,0,0,0,0,CHICKEN~3#:#CUTS~2#:#FILLET~2,0.67#:#1.0#:#1.0,1.0,0.67,0
4445,CHICKEN_CUTS_GRAM,5,3345,0,6,0,0,0,0,CHICKEN~3#:#CUTS~2#:#GRAM~2,1.67#:#2.5#:#2.5,2.5,1.67,1
4446,CHICKEN_FILLET_GRAM,4,3345,0,6,0,0,0,0,CHICKEN~3#:#FILLET~2#:#GRAM~2,1.33#:#2.0#:#2.0,2.0,1.33,1
4447,BREAST_CHICKEN_FILLET,7,3345,0,6,0,0,0,0,BREAST~2#:#CHICKEN~3#:#FILLET~2,3.5#:#2.33#:#3.5,3.5,2.33,1
4448,CHICKEN_FILLET_THIN,2,3345,0,6,0,0,0,0,CHICKEN~3#:#FILLET~2#:#THIN~2,0.67#:#1.0#:#1.0,1.0,0.67,0
4449,CHICKEN_GRAM_THIN,3,3345,0,6,0,0,0,0,CHICKEN~3#:#GRAM~2#:#THIN~2,1.0#:#1.5#:#1.5,1.5,1.0,1
4450,BONELESS_CUTS_PACK,2,3345,1,6,0,0,0,0,BONELESS~2#:#CUTS~2#:#PACK~3,1.0#:#1.0#:#0.67,1.0,0.67,0
4451,BONELESS_FILLET_PACK,3,3345,1,6,0,0,0,0,BONELESS~2#:#FILLET~2#:#PACK~3,1.5#:#1.5#:#1.0,1.5,1.0,1
4452,BONELESS_PACK_THIN,2,3345,1,6,0,0,0,0,BONELESS~2#:#PACK~3#:#THIN~2,1.0#:#0.67#:#1.0,1.0,0.67,0
4453,CUTS_FILLET_PACK,2,3345,1,6,0,0,0,0,CUTS~2#:#FILLET~2#:#PACK~3,1.0#:#1.0#:#0.67,1.0,0.67,0
4454,BREAST_CUTS_PACK,2,3345,1,6,0,0,0,0,BREAST~2#:#CUTS~2#:#PACK~3,1.0#:#1.0#:#0.67,1.0,0.67,0
4455,CUTS_PACK_THIN,3,3345,1,6,0,0,0,0,CUTS~2#:#PACK~3#:#THIN~2,1.5#:#1.0#:#1.5,1.5,1.0,1
4456,FILLET_GRAM_PACK,4,3345,1,6,0,0,0,0,FILLET~2#:#GRAM~2#:#PACK~3,2.0#:#2.0#:#1.33,2.0,1.33,1
4457,BREAST_FILLET_PACK,3,3345,1,6,0,0,0,0,BREAST~2#:#FILLET~2#:#PACK~3,1.5#:#1.5#:#1.0,1.5,1.0,1
4458,FILLET_PACK_THIN,2,3345,1,6,0,0,0,0,FILLET~2#:#PACK~3#:#THIN~2,1.0#:#0.67#:#1.0,1.0,0.67,0
4459,GRAM_PACK_THIN,3,3345,1,6,0,0,0,0,GRAM~2#:#PACK~3#:#THIN~2,1.5#:#1.0#:#1.5,1.5,1.0,1
4460,BREAST_PACK_THIN,2,3345,1,6,0,0,0,0,BREAST~2#:#PACK~3#:#THIN~2,1.0#:#0.67#:#1.0,1.0,0.67,0
4461,BONELESS_CUTS_GRAM,2,3345,0,6,0,0,0,0,BONELESS~2#:#CUTS~2#:#GRAM~2,1.0#:#1.0#:#1.0,1.0,1.0,1
4462,BONELESS_CUTS_THIN,2,3345,0,6,0,0,0,0,BONELESS~2#:#CUTS~2#:#THIN~2,1.0#:#1.0#:#1.0,1.0,1.0,1
4463,BONELESS_FILLET_GRAM,3,3345,0,6,0,0,0,0,BONELESS~2#:#FILLET~2#:#GRAM~2,1.5#:#1.5#:#1.5,1.5,1.5,1
4464,BONELESS_BREAST_FILLET,4,3345,0,6,0,0,0,0,BONELESS~2#:#BREAST~2#:#FILLET~2,2.0#:#2.0#:#2.0,2.0,2.0,1
4465,BONELESS_GRAM_THIN,2,3345,0,6,0,0,0,0,BONELESS~2#:#GRAM~2#:#THIN~2,1.0#:#1.0#:#1.0,1.0,1.0,1
4466,CUTS_FILLET_GRAM,2,3345,0,6,0,0,0,0,CUTS~2#:#FILLET~2#:#GRAM~2,1.0#:#1.0#:#1.0,1.0,1.0,1
4467,BREAST_CUTS_FILLET,2,3345,0,6,0,0,0,0,BREAST~2#:#CUTS~2#:#FILLET~2,1.0#:#1.0#:#1.0,1.0,1.0,1
4468,CUTS_FILLET_THIN,2,3345,0,6,0,0,0,0,CUTS~2#:#FILLET~2#:#THIN~2,1.0#:#1.0#:#1.0,1.0,1.0,1
4469,BREAST_CUTS_GRAM,2,3345,0,6,0,0,0,0,BREAST~2#:#CUTS~2#:#GRAM~2,1.0#:#1.0#:#1.0,1.0,1.0,1
4470,CUTS_GRAM_THIN,3,3345,0,6,0,0,0,0,CUTS~2#:#GRAM~2#:#THIN~2,1.5#:#1.5#:#1.5,1.5,1.5,1
4471,BREAST_CUTS_THIN,3,3345,0,6,0,0,0,0,BREAST~2#:#CUTS~2#:#THIN~2,1.5#:#1.5#:#1.5,1.5,1.5,1
4472,BREAST_FILLET_GRAM,3,3345,0,6,0,0,0,0,BREAST~2#:#FILLET~2#:#GRAM~2,1.5#:#1.5#:#1.5,1.5,1.5,1
4473,FILLET_GRAM_THIN,2,3345,0,6,0,0,0,0,FILLET~2#:#GRAM~2#:#THIN~2,1.0#:#1.0#:#1.0,1.0,1.0,1
4474,BREAST_FILLET_THIN,2,3345,0,6,0,0,0,0,BREAST~2#:#FILLET~2#:#THIN~2,1.0#:#1.0#:#1.0,1.0,1.0,1
4475,BREAST_GRAM_THIN,2,3345,0,6,0,0,0,0,BREAST~2#:#GRAM~2#:#THIN~2,1.0#:#1.0#:#1.0,1.0,1.0,1
4476,CHICKEN_CURRY_PACK,3,3345,1,6,0,0,0,0,CHICKEN~3#:#CURRY~2#:#PACK~3,1.0#:#1.5#:#1.0,1.5,1.0,1
4477,CHICKEN_CURRY_CUTS,7,3345,0,6,0,0,0,0,CHICKEN~3#:#CURRY~2#:#CUTS~2,2.33#:#3.5#:#3.5,3.5,2.33,1
4478,CHICKEN_CURRY_WHOLE,2,3345,0,6,0,0,0,0,CHICKEN~3#:#CURRY~2#:#WHOLE~2,0.67#:#1.0#:#1.0,1.0,0.67,0
4479,CURRY_CUTS_WHOLE,2,3345,0,6,0,0,0,0,CURRY~2#:#CUTS~2#:#WHOLE~2,1.0#:#1.0#:#1.0,1.0,1.0,1
4480,CHICKEN_CURRY_GRAM,2,3345,0,6,0,0,0,0,CHICKEN~3#:#CURRY~2#:#GRAM~2,0.67#:#1.0#:#1.0,1.0,0.67,0
4481,CHICKEN_GRAM_PIECES,2,3345,0,6,0,0,0,0,CHICKEN~3#:#GRAM~2#:#PIECES~2,0.67#:#1.0#:#1.0,1.0,0.67,0
4482,GRAM_PACK_PIECES,2,3345,1,6,0,0,0,0,GRAM~2#:#PACK~3#:#PIECES~2,1.0#:#0.67#:#1.0,1.0,0.67,0
4483,BARBECUE_SAUCE_VEEBA,2,3345,0,6,0,0,0,0,BARBECUE~2#:#SAUCE~2#:#VEEBA~2,1.0#:#1.0#:#1.0,1.0,1.0,1
4484,BOTTLE_GRAM_VEEBA,7,3345,1,6,0,0,0,0,BOTTLE~2#:#GRAM~2#:#VEEBA~2,3.5#:#3.5#:#3.5,3.5,3.5,1
4485,GRAM_MASALA_PACK,3,3345,1,6,0,0,0,0,GRAM~2#:#MASALA~2#:#PACK~3,1.5#:#1.5#:#1.0,1.5,1.0,1
4486,MASALA_PACK_SEASONING,2,3345,1,6,0,0,0,0,MASALA~2#:#PACK~3#:#SEASONING~2,1.0#:#0.67#:#1.0,1.0,0.67,0
4487,GRAM_PACK_SEASONING,2,3345,1,6,0,0,0,0,GRAM~2#:#PACK~3#:#SEASONING~2,1.0#:#0.67#:#1.0,1.0,0.67,0
4488,GRAM_MASALA_SEASONING,2,3345,0,6,0,0,0,0,GRAM~2#:#MASALA~2#:#SEASONING~2,1.0#:#1.0#:#1.0,1.0,1.0,1
4489,BARBECUE_MASALA_SEASONING,2,3345,0,6,0,0,0,0,BARBECUE~2#:#MASALA~2#:#SEASONING~2,1.0#:#1.0#:#1.0,1.0,1.0,1
4490,BURGER_CHICKEN_PACK,4,3345,1,6,0,0,0,0,BURGER~2#:#CHICKEN~3#:#PACK~3,2.0#:#1.33#:#1.33,2.0,1.33,1
4491,BURGER_CHICKEN_GRAM,3,3345,0,6,0,0,0,0,BURGER~2#:#CHICKEN~3#:#GRAM~2,1.5#:#1.0#:#1.5,1.5,1.0,1
4492,BURGER_GODREJ_PACK,2,3345,1,6,0,0,0,0,BURGER~2#:#GODREJ~2#:#PACK~3,1.0#:#1.0#:#0.67,1.0,0.67,0
4493,BURGER_GRAM_PACK,3,3345,1,6,0,0,0,0,BURGER~2#:#GRAM~2#:#PACK~3,1.5#:#1.5#:#1.0,1.5,1.0,1
4494,BURGER_PACK_YUMMIEZ,2,3345,1,6,0,0,0,0,BURGER~2#:#PACK~3#:#YUMMIEZ~2,1.0#:#0.67#:#1.0,1.0,0.67,0
4495,BURGER_GODREJ_GRAM,2,3345,0,6,0,0,0,0,BURGER~2#:#GODREJ~2#:#GRAM~2,1.0#:#1.0#:#1.0,1.0,1.0,1
4496,BURGER_GRAM_YUMMIEZ,2,3345,0,6,0,0,0,0,BURGER~2#:#GRAM~2#:#YUMMIEZ~2,1.0#:#1.0#:#1.0,1.0,1.0,1
4497,CHICKEN_GOOD_SAUSAGE,3,3345,0,6,0,0,0,0,CHICKEN~3#:#GOOD~2#:#SAUSAGE~2,1.0#:#1.5#:#1.5,1.5,1.0,1
4498,CHICKEN_REAL_SAUSAGE,3,3345,0,6,0,0,0,0,CHICKEN~3#:#REAL~2#:#SAUSAGE~2,1.0#:#1.5#:#1.5,1.5,1.0,1
4499,GODREJ_GOOD_SAUSAGE,3,3345,0,6,0,0,0,0,GODREJ~2#:#GOOD~2#:#SAUSAGE~2,1.5#:#1.5#:#1.5,1.5,1.5,1
4500,GODREJ_REAL_SAUSAGE,3,3345,0,6,0,0,0,0,GODREJ~2#:#REAL~2#:#SAUSAGE~2,1.5#:#1.5#:#1.5,1.5,1.5,1
4501,GOOD_REAL_SAUSAGE,3,3345,0,6,0,0,0,0,GOOD~2#:#REAL~2#:#SAUSAGE~2,1.5#:#1.5#:#1.5,1.5,1.5,1
4502,CHICKEN_SALAMI_VENKY,3,3345,0,6,0,0,0,0,CHICKEN~3#:#SALAMI~2#:#VENKY~2,1.0#:#1.5#:#1.5,1.5,1.0,1
4503,CHICKEN_GODREJ_SALAMI,7,3345,0,6,0,0,0,0,CHICKEN~3#:#GODREJ~2#:#SALAMI~2,2.33#:#3.5#:#3.5,3.5,2.33,1
4504,CHICKEN_GOOD_SALAMI,4,3345,0,6,0,0,0,0,CHICKEN~3#:#GOOD~2#:#SALAMI~2,1.33#:#2.0#:#2.0,2.0,1.33,1
4505,CHICKEN_REAL_SALAMI,4,3345,0,6,0,0,0,0,CHICKEN~3#:#REAL~2#:#SALAMI~2,1.33#:#2.0#:#2.0,2.0,1.33,1
4506,GODREJ_GOOD_SALAMI,4,3345,0,6,0,0,0,0,GODREJ~2#:#GOOD~2#:#SALAMI~2,2.0#:#2.0#:#2.0,2.0,2.0,1
4507,GODREJ_REAL_SALAMI,4,3345,0,6,0,0,0,0,GODREJ~2#:#REAL~2#:#SALAMI~2,2.0#:#2.0#:#2.0,2.0,2.0,1
4508,GOOD_REAL_SALAMI,4,3345,0,6,0,0,0,0,GOOD~2#:#REAL~2#:#SALAMI~2,2.0#:#2.0#:#2.0,2.0,2.0,1
4509,CHICKEN_PRASUMA_SAUSAGE,8,3345,0,6,0,0,0,0,CHICKEN~3#:#PRASUMA~2#:#SAUSAGE~2,2.67#:#4.0#:#4.0,4.0,2.67,1
4510,BREAST_CHICKEN_PRASUMA,4,3345,0,6,0,0,0,0,BREAST~2#:#CHICKEN~3#:#PRASUMA~2,2.0#:#1.33#:#2.0,2.0,1.33,1
4511,BONELESS_CHICKEN_PRASUMA,2,3345,0,6,0,0,0,0,BONELESS~2#:#CHICKEN~3#:#PRASUMA~2,1.0#:#0.67#:#1.0,1.0,0.67,0
4512,CHICKEN_CURRY_LICIOUS,3,3345,0,6,0,0,0,0,CHICKEN~3#:#CURRY~2#:#LICIOUS~2,1.0#:#1.5#:#1.5,1.5,1.0,1
4513,CHICKEN_PRASUMA_WINGS,2,3345,0,6,0,0,0,0,CHICKEN~3#:#PRASUMA~2#:#WINGS~2,0.67#:#1.0#:#1.0,1.0,0.67,0
4514,CHICKEN_PACK_PRASUMA,2,3345,1,6,0,0,0,0,CHICKEN~3#:#PACK~3#:#PRASUMA~2,0.67#:#0.67#:#1.0,1.0,0.67,0
4515,CHICKEN_CUTS_PRASUMA,4,3345,0,6,0,0,0,0,CHICKEN~3#:#CUTS~2#:#PRASUMA~2,1.33#:#2.0#:#2.0,2.0,1.33,1
4516,BREAST_CUTS_PRASUMA,2,3345,0,6,0,0,0,0,BREAST~2#:#CUTS~2#:#PRASUMA~2,1.0#:#1.0#:#1.0,1.0,1.0,1
4517,CHICKEN_CUTS_ROASTED,2,3345,0,6,0,0,0,0,CHICKEN~3#:#CUTS~2#:#ROASTED~2,0.67#:#1.0#:#1.0,1.0,0.67,0
4518,CHICKEN_CUBES_LICIOUS,2,3345,0,6,0,0,0,0,CHICKEN~3#:#CUBES~2#:#LICIOUS~2,0.67#:#1.0#:#1.0,1.0,0.67,0
4519,BONELESS_CUBES_LICIOUS,2,3345,0,6,0,0,0,0,BONELESS~2#:#CUBES~2#:#LICIOUS~2,1.0#:#1.0#:#1.0,1.0,1.0,1
4520,CHICKEN_GARLIC_SAUSAGE,2,3345,0,6,0,0,0,0,CHICKEN~3#:#GARLIC~2#:#SAUSAGE~2,0.67#:#1.0#:#1.0,1.0,0.67,0
4521,CHICKEN_LICIOUS_SAUSAGE,5,3345,0,6,0,0,0,0,CHICKEN~3#:#LICIOUS~2#:#SAUSAGE~2,1.67#:#2.5#:#2.5,2.5,1.67,1
4522,CHICKEN_PEPPERS_SAUSAGE,2,3345,0,6,0,0,0,0,CHICKEN~3#:#PEPPERS~2#:#SAUSAGE~2,0.67#:#1.0#:#1.0,1.0,0.67,0
4523,LICIOUS_PEPPERS_SAUSAGE,2,3345,0,6,0,0,0,0,LICIOUS~2#:#PEPPERS~2#:#SAUSAGE~2,1.0#:#1.0#:#1.0,1.0,1.0,1
4524,LICIOUS_SAUSAGE_SMOKE,2,3345,0,6,0,0,0,0,LICIOUS~2#:#SAUSAGE~2#:#SMOKE~2,1.0#:#1.0#:#1.0,1.0,1.0,1
4525,CHICKEN_PRASUMA_SMOKE,4,3345,0,6,0,0,0,0,CHICKEN~3#:#PRASUMA~2#:#SMOKE~2,1.33#:#2.0#:#2.0,2.0,1.33,1
4526,CHICKEN_PRASUMA_SPICY,2,3345,0,6,0,0,0,0,CHICKEN~3#:#PRASUMA~2#:#SPICY~2,0.67#:#1.0#:#1.0,1.0,0.67,0
4527,PRASUMA_SAUSAGE_SMOKE,2,3345,0,6,0,0,0,0,PRASUMA~2#:#SAUSAGE~2#:#SMOKE~2,1.0#:#1.0#:#1.0,1.0,1.0,1
4528,PRASUMA_SAUSAGE_SPICY,2,3345,0,6,0,0,0,0,PRASUMA~2#:#SAUSAGE~2#:#SPICY~2,1.0#:#1.0#:#1.0,1.0,1.0,1
4529,CHEESE_LICIOUS_SAUSAGE,2,3345,0,6,0,0,0,0,CHEESE~3#:#LICIOUS~2#:#SAUSAGE~2,0.67#:#1.0#:#1.0,1.0,0.67,0
4530,CHICKEN_MEATIGO_SAUSAGE,3,3345,0,6,0,0,0,0,CHICKEN~3#:#MEATIGO~2#:#SAUSAGE~2,1.0#:#1.5#:#1.5,1.5,1.0,1
4531,CHICKEN_SAUSAGE_SLICED,2,3345,0,6,0,0,0,0,CHICKEN~3#:#SAUSAGE~2#:#SLICED~2,0.67#:#1.0#:#1.0,1.0,0.67,0
4532,BREAST_CHICKEN_PREMIUM,3,3345,0,6,0,0,0,0,BREAST~2#:#CHICKEN~3#:#PREMIUM~2,1.5#:#1.0#:#1.5,1.5,1.0,1
4533,BONELESS_BREAST_PREMIUM,2,3345,0,6,0,0,0,0,BONELESS~2#:#BREAST~2#:#PREMIUM~2,1.0#:#1.0#:#1.0,1.0,1.0,1
4534,BAGELS_BREAD_BREAKFAST,5,3345,0,6,0,0,0,0,BAGELS~2#:#BREAD~2#:#BREAKFAST~2,2.5#:#2.5#:#2.5,2.5,2.5,1
4535,BAGELS_BREAD_MODERN,10,3345,0,6,0,0,0,0,BAGELS~2#:#BREAD~2#:#MODERN~2,5.0#:#5.0#:#5.0,5.0,5.0,1
4536,BAGELS_BREAD_SOFT,10,3345,0,6,0,0,0,0,BAGELS~2#:#BREAD~2#:#SOFT~2,5.0#:#5.0#:#5.0,5.0,5.0,1
4537,BAGELS_BREAD_SPICY,2,3345,0,6,0,0,0,0,BAGELS~2#:#BREAD~2#:#SPICY~2,1.0#:#1.0#:#1.0,1.0,1.0,1
4538,BAGELS_BREAKFAST_MODERN,4,3345,0,6,0,0,0,0,BAGELS~2#:#BREAKFAST~2#:#MODERN~2,2.0#:#2.0#:#2.0,2.0,2.0,1
4539,BAGELS_BREAKFAST_SOFT,4,3345,0,6,0,0,0,0,BAGELS~2#:#BREAKFAST~2#:#SOFT~2,2.0#:#2.0#:#2.0,2.0,2.0,1
4540,BAGELS_MODERN_SOFT,7,3345,0,6,0,0,0,0,BAGELS~2#:#MODERN~2#:#SOFT~2,3.5#:#3.5#:#3.5,3.5,3.5,1
4541,BAGELS_MODERN_SPICY,2,3345,0,6,0,0,0,0,BAGELS~2#:#MODERN~2#:#SPICY~2,1.0#:#1.0#:#1.0,1.0,1.0,1
4542,BREAD_BREAKFAST_MODERN,4,3345,0,6,0,0,0,0,BREAD~2#:#BREAKFAST~2#:#MODERN~2,2.0#:#2.0#:#2.0,2.0,2.0,1
4543,BREAD_BREAKFAST_SOFT,9,3345,0,6,0,0,0,0,BREAD~2#:#BREAKFAST~2#:#SOFT~2,4.5#:#4.5#:#4.5,4.5,4.5,1
4544,BREAD_MODERN_SOFT,10,3345,0,6,0,0,0,0,BREAD~2#:#MODERN~2#:#SOFT~2,5.0#:#5.0#:#5.0,5.0,5.0,1
4545,BREAD_MODERN_SPICY,2,3345,0,6,0,0,0,0,BREAD~2#:#MODERN~2#:#SPICY~2,1.0#:#1.0#:#1.0,1.0,1.0,1
4546,BREAKFAST_MODERN_SOFT,3,3345,0,6,0,0,0,0,BREAKFAST~2#:#MODERN~2#:#SOFT~2,1.5#:#1.5#:#1.5,1.5,1.5,1
4547,PUMPKIN_SOFT_SPICY,2,3345,0,6,0,0,0,0,PUMPKIN~2#:#SOFT~2#:#SPICY~2,1.0#:#1.0#:#1.0,1.0,1.0,1
4548,BREAD_BREAKFAST_CINNAMON,5,3345,0,6,0,0,0,0,BREAD~2#:#BREAKFAST~2#:#CINNAMON~2,2.5#:#2.5#:#2.5,2.5,2.5,1
4549,BREAD_CINNAMON_SOFT,2,3345,0,6,0,0,0,0,BREAD~2#:#CINNAMON~2#:#SOFT~2,1.0#:#1.0#:#1.0,1.0,1.0,1
4550,BREAKFAST_CINNAMON_SOFT,2,3345,0,6,0,0,0,0,BREAKFAST~2#:#CINNAMON~2#:#SOFT~2,1.0#:#1.0#:#1.0,1.0,1.0,1
4551,BREAD_MODERN_PACK,5,3345,1,6,0,0,0,0,BREAD~2#:#MODERN~2#:#PACK~3,2.5#:#2.5#:#1.67,2.5,1.67,1
4552,BAGELS_BREAD_PACK,4,3345,1,6,0,0,0,0,BAGELS~2#:#BREAD~2#:#PACK~3,2.0#:#2.0#:#1.33,2.0,1.33,1
4553,BREAD_PACK_SOFT,9,3345,1,6,0,0,0,0,BREAD~2#:#PACK~3#:#SOFT~2,4.5#:#3.0#:#4.5,4.5,3.0,1
4554,BAGELS_MODERN_PACK,2,3345,1,6,0,0,0,0,BAGELS~2#:#MODERN~2#:#PACK~3,1.0#:#1.0#:#0.67,1.0,0.67,0
4555,MODERN_PACK_SOFT,4,3345,1,6,0,0,0,0,MODERN~2#:#PACK~3#:#SOFT~2,2.0#:#1.33#:#2.0,2.0,1.33,1
4556,BAGELS_PACK_SOFT,4,3345,1,6,0,0,0,0,BAGELS~2#:#PACK~3#:#SOFT~2,2.0#:#1.33#:#2.0,2.0,1.33,1
4557,BLUEBERRY_BREAD_MODERN,2,3345,0,6,0,0,0,0,BLUEBERRY~2#:#BREAD~2#:#MODERN~2,1.0#:#1.0#:#1.0,1.0,1.0,1
4558,BAGELS_BLUEBERRY_BREAD,2,3345,0,6,0,0,0,0,BAGELS~2#:#BLUEBERRY~2#:#BREAD~2,1.0#:#1.0#:#1.0,1.0,1.0,1
4559,BLUEBERRY_BREAD_SOFT,3,3345,0,6,0,0,0,0,BLUEBERRY~2#:#BREAD~2#:#SOFT~2,1.5#:#1.5#:#1.5,1.5,1.5,1
4560,BAGELS_BLUEBERRY_MODERN,2,3345,0,6,0,0,0,0,BAGELS~2#:#BLUEBERRY~2#:#MODERN~2,1.0#:#1.0#:#1.0,1.0,1.0,1
4561,BLUEBERRY_MODERN_SOFT,2,3345,0,6,0,0,0,0,BLUEBERRY~2#:#MODERN~2#:#SOFT~2,1.0#:#1.0#:#1.0,1.0,1.0,1
4562,BAGELS_BLUEBERRY_SOFT,2,3345,0,6,0,0,0,0,BAGELS~2#:#BLUEBERRY~2#:#SOFT~2,1.0#:#1.0#:#1.0,1.0,1.0,1
4563,BREAD_BREAKFAST_FLAVOUR,2,3345,1,6,0,0,0,0,BREAD~2#:#BREAKFAST~2#:#FLAVOUR~3,1.0#:#1.0#:#0.67,1.0,0.67,0
4564,BAGELS_BREAD_FLAVOUR,3,3345,1,6,0,0,0,0,BAGELS~2#:#BREAD~2#:#FLAVOUR~3,1.5#:#1.5#:#1.0,1.5,1.0,1
4565,BREAD_FLAVOUR_MODERN,3,3345,1,6,0,0,0,0,BREAD~2#:#FLAVOUR~3#:#MODERN~2,1.5#:#1.0#:#1.5,1.5,1.0,1
4566,BAGELS_FLAVOUR_MODERN,3,3345,1,6,0,0,0,0,BAGELS~2#:#FLAVOUR~3#:#MODERN~2,1.5#:#1.0#:#1.5,1.5,1.0,1
4567,CHEDDAR_CHEESE_FLAVOUR,4,3345,1,6,0,0,0,0,CHEDDAR~2#:#CHEESE~3#:#FLAVOUR~3,2.0#:#1.33#:#1.33,2.0,1.33,1
4568,CHEESE_FLAVOUR_SPICY,2,3345,1,6,0,0,0,0,CHEESE~3#:#FLAVOUR~3#:#SPICY~2,0.67#:#0.67#:#1.0,1.0,0.67,0
4569,CHEDDAR_CHEESE_JALAPENO,2,3345,0,6,0,0,0,0,CHEDDAR~2#:#CHEESE~3#:#JALAPENO~2,1.0#:#0.67#:#1.0,1.0,0.67,0
4570,BAGELS_BREAD_BRITANNIA,3,3345,0,6,0,0,0,0,BAGELS~2#:#BREAD~2#:#BRITANNIA~3,1.5#:#1.5#:#1.0,1.5,1.0,1
4571,BAGELS_BRITANNIA_PACK,2,3345,1,6,0,0,0,0,BAGELS~2#:#BRITANNIA~3#:#PACK~3,1.0#:#0.67#:#0.67,1.0,0.67,0
4572,BREAD_BRITANNIA_PACK,3,3345,1,6,0,0,0,0,BREAD~2#:#BRITANNIA~3#:#PACK~3,1.5#:#1.0#:#1.0,1.5,1.0,1
4573,BRITANNIA_PACK_PLAIN,3,3345,1,6,0,0,0,0,BRITANNIA~3#:#PACK~3#:#PLAIN~2,1.0#:#1.0#:#1.5,1.5,1.0,1
4574,BRITANNIA_PACK_SOFT,5,3345,1,6,0,0,0,0,BRITANNIA~3#:#PACK~3#:#SOFT~2,1.67#:#1.67#:#2.5,2.5,1.67,1
4575,BAGELS_BRITANNIA_PLAIN,2,3345,0,6,0,0,0,0,BAGELS~2#:#BRITANNIA~3#:#PLAIN~2,1.0#:#0.67#:#1.0,1.0,0.67,0
4576,BAGELS_BRITANNIA_SOFT,2,3345,0,6,0,0,0,0,BAGELS~2#:#BRITANNIA~3#:#SOFT~2,1.0#:#0.67#:#1.0,1.0,0.67,0
4577,BREAD_BRITANNIA_PLAIN,3,3345,0,6,0,0,0,0,BREAD~2#:#BRITANNIA~3#:#PLAIN~2,1.5#:#1.0#:#1.5,1.5,1.0,1
4578,BREAD_BRITANNIA_SOFT,18,3345,0,6,0,0,0,0,BREAD~2#:#BRITANNIA~3#:#SOFT~2,9.0#:#6.0#:#9.0,9.0,6.0,1
4579,BRITANNIA_PLAIN_SOFT,3,3345,0,6,0,0,0,0,BRITANNIA~3#:#PLAIN~2#:#SOFT~2,1.0#:#1.5#:#1.5,1.5,1.0,1
4580,BAGELS_PACK_PLAIN,3,3345,1,6,0,0,0,0,BAGELS~2#:#PACK~3#:#PLAIN~2,1.5#:#1.0#:#1.5,1.5,1.0,1
4581,BREAD_PACK_PLAIN,2,3345,1,6,0,0,0,0,BREAD~2#:#PACK~3#:#PLAIN~2,1.0#:#0.67#:#1.0,1.0,0.67,0
4582,PACK_PLAIN_SOFT,2,3345,1,6,0,0,0,0,PACK~3#:#PLAIN~2#:#SOFT~2,0.67#:#1.0#:#1.0,1.0,0.67,0
4583,BAGELS_BREAD_PLAIN,3,3345,0,6,0,0,0,0,BAGELS~2#:#BREAD~2#:#PLAIN~2,1.5#:#1.5#:#1.5,1.5,1.5,1
4584,BAGELS_PLAIN_SOFT,3,3345,0,6,0,0,0,0,BAGELS~2#:#PLAIN~2#:#SOFT~2,1.5#:#1.5#:#1.5,1.5,1.5,1
4585,BREAD_PLAIN_SOFT,4,3345,0,6,0,0,0,0,BREAD~2#:#PLAIN~2#:#SOFT~2,2.0#:#2.0#:#2.0,2.0,2.0,1
4586,BREAD_BREAKFAST_FREE,2,3345,1,6,0,0,0,0,BREAD~2#:#BREAKFAST~2#:#FREE~2,1.0#:#1.0#:#1.0,1.0,1.0,1
4587,BREAD_BREAKFAST_GLUTEN,2,3345,0,6,0,0,0,0,BREAD~2#:#BREAKFAST~2#:#GLUTEN~2,1.0#:#1.0#:#1.0,1.0,1.0,1
4588,BREAD_BREAKFAST_PLAIN,2,3345,0,6,0,0,0,0,BREAD~2#:#BREAKFAST~2#:#PLAIN~2,1.0#:#1.0#:#1.0,1.0,1.0,1
4589,BREAD_FREE_GLUTEN,5,3345,1,6,0,0,0,0,BREAD~2#:#FREE~2#:#GLUTEN~2,2.5#:#2.5#:#2.5,2.5,2.5,1
4590,BREAD_FREE_SOFT,3,3345,1,6,0,0,0,0,BREAD~2#:#FREE~2#:#SOFT~2,1.5#:#1.5#:#1.5,1.5,1.5,1
4591,BREAD_GLUTEN_SOFT,3,3345,0,6,0,0,0,0,BREAD~2#:#GLUTEN~2#:#SOFT~2,1.5#:#1.5#:#1.5,1.5,1.5,1
4592,BREAKFAST_FREE_GLUTEN,2,3345,1,6,0,0,0,0,BREAKFAST~2#:#FREE~2#:#GLUTEN~2,1.0#:#1.0#:#1.0,1.0,1.0,1
4593,BREAKFAST_PLAIN_SOFT,2,3345,0,6,0,0,0,0,BREAKFAST~2#:#PLAIN~2#:#SOFT~2,1.0#:#1.0#:#1.0,1.0,1.0,1
4594,FREE_GLUTEN_SOFT,3,3345,1,6,0,0,0,0,FREE~2#:#GLUTEN~2#:#SOFT~2,1.5#:#1.5#:#1.5,1.5,1.5,1
4595,BREAD_BRITANNIA_CLASSIC,4,3345,0,6,0,0,0,0,BREAD~2#:#BRITANNIA~3#:#CLASSIC~2,2.0#:#1.33#:#2.0,2.0,1.33,1
4596,BRITANNIA_CLASSIC_SOFT,4,3345,0,6,0,0,0,0,BRITANNIA~3#:#CLASSIC~2#:#SOFT~2,1.33#:#2.0#:#2.0,2.0,1.33,1
4597,BREAD_CLASSIC_SOFT,5,3345,0,6,0,0,0,0,BREAD~2#:#CLASSIC~2#:#SOFT~2,2.5#:#2.5#:#2.5,2.5,2.5,1
4598,BREAD_FLAVOUR_ONION,2,3345,1,6,0,0,0,0,BREAD~2#:#FLAVOUR~3#:#ONION~2,1.0#:#0.67#:#1.0,1.0,0.67,0
4599,BAGELS_BREAD_SWEET,3,3345,1,6,0,0,0,0,BAGELS~2#:#BREAD~2#:#SWEET~2,1.5#:#1.5#:#1.5,1.5,1.5,1
4600,BAGELS_MODERN_SWEET,3,3345,1,6,0,0,0,0,BAGELS~2#:#MODERN~2#:#SWEET~2,1.5#:#1.5#:#1.5,1.5,1.5,1
4601,BAGELS_SOFT_SWEET,3,3345,1,6,0,0,0,0,BAGELS~2#:#SOFT~2#:#SWEET~2,1.5#:#1.5#:#1.5,1.5,1.5,1
4602,BREAD_MODERN_SWEET,3,3345,1,6,0,0,0,0,BREAD~2#:#MODERN~2#:#SWEET~2,1.5#:#1.5#:#1.5,1.5,1.5,1
4603,BREAD_SOFT_SWEET,6,3345,1,6,0,0,0,0,BREAD~2#:#SOFT~2#:#SWEET~2,3.0#:#3.0#:#3.0,3.0,3.0,1
4604,MODERN_SOFT_SWEET,3,3345,1,6,0,0,0,0,MODERN~2#:#SOFT~2#:#SWEET~2,1.5#:#1.5#:#1.5,1.5,1.5,1
4605,BAGELS_BREAD_MINT,2,3345,1,6,0,0,0,0,BAGELS~2#:#BREAD~2#:#MINT~2,1.0#:#1.0#:#1.0,1.0,1.0,1
4606,BAGELS_MINT_MODERN,2,3345,1,6,0,0,0,0,BAGELS~2#:#MINT~2#:#MODERN~2,1.0#:#1.0#:#1.0,1.0,1.0,1
4607,BAGELS_MINT_SOFT,2,3345,1,6,0,0,0,0,BAGELS~2#:#MINT~2#:#SOFT~2,1.0#:#1.0#:#1.0,1.0,1.0,1
4608,BAGELS_MINT_SWEET,2,3345,2,6,0,0,0,0,BAGELS~2#:#MINT~2#:#SWEET~2,1.0#:#1.0#:#1.0,1.0,1.0,1
4609,BLUEBERRY_BREAD_BREAKFAST,2,3345,0,6,0,0,0,0,BLUEBERRY~2#:#BREAD~2#:#BREAKFAST~2,1.0#:#1.0#:#1.0,1.0,1.0,1
4610,BLUEBERRY_BREAKFAST_SOFT,2,3345,0,6,0,0,0,0,BLUEBERRY~2#:#BREAKFAST~2#:#SOFT~2,1.0#:#1.0#:#1.0,1.0,1.0,1
4611,BREAD_BREAKFAST_SWEET,5,3345,1,6,0,0,0,0,BREAD~2#:#BREAKFAST~2#:#SWEET~2,2.5#:#2.5#:#2.5,2.5,2.5,1
4612,BREAD_MINT_MODERN,2,3345,1,6,0,0,0,0,BREAD~2#:#MINT~2#:#MODERN~2,1.0#:#1.0#:#1.0,1.0,1.0,1
4613,BREAD_MINT_SOFT,2,3345,1,6,0,0,0,0,BREAD~2#:#MINT~2#:#SOFT~2,1.0#:#1.0#:#1.0,1.0,1.0,1
4614,BREAD_MINT_SWEET,2,3345,2,6,0,0,0,0,BREAD~2#:#MINT~2#:#SWEET~2,1.0#:#1.0#:#1.0,1.0,1.0,1
4615,MINT_MODERN_SOFT,2,3345,1,6,0,0,0,0,MINT~2#:#MODERN~2#:#SOFT~2,1.0#:#1.0#:#1.0,1.0,1.0,1
4616,MINT_MODERN_SWEET,2,3345,2,6,0,0,0,0,MINT~2#:#MODERN~2#:#SWEET~2,1.0#:#1.0#:#1.0,1.0,1.0,1
4617,MINT_SOFT_SWEET,2,3345,2,6,0,0,0,0,MINT~2#:#SOFT~2#:#SWEET~2,1.0#:#1.0#:#1.0,1.0,1.0,1
4618,BRITANNIA_MUFFIN_PACK,3,3345,1,6,0,0,0,0,BRITANNIA~3#:#MUFFIN~2#:#PACK~3,1.0#:#1.5#:#1.0,1.5,1.0,1
4619,BRITANNIA_ENGLISH_MUFFIN,7,3345,0,6,0,0,0,0,BRITANNIA~3#:#ENGLISH~2#:#MUFFIN~2,2.33#:#3.5#:#3.5,3.5,2.33,1
4620,BRITANNIA_MUFFIN_PLAIN,2,3345,0,6,0,0,0,0,BRITANNIA~3#:#MUFFIN~2#:#PLAIN~2,0.67#:#1.0#:#1.0,1.0,0.67,0
4621,BRITANNIA_ENGLISH_PLAIN,2,3345,0,6,0,0,0,0,BRITANNIA~3#:#ENGLISH~2#:#PLAIN~2,0.67#:#1.0#:#1.0,1.0,0.67,0
4622,ENGLISH_MUFFIN_PACK,6,3345,1,6,0,0,0,0,ENGLISH~2#:#MUFFIN~2#:#PACK~3,3.0#:#3.0#:#2.0,3.0,2.0,1
4623,ENGLISH_MUFFIN_PLAIN,2,3345,0,6,0,0,0,0,ENGLISH~2#:#MUFFIN~2#:#PLAIN~2,1.0#:#1.0#:#1.0,1.0,1.0,1
4624,BREAD_BREAKFAST_BRITANNIA,10,3345,0,6,0,0,0,0,BREAD~2#:#BREAKFAST~2#:#BRITANNIA~3,5.0#:#5.0#:#3.33,5.0,3.33,1
4625,BREAKFAST_BRITANNIA_ENGLISH,5,3345,0,6,0,0,0,0,BREAKFAST~2#:#BRITANNIA~3#:#ENGLISH~2,2.5#:#1.67#:#2.5,2.5,1.67,1
4626,BREAKFAST_BRITANNIA_MUFFIN,5,3345,0,6,0,0,0,0,BREAKFAST~2#:#BRITANNIA~3#:#MUFFIN~2,2.5#:#1.67#:#2.5,2.5,1.67,1
4627,BREAKFAST_BRITANNIA_SWEET,4,3345,1,6,0,0,0,0,BREAKFAST~2#:#BRITANNIA~3#:#SWEET~2,2.0#:#1.33#:#2.0,2.0,1.33,1
4628,BREAD_BRITANNIA_ENGLISH,5,3345,0,6,0,0,0,0,BREAD~2#:#BRITANNIA~3#:#ENGLISH~2,2.5#:#1.67#:#2.5,2.5,1.67,1
4629,BREAD_BRITANNIA_MUFFIN,5,3345,0,6,0,0,0,0,BREAD~2#:#BRITANNIA~3#:#MUFFIN~2,2.5#:#1.67#:#2.5,2.5,1.67,1
4630,BREAD_BRITANNIA_SWEET,5,3345,1,6,0,0,0,0,BREAD~2#:#BRITANNIA~3#:#SWEET~2,2.5#:#1.67#:#2.5,2.5,1.67,1
4631,BREAD_BREAKFAST_ENGLISH,5,3345,0,6,0,0,0,0,BREAD~2#:#BREAKFAST~2#:#ENGLISH~2,2.5#:#2.5#:#2.5,2.5,2.5,1
4632,BREAD_BREAKFAST_MUFFIN,5,3345,0,6,0,0,0,0,BREAD~2#:#BREAKFAST~2#:#MUFFIN~2,2.5#:#2.5#:#2.5,2.5,2.5,1
4633,BREAKFAST_ENGLISH_MUFFIN,5,3345,0,6,0,0,0,0,BREAKFAST~2#:#ENGLISH~2#:#MUFFIN~2,2.5#:#2.5#:#2.5,2.5,2.5,1
4634,BREAD_ENGLISH_MUFFIN,5,3345,0,6,0,0,0,0,BREAD~2#:#ENGLISH~2#:#MUFFIN~2,2.5#:#2.5#:#2.5,2.5,2.5,1
4635,BREAKFAST_BRITANNIA_SOFT,5,3345,0,6,0,0,0,0,BREAKFAST~2#:#BRITANNIA~3#:#SOFT~2,2.5#:#1.67#:#2.5,2.5,1.67,1
4636,BRITANNIA_ENGLISH_SOFT,3,3345,0,6,0,0,0,0,BRITANNIA~3#:#ENGLISH~2#:#SOFT~2,1.0#:#1.5#:#1.5,1.5,1.0,1
4637,BRITANNIA_MUFFIN_SOFT,3,3345,0,6,0,0,0,0,BRITANNIA~3#:#MUFFIN~2#:#SOFT~2,1.0#:#1.5#:#1.5,1.5,1.0,1
4638,BREAKFAST_ENGLISH_SOFT,3,3345,0,6,0,0,0,0,BREAKFAST~2#:#ENGLISH~2#:#SOFT~2,1.5#:#1.5#:#1.5,1.5,1.5,1
4639,BREAKFAST_MUFFIN_SOFT,3,3345,0,6,0,0,0,0,BREAKFAST~2#:#MUFFIN~2#:#SOFT~2,1.5#:#1.5#:#1.5,1.5,1.5,1
4640,BREAD_ENGLISH_SOFT,3,3345,0,6,0,0,0,0,BREAD~2#:#ENGLISH~2#:#SOFT~2,1.5#:#1.5#:#1.5,1.5,1.5,1
4641,BREAD_MUFFIN_SOFT,3,3345,0,6,0,0,0,0,BREAD~2#:#MUFFIN~2#:#SOFT~2,1.5#:#1.5#:#1.5,1.5,1.5,1
4642,ENGLISH_MUFFIN_SOFT,3,3345,0,6,0,0,0,0,ENGLISH~2#:#MUFFIN~2#:#SOFT~2,1.5#:#1.5#:#1.5,1.5,1.5,1
4643,BREAKFAST_BRITANNIA_CINNAMON,3,3345,0,6,0,0,0,0,BREAKFAST~2#:#BRITANNIA~3#:#CINNAMON~2,1.5#:#1.0#:#1.5,1.5,1.0,1
4644,BREAKFAST_BRITANNIA_LOAF,5,3345,0,6,0,0,0,0,BREAKFAST~2#:#BRITANNIA~3#:#LOAF~2,2.5#:#1.67#:#2.5,2.5,1.67,1
4645,BREAKFAST_BRITANNIA_OATS,2,3345,0,6,0,0,0,0,BREAKFAST~2#:#BRITANNIA~3#:#OATS~2,1.0#:#0.67#:#1.0,1.0,0.67,0
4646,BREAD_BRITANNIA_CINNAMON,3,3345,0,6,0,0,0,0,BREAD~2#:#BRITANNIA~3#:#CINNAMON~2,1.5#:#1.0#:#1.5,1.5,1.0,1
4647,BREAD_BRITANNIA_LOAF,14,3345,0,6,0,0,0,0,BREAD~2#:#BRITANNIA~3#:#LOAF~2,7.0#:#4.67#:#7.0,7.0,4.67,1
4648,BREAD_BRITANNIA_OATS,2,3345,0,6,0,0,0,0,BREAD~2#:#BRITANNIA~3#:#OATS~2,1.0#:#0.67#:#1.0,1.0,0.67,0
4649,BRITANNIA_CINNAMON_LOAF,3,3345,0,6,0,0,0,0,BRITANNIA~3#:#CINNAMON~2#:#LOAF~2,1.0#:#1.5#:#1.5,1.5,1.0,1
4650,BRITANNIA_LOAF_OATS,2,3345,0,6,0,0,0,0,BRITANNIA~3#:#LOAF~2#:#OATS~2,0.67#:#1.0#:#1.0,1.0,0.67,0
4651,BRITANNIA_LOAF_SOFT,10,3345,0,6,0,0,0,0,BRITANNIA~3#:#LOAF~2#:#SOFT~2,3.33#:#5.0#:#5.0,5.0,3.33,1
4652,BRITANNIA_OATS_SOFT,2,3345,0,6,0,0,0,0,BRITANNIA~3#:#OATS~2#:#SOFT~2,0.67#:#1.0#:#1.0,1.0,0.67,0
4653,BREAD_BREAKFAST_LOAF,6,3345,0,6,0,0,0,0,BREAD~2#:#BREAKFAST~2#:#LOAF~2,3.0#:#3.0#:#3.0,3.0,3.0,1
4654,BREAD_BREAKFAST_OATS,2,3345,0,6,0,0,0,0,BREAD~2#:#BREAKFAST~2#:#OATS~2,1.0#:#1.0#:#1.0,1.0,1.0,1
4655,BREAKFAST_CINNAMON_LOAF,4,3345,0,6,0,0,0,0,BREAKFAST~2#:#CINNAMON~2#:#LOAF~2,2.0#:#2.0#:#2.0,2.0,2.0,1
4656,BREAKFAST_LOAF_OATS,2,3345,0,6,0,0,0,0,BREAKFAST~2#:#LOAF~2#:#OATS~2,1.0#:#1.0#:#1.0,1.0,1.0,1
4657,BREAKFAST_LOAF_SOFT,2,3345,0,6,0,0,0,0,BREAKFAST~2#:#LOAF~2#:#SOFT~2,1.0#:#1.0#:#1.0,1.0,1.0,1
4658,BREAKFAST_OATS_SOFT,2,3345,0,6,0,0,0,0,BREAKFAST~2#:#OATS~2#:#SOFT~2,1.0#:#1.0#:#1.0,1.0,1.0,1
4659,BREAD_CINNAMON_LOAF,4,3345,0,6,0,0,0,0,BREAD~2#:#CINNAMON~2#:#LOAF~2,2.0#:#2.0#:#2.0,2.0,2.0,1
4660,BREAD_LOAF_OATS,2,3345,0,6,0,0,0,0,BREAD~2#:#LOAF~2#:#OATS~2,1.0#:#1.0#:#1.0,1.0,1.0,1
4661,BREAD_LOAF_SOFT,15,3345,0,6,0,0,0,0,BREAD~2#:#LOAF~2#:#SOFT~2,7.5#:#7.5#:#7.5,7.5,7.5,1
4662,BREAD_OATS_SOFT,2,3345,0,6,0,0,0,0,BREAD~2#:#OATS~2#:#SOFT~2,1.0#:#1.0#:#1.0,1.0,1.0,1
4663,BROWN_OATS_SUGAR,2,3345,2,6,0,0,0,0,BROWN~2#:#OATS~2#:#SUGAR~2,1.0#:#1.0#:#1.0,1.0,1.0,1
4664,LOAF_OATS_SOFT,2,3345,0,6,0,0,0,0,LOAF~2#:#OATS~2#:#SOFT~2,1.0#:#1.0#:#1.0,1.0,1.0,1
4665,BREAD_BRITANNIA_FREE,2,3345,1,6,0,0,0,0,BREAD~2#:#BRITANNIA~3#:#FREE~2,1.0#:#0.67#:#1.0,1.0,0.67,0
4666,BREAD_BRITANNIA_GLUTEN,2,3345,0,6,0,0,0,0,BREAD~2#:#BRITANNIA~3#:#GLUTEN~2,1.0#:#0.67#:#1.0,1.0,0.67,0
4667,BRITANNIA_CINNAMON_SWEET,2,3345,1,6,0,0,0,0,BRITANNIA~3#:#CINNAMON~2#:#SWEET~2,0.67#:#1.0#:#1.0,1.0,0.67,0
4668,BRITANNIA_FREE_GLUTEN,2,3345,1,6,0,0,0,0,BRITANNIA~3#:#FREE~2#:#GLUTEN~2,0.67#:#1.0#:#1.0,1.0,0.67,0
4669,BRITANNIA_FREE_LOAF,2,3345,1,6,0,0,0,0,BRITANNIA~3#:#FREE~2#:#LOAF~2,0.67#:#1.0#:#1.0,1.0,0.67,0
4670,BRITANNIA_FREE_SWEET,2,3345,2,6,0,0,0,0,BRITANNIA~3#:#FREE~2#:#SWEET~2,0.67#:#1.0#:#1.0,1.0,0.67,0
4671,BRITANNIA_GLUTEN_LOAF,2,3345,0,6,0,0,0,0,BRITANNIA~3#:#GLUTEN~2#:#LOAF~2,0.67#:#1.0#:#1.0,1.0,0.67,0
4672,BRITANNIA_GLUTEN_SWEET,2,3345,1,6,0,0,0,0,BRITANNIA~3#:#GLUTEN~2#:#SWEET~2,0.67#:#1.0#:#1.0,1.0,0.67,0
4673,BRITANNIA_LOAF_SWEET,4,3345,1,6,0,0,0,0,BRITANNIA~3#:#LOAF~2#:#SWEET~2,1.33#:#2.0#:#2.0,2.0,1.33,1
4674,BREAKFAST_CINNAMON_SWEET,3,3345,1,6,0,0,0,0,BREAKFAST~2#:#CINNAMON~2#:#SWEET~2,1.5#:#1.5#:#1.5,1.5,1.5,1
4675,BREAKFAST_LOAF_SWEET,3,3345,1,6,0,0,0,0,BREAKFAST~2#:#LOAF~2#:#SWEET~2,1.5#:#1.5#:#1.5,1.5,1.5,1
4676,BREAD_CINNAMON_SWEET,3,3345,1,6,0,0,0,0,BREAD~2#:#CINNAMON~2#:#SWEET~2,1.5#:#1.5#:#1.5,1.5,1.5,1
4677,BREAD_FREE_LOAF,3,3345,1,6,0,0,0,0,BREAD~2#:#FREE~2#:#LOAF~2,1.5#:#1.5#:#1.5,1.5,1.5,1
4678,BREAD_FREE_SWEET,2,3345,2,6,0,0,0,0,BREAD~2#:#FREE~2#:#SWEET~2,1.0#:#1.0#:#1.0,1.0,1.0,1
4679,BREAD_GLUTEN_LOAF,3,3345,0,6,0,0,0,0,BREAD~2#:#GLUTEN~2#:#LOAF~2,1.5#:#1.5#:#1.5,1.5,1.5,1
4680,BREAD_GLUTEN_SWEET,2,3345,1,6,0,0,0,0,BREAD~2#:#GLUTEN~2#:#SWEET~2,1.0#:#1.0#:#1.0,1.0,1.0,1
4681,BREAD_LOAF_SWEET,6,3345,1,6,0,0,0,0,BREAD~2#:#LOAF~2#:#SWEET~2,3.0#:#3.0#:#3.0,3.0,3.0,1
4682,CINNAMON_LOAF_SWEET,3,3345,1,6,0,0,0,0,CINNAMON~2#:#LOAF~2#:#SWEET~2,1.5#:#1.5#:#1.5,1.5,1.5,1
4683,FREE_GLUTEN_LOAF,3,3345,1,6,0,0,0,0,FREE~2#:#GLUTEN~2#:#LOAF~2,1.5#:#1.5#:#1.5,1.5,1.5,1
4684,FREE_GLUTEN_SWEET,2,3345,2,6,0,0,0,0,FREE~2#:#GLUTEN~2#:#SWEET~2,1.0#:#1.0#:#1.0,1.0,1.0,1
4685,FREE_LOAF_SWEET,2,3345,2,6,0,0,0,0,FREE~2#:#LOAF~2#:#SWEET~2,1.0#:#1.0#:#1.0,1.0,1.0,1
4686,GLUTEN_LOAF_SWEET,2,3345,1,6,0,0,0,0,GLUTEN~2#:#LOAF~2#:#SWEET~2,1.0#:#1.0#:#1.0,1.0,1.0,1
4687,BREAD_SLICED_SOFT,2,3345,0,6,0,0,0,0,BREAD~2#:#SLICED~2#:#SOFT~2,1.0#:#1.0#:#1.0,1.0,1.0,1
4688,BREAD_GOLD#HARVEST_SLICED,3,3345,0,6,0,0,0,0,BREAD~2#:#GOLD#HARVEST~2#:#SLICED~2,1.5#:#1.5#:#1.5,1.5,1.5,1
4689,BREAD_GOLD#HARVEST_SOFT,11,3345,0,6,0,0,0,0,BREAD~2#:#GOLD#HARVEST~2#:#SOFT~2,5.5#:#5.5#:#5.5,5.5,5.5,1
4690,BREAD_BRITANNIA_SEASONING,2,3345,0,6,0,0,0,0,BREAD~2#:#BRITANNIA~3#:#SEASONING~2,1.0#:#0.67#:#1.0,1.0,0.67,0
4691,BREAD_GOLD#HARVEST_LOAF,14,3345,0,6,0,0,0,0,BREAD~2#:#GOLD#HARVEST~2#:#LOAF~2,7.0#:#7.0#:#7.0,7.0,7.0,1
4692,BREAD_GOLD#HARVEST_SWEET,2,3345,1,6,0,0,0,0,BREAD~2#:#GOLD#HARVEST~2#:#SWEET~2,1.0#:#1.0#:#1.0,1.0,1.0,1
4693,GOLD#HARVEST_LOAF_SWEET,2,3345,1,6,0,0,0,0,GOLD#HARVEST~2#:#LOAF~2#:#SWEET~2,1.0#:#1.0#:#1.0,1.0,1.0,1
4694,BREAD_BRITANNIA_WHITE,4,3345,1,6,0,0,0,0,BREAD~2#:#BRITANNIA~3#:#WHITE~2,2.0#:#1.33#:#2.0,2.0,1.33,1
4695,BRITANNIA_LOAF_WHITE,3,3345,1,6,0,0,0,0,BRITANNIA~3#:#LOAF~2#:#WHITE~2,1.0#:#1.5#:#1.5,1.5,1.0,1
4696,BREAD_LOAF_WHITE,4,3345,1,6,0,0,0,0,BREAD~2#:#LOAF~2#:#WHITE~2,2.0#:#2.0#:#2.0,2.0,2.0,1
4697,BRITANNIA_SOFT_SWEET,2,3345,1,6,0,0,0,0,BRITANNIA~3#:#SOFT~2#:#SWEET~2,0.67#:#1.0#:#1.0,1.0,0.67,0
4698,LOAF_SOFT_SWEET,3,3345,1,6,0,0,0,0,LOAF~2#:#SOFT~2#:#SWEET~2,1.5#:#1.5#:#1.5,1.5,1.5,1
4699,BREAD_BRITANNIA_PREMIUM,2,3345,0,6,0,0,0,0,BREAD~2#:#BRITANNIA~3#:#PREMIUM~2,1.0#:#0.67#:#1.0,1.0,0.67,0
4700,BRITANNIA_CLASSIC_LOAF,2,3345,0,6,0,0,0,0,BRITANNIA~3#:#CLASSIC~2#:#LOAF~2,0.67#:#1.0#:#1.0,1.0,0.67,0
4701,BRITANNIA_CLASSIC_WHITE,2,3345,1,6,0,0,0,0,BRITANNIA~3#:#CLASSIC~2#:#WHITE~2,0.67#:#1.0#:#1.0,1.0,0.67,0
4702,BRITANNIA_LOAF_PREMIUM,2,3345,0,6,0,0,0,0,BRITANNIA~3#:#LOAF~2#:#PREMIUM~2,0.67#:#1.0#:#1.0,1.0,0.67,0
4703,BRITANNIA_PREMIUM_SOFT,2,3345,0,6,0,0,0,0,BRITANNIA~3#:#PREMIUM~2#:#SOFT~2,0.67#:#1.0#:#1.0,1.0,0.67,0
4704,BRITANNIA_SOFT_WHITE,3,3345,1,6,0,0,0,0,BRITANNIA~3#:#SOFT~2#:#WHITE~2,1.0#:#1.5#:#1.5,1.5,1.0,1
4705,BREAD_CLASSIC_LOAF,2,3345,0,6,0,0,0,0,BREAD~2#:#CLASSIC~2#:#LOAF~2,1.0#:#1.0#:#1.0,1.0,1.0,1
4706,BREAD_CLASSIC_WHITE,2,3345,1,6,0,0,0,0,BREAD~2#:#CLASSIC~2#:#WHITE~2,1.0#:#1.0#:#1.0,1.0,1.0,1
4707,BREAD_LOAF_PREMIUM,3,3345,0,6,0,0,0,0,BREAD~2#:#LOAF~2#:#PREMIUM~2,1.5#:#1.5#:#1.5,1.5,1.5,1
4708,BREAD_PREMIUM_SOFT,2,3345,0,6,0,0,0,0,BREAD~2#:#PREMIUM~2#:#SOFT~2,1.0#:#1.0#:#1.0,1.0,1.0,1
4709,BREAD_SOFT_WHITE,4,3345,1,6,0,0,0,0,BREAD~2#:#SOFT~2#:#WHITE~2,2.0#:#2.0#:#2.0,2.0,2.0,1
4710,CLASSIC_LOAF_SOFT,2,3345,0,6,0,0,0,0,CLASSIC~2#:#LOAF~2#:#SOFT~2,1.0#:#1.0#:#1.0,1.0,1.0,1
4711,CLASSIC_LOAF_WHITE,2,3345,1,6,0,0,0,0,CLASSIC~2#:#LOAF~2#:#WHITE~2,1.0#:#1.0#:#1.0,1.0,1.0,1
4712,CLASSIC_SOFT_WHITE,2,3345,1,6,0,0,0,0,CLASSIC~2#:#SOFT~2#:#WHITE~2,1.0#:#1.0#:#1.0,1.0,1.0,1
4713,LOAF_PREMIUM_SOFT,2,3345,0,6,0,0,0,0,LOAF~2#:#PREMIUM~2#:#SOFT~2,1.0#:#1.0#:#1.0,1.0,1.0,1
4714,LOAF_SOFT_WHITE,3,3345,1,6,0,0,0,0,LOAF~2#:#SOFT~2#:#WHITE~2,1.5#:#1.5#:#1.5,1.5,1.5,1
4715,BREAD_LOAF_SANDWICH,13,3345,0,6,0,0,0,0,BREAD~2#:#LOAF~2#:#SANDWICH~2,6.5#:#6.5#:#6.5,6.5,6.5,1
4716,BREAD_SANDWICH_SOFT,8,3345,0,6,0,0,0,0,BREAD~2#:#SANDWICH~2#:#SOFT~2,4.0#:#4.0#:#4.0,4.0,4.0,1
4717,BREAD_GOLD#HARVEST_SANDWICH,11,3345,0,6,0,0,0,0,BREAD~2#:#GOLD#HARVEST~2#:#SANDWICH~2,5.5#:#5.5#:#5.5,5.5,5.5,1
4718,LOAF_SANDWICH_SOFT,8,3345,0,6,0,0,0,0,LOAF~2#:#SANDWICH~2#:#SOFT~2,4.0#:#4.0#:#4.0,4.0,4.0,1
4719,GOLD#HARVEST_LOAF_SANDWICH,9,3345,0,6,0,0,0,0,GOLD#HARVEST~2#:#LOAF~2#:#SANDWICH~2,4.5#:#4.5#:#4.5,4.5,4.5,1
4720,GOLD#HARVEST_LOAF_SOFT,4,3345,0,6,0,0,0,0,GOLD#HARVEST~2#:#LOAF~2#:#SOFT~2,2.0#:#2.0#:#2.0,2.0,2.0,1
4721,GOLD#HARVEST_SANDWICH_SOFT,4,3345,0,6,0,0,0,0,GOLD#HARVEST~2#:#SANDWICH~2#:#SOFT~2,2.0#:#2.0#:#2.0,2.0,2.0,1
4722,BREAD_CRACKERS_LOAF,2,3345,0,6,0,0,0,0,BREAD~2#:#CRACKERS~2#:#LOAF~2,1.0#:#1.0#:#1.0,1.0,1.0,1
4723,BREAD_CRACKERS_STYLE,2,3345,0,6,0,0,0,0,BREAD~2#:#CRACKERS~2#:#STYLE~2,1.0#:#1.0#:#1.0,1.0,1.0,1
4724,BREAD_CRACKERS_WHEAT,2,3345,0,6,0,0,0,0,BREAD~2#:#CRACKERS~2#:#WHEAT~2,1.0#:#1.0#:#1.0,1.0,1.0,1
4725,BREAD_CRACKERS_GOLD#HARVEST,2,3345,0,6,0,0,0,0,BREAD~2#:#CRACKERS~2#:#GOLD#HARVEST~2,1.0#:#1.0#:#1.0,1.0,1.0,1
4726,BREAD_LOAF_STYLE,4,3345,0,6,0,0,0,0,BREAD~2#:#LOAF~2#:#STYLE~2,2.0#:#2.0#:#2.0,2.0,2.0,1
4727,BREAD_LOAF_WHEAT,5,3345,0,6,0,0,0,0,BREAD~2#:#LOAF~2#:#WHEAT~2,2.5#:#2.5#:#2.5,2.5,2.5,1
4728,BREAD_SANDWICH_STYLE,2,3345,0,6,0,0,0,0,BREAD~2#:#SANDWICH~2#:#STYLE~2,1.0#:#1.0#:#1.0,1.0,1.0,1
4729,BREAD_SANDWICH_WHEAT,5,3345,0,6,0,0,0,0,BREAD~2#:#SANDWICH~2#:#WHEAT~2,2.5#:#2.5#:#2.5,2.5,2.5,1
4730,BREAD_STYLE_WHEAT,2,3345,0,6,0,0,0,0,BREAD~2#:#STYLE~2#:#WHEAT~2,1.0#:#1.0#:#1.0,1.0,1.0,1
4731,BREAD_GOLD#HARVEST_STYLE,2,3345,0,6,0,0,0,0,BREAD~2#:#GOLD#HARVEST~2#:#STYLE~2,1.0#:#1.0#:#1.0,1.0,1.0,1
4732,BREAD_GOLD#HARVEST_WHEAT,5,3345,0,6,0,0,0,0,BREAD~2#:#GOLD#HARVEST~2#:#WHEAT~2,2.5#:#2.5#:#2.5,2.5,2.5,1
4733,CRACKERS_LOAF_STYLE,2,3345,0,6,0,0,0,0,CRACKERS~2#:#LOAF~2#:#STYLE~2,1.0#:#1.0#:#1.0,1.0,1.0,1
4734,CRACKERS_LOAF_WHEAT,2,3345,0,6,0,0,0,0,CRACKERS~2#:#LOAF~2#:#WHEAT~2,1.0#:#1.0#:#1.0,1.0,1.0,1
4735,CRACKERS_GOLD#HARVEST_LOAF,2,3345,0,6,0,0,0,0,CRACKERS~2#:#GOLD#HARVEST~2#:#LOAF~2,1.0#:#1.0#:#1.0,1.0,1.0,1
4736,CRACKERS_STYLE_WHEAT,2,3345,0,6,0,0,0,0,CRACKERS~2#:#STYLE~2#:#WHEAT~2,1.0#:#1.0#:#1.0,1.0,1.0,1
4737,CRACKERS_GOLD#HARVEST_STYLE,2,3345,0,6,0,0,0,0,CRACKERS~2#:#GOLD#HARVEST~2#:#STYLE~2,1.0#:#1.0#:#1.0,1.0,1.0,1
4738,CRACKERS_GOLD#HARVEST_WHEAT,2,3345,0,6,0,0,0,0,CRACKERS~2#:#GOLD#HARVEST~2#:#WHEAT~2,1.0#:#1.0#:#1.0,1.0,1.0,1
4739,LOAF_SANDWICH_STYLE,2,3345,0,6,0,0,0,0,LOAF~2#:#SANDWICH~2#:#STYLE~2,1.0#:#1.0#:#1.0,1.0,1.0,1
4740,LOAF_SANDWICH_WHEAT,4,3345,0,6,0,0,0,0,LOAF~2#:#SANDWICH~2#:#WHEAT~2,2.0#:#2.0#:#2.0,2.0,2.0,1
4741,LOAF_STYLE_WHEAT,2,3345,0,6,0,0,0,0,LOAF~2#:#STYLE~2#:#WHEAT~2,1.0#:#1.0#:#1.0,1.0,1.0,1
4742,GOLD#HARVEST_LOAF_STYLE,2,3345,0,6,0,0,0,0,GOLD#HARVEST~2#:#LOAF~2#:#STYLE~2,1.0#:#1.0#:#1.0,1.0,1.0,1
4743,GOLD#HARVEST_LOAF_WHEAT,4,3345,0,6,0,0,0,0,GOLD#HARVEST~2#:#LOAF~2#:#WHEAT~2,2.0#:#2.0#:#2.0,2.0,2.0,1
4744,GOLD#HARVEST_SANDWICH_WHEAT,4,3345,0,6,0,0,0,0,GOLD#HARVEST~2#:#SANDWICH~2#:#WHEAT~2,2.0#:#2.0#:#2.0,2.0,2.0,1
4745,GOLD#HARVEST_STYLE_WHEAT,2,3345,0,6,0,0,0,0,GOLD#HARVEST~2#:#STYLE~2#:#WHEAT~2,1.0#:#1.0#:#1.0,1.0,1.0,1
4746,BREAD_HEALTH_LOAF,5,3345,0,6,0,0,0,0,BREAD~2#:#HEALTH~2#:#LOAF~2,2.5#:#2.5#:#2.5,2.5,2.5,1
4747,BREAD_HEALTH_PERCENT,2,3345,0,6,0,0,0,0,BREAD~2#:#HEALTH~2#:#PERCENT~2,1.0#:#1.0#:#1.0,1.0,1.0,1
4748,BREAD_HEALTH_SANDWICH,6,3345,0,6,0,0,0,0,BREAD~2#:#HEALTH~2#:#SANDWICH~2,3.0#:#3.0#:#3.0,3.0,3.0,1
4749,BREAD_HEALTH_WHEAT,2,3345,0,6,0,0,0,0,BREAD~2#:#HEALTH~2#:#WHEAT~2,1.0#:#1.0#:#1.0,1.0,1.0,1
4750,BREAD_HEALTH_WHOLE,2,3345,0,6,0,0,0,0,BREAD~2#:#HEALTH~2#:#WHOLE~2,1.0#:#1.0#:#1.0,1.0,1.0,1
4751,BREAD_GOLD#HARVEST_HEALTH,7,3345,0,6,0,0,0,0,BREAD~2#:#GOLD#HARVEST~2#:#HEALTH~2,3.5#:#3.5#:#3.5,3.5,3.5,1
4752,BREAD_PERCENT_SANDWICH,2,3345,0,6,0,0,0,0,BREAD~2#:#PERCENT~2#:#SANDWICH~2,1.0#:#1.0#:#1.0,1.0,1.0,1
4753,BREAD_PERCENT_WHEAT,2,3345,0,6,0,0,0,0,BREAD~2#:#PERCENT~2#:#WHEAT~2,1.0#:#1.0#:#1.0,1.0,1.0,1
4754,BREAD_PERCENT_WHOLE,2,3345,0,6,0,0,0,0,BREAD~2#:#PERCENT~2#:#WHOLE~2,1.0#:#1.0#:#1.0,1.0,1.0,1
4755,BREAD_GOLD#HARVEST_PERCENT,2,3345,0,6,0,0,0,0,BREAD~2#:#GOLD#HARVEST~2#:#PERCENT~2,1.0#:#1.0#:#1.0,1.0,1.0,1
4756,BREAD_SANDWICH_WHOLE,2,3345,0,6,0,0,0,0,BREAD~2#:#SANDWICH~2#:#WHOLE~2,1.0#:#1.0#:#1.0,1.0,1.0,1
4757,BREAD_SOFT_WHEAT,3,3345,0,6,0,0,0,0,BREAD~2#:#SOFT~2#:#WHEAT~2,1.5#:#1.5#:#1.5,1.5,1.5,1
4758,BREAD_WHEAT_WHOLE,3,3345,0,6,0,0,0,0,BREAD~2#:#WHEAT~2#:#WHOLE~2,1.5#:#1.5#:#1.5,1.5,1.5,1
4759,BREAD_GOLD#HARVEST_WHOLE,2,3345,0,6,0,0,0,0,BREAD~2#:#GOLD#HARVEST~2#:#WHOLE~2,1.0#:#1.0#:#1.0,1.0,1.0,1
4760,HEALTH_LOAF_SANDWICH,4,3345,0,6,0,0,0,0,HEALTH~2#:#LOAF~2#:#SANDWICH~2,2.0#:#2.0#:#2.0,2.0,2.0,1
4761,GOLD#HARVEST_HEALTH_LOAF,5,3345,0,6,0,0,0,0,GOLD#HARVEST~2#:#HEALTH~2#:#LOAF~2,2.5#:#2.5#:#2.5,2.5,2.5,1
4762,HEALTH_PERCENT_SANDWICH,2,3345,0,6,0,0,0,0,HEALTH~2#:#PERCENT~2#:#SANDWICH~2,1.0#:#1.0#:#1.0,1.0,1.0,1
4763,HEALTH_PERCENT_WHEAT,2,3345,0,6,0,0,0,0,HEALTH~2#:#PERCENT~2#:#WHEAT~2,1.0#:#1.0#:#1.0,1.0,1.0,1
4764,HEALTH_PERCENT_WHOLE,2,3345,0,6,0,0,0,0,HEALTH~2#:#PERCENT~2#:#WHOLE~2,1.0#:#1.0#:#1.0,1.0,1.0,1
4765,GOLD#HARVEST_HEALTH_PERCENT,2,3345,0,6,0,0,0,0,GOLD#HARVEST~2#:#HEALTH~2#:#PERCENT~2,1.0#:#1.0#:#1.0,1.0,1.0,1
4766,HEALTH_SANDWICH_WHEAT,2,3345,0,6,0,0,0,0,HEALTH~2#:#SANDWICH~2#:#WHEAT~2,1.0#:#1.0#:#1.0,1.0,1.0,1
4767,HEALTH_SANDWICH_WHOLE,2,3345,0,6,0,0,0,0,HEALTH~2#:#SANDWICH~2#:#WHOLE~2,1.0#:#1.0#:#1.0,1.0,1.0,1
4768,GOLD#HARVEST_HEALTH_SANDWICH,6,3345,0,6,0,0,0,0,GOLD#HARVEST~2#:#HEALTH~2#:#SANDWICH~2,3.0#:#3.0#:#3.0,3.0,3.0,1
4769,HEALTH_WHEAT_WHOLE,2,3345,0,6,0,0,0,0,HEALTH~2#:#WHEAT~2#:#WHOLE~2,1.0#:#1.0#:#1.0,1.0,1.0,1
4770,GOLD#HARVEST_HEALTH_WHEAT,2,3345,0,6,0,0,0,0,GOLD#HARVEST~2#:#HEALTH~2#:#WHEAT~2,1.0#:#1.0#:#1.0,1.0,1.0,1
4771,GOLD#HARVEST_HEALTH_WHOLE,2,3345,0,6,0,0,0,0,GOLD#HARVEST~2#:#HEALTH~2#:#WHOLE~2,1.0#:#1.0#:#1.0,1.0,1.0,1
4772,LOAF_SOFT_WHEAT,3,3345,0,6,0,0,0,0,LOAF~2#:#SOFT~2#:#WHEAT~2,1.5#:#1.5#:#1.5,1.5,1.5,1
4773,PERCENT_SANDWICH_WHEAT,2,3345,0,6,0,0,0,0,PERCENT~2#:#SANDWICH~2#:#WHEAT~2,1.0#:#1.0#:#1.0,1.0,1.0,1
4774,PERCENT_SANDWICH_WHOLE,2,3345,0,6,0,0,0,0,PERCENT~2#:#SANDWICH~2#:#WHOLE~2,1.0#:#1.0#:#1.0,1.0,1.0,1
4775,GOLD#HARVEST_PERCENT_SANDWICH,2,3345,0,6,0,0,0,0,GOLD#HARVEST~2#:#PERCENT~2#:#SANDWICH~2,1.0#:#1.0#:#1.0,1.0,1.0,1
4776,PERCENT_WHEAT_WHOLE,2,3345,0,6,0,0,0,0,PERCENT~2#:#WHEAT~2#:#WHOLE~2,1.0#:#1.0#:#1.0,1.0,1.0,1
4777,GOLD#HARVEST_PERCENT_WHEAT,2,3345,0,6,0,0,0,0,GOLD#HARVEST~2#:#PERCENT~2#:#WHEAT~2,1.0#:#1.0#:#1.0,1.0,1.0,1
4778,GOLD#HARVEST_PERCENT_WHOLE,2,3345,0,6,0,0,0,0,GOLD#HARVEST~2#:#PERCENT~2#:#WHOLE~2,1.0#:#1.0#:#1.0,1.0,1.0,1
4779,SANDWICH_SOFT_WHEAT,3,3345,0,6,0,0,0,0,SANDWICH~2#:#SOFT~2#:#WHEAT~2,1.5#:#1.5#:#1.5,1.5,1.5,1
4780,SANDWICH_WHEAT_WHOLE,2,3345,0,6,0,0,0,0,SANDWICH~2#:#WHEAT~2#:#WHOLE~2,1.0#:#1.0#:#1.0,1.0,1.0,1
4781,GOLD#HARVEST_SANDWICH_WHOLE,2,3345,0,6,0,0,0,0,GOLD#HARVEST~2#:#SANDWICH~2#:#WHOLE~2,1.0#:#1.0#:#1.0,1.0,1.0,1
4782,GOLD#HARVEST_SOFT_WHEAT,2,3345,0,6,0,0,0,0,GOLD#HARVEST~2#:#SOFT~2#:#WHEAT~2,1.0#:#1.0#:#1.0,1.0,1.0,1
4783,GOLD#HARVEST_WHEAT_WHOLE,3,3345,0,6,0,0,0,0,GOLD#HARVEST~2#:#WHEAT~2#:#WHOLE~2,1.5#:#1.5#:#1.5,1.5,1.5,1
4784,BREAD_BRITANNIA_SANDWICH,4,3345,0,6,0,0,0,0,BREAD~2#:#BRITANNIA~3#:#SANDWICH~2,2.0#:#1.33#:#2.0,2.0,1.33,1
4785,BRITANNIA_LOAF_SANDWICH,4,3345,0,6,0,0,0,0,BRITANNIA~3#:#LOAF~2#:#SANDWICH~2,1.33#:#2.0#:#2.0,2.0,1.33,1
4786,BRITANNIA_SANDWICH_SOFT,4,3345,0,6,0,0,0,0,BRITANNIA~3#:#SANDWICH~2#:#SOFT~2,1.33#:#2.0#:#2.0,2.0,1.33,1
4787,BREAD_LOAF_MULTIGRAIN,2,3345,0,6,0,0,0,0,BREAD~2#:#LOAF~2#:#MULTIGRAIN~2,1.0#:#1.0#:#1.0,1.0,1.0,1
4788,BREAD_LOAF_SLICED,3,3345,0,6,0,0,0,0,BREAD~2#:#LOAF~2#:#SLICED~2,1.5#:#1.5#:#1.5,1.5,1.5,1
4789,BREAD_MULTIGRAIN_SANDWICH,2,3345,0,6,0,0,0,0,BREAD~2#:#MULTIGRAIN~2#:#SANDWICH~2,1.0#:#1.0#:#1.0,1.0,1.0,1
4790,BREAD_GOLD#HARVEST_MULTIGRAIN,4,3345,0,6,0,0,0,0,BREAD~2#:#GOLD#HARVEST~2#:#MULTIGRAIN~2,2.0#:#2.0#:#2.0,2.0,2.0,1
4791,GOLD#HARVEST_LOAF_MULTIGRAIN,2,3345,0,6,0,0,0,0,GOLD#HARVEST~2#:#LOAF~2#:#MULTIGRAIN~2,1.0#:#1.0#:#1.0,1.0,1.0,1
4792,GOLD#HARVEST_LOAF_SLICED,2,3345,0,6,0,0,0,0,GOLD#HARVEST~2#:#LOAF~2#:#SLICED~2,1.0#:#1.0#:#1.0,1.0,1.0,1
4793,GOLD#HARVEST_MULTIGRAIN_SANDWICH,2,3345,0,6,0,0,0,0,GOLD#HARVEST~2#:#MULTIGRAIN~2#:#SANDWICH~2,1.0#:#1.0#:#1.0,1.0,1.0,1
4794,BREAD_SANDWICH_WHITE,2,3345,1,6,0,0,0,0,BREAD~2#:#SANDWICH~2#:#WHITE~2,1.0#:#1.0#:#1.0,1.0,1.0,1
4795,LOAF_SANDWICH_WHITE,2,3345,1,6,0,0,0,0,LOAF~2#:#SANDWICH~2#:#WHITE~2,1.0#:#1.0#:#1.0,1.0,1.0,1
4796,SANDWICH_SOFT_WHITE,2,3345,1,6,0,0,0,0,SANDWICH~2#:#SOFT~2#:#WHITE~2,1.0#:#1.0#:#1.0,1.0,1.0,1
4797,BREAD_LOAF_ORGANIC,5,3345,0,6,0,0,0,0,BREAD~2#:#LOAF~2#:#ORGANIC~3,2.5#:#2.5#:#1.67,2.5,1.67,1
4798,LOAF_ORGANIC_SANDWICH,3,3345,0,6,0,0,0,0,LOAF~2#:#ORGANIC~3#:#SANDWICH~2,1.5#:#1.0#:#1.5,1.5,1.0,1
4799,GOLD#HARVEST_LOAF_ORGANIC,5,3345,0,6,0,0,0,0,GOLD#HARVEST~2#:#LOAF~2#:#ORGANIC~3,2.5#:#2.5#:#1.67,2.5,1.67,1
4800,BREAD_ORGANIC_SANDWICH,3,3345,0,6,0,0,0,0,BREAD~2#:#ORGANIC~3#:#SANDWICH~2,1.5#:#1.0#:#1.5,1.5,1.0,1
4801,BREAD_GOLD#HARVEST_ORGANIC,5,3345,0,6,0,0,0,0,BREAD~2#:#GOLD#HARVEST~2#:#ORGANIC~3,2.5#:#2.5#:#1.67,2.5,1.67,1
4802,GOLD#HARVEST_ORGANIC_SANDWICH,3,3345,0,6,0,0,0,0,GOLD#HARVEST~2#:#ORGANIC~3#:#SANDWICH~2,1.5#:#1.0#:#1.5,1.5,1.0,1
4803,HEALTH_LOAF_ORGANIC,3,3345,0,6,0,0,0,0,HEALTH~2#:#LOAF~2#:#ORGANIC~3,1.5#:#1.5#:#1.0,1.5,1.0,1
4804,BREAD_HEALTH_ORGANIC,3,3345,0,6,0,0,0,0,BREAD~2#:#HEALTH~2#:#ORGANIC~3,1.5#:#1.5#:#1.0,1.5,1.0,1
4805,HEALTH_ORGANIC_SANDWICH,2,3345,0,6,0,0,0,0,HEALTH~2#:#ORGANIC~3#:#SANDWICH~2,1.0#:#0.67#:#1.0,1.0,0.67,0
4806,GOLD#HARVEST_HEALTH_ORGANIC,3,3345,0,6,0,0,0,0,GOLD#HARVEST~2#:#HEALTH~2#:#ORGANIC~3,1.5#:#1.5#:#1.0,1.5,1.0,1
4807,BREAD_HEALTH_THIN,3,3345,0,6,0,0,0,0,BREAD~2#:#HEALTH~2#:#THIN~2,1.5#:#1.5#:#1.5,1.5,1.5,1
4808,GOLD#HARVEST_HEALTH_THIN,3,3345,0,6,0,0,0,0,GOLD#HARVEST~2#:#HEALTH~2#:#THIN~2,1.5#:#1.5#:#1.5,1.5,1.5,1
4809,BREAD_GOLD#HARVEST_THIN,3,3345,0,6,0,0,0,0,BREAD~2#:#GOLD#HARVEST~2#:#THIN~2,1.5#:#1.5#:#1.5,1.5,1.5,1
4810,BREAD_SANDWICH_SWEET,2,3345,1,6,0,0,0,0,BREAD~2#:#SANDWICH~2#:#SWEET~2,1.0#:#1.0#:#1.0,1.0,1.0,1
4811,LOAF_SANDWICH_SWEET,2,3345,1,6,0,0,0,0,LOAF~2#:#SANDWICH~2#:#SWEET~2,1.0#:#1.0#:#1.0,1.0,1.0,1
4812,SANDWICH_SOFT_SWEET,2,3345,1,6,0,0,0,0,SANDWICH~2#:#SOFT~2#:#SWEET~2,1.0#:#1.0#:#1.0,1.0,1.0,1
4813,BREAD_BRITANNIA_STYLE,2,3345,0,6,0,0,0,0,BREAD~2#:#BRITANNIA~3#:#STYLE~2,1.0#:#0.67#:#1.0,1.0,0.67,0
4814,BRITANNIA_LOAF_STYLE,2,3345,0,6,0,0,0,0,BRITANNIA~3#:#LOAF~2#:#STYLE~2,0.67#:#1.0#:#1.0,1.0,0.67,0
4815,BRITANNIA_SOFT_STYLE,3,3345,0,6,0,0,0,0,BRITANNIA~3#:#SOFT~2#:#STYLE~2,1.0#:#1.5#:#1.5,1.5,1.0,1
4816,BREAD_SOFT_STYLE,3,3345,0,6,0,0,0,0,BREAD~2#:#SOFT~2#:#STYLE~2,1.5#:#1.5#:#1.5,1.5,1.5,1
4817,LOAF_SOFT_STYLE,2,3345,0,6,0,0,0,0,LOAF~2#:#SOFT~2#:#STYLE~2,1.0#:#1.0#:#1.0,1.0,1.0,1
4818,BAKERY_BREAD_LOAF,4,3345,0,6,0,0,0,0,BAKERY~2#:#BREAD~2#:#LOAF~2,2.0#:#2.0#:#2.0,2.0,2.0,1
4819,BAKERY_BREAD_GOLD#HARVEST,4,3345,0,6,0,0,0,0,BAKERY~2#:#BREAD~2#:#GOLD#HARVEST~2,2.0#:#2.0#:#2.0,2.0,2.0,1
4820,BAKERY_GOLD#HARVEST_LOAF,2,3345,0,6,0,0,0,0,BAKERY~2#:#GOLD#HARVEST~2#:#LOAF~2,1.0#:#1.0#:#1.0,1.0,1.0,1
4821,BAKERY_BREAD_BRITANNIA,2,3345,0,6,0,0,0,0,BAKERY~2#:#BREAD~2#:#BRITANNIA~3,1.0#:#1.0#:#0.67,1.0,0.67,0
4822,BAKERY_BRITANNIA_SOFT,3,3345,0,6,0,0,0,0,BAKERY~2#:#BRITANNIA~3#:#SOFT~2,1.5#:#1.0#:#1.5,1.5,1.0,1
4823,BAKERY_BREAD_SOFT,6,3345,0,6,0,0,0,0,BAKERY~2#:#BREAD~2#:#SOFT~2,3.0#:#3.0#:#3.0,3.0,3.0,1
4824,BAKERY_LOAF_SOFT,2,3345,0,6,0,0,0,0,BAKERY~2#:#LOAF~2#:#SOFT~2,1.0#:#1.0#:#1.0,1.0,1.0,1
4825,BAKERY_MODERN_SOFT,2,3345,0,6,0,0,0,0,BAKERY~2#:#MODERN~2#:#SOFT~2,1.0#:#1.0#:#1.0,1.0,1.0,1
4826,BREAD_FRENCH_MODERN,2,3345,0,6,0,0,0,0,BREAD~2#:#FRENCH~2#:#MODERN~2,1.0#:#1.0#:#1.0,1.0,1.0,1
4827,BREAD_FRENCH_SOFT,2,3345,0,6,0,0,0,0,BREAD~2#:#FRENCH~2#:#SOFT~2,1.0#:#1.0#:#1.0,1.0,1.0,1
4828,FRENCH_MODERN_SOFT,2,3345,0,6,0,0,0,0,FRENCH~2#:#MODERN~2#:#SOFT~2,1.0#:#1.0#:#1.0,1.0,1.0,1
4829,BAKERY_BRITANNIA_BUNS,2,3345,0,6,0,0,0,0,BAKERY~2#:#BRITANNIA~3#:#BUNS~2,1.0#:#0.67#:#1.0,1.0,0.67,0
4830,BRITANNIA_BUNS_ROLLS,5,3345,0,6,0,0,0,0,BRITANNIA~3#:#BUNS~2#:#ROLLS~2,1.67#:#2.5#:#2.5,2.5,1.67,1
4831,BRITANNIA_BUNS_SOFT,7,3345,0,6,0,0,0,0,BRITANNIA~3#:#BUNS~2#:#SOFT~2,2.33#:#3.5#:#3.5,3.5,2.33,1
4832,BRITANNIA_ROLLS_SOFT,4,3345,0,6,0,0,0,0,BRITANNIA~3#:#ROLLS~2#:#SOFT~2,1.33#:#2.0#:#2.0,2.0,1.33,1
4833,BAKERY_BUNS_ROLLS,2,3345,0,6,0,0,0,0,BAKERY~2#:#BUNS~2#:#ROLLS~2,1.0#:#1.0#:#1.0,1.0,1.0,1
4834,BAKERY_BUNS_SOFT,3,3345,0,6,0,0,0,0,BAKERY~2#:#BUNS~2#:#SOFT~2,1.5#:#1.5#:#1.5,1.5,1.5,1
4835,BUNS_ROLLS_SOFT,6,3345,0,6,0,0,0,0,BUNS~2#:#ROLLS~2#:#SOFT~2,3.0#:#3.0#:#3.0,3.0,3.0,1
4836,BAKERY_ROLLS_SOFT,5,3345,0,6,0,0,0,0,BAKERY~2#:#ROLLS~2#:#SOFT~2,2.5#:#2.5#:#2.5,2.5,2.5,1
4837,BREAD_ROLLS_SOFT,5,3345,0,6,0,0,0,0,BREAD~2#:#ROLLS~2#:#SOFT~2,2.5#:#2.5#:#2.5,2.5,2.5,1
4838,BREAD_GOLD#HARVEST_ROLLS,3,3345,0,6,0,0,0,0,BREAD~2#:#GOLD#HARVEST~2#:#ROLLS~2,1.5#:#1.5#:#1.5,1.5,1.5,1
4839,GOLD#HARVEST_ROLLS_SOFT,4,3345,0,6,0,0,0,0,GOLD#HARVEST~2#:#ROLLS~2#:#SOFT~2,2.0#:#2.0#:#2.0,2.0,2.0,1
4840,BAKERY_BREAD_CLASSIC,2,3345,0,6,0,0,0,0,BAKERY~2#:#BREAD~2#:#CLASSIC~2,1.0#:#1.0#:#1.0,1.0,1.0,1
4841,BAKERY_BREAD_ROLLS,3,3345,0,6,0,0,0,0,BAKERY~2#:#BREAD~2#:#ROLLS~2,1.5#:#1.5#:#1.5,1.5,1.5,1
4842,BAKERY_CLASSIC_SOFT,2,3345,0,6,0,0,0,0,BAKERY~2#:#CLASSIC~2#:#SOFT~2,1.0#:#1.0#:#1.0,1.0,1.0,1
4843,BAKERY_GOLD#HARVEST_ROLLS,2,3345,0,6,0,0,0,0,BAKERY~2#:#GOLD#HARVEST~2#:#ROLLS~2,1.0#:#1.0#:#1.0,1.0,1.0,1
4844,BAKERY_GOLD#HARVEST_SOFT,2,3345,0,6,0,0,0,0,BAKERY~2#:#GOLD#HARVEST~2#:#SOFT~2,1.0#:#1.0#:#1.0,1.0,1.0,1
4845,BREAD_BRITANNIA_FOR,2,3345,1,6,0,0,0,0,BREAD~2#:#BRITANNIA~3#:#FOR~2,1.0#:#0.67#:#1.0,1.0,0.67,0
4846,BUNS_BURGER_PACK,5,3345,1,6,0,0,0,0,BUNS~2#:#BURGER~2#:#PACK~3,2.5#:#2.5#:#1.67,2.5,1.67,1
4847,BREAD_BUNS_PACK,3,3345,1,6,0,0,0,0,BREAD~2#:#BUNS~2#:#PACK~3,1.5#:#1.5#:#1.0,1.5,1.0,1
4848,BUNS_PACK_SOFT,6,3345,1,6,0,0,0,0,BUNS~2#:#PACK~3#:#SOFT~2,3.0#:#2.0#:#3.0,3.0,2.0,1
4849,BURGER_PACK_SOFT,2,3345,1,6,0,0,0,0,BURGER~2#:#PACK~3#:#SOFT~2,1.0#:#0.67#:#1.0,1.0,0.67,0
4850,BREAD_BUNS_BURGER,2,3345,0,6,0,0,0,0,BREAD~2#:#BUNS~2#:#BURGER~2,1.0#:#1.0#:#1.0,1.0,1.0,1
4851,BUNS_BURGER_SOFT,2,3345,0,6,0,0,0,0,BUNS~2#:#BURGER~2#:#SOFT~2,1.0#:#1.0#:#1.0,1.0,1.0,1
4852,BUNS_MODERN_SOFT,2,3345,0,6,0,0,0,0,BUNS~2#:#MODERN~2#:#SOFT~2,1.0#:#1.0#:#1.0,1.0,1.0,1
4853,BREAD_BUNS_SOFT,6,3345,0,6,0,0,0,0,BREAD~2#:#BUNS~2#:#SOFT~2,3.0#:#3.0#:#3.0,3.0,3.0,1
4854,BUNS_SOFT_STYLE,2,3345,0,6,0,0,0,0,BUNS~2#:#SOFT~2#:#STYLE~2,1.0#:#1.0#:#1.0,1.0,1.0,1
4855,BREAD_BUNS_GOLD#HARVEST,3,3345,0,6,0,0,0,0,BREAD~2#:#BUNS~2#:#GOLD#HARVEST~2,1.5#:#1.5#:#1.5,1.5,1.5,1
4856,BUNS_GOLD#HARVEST_SOFT,4,3345,0,6,0,0,0,0,BUNS~2#:#GOLD#HARVEST~2#:#SOFT~2,2.0#:#2.0#:#2.0,2.0,2.0,1
4857,BRITANNIA_PIZZA_THIN,2,3345,0,6,0,0,0,0,BRITANNIA~3#:#PIZZA~2#:#THIN~2,0.67#:#1.0#:#1.0,1.0,0.67,0
4858,BRITANNIA_BUNS_DOG,3,3345,0,6,0,0,0,0,BRITANNIA~3#:#BUNS~2#:#DOG~2,1.0#:#1.5#:#1.5,1.5,1.0,1
4859,BRITANNIA_BUNS_HOT,3,3345,1,6,0,0,0,0,BRITANNIA~3#:#BUNS~2#:#HOT~2,1.0#:#1.5#:#1.5,1.5,1.0,1
4860,BRITANNIA_BUNS_LOW,2,3345,0,6,0,0,0,0,BRITANNIA~3#:#BUNS~2#:#LOW~2,0.67#:#1.0#:#1.0,1.0,0.67,0
4861,BRITANNIA_DOG_HOT,3,3345,1,6,0,0,0,0,BRITANNIA~3#:#DOG~2#:#HOT~2,1.0#:#1.5#:#1.5,1.5,1.0,1
4862,BRITANNIA_DOG_LOW,2,3345,0,6,0,0,0,0,BRITANNIA~3#:#DOG~2#:#LOW~2,0.67#:#1.0#:#1.0,1.0,0.67,0
4863,BRITANNIA_DOG_ROLLS,3,3345,0,6,0,0,0,0,BRITANNIA~3#:#DOG~2#:#ROLLS~2,1.0#:#1.5#:#1.5,1.5,1.0,1
4864,BRITANNIA_DOG_SOFT,2,3345,0,6,0,0,0,0,BRITANNIA~3#:#DOG~2#:#SOFT~2,0.67#:#1.0#:#1.0,1.0,0.67,0
4865,BRITANNIA_HOT_LOW,2,3345,1,6,0,0,0,0,BRITANNIA~3#:#HOT~2#:#LOW~2,0.67#:#1.0#:#1.0,1.0,0.67,0
4866,BRITANNIA_HOT_ROLLS,3,3345,1,6,0,0,0,0,BRITANNIA~3#:#HOT~2#:#ROLLS~2,1.0#:#1.5#:#1.5,1.5,1.0,1
4867,BRITANNIA_HOT_SOFT,2,3345,1,6,0,0,0,0,BRITANNIA~3#:#HOT~2#:#SOFT~2,0.67#:#1.0#:#1.0,1.0,0.67,0
4868,BRITANNIA_LOW_ROLLS,2,3345,0,6,0,0,0,0,BRITANNIA~3#:#LOW~2#:#ROLLS~2,0.67#:#1.0#:#1.0,1.0,0.67,0
4869,BUNS_DOG_HOT,5,3345,1,6,0,0,0,0,BUNS~2#:#DOG~2#:#HOT~2,2.5#:#2.5#:#2.5,2.5,2.5,1
4870,BUNS_DOG_LOW,2,3345,0,6,0,0,0,0,BUNS~2#:#DOG~2#:#LOW~2,1.0#:#1.0#:#1.0,1.0,1.0,1
4871,BUNS_DOG_ROLLS,4,3345,0,6,0,0,0,0,BUNS~2#:#DOG~2#:#ROLLS~2,2.0#:#2.0#:#2.0,2.0,2.0,1
4872,BUNS_DOG_SOFT,4,3345,0,6,0,0,0,0,BUNS~2#:#DOG~2#:#SOFT~2,2.0#:#2.0#:#2.0,2.0,2.0,1
4873,BUNS_HOT_LOW,2,3345,1,6,0,0,0,0,BUNS~2#:#HOT~2#:#LOW~2,1.0#:#1.0#:#1.0,1.0,1.0,1
4874,BUNS_HOT_ROLLS,4,3345,1,6,0,0,0,0,BUNS~2#:#HOT~2#:#ROLLS~2,2.0#:#2.0#:#2.0,2.0,2.0,1
4875,BUNS_HOT_SOFT,4,3345,1,6,0,0,0,0,BUNS~2#:#HOT~2#:#SOFT~2,2.0#:#2.0#:#2.0,2.0,2.0,1
4876,BUNS_LOW_ROLLS,2,3345,0,6,0,0,0,0,BUNS~2#:#LOW~2#:#ROLLS~2,1.0#:#1.0#:#1.0,1.0,1.0,1
4877,DOG_HOT_LOW,2,3345,1,6,0,0,0,0,DOG~2#:#HOT~2#:#LOW~2,1.0#:#1.0#:#1.0,1.0,1.0,1
4878,DOG_HOT_ROLLS,4,3345,1,6,0,0,0,0,DOG~2#:#HOT~2#:#ROLLS~2,2.0#:#2.0#:#2.0,2.0,2.0,1
4879,DOG_HOT_SOFT,4,3345,1,6,0,0,0,0,DOG~2#:#HOT~2#:#SOFT~2,2.0#:#2.0#:#2.0,2.0,2.0,1
4880,DOG_LOW_ROLLS,2,3345,0,6,0,0,0,0,DOG~2#:#LOW~2#:#ROLLS~2,1.0#:#1.0#:#1.0,1.0,1.0,1
4881,DOG_ROLLS_SOFT,3,3345,0,6,0,0,0,0,DOG~2#:#ROLLS~2#:#SOFT~2,1.5#:#1.5#:#1.5,1.5,1.5,1
4882,HOT_LOW_ROLLS,2,3345,1,6,0,0,0,0,HOT~2#:#LOW~2#:#ROLLS~2,1.0#:#1.0#:#1.0,1.0,1.0,1
4883,HOT_ROLLS_SOFT,3,3345,1,6,0,0,0,0,HOT~2#:#ROLLS~2#:#SOFT~2,1.5#:#1.5#:#1.5,1.5,1.5,1
4884,BRITANNIA_MINT_PACK,10,3345,2,6,0,0,0,0,BRITANNIA~3#:#MINT~2#:#PACK~3,3.33#:#5.0#:#3.33,5.0,3.33,1
4885,BRITANNIA_BUNS_PACK,6,3345,1,6,0,0,0,0,BRITANNIA~3#:#BUNS~2#:#PACK~3,2.0#:#3.0#:#2.0,3.0,2.0,1
4886,BRITANNIA_BUNS_MINT,2,3345,1,6,0,0,0,0,BRITANNIA~3#:#BUNS~2#:#MINT~2,0.67#:#1.0#:#1.0,1.0,0.67,0
4887,BUNS_MINT_PACK,2,3345,2,6,0,0,0,0,BUNS~2#:#MINT~2#:#PACK~3,1.0#:#1.0#:#0.67,1.0,0.67,0
4888,MINT_PACK_SWEET,2,3345,3,6,0,0,0,0,MINT~2#:#PACK~3#:#SWEET~2,1.0#:#0.67#:#1.0,1.0,0.67,0
4889,BRITANNIA_PACK_ROLLS,5,3345,1,6,0,0,0,0,BRITANNIA~3#:#PACK~3#:#ROLLS~2,1.67#:#1.67#:#2.5,2.5,1.67,1
4890,BRITANNIA_MINT_SOFT,2,3345,1,6,0,0,0,0,BRITANNIA~3#:#MINT~2#:#SOFT~2,0.67#:#1.0#:#1.0,1.0,0.67,0
4891,BUNS_PACK_ROLLS,4,3345,1,6,0,0,0,0,BUNS~2#:#PACK~3#:#ROLLS~2,2.0#:#1.33#:#2.0,2.0,1.33,1
4892,PACK_ROLLS_SOFT,5,3345,1,6,0,0,0,0,PACK~3#:#ROLLS~2#:#SOFT~2,1.67#:#2.5#:#2.5,2.5,1.67,1
4893,BRITANNIA_DOG_PACK,2,3345,1,6,0,0,0,0,BRITANNIA~3#:#DOG~2#:#PACK~3,0.67#:#1.0#:#0.67,1.0,0.67,0
4894,BRITANNIA_HOT_PACK,2,3345,2,6,0,0,0,0,BRITANNIA~3#:#HOT~2#:#PACK~3,0.67#:#1.0#:#0.67,1.0,0.67,0
4895,DOG_HOT_PACK,3,3345,2,6,0,0,0,0,DOG~2#:#HOT~2#:#PACK~3,1.5#:#1.5#:#1.0,1.5,1.0,1
4896,BUNS_DOG_PACK,3,3345,1,6,0,0,0,0,BUNS~2#:#DOG~2#:#PACK~3,1.5#:#1.5#:#1.0,1.5,1.0,1
4897,DOG_PACK_ROLLS,2,3345,1,6,0,0,0,0,DOG~2#:#PACK~3#:#ROLLS~2,1.0#:#0.67#:#1.0,1.0,0.67,0
4898,DOG_PACK_SOFT,2,3345,1,6,0,0,0,0,DOG~2#:#PACK~3#:#SOFT~2,1.0#:#0.67#:#1.0,1.0,0.67,0
4899,BUNS_HOT_PACK,3,3345,2,6,0,0,0,0,BUNS~2#:#HOT~2#:#PACK~3,1.5#:#1.5#:#1.0,1.5,1.0,1
4900,HOT_PACK_ROLLS,2,3345,2,6,0,0,0,0,HOT~2#:#PACK~3#:#ROLLS~2,1.0#:#0.67#:#1.0,1.0,0.67,0
4901,HOT_PACK_SOFT,2,3345,2,6,0,0,0,0,HOT~2#:#PACK~3#:#SOFT~2,1.0#:#0.67#:#1.0,1.0,0.67,0
4902,BUNS_GOLD#HARVEST_PACK,4,3345,1,6,0,0,0,0,BUNS~2#:#GOLD#HARVEST~2#:#PACK~3,2.0#:#2.0#:#1.33,2.0,1.33,1
4903,BREAD_GOLD#HARVEST_PACK,3,3345,1,6,0,0,0,0,BREAD~2#:#GOLD#HARVEST~2#:#PACK~3,1.5#:#1.5#:#1.0,1.5,1.0,1
4904,GOLD#HARVEST_PACK_SOFT,3,3345,1,6,0,0,0,0,GOLD#HARVEST~2#:#PACK~3#:#SOFT~2,1.5#:#1.0#:#1.5,1.5,1.0,1
4905,BREAD_BRITANNIA_BUNS,3,3345,0,6,0,0,0,0,BREAD~2#:#BRITANNIA~3#:#BUNS~2,1.5#:#1.0#:#1.5,1.5,1.0,1
4906,BURGER_GOLD#HARVEST_PACK,2,3345,1,6,0,0,0,0,BURGER~2#:#GOLD#HARVEST~2#:#PACK~3,1.0#:#1.0#:#0.67,1.0,0.67,0
4907,GOLD#HARVEST_PACK_ROLLS,2,3345,1,6,0,0,0,0,GOLD#HARVEST~2#:#PACK~3#:#ROLLS~2,1.0#:#0.67#:#1.0,1.0,0.67,0
4908,BUNS_BURGER_GOLD#HARVEST,3,3345,0,6,0,0,0,0,BUNS~2#:#BURGER~2#:#GOLD#HARVEST~2,1.5#:#1.5#:#1.5,1.5,1.5,1
4909,BUNS_LOW_PACK,2,3345,1,6,0,0,0,0,BUNS~2#:#LOW~2#:#PACK~3,1.0#:#1.0#:#0.67,1.0,0.67,0
4910,MODERN_ROLLS_SOFT,2,3345,0,6,0,0,0,0,MODERN~2#:#ROLLS~2#:#SOFT~2,1.0#:#1.0#:#1.0,1.0,1.0,1
4911,BREAD_PACK_ROLLS,2,3345,1,6,0,0,0,0,BREAD~2#:#PACK~3#:#ROLLS~2,1.0#:#0.67#:#1.0,1.0,0.67,0
4912,BREAD_HEALTH_MULTIGRAIN,2,3345,0,6,0,0,0,0,BREAD~2#:#HEALTH~2#:#MULTIGRAIN~2,1.0#:#1.0#:#1.0,1.0,1.0,1
4913,BREAD_SANDWICH_THIN,2,3345,0,6,0,0,0,0,BREAD~2#:#SANDWICH~2#:#THIN~2,1.0#:#1.0#:#1.0,1.0,1.0,1
4914,HEALTH_SANDWICH_THIN,2,3345,0,6,0,0,0,0,HEALTH~2#:#SANDWICH~2#:#THIN~2,1.0#:#1.0#:#1.0,1.0,1.0,1
4915,GOLD#HARVEST_SANDWICH_THIN,2,3345,0,6,0,0,0,0,GOLD#HARVEST~2#:#SANDWICH~2#:#THIN~2,1.0#:#1.0#:#1.0,1.0,1.0,1
4916,BRITANNIA_BUNS_BURGER,2,3345,0,6,0,0,0,0,BRITANNIA~3#:#BUNS~2#:#BURGER~2,0.67#:#1.0#:#1.0,1.0,0.67,0
4917,BUNS_BURGER_MULTIGRAIN,2,3345,0,6,0,0,0,0,BUNS~2#:#BURGER~2#:#MULTIGRAIN~2,1.0#:#1.0#:#1.0,1.0,1.0,1
4918,BRITANNIA_SNACK_STICK,2,3345,1,6,0,0,0,0,BRITANNIA~3#:#SNACK~3#:#STICK~2,0.67#:#0.67#:#1.0,1.0,0.67,0
4919,ASSORTED_BRITANNIA_CREAMY,3,3345,1,6,0,0,0,0,ASSORTED~2#:#BRITANNIA~3#:#CREAMY~3,1.5#:#1.0#:#1.0,1.5,1.0,1
4920,BRITANNIA_CREAMY_FILLET,13,3345,1,6,0,0,0,0,BRITANNIA~3#:#CREAMY~3#:#FILLET~2,4.33#:#4.33#:#6.5,6.5,4.33,1
4921,ASSORTED_BRITANNIA_FILLET,3,3345,0,6,0,0,0,0,ASSORTED~2#:#BRITANNIA~3#:#FILLET~2,1.5#:#1.0#:#1.5,1.5,1.0,1
4922,ASSORTED_BRITANNIA_MUFFIN,2,3345,0,6,0,0,0,0,ASSORTED~2#:#BRITANNIA~3#:#MUFFIN~2,1.0#:#0.67#:#1.0,1.0,0.67,0
4923,ASSORTED_CREAMY_FILLET,2,3345,1,6,0,0,0,0,ASSORTED~2#:#CREAMY~3#:#FILLET~2,1.0#:#0.67#:#1.0,1.0,0.67,0
4924,COOKIES_PACK_PEANUT,2,3345,1,6,0,0,0,0,COOKIES~2#:#PACK~3#:#PEANUT~2,1.0#:#0.67#:#1.0,1.0,0.67,0
4925,BUTTER_PACK_PEANUT,7,3345,2,6,0,0,0,0,BUTTER~2#:#PACK~3#:#PEANUT~2,3.5#:#2.33#:#3.5,3.5,2.33,1
4926,BRITANNIA_CAKES_PACK,13,3345,1,6,0,0,0,0,BRITANNIA~3#:#CAKES~2#:#PACK~3,4.33#:#6.5#:#4.33,6.5,4.33,1
4927,BRITANNIA_CAKES_MINT,4,3345,1,6,0,0,0,0,BRITANNIA~3#:#CAKES~2#:#MINT~2,1.33#:#2.0#:#2.0,2.0,1.33,1
4928,CAKES_MINT_PACK,2,3345,2,6,0,0,0,0,CAKES~2#:#MINT~2#:#PACK~3,1.0#:#1.0#:#0.67,1.0,0.67,0
4929,BRITANNIA_FLAVOUR_PACK,4,3345,2,6,0,0,0,0,BRITANNIA~3#:#FLAVOUR~3#:#PACK~3,1.33#:#1.33#:#1.33,1.33,1.33,1
4930,BRITANNIA_FLAVOUR_LEMON,2,3345,2,6,0,0,0,0,BRITANNIA~3#:#FLAVOUR~3#:#LEMON~2,0.67#:#0.67#:#1.0,1.0,0.67,0
4931,BRITANNIA_FLAVOUR_ICED,4,3345,1,6,0,0,0,0,BRITANNIA~3#:#FLAVOUR~3#:#ICED~2,1.33#:#1.33#:#2.0,2.0,1.33,1
4932,BRITANNIA_ICED_PACK,2,3345,1,6,0,0,0,0,BRITANNIA~3#:#ICED~2#:#PACK~3,0.67#:#1.0#:#0.67,1.0,0.67,0
4933,BRITANNIA_ICED_LEMON,2,3345,1,6,0,0,0,0,BRITANNIA~3#:#ICED~2#:#LEMON~2,0.67#:#1.0#:#1.0,1.0,0.67,0
4934,FLAVOUR_ICED_LEMON,2,3345,2,6,0,0,0,0,FLAVOUR~3#:#ICED~2#:#LEMON~2,0.67#:#1.0#:#1.0,1.0,0.67,0
4935,CAKES_DESSERT_SOFT,2,3345,0,6,0,0,0,0,CAKES~2#:#DESSERT~2#:#SOFT~2,1.0#:#1.0#:#1.0,1.0,1.0,1
4936,CAKES_MONGINIS_SLICED,2,3345,0,6,0,0,0,0,CAKES~2#:#MONGINIS~2#:#SLICED~2,1.0#:#1.0#:#1.0,1.0,1.0,1
4937,MONGINIS_PUMPKIN_SOFT,2,3345,0,6,0,0,0,0,MONGINIS~2#:#PUMPKIN~2#:#SOFT~2,1.0#:#1.0#:#1.0,1.0,1.0,1
4938,BRITANNIA_CHOCOLATE_FLAVOUR,3,3345,1,6,0,0,0,0,BRITANNIA~3#:#CHOCOLATE~2#:#FLAVOUR~3,1.0#:#1.5#:#1.0,1.5,1.0,1
4939,BRITANNIA_CHOCOLATE_PACK,7,3345,1,6,0,0,0,0,BRITANNIA~3#:#CHOCOLATE~2#:#PACK~3,2.33#:#3.5#:#2.33,3.5,2.33,1
4940,BRITANNIA_CHOCOLATE_CREAMY,11,3345,1,6,0,0,0,0,BRITANNIA~3#:#CHOCOLATE~2#:#CREAMY~3,3.67#:#5.5#:#3.67,5.5,3.67,1
4941,BRITANNIA_CAKES_CREAMY,15,3345,1,6,0,0,0,0,BRITANNIA~3#:#CAKES~2#:#CREAMY~3,5.0#:#7.5#:#5.0,7.5,5.0,1
4942,BRITANNIA_CREAMY_ROLLS,3,3345,1,6,0,0,0,0,BRITANNIA~3#:#CREAMY~3#:#ROLLS~2,1.0#:#1.0#:#1.5,1.5,1.0,1
4943,BRITANNIA_CAKES_CHOCOLATE,11,3345,0,6,0,0,0,0,BRITANNIA~3#:#CAKES~2#:#CHOCOLATE~2,3.67#:#5.5#:#5.5,5.5,3.67,1
4944,BRITANNIA_CHOCOLATE_FILLET,7,3345,0,6,0,0,0,0,BRITANNIA~3#:#CHOCOLATE~2#:#FILLET~2,2.33#:#3.5#:#3.5,3.5,2.33,1
4945,BRITANNIA_CHOCOLATE_ROLLS,4,3345,0,6,0,0,0,0,BRITANNIA~3#:#CHOCOLATE~2#:#ROLLS~2,1.33#:#2.0#:#2.0,2.0,1.33,1
4946,BRITANNIA_CAKES_FILLET,11,3345,0,6,0,0,0,0,BRITANNIA~3#:#CAKES~2#:#FILLET~2,3.67#:#5.5#:#5.5,5.5,3.67,1
4947,BRITANNIA_CAKES_ROLLS,4,3345,0,6,0,0,0,0,BRITANNIA~3#:#CAKES~2#:#ROLLS~2,1.33#:#2.0#:#2.0,2.0,1.33,1
4948,BRITANNIA_FILLET_ROLLS,2,3345,0,6,0,0,0,0,BRITANNIA~3#:#FILLET~2#:#ROLLS~2,0.67#:#1.0#:#1.0,1.0,0.67,0
4949,CAKES_CHOCOLATE_CREAMY,8,3345,1,6,0,0,0,0,CAKES~2#:#CHOCOLATE~2#:#CREAMY~3,4.0#:#4.0#:#2.67,4.0,2.67,1
4950,CHOCOLATE_CREAMY_FILLET,8,3345,1,6,0,0,0,0,CHOCOLATE~2#:#CREAMY~3#:#FILLET~2,4.0#:#2.67#:#4.0,4.0,2.67,1
4951,CHOCOLATE_CREAMY_ROLLS,3,3345,1,6,0,0,0,0,CHOCOLATE~2#:#CREAMY~3#:#ROLLS~2,1.5#:#1.0#:#1.5,1.5,1.0,1
4952,CAKES_CREAMY_FILLET,10,3345,1,6,0,0,0,0,CAKES~2#:#CREAMY~3#:#FILLET~2,5.0#:#3.33#:#5.0,5.0,3.33,1
4953,CAKES_CREAMY_ROLLS,2,3345,1,6,0,0,0,0,CAKES~2#:#CREAMY~3#:#ROLLS~2,1.0#:#0.67#:#1.0,1.0,0.67,0
4954,CREAMY_FILLET_ROLLS,2,3345,1,6,0,0,0,0,CREAMY~3#:#FILLET~2#:#ROLLS~2,0.67#:#1.0#:#1.0,1.0,0.67,0
4955,CAKES_CHOCOLATE_FILLET,5,3345,0,6,0,0,0,0,CAKES~2#:#CHOCOLATE~2#:#FILLET~2,2.5#:#2.5#:#2.5,2.5,2.5,1
4956,CAKES_CHOCOLATE_ROLLS,3,3345,0,6,0,0,0,0,CAKES~2#:#CHOCOLATE~2#:#ROLLS~2,1.5#:#1.5#:#1.5,1.5,1.5,1
4957,CHOCOLATE_FILLET_ROLLS,2,3345,0,6,0,0,0,0,CHOCOLATE~2#:#FILLET~2#:#ROLLS~2,1.0#:#1.0#:#1.0,1.0,1.0,1
4958,BRITANNIA_CREAMY_SANDWICH,2,3345,1,6,0,0,0,0,BRITANNIA~3#:#CREAMY~3#:#SANDWICH~2,0.67#:#0.67#:#1.0,1.0,0.67,0
4959,BRITANNIA_CREAMY_VANILLA,4,3345,2,6,0,0,0,0,BRITANNIA~3#:#CREAMY~3#:#VANILLA~2,1.33#:#1.33#:#2.0,2.0,1.33,1
4960,ASSORTED_BRITANNIA_PACK,4,3345,1,6,0,0,0,0,ASSORTED~2#:#BRITANNIA~3#:#PACK~3,2.0#:#1.33#:#1.33,2.0,1.33,1
4961,BRITANNIA_PACK_VANILLA,4,3345,2,6,0,0,0,0,BRITANNIA~3#:#PACK~3#:#VANILLA~2,1.33#:#1.33#:#2.0,2.0,1.33,1
4962,ASSORTED_BRITANNIA_CAKES,4,3345,0,6,0,0,0,0,ASSORTED~2#:#BRITANNIA~3#:#CAKES~2,2.0#:#1.33#:#2.0,2.0,1.33,1
4963,BRITANNIA_CAKES_ICED,4,3345,0,6,0,0,0,0,BRITANNIA~3#:#CAKES~2#:#ICED~2,1.33#:#2.0#:#2.0,2.0,1.33,1
4964,BRITANNIA_CAKES_VANILLA,4,3345,1,6,0,0,0,0,BRITANNIA~3#:#CAKES~2#:#VANILLA~2,1.33#:#2.0#:#2.0,2.0,1.33,1
4965,ASSORTED_CREAMY_PACK,2,3345,2,6,0,0,0,0,ASSORTED~2#:#CREAMY~3#:#PACK~3,1.0#:#0.67#:#0.67,1.0,0.67,0
4966,CREAMY_ICED_PACK,2,3345,2,6,0,0,0,0,CREAMY~3#:#ICED~2#:#PACK~3,0.67#:#1.0#:#0.67,1.0,0.67,0
4967,CAKES_CREAMY_PACK,5,3345,2,6,0,0,0,0,CAKES~2#:#CREAMY~3#:#PACK~3,2.5#:#1.67#:#1.67,2.5,1.67,1
4968,CREAMY_PACK_VANILLA,2,3345,3,6,0,0,0,0,CREAMY~3#:#PACK~3#:#VANILLA~2,0.67#:#0.67#:#1.0,1.0,0.67,0
4969,ASSORTED_CAKES_CREAMY,2,3345,1,6,0,0,0,0,ASSORTED~2#:#CAKES~2#:#CREAMY~3,1.0#:#1.0#:#0.67,1.0,0.67,0
4970,CAKES_CREAMY_VANILLA,3,3345,2,6,0,0,0,0,CAKES~2#:#CREAMY~3#:#VANILLA~2,1.5#:#1.0#:#1.5,1.5,1.0,1
4971,ASSORTED_CAKES_PACK,5,3345,1,6,0,0,0,0,ASSORTED~2#:#CAKES~2#:#PACK~3,2.5#:#2.5#:#1.67,2.5,1.67,1
4972,CAKES_PACK_VANILLA,4,3345,2,6,0,0,0,0,CAKES~2#:#PACK~3#:#VANILLA~2,2.0#:#1.33#:#2.0,2.0,1.33,1
4973,BRITANNIA_FLAVOUR_SNACK,3,3345,1,6,0,0,0,0,BRITANNIA~3#:#FLAVOUR~3#:#SNACK~3,1.0#:#1.0#:#1.0,1.0,1.0,1
4974,BRITANNIA_CAKES_FLAVOUR,4,3345,1,6,0,0,0,0,BRITANNIA~3#:#CAKES~2#:#FLAVOUR~3,1.33#:#2.0#:#1.33,2.0,1.33,1
4975,BRITANNIA_ICED_SNACK,3,3345,0,6,0,0,0,0,BRITANNIA~3#:#ICED~2#:#SNACK~3,1.0#:#1.5#:#1.0,1.5,1.0,1
4976,BRITANNIA_CAKES_SNACK,6,3345,0,6,0,0,0,0,BRITANNIA~3#:#CAKES~2#:#SNACK~3,2.0#:#3.0#:#2.0,3.0,2.0,1
4977,BRITANNIA_CAKES_LEMON,2,3345,1,6,0,0,0,0,BRITANNIA~3#:#CAKES~2#:#LEMON~2,0.67#:#1.0#:#1.0,1.0,0.67,0
4978,FLAVOUR_ICED_SNACK,3,3345,1,6,0,0,0,0,FLAVOUR~3#:#ICED~2#:#SNACK~3,1.0#:#1.5#:#1.0,1.5,1.0,1
4979,FLAVOUR_LEMON_SNACK,2,3345,2,6,0,0,0,0,FLAVOUR~3#:#LEMON~2#:#SNACK~3,0.67#:#1.0#:#0.67,1.0,0.67,0
4980,CAKES_FLAVOUR_SNACK,3,3345,1,6,0,0,0,0,CAKES~2#:#FLAVOUR~3#:#SNACK~3,1.5#:#1.0#:#1.0,1.5,1.0,1
4981,CAKES_FLAVOUR_ICED,3,3345,1,6,0,0,0,0,CAKES~2#:#FLAVOUR~3#:#ICED~2,1.5#:#1.0#:#1.5,1.5,1.0,1
4982,CAKES_ICED_SNACK,3,3345,0,6,0,0,0,0,CAKES~2#:#ICED~2#:#SNACK~3,1.5#:#1.5#:#1.0,1.5,1.0,1
4983,BRITANNIA_FLAVOUR_STRAWBERRY,2,3345,2,6,0,0,0,0,BRITANNIA~3#:#FLAVOUR~3#:#STRAWBERRY~2,0.67#:#0.67#:#1.0,1.0,0.67,0
4984,CAKES_SNACK_STRAWBERRY,2,3345,1,6,0,0,0,0,CAKES~2#:#SNACK~3#:#STRAWBERRY~2,1.0#:#0.67#:#1.0,1.0,0.67,0
4985,BRITANNIA_CHOCOLATE_SNACK,6,3345,0,6,0,0,0,0,BRITANNIA~3#:#CHOCOLATE~2#:#SNACK~3,2.0#:#3.0#:#2.0,3.0,2.0,1
4986,CAKES_CHOCOLATE_SNACK,2,3345,0,6,0,0,0,0,CAKES~2#:#CHOCOLATE~2#:#SNACK~3,1.0#:#1.0#:#0.67,1.0,0.67,0
4987,BAR_BRITANNIA_CREAMY,3,3345,1,6,0,0,0,0,BAR~2#:#BRITANNIA~3#:#CREAMY~3,1.5#:#1.0#:#1.0,1.5,1.0,1
4988,BAR_BRITANNIA_CAKES,3,3345,0,6,0,0,0,0,BAR~2#:#BRITANNIA~3#:#CAKES~2,1.5#:#1.0#:#1.5,1.5,1.0,1
4989,BAR_BRITANNIA_FILLET,3,3345,0,6,0,0,0,0,BAR~2#:#BRITANNIA~3#:#FILLET~2,1.5#:#1.0#:#1.5,1.5,1.0,1
4990,BAR_CAKES_CREAMY,3,3345,1,6,0,0,0,0,BAR~2#:#CAKES~2#:#CREAMY~3,1.5#:#1.5#:#1.0,1.5,1.0,1
4991,BAR_CREAMY_FILLET,3,3345,1,6,0,0,0,0,BAR~2#:#CREAMY~3#:#FILLET~2,1.5#:#1.0#:#1.5,1.5,1.0,1
4992,BAR_CAKES_FILLET,3,3345,0,6,0,0,0,0,BAR~2#:#CAKES~2#:#FILLET~2,1.5#:#1.5#:#1.5,1.5,1.5,1
4993,BRITANNIA_CREAMY_SNACK,5,3345,1,6,0,0,0,0,BRITANNIA~3#:#CREAMY~3#:#SNACK~3,1.67#:#1.67#:#1.67,1.67,1.67,1
4994,BRITANNIA_PACK_SNACK,9,3345,1,6,0,0,0,0,BRITANNIA~3#:#PACK~3#:#SNACK~3,3.0#:#3.0#:#3.0,3.0,3.0,1
4995,BRITANNIA_SNACK_VANILLA,2,3345,1,6,0,0,0,0,BRITANNIA~3#:#SNACK~3#:#VANILLA~2,0.67#:#0.67#:#1.0,1.0,0.67,0
4996,CREAMY_PACK_SNACK,3,3345,2,6,0,0,0,0,CREAMY~3#:#PACK~3#:#SNACK~3,1.0#:#1.0#:#1.0,1.0,1.0,1
4997,CAKES_CREAMY_SNACK,3,3345,1,6,0,0,0,0,CAKES~2#:#CREAMY~3#:#SNACK~3,1.5#:#1.0#:#1.0,1.5,1.0,1
4998,CAKES_PACK_SNACK,4,3345,1,6,0,0,0,0,CAKES~2#:#PACK~3#:#SNACK~3,2.0#:#1.33#:#1.33,2.0,1.33,1
4999,PACK_SNACK_VANILLA,2,3345,2,6,0,0,0,0,PACK~3#:#SNACK~3#:#VANILLA~2,0.67#:#0.67#:#1.0,1.0,0.67,0
5000,CAKES_SNACK_VANILLA,2,3345,1,6,0,0,0,0,CAKES~2#:#SNACK~3#:#VANILLA~2,1.0#:#0.67#:#1.0,1.0,0.67,0
5001,BAR_CAKES_CHOCOLATE,2,3345,0,6,0,0,0,0,BAR~2#:#CAKES~2#:#CHOCOLATE~2,1.0#:#1.0#:#1.0,1.0,1.0,1
5002,CAKES_CHOCOLATE_PACK,2,3345,1,6,0,0,0,0,CAKES~2#:#CHOCOLATE~2#:#PACK~3,1.0#:#1.0#:#0.67,1.0,0.67,0
5003,CAKES_PACK_ROLLS,2,3345,1,6,0,0,0,0,CAKES~2#:#PACK~3#:#ROLLS~2,1.0#:#0.67#:#1.0,1.0,0.67,0
5004,BRITANNIA_FAMILY_PACK,2,3345,1,6,0,0,0,0,BRITANNIA~3#:#FAMILY~2#:#PACK~3,0.67#:#1.0#:#0.67,1.0,0.67,0
5005,BRITANNIA_PACK_PIECES,2,3345,1,6,0,0,0,0,BRITANNIA~3#:#PACK~3#:#PIECES~2,0.67#:#0.67#:#1.0,1.0,0.67,0
5006,BRITANNIA_FAMILY_PIECES,2,3345,0,6,0,0,0,0,BRITANNIA~3#:#FAMILY~2#:#PIECES~2,0.67#:#1.0#:#1.0,1.0,0.67,0
5007,FAMILY_PACK_PIECES,2,3345,1,6,0,0,0,0,FAMILY~2#:#PACK~3#:#PIECES~2,1.0#:#0.67#:#1.0,1.0,0.67,0
5008,BRITANNIA_CHOCOLATE_WITH,2,3345,1,6,0,0,0,0,BRITANNIA~3#:#CHOCOLATE~2#:#WITH~2,0.67#:#1.0#:#1.0,1.0,0.67,0
5009,BRITANNIA_FILLET_PACK,3,3345,1,6,0,0,0,0,BRITANNIA~3#:#FILLET~2#:#PACK~3,1.0#:#1.5#:#1.0,1.5,1.0,1
5010,CREAMY_FILLET_PACK,2,3345,2,6,0,0,0,0,CREAMY~3#:#FILLET~2#:#PACK~3,0.67#:#1.0#:#0.67,1.0,0.67,0
5011,FAMILY_FILLET_PACK,2,3345,1,6,0,0,0,0,FAMILY~2#:#FILLET~2#:#PACK~3,1.0#:#1.0#:#0.67,1.0,0.67,0
5012,CAKES_FILLET_PACK,3,3345,1,6,0,0,0,0,CAKES~2#:#FILLET~2#:#PACK~3,1.5#:#1.5#:#1.0,1.5,1.0,1
5013,BRITANNIA_COCONUT_CREAMY,2,3345,2,6,0,0,0,0,BRITANNIA~3#:#COCONUT~2#:#CREAMY~3,0.67#:#1.0#:#0.67,1.0,0.67,0
5014,BRITANNIA_CHOCOLATE_COCONUT,2,3345,1,6,0,0,0,0,BRITANNIA~3#:#CHOCOLATE~2#:#COCONUT~2,0.67#:#1.0#:#1.0,1.0,0.67,0
5015,CHOCOLATE_CREAMY_SNACK,4,3345,1,6,0,0,0,0,CHOCOLATE~2#:#CREAMY~3#:#SNACK~3,2.0#:#1.33#:#1.33,2.0,1.33,1
5016,CHOCOLATE_COCONUT_CREAMY,2,3345,2,6,0,0,0,0,CHOCOLATE~2#:#COCONUT~2#:#CREAMY~3,1.0#:#1.0#:#0.67,1.0,0.67,0
5017,BRITANNIA_PACK_SUGAR,3,3345,2,6,0,0,0,0,BRITANNIA~3#:#PACK~3#:#SUGAR~2,1.0#:#1.0#:#1.5,1.5,1.0,1
5018,BRITANNIA_CHOCOLATE_MINT,5,3345,1,6,0,0,0,0,BRITANNIA~3#:#CHOCOLATE~2#:#MINT~2,1.67#:#2.5#:#2.5,2.5,1.67,1
5019,ASSORTED_FILLET_PACK,2,3345,1,6,0,0,0,0,ASSORTED~2#:#FILLET~2#:#PACK~3,1.0#:#1.0#:#0.67,1.0,0.67,0
5020,ASSORTED_CAKES_FILLET,2,3345,0,6,0,0,0,0,ASSORTED~2#:#CAKES~2#:#FILLET~2,1.0#:#1.0#:#1.0,1.0,1.0,1
5021,BRITANNIA_CHIPS_CHOCOLATE,2,3345,0,6,0,0,0,0,BRITANNIA~3#:#CHIPS~2#:#CHOCOLATE~2,0.67#:#1.0#:#1.0,1.0,0.67,0
5022,DONUT_MONGINIS_PACK,8,3345,1,6,0,0,0,0,DONUT~2#:#MONGINIS~2#:#PACK~3,4.0#:#4.0#:#2.67,4.0,2.67,1
5023,CAKES_DONUT_PACK,2,3345,1,6,0,0,0,0,CAKES~2#:#DONUT~2#:#PACK~3,1.0#:#1.0#:#0.67,1.0,0.67,0
5024,DONUT_PACK_WHITE,2,3345,2,6,0,0,0,0,DONUT~2#:#PACK~3#:#WHITE~2,1.0#:#0.67#:#1.0,1.0,0.67,0
5025,CAKES_MONGINIS_PACK,4,3345,1,6,0,0,0,0,CAKES~2#:#MONGINIS~2#:#PACK~3,2.0#:#2.0#:#1.33,2.0,1.33,1
5026,MONGINIS_PACK_WHITE,2,3345,2,6,0,0,0,0,MONGINIS~2#:#PACK~3#:#WHITE~2,1.0#:#0.67#:#1.0,1.0,0.67,0
5027,CAKES_PACK_WHITE,2,3345,2,6,0,0,0,0,CAKES~2#:#PACK~3#:#WHITE~2,1.0#:#0.67#:#1.0,1.0,0.67,0
5028,CLASSIC_DONUT_MONGINIS,2,3345,0,6,0,0,0,0,CLASSIC~2#:#DONUT~2#:#MONGINIS~2,1.0#:#1.0#:#1.0,1.0,1.0,1
5029,CAKES_CLASSIC_WHITE,2,3345,1,6,0,0,0,0,CAKES~2#:#CLASSIC~2#:#WHITE~2,1.0#:#1.0#:#1.0,1.0,1.0,1
5030,CAKES_DONUT_MONGINIS,2,3345,0,6,0,0,0,0,CAKES~2#:#DONUT~2#:#MONGINIS~2,1.0#:#1.0#:#1.0,1.0,1.0,1
5031,DONUT_MONGINIS_WHITE,2,3345,1,6,0,0,0,0,DONUT~2#:#MONGINIS~2#:#WHITE~2,1.0#:#1.0#:#1.0,1.0,1.0,1
5032,CAKES_DONUT_WHITE,2,3345,1,6,0,0,0,0,CAKES~2#:#DONUT~2#:#WHITE~2,1.0#:#1.0#:#1.0,1.0,1.0,1
5033,CAKES_MONGINIS_WHITE,2,3345,1,6,0,0,0,0,CAKES~2#:#MONGINIS~2#:#WHITE~2,1.0#:#1.0#:#1.0,1.0,1.0,1
5034,BRITANNIA_FILLET_SNACK,3,3345,0,6,0,0,0,0,BRITANNIA~3#:#FILLET~2#:#SNACK~3,1.0#:#1.5#:#1.0,1.5,1.0,1
5035,CREAMY_FILLET_SNACK,4,3345,1,6,0,0,0,0,CREAMY~3#:#FILLET~2#:#SNACK~3,1.33#:#2.0#:#1.33,2.0,1.33,1
5036,CHOCOLATE_PACK_SNACK,3,3345,1,6,0,0,0,0,CHOCOLATE~2#:#PACK~3#:#SNACK~3,1.5#:#1.0#:#1.0,1.5,1.0,1
5037,CAKES_FILLET_SNACK,2,3345,0,6,0,0,0,0,CAKES~2#:#FILLET~2#:#SNACK~3,1.0#:#1.0#:#0.67,1.0,0.67,0
5038,CHOCOLATE_FILLET_SNACK,3,3345,0,6,0,0,0,0,CHOCOLATE~2#:#FILLET~2#:#SNACK~3,1.5#:#1.5#:#1.0,1.5,1.0,1
5039,BRITANNIA_MINT_SNACK,4,3345,1,6,0,0,0,0,BRITANNIA~3#:#MINT~2#:#SNACK~3,1.33#:#2.0#:#1.33,2.0,1.33,1
5040,BRITANNIA_MINT_MUFFIN,2,3345,1,6,0,0,0,0,BRITANNIA~3#:#MINT~2#:#MUFFIN~2,0.67#:#1.0#:#1.0,1.0,0.67,0
5041,MINT_MUFFIN_PACK,2,3345,2,6,0,0,0,0,MINT~2#:#MUFFIN~2#:#PACK~3,1.0#:#1.0#:#0.67,1.0,0.67,0
5042,CHOCOLATE_MINT_PACK,3,3345,2,6,0,0,0,0,CHOCOLATE~2#:#MINT~2#:#PACK~3,1.5#:#1.5#:#1.0,1.5,1.0,1
5043,CHIPS_MUFFIN_PACK,2,3345,1,6,0,0,0,0,CHIPS~2#:#MUFFIN~2#:#PACK~3,1.0#:#1.0#:#0.67,1.0,0.67,0
5044,CHOCOLATE_MUFFIN_PACK,2,3345,1,6,0,0,0,0,CHOCOLATE~2#:#MUFFIN~2#:#PACK~3,1.0#:#1.0#:#0.67,1.0,0.67,0
5045,CHIPS_CHOCOLATE_PACK,3,3345,1,6,0,0,0,0,CHIPS~2#:#CHOCOLATE~2#:#PACK~3,1.5#:#1.5#:#1.0,1.5,1.0,1
5046,CHOCOLATE_MINT_SNACK,2,3345,1,6,0,0,0,0,CHOCOLATE~2#:#MINT~2#:#SNACK~3,1.0#:#1.0#:#0.67,1.0,0.67,0
5047,CHIPS_CHOCOLATE_MINT,2,3345,1,6,0,0,0,0,CHIPS~2#:#CHOCOLATE~2#:#MINT~2,1.0#:#1.0#:#1.0,1.0,1.0,1
5048,ASSORTED_FLAVOUR_PACK,2,3345,2,6,0,0,0,0,ASSORTED~2#:#FLAVOUR~3#:#PACK~3,1.0#:#0.67#:#0.67,1.0,0.67,0
5049,BRITANNIA_CREAMY_SERVE,4,3345,1,6,0,0,0,0,BRITANNIA~3#:#CREAMY~3#:#SERVE~2,1.33#:#1.33#:#2.0,2.0,1.33,1
5050,BRITANNIA_CREAMY_SINGLE,4,3345,1,6,0,0,0,0,BRITANNIA~3#:#CREAMY~3#:#SINGLE~2,1.33#:#1.33#:#2.0,2.0,1.33,1
5051,BRITANNIA_CHOCOLATE_SERVE,3,3345,0,6,0,0,0,0,BRITANNIA~3#:#CHOCOLATE~2#:#SERVE~2,1.0#:#1.5#:#1.5,1.5,1.0,1
5052,BRITANNIA_CHOCOLATE_SINGLE,3,3345,0,6,0,0,0,0,BRITANNIA~3#:#CHOCOLATE~2#:#SINGLE~2,1.0#:#1.5#:#1.5,1.5,1.0,1
5053,BRITANNIA_CAKES_SERVE,5,3345,0,6,0,0,0,0,BRITANNIA~3#:#CAKES~2#:#SERVE~2,1.67#:#2.5#:#2.5,2.5,1.67,1
5054,BRITANNIA_CAKES_SINGLE,5,3345,0,6,0,0,0,0,BRITANNIA~3#:#CAKES~2#:#SINGLE~2,1.67#:#2.5#:#2.5,2.5,1.67,1
5055,BRITANNIA_FILLET_SERVE,3,3345,0,6,0,0,0,0,BRITANNIA~3#:#FILLET~2#:#SERVE~2,1.0#:#1.5#:#1.5,1.5,1.0,1
5056,BRITANNIA_FILLET_SINGLE,3,3345,0,6,0,0,0,0,BRITANNIA~3#:#FILLET~2#:#SINGLE~2,1.0#:#1.5#:#1.5,1.5,1.0,1
5057,BRITANNIA_SERVE_SINGLE,5,3345,0,6,0,0,0,0,BRITANNIA~3#:#SERVE~2#:#SINGLE~2,1.67#:#2.5#:#2.5,2.5,1.67,1
5058,CHOCOLATE_CREAMY_SERVE,3,3345,1,6,0,0,0,0,CHOCOLATE~2#:#CREAMY~3#:#SERVE~2,1.5#:#1.0#:#1.5,1.5,1.0,1
5059,CHOCOLATE_CREAMY_SINGLE,3,3345,1,6,0,0,0,0,CHOCOLATE~2#:#CREAMY~3#:#SINGLE~2,1.5#:#1.0#:#1.5,1.5,1.0,1
5060,CAKES_CREAMY_SERVE,4,3345,1,6,0,0,0,0,CAKES~2#:#CREAMY~3#:#SERVE~2,2.0#:#1.33#:#2.0,2.0,1.33,1
5061,CAKES_CREAMY_SINGLE,4,3345,1,6,0,0,0,0,CAKES~2#:#CREAMY~3#:#SINGLE~2,2.0#:#1.33#:#2.0,2.0,1.33,1
5062,CREAMY_FILLET_SERVE,3,3345,1,6,0,0,0,0,CREAMY~3#:#FILLET~2#:#SERVE~2,1.0#:#1.5#:#1.5,1.5,1.0,1
5063,CREAMY_FILLET_SINGLE,3,3345,1,6,0,0,0,0,CREAMY~3#:#FILLET~2#:#SINGLE~2,1.0#:#1.5#:#1.5,1.5,1.0,1
5064,CAKES_CHOCOLATE_SERVE,3,3345,0,6,0,0,0,0,CAKES~2#:#CHOCOLATE~2#:#SERVE~2,1.5#:#1.5#:#1.5,1.5,1.5,1
5065,CAKES_CHOCOLATE_SINGLE,3,3345,0,6,0,0,0,0,CAKES~2#:#CHOCOLATE~2#:#SINGLE~2,1.5#:#1.5#:#1.5,1.5,1.5,1
5066,CHOCOLATE_FILLET_SERVE,2,3345,0,6,0,0,0,0,CHOCOLATE~2#:#FILLET~2#:#SERVE~2,1.0#:#1.0#:#1.0,1.0,1.0,1
5067,CHOCOLATE_FILLET_SINGLE,2,3345,0,6,0,0,0,0,CHOCOLATE~2#:#FILLET~2#:#SINGLE~2,1.0#:#1.0#:#1.0,1.0,1.0,1
5068,CHOCOLATE_SERVE_SINGLE,3,3345,0,6,0,0,0,0,CHOCOLATE~2#:#SERVE~2#:#SINGLE~2,1.5#:#1.5#:#1.5,1.5,1.5,1
5069,CAKES_FILLET_SERVE,3,3345,0,6,0,0,0,0,CAKES~2#:#FILLET~2#:#SERVE~2,1.5#:#1.5#:#1.5,1.5,1.5,1
5070,CAKES_FILLET_SINGLE,3,3345,0,6,0,0,0,0,CAKES~2#:#FILLET~2#:#SINGLE~2,1.5#:#1.5#:#1.5,1.5,1.5,1
5071,CAKES_SERVE_SINGLE,5,3345,0,6,0,0,0,0,CAKES~2#:#SERVE~2#:#SINGLE~2,2.5#:#2.5#:#2.5,2.5,2.5,1
5072,FILLET_SERVE_SINGLE,3,3345,0,6,0,0,0,0,FILLET~2#:#SERVE~2#:#SINGLE~2,1.5#:#1.5#:#1.5,1.5,1.5,1
5073,LEMON_SERVE_SINGLE,2,3345,1,6,0,0,0,0,LEMON~2#:#SERVE~2#:#SINGLE~2,1.0#:#1.0#:#1.0,1.0,1.0,1
5074,BRITANNIA_CHOCOLATE_DESSERT,2,3345,0,6,0,0,0,0,BRITANNIA~3#:#CHOCOLATE~2#:#DESSERT~2,0.67#:#1.0#:#1.0,1.0,0.67,0
5075,FLAVOUR_MONGINIS_SNACK,6,3345,1,6,0,0,0,0,FLAVOUR~3#:#MONGINIS~2#:#SNACK~3,2.0#:#3.0#:#2.0,3.0,2.0,1
5076,FLAVOUR_PIE_SNACK,6,3345,1,6,0,0,0,0,FLAVOUR~3#:#PIE~2#:#SNACK~3,2.0#:#3.0#:#2.0,3.0,2.0,1
5077,FLAVOUR_SERVE_SNACK,4,3345,1,6,0,0,0,0,FLAVOUR~3#:#SERVE~2#:#SNACK~3,1.33#:#2.0#:#1.33,2.0,1.33,1
5078,FLAVOUR_SINGLE_SNACK,4,3345,1,6,0,0,0,0,FLAVOUR~3#:#SINGLE~2#:#SNACK~3,1.33#:#2.0#:#1.33,2.0,1.33,1
5079,FLAVOUR_MONGINIS_PIE,6,3345,1,6,0,0,0,0,FLAVOUR~3#:#MONGINIS~2#:#PIE~2,2.0#:#3.0#:#3.0,3.0,2.0,1
5080,FLAVOUR_MONGINIS_SERVE,4,3345,1,6,0,0,0,0,FLAVOUR~3#:#MONGINIS~2#:#SERVE~2,1.33#:#2.0#:#2.0,2.0,1.33,1
5081,FLAVOUR_MONGINIS_SINGLE,4,3345,1,6,0,0,0,0,FLAVOUR~3#:#MONGINIS~2#:#SINGLE~2,1.33#:#2.0#:#2.0,2.0,1.33,1
5082,FLAVOUR_LEMON_MONGINIS,2,3345,2,6,0,0,0,0,FLAVOUR~3#:#LEMON~2#:#MONGINIS~2,0.67#:#1.0#:#1.0,1.0,0.67,0
5083,FLAVOUR_PIE_SERVE,4,3345,1,6,0,0,0,0,FLAVOUR~3#:#PIE~2#:#SERVE~2,1.33#:#2.0#:#2.0,2.0,1.33,1
5084,FLAVOUR_PIE_SINGLE,4,3345,1,6,0,0,0,0,FLAVOUR~3#:#PIE~2#:#SINGLE~2,1.33#:#2.0#:#2.0,2.0,1.33,1
5085,FLAVOUR_SERVE_SINGLE,4,3345,1,6,0,0,0,0,FLAVOUR~3#:#SERVE~2#:#SINGLE~2,1.33#:#2.0#:#2.0,2.0,1.33,1
5086,MONGINIS_PIE_SNACK,7,3345,0,6,0,0,0,0,MONGINIS~2#:#PIE~2#:#SNACK~3,3.5#:#3.5#:#2.33,3.5,2.33,1
5087,MONGINIS_SERVE_SNACK,4,3345,0,6,0,0,0,0,MONGINIS~2#:#SERVE~2#:#SNACK~3,2.0#:#2.0#:#1.33,2.0,1.33,1
5088,MONGINIS_SINGLE_SNACK,4,3345,0,6,0,0,0,0,MONGINIS~2#:#SINGLE~2#:#SNACK~3,2.0#:#2.0#:#1.33,2.0,1.33,1
5089,PIE_SERVE_SNACK,4,3345,0,6,0,0,0,0,PIE~2#:#SERVE~2#:#SNACK~3,2.0#:#2.0#:#1.33,2.0,1.33,1
5090,PIE_SINGLE_SNACK,4,3345,0,6,0,0,0,0,PIE~2#:#SINGLE~2#:#SNACK~3,2.0#:#2.0#:#1.33,2.0,1.33,1
5091,SERVE_SINGLE_SNACK,4,3345,0,6,0,0,0,0,SERVE~2#:#SINGLE~2#:#SNACK~3,2.0#:#2.0#:#1.33,2.0,1.33,1
5092,MONGINIS_PIE_SERVE,6,3345,0,6,0,0,0,0,MONGINIS~2#:#PIE~2#:#SERVE~2,3.0#:#3.0#:#3.0,3.0,3.0,1
5093,MONGINIS_PIE_SINGLE,6,3345,0,6,0,0,0,0,MONGINIS~2#:#PIE~2#:#SINGLE~2,3.0#:#3.0#:#3.0,3.0,3.0,1
5094,MONGINIS_SERVE_SINGLE,6,3345,0,6,0,0,0,0,MONGINIS~2#:#SERVE~2#:#SINGLE~2,3.0#:#3.0#:#3.0,3.0,3.0,1
5095,PIE_SERVE_SINGLE,6,3345,0,6,0,0,0,0,PIE~2#:#SERVE~2#:#SINGLE~2,3.0#:#3.0#:#3.0,3.0,3.0,1
5096,CHERRY_MONGINIS_PIE,2,3345,1,6,0,0,0,0,CHERRY~2#:#MONGINIS~2#:#PIE~2,1.0#:#1.0#:#1.0,1.0,1.0,1
5097,CHERRY_MONGINIS_SERVE,2,3345,1,6,0,0,0,0,CHERRY~2#:#MONGINIS~2#:#SERVE~2,1.0#:#1.0#:#1.0,1.0,1.0,1
5098,CHERRY_MONGINIS_SINGLE,2,3345,1,6,0,0,0,0,CHERRY~2#:#MONGINIS~2#:#SINGLE~2,1.0#:#1.0#:#1.0,1.0,1.0,1
5099,CHERRY_PIE_SERVE,2,3345,1,6,0,0,0,0,CHERRY~2#:#PIE~2#:#SERVE~2,1.0#:#1.0#:#1.0,1.0,1.0,1
5100,CHERRY_PIE_SINGLE,2,3345,1,6,0,0,0,0,CHERRY~2#:#PIE~2#:#SINGLE~2,1.0#:#1.0#:#1.0,1.0,1.0,1
5101,CHERRY_SERVE_SINGLE,2,3345,1,6,0,0,0,0,CHERRY~2#:#SERVE~2#:#SINGLE~2,1.0#:#1.0#:#1.0,1.0,1.0,1
5102,FRUIT_MONGINIS_PIE,2,3345,0,6,0,0,0,0,FRUIT~2#:#MONGINIS~2#:#PIE~2,1.0#:#1.0#:#1.0,1.0,1.0,1
5103,FRUIT_MONGINIS_SERVE,2,3345,0,6,0,0,0,0,FRUIT~2#:#MONGINIS~2#:#SERVE~2,1.0#:#1.0#:#1.0,1.0,1.0,1
5104,FRUIT_MONGINIS_SINGLE,2,3345,0,6,0,0,0,0,FRUIT~2#:#MONGINIS~2#:#SINGLE~2,1.0#:#1.0#:#1.0,1.0,1.0,1
5105,FRUIT_PIE_SERVE,2,3345,0,6,0,0,0,0,FRUIT~2#:#PIE~2#:#SERVE~2,1.0#:#1.0#:#1.0,1.0,1.0,1
5106,FRUIT_PIE_SINGLE,2,3345,0,6,0,0,0,0,FRUIT~2#:#PIE~2#:#SINGLE~2,1.0#:#1.0#:#1.0,1.0,1.0,1
5107,FRUIT_SERVE_SINGLE,2,3345,0,6,0,0,0,0,FRUIT~2#:#SERVE~2#:#SINGLE~2,1.0#:#1.0#:#1.0,1.0,1.0,1
5108,APPLE_FLAVOUR_SNACK,2,3345,2,6,0,0,0,0,APPLE~2#:#FLAVOUR~3#:#SNACK~3,1.0#:#0.67#:#0.67,1.0,0.67,0
5109,APPLE_FLAVOUR_MONGINIS,3,3345,2,6,0,0,0,0,APPLE~2#:#FLAVOUR~3#:#MONGINIS~2,1.5#:#1.0#:#1.5,1.5,1.0,1
5110,APPLE_FLAVOUR_PIE,2,3345,2,6,0,0,0,0,APPLE~2#:#FLAVOUR~3#:#PIE~2,1.0#:#0.67#:#1.0,1.0,0.67,0
5111,APPLE_MONGINIS_SNACK,2,3345,1,6,0,0,0,0,APPLE~2#:#MONGINIS~2#:#SNACK~3,1.0#:#1.0#:#0.67,1.0,0.67,0
5112,APPLE_PIE_SNACK,2,3345,1,6,0,0,0,0,APPLE~2#:#PIE~2#:#SNACK~3,1.0#:#1.0#:#0.67,1.0,0.67,0
5113,APPLE_MONGINIS_PIE,3,3345,1,6,0,0,0,0,APPLE~2#:#MONGINIS~2#:#PIE~2,1.5#:#1.5#:#1.5,1.5,1.5,1
5114,APPLE_MONGINIS_SERVE,2,3345,1,6,0,0,0,0,APPLE~2#:#MONGINIS~2#:#SERVE~2,1.0#:#1.0#:#1.0,1.0,1.0,1
5115,APPLE_MONGINIS_SINGLE,2,3345,1,6,0,0,0,0,APPLE~2#:#MONGINIS~2#:#SINGLE~2,1.0#:#1.0#:#1.0,1.0,1.0,1
5116,APPLE_PIE_SERVE,2,3345,1,6,0,0,0,0,APPLE~2#:#PIE~2#:#SERVE~2,1.0#:#1.0#:#1.0,1.0,1.0,1
5117,APPLE_PIE_SINGLE,2,3345,1,6,0,0,0,0,APPLE~2#:#PIE~2#:#SINGLE~2,1.0#:#1.0#:#1.0,1.0,1.0,1
5118,APPLE_SERVE_SINGLE,2,3345,1,6,0,0,0,0,APPLE~2#:#SERVE~2#:#SINGLE~2,1.0#:#1.0#:#1.0,1.0,1.0,1
5119,APPLE_FRUIT_MONGINIS,2,3345,1,6,0,0,0,0,APPLE~2#:#FRUIT~2#:#MONGINIS~2,1.0#:#1.0#:#1.0,1.0,1.0,1
5120,BRITANNIA_DONUT_PACK,5,3345,1,6,0,0,0,0,BRITANNIA~3#:#DONUT~2#:#PACK~3,1.67#:#2.5#:#1.67,2.5,1.67,1
5121,BRITANNIA_DONUT_MINT,6,3345,1,6,0,0,0,0,BRITANNIA~3#:#DONUT~2#:#MINT~2,2.0#:#3.0#:#3.0,3.0,2.0,1
5122,BRITANNIA_CHOCOLATE_DONUT,3,3345,0,6,0,0,0,0,BRITANNIA~3#:#CHOCOLATE~2#:#DONUT~2,1.0#:#1.5#:#1.5,1.5,1.0,1
5123,DONUT_MINT_PACK,6,3345,2,6,0,0,0,0,DONUT~2#:#MINT~2#:#PACK~3,3.0#:#3.0#:#2.0,3.0,2.0,1
5124,CHOCOLATE_DONUT_PACK,3,3345,1,6,0,0,0,0,CHOCOLATE~2#:#DONUT~2#:#PACK~3,1.5#:#1.5#:#1.0,1.5,1.0,1
5125,CHOCOLATE_DONUT_MINT,2,3345,1,6,0,0,0,0,CHOCOLATE~2#:#DONUT~2#:#MINT~2,1.0#:#1.0#:#1.0,1.0,1.0,1
5126,BRITANNIA_PACK_POWDER,2,3345,2,6,0,0,0,0,BRITANNIA~3#:#PACK~3#:#POWDER~2,0.67#:#0.67#:#1.0,1.0,0.67,0
5127,BRITANNIA_MINT_POWDER,2,3345,2,6,0,0,0,0,BRITANNIA~3#:#MINT~2#:#POWDER~2,0.67#:#1.0#:#1.0,1.0,0.67,0
5128,BRITANNIA_MINT_SUGAR,2,3345,2,6,0,0,0,0,BRITANNIA~3#:#MINT~2#:#SUGAR~2,0.67#:#1.0#:#1.0,1.0,0.67,0
5129,BRITANNIA_DONUT_POWDER,2,3345,1,6,0,0,0,0,BRITANNIA~3#:#DONUT~2#:#POWDER~2,0.67#:#1.0#:#1.0,1.0,0.67,0
5130,BRITANNIA_DONUT_SUGAR,2,3345,1,6,0,0,0,0,BRITANNIA~3#:#DONUT~2#:#SUGAR~2,0.67#:#1.0#:#1.0,1.0,0.67,0
5131,BRITANNIA_POWDER_SUGAR,2,3345,2,6,0,0,0,0,BRITANNIA~3#:#POWDER~2#:#SUGAR~2,0.67#:#1.0#:#1.0,1.0,0.67,0
5132,MINT_PACK_POWDER,2,3345,3,6,0,0,0,0,MINT~2#:#PACK~3#:#POWDER~2,1.0#:#0.67#:#1.0,1.0,0.67,0
5133,MINT_PACK_SUGAR,2,3345,3,6,0,0,0,0,MINT~2#:#PACK~3#:#SUGAR~2,1.0#:#0.67#:#1.0,1.0,0.67,0
5134,DONUT_PACK_POWDER,2,3345,2,6,0,0,0,0,DONUT~2#:#PACK~3#:#POWDER~2,1.0#:#0.67#:#1.0,1.0,0.67,0
5135,DONUT_PACK_SUGAR,4,3345,2,6,0,0,0,0,DONUT~2#:#PACK~3#:#SUGAR~2,2.0#:#1.33#:#2.0,2.0,1.33,1
5136,PACK_POWDER_SUGAR,2,3345,3,6,0,0,0,0,PACK~3#:#POWDER~2#:#SUGAR~2,0.67#:#1.0#:#1.0,1.0,0.67,0
5137,DONUT_MINT_POWDER,2,3345,2,6,0,0,0,0,DONUT~2#:#MINT~2#:#POWDER~2,1.0#:#1.0#:#1.0,1.0,1.0,1
5138,DONUT_MINT_SUGAR,2,3345,2,6,0,0,0,0,DONUT~2#:#MINT~2#:#SUGAR~2,1.0#:#1.0#:#1.0,1.0,1.0,1
5139,MINT_POWDER_SUGAR,2,3345,3,6,0,0,0,0,MINT~2#:#POWDER~2#:#SUGAR~2,1.0#:#1.0#:#1.0,1.0,1.0,1
5140,DONUT_POWDER_SUGAR,2,3345,2,6,0,0,0,0,DONUT~2#:#POWDER~2#:#SUGAR~2,1.0#:#1.0#:#1.0,1.0,1.0,1
5141,DONUT_FLAVOUR_MONGINIS,5,3345,1,6,0,0,0,0,DONUT~2#:#FLAVOUR~3#:#MONGINIS~2,2.5#:#1.67#:#2.5,2.5,1.67,1
5142,DONUT_MONGINIS_SOFT,2,3345,0,6,0,0,0,0,DONUT~2#:#MONGINIS~2#:#SOFT~2,1.0#:#1.0#:#1.0,1.0,1.0,1
5143,CHOCOLATE_MONGINIS_PACK,2,3345,1,6,0,0,0,0,CHOCOLATE~2#:#MONGINIS~2#:#PACK~3,1.0#:#1.0#:#0.67,1.0,0.67,0
5144,CINNAMON_DONUT_PACK,2,3345,1,6,0,0,0,0,CINNAMON~2#:#DONUT~2#:#PACK~3,1.0#:#1.0#:#0.67,1.0,0.67,0
5145,CINNAMON_PACK_SUGAR,2,3345,2,6,0,0,0,0,CINNAMON~2#:#PACK~3#:#SUGAR~2,1.0#:#0.67#:#1.0,1.0,0.67,0
5146,DONUT_FILLET_MONGINIS,2,3345,0,6,0,0,0,0,DONUT~2#:#FILLET~2#:#MONGINIS~2,1.0#:#1.0#:#1.0,1.0,1.0,1
5147,CINNAMON_DONUT_SUGAR,2,3345,1,6,0,0,0,0,CINNAMON~2#:#DONUT~2#:#SUGAR~2,1.0#:#1.0#:#1.0,1.0,1.0,1
5148,ASSORTED_DONUT_PACK,4,3345,1,6,0,0,0,0,ASSORTED~2#:#DONUT~2#:#PACK~3,2.0#:#2.0#:#1.33,2.0,1.33,1
5149,ASSORTED_MONGINIS_PACK,2,3345,1,6,0,0,0,0,ASSORTED~2#:#MONGINIS~2#:#PACK~3,1.0#:#1.0#:#0.67,1.0,0.67,0
5150,ASSORTED_DONUT_MONGINIS,2,3345,0,6,0,0,0,0,ASSORTED~2#:#DONUT~2#:#MONGINIS~2,1.0#:#1.0#:#1.0,1.0,1.0,1
5151,BRITANNIA_CHOCOLATE_RICH,2,3345,0,6,0,0,0,0,BRITANNIA~3#:#CHOCOLATE~2#:#RICH~2,0.67#:#1.0#:#1.0,1.0,0.67,0
5152,FLAVOUR_MONGINIS_PACK,3,3345,2,6,0,0,0,0,FLAVOUR~3#:#MONGINIS~2#:#PACK~3,1.0#:#1.5#:#1.0,1.5,1.0,1
5153,DONUT_FLAVOUR_PACK,3,3345,2,6,0,0,0,0,DONUT~2#:#FLAVOUR~3#:#PACK~3,1.5#:#1.0#:#1.0,1.5,1.0,1
5154,BLUEBERRY_MONGINIS_PACK,2,3345,1,6,0,0,0,0,BLUEBERRY~2#:#MONGINIS~2#:#PACK~3,1.0#:#1.0#:#0.67,1.0,0.67,0
5155,BRITANNIA_DONUT_SNACK,3,3345,0,6,0,0,0,0,BRITANNIA~3#:#DONUT~2#:#SNACK~3,1.0#:#1.5#:#1.0,1.5,1.0,1
5156,BRITANNIA_SNACK_SUGAR,2,3345,1,6,0,0,0,0,BRITANNIA~3#:#SNACK~3#:#SUGAR~2,0.67#:#0.67#:#1.0,1.0,0.67,0
5157,DONUT_PACK_SNACK,3,3345,1,6,0,0,0,0,DONUT~2#:#PACK~3#:#SNACK~3,1.5#:#1.0#:#1.0,1.5,1.0,1
5158,DONUT_MINT_SNACK,3,3345,1,6,0,0,0,0,DONUT~2#:#MINT~2#:#SNACK~3,1.5#:#1.5#:#1.0,1.5,1.0,1
5159,APPLE_FRESH_ORGANIC,3,3345,2,6,0,0,0,0,APPLE~2#:#FRESH~3#:#ORGANIC~3,1.5#:#1.0#:#1.0,1.5,1.0,1
5160,FRESH_ORGANIC_PREMIUM,6,3345,1,6,0,0,0,0,FRESH~3#:#ORGANIC~3#:#PREMIUM~2,2.0#:#2.0#:#3.0,3.0,2.0,1
5161,FRESH_ORGANIC_QUALITY,6,3345,1,6,0,0,0,0,FRESH~3#:#ORGANIC~3#:#QUALITY~2,2.0#:#2.0#:#3.0,3.0,2.0,1
5162,APPLE_FRESH_PREMIUM,4,3345,2,6,0,0,0,0,APPLE~2#:#FRESH~3#:#PREMIUM~2,2.0#:#1.33#:#2.0,2.0,1.33,1
5163,APPLE_FRESH_QUALITY,2,3345,2,6,0,0,0,0,APPLE~2#:#FRESH~3#:#QUALITY~2,1.0#:#0.67#:#1.0,1.0,0.67,0
5164,FRESH_PREMIUM_QUALITY,12,3345,1,6,0,0,0,0,FRESH~3#:#PREMIUM~2#:#QUALITY~2,4.0#:#6.0#:#6.0,6.0,4.0,1
5165,APPLE_ORGANIC_PREMIUM,2,3345,1,6,0,0,0,0,APPLE~2#:#ORGANIC~3#:#PREMIUM~2,1.0#:#0.67#:#1.0,1.0,0.67,0
5166,APPLE_ORGANIC_QUALITY,2,3345,1,6,0,0,0,0,APPLE~2#:#ORGANIC~3#:#QUALITY~2,1.0#:#0.67#:#1.0,1.0,0.67,0
5167,ORGANIC_PREMIUM_QUALITY,6,3345,0,6,0,0,0,0,ORGANIC~3#:#PREMIUM~2#:#QUALITY~2,2.0#:#3.0#:#3.0,3.0,2.0,1
5168,APPLE_PREMIUM_QUALITY,2,3345,1,6,0,0,0,0,APPLE~2#:#PREMIUM~2#:#QUALITY~2,1.0#:#1.0#:#1.0,1.0,1.0,1
5169,CRISPY_FRESH_ORGANIC,2,3345,1,6,0,0,0,0,CRISPY~2#:#FRESH~3#:#ORGANIC~3,1.0#:#0.67#:#0.67,1.0,0.67,0
5170,AND_FRESH_ORGANIC,2,3345,1,6,0,0,0,0,AND~2#:#FRESH~3#:#ORGANIC~3,1.0#:#0.67#:#0.67,1.0,0.67,0
5171,AND_CRISPY_FRESH,2,3345,1,6,0,0,0,0,AND~2#:#CRISPY~2#:#FRESH~3,1.0#:#1.0#:#0.67,1.0,0.67,0
5172,APPLE_CRISPY_FRESH,4,3345,2,6,0,0,0,0,APPLE~2#:#CRISPY~2#:#FRESH~3,2.0#:#2.0#:#1.33,2.0,1.33,1
5173,AND_APPLE_FRESH,4,3345,2,6,0,0,0,0,AND~2#:#APPLE~2#:#FRESH~3,2.0#:#2.0#:#1.33,2.0,1.33,1
5174,AND_APPLE_CRISPY,2,3345,1,6,0,0,0,0,AND~2#:#APPLE~2#:#CRISPY~2,1.0#:#1.0#:#1.0,1.0,1.0,1
5175,APPLE_FRESH_LARGE,10,3345,2,6,0,0,0,0,APPLE~2#:#FRESH~3#:#LARGE~2,5.0#:#3.33#:#5.0,5.0,3.33,1
5176,APPLE_FRESH_SIZE,9,3345,2,6,0,0,0,0,APPLE~2#:#FRESH~3#:#SIZE~2,4.5#:#3.0#:#4.5,4.5,3.0,1
5177,FRESH_LARGE_PREMIUM,2,3345,1,6,0,0,0,0,FRESH~3#:#LARGE~2#:#PREMIUM~2,0.67#:#1.0#:#1.0,1.0,0.67,0
5178,FRESH_PREMIUM_SIZE,2,3345,1,6,0,0,0,0,FRESH~3#:#PREMIUM~2#:#SIZE~2,0.67#:#1.0#:#1.0,1.0,0.67,0
5179,APPLE_LARGE_SIZE,7,3345,1,6,0,0,0,0,APPLE~2#:#LARGE~2#:#SIZE~2,3.5#:#3.5#:#3.5,3.5,3.5,1
5180,LARGE_PREMIUM_SIZE,2,3345,0,6,0,0,0,0,LARGE~2#:#PREMIUM~2#:#SIZE~2,1.0#:#1.0#:#1.0,1.0,1.0,1
5181,APPLE_FRESH_JUICE,3,3345,2,6,0,0,0,0,APPLE~2#:#FRESH~3#:#JUICE~2,1.5#:#1.0#:#1.5,1.5,1.0,1
5182,APPLE_FRESH_SWEET,5,3345,3,6,0,0,0,0,APPLE~2#:#FRESH~3#:#SWEET~2,2.5#:#1.67#:#2.5,2.5,1.67,1
5183,APPLE_FRESH_VARIETY,4,3345,2,6,0,0,0,0,APPLE~2#:#FRESH~3#:#VARIETY~2,2.0#:#1.33#:#2.0,2.0,1.33,1
5184,AND_FRESH_JUICE,6,3345,1,6,0,0,0,0,AND~2#:#FRESH~3#:#JUICE~2,3.0#:#2.0#:#3.0,3.0,2.0,1
5185,AND_FRESH_SWEET,6,3345,2,6,0,0,0,0,AND~2#:#FRESH~3#:#SWEET~2,3.0#:#2.0#:#3.0,3.0,2.0,1
5186,FRESH_JUICE_SWEET,5,3345,2,6,0,0,0,0,FRESH~3#:#JUICE~2#:#SWEET~2,1.67#:#2.5#:#2.5,2.5,1.67,1
5187,FRESH_SWEET_VARIETY,3,3345,2,6,0,0,0,0,FRESH~3#:#SWEET~2#:#VARIETY~2,1.0#:#1.5#:#1.5,1.5,1.0,1
5188,AND_APPLE_JUICE,3,3345,1,6,0,0,0,0,AND~2#:#APPLE~2#:#JUICE~2,1.5#:#1.5#:#1.5,1.5,1.5,1
5189,AND_APPLE_SWEET,3,3345,2,6,0,0,0,0,AND~2#:#APPLE~2#:#SWEET~2,1.5#:#1.5#:#1.5,1.5,1.5,1
5190,APPLE_JUICE_SWEET,3,3345,2,6,0,0,0,0,APPLE~2#:#JUICE~2#:#SWEET~2,1.5#:#1.5#:#1.5,1.5,1.5,1
5191,APPLE_SWEET_VARIETY,2,3345,2,6,0,0,0,0,APPLE~2#:#SWEET~2#:#VARIETY~2,1.0#:#1.0#:#1.0,1.0,1.0,1
5192,AND_JUICE_SWEET,5,3345,1,6,0,0,0,0,AND~2#:#JUICE~2#:#SWEET~2,2.5#:#2.5#:#2.5,2.5,2.5,1
5193,EXTRA_FRESH_VARIETY,2,3345,2,6,0,0,0,0,EXTRA~2#:#FRESH~3#:#VARIETY~2,1.0#:#0.67#:#1.0,1.0,0.67,0
5194,CRISPY_FRESH_SWEET,2,3345,2,6,0,0,0,0,CRISPY~2#:#FRESH~3#:#SWEET~2,1.0#:#0.67#:#1.0,1.0,0.67,0
5195,APPLE_CRISPY_SWEET,2,3345,2,6,0,0,0,0,APPLE~2#:#CRISPY~2#:#SWEET~2,1.0#:#1.0#:#1.0,1.0,1.0,1
5196,FRESH_JUICE_NATURAL,2,3345,2,6,0,0,0,0,FRESH~3#:#JUICE~2#:#NATURAL~2,0.67#:#1.0#:#1.0,1.0,0.67,0
5197,APPLE_FRESH_RED,6,3345,3,6,0,0,0,0,APPLE~2#:#FRESH~3#:#RED~2,3.0#:#2.0#:#3.0,3.0,2.0,1
5198,FRESH_LARGE_RED,6,3345,2,6,0,0,0,0,FRESH~3#:#LARGE~2#:#RED~2,2.0#:#3.0#:#3.0,3.0,2.0,1
5199,FRESH_RED_SIZE,8,3345,2,6,0,0,0,0,FRESH~3#:#RED~2#:#SIZE~2,2.67#:#4.0#:#4.0,4.0,2.67,1
5200,APPLE_LARGE_RED,4,3345,2,6,0,0,0,0,APPLE~2#:#LARGE~2#:#RED~2,2.0#:#2.0#:#2.0,2.0,2.0,1
5201,APPLE_RED_SIZE,6,3345,2,6,0,0,0,0,APPLE~2#:#RED~2#:#SIZE~2,3.0#:#3.0#:#3.0,3.0,3.0,1
5202,LARGE_RED_SIZE,5,3345,1,6,0,0,0,0,LARGE~2#:#RED~2#:#SIZE~2,2.5#:#2.5#:#2.5,2.5,2.5,1
5203,APPLE_FRESH_SMALL,2,3345,2,6,0,0,0,0,APPLE~2#:#FRESH~3#:#SMALL~2,1.0#:#0.67#:#1.0,1.0,0.67,0
5204,FRESH_RED_SMALL,2,3345,2,6,0,0,0,0,FRESH~3#:#RED~2#:#SMALL~2,0.67#:#1.0#:#1.0,1.0,0.67,0
5205,FRESH_SIZE_SMALL,6,3345,1,6,0,0,0,0,FRESH~3#:#SIZE~2#:#SMALL~2,2.0#:#3.0#:#3.0,3.0,2.0,1
5206,APPLE_RED_SMALL,2,3345,2,6,0,0,0,0,APPLE~2#:#RED~2#:#SMALL~2,1.0#:#1.0#:#1.0,1.0,1.0,1
5207,APPLE_SIZE_SMALL,2,3345,1,6,0,0,0,0,APPLE~2#:#SIZE~2#:#SMALL~2,1.0#:#1.0#:#1.0,1.0,1.0,1
5208,RED_SIZE_SMALL,2,3345,1,6,0,0,0,0,RED~2#:#SIZE~2#:#SMALL~2,1.0#:#1.0#:#1.0,1.0,1.0,1
5209,FRESH_INDIA_ORGANIC,2,3345,1,6,0,0,0,0,FRESH~3#:#INDIA~2#:#ORGANIC~3,0.67#:#1.0#:#0.67,1.0,0.67,0
5210,FRESH_ORGANIC_SIZE,2,3345,1,6,0,0,0,0,FRESH~3#:#ORGANIC~3#:#SIZE~2,0.67#:#0.67#:#1.0,1.0,0.67,0
5211,FRESH_FRUIT_HASS,11,3345,1,6,0,0,0,0,FRESH~3#:#FRUIT~2#:#HASS~2,3.67#:#5.5#:#5.5,5.5,3.67,1
5212,AVOCADO_FRESH_FRUIT,11,3345,1,6,0,0,0,0,AVOCADO~2#:#FRESH~3#:#FRUIT~2,5.5#:#3.67#:#5.5,5.5,3.67,1
5213,FRESH_FRUIT_SIZE,13,3345,1,6,0,0,0,0,FRESH~3#:#FRUIT~2#:#SIZE~2,4.33#:#6.5#:#6.5,6.5,4.33,1
5214,FRESH_FRUIT_SMALL,3,3345,1,6,0,0,0,0,FRESH~3#:#FRUIT~2#:#SMALL~2,1.0#:#1.5#:#1.5,1.5,1.0,1
5215,AVOCADO_FRESH_HASS,14,3345,1,6,0,0,0,0,AVOCADO~2#:#FRESH~3#:#HASS~2,7.0#:#4.67#:#7.0,7.0,4.67,1
5216,FRESH_HASS_SIZE,11,3345,1,6,0,0,0,0,FRESH~3#:#HASS~2#:#SIZE~2,3.67#:#5.5#:#5.5,5.5,3.67,1
5217,AVOCADO_FRESH_SIZE,11,3345,1,6,0,0,0,0,AVOCADO~2#:#FRESH~3#:#SIZE~2,5.5#:#3.67#:#5.5,5.5,3.67,1
5218,AVOCADO_FRUIT_HASS,11,3345,0,6,0,0,0,0,AVOCADO~2#:#FRUIT~2#:#HASS~2,5.5#:#5.5#:#5.5,5.5,5.5,1
5219,FRUIT_HASS_SIZE,11,3345,0,6,0,0,0,0,FRUIT~2#:#HASS~2#:#SIZE~2,5.5#:#5.5#:#5.5,5.5,5.5,1
5220,AVOCADO_FRUIT_SIZE,11,3345,0,6,0,0,0,0,AVOCADO~2#:#FRUIT~2#:#SIZE~2,5.5#:#5.5#:#5.5,5.5,5.5,1
5221,FRUIT_SIZE_SMALL,3,3345,0,6,0,0,0,0,FRUIT~2#:#SIZE~2#:#SMALL~2,1.5#:#1.5#:#1.5,1.5,1.5,1
5222,AVOCADO_HASS_SIZE,11,3345,0,6,0,0,0,0,AVOCADO~2#:#HASS~2#:#SIZE~2,5.5#:#5.5#:#5.5,5.5,5.5,1
5223,AVOCADO_FRESH_MEDIUM,7,3345,1,6,0,0,0,0,AVOCADO~2#:#FRESH~3#:#MEDIUM~2,3.5#:#2.33#:#3.5,3.5,2.33,1
5224,AVOCADO_FRESH_RELIANCE,10,3345,1,6,0,0,0,0,AVOCADO~2#:#FRESH~3#:#RELIANCE~2,5.0#:#3.33#:#5.0,5.0,3.33,1
5225,FRESH_FRUIT_MEDIUM,6,3345,1,6,0,0,0,0,FRESH~3#:#FRUIT~2#:#MEDIUM~2,2.0#:#3.0#:#3.0,3.0,2.0,1
5226,FRESH_FRUIT_RELIANCE,12,3345,1,6,0,0,0,0,FRESH~3#:#FRUIT~2#:#RELIANCE~2,4.0#:#6.0#:#6.0,6.0,4.0,1
5227,FRESH_HASS_MEDIUM,7,3345,1,6,0,0,0,0,FRESH~3#:#HASS~2#:#MEDIUM~2,2.33#:#3.5#:#3.5,3.5,2.33,1
5228,FRESH_HASS_RELIANCE,10,3345,1,6,0,0,0,0,FRESH~3#:#HASS~2#:#RELIANCE~2,3.33#:#5.0#:#5.0,5.0,3.33,1
5229,FRESH_MEDIUM_RELIANCE,6,3345,1,6,0,0,0,0,FRESH~3#:#MEDIUM~2#:#RELIANCE~2,2.0#:#3.0#:#3.0,3.0,2.0,1
5230,FRESH_MEDIUM_SIZE,9,3345,1,6,0,0,0,0,FRESH~3#:#MEDIUM~2#:#SIZE~2,3.0#:#4.5#:#4.5,4.5,3.0,1
5231,FRESH_RELIANCE_SIZE,10,3345,1,6,0,0,0,0,FRESH~3#:#RELIANCE~2#:#SIZE~2,3.33#:#5.0#:#5.0,5.0,3.33,1
5232,AVOCADO_FRUIT_MEDIUM,6,3345,0,6,0,0,0,0,AVOCADO~2#:#FRUIT~2#:#MEDIUM~2,3.0#:#3.0#:#3.0,3.0,3.0,1
5233,AVOCADO_FRUIT_RELIANCE,10,3345,0,6,0,0,0,0,AVOCADO~2#:#FRUIT~2#:#RELIANCE~2,5.0#:#5.0#:#5.0,5.0,5.0,1
5234,AVOCADO_HASS_MEDIUM,7,3345,0,6,0,0,0,0,AVOCADO~2#:#HASS~2#:#MEDIUM~2,3.5#:#3.5#:#3.5,3.5,3.5,1
5235,AVOCADO_HASS_RELIANCE,10,3345,0,6,0,0,0,0,AVOCADO~2#:#HASS~2#:#RELIANCE~2,5.0#:#5.0#:#5.0,5.0,5.0,1
5236,AVOCADO_MEDIUM_RELIANCE,6,3345,0,6,0,0,0,0,AVOCADO~2#:#MEDIUM~2#:#RELIANCE~2,3.0#:#3.0#:#3.0,3.0,3.0,1
5237,AVOCADO_MEDIUM_SIZE,6,3345,0,6,0,0,0,0,AVOCADO~2#:#MEDIUM~2#:#SIZE~2,3.0#:#3.0#:#3.0,3.0,3.0,1
5238,AVOCADO_RELIANCE_SIZE,10,3345,0,6,0,0,0,0,AVOCADO~2#:#RELIANCE~2#:#SIZE~2,5.0#:#5.0#:#5.0,5.0,5.0,1
5239,FRUIT_HASS_MEDIUM,6,3345,0,6,0,0,0,0,FRUIT~2#:#HASS~2#:#MEDIUM~2,3.0#:#3.0#:#3.0,3.0,3.0,1
5240,FRUIT_HASS_RELIANCE,10,3345,0,6,0,0,0,0,FRUIT~2#:#HASS~2#:#RELIANCE~2,5.0#:#5.0#:#5.0,5.0,5.0,1
5241,FRUIT_MEDIUM_RELIANCE,6,3345,0,6,0,0,0,0,FRUIT~2#:#MEDIUM~2#:#RELIANCE~2,3.0#:#3.0#:#3.0,3.0,3.0,1
5242,FRUIT_MEDIUM_SIZE,6,3345,0,6,0,0,0,0,FRUIT~2#:#MEDIUM~2#:#SIZE~2,3.0#:#3.0#:#3.0,3.0,3.0,1
5243,FRUIT_RELIANCE_SIZE,10,3345,0,6,0,0,0,0,FRUIT~2#:#RELIANCE~2#:#SIZE~2,5.0#:#5.0#:#5.0,5.0,5.0,1
5244,HASS_MEDIUM_RELIANCE,6,3345,0,6,0,0,0,0,HASS~2#:#MEDIUM~2#:#RELIANCE~2,3.0#:#3.0#:#3.0,3.0,3.0,1
5245,HASS_MEDIUM_SIZE,6,3345,0,6,0,0,0,0,HASS~2#:#MEDIUM~2#:#SIZE~2,3.0#:#3.0#:#3.0,3.0,3.0,1
5246,HASS_RELIANCE_SIZE,10,3345,0,6,0,0,0,0,HASS~2#:#RELIANCE~2#:#SIZE~2,5.0#:#5.0#:#5.0,5.0,5.0,1
5247,MEDIUM_RELIANCE_SIZE,6,3345,0,6,0,0,0,0,MEDIUM~2#:#RELIANCE~2#:#SIZE~2,3.0#:#3.0#:#3.0,3.0,3.0,1
5248,AVOCADO_FRESH_LARGE,6,3345,1,6,0,0,0,0,AVOCADO~2#:#FRESH~3#:#LARGE~2,3.0#:#2.0#:#3.0,3.0,2.0,1
5249,FRESH_FRUIT_LARGE,4,3345,1,6,0,0,0,0,FRESH~3#:#FRUIT~2#:#LARGE~2,1.33#:#2.0#:#2.0,2.0,1.33,1
5250,FRESH_HASS_LARGE,6,3345,1,6,0,0,0,0,FRESH~3#:#HASS~2#:#LARGE~2,2.0#:#3.0#:#3.0,3.0,2.0,1
5251,FRESH_LARGE_RELIANCE,5,3345,1,6,0,0,0,0,FRESH~3#:#LARGE~2#:#RELIANCE~2,1.67#:#2.5#:#2.5,2.5,1.67,1
5252,AVOCADO_FRUIT_LARGE,4,3345,0,6,0,0,0,0,AVOCADO~2#:#FRUIT~2#:#LARGE~2,2.0#:#2.0#:#2.0,2.0,2.0,1
5253,AVOCADO_HASS_LARGE,7,3345,0,6,0,0,0,0,AVOCADO~2#:#HASS~2#:#LARGE~2,3.5#:#3.5#:#3.5,3.5,3.5,1
5254,AVOCADO_LARGE_RELIANCE,4,3345,0,6,0,0,0,0,AVOCADO~2#:#LARGE~2#:#RELIANCE~2,2.0#:#2.0#:#2.0,2.0,2.0,1
5255,AVOCADO_LARGE_SIZE,4,3345,0,6,0,0,0,0,AVOCADO~2#:#LARGE~2#:#SIZE~2,2.0#:#2.0#:#2.0,2.0,2.0,1
5256,FRUIT_HASS_LARGE,4,3345,0,6,0,0,0,0,FRUIT~2#:#HASS~2#:#LARGE~2,2.0#:#2.0#:#2.0,2.0,2.0,1
5257,FRUIT_LARGE_RELIANCE,4,3345,0,6,0,0,0,0,FRUIT~2#:#LARGE~2#:#RELIANCE~2,2.0#:#2.0#:#2.0,2.0,2.0,1
5258,FRUIT_LARGE_SIZE,4,3345,0,6,0,0,0,0,FRUIT~2#:#LARGE~2#:#SIZE~2,2.0#:#2.0#:#2.0,2.0,2.0,1
5259,HASS_LARGE_RELIANCE,4,3345,0,6,0,0,0,0,HASS~2#:#LARGE~2#:#RELIANCE~2,2.0#:#2.0#:#2.0,2.0,2.0,1
5260,HASS_LARGE_SIZE,4,3345,0,6,0,0,0,0,HASS~2#:#LARGE~2#:#SIZE~2,2.0#:#2.0#:#2.0,2.0,2.0,1
5261,LARGE_RELIANCE_SIZE,4,3345,0,6,0,0,0,0,LARGE~2#:#RELIANCE~2#:#SIZE~2,2.0#:#2.0#:#2.0,2.0,2.0,1
5262,FRESH_PACK_RASPBERRY,3,3345,2,6,0,0,0,0,FRESH~3#:#PACK~3#:#RASPBERRY~2,1.0#:#1.0#:#1.5,1.5,1.0,1
5263,FRESH_PACK_STRAWBERRY,5,3345,3,6,0,0,0,0,FRESH~3#:#PACK~3#:#STRAWBERRY~2,1.67#:#1.67#:#2.5,2.5,1.67,1
5264,BLUEBERRY_FRESH_PACK,2,3345,2,6,0,0,0,0,BLUEBERRY~2#:#FRESH~3#:#PACK~3,1.0#:#0.67#:#0.67,1.0,0.67,0
5265,FRESH_ORGANIC_PACK,5,3345,2,6,0,0,0,0,FRESH~3#:#ORGANIC~3#:#PACK~3,1.67#:#1.67#:#1.67,1.67,1.67,1
5266,FRESH_LEMON_PACK,2,3345,3,6,0,0,0,0,FRESH~3#:#LEMON~2#:#PACK~3,0.67#:#1.0#:#0.67,1.0,0.67,0
5267,AND_FRESH_PACK,4,3345,2,6,0,0,0,0,AND~2#:#FRESH~3#:#PACK~3,2.0#:#1.33#:#1.33,2.0,1.33,1
5268,AND_ORGANIC_PACK,2,3345,1,6,0,0,0,0,AND~2#:#ORGANIC~3#:#PACK~3,1.0#:#0.67#:#0.67,1.0,0.67,0
5269,AND_FRESH_PREMIUM,2,3345,1,6,0,0,0,0,AND~2#:#FRESH~3#:#PREMIUM~2,1.0#:#0.67#:#1.0,1.0,0.67,0
5270,FRESH_JUICE_PREMIUM,2,3345,1,6,0,0,0,0,FRESH~3#:#JUICE~2#:#PREMIUM~2,0.67#:#1.0#:#1.0,1.0,0.67,0
5271,FRESH_PREMIUM_SWEET,4,3345,2,6,0,0,0,0,FRESH~3#:#PREMIUM~2#:#SWEET~2,1.33#:#2.0#:#2.0,2.0,1.33,1
5272,AND_JUICE_PREMIUM,2,3345,0,6,0,0,0,0,AND~2#:#JUICE~2#:#PREMIUM~2,1.0#:#1.0#:#1.0,1.0,1.0,1
5273,AND_PREMIUM_SWEET,2,3345,1,6,0,0,0,0,AND~2#:#PREMIUM~2#:#SWEET~2,1.0#:#1.0#:#1.0,1.0,1.0,1
5274,JUICE_PREMIUM_SWEET,2,3345,1,6,0,0,0,0,JUICE~2#:#PREMIUM~2#:#SWEET~2,1.0#:#1.0#:#1.0,1.0,1.0,1
5275,GRAPES_GREEN_SEEDLESS,7,3345,0,6,0,0,0,0,GRAPES~2#:#GREEN~2#:#SEEDLESS~2,3.5#:#3.5#:#3.5,3.5,3.5,1
5276,GRAPES_RED_SEEDLESS,6,3345,1,6,0,0,0,0,GRAPES~2#:#RED~2#:#SEEDLESS~2,3.0#:#3.0#:#3.0,3.0,3.0,1
5277,FRESH_FRUIT_RED,3,3345,2,6,0,0,0,0,FRESH~3#:#FRUIT~2#:#RED~2,1.0#:#1.5#:#1.5,1.5,1.0,1
5278,FRESH_RED_RELIANCE,2,3345,2,6,0,0,0,0,FRESH~3#:#RED~2#:#RELIANCE~2,0.67#:#1.0#:#1.0,1.0,0.67,0
5279,FRESH_RED_SEEDLESS,4,3345,2,6,0,0,0,0,FRESH~3#:#RED~2#:#SEEDLESS~2,1.33#:#2.0#:#2.0,2.0,1.33,1
5280,LOOSE_ORGANIC_PEARL,2,3345,0,6,0,0,0,0,LOOSE~2#:#ORGANIC~3#:#PEARL~2,1.0#:#0.67#:#1.0,1.0,0.67,0
5281,FRESH_LOOSE_PEARL,5,3345,1,6,0,0,0,0,FRESH~3#:#LOOSE~2#:#PEARL~2,1.67#:#2.5#:#2.5,2.5,1.67,1
5282,FRESH_GREEN_LOOSE,2,3345,1,6,0,0,0,0,FRESH~3#:#GREEN~2#:#LOOSE~2,0.67#:#1.0#:#1.0,1.0,0.67,0
5283,LARGE_PEACH_YELLOW,4,3345,1,6,0,0,0,0,LARGE~2#:#PEACH~2#:#YELLOW~2,2.0#:#2.0#:#2.0,2.0,2.0,1
5284,FRESH_FRUIT_MANGO,2,3345,1,6,0,0,0,0,FRESH~3#:#FRUIT~2#:#MANGO~2,0.67#:#1.0#:#1.0,1.0,0.67,0
5285,FRESH_FRUIT_SEASONING,2,3345,1,6,0,0,0,0,FRESH~3#:#FRUIT~2#:#SEASONING~2,0.67#:#1.0#:#1.0,1.0,0.67,0
5286,FRESH_FRUIT_SWEET,2,3345,2,6,0,0,0,0,FRESH~3#:#FRUIT~2#:#SWEET~2,0.67#:#1.0#:#1.0,1.0,0.67,0
5287,FRESH_MANGO_SEASONING,2,3345,1,6,0,0,0,0,FRESH~3#:#MANGO~2#:#SEASONING~2,0.67#:#1.0#:#1.0,1.0,0.67,0
5288,FRESH_MANGO_SIZE,3,3345,1,6,0,0,0,0,FRESH~3#:#MANGO~2#:#SIZE~2,1.0#:#1.5#:#1.5,1.5,1.0,1
5289,FRESH_MANGO_SMALL,2,3345,1,6,0,0,0,0,FRESH~3#:#MANGO~2#:#SMALL~2,0.67#:#1.0#:#1.0,1.0,0.67,0
5290,FRESH_MANGO_SWEET,2,3345,2,6,0,0,0,0,FRESH~3#:#MANGO~2#:#SWEET~2,0.67#:#1.0#:#1.0,1.0,0.67,0
5291,FRESH_SEASONING_SIZE,2,3345,1,6,0,0,0,0,FRESH~3#:#SEASONING~2#:#SIZE~2,0.67#:#1.0#:#1.0,1.0,0.67,0
5292,FRESH_SEASONING_SMALL,2,3345,1,6,0,0,0,0,FRESH~3#:#SEASONING~2#:#SMALL~2,0.67#:#1.0#:#1.0,1.0,0.67,0
5293,FRESH_SIZE_SWEET,2,3345,2,6,0,0,0,0,FRESH~3#:#SIZE~2#:#SWEET~2,0.67#:#1.0#:#1.0,1.0,0.67,0
5294,FRUIT_MANGO_SEASONING,2,3345,0,6,0,0,0,0,FRUIT~2#:#MANGO~2#:#SEASONING~2,1.0#:#1.0#:#1.0,1.0,1.0,1
5295,FRUIT_MANGO_SIZE,2,3345,0,6,0,0,0,0,FRUIT~2#:#MANGO~2#:#SIZE~2,1.0#:#1.0#:#1.0,1.0,1.0,1
5296,FRUIT_MANGO_SMALL,2,3345,0,6,0,0,0,0,FRUIT~2#:#MANGO~2#:#SMALL~2,1.0#:#1.0#:#1.0,1.0,1.0,1
5297,FRUIT_SEASONING_SIZE,2,3345,0,6,0,0,0,0,FRUIT~2#:#SEASONING~2#:#SIZE~2,1.0#:#1.0#:#1.0,1.0,1.0,1
5298,FRUIT_SEASONING_SMALL,2,3345,0,6,0,0,0,0,FRUIT~2#:#SEASONING~2#:#SMALL~2,1.0#:#1.0#:#1.0,1.0,1.0,1
5299,MANGO_SEASONING_SIZE,2,3345,0,6,0,0,0,0,MANGO~2#:#SEASONING~2#:#SIZE~2,1.0#:#1.0#:#1.0,1.0,1.0,1
5300,MANGO_SEASONING_SMALL,2,3345,0,6,0,0,0,0,MANGO~2#:#SEASONING~2#:#SMALL~2,1.0#:#1.0#:#1.0,1.0,1.0,1
5301,MANGO_SIZE_SMALL,2,3345,0,6,0,0,0,0,MANGO~2#:#SIZE~2#:#SMALL~2,1.0#:#1.0#:#1.0,1.0,1.0,1
5302,MANGO_SIZE_SWEET,2,3345,1,6,0,0,0,0,MANGO~2#:#SIZE~2#:#SWEET~2,1.0#:#1.0#:#1.0,1.0,1.0,1
5303,SEASONING_SIZE_SMALL,2,3345,0,6,0,0,0,0,SEASONING~2#:#SIZE~2#:#SMALL~2,1.0#:#1.0#:#1.0,1.0,1.0,1
5304,FRESH_JUICE_MANGO,2,3345,1,6,0,0,0,0,FRESH~3#:#JUICE~2#:#MANGO~2,0.67#:#1.0#:#1.0,1.0,0.67,0
5305,FRESH_JUICE_SIZE,2,3345,1,6,0,0,0,0,FRESH~3#:#JUICE~2#:#SIZE~2,0.67#:#1.0#:#1.0,1.0,0.67,0
5306,FRESH_QUALITY_SWEET,3,3345,2,6,0,0,0,0,FRESH~3#:#QUALITY~2#:#SWEET~2,1.0#:#1.5#:#1.5,1.5,1.0,1
5307,JUICE_MANGO_SIZE,2,3345,0,6,0,0,0,0,JUICE~2#:#MANGO~2#:#SIZE~2,1.0#:#1.0#:#1.0,1.0,1.0,1
5308,PREMIUM_QUALITY_SWEET,3,3345,1,6,0,0,0,0,PREMIUM~2#:#QUALITY~2#:#SWEET~2,1.5#:#1.5#:#1.5,1.5,1.5,1
5309,FRESH_PREMIUM_RED,2,3345,2,6,0,0,0,0,FRESH~3#:#PREMIUM~2#:#RED~2,0.67#:#1.0#:#1.0,1.0,0.67,0
5310,FRESH_QUALITY_RED,2,3345,2,6,0,0,0,0,FRESH~3#:#QUALITY~2#:#RED~2,0.67#:#1.0#:#1.0,1.0,0.67,0
5311,FRESH_RED_SWEET,3,3345,3,6,0,0,0,0,FRESH~3#:#RED~2#:#SWEET~2,1.0#:#1.5#:#1.5,1.5,1.0,1
5312,PREMIUM_QUALITY_RED,2,3345,1,6,0,0,0,0,PREMIUM~2#:#QUALITY~2#:#RED~2,1.0#:#1.0#:#1.0,1.0,1.0,1
5313,FRESH_PUMPKIN_YELLOW,2,3345,1,6,0,0,0,0,FRESH~3#:#PUMPKIN~2#:#YELLOW~2,0.67#:#1.0#:#1.0,1.0,0.67,0
5314,FARM_FRESH_ORGANIC,3,3345,1,6,0,0,0,0,FARM~2#:#FRESH~3#:#ORGANIC~3,1.5#:#1.0#:#1.0,1.5,1.0,1
5315,FRESH_ONION_ORGANIC,4,3345,1,6,0,0,0,0,FRESH~3#:#ONION~2#:#ORGANIC~3,1.33#:#2.0#:#1.33,2.0,1.33,1
5316,FRESH_GREEN_ORGANIC,3,3345,1,6,0,0,0,0,FRESH~3#:#GREEN~2#:#ORGANIC~3,1.0#:#1.5#:#1.0,1.5,1.0,1
5317,FRESH_ORGANIC_SALAD,7,3345,1,6,0,0,0,0,FRESH~3#:#ORGANIC~3#:#SALAD~2,2.33#:#2.33#:#3.5,3.5,2.33,1
5318,FRESH_ORGANIC_VEGETABLE,6,3345,1,6,0,0,0,0,FRESH~3#:#ORGANIC~3#:#VEGETABLE~2,2.0#:#2.0#:#3.0,3.0,2.0,1
5319,FRESH_GREEN_SALAD,3,3345,1,6,0,0,0,0,FRESH~3#:#GREEN~2#:#SALAD~2,1.0#:#1.5#:#1.5,1.5,1.0,1
5320,FRESH_SALAD_VEGETABLE,8,3345,1,6,0,0,0,0,FRESH~3#:#SALAD~2#:#VEGETABLE~2,2.67#:#4.0#:#4.0,4.0,2.67,1
5321,GREEN_ORGANIC_SALAD,2,3345,0,6,0,0,0,0,GREEN~2#:#ORGANIC~3#:#SALAD~2,1.0#:#0.67#:#1.0,1.0,0.67,0
5322,ORGANIC_SALAD_VEGETABLE,5,3345,0,6,0,0,0,0,ORGANIC~3#:#SALAD~2#:#VEGETABLE~2,1.67#:#2.5#:#2.5,2.5,1.67,1
5323,CUCUMBERS_FRESH_ORGANIC,4,3345,1,6,0,0,0,0,CUCUMBERS~2#:#FRESH~3#:#ORGANIC~3,2.0#:#1.33#:#1.33,2.0,1.33,1
5324,ENGLISH_FRESH_ORGANIC,2,3345,1,6,0,0,0,0,ENGLISH~2#:#FRESH~3#:#ORGANIC~3,1.0#:#0.67#:#0.67,1.0,0.67,0
5325,CUCUMBERS_FRESH_HOT,3,3345,2,6,0,0,0,0,CUCUMBERS~2#:#FRESH~3#:#HOT~2,1.5#:#1.0#:#1.5,1.5,1.0,1
5326,CUCUMBERS_FRESH_HOUSE,3,3345,1,6,0,0,0,0,CUCUMBERS~2#:#FRESH~3#:#HOUSE~2,1.5#:#1.0#:#1.5,1.5,1.0,1
5327,CUCUMBERS_ENGLISH_FRESH,4,3345,1,6,0,0,0,0,CUCUMBERS~2#:#ENGLISH~2#:#FRESH~3,2.0#:#2.0#:#1.33,2.0,1.33,1
5328,CUCUMBERS_FRESH_SALAD,3,3345,1,6,0,0,0,0,CUCUMBERS~2#:#FRESH~3#:#SALAD~2,1.5#:#1.0#:#1.5,1.5,1.0,1
5329,CUCUMBERS_FRESH_VEGETABLE,3,3345,1,6,0,0,0,0,CUCUMBERS~2#:#FRESH~3#:#VEGETABLE~2,1.5#:#1.0#:#1.5,1.5,1.0,1
5330,FRESH_HOT_HOUSE,6,3345,2,6,0,0,0,0,FRESH~3#:#HOT~2#:#HOUSE~2,2.0#:#3.0#:#3.0,3.0,2.0,1
5331,ENGLISH_FRESH_HOT,3,3345,2,6,0,0,0,0,ENGLISH~2#:#FRESH~3#:#HOT~2,1.5#:#1.0#:#1.5,1.5,1.0,1
5332,FRESH_HOT_SALAD,2,3345,2,6,0,0,0,0,FRESH~3#:#HOT~2#:#SALAD~2,0.67#:#1.0#:#1.0,1.0,0.67,0
5333,FRESH_HOT_VEGETABLE,2,3345,2,6,0,0,0,0,FRESH~3#:#HOT~2#:#VEGETABLE~2,0.67#:#1.0#:#1.0,1.0,0.67,0
5334,ENGLISH_FRESH_HOUSE,3,3345,1,6,0,0,0,0,ENGLISH~2#:#FRESH~3#:#HOUSE~2,1.5#:#1.0#:#1.5,1.5,1.0,1
5335,FRESH_HOUSE_SALAD,2,3345,1,6,0,0,0,0,FRESH~3#:#HOUSE~2#:#SALAD~2,0.67#:#1.0#:#1.0,1.0,0.67,0
5336,FRESH_HOUSE_VEGETABLE,2,3345,1,6,0,0,0,0,FRESH~3#:#HOUSE~2#:#VEGETABLE~2,0.67#:#1.0#:#1.0,1.0,0.67,0
5337,ENGLISH_FRESH_SALAD,2,3345,1,6,0,0,0,0,ENGLISH~2#:#FRESH~3#:#SALAD~2,1.0#:#0.67#:#1.0,1.0,0.67,0
5338,ENGLISH_FRESH_VEGETABLE,2,3345,1,6,0,0,0,0,ENGLISH~2#:#FRESH~3#:#VEGETABLE~2,1.0#:#0.67#:#1.0,1.0,0.67,0
5339,CUCUMBERS_HOT_ORGANIC,2,3345,1,6,0,0,0,0,CUCUMBERS~2#:#HOT~2#:#ORGANIC~3,1.0#:#1.0#:#0.67,1.0,0.67,0
5340,CUCUMBERS_HOUSE_ORGANIC,2,3345,0,6,0,0,0,0,CUCUMBERS~2#:#HOUSE~2#:#ORGANIC~3,1.0#:#1.0#:#0.67,1.0,0.67,0
5341,CUCUMBERS_ENGLISH_ORGANIC,4,3345,0,6,0,0,0,0,CUCUMBERS~2#:#ENGLISH~2#:#ORGANIC~3,2.0#:#2.0#:#1.33,2.0,1.33,1
5342,CUCUMBERS_ORGANIC_SALAD,2,3345,0,6,0,0,0,0,CUCUMBERS~2#:#ORGANIC~3#:#SALAD~2,1.0#:#0.67#:#1.0,1.0,0.67,0
5343,CUCUMBERS_ORGANIC_VEGETABLE,2,3345,0,6,0,0,0,0,CUCUMBERS~2#:#ORGANIC~3#:#VEGETABLE~2,1.0#:#0.67#:#1.0,1.0,0.67,0
5344,HOT_HOUSE_ORGANIC,2,3345,1,6,0,0,0,0,HOT~2#:#HOUSE~2#:#ORGANIC~3,1.0#:#1.0#:#0.67,1.0,0.67,0
5345,ENGLISH_HOT_ORGANIC,2,3345,1,6,0,0,0,0,ENGLISH~2#:#HOT~2#:#ORGANIC~3,1.0#:#1.0#:#0.67,1.0,0.67,0
5346,ENGLISH_HOUSE_ORGANIC,2,3345,0,6,0,0,0,0,ENGLISH~2#:#HOUSE~2#:#ORGANIC~3,1.0#:#1.0#:#0.67,1.0,0.67,0
5347,CUCUMBERS_HOT_HOUSE,4,3345,1,6,0,0,0,0,CUCUMBERS~2#:#HOT~2#:#HOUSE~2,2.0#:#2.0#:#2.0,2.0,2.0,1
5348,CUCUMBERS_ENGLISH_HOT,4,3345,1,6,0,0,0,0,CUCUMBERS~2#:#ENGLISH~2#:#HOT~2,2.0#:#2.0#:#2.0,2.0,2.0,1
5349,CUCUMBERS_HOT_SALAD,2,3345,1,6,0,0,0,0,CUCUMBERS~2#:#HOT~2#:#SALAD~2,1.0#:#1.0#:#1.0,1.0,1.0,1
5350,CUCUMBERS_HOT_VEGETABLE,2,3345,1,6,0,0,0,0,CUCUMBERS~2#:#HOT~2#:#VEGETABLE~2,1.0#:#1.0#:#1.0,1.0,1.0,1
5351,CUCUMBERS_ENGLISH_HOUSE,4,3345,0,6,0,0,0,0,CUCUMBERS~2#:#ENGLISH~2#:#HOUSE~2,2.0#:#2.0#:#2.0,2.0,2.0,1
5352,CUCUMBERS_HOUSE_SALAD,2,3345,0,6,0,0,0,0,CUCUMBERS~2#:#HOUSE~2#:#SALAD~2,1.0#:#1.0#:#1.0,1.0,1.0,1
5353,CUCUMBERS_HOUSE_VEGETABLE,2,3345,0,6,0,0,0,0,CUCUMBERS~2#:#HOUSE~2#:#VEGETABLE~2,1.0#:#1.0#:#1.0,1.0,1.0,1
5354,CUCUMBERS_ENGLISH_SALAD,2,3345,0,6,0,0,0,0,CUCUMBERS~2#:#ENGLISH~2#:#SALAD~2,1.0#:#1.0#:#1.0,1.0,1.0,1
5355,CUCUMBERS_ENGLISH_VEGETABLE,2,3345,0,6,0,0,0,0,CUCUMBERS~2#:#ENGLISH~2#:#VEGETABLE~2,1.0#:#1.0#:#1.0,1.0,1.0,1
5356,CUCUMBERS_SALAD_VEGETABLE,3,3345,0,6,0,0,0,0,CUCUMBERS~2#:#SALAD~2#:#VEGETABLE~2,1.5#:#1.5#:#1.5,1.5,1.5,1
5357,ENGLISH_HOT_HOUSE,4,3345,1,6,0,0,0,0,ENGLISH~2#:#HOT~2#:#HOUSE~2,2.0#:#2.0#:#2.0,2.0,2.0,1
5358,HOT_HOUSE_SALAD,2,3345,1,6,0,0,0,0,HOT~2#:#HOUSE~2#:#SALAD~2,1.0#:#1.0#:#1.0,1.0,1.0,1
5359,HOT_HOUSE_VEGETABLE,2,3345,1,6,0,0,0,0,HOT~2#:#HOUSE~2#:#VEGETABLE~2,1.0#:#1.0#:#1.0,1.0,1.0,1
5360,ENGLISH_HOT_SALAD,2,3345,1,6,0,0,0,0,ENGLISH~2#:#HOT~2#:#SALAD~2,1.0#:#1.0#:#1.0,1.0,1.0,1
5361,ENGLISH_HOT_VEGETABLE,2,3345,1,6,0,0,0,0,ENGLISH~2#:#HOT~2#:#VEGETABLE~2,1.0#:#1.0#:#1.0,1.0,1.0,1
5362,HOT_SALAD_VEGETABLE,2,3345,1,6,0,0,0,0,HOT~2#:#SALAD~2#:#VEGETABLE~2,1.0#:#1.0#:#1.0,1.0,1.0,1
5363,ENGLISH_HOUSE_SALAD,2,3345,0,6,0,0,0,0,ENGLISH~2#:#HOUSE~2#:#SALAD~2,1.0#:#1.0#:#1.0,1.0,1.0,1
5364,ENGLISH_HOUSE_VEGETABLE,2,3345,0,6,0,0,0,0,ENGLISH~2#:#HOUSE~2#:#VEGETABLE~2,1.0#:#1.0#:#1.0,1.0,1.0,1
5365,HOUSE_SALAD_VEGETABLE,2,3345,0,6,0,0,0,0,HOUSE~2#:#SALAD~2#:#VEGETABLE~2,1.0#:#1.0#:#1.0,1.0,1.0,1
5366,ENGLISH_SALAD_VEGETABLE,2,3345,0,6,0,0,0,0,ENGLISH~2#:#SALAD~2#:#VEGETABLE~2,1.0#:#1.0#:#1.0,1.0,1.0,1
5367,FRESH_ORGANIC_RED,2,3345,2,6,0,0,0,0,FRESH~3#:#ORGANIC~3#:#RED~2,0.67#:#0.67#:#1.0,1.0,0.67,0
5368,FRESH_RED_SALAD,3,3345,2,6,0,0,0,0,FRESH~3#:#RED~2#:#SALAD~2,1.0#:#1.5#:#1.5,1.5,1.0,1
5369,FRESH_RED_VEGETABLE,4,3345,2,6,0,0,0,0,FRESH~3#:#RED~2#:#VEGETABLE~2,1.33#:#2.0#:#2.0,2.0,1.33,1
5370,RED_SALAD_VEGETABLE,2,3345,1,6,0,0,0,0,RED~2#:#SALAD~2#:#VEGETABLE~2,1.0#:#1.0#:#1.0,1.0,1.0,1
5371,CRISPY_FRESH_VEGETABLE,4,3345,1,6,0,0,0,0,CRISPY~2#:#FRESH~3#:#VEGETABLE~2,2.0#:#1.33#:#2.0,2.0,1.33,1
5372,CRISPY_FRESH_SALAD,3,3345,1,6,0,0,0,0,CRISPY~2#:#FRESH~3#:#SALAD~2,1.5#:#1.0#:#1.5,1.5,1.0,1
5373,CRISPY_SALAD_VEGETABLE,3,3345,0,6,0,0,0,0,CRISPY~2#:#SALAD~2#:#VEGETABLE~2,1.5#:#1.5#:#1.5,1.5,1.5,1
5374,DEL_MONTE_TOMATO,3,3345,0,6,0,0,0,0,DEL~2#:#MONTE~2#:#TOMATO~2,1.5#:#1.5#:#1.5,1.5,1.5,1
5375,FRESH_HERB_ORGANIC,4,3345,1,6,0,0,0,0,FRESH~3#:#HERB~2#:#ORGANIC~3,1.33#:#2.0#:#1.33,2.0,1.33,1
5376,FRESH_HERB_ITALIAN,2,3345,1,6,0,0,0,0,FRESH~3#:#HERB~2#:#ITALIAN~2,0.67#:#1.0#:#1.0,1.0,0.67,0
5377,FRESH_LEAVES_ORGANIC,5,3345,1,6,0,0,0,0,FRESH~3#:#LEAVES~2#:#ORGANIC~3,1.67#:#2.5#:#1.67,2.5,1.67,1
5378,FRESH_HERB_LEAVES,2,3345,1,6,0,0,0,0,FRESH~3#:#HERB~2#:#LEAVES~2,0.67#:#1.0#:#1.0,1.0,0.67,0
5379,HERB_LEAVES_ORGANIC,2,3345,0,6,0,0,0,0,HERB~2#:#LEAVES~2#:#ORGANIC~3,1.0#:#1.0#:#0.67,1.0,0.67,0
5380,BABY_FRESH_ORGANIC,3,3345,2,6,0,0,0,0,BABY~2#:#FRESH~3#:#ORGANIC~3,1.5#:#1.0#:#1.0,1.5,1.0,1
5381,FRESH_MUSHROOM_PACK,2,3345,2,6,0,0,0,0,FRESH~3#:#MUSHROOM~2#:#PACK~3,0.67#:#1.0#:#0.67,1.0,0.67,0
5382,FRESH_MUSHROOM_WHOLE,2,3345,1,6,0,0,0,0,FRESH~3#:#MUSHROOM~2#:#WHOLE~2,0.67#:#1.0#:#1.0,1.0,0.67,0
5383,BABY_ORGANIC_PACK,3,3345,2,6,0,0,0,0,BABY~2#:#ORGANIC~3#:#PACK~3,1.5#:#1.0#:#1.0,1.5,1.0,1
5384,MUSHROOM_ORGANIC_PACK,2,3345,1,6,0,0,0,0,MUSHROOM~2#:#ORGANIC~3#:#PACK~3,1.0#:#0.67#:#0.67,1.0,0.67,0
5385,BABY_MUSHROOM_ORGANIC,2,3345,1,6,0,0,0,0,BABY~2#:#MUSHROOM~2#:#ORGANIC~3,1.0#:#1.0#:#0.67,1.0,0.67,0
5386,BABY_MUSHROOM_PACK,2,3345,2,6,0,0,0,0,BABY~2#:#MUSHROOM~2#:#PACK~3,1.0#:#1.0#:#0.67,1.0,0.67,0
5387,FRESH_ORGANIC_YELLOW,3,3345,1,6,0,0,0,0,FRESH~3#:#ORGANIC~3#:#YELLOW~2,1.0#:#1.0#:#1.5,1.5,1.0,1
5388,FRESH_ONION_SIZE,2,3345,1,6,0,0,0,0,FRESH~3#:#ONION~2#:#SIZE~2,0.67#:#1.0#:#1.0,1.0,0.67,0
5389,FRESH_ONION_YELLOW,3,3345,1,6,0,0,0,0,FRESH~3#:#ONION~2#:#YELLOW~2,1.0#:#1.5#:#1.5,1.5,1.0,1
5390,ONION_ORGANIC_YELLOW,3,3345,0,6,0,0,0,0,ONION~2#:#ORGANIC~3#:#YELLOW~2,1.5#:#1.0#:#1.5,1.5,1.0,1
5391,FRESH_ORGANIC_SWEET,2,3345,2,6,0,0,0,0,FRESH~3#:#ORGANIC~3#:#SWEET~2,0.67#:#0.67#:#1.0,1.0,0.67,0
5392,FRESH_ONION_PREMIUM,2,3345,1,6,0,0,0,0,FRESH~3#:#ONION~2#:#PREMIUM~2,0.67#:#1.0#:#1.0,1.0,0.67,0
5393,FRESH_ONION_QUALITY,2,3345,1,6,0,0,0,0,FRESH~3#:#ONION~2#:#QUALITY~2,0.67#:#1.0#:#1.0,1.0,0.67,0
5394,FRESH_ONION_SWEET,2,3345,2,6,0,0,0,0,FRESH~3#:#ONION~2#:#SWEET~2,0.67#:#1.0#:#1.0,1.0,0.67,0
5395,ONION_PREMIUM_QUALITY,2,3345,0,6,0,0,0,0,ONION~2#:#PREMIUM~2#:#QUALITY~2,1.0#:#1.0#:#1.0,1.0,1.0,1
5396,FLAVOUR_MILD_SWEET,3,3345,2,6,0,0,0,0,FLAVOUR~3#:#MILD~2#:#SWEET~2,1.0#:#1.5#:#1.5,1.5,1.0,1
5397,FRESH_SWEET_YELLOW,2,3345,2,6,0,0,0,0,FRESH~3#:#SWEET~2#:#YELLOW~2,0.67#:#1.0#:#1.0,1.0,0.67,0
5398,ONION_SWEET_YELLOW,2,3345,1,6,0,0,0,0,ONION~2#:#SWEET~2#:#YELLOW~2,1.0#:#1.0#:#1.0,1.0,1.0,1
5399,FRESH_ONION_RED,2,3345,2,6,0,0,0,0,FRESH~3#:#ONION~2#:#RED~2,0.67#:#1.0#:#1.0,1.0,0.67,0
5400,FRESH_ORGANIC_PEPPERS,2,3345,1,6,0,0,0,0,FRESH~3#:#ORGANIC~3#:#PEPPERS~2,0.67#:#0.67#:#1.0,1.0,0.67,0
5401,FRESH_ORANGE_PEPPERS,5,3345,1,6,0,0,0,0,FRESH~3#:#ORANGE~2#:#PEPPERS~2,1.67#:#2.5#:#2.5,2.5,1.67,1
5402,FRESH_PEPPERS_PREMIUM,2,3345,1,6,0,0,0,0,FRESH~3#:#PEPPERS~2#:#PREMIUM~2,0.67#:#1.0#:#1.0,1.0,0.67,0
5403,FRESH_PEPPERS_QUALITY,2,3345,1,6,0,0,0,0,FRESH~3#:#PEPPERS~2#:#QUALITY~2,0.67#:#1.0#:#1.0,1.0,0.67,0
5404,ORGANIC_PEPPERS_PREMIUM,2,3345,0,6,0,0,0,0,ORGANIC~3#:#PEPPERS~2#:#PREMIUM~2,0.67#:#1.0#:#1.0,1.0,0.67,0
5405,ORGANIC_PEPPERS_QUALITY,2,3345,0,6,0,0,0,0,ORGANIC~3#:#PEPPERS~2#:#QUALITY~2,0.67#:#1.0#:#1.0,1.0,0.67,0
5406,PEPPERS_PREMIUM_QUALITY,2,3345,0,6,0,0,0,0,PEPPERS~2#:#PREMIUM~2#:#QUALITY~2,1.0#:#1.0#:#1.0,1.0,1.0,1
5407,FRESH_PEPPERS_YELLOW,2,3345,1,6,0,0,0,0,FRESH~3#:#PEPPERS~2#:#YELLOW~2,0.67#:#1.0#:#1.0,1.0,0.67,0
5408,FRESH_HOT_ORANGE,2,3345,2,6,0,0,0,0,FRESH~3#:#HOT~2#:#ORANGE~2,0.67#:#1.0#:#1.0,1.0,0.67,0
5409,FRESH_HOT_PEPPERS,4,3345,2,6,0,0,0,0,FRESH~3#:#HOT~2#:#PEPPERS~2,1.33#:#2.0#:#2.0,2.0,1.33,1
5410,FRESH_HOUSE_ORANGE,2,3345,1,6,0,0,0,0,FRESH~3#:#HOUSE~2#:#ORANGE~2,0.67#:#1.0#:#1.0,1.0,0.67,0
5411,FRESH_HOUSE_PEPPERS,2,3345,1,6,0,0,0,0,FRESH~3#:#HOUSE~2#:#PEPPERS~2,0.67#:#1.0#:#1.0,1.0,0.67,0
5412,HOT_HOUSE_ORANGE,2,3345,1,6,0,0,0,0,HOT~2#:#HOUSE~2#:#ORANGE~2,1.0#:#1.0#:#1.0,1.0,1.0,1
5413,HOT_HOUSE_PEPPERS,2,3345,1,6,0,0,0,0,HOT~2#:#HOUSE~2#:#PEPPERS~2,1.0#:#1.0#:#1.0,1.0,1.0,1
5414,HOT_ORANGE_PEPPERS,2,3345,1,6,0,0,0,0,HOT~2#:#ORANGE~2#:#PEPPERS~2,1.0#:#1.0#:#1.0,1.0,1.0,1
5415,HOUSE_ORANGE_PEPPERS,2,3345,0,6,0,0,0,0,HOUSE~2#:#ORANGE~2#:#PEPPERS~2,1.0#:#1.0#:#1.0,1.0,1.0,1
5416,FRESH_PEPPERS_RED,2,3345,2,6,0,0,0,0,FRESH~3#:#PEPPERS~2#:#RED~2,0.67#:#1.0#:#1.0,1.0,0.67,0
5417,CHILLI_FRESH_GREEN,3,3345,1,6,0,0,0,0,CHILLI~2#:#FRESH~3#:#GREEN~2,1.5#:#1.0#:#1.5,1.5,1.0,1
5418,CHILLI_FRESH_MILD,2,3345,1,6,0,0,0,0,CHILLI~2#:#FRESH~3#:#MILD~2,1.0#:#0.67#:#1.0,1.0,0.67,0
5419,CHILLI_FRESH_PEPPERS,4,3345,1,6,0,0,0,0,CHILLI~2#:#FRESH~3#:#PEPPERS~2,2.0#:#1.33#:#2.0,2.0,1.33,1
5420,CHILLI_FRESH_SPICY,3,3345,1,6,0,0,0,0,CHILLI~2#:#FRESH~3#:#SPICY~2,1.5#:#1.0#:#1.5,1.5,1.0,1
5421,FRESH_GREEN_PEPPERS,2,3345,1,6,0,0,0,0,FRESH~3#:#GREEN~2#:#PEPPERS~2,0.67#:#1.0#:#1.0,1.0,0.67,0
5422,FRESH_GREEN_SPICY,2,3345,1,6,0,0,0,0,FRESH~3#:#GREEN~2#:#SPICY~2,0.67#:#1.0#:#1.0,1.0,0.67,0
5423,FRESH_MILD_PEPPERS,2,3345,1,6,0,0,0,0,FRESH~3#:#MILD~2#:#PEPPERS~2,0.67#:#1.0#:#1.0,1.0,0.67,0
5424,FRESH_MILD_SPICY,2,3345,1,6,0,0,0,0,FRESH~3#:#MILD~2#:#SPICY~2,0.67#:#1.0#:#1.0,1.0,0.67,0
5425,FRESH_PEPPERS_SPICY,3,3345,1,6,0,0,0,0,FRESH~3#:#PEPPERS~2#:#SPICY~2,1.0#:#1.5#:#1.5,1.5,1.0,1
5426,CHILLI_GREEN_MILD,2,3345,0,6,0,0,0,0,CHILLI~2#:#GREEN~2#:#MILD~2,1.0#:#1.0#:#1.0,1.0,1.0,1
5427,CHILLI_GREEN_PEPPERS,2,3345,0,6,0,0,0,0,CHILLI~2#:#GREEN~2#:#PEPPERS~2,1.0#:#1.0#:#1.0,1.0,1.0,1
5428,CHILLI_GREEN_SPICY,2,3345,0,6,0,0,0,0,CHILLI~2#:#GREEN~2#:#SPICY~2,1.0#:#1.0#:#1.0,1.0,1.0,1
5429,CHILLI_MILD_PEPPERS,2,3345,0,6,0,0,0,0,CHILLI~2#:#MILD~2#:#PEPPERS~2,1.0#:#1.0#:#1.0,1.0,1.0,1
5430,CHILLI_MILD_SPICY,2,3345,0,6,0,0,0,0,CHILLI~2#:#MILD~2#:#SPICY~2,1.0#:#1.0#:#1.0,1.0,1.0,1
5431,CHILLI_PEPPERS_SPICY,3,3345,0,6,0,0,0,0,CHILLI~2#:#PEPPERS~2#:#SPICY~2,1.5#:#1.5#:#1.5,1.5,1.5,1
5432,GREEN_PEPPERS_SPICY,2,3345,0,6,0,0,0,0,GREEN~2#:#PEPPERS~2#:#SPICY~2,1.0#:#1.0#:#1.0,1.0,1.0,1
5433,MILD_PEPPERS_SPICY,2,3345,0,6,0,0,0,0,MILD~2#:#PEPPERS~2#:#SPICY~2,1.0#:#1.0#:#1.0,1.0,1.0,1
5434,CHILLI_FRESH_HOT,2,3345,2,6,0,0,0,0,CHILLI~2#:#FRESH~3#:#HOT~2,1.0#:#0.67#:#1.0,1.0,0.67,0
5435,AND_FRESH_GREEN,2,3345,1,6,0,0,0,0,AND~2#:#FRESH~3#:#GREEN~2,1.0#:#0.67#:#1.0,1.0,0.67,0
5436,CHILLI_HOT_PEPPERS,2,3345,1,6,0,0,0,0,CHILLI~2#:#HOT~2#:#PEPPERS~2,1.0#:#1.0#:#1.0,1.0,1.0,1
5437,FRESH_ORGANIC_POTATO,3,3345,1,6,0,0,0,0,FRESH~3#:#ORGANIC~3#:#POTATO~2,1.0#:#1.0#:#1.5,1.5,1.0,1
5438,ORGANIC_POTATO_SWEET,3,3345,1,6,0,0,0,0,ORGANIC~3#:#POTATO~2#:#SWEET~2,1.0#:#1.5#:#1.5,1.5,1.0,1
5439,BABY_ORGANIC_POTATO,2,3345,1,6,0,0,0,0,BABY~2#:#ORGANIC~3#:#POTATO~2,1.0#:#0.67#:#1.0,1.0,0.67,0
5440,ORGANIC_PACK_POTATO,3,3345,1,6,0,0,0,0,ORGANIC~3#:#PACK~3#:#POTATO~2,1.0#:#1.0#:#1.5,1.5,1.0,1
5441,ORGANIC_PACK_RED,3,3345,2,6,0,0,0,0,ORGANIC~3#:#PACK~3#:#RED~2,1.0#:#1.0#:#1.5,1.5,1.0,1
5442,ORGANIC_POTATO_RED,2,3345,1,6,0,0,0,0,ORGANIC~3#:#POTATO~2#:#RED~2,0.67#:#1.0#:#1.0,1.0,0.67,0
5443,PACK_POTATO_RED,4,3345,2,6,0,0,0,0,PACK~3#:#POTATO~2#:#RED~2,1.33#:#2.0#:#2.0,2.0,1.33,1
5444,COOKIES_FRESH_PUMPKIN,2,3345,1,6,0,0,0,0,COOKIES~2#:#FRESH~3#:#PUMPKIN~2,1.0#:#0.67#:#1.0,1.0,0.67,0
5445,AND_FRESH_PUMPKIN,2,3345,1,6,0,0,0,0,AND~2#:#FRESH~3#:#PUMPKIN~2,1.0#:#0.67#:#1.0,1.0,0.67,0
5446,AND_FRESH_RED,2,3345,2,6,0,0,0,0,AND~2#:#FRESH~3#:#RED~2,1.0#:#0.67#:#1.0,1.0,0.67,0
5447,FRESH_PUMPKIN_SWEET,2,3345,2,6,0,0,0,0,FRESH~3#:#PUMPKIN~2#:#SWEET~2,0.67#:#1.0#:#1.0,1.0,0.67,0
5448,FRESH_PUMPKIN_VEGETABLE,2,3345,1,6,0,0,0,0,FRESH~3#:#PUMPKIN~2#:#VEGETABLE~2,0.67#:#1.0#:#1.0,1.0,0.67,0
5449,FRESH_SWEET_VEGETABLE,2,3345,2,6,0,0,0,0,FRESH~3#:#SWEET~2#:#VEGETABLE~2,0.67#:#1.0#:#1.0,1.0,0.67,0
5450,PUMPKIN_SWEET_VEGETABLE,2,3345,1,6,0,0,0,0,PUMPKIN~2#:#SWEET~2#:#VEGETABLE~2,1.0#:#1.0#:#1.0,1.0,1.0,1
5451,FRESH_RELIANCE_TOMATO,4,3345,1,6,0,0,0,0,FRESH~3#:#RELIANCE~2#:#TOMATO~2,1.33#:#2.0#:#2.0,2.0,1.33,1
5452,CHICKEN_FRESH_SALAD,2,3345,1,6,0,0,0,0,CHICKEN~3#:#FRESH~3#:#SALAD~2,0.67#:#0.67#:#1.0,1.0,0.67,0
5453,EAT_FRESH_READY#TO,7,3345,1,6,0,0,0,0,EAT~2#:#FRESH~3#:#READY#TO~2,3.5#:#2.33#:#3.5,3.5,2.33,1
5454,AND_BLEND_FRESH,2,3345,1,6,0,0,0,0,AND~2#:#BLEND~2#:#FRESH~3,1.0#:#1.0#:#0.67,1.0,0.67,0
5455,FRESH_GREEN_LEAVES,2,3345,1,6,0,0,0,0,FRESH~3#:#GREEN~2#:#LEAVES~2,0.67#:#1.0#:#1.0,1.0,0.67,0
5456,FRESH_LEAVES_SALAD,2,3345,1,6,0,0,0,0,FRESH~3#:#LEAVES~2#:#SALAD~2,0.67#:#1.0#:#1.0,1.0,0.67,0
5457,GREEN_LEAVES_SALAD,2,3345,0,6,0,0,0,0,GREEN~2#:#LEAVES~2#:#SALAD~2,1.0#:#1.0#:#1.0,1.0,1.0,1
5458,CUP_FRESH_FRUIT,5,3345,1,6,0,0,0,0,CUP~2#:#FRESH~3#:#FRUIT~2,2.5#:#1.67#:#2.5,2.5,1.67,1
5459,CUP_FRESH_RED,2,3345,2,6,0,0,0,0,CUP~2#:#FRESH~3#:#RED~2,1.0#:#0.67#:#1.0,1.0,0.67,0
5460,CUP_FRUIT_LIGHT,3,3345,1,6,0,0,0,0,CUP~2#:#FRUIT~2#:#LIGHT~2,1.5#:#1.5#:#1.5,1.5,1.5,1
5461,CUP_FRUIT_RED,3,3345,1,6,0,0,0,0,CUP~2#:#FRUIT~2#:#RED~2,1.5#:#1.5#:#1.5,1.5,1.5,1
5462,CUP_FRUIT_SYRUP,3,3345,0,6,0,0,0,0,CUP~2#:#FRUIT~2#:#SYRUP~2,1.5#:#1.5#:#1.5,1.5,1.5,1
5463,CUP_LIGHT_RED,2,3345,2,6,0,0,0,0,CUP~2#:#LIGHT~2#:#RED~2,1.0#:#1.0#:#1.0,1.0,1.0,1
5464,CUP_LIGHT_SYRUP,3,3345,1,6,0,0,0,0,CUP~2#:#LIGHT~2#:#SYRUP~2,1.5#:#1.5#:#1.5,1.5,1.5,1
5465,CUP_RED_SYRUP,2,3345,1,6,0,0,0,0,CUP~2#:#RED~2#:#SYRUP~2,1.0#:#1.0#:#1.0,1.0,1.0,1
5466,FRUIT_LIGHT_RED,2,3345,2,6,0,0,0,0,FRUIT~2#:#LIGHT~2#:#RED~2,1.0#:#1.0#:#1.0,1.0,1.0,1
5467,FRUIT_LIGHT_SYRUP,3,3345,1,6,0,0,0,0,FRUIT~2#:#LIGHT~2#:#SYRUP~2,1.5#:#1.5#:#1.5,1.5,1.5,1
5468,FRUIT_RED_SYRUP,2,3345,1,6,0,0,0,0,FRUIT~2#:#RED~2#:#SYRUP~2,1.0#:#1.0#:#1.0,1.0,1.0,1
5469,LIGHT_RED_SYRUP,2,3345,2,6,0,0,0,0,LIGHT~2#:#RED~2#:#SYRUP~2,1.0#:#1.0#:#1.0,1.0,1.0,1
5470,BAR_MIX_YOGA,4,3345,0,6,0,0,0,0,BAR~2#:#MIX~2#:#YOGA~2,2.0#:#2.0#:#2.0,2.0,2.0,1
5471,BAR_BUTTER_PACK,5,3345,2,6,0,0,0,0,BAR~2#:#BUTTER~2#:#PACK~3,2.5#:#2.5#:#1.67,2.5,1.67,1
5472,BUTTER_PACK_PROTEIN,5,3345,2,6,0,0,0,0,BUTTER~2#:#PACK~3#:#PROTEIN~2,2.5#:#1.67#:#2.5,2.5,1.67,1
5473,BAR_GRAM_PACK,6,3345,1,6,0,0,0,0,BAR~2#:#GRAM~2#:#PACK~3,3.0#:#3.0#:#2.0,3.0,2.0,1
5474,GRAM_PACK_PEANUT,6,3345,1,6,0,0,0,0,GRAM~2#:#PACK~3#:#PEANUT~2,3.0#:#2.0#:#3.0,3.0,2.0,1
5475,GRAM_PACK_PROTEIN,6,3345,1,6,0,0,0,0,GRAM~2#:#PACK~3#:#PROTEIN~2,3.0#:#2.0#:#3.0,3.0,2.0,1
5476,BAR_PACK_PEANUT,5,3345,1,6,0,0,0,0,BAR~2#:#PACK~3#:#PEANUT~2,2.5#:#1.67#:#2.5,2.5,1.67,1
5477,BAR_PACK_PROTEIN,6,3345,1,6,0,0,0,0,BAR~2#:#PACK~3#:#PROTEIN~2,3.0#:#2.0#:#3.0,3.0,2.0,1
5478,PACK_PEANUT_PROTEIN,5,3345,1,6,0,0,0,0,PACK~3#:#PEANUT~2#:#PROTEIN~2,1.67#:#2.5#:#2.5,2.5,1.67,1
5479,BAR_BUTTER_GRAM,5,3345,1,6,0,0,0,0,BAR~2#:#BUTTER~2#:#GRAM~2,2.5#:#2.5#:#2.5,2.5,2.5,1
5480,BUTTER_GRAM_PEANUT,6,3345,1,6,0,0,0,0,BUTTER~2#:#GRAM~2#:#PEANUT~2,3.0#:#3.0#:#3.0,3.0,3.0,1
5481,BUTTER_GRAM_PROTEIN,5,3345,1,6,0,0,0,0,BUTTER~2#:#GRAM~2#:#PROTEIN~2,2.5#:#2.5#:#2.5,2.5,2.5,1
5482,BAR_BUTTER_PROTEIN,5,3345,1,6,0,0,0,0,BAR~2#:#BUTTER~2#:#PROTEIN~2,2.5#:#2.5#:#2.5,2.5,2.5,1
5483,BUTTER_PEANUT_PROTEIN,6,3345,1,6,0,0,0,0,BUTTER~2#:#PEANUT~2#:#PROTEIN~2,3.0#:#3.0#:#3.0,3.0,3.0,1
5484,BAR_GRAM_PEANUT,5,3345,0,6,0,0,0,0,BAR~2#:#GRAM~2#:#PEANUT~2,2.5#:#2.5#:#2.5,2.5,2.5,1
5485,BAR_GRAM_PROTEIN,6,3345,0,6,0,0,0,0,BAR~2#:#GRAM~2#:#PROTEIN~2,3.0#:#3.0#:#3.0,3.0,3.0,1
5486,GRAM_PEANUT_PROTEIN,5,3345,0,6,0,0,0,0,GRAM~2#:#PEANUT~2#:#PROTEIN~2,2.5#:#2.5#:#2.5,2.5,2.5,1
5487,BAR_PEANUT_PROTEIN,5,3345,0,6,0,0,0,0,BAR~2#:#PEANUT~2#:#PROTEIN~2,2.5#:#2.5#:#2.5,2.5,2.5,1
5488,BUTTER_PACK_YOGA,2,3345,2,6,0,0,0,0,BUTTER~2#:#PACK~3#:#YOGA~2,1.0#:#0.67#:#1.0,1.0,0.67,0
5489,GRAM_PACK_YOGA,3,3345,1,6,0,0,0,0,GRAM~2#:#PACK~3#:#YOGA~2,1.5#:#1.0#:#1.5,1.5,1.0,1
5490,PACK_PEANUT_YOGA,2,3345,1,6,0,0,0,0,PACK~3#:#PEANUT~2#:#YOGA~2,0.67#:#1.0#:#1.0,1.0,0.67,0
5491,PACK_PROTEIN_YOGA,3,3345,1,6,0,0,0,0,PACK~3#:#PROTEIN~2#:#YOGA~2,1.0#:#1.5#:#1.5,1.5,1.0,1
5492,BUTTER_GRAM_YOGA,2,3345,1,6,0,0,0,0,BUTTER~2#:#GRAM~2#:#YOGA~2,1.0#:#1.0#:#1.0,1.0,1.0,1
5493,BUTTER_PROTEIN_YOGA,2,3345,1,6,0,0,0,0,BUTTER~2#:#PROTEIN~2#:#YOGA~2,1.0#:#1.0#:#1.0,1.0,1.0,1
5494,BAR_GRAM_YOGA,3,3345,0,6,0,0,0,0,BAR~2#:#GRAM~2#:#YOGA~2,1.5#:#1.5#:#1.5,1.5,1.5,1
5495,GRAM_PEANUT_YOGA,2,3345,0,6,0,0,0,0,GRAM~2#:#PEANUT~2#:#YOGA~2,1.0#:#1.0#:#1.0,1.0,1.0,1
5496,GRAM_PROTEIN_YOGA,3,3345,0,6,0,0,0,0,GRAM~2#:#PROTEIN~2#:#YOGA~2,1.5#:#1.5#:#1.5,1.5,1.5,1
5497,BAR_PROTEIN_YOGA,4,3345,0,6,0,0,0,0,BAR~2#:#PROTEIN~2#:#YOGA~2,2.0#:#2.0#:#2.0,2.0,2.0,1
5498,PEANUT_PROTEIN_YOGA,2,3345,0,6,0,0,0,0,PEANUT~2#:#PROTEIN~2#:#YOGA~2,1.0#:#1.0#:#1.0,1.0,1.0,1
5499,FRESH_PACK_SNACK,6,3345,2,6,0,0,0,0,FRESH~3#:#PACK~3#:#SNACK~3,2.0#:#2.0#:#2.0,2.0,2.0,1
5500,DIP_FRESH_PACK,2,3345,2,6,0,0,0,0,DIP~2#:#FRESH~3#:#PACK~3,1.0#:#0.67#:#0.67,1.0,0.67,0
5501,FRESH_PACK_WITH,3,3345,3,6,0,0,0,0,FRESH~3#:#PACK~3#:#WITH~2,1.0#:#1.0#:#1.5,1.5,1.0,1
5502,AND_FRESH_SNACK,3,3345,1,6,0,0,0,0,AND~2#:#FRESH~3#:#SNACK~3,1.5#:#1.0#:#1.0,1.5,1.0,1
5503,DIP_FRESH_SNACK,2,3345,1,6,0,0,0,0,DIP~2#:#FRESH~3#:#SNACK~3,1.0#:#0.67#:#0.67,1.0,0.67,0
5504,FRESH_SNACK_WITH,3,3345,2,6,0,0,0,0,FRESH~3#:#SNACK~3#:#WITH~2,1.0#:#1.0#:#1.5,1.5,1.0,1
5505,DIP_FRESH_WITH,2,3345,2,6,0,0,0,0,DIP~2#:#FRESH~3#:#WITH~2,1.0#:#0.67#:#1.0,1.0,0.67,0
5506,AND_PACK_SNACK,3,3345,1,6,0,0,0,0,AND~2#:#PACK~3#:#SNACK~3,1.5#:#1.0#:#1.0,1.5,1.0,1
5507,DIP_PACK_SNACK,3,3345,1,6,0,0,0,0,DIP~2#:#PACK~3#:#SNACK~3,1.5#:#1.0#:#1.0,1.5,1.0,1
5508,PACK_SNACK_WITH,4,3345,2,6,0,0,0,0,PACK~3#:#SNACK~3#:#WITH~2,1.33#:#1.33#:#2.0,2.0,1.33,1
5509,DIP_PACK_WITH,2,3345,2,6,0,0,0,0,DIP~2#:#PACK~3#:#WITH~2,1.0#:#0.67#:#1.0,1.0,0.67,0
5510,DIP_SNACK_WITH,2,3345,1,6,0,0,0,0,DIP~2#:#SNACK~3#:#WITH~2,1.0#:#0.67#:#1.0,1.0,0.67,0
5511,CUTS_EAT_FRESH,3,3345,1,6,0,0,0,0,CUTS~2#:#EAT~2#:#FRESH~3,1.5#:#1.5#:#1.0,1.5,1.0,1
5512,CUP_CUTS_FRESH,3,3345,1,6,0,0,0,0,CUP~2#:#CUTS~2#:#FRESH~3,1.5#:#1.5#:#1.0,1.5,1.0,1
5513,CUTS_FRESH_VEGETABLE,4,3345,1,6,0,0,0,0,CUTS~2#:#FRESH~3#:#VEGETABLE~2,2.0#:#1.33#:#2.0,2.0,1.33,1
5514,CUTS_FRESH_READY#TO,5,3345,1,6,0,0,0,0,CUTS~2#:#FRESH~3#:#READY#TO~2,2.5#:#1.67#:#2.5,2.5,1.67,1
5515,CUP_EAT_FRESH,4,3345,1,6,0,0,0,0,CUP~2#:#EAT~2#:#FRESH~3,2.0#:#2.0#:#1.33,2.0,1.33,1
5516,CUP_FRESH_READY#TO,4,3345,1,6,0,0,0,0,CUP~2#:#FRESH~3#:#READY#TO~2,2.0#:#1.33#:#2.0,2.0,1.33,1
5517,FRESH_READY#TO_VEGETABLE,3,3345,1,6,0,0,0,0,FRESH~3#:#READY#TO~2#:#VEGETABLE~2,1.0#:#1.5#:#1.5,1.5,1.0,1
5518,CUP_CUTS_EAT,3,3345,0,6,0,0,0,0,CUP~2#:#CUTS~2#:#EAT~2,1.5#:#1.5#:#1.5,1.5,1.5,1
5519,CUP_CUTS_READY#TO,3,3345,0,6,0,0,0,0,CUP~2#:#CUTS~2#:#READY#TO~2,1.5#:#1.5#:#1.5,1.5,1.5,1
5520,CUTS_READY#TO_VEGETABLE,3,3345,0,6,0,0,0,0,CUTS~2#:#READY#TO~2#:#VEGETABLE~2,1.5#:#1.5#:#1.5,1.5,1.5,1
5521,CUP_EAT_READY#TO,4,3345,0,6,0,0,0,0,CUP~2#:#EAT~2#:#READY#TO~2,2.0#:#2.0#:#2.0,2.0,2.0,1
5522,COKE_CUTS_FRESH,2,3345,1,6,0,0,0,0,COKE~2#:#CUTS~2#:#FRESH~3,1.0#:#1.0#:#0.67,1.0,0.67,0
5523,COKE_FRESH_PIECES,2,3345,1,6,0,0,0,0,COKE~2#:#FRESH~3#:#PIECES~2,1.0#:#0.67#:#1.0,1.0,0.67,0
5524,COKE_FRESH_VEGETABLE,2,3345,1,6,0,0,0,0,COKE~2#:#FRESH~3#:#VEGETABLE~2,1.0#:#0.67#:#1.0,1.0,0.67,0
5525,FRESH_PIECES_VEGETABLE,2,3345,1,6,0,0,0,0,FRESH~3#:#PIECES~2#:#VEGETABLE~2,0.67#:#1.0#:#1.0,1.0,0.67,0
5526,FRESH_PIECES_READY#TO,3,3345,1,6,0,0,0,0,FRESH~3#:#PIECES~2#:#READY#TO~2,1.0#:#1.5#:#1.5,1.5,1.0,1
5527,COKE_CUTS_PIECES,2,3345,0,6,0,0,0,0,COKE~2#:#CUTS~2#:#PIECES~2,1.0#:#1.0#:#1.0,1.0,1.0,1
5528,COKE_CUTS_VEGETABLE,2,3345,0,6,0,0,0,0,COKE~2#:#CUTS~2#:#VEGETABLE~2,1.0#:#1.0#:#1.0,1.0,1.0,1
5529,CUTS_PIECES_VEGETABLE,2,3345,0,6,0,0,0,0,CUTS~2#:#PIECES~2#:#VEGETABLE~2,1.0#:#1.0#:#1.0,1.0,1.0,1
5530,CUTS_PIECES_READY#TO,2,3345,0,6,0,0,0,0,CUTS~2#:#PIECES~2#:#READY#TO~2,1.0#:#1.0#:#1.0,1.0,1.0,1
5531,COKE_PIECES_VEGETABLE,2,3345,0,6,0,0,0,0,COKE~2#:#PIECES~2#:#VEGETABLE~2,1.0#:#1.0#:#1.0,1.0,1.0,1
5532,COKE_PIECES_READY#TO,2,3345,0,6,0,0,0,0,COKE~2#:#PIECES~2#:#READY#TO~2,1.0#:#1.0#:#1.0,1.0,1.0,1
5533,PIECES_READY#TO_VEGETABLE,2,3345,0,6,0,0,0,0,PIECES~2#:#READY#TO~2#:#VEGETABLE~2,1.0#:#1.0#:#1.0,1.0,1.0,1
5534,FRESH_MIXED_PACK,3,3345,2,6,0,0,0,0,FRESH~3#:#MIXED~2#:#PACK~3,1.0#:#1.5#:#1.0,1.5,1.0,1
5535,MIXED_PACK_VARIETY,2,3345,1,6,0,0,0,0,MIXED~2#:#PACK~3#:#VARIETY~2,1.0#:#0.67#:#1.0,1.0,0.67,0
5536,ASSORTED_PACK_PIECES,2,3345,1,6,0,0,0,0,ASSORTED~2#:#PACK~3#:#PIECES~2,1.0#:#0.67#:#1.0,1.0,0.67,0
5537,CUTS_FRESH_FRUIT,2,3345,1,6,0,0,0,0,CUTS~2#:#FRESH~3#:#FRUIT~2,1.0#:#0.67#:#1.0,1.0,0.67,0
5538,EAT_FRESH_FRUIT,4,3345,1,6,0,0,0,0,EAT~2#:#FRESH~3#:#FRUIT~2,2.0#:#1.33#:#2.0,2.0,1.33,1
5539,FRESH_FRUIT_MIXED,2,3345,1,6,0,0,0,0,FRESH~3#:#FRUIT~2#:#MIXED~2,0.67#:#1.0#:#1.0,1.0,0.67,0
5540,FRESH_FRUIT_READY#TO,4,3345,1,6,0,0,0,0,FRESH~3#:#FRUIT~2#:#READY#TO~2,1.33#:#2.0#:#2.0,2.0,1.33,1
5541,CUP_CUTS_FRUIT,2,3345,0,6,0,0,0,0,CUP~2#:#CUTS~2#:#FRUIT~2,1.0#:#1.0#:#1.0,1.0,1.0,1
5542,CUP_EAT_FRUIT,3,3345,0,6,0,0,0,0,CUP~2#:#EAT~2#:#FRUIT~2,1.5#:#1.5#:#1.5,1.5,1.5,1
5543,CUP_FRUIT_MIXED,3,3345,0,6,0,0,0,0,CUP~2#:#FRUIT~2#:#MIXED~2,1.5#:#1.5#:#1.5,1.5,1.5,1
5544,CUP_FRUIT_READY#TO,3,3345,0,6,0,0,0,0,CUP~2#:#FRUIT~2#:#READY#TO~2,1.5#:#1.5#:#1.5,1.5,1.5,1
5545,CUTS_EAT_FRUIT,2,3345,0,6,0,0,0,0,CUTS~2#:#EAT~2#:#FRUIT~2,1.0#:#1.0#:#1.0,1.0,1.0,1
5546,CUTS_FRUIT_READY#TO,2,3345,0,6,0,0,0,0,CUTS~2#:#FRUIT~2#:#READY#TO~2,1.0#:#1.0#:#1.0,1.0,1.0,1
5547,EAT_FRUIT_READY#TO,4,3345,0,6,0,0,0,0,EAT~2#:#FRUIT~2#:#READY#TO~2,2.0#:#2.0#:#2.0,2.0,2.0,1
5548,FRESH_FRUIT_PACK,3,3345,2,6,0,0,0,0,FRESH~3#:#FRUIT~2#:#PACK~3,1.0#:#1.5#:#1.0,1.5,1.0,1
5549,EAT_FRESH_PACK,2,3345,2,6,0,0,0,0,EAT~2#:#FRESH~3#:#PACK~3,1.0#:#0.67#:#0.67,1.0,0.67,0
5550,EAT_PACK_READY#TO,3,3345,1,6,0,0,0,0,EAT~2#:#PACK~3#:#READY#TO~2,1.5#:#1.0#:#1.5,1.5,1.0,1
5551,CHIPS_GRAM_PACK,2,3345,1,6,0,0,0,0,CHIPS~2#:#GRAM~2#:#PACK~3,1.0#:#1.0#:#0.67,1.0,0.67,0
5552,PACK_POTATO_SWEET,2,3345,2,6,0,0,0,0,PACK~3#:#POTATO~2#:#SWEET~2,0.67#:#1.0#:#1.0,1.0,0.67,0
5553,DRIED_GRAM_PACK,4,3345,1,6,0,0,0,0,DRIED~2#:#GRAM~2#:#PACK~3,2.0#:#2.0#:#1.33,2.0,1.33,1
5554,DRIED_HAPPILO_PACK,5,3345,1,6,0,0,0,0,DRIED~2#:#HAPPILO~2#:#PACK~3,2.5#:#2.5#:#1.67,2.5,1.67,1
5555,GRAM_HAPPILO_PACK,2,3345,1,6,0,0,0,0,GRAM~2#:#HAPPILO~2#:#PACK~3,1.0#:#1.0#:#0.67,1.0,0.67,0
5556,DRIED_GRAM_HAPPILO,2,3345,0,6,0,0,0,0,DRIED~2#:#GRAM~2#:#HAPPILO~2,1.0#:#1.0#:#1.0,1.0,1.0,1
5557,CRANBERRY_DRIED_PACK,3,3345,1,6,0,0,0,0,CRANBERRY~2#:#DRIED~2#:#PACK~3,1.5#:#1.5#:#1.0,1.5,1.0,1
5558,CRANBERRY_HAPPILO_PACK,2,3345,1,6,0,0,0,0,CRANBERRY~2#:#HAPPILO~2#:#PACK~3,1.0#:#1.0#:#0.67,1.0,0.67,0
5559,CRANBERRY_DRIED_GRAM,2,3345,0,6,0,0,0,0,CRANBERRY~2#:#DRIED~2#:#GRAM~2,1.0#:#1.0#:#1.0,1.0,1.0,1
5560,CRANBERRY_DRIED_HAPPILO,2,3345,0,6,0,0,0,0,CRANBERRY~2#:#DRIED~2#:#HAPPILO~2,1.0#:#1.0#:#1.0,1.0,1.0,1
5561,DRIED_PACK_SLICED,3,3345,1,6,0,0,0,0,DRIED~2#:#PACK~3#:#SLICED~2,1.5#:#1.0#:#1.5,1.5,1.0,1
5562,BERRY_KOMBUCHA_LEMON,2,3345,2,6,0,0,0,0,BERRY~2#:#KOMBUCHA~2#:#LEMON~2,1.0#:#1.0#:#1.0,1.0,1.0,1
5563,CHOCOLATE_DRINK_PROTEIN,3,3345,0,6,0,0,0,0,CHOCOLATE~2#:#DRINK~2#:#PROTEIN~2,1.5#:#1.5#:#1.5,1.5,1.5,1
5564,CHOCOLATE_PRESERVED_RAW,2,3345,0,6,0,0,0,0,CHOCOLATE~2#:#PRESERVED~2#:#RAW~2,1.0#:#1.0#:#1.0,1.0,1.0,1
5565,DRINK_PRESERVED_RAW,4,3345,0,6,0,0,0,0,DRINK~2#:#PRESERVED~2#:#RAW~2,2.0#:#2.0#:#2.0,2.0,2.0,1
5566,JUICE_LEMON_REAL,2,3345,1,6,0,0,0,0,JUICE~2#:#LEMON~2#:#REAL~2,1.0#:#1.0#:#1.0,1.0,1.0,1
5567,CHEESE_JALAPENO_VEEBA,2,3345,0,6,0,0,0,0,CHEESE~3#:#JALAPENO~2#:#VEEBA~2,0.67#:#1.0#:#1.0,1.0,0.67,0
5568,DEL_MONTE_PACK,4,3345,1,6,0,0,0,0,DEL~2#:#MONTE~2#:#PACK~3,2.0#:#2.0#:#1.33,2.0,1.33,1
5569,CHICKEN_HAM_PRASUMA,3,3345,0,6,0,0,0,0,CHICKEN~3#:#HAM~2#:#PRASUMA~2,1.0#:#1.5#:#1.5,1.5,1.0,1
5570,CHICKEN_PRASUMA_SLICED,3,3345,0,6,0,0,0,0,CHICKEN~3#:#PRASUMA~2#:#SLICED~2,1.0#:#1.5#:#1.5,1.5,1.0,1
5571,CHICKEN_DEL_SLICED,2,3345,0,6,0,0,0,0,CHICKEN~3#:#DEL~2#:#SLICED~2,0.67#:#1.0#:#1.0,1.0,0.67,0
5572,CHICKEN_DEL_SMOKE,2,3345,0,6,0,0,0,0,CHICKEN~3#:#DEL~2#:#SMOKE~2,0.67#:#1.0#:#1.0,1.0,0.67,0
5573,CHICKEN_MEATIGO_SLICED,2,3345,0,6,0,0,0,0,CHICKEN~3#:#MEATIGO~2#:#SLICED~2,0.67#:#1.0#:#1.0,1.0,0.67,0
5574,CHICKEN_MEATIGO_SMOKE,2,3345,0,6,0,0,0,0,CHICKEN~3#:#MEATIGO~2#:#SMOKE~2,0.67#:#1.0#:#1.0,1.0,0.67,0
5575,DEL_SLICED_SMOKE,2,3345,0,6,0,0,0,0,DEL~2#:#SLICED~2#:#SMOKE~2,1.0#:#1.0#:#1.0,1.0,1.0,1
5576,MEATIGO_SLICED_SMOKE,2,3345,0,6,0,0,0,0,MEATIGO~2#:#SLICED~2#:#SMOKE~2,1.0#:#1.0#:#1.0,1.0,1.0,1
5577,HAM_PRASUMA_SMOKE,2,3345,0,6,0,0,0,0,HAM~2#:#PRASUMA~2#:#SMOKE~2,1.0#:#1.0#:#1.0,1.0,1.0,1
5578,CHICKEN_COLA_CUTS,2,3345,0,6,0,0,0,0,CHICKEN~3#:#COLA~2#:#CUTS~2,0.67#:#1.0#:#1.0,1.0,0.67,0
5579,HAM_HONEY_MEATIGO,2,3345,1,6,0,0,0,0,HAM~2#:#HONEY~2#:#MEATIGO~2,1.0#:#1.0#:#1.0,1.0,1.0,1
5580,CHEESE_PRASUMA_SNACK,2,3345,0,6,0,0,0,0,CHEESE~3#:#PRASUMA~2#:#SNACK~3,0.67#:#1.0#:#0.67,1.0,0.67,0
5581,BOX_CHEESE_SNACK,3,3345,0,6,0,0,0,0,BOX~2#:#CHEESE~3#:#SNACK~3,1.5#:#1.0#:#1.0,1.5,1.0,1
5582,CHEESE_PRASUMA_SALAMI,2,3345,0,6,0,0,0,0,CHEESE~3#:#PRASUMA~2#:#SALAMI~2,0.67#:#1.0#:#1.0,1.0,0.67,0
5583,PRASUMA_SALAMI_SNACK,2,3345,0,6,0,0,0,0,PRASUMA~2#:#SALAMI~2#:#SNACK~3,1.0#:#1.0#:#0.67,1.0,0.67,0
5584,CHICKEN_PEPPERS_PRASUMA,2,3345,0,6,0,0,0,0,CHICKEN~3#:#PEPPERS~2#:#PRASUMA~2,0.67#:#1.0#:#1.0,1.0,0.67,0
5585,CHEESE_PACK_SNACK,13,3345,1,6,0,0,0,0,CHEESE~3#:#PACK~3#:#SNACK~3,4.33#:#4.33#:#4.33,4.33,4.33,1
5586,PACK_PRASUMA_SALAMI,2,3345,1,6,0,0,0,0,PACK~3#:#PRASUMA~2#:#SALAMI~2,0.67#:#1.0#:#1.0,1.0,0.67,0
5587,CHICKEN_SAUSAGE_SNACK,2,3345,0,6,0,0,0,0,CHICKEN~3#:#SAUSAGE~2#:#SNACK~3,0.67#:#1.0#:#0.67,1.0,0.67,0
5588,CHICKEN_PRASUMA_SALAMI,5,3345,0,6,0,0,0,0,CHICKEN~3#:#PRASUMA~2#:#SALAMI~2,1.67#:#2.5#:#2.5,2.5,1.67,1
5589,AMUL_CHEESE_SLICED,12,3345,0,6,0,0,0,0,AMUL~3#:#CHEESE~3#:#SLICED~2,4.0#:#4.0#:#6.0,6.0,4.0,1
5590,BRITANNIA_CHEESE_SLICED,12,3345,0,6,0,0,0,0,BRITANNIA~3#:#CHEESE~3#:#SLICED~2,4.0#:#4.0#:#6.0,6.0,4.0,1
5591,AMUL_CHEESE_FRESH,5,3345,1,6,0,0,0,0,AMUL~3#:#CHEESE~3#:#FRESH~3,1.67#:#1.67#:#1.67,1.67,1.67,1
5592,AMUL_BLOCK_CHEESE,11,3345,0,6,0,0,0,0,AMUL~3#:#BLOCK~2#:#CHEESE~3,3.67#:#5.5#:#3.67,5.5,3.67,1
5593,AMUL_BLOCK_FRESH,2,3345,1,6,0,0,0,0,AMUL~3#:#BLOCK~2#:#FRESH~3,0.67#:#1.0#:#0.67,1.0,0.67,0
5594,BLOCK_CHEESE_FRESH,2,3345,1,6,0,0,0,0,BLOCK~2#:#CHEESE~3#:#FRESH~3,1.0#:#0.67#:#0.67,1.0,0.67,0
5595,AMUL_CHEESE_MOZZARELLA,4,3345,0,6,0,0,0,0,AMUL~3#:#CHEESE~3#:#MOZZARELLA~2,1.33#:#1.33#:#2.0,2.0,1.33,1
5596,BRITANNIA_CHEESE_PACK,3,3345,1,6,0,0,0,0,BRITANNIA~3#:#CHEESE~3#:#PACK~3,1.0#:#1.0#:#1.0,1.0,1.0,1
5597,BRITANNIA_PACK_SLICED,2,3345,1,6,0,0,0,0,BRITANNIA~3#:#PACK~3#:#SLICED~2,0.67#:#0.67#:#1.0,1.0,0.67,0
5598,CHEESE_PACK_SLICED,3,3345,1,6,0,0,0,0,CHEESE~3#:#PACK~3#:#SLICED~2,1.0#:#1.0#:#1.5,1.5,1.0,1
5599,AMUL_BLOCK_CHEDDAR,5,3345,0,6,0,0,0,0,AMUL~3#:#BLOCK~2#:#CHEDDAR~2,1.67#:#2.5#:#2.5,2.5,1.67,1
5600,AMUL_CHEESE_GOAT,3,3345,0,6,0,0,0,0,AMUL~3#:#CHEESE~3#:#GOAT~2,1.0#:#1.0#:#1.5,1.5,1.0,1
5601,AMUL_CHEDDAR_SMOKE,2,3345,0,6,0,0,0,0,AMUL~3#:#CHEDDAR~2#:#SMOKE~2,0.67#:#1.0#:#1.0,1.0,0.67,0
5602,AMUL_CHEESE_CUBES,10,3345,0,6,0,0,0,0,AMUL~3#:#CHEESE~3#:#CUBES~2,3.33#:#3.33#:#5.0,5.0,3.33,1
5603,AMUL_CHEESE_SPREAD,2,3345,0,6,0,0,0,0,AMUL~3#:#CHEESE~3#:#SPREAD~2,0.67#:#0.67#:#1.0,1.0,0.67,0
5604,BRITANNIA_CHEESE_SPREAD,10,3345,0,6,0,0,0,0,BRITANNIA~3#:#CHEESE~3#:#SPREAD~2,3.33#:#3.33#:#5.0,5.0,3.33,1
5605,CHEESE_EPIGAMIA_SPREAD,2,3345,0,6,0,0,0,0,CHEESE~3#:#EPIGAMIA~2#:#SPREAD~2,0.67#:#1.0#:#1.0,1.0,0.67,0
5606,GODREJ_SALAD_YUMMIEZ,3,3345,0,6,0,0,0,0,GODREJ~2#:#SALAD~2#:#YUMMIEZ~2,1.5#:#1.5#:#1.5,1.5,1.5,1
5607,CHICKEN_GODREJ_SALAD,2,3345,0,6,0,0,0,0,CHICKEN~3#:#GODREJ~2#:#SALAD~2,0.67#:#1.0#:#1.0,1.0,0.67,0
5608,CHICKEN_SALAD_YUMMIEZ,2,3345,0,6,0,0,0,0,CHICKEN~3#:#SALAD~2#:#YUMMIEZ~2,0.67#:#1.0#:#1.0,1.0,0.67,0
5609,PLATES_SALAD_URBAN,3,3345,0,6,0,0,0,0,PLATES~2#:#SALAD~2#:#URBAN~2,1.5#:#1.5#:#1.5,1.5,1.5,1
5610,CHEESE_PASTA_SALAD,2,3345,0,6,0,0,0,0,CHEESE~3#:#PASTA~2#:#SALAD~2,0.67#:#1.0#:#1.0,1.0,0.67,0
5611,PASTA_SALAD_WINGREENS,2,3345,0,6,0,0,0,0,PASTA~2#:#SALAD~2#:#WINGREENS~2,1.0#:#1.0#:#1.0,1.0,1.0,1
5612,POTATO_SALAD_WINGREENS,5,3345,0,6,0,0,0,0,POTATO~2#:#SALAD~2#:#WINGREENS~2,2.5#:#2.5#:#2.5,2.5,2.5,1
5613,CHEESE_CHICKEN_FRESH,2,3345,1,6,0,0,0,0,CHEESE~3#:#CHICKEN~3#:#FRESH~3,0.67#:#0.67#:#0.67,0.67,0.67,0
5614,CHEESE_FRESH_MEAL,3,3345,1,6,0,0,0,0,CHEESE~3#:#FRESH~3#:#MEAL~2,1.0#:#1.0#:#1.5,1.5,1.0,1
5615,CHEESE_FRESH_PLATES,4,3345,1,6,0,0,0,0,CHEESE~3#:#FRESH~3#:#PLATES~2,1.33#:#1.33#:#2.0,2.0,1.33,1
5616,CHEESE_FRESH_RELIANCE,4,3345,1,6,0,0,0,0,CHEESE~3#:#FRESH~3#:#RELIANCE~2,1.33#:#1.33#:#2.0,2.0,1.33,1
5617,CHEESE_MEAL_PLATES,3,3345,0,6,0,0,0,0,CHEESE~3#:#MEAL~2#:#PLATES~2,1.0#:#1.5#:#1.5,1.5,1.0,1
5618,CHEESE_MEAL_RELIANCE,3,3345,0,6,0,0,0,0,CHEESE~3#:#MEAL~2#:#RELIANCE~2,1.0#:#1.5#:#1.5,1.5,1.0,1
5619,CHEESE_PLATES_RELIANCE,4,3345,0,6,0,0,0,0,CHEESE~3#:#PLATES~2#:#RELIANCE~2,1.33#:#2.0#:#2.0,2.0,1.33,1
5620,CHICKEN_FRESH_PLATES,5,3345,1,6,0,0,0,0,CHICKEN~3#:#FRESH~3#:#PLATES~2,1.67#:#1.67#:#2.5,2.5,1.67,1
5621,CHICKEN_FRESH_RELIANCE,5,3345,1,6,0,0,0,0,CHICKEN~3#:#FRESH~3#:#RELIANCE~2,1.67#:#1.67#:#2.5,2.5,1.67,1
5622,CHICKEN_PLATES_RELIANCE,5,3345,0,6,0,0,0,0,CHICKEN~3#:#PLATES~2#:#RELIANCE~2,1.67#:#2.5#:#2.5,2.5,1.67,1
5623,FRESH_MEAL_PLATES,3,3345,1,6,0,0,0,0,FRESH~3#:#MEAL~2#:#PLATES~2,1.0#:#1.5#:#1.5,1.5,1.0,1
5624,FRESH_MEAL_RELIANCE,3,3345,1,6,0,0,0,0,FRESH~3#:#MEAL~2#:#RELIANCE~2,1.0#:#1.5#:#1.5,1.5,1.0,1
5625,FRESH_PLATES_RELIANCE,12,3345,1,6,0,0,0,0,FRESH~3#:#PLATES~2#:#RELIANCE~2,4.0#:#6.0#:#6.0,6.0,4.0,1
5626,MEAL_PLATES_RELIANCE,3,3345,0,6,0,0,0,0,MEAL~2#:#PLATES~2#:#RELIANCE~2,1.5#:#1.5#:#1.5,1.5,1.5,1
5627,CHEESE_FRESH_FRUIT,2,3345,1,6,0,0,0,0,CHEESE~3#:#FRESH~3#:#FRUIT~2,0.67#:#0.67#:#1.0,1.0,0.67,0
5628,CHEESE_CLASSIC_FRESH,2,3345,1,6,0,0,0,0,CHEESE~3#:#CLASSIC~2#:#FRESH~3,0.67#:#1.0#:#0.67,1.0,0.67,0
5629,CHEESE_CLASSIC_MEAL,2,3345,0,6,0,0,0,0,CHEESE~3#:#CLASSIC~2#:#MEAL~2,0.67#:#1.0#:#1.0,1.0,0.67,0
5630,CHEESE_CLASSIC_PLATES,2,3345,0,6,0,0,0,0,CHEESE~3#:#CLASSIC~2#:#PLATES~2,0.67#:#1.0#:#1.0,1.0,0.67,0
5631,CHEESE_CLASSIC_RELIANCE,2,3345,0,6,0,0,0,0,CHEESE~3#:#CLASSIC~2#:#RELIANCE~2,0.67#:#1.0#:#1.0,1.0,0.67,0
5632,CLASSIC_FRESH_MEAL,2,3345,1,6,0,0,0,0,CLASSIC~2#:#FRESH~3#:#MEAL~2,1.0#:#0.67#:#1.0,1.0,0.67,0
5633,CLASSIC_FRESH_PLATES,2,3345,1,6,0,0,0,0,CLASSIC~2#:#FRESH~3#:#PLATES~2,1.0#:#0.67#:#1.0,1.0,0.67,0
5634,CLASSIC_FRESH_RELIANCE,2,3345,1,6,0,0,0,0,CLASSIC~2#:#FRESH~3#:#RELIANCE~2,1.0#:#0.67#:#1.0,1.0,0.67,0
5635,CLASSIC_MEAL_PLATES,2,3345,0,6,0,0,0,0,CLASSIC~2#:#MEAL~2#:#PLATES~2,1.0#:#1.0#:#1.0,1.0,1.0,1
5636,CLASSIC_MEAL_RELIANCE,2,3345,0,6,0,0,0,0,CLASSIC~2#:#MEAL~2#:#RELIANCE~2,1.0#:#1.0#:#1.0,1.0,1.0,1
5637,CLASSIC_PLATES_RELIANCE,2,3345,0,6,0,0,0,0,CLASSIC~2#:#PLATES~2#:#RELIANCE~2,1.0#:#1.0#:#1.0,1.0,1.0,1
5638,FRESH_PARTY_RELIANCE,3,3345,1,6,0,0,0,0,FRESH~3#:#PARTY~2#:#RELIANCE~2,1.0#:#1.5#:#1.5,1.5,1.0,1
5639,FRESH_PARTY_PLATES,2,3345,1,6,0,0,0,0,FRESH~3#:#PARTY~2#:#PLATES~2,0.67#:#1.0#:#1.0,1.0,0.67,0
5640,PARTY_PLATES_RELIANCE,2,3345,0,6,0,0,0,0,PARTY~2#:#PLATES~2#:#RELIANCE~2,1.0#:#1.0#:#1.0,1.0,1.0,1
5641,COLA_CUTS_FRESH,2,3345,1,6,0,0,0,0,COLA~2#:#CUTS~2#:#FRESH~3,1.0#:#1.0#:#0.67,1.0,0.67,0
5642,FRESH_PLATES_SNACK,2,3345,1,6,0,0,0,0,FRESH~3#:#PLATES~2#:#SNACK~3,0.67#:#1.0#:#0.67,1.0,0.67,0
5643,FRESH_RELIANCE_SNACK,2,3345,1,6,0,0,0,0,FRESH~3#:#RELIANCE~2#:#SNACK~3,0.67#:#1.0#:#0.67,1.0,0.67,0
5644,PLATES_RELIANCE_SNACK,2,3345,0,6,0,0,0,0,PLATES~2#:#RELIANCE~2#:#SNACK~3,1.0#:#1.0#:#0.67,1.0,0.67,0
5645,AMUL_CHEESE_PACK,6,3345,1,6,0,0,0,0,AMUL~3#:#CHEESE~3#:#PACK~3,2.0#:#2.0#:#2.0,2.0,2.0,1
5646,AMUL_CHEESE_SNACK,4,3345,0,6,0,0,0,0,AMUL~3#:#CHEESE~3#:#SNACK~3,1.33#:#1.33#:#1.33,1.33,1.33,1
5647,AMUL_PACK_SNACK,3,3345,1,6,0,0,0,0,AMUL~3#:#PACK~3#:#SNACK~3,1.0#:#1.0#:#1.0,1.0,1.0,1
5648,BRITANNIA_CHEESE_SNACK,4,3345,0,6,0,0,0,0,BRITANNIA~3#:#CHEESE~3#:#SNACK~3,1.33#:#1.33#:#1.33,1.33,1.33,1
5649,AMUL_CUBES_PACK,3,3345,1,6,0,0,0,0,AMUL~3#:#CUBES~2#:#PACK~3,1.0#:#1.5#:#1.0,1.5,1.0,1
5650,CHEESE_CUBES_PACK,4,3345,1,6,0,0,0,0,CHEESE~3#:#CUBES~2#:#PACK~3,1.33#:#2.0#:#1.33,2.0,1.33,1
5651,AMUL_CHEESE_DIP,2,3345,0,6,0,0,0,0,AMUL~3#:#CHEESE~3#:#DIP~2,0.67#:#0.67#:#1.0,1.0,0.67,0
5652,DIP_SAUCE_VEEBA,2,3345,0,6,0,0,0,0,DIP~2#:#SAUCE~2#:#VEEBA~2,1.0#:#1.0#:#1.0,1.0,1.0,1
5653,DIP_ONION_VEEBA,5,3345,0,6,0,0,0,0,DIP~2#:#ONION~2#:#VEEBA~2,2.5#:#2.5#:#2.5,2.5,2.5,1
5654,HUMMUS_PACK_SNACK,2,3345,1,6,0,0,0,0,HUMMUS~2#:#PACK~3#:#SNACK~3,1.0#:#0.67#:#0.67,1.0,0.67,0
5655,DIP_SALT_VEEBA,2,3345,1,6,0,0,0,0,DIP~2#:#SALT~2#:#VEEBA~2,1.0#:#1.0#:#1.0,1.0,1.0,1
5656,DIP_SALT_WINGREENS,4,3345,1,6,0,0,0,0,DIP~2#:#SALT~2#:#WINGREENS~2,2.0#:#2.0#:#2.0,2.0,2.0,1
5657,BRITANNIA_CRACKERS_MINT,2,3345,1,6,0,0,0,0,BRITANNIA~3#:#CRACKERS~2#:#MINT~2,0.67#:#1.0#:#1.0,1.0,0.67,0
5658,MINT_SENSODYNE_TOOTHPASTE,3,3345,3,6,0,0,0,0,MINT~2#:#SENSODYNE~2#:#TOOTHPASTE~2,1.5#:#1.5#:#1.5,1.5,1.5,1
5659,FOR_SENSODYNE_TOOTHPASTE,2,3345,3,6,0,0,0,0,FOR~2#:#SENSODYNE~2#:#TOOTHPASTE~2,1.0#:#1.0#:#1.0,1.0,1.0,1
5660,SENSITIVE_SENSODYNE_TOOTHPASTE,5,3345,3,6,0,0,0,0,SENSITIVE~2#:#SENSODYNE~2#:#TOOTHPASTE~2,2.5#:#2.5#:#2.5,2.5,2.5,1
5661,FRESH_SENSODYNE_TOOTHPASTE,4,3345,3,6,0,0,0,0,FRESH~3#:#SENSODYNE~2#:#TOOTHPASTE~2,1.33#:#2.0#:#2.0,2.0,1.33,1
5662,CARB_SENSODYNE_TOOTHPASTE,2,3345,2,6,0,0,0,0,CARB~2#:#SENSODYNE~2#:#TOOTHPASTE~2,1.0#:#1.0#:#1.0,1.0,1.0,1
5663,EXTRA_SENSODYNE_TOOTHPASTE,2,3345,3,6,0,0,0,0,EXTRA~2#:#SENSODYNE~2#:#TOOTHPASTE~2,1.0#:#1.0#:#1.0,1.0,1.0,1
5664,NIVEA_PACK_STICK,2,3345,3,6,0,0,0,0,NIVEA~2#:#PACK~3#:#STICK~2,1.0#:#0.67#:#1.0,1.0,0.67,0
5665,LIP_NIVEA_ORIGINAL,2,3345,3,6,0,0,0,0,LIP~2#:#NIVEA~2#:#ORIGINAL~2,1.0#:#1.0#:#1.0,1.0,1.0,1
5666,CARB_LIP_NIVEA,2,3345,2,6,0,0,0,0,CARB~2#:#LIP~2#:#NIVEA~2,1.0#:#1.0#:#1.0,1.0,1.0,1
5667,CARB_LIP_ORIGINAL,2,3345,2,6,0,0,0,0,CARB~2#:#LIP~2#:#ORIGINAL~2,1.0#:#1.0#:#1.0,1.0,1.0,1
5668,CARB_NIVEA_ORIGINAL,2,3345,2,6,0,0,0,0,CARB~2#:#NIVEA~2#:#ORIGINAL~2,1.0#:#1.0#:#1.0,1.0,1.0,1
5669,BATH_LAVENDER_NATURAL,4,3345,3,6,0,0,0,0,BATH~2#:#LAVENDER~2#:#NATURAL~2,2.0#:#2.0#:#2.0,2.0,2.0,1
5670,BATH_LAVENDER_SALT,2,3345,3,6,0,0,0,0,BATH~2#:#LAVENDER~2#:#SALT~2,1.0#:#1.0#:#1.0,1.0,1.0,1
5671,BATH_NATURAL_SALT,4,3345,3,6,0,0,0,0,BATH~2#:#NATURAL~2#:#SALT~2,2.0#:#2.0#:#2.0,2.0,2.0,1
5672,LAVENDER_NATURAL_SALT,2,3345,3,6,0,0,0,0,LAVENDER~2#:#NATURAL~2#:#SALT~2,1.0#:#1.0#:#1.0,1.0,1.0,1
5673,CARB_DOVE_FRESH,2,3345,2,6,0,0,0,0,CARB~2#:#DOVE~2#:#FRESH~3,1.0#:#1.0#:#0.67,1.0,0.67,0
5674,CARB_EXTRA_FRESH,2,3345,2,6,0,0,0,0,CARB~2#:#EXTRA~2#:#FRESH~3,1.0#:#1.0#:#0.67,1.0,0.67,0
5675,BODY_CARB_FRESH,2,3345,2,6,0,0,0,0,BODY~2#:#CARB~2#:#FRESH~3,1.0#:#1.0#:#0.67,1.0,0.67,0
5676,CARB_FRESH_MEN,2,3345,2,6,0,0,0,0,CARB~2#:#FRESH~3#:#MEN~2,1.0#:#0.67#:#1.0,1.0,0.67,0
5677,CARB_FRESH_WASH,2,3345,2,6,0,0,0,0,CARB~2#:#FRESH~3#:#WASH~2,1.0#:#0.67#:#1.0,1.0,0.67,0
5678,DOVE_EXTRA_FRESH,6,3345,3,6,0,0,0,0,DOVE~2#:#EXTRA~2#:#FRESH~3,3.0#:#3.0#:#2.0,3.0,2.0,1
5679,BODY_DOVE_FRESH,2,3345,3,6,0,0,0,0,BODY~2#:#DOVE~2#:#FRESH~3,1.0#:#1.0#:#0.67,1.0,0.67,0
5680,DOVE_FRESH_MEN,7,3345,3,6,0,0,0,0,DOVE~2#:#FRESH~3#:#MEN~2,3.5#:#2.33#:#3.5,3.5,2.33,1
5681,DOVE_FRESH_WASH,2,3345,3,6,0,0,0,0,DOVE~2#:#FRESH~3#:#WASH~2,1.0#:#0.67#:#1.0,1.0,0.67,0
5682,BODY_EXTRA_FRESH,2,3345,3,6,0,0,0,0,BODY~2#:#EXTRA~2#:#FRESH~3,1.0#:#1.0#:#0.67,1.0,0.67,0
5683,EXTRA_FRESH_MEN,6,3345,3,6,0,0,0,0,EXTRA~2#:#FRESH~3#:#MEN~2,3.0#:#2.0#:#3.0,3.0,2.0,1
5684,EXTRA_FRESH_WASH,2,3345,3,6,0,0,0,0,EXTRA~2#:#FRESH~3#:#WASH~2,1.0#:#0.67#:#1.0,1.0,0.67,0
5685,BODY_FRESH_MEN,2,3345,3,6,0,0,0,0,BODY~2#:#FRESH~3#:#MEN~2,1.0#:#0.67#:#1.0,1.0,0.67,0
5686,BODY_FRESH_WASH,2,3345,3,6,0,0,0,0,BODY~2#:#FRESH~3#:#WASH~2,1.0#:#0.67#:#1.0,1.0,0.67,0
5687,FRESH_MEN_WASH,2,3345,3,6,0,0,0,0,FRESH~3#:#MEN~2#:#WASH~2,0.67#:#1.0#:#1.0,1.0,0.67,0
5688,CARB_DOVE_EXTRA,2,3345,2,6,0,0,0,0,CARB~2#:#DOVE~2#:#EXTRA~2,1.0#:#1.0#:#1.0,1.0,1.0,1
5689,BODY_CARB_DOVE,3,3345,2,6,0,0,0,0,BODY~2#:#CARB~2#:#DOVE~2,1.5#:#1.5#:#1.5,1.5,1.5,1
5690,CARB_DOVE_MEN,3,3345,2,6,0,0,0,0,CARB~2#:#DOVE~2#:#MEN~2,1.5#:#1.5#:#1.5,1.5,1.5,1
5691,CARB_DOVE_WASH,3,3345,2,6,0,0,0,0,CARB~2#:#DOVE~2#:#WASH~2,1.5#:#1.5#:#1.5,1.5,1.5,1
5692,BODY_CARB_EXTRA,2,3345,2,6,0,0,0,0,BODY~2#:#CARB~2#:#EXTRA~2,1.0#:#1.0#:#1.0,1.0,1.0,1
5693,CARB_EXTRA_MEN,2,3345,2,6,0,0,0,0,CARB~2#:#EXTRA~2#:#MEN~2,1.0#:#1.0#:#1.0,1.0,1.0,1
5694,CARB_EXTRA_WASH,2,3345,2,6,0,0,0,0,CARB~2#:#EXTRA~2#:#WASH~2,1.0#:#1.0#:#1.0,1.0,1.0,1
5695,BODY_CARB_MEN,2,3345,2,6,0,0,0,0,BODY~2#:#CARB~2#:#MEN~2,1.0#:#1.0#:#1.0,1.0,1.0,1
5696,BODY_CARB_WASH,3,3345,2,6,0,0,0,0,BODY~2#:#CARB~2#:#WASH~2,1.5#:#1.5#:#1.5,1.5,1.5,1
5697,CARB_MEN_WASH,2,3345,2,6,0,0,0,0,CARB~2#:#MEN~2#:#WASH~2,1.0#:#1.0#:#1.0,1.0,1.0,1
5698,BODY_DOVE_EXTRA,2,3345,3,6,0,0,0,0,BODY~2#:#DOVE~2#:#EXTRA~2,1.0#:#1.0#:#1.0,1.0,1.0,1
5699,DOVE_EXTRA_MEN,6,3345,3,6,0,0,0,0,DOVE~2#:#EXTRA~2#:#MEN~2,3.0#:#3.0#:#3.0,3.0,3.0,1
5700,DOVE_EXTRA_WASH,2,3345,3,6,0,0,0,0,DOVE~2#:#EXTRA~2#:#WASH~2,1.0#:#1.0#:#1.0,1.0,1.0,1
5701,BODY_DOVE_MEN,2,3345,3,6,0,0,0,0,BODY~2#:#DOVE~2#:#MEN~2,1.0#:#1.0#:#1.0,1.0,1.0,1
5702,BODY_DOVE_WASH,5,3345,3,6,0,0,0,0,BODY~2#:#DOVE~2#:#WASH~2,2.5#:#2.5#:#2.5,2.5,2.5,1
5703,DOVE_MEN_WASH,2,3345,3,6,0,0,0,0,DOVE~2#:#MEN~2#:#WASH~2,1.0#:#1.0#:#1.0,1.0,1.0,1
5704,BODY_EXTRA_MEN,2,3345,3,6,0,0,0,0,BODY~2#:#EXTRA~2#:#MEN~2,1.0#:#1.0#:#1.0,1.0,1.0,1
5705,BODY_EXTRA_WASH,2,3345,3,6,0,0,0,0,BODY~2#:#EXTRA~2#:#WASH~2,1.0#:#1.0#:#1.0,1.0,1.0,1
5706,EXTRA_MEN_WASH,2,3345,3,6,0,0,0,0,EXTRA~2#:#MEN~2#:#WASH~2,1.0#:#1.0#:#1.0,1.0,1.0,1
5707,BODY_MEN_WASH,2,3345,3,6,0,0,0,0,BODY~2#:#MEN~2#:#WASH~2,1.0#:#1.0#:#1.0,1.0,1.0,1
5708,BODY_SENSITIVE_WASH,2,3345,3,6,0,0,0,0,BODY~2#:#SENSITIVE~2#:#WASH~2,1.0#:#1.0#:#1.0,1.0,1.0,1
5709,BABY_BODY_HIMALAYAN,4,3345,3,6,0,0,0,0,BABY~2#:#BODY~2#:#HIMALAYAN~2,2.0#:#2.0#:#2.0,2.0,2.0,1
5710,BABY_BODY_WASH,4,3345,3,6,0,0,0,0,BABY~2#:#BODY~2#:#WASH~2,2.0#:#2.0#:#2.0,2.0,2.0,1
5711,BABY_HIMALAYAN_LAVENDER,3,3345,3,6,0,0,0,0,BABY~2#:#HIMALAYAN~2#:#LAVENDER~2,1.5#:#1.5#:#1.5,1.5,1.5,1
5712,BABY_HIMALAYAN_WASH,4,3345,3,6,0,0,0,0,BABY~2#:#HIMALAYAN~2#:#WASH~2,2.0#:#2.0#:#2.0,2.0,2.0,1
5713,BODY_HIMALAYAN_WASH,4,3345,3,6,0,0,0,0,BODY~2#:#HIMALAYAN~2#:#WASH~2,2.0#:#2.0#:#2.0,2.0,2.0,1
5714,BABY_CREAMY_HIMALAYAN,2,3345,3,6,0,0,0,0,BABY~2#:#CREAMY~3#:#HIMALAYAN~2,1.0#:#0.67#:#1.0,1.0,0.67,0
5715,BABY_BODY_SWEET,2,3345,3,6,0,0,0,0,BABY~2#:#BODY~2#:#SWEET~2,1.0#:#1.0#:#1.0,1.0,1.0,1
5716,BODY_HIMALAYAN_SWEET,2,3345,3,6,0,0,0,0,BODY~2#:#HIMALAYAN~2#:#SWEET~2,1.0#:#1.0#:#1.0,1.0,1.0,1
5717,BODY_SWEET_WASH,2,3345,3,6,0,0,0,0,BODY~2#:#SWEET~2#:#WASH~2,1.0#:#1.0#:#1.0,1.0,1.0,1
5718,BABY_HIMALAYAN_SWEET,2,3345,3,6,0,0,0,0,BABY~2#:#HIMALAYAN~2#:#SWEET~2,1.0#:#1.0#:#1.0,1.0,1.0,1
5719,BABY_SWEET_WASH,2,3345,3,6,0,0,0,0,BABY~2#:#SWEET~2#:#WASH~2,1.0#:#1.0#:#1.0,1.0,1.0,1
5720,HIMALAYAN_SWEET_WASH,2,3345,3,6,0,0,0,0,HIMALAYAN~2#:#SWEET~2#:#WASH~2,1.0#:#1.0#:#1.0,1.0,1.0,1
5721,FOUNDATION_MAYBELLINE_STICK,2,3345,3,6,0,0,0,0,FOUNDATION~2#:#MAYBELLINE~2#:#STICK~2,1.0#:#1.0#:#1.0,1.0,1.0,1
5722,CANADA#FACES_FOUNDATION_STICK,3,3345,2,6,0,0,0,0,CANADA#FACES~2#:#FOUNDATION~2#:#STICK~2,1.5#:#1.5#:#1.5,1.5,1.5,1
5723,CREAMY_LIPSTICK#MATTE_MAYBELLINE,4,3345,2,6,0,0,0,0,CREAMY~3#:#LIPSTICK#MATTE~2#:#MAYBELLINE~2,1.33#:#2.0#:#2.0,2.0,1.33,1
5724,BLACK_LAKM_LIQUID,2,3345,3,6,0,0,0,0,BLACK~2#:#LAKM~2#:#LIQUID~2,1.0#:#1.0#:#1.0,1.0,1.0,1
5725,DEODORANT_FRESH_NIVEA,7,3345,3,6,0,0,0,0,DEODORANT~2#:#FRESH~3#:#NIVEA~2,3.5#:#2.33#:#3.5,3.5,2.33,1
5726,DEODORANT_FRESH_ROLLS,3,3345,2,6,0,0,0,0,DEODORANT~2#:#FRESH~3#:#ROLLS~2,1.5#:#1.0#:#1.5,1.5,1.0,1
5727,FRESH_NIVEA_ROLLS,2,3345,2,6,0,0,0,0,FRESH~3#:#NIVEA~2#:#ROLLS~2,0.67#:#1.0#:#1.0,1.0,0.67,0
5728,DEODORANT_NIVEA_ROLLS,3,3345,2,6,0,0,0,0,DEODORANT~2#:#NIVEA~2#:#ROLLS~2,1.5#:#1.5#:#1.5,1.5,1.5,1
5729,DEODORANT_ROLLS_WILD,2,3345,2,6,0,0,0,0,DEODORANT~2#:#ROLLS~2#:#WILD~2,1.0#:#1.0#:#1.0,1.0,1.0,1
5730,DEODORANT_DOVE_FRESH,6,3345,3,6,0,0,0,0,DEODORANT~2#:#DOVE~2#:#FRESH~3,3.0#:#3.0#:#2.0,3.0,2.0,1
5731,DEODORANT_EXTRA_FRESH,4,3345,3,6,0,0,0,0,DEODORANT~2#:#EXTRA~2#:#FRESH~3,2.0#:#2.0#:#1.33,2.0,1.33,1
5732,DEODORANT_FRESH_MEN,9,3345,3,6,0,0,0,0,DEODORANT~2#:#FRESH~3#:#MEN~2,4.5#:#3.0#:#4.5,4.5,3.0,1
5733,DEODORANT_DOVE_EXTRA,4,3345,3,6,0,0,0,0,DEODORANT~2#:#DOVE~2#:#EXTRA~2,2.0#:#2.0#:#2.0,2.0,2.0,1
5734,DEODORANT_DOVE_MEN,12,3345,3,6,0,0,0,0,DEODORANT~2#:#DOVE~2#:#MEN~2,6.0#:#6.0#:#6.0,6.0,6.0,1
5735,DEODORANT_DOVE_ROLLS,3,3345,2,6,0,0,0,0,DEODORANT~2#:#DOVE~2#:#ROLLS~2,1.5#:#1.5#:#1.5,1.5,1.5,1
5736,DOVE_MEN_ROLLS,2,3345,2,6,0,0,0,0,DOVE~2#:#MEN~2#:#ROLLS~2,1.0#:#1.0#:#1.0,1.0,1.0,1
5737,DEODORANT_EXTRA_MEN,4,3345,3,6,0,0,0,0,DEODORANT~2#:#EXTRA~2#:#MEN~2,2.0#:#2.0#:#2.0,2.0,2.0,1
5738,DEODORANT_MEN_ROLLS,3,3345,2,6,0,0,0,0,DEODORANT~2#:#MEN~2#:#ROLLS~2,1.5#:#1.5#:#1.5,1.5,1.5,1
5739,CLEAR_COMFORT_DEODORANT,6,3345,2,6,0,0,0,0,CLEAR~2#:#COMFORT~2#:#DEODORANT~2,3.0#:#3.0#:#3.0,3.0,3.0,1
5740,CLEAR_COMFORT_DOVE,6,3345,2,6,0,0,0,0,CLEAR~2#:#COMFORT~2#:#DOVE~2,3.0#:#3.0#:#3.0,3.0,3.0,1
5741,CLEAR_COMFORT_MEN,4,3345,2,6,0,0,0,0,CLEAR~2#:#COMFORT~2#:#MEN~2,2.0#:#2.0#:#2.0,2.0,2.0,1
5742,CLEAR_COMFORT_STICK,4,3345,2,6,0,0,0,0,CLEAR~2#:#COMFORT~2#:#STICK~2,2.0#:#2.0#:#2.0,2.0,2.0,1
5743,CLEAR_DEODORANT_DOVE,6,3345,2,6,0,0,0,0,CLEAR~2#:#DEODORANT~2#:#DOVE~2,3.0#:#3.0#:#3.0,3.0,3.0,1
5744,CLEAR_DEODORANT_MEN,5,3345,2,6,0,0,0,0,CLEAR~2#:#DEODORANT~2#:#MEN~2,2.5#:#2.5#:#2.5,2.5,2.5,1
5745,CLEAR_DEODORANT_STICK,5,3345,2,6,0,0,0,0,CLEAR~2#:#DEODORANT~2#:#STICK~2,2.5#:#2.5#:#2.5,2.5,2.5,1
5746,CLEAR_DOVE_MEN,4,3345,2,6,0,0,0,0,CLEAR~2#:#DOVE~2#:#MEN~2,2.0#:#2.0#:#2.0,2.0,2.0,1
5747,CLEAR_DOVE_STICK,4,3345,2,6,0,0,0,0,CLEAR~2#:#DOVE~2#:#STICK~2,2.0#:#2.0#:#2.0,2.0,2.0,1
5748,CLEAR_MEN_STICK,4,3345,2,6,0,0,0,0,CLEAR~2#:#MEN~2#:#STICK~2,2.0#:#2.0#:#2.0,2.0,2.0,1
5749,COMFORT_DEODORANT_DOVE,6,3345,3,6,0,0,0,0,COMFORT~2#:#DEODORANT~2#:#DOVE~2,3.0#:#3.0#:#3.0,3.0,3.0,1
5750,COMFORT_DEODORANT_MEN,4,3345,3,6,0,0,0,0,COMFORT~2#:#DEODORANT~2#:#MEN~2,2.0#:#2.0#:#2.0,2.0,2.0,1
5751,COMFORT_DEODORANT_STICK,4,3345,3,6,0,0,0,0,COMFORT~2#:#DEODORANT~2#:#STICK~2,2.0#:#2.0#:#2.0,2.0,2.0,1
5752,COMFORT_DOVE_MEN,4,3345,3,6,0,0,0,0,COMFORT~2#:#DOVE~2#:#MEN~2,2.0#:#2.0#:#2.0,2.0,2.0,1
5753,COMFORT_DOVE_STICK,4,3345,3,6,0,0,0,0,COMFORT~2#:#DOVE~2#:#STICK~2,2.0#:#2.0#:#2.0,2.0,2.0,1
5754,COMFORT_MEN_STICK,3,3345,3,6,0,0,0,0,COMFORT~2#:#MEN~2#:#STICK~2,1.5#:#1.5#:#1.5,1.5,1.5,1
5755,DEODORANT_DOVE_STICK,11,3345,3,6,0,0,0,0,DEODORANT~2#:#DOVE~2#:#STICK~2,5.5#:#5.5#:#5.5,5.5,5.5,1
5756,DEODORANT_MEN_STICK,14,3345,3,6,0,0,0,0,DEODORANT~2#:#MEN~2#:#STICK~2,7.0#:#7.0#:#7.0,7.0,7.0,1
5757,DOVE_MEN_STICK,9,3345,3,6,0,0,0,0,DOVE~2#:#MEN~2#:#STICK~2,4.5#:#4.5#:#4.5,4.5,4.5,1
5758,BLACK_DEODORANT_MEN,3,3345,3,6,0,0,0,0,BLACK~2#:#DEODORANT~2#:#MEN~2,1.5#:#1.5#:#1.5,1.5,1.5,1
5759,BLACK_DEODORANT_NIVEA,4,3345,3,6,0,0,0,0,BLACK~2#:#DEODORANT~2#:#NIVEA~2,2.0#:#2.0#:#2.0,2.0,2.0,1
5760,BLACK_DEODORANT_SPRAY,3,3345,3,6,0,0,0,0,BLACK~2#:#DEODORANT~2#:#SPRAY~2,1.5#:#1.5#:#1.5,1.5,1.5,1
5761,BLACK_DEODORANT_WHITE,3,3345,3,6,0,0,0,0,BLACK~2#:#DEODORANT~2#:#WHITE~2,1.5#:#1.5#:#1.5,1.5,1.5,1
5762,BLACK_MEN_NIVEA,3,3345,3,6,0,0,0,0,BLACK~2#:#MEN~2#:#NIVEA~2,1.5#:#1.5#:#1.5,1.5,1.5,1
5763,BLACK_MEN_SPRAY,2,3345,3,6,0,0,0,0,BLACK~2#:#MEN~2#:#SPRAY~2,1.0#:#1.0#:#1.0,1.0,1.0,1
5764,BLACK_MEN_WHITE,2,3345,3,6,0,0,0,0,BLACK~2#:#MEN~2#:#WHITE~2,1.0#:#1.0#:#1.0,1.0,1.0,1
5765,BLACK_NIVEA_SPRAY,3,3345,3,6,0,0,0,0,BLACK~2#:#NIVEA~2#:#SPRAY~2,1.5#:#1.5#:#1.5,1.5,1.5,1
5766,BLACK_NIVEA_WHITE,3,3345,3,6,0,0,0,0,BLACK~2#:#NIVEA~2#:#WHITE~2,1.5#:#1.5#:#1.5,1.5,1.5,1
5767,BLACK_SPRAY_WHITE,3,3345,3,6,0,0,0,0,BLACK~2#:#SPRAY~2#:#WHITE~2,1.5#:#1.5#:#1.5,1.5,1.5,1
5768,DEODORANT_MEN_NIVEA,7,3345,3,6,0,0,0,0,DEODORANT~2#:#MEN~2#:#NIVEA~2,3.5#:#3.5#:#3.5,3.5,3.5,1
5769,DEODORANT_MEN_SPRAY,6,3345,3,6,0,0,0,0,DEODORANT~2#:#MEN~2#:#SPRAY~2,3.0#:#3.0#:#3.0,3.0,3.0,1
5770,DEODORANT_MEN_WHITE,2,3345,3,6,0,0,0,0,DEODORANT~2#:#MEN~2#:#WHITE~2,1.0#:#1.0#:#1.0,1.0,1.0,1
5771,DEODORANT_NIVEA_SPRAY,4,3345,3,6,0,0,0,0,DEODORANT~2#:#NIVEA~2#:#SPRAY~2,2.0#:#2.0#:#2.0,2.0,2.0,1
5772,DEODORANT_NIVEA_WHITE,3,3345,3,6,0,0,0,0,DEODORANT~2#:#NIVEA~2#:#WHITE~2,1.5#:#1.5#:#1.5,1.5,1.5,1
5773,DEODORANT_SPRAY_WHITE,4,3345,3,6,0,0,0,0,DEODORANT~2#:#SPRAY~2#:#WHITE~2,2.0#:#2.0#:#2.0,2.0,2.0,1
5774,MEN_NIVEA_SPRAY,3,3345,3,6,0,0,0,0,MEN~2#:#NIVEA~2#:#SPRAY~2,1.5#:#1.5#:#1.5,1.5,1.5,1
5775,MEN_NIVEA_WHITE,2,3345,3,6,0,0,0,0,MEN~2#:#NIVEA~2#:#WHITE~2,1.0#:#1.0#:#1.0,1.0,1.0,1
5776,MEN_SPRAY_WHITE,2,3345,3,6,0,0,0,0,MEN~2#:#SPRAY~2#:#WHITE~2,1.0#:#1.0#:#1.0,1.0,1.0,1
5777,NIVEA_SPRAY_WHITE,3,3345,3,6,0,0,0,0,NIVEA~2#:#SPRAY~2#:#WHITE~2,1.5#:#1.5#:#1.5,1.5,1.5,1
5778,DEODORANT_FRESH_SPRAY,4,3345,3,6,0,0,0,0,DEODORANT~2#:#FRESH~3#:#SPRAY~2,2.0#:#1.33#:#2.0,2.0,1.33,1
5779,FRESH_MEN_NIVEA,4,3345,3,6,0,0,0,0,FRESH~3#:#MEN~2#:#NIVEA~2,1.33#:#2.0#:#2.0,2.0,1.33,1
5780,FRESH_MEN_SPRAY,3,3345,3,6,0,0,0,0,FRESH~3#:#MEN~2#:#SPRAY~2,1.0#:#1.5#:#1.5,1.5,1.0,1
5781,FRESH_NIVEA_SPRAY,2,3345,3,6,0,0,0,0,FRESH~3#:#NIVEA~2#:#SPRAY~2,0.67#:#1.0#:#1.0,1.0,0.67,0
5782,COLA_DEODORANT_FRESH,2,3345,2,6,0,0,0,0,COLA~2#:#DEODORANT~2#:#FRESH~3,1.0#:#1.0#:#0.67,1.0,0.67,0
5783,COLA_FRESH_MEN,2,3345,2,6,0,0,0,0,COLA~2#:#FRESH~3#:#MEN~2,1.0#:#0.67#:#1.0,1.0,0.67,0
5784,COLA_FRESH_NIVEA,2,3345,2,6,0,0,0,0,COLA~2#:#FRESH~3#:#NIVEA~2,1.0#:#0.67#:#1.0,1.0,0.67,0
5785,COLA_DEODORANT_MEN,2,3345,2,6,0,0,0,0,COLA~2#:#DEODORANT~2#:#MEN~2,1.0#:#1.0#:#1.0,1.0,1.0,1
5786,COLA_DEODORANT_NIVEA,2,3345,2,6,0,0,0,0,COLA~2#:#DEODORANT~2#:#NIVEA~2,1.0#:#1.0#:#1.0,1.0,1.0,1
5787,COLA_MEN_NIVEA,2,3345,2,6,0,0,0,0,COLA~2#:#MEN~2#:#NIVEA~2,1.0#:#1.0#:#1.0,1.0,1.0,1
5788,DOVE_FRESH_SPRAY,2,3345,3,6,0,0,0,0,DOVE~2#:#FRESH~3#:#SPRAY~2,1.0#:#0.67#:#1.0,1.0,0.67,0
5789,DEODORANT_DOVE_SPRAY,2,3345,3,6,0,0,0,0,DEODORANT~2#:#DOVE~2#:#SPRAY~2,1.0#:#1.0#:#1.0,1.0,1.0,1
5790,BODY_VANILLA_WILD,2,3345,3,6,0,0,0,0,BODY~2#:#VANILLA~2#:#WILD~2,1.0#:#1.0#:#1.0,1.0,1.0,1
5791,DEODORANT_NIVEA_STICK,6,3345,3,6,0,0,0,0,DEODORANT~2#:#NIVEA~2#:#STICK~2,3.0#:#3.0#:#3.0,3.0,3.0,1
5792,MEN_NIVEA_STICK,3,3345,3,6,0,0,0,0,MEN~2#:#NIVEA~2#:#STICK~2,1.5#:#1.5#:#1.5,1.5,1.5,1
5793,DEODORANT_MEN_PACK,3,3345,3,6,0,0,0,0,DEODORANT~2#:#MEN~2#:#PACK~3,1.5#:#1.5#:#1.0,1.5,1.0,1
5794,MEN_PACK_STICK,2,3345,3,6,0,0,0,0,MEN~2#:#PACK~3#:#STICK~2,1.0#:#0.67#:#1.0,1.0,0.67,0
5795,MEN_PACK_WILD,2,3345,3,6,0,0,0,0,MEN~2#:#PACK~3#:#WILD~2,1.0#:#0.67#:#1.0,1.0,0.67,0
5796,DEODORANT_PACK_STICK,3,3345,3,6,0,0,0,0,DEODORANT~2#:#PACK~3#:#STICK~2,1.5#:#1.0#:#1.5,1.5,1.0,1
5797,DEODORANT_PACK_WILD,2,3345,3,6,0,0,0,0,DEODORANT~2#:#PACK~3#:#WILD~2,1.0#:#0.67#:#1.0,1.0,0.67,0
5798,PACK_STICK_WILD,2,3345,3,6,0,0,0,0,PACK~3#:#STICK~2#:#WILD~2,0.67#:#1.0#:#1.0,1.0,0.67,0
5799,DEODORANT_MEN_WILD,2,3345,3,6,0,0,0,0,DEODORANT~2#:#MEN~2#:#WILD~2,1.0#:#1.0#:#1.0,1.0,1.0,1
5800,MEN_STICK_WILD,2,3345,3,6,0,0,0,0,MEN~2#:#STICK~2#:#WILD~2,1.0#:#1.0#:#1.0,1.0,1.0,1
5801,DEODORANT_STICK_WILD,4,3345,3,6,0,0,0,0,DEODORANT~2#:#STICK~2#:#WILD~2,2.0#:#2.0#:#2.0,2.0,2.0,1
5802,DOVE_FRESH_STICK,3,3345,3,6,0,0,0,0,DOVE~2#:#FRESH~3#:#STICK~2,1.5#:#1.0#:#1.5,1.5,1.0,1
5803,EXTRA_FRESH_STICK,3,3345,3,6,0,0,0,0,EXTRA~2#:#FRESH~3#:#STICK~2,1.5#:#1.0#:#1.5,1.5,1.0,1
5804,DEODORANT_FRESH_STICK,6,3345,3,6,0,0,0,0,DEODORANT~2#:#FRESH~3#:#STICK~2,3.0#:#2.0#:#3.0,3.0,2.0,1
5805,FRESH_MEN_STICK,5,3345,3,6,0,0,0,0,FRESH~3#:#MEN~2#:#STICK~2,1.67#:#2.5#:#2.5,2.5,1.67,1
5806,DOVE_EXTRA_STICK,3,3345,3,6,0,0,0,0,DOVE~2#:#EXTRA~2#:#STICK~2,1.5#:#1.5#:#1.5,1.5,1.5,1
5807,DEODORANT_EXTRA_STICK,3,3345,3,6,0,0,0,0,DEODORANT~2#:#EXTRA~2#:#STICK~2,1.5#:#1.5#:#1.5,1.5,1.5,1
5808,EXTRA_MEN_STICK,3,3345,3,6,0,0,0,0,EXTRA~2#:#MEN~2#:#STICK~2,1.5#:#1.5#:#1.5,1.5,1.5,1
5809,FRESH_NIVEA_STICK,3,3345,3,6,0,0,0,0,FRESH~3#:#NIVEA~2#:#STICK~2,1.0#:#1.5#:#1.5,1.5,1.0,1
5810,BODY_DEODORANT_STICK,2,3345,3,6,0,0,0,0,BODY~2#:#DEODORANT~2#:#STICK~2,1.0#:#1.0#:#1.0,1.0,1.0,1
5811,BODY_DEODORANT_WILD,2,3345,3,6,0,0,0,0,BODY~2#:#DEODORANT~2#:#WILD~2,1.0#:#1.0#:#1.0,1.0,1.0,1
5812,BODY_STICK_WILD,2,3345,3,6,0,0,0,0,BODY~2#:#STICK~2#:#WILD~2,1.0#:#1.0#:#1.0,1.0,1.0,1
5813,DEODORANT_STICK_VANILLA,2,3345,3,6,0,0,0,0,DEODORANT~2#:#STICK~2#:#VANILLA~2,1.0#:#1.0#:#1.0,1.0,1.0,1
5814,DEODORANT_NIVEA_PACK,3,3345,3,6,0,0,0,0,DEODORANT~2#:#NIVEA~2#:#PACK~3,1.5#:#1.5#:#1.0,1.5,1.0,1
5815,NIVEA_PACK_ROLLS,2,3345,2,6,0,0,0,0,NIVEA~2#:#PACK~3#:#ROLLS~2,1.0#:#0.67#:#1.0,1.0,0.67,0
5816,DEODORANT_PACK_ROLLS,2,3345,2,6,0,0,0,0,DEODORANT~2#:#PACK~3#:#ROLLS~2,1.0#:#0.67#:#1.0,1.0,0.67,0
5817,FRESH_NIVEA_PACK,2,3345,3,6,0,0,0,0,FRESH~3#:#NIVEA~2#:#PACK~3,0.67#:#1.0#:#0.67,1.0,0.67,0
5818,DEODORANT_FRESH_PACK,2,3345,3,6,0,0,0,0,DEODORANT~2#:#FRESH~3#:#PACK~3,1.0#:#0.67#:#0.67,1.0,0.67,0
5819,FRESH_PACK_WOMEN,2,3345,3,6,0,0,0,0,FRESH~3#:#PACK~3#:#WOMEN~2,0.67#:#0.67#:#1.0,1.0,0.67,0
5820,FRESH_NIVEA_WOMEN,2,3345,3,6,0,0,0,0,FRESH~3#:#NIVEA~2#:#WOMEN~2,0.67#:#1.0#:#1.0,1.0,0.67,0
5821,DEODORANT_FRESH_WOMEN,3,3345,3,6,0,0,0,0,DEODORANT~2#:#FRESH~3#:#WOMEN~2,1.5#:#1.0#:#1.5,1.5,1.0,1
5822,NIVEA_PACK_WOMEN,2,3345,3,6,0,0,0,0,NIVEA~2#:#PACK~3#:#WOMEN~2,1.0#:#0.67#:#1.0,1.0,0.67,0
5823,DEODORANT_PACK_WOMEN,2,3345,3,6,0,0,0,0,DEODORANT~2#:#PACK~3#:#WOMEN~2,1.0#:#0.67#:#1.0,1.0,0.67,0
5824,DEODORANT_NIVEA_WOMEN,5,3345,3,6,0,0,0,0,DEODORANT~2#:#NIVEA~2#:#WOMEN~2,2.5#:#2.5#:#2.5,2.5,2.5,1
5825,DEODORANT_ROLLS_WOMEN,2,3345,2,6,0,0,0,0,DEODORANT~2#:#ROLLS~2#:#WOMEN~2,1.0#:#1.0#:#1.0,1.0,1.0,1
5826,DEODORANT_DOVE_WOMEN,5,3345,3,6,0,0,0,0,DEODORANT~2#:#DOVE~2#:#WOMEN~2,2.5#:#2.5#:#2.5,2.5,2.5,1
5827,DEODORANT_NATURAL_NIVEA,2,3345,3,6,0,0,0,0,DEODORANT~2#:#NATURAL~2#:#NIVEA~2,1.0#:#1.0#:#1.0,1.0,1.0,1
5828,DEODORANT_NATURAL_STICK,2,3345,3,6,0,0,0,0,DEODORANT~2#:#NATURAL~2#:#STICK~2,1.0#:#1.0#:#1.0,1.0,1.0,1
5829,DEODORANT_NATURAL_WOMEN,2,3345,3,6,0,0,0,0,DEODORANT~2#:#NATURAL~2#:#WOMEN~2,1.0#:#1.0#:#1.0,1.0,1.0,1
5830,DEODORANT_STICK_WOMEN,6,3345,3,6,0,0,0,0,DEODORANT~2#:#STICK~2#:#WOMEN~2,3.0#:#3.0#:#3.0,3.0,3.0,1
5831,NATURAL_NIVEA_STICK,2,3345,3,6,0,0,0,0,NATURAL~2#:#NIVEA~2#:#STICK~2,1.0#:#1.0#:#1.0,1.0,1.0,1
5832,NATURAL_NIVEA_WOMEN,2,3345,3,6,0,0,0,0,NATURAL~2#:#NIVEA~2#:#WOMEN~2,1.0#:#1.0#:#1.0,1.0,1.0,1
5833,NATURAL_STICK_WOMEN,2,3345,3,6,0,0,0,0,NATURAL~2#:#STICK~2#:#WOMEN~2,1.0#:#1.0#:#1.0,1.0,1.0,1
5834,NIVEA_STICK_WOMEN,3,3345,3,6,0,0,0,0,NIVEA~2#:#STICK~2#:#WOMEN~2,1.5#:#1.5#:#1.5,1.5,1.5,1
5835,DEODORANT_PEACH_STICK,2,3345,3,6,0,0,0,0,DEODORANT~2#:#PEACH~2#:#STICK~2,1.0#:#1.0#:#1.0,1.0,1.0,1
5836,DEODORANT_PEACH_WOMEN,3,3345,3,6,0,0,0,0,DEODORANT~2#:#PEACH~2#:#WOMEN~2,1.5#:#1.5#:#1.5,1.5,1.5,1
5837,PEACH_STICK_WOMEN,2,3345,3,6,0,0,0,0,PEACH~2#:#STICK~2#:#WOMEN~2,1.0#:#1.0#:#1.0,1.0,1.0,1
5838,DEODORANT_SPRAY_WOMEN,5,3345,3,6,0,0,0,0,DEODORANT~2#:#SPRAY~2#:#WOMEN~2,2.5#:#2.5#:#2.5,2.5,2.5,1
5839,DEODORANT_WATER_WOMEN,2,3345,3,6,0,0,0,0,DEODORANT~2#:#WATER~2#:#WOMEN~2,1.0#:#1.0#:#1.0,1.0,1.0,1
5840,DEODORANT_WHITE_WOMEN,2,3345,3,6,0,0,0,0,DEODORANT~2#:#WHITE~2#:#WOMEN~2,1.0#:#1.0#:#1.0,1.0,1.0,1
5841,SPRAY_WHITE_WOMEN,2,3345,3,6,0,0,0,0,SPRAY~2#:#WHITE~2#:#WOMEN~2,1.0#:#1.0#:#1.0,1.0,1.0,1
5842,DOVE_STICK_WOMEN,2,3345,3,6,0,0,0,0,DOVE~2#:#STICK~2#:#WOMEN~2,1.0#:#1.0#:#1.0,1.0,1.0,1
5843,CREAMY_DEODORANT_WOMEN,2,3345,3,6,0,0,0,0,CREAMY~3#:#DEODORANT~2#:#WOMEN~2,0.67#:#1.0#:#1.0,1.0,0.67,0
5844,CLEAR_COMFORT_WOMEN,2,3345,2,6,0,0,0,0,CLEAR~2#:#COMFORT~2#:#WOMEN~2,1.0#:#1.0#:#1.0,1.0,1.0,1
5845,COMFORT_DEODORANT_WOMEN,2,3345,3,6,0,0,0,0,COMFORT~2#:#DEODORANT~2#:#WOMEN~2,1.0#:#1.0#:#1.0,1.0,1.0,1
5846,COMFORT_DOVE_WOMEN,2,3345,3,6,0,0,0,0,COMFORT~2#:#DOVE~2#:#WOMEN~2,1.0#:#1.0#:#1.0,1.0,1.0,1
5847,CLEAR_DEODORANT_WOMEN,2,3345,2,6,0,0,0,0,CLEAR~2#:#DEODORANT~2#:#WOMEN~2,1.0#:#1.0#:#1.0,1.0,1.0,1
5848,CLEAR_DOVE_WOMEN,2,3345,2,6,0,0,0,0,CLEAR~2#:#DOVE~2#:#WOMEN~2,1.0#:#1.0#:#1.0,1.0,1.0,1
5849,DEODORANT_PEACH_VANILLA,2,3345,3,6,0,0,0,0,DEODORANT~2#:#PEACH~2#:#VANILLA~2,1.0#:#1.0#:#1.0,1.0,1.0,1
5850,DEODORANT_VANILLA_WOMEN,2,3345,3,6,0,0,0,0,DEODORANT~2#:#VANILLA~2#:#WOMEN~2,1.0#:#1.0#:#1.0,1.0,1.0,1
5851,PEACH_VANILLA_WOMEN,2,3345,3,6,0,0,0,0,PEACH~2#:#VANILLA~2#:#WOMEN~2,1.0#:#1.0#:#1.0,1.0,1.0,1
5852,DRINK_FLAVOUR_FRUIT,2,3345,1,6,0,0,0,0,DRINK~2#:#FLAVOUR~3#:#FRUIT~2,1.0#:#0.67#:#1.0,1.0,0.67,0
5853,DRINK_FLAVOUR_JUICE,2,3345,1,6,0,0,0,0,DRINK~2#:#FLAVOUR~3#:#JUICE~2,1.0#:#0.67#:#1.0,1.0,0.67,0
5854,DRINK_FLAVOUR_ORANGE,2,3345,1,6,0,0,0,0,DRINK~2#:#FLAVOUR~3#:#ORANGE~2,1.0#:#0.67#:#1.0,1.0,0.67,0
5855,DRINK_FLAVOUR_ORIGINAL,2,3345,2,6,0,0,0,0,DRINK~2#:#FLAVOUR~3#:#ORIGINAL~2,1.0#:#0.67#:#1.0,1.0,0.67,0
5856,DRINK_FLAVOUR_REAL,2,3345,1,6,0,0,0,0,DRINK~2#:#FLAVOUR~3#:#REAL~2,1.0#:#0.67#:#1.0,1.0,0.67,0
5857,BEVERAGE_FLAVOUR_FRUIT,2,3345,1,6,0,0,0,0,BEVERAGE~2#:#FLAVOUR~3#:#FRUIT~2,1.0#:#0.67#:#1.0,1.0,0.67,0
5858,BEVERAGE_FLAVOUR_JUICE,2,3345,1,6,0,0,0,0,BEVERAGE~2#:#FLAVOUR~3#:#JUICE~2,1.0#:#0.67#:#1.0,1.0,0.67,0
5859,BEVERAGE_FLAVOUR_ORANGE,2,3345,1,6,0,0,0,0,BEVERAGE~2#:#FLAVOUR~3#:#ORANGE~2,1.0#:#0.67#:#1.0,1.0,0.67,0
5860,BEVERAGE_FLAVOUR_ORIGINAL,2,3345,2,6,0,0,0,0,BEVERAGE~2#:#FLAVOUR~3#:#ORIGINAL~2,1.0#:#0.67#:#1.0,1.0,0.67,0
5861,BEVERAGE_FLAVOUR_REAL,2,3345,1,6,0,0,0,0,BEVERAGE~2#:#FLAVOUR~3#:#REAL~2,1.0#:#0.67#:#1.0,1.0,0.67,0
5862,FLAVOUR_FRUIT_JUICE,2,3345,1,6,0,0,0,0,FLAVOUR~3#:#FRUIT~2#:#JUICE~2,0.67#:#1.0#:#1.0,1.0,0.67,0
5863,FLAVOUR_FRUIT_ORANGE,2,3345,1,6,0,0,0,0,FLAVOUR~3#:#FRUIT~2#:#ORANGE~2,0.67#:#1.0#:#1.0,1.0,0.67,0
5864,FLAVOUR_FRUIT_ORIGINAL,2,3345,2,6,0,0,0,0,FLAVOUR~3#:#FRUIT~2#:#ORIGINAL~2,0.67#:#1.0#:#1.0,1.0,0.67,0
5865,FLAVOUR_FRUIT_REAL,2,3345,1,6,0,0,0,0,FLAVOUR~3#:#FRUIT~2#:#REAL~2,0.67#:#1.0#:#1.0,1.0,0.67,0
5866,FLAVOUR_JUICE_ORANGE,2,3345,1,6,0,0,0,0,FLAVOUR~3#:#JUICE~2#:#ORANGE~2,0.67#:#1.0#:#1.0,1.0,0.67,0
5867,FLAVOUR_JUICE_ORIGINAL,2,3345,2,6,0,0,0,0,FLAVOUR~3#:#JUICE~2#:#ORIGINAL~2,0.67#:#1.0#:#1.0,1.0,0.67,0
5868,FLAVOUR_JUICE_REAL,2,3345,1,6,0,0,0,0,FLAVOUR~3#:#JUICE~2#:#REAL~2,0.67#:#1.0#:#1.0,1.0,0.67,0
5869,FLAVOUR_ORANGE_ORIGINAL,2,3345,2,6,0,0,0,0,FLAVOUR~3#:#ORANGE~2#:#ORIGINAL~2,0.67#:#1.0#:#1.0,1.0,0.67,0
5870,FLAVOUR_ORANGE_REAL,2,3345,1,6,0,0,0,0,FLAVOUR~3#:#ORANGE~2#:#REAL~2,0.67#:#1.0#:#1.0,1.0,0.67,0
5871,FLAVOUR_ORIGINAL_REAL,2,3345,2,6,0,0,0,0,FLAVOUR~3#:#ORIGINAL~2#:#REAL~2,0.67#:#1.0#:#1.0,1.0,0.67,0
5872,BEVERAGE_DRINK_FRUIT,2,3345,0,6,0,0,0,0,BEVERAGE~2#:#DRINK~2#:#FRUIT~2,1.0#:#1.0#:#1.0,1.0,1.0,1
5873,BEVERAGE_DRINK_JUICE,2,3345,0,6,0,0,0,0,BEVERAGE~2#:#DRINK~2#:#JUICE~2,1.0#:#1.0#:#1.0,1.0,1.0,1
5874,BEVERAGE_DRINK_ORANGE,2,3345,0,6,0,0,0,0,BEVERAGE~2#:#DRINK~2#:#ORANGE~2,1.0#:#1.0#:#1.0,1.0,1.0,1
5875,BEVERAGE_DRINK_ORIGINAL,2,3345,1,6,0,0,0,0,BEVERAGE~2#:#DRINK~2#:#ORIGINAL~2,1.0#:#1.0#:#1.0,1.0,1.0,1
5876,BEVERAGE_DRINK_REAL,2,3345,0,6,0,0,0,0,BEVERAGE~2#:#DRINK~2#:#REAL~2,1.0#:#1.0#:#1.0,1.0,1.0,1
5877,DRINK_FRUIT_JUICE,9,3345,0,6,0,0,0,0,DRINK~2#:#FRUIT~2#:#JUICE~2,4.5#:#4.5#:#4.5,4.5,4.5,1
5878,DRINK_FRUIT_ORANGE,2,3345,0,6,0,0,0,0,DRINK~2#:#FRUIT~2#:#ORANGE~2,1.0#:#1.0#:#1.0,1.0,1.0,1
5879,DRINK_FRUIT_ORIGINAL,2,3345,1,6,0,0,0,0,DRINK~2#:#FRUIT~2#:#ORIGINAL~2,1.0#:#1.0#:#1.0,1.0,1.0,1
5880,DRINK_FRUIT_REAL,7,3345,0,6,0,0,0,0,DRINK~2#:#FRUIT~2#:#REAL~2,3.5#:#3.5#:#3.5,3.5,3.5,1
5881,DRINK_JUICE_ORANGE,5,3345,0,6,0,0,0,0,DRINK~2#:#JUICE~2#:#ORANGE~2,2.5#:#2.5#:#2.5,2.5,2.5,1
5882,DRINK_JUICE_ORIGINAL,2,3345,1,6,0,0,0,0,DRINK~2#:#JUICE~2#:#ORIGINAL~2,1.0#:#1.0#:#1.0,1.0,1.0,1
5883,DRINK_JUICE_REAL,10,3345,0,6,0,0,0,0,DRINK~2#:#JUICE~2#:#REAL~2,5.0#:#5.0#:#5.0,5.0,5.0,1
5884,DRINK_ORANGE_ORIGINAL,2,3345,1,6,0,0,0,0,DRINK~2#:#ORANGE~2#:#ORIGINAL~2,1.0#:#1.0#:#1.0,1.0,1.0,1
5885,DRINK_ORANGE_REAL,4,3345,0,6,0,0,0,0,DRINK~2#:#ORANGE~2#:#REAL~2,2.0#:#2.0#:#2.0,2.0,2.0,1
5886,DRINK_ORIGINAL_REAL,2,3345,1,6,0,0,0,0,DRINK~2#:#ORIGINAL~2#:#REAL~2,1.0#:#1.0#:#1.0,1.0,1.0,1
5887,BEVERAGE_FRUIT_JUICE,3,3345,0,6,0,0,0,0,BEVERAGE~2#:#FRUIT~2#:#JUICE~2,1.5#:#1.5#:#1.5,1.5,1.5,1
5888,BEVERAGE_FRUIT_ORANGE,2,3345,0,6,0,0,0,0,BEVERAGE~2#:#FRUIT~2#:#ORANGE~2,1.0#:#1.0#:#1.0,1.0,1.0,1
5889,BEVERAGE_FRUIT_ORIGINAL,2,3345,1,6,0,0,0,0,BEVERAGE~2#:#FRUIT~2#:#ORIGINAL~2,1.0#:#1.0#:#1.0,1.0,1.0,1
5890,BEVERAGE_FRUIT_REAL,5,3345,0,6,0,0,0,0,BEVERAGE~2#:#FRUIT~2#:#REAL~2,2.5#:#2.5#:#2.5,2.5,2.5,1
5891,BEVERAGE_JUICE_ORANGE,2,3345,0,6,0,0,0,0,BEVERAGE~2#:#JUICE~2#:#ORANGE~2,1.0#:#1.0#:#1.0,1.0,1.0,1
5892,BEVERAGE_JUICE_ORIGINAL,2,3345,1,6,0,0,0,0,BEVERAGE~2#:#JUICE~2#:#ORIGINAL~2,1.0#:#1.0#:#1.0,1.0,1.0,1
5893,BEVERAGE_JUICE_REAL,3,3345,0,6,0,0,0,0,BEVERAGE~2#:#JUICE~2#:#REAL~2,1.5#:#1.5#:#1.5,1.5,1.5,1
5894,BEVERAGE_ORANGE_ORIGINAL,2,3345,1,6,0,0,0,0,BEVERAGE~2#:#ORANGE~2#:#ORIGINAL~2,1.0#:#1.0#:#1.0,1.0,1.0,1
5895,BEVERAGE_ORANGE_REAL,2,3345,0,6,0,0,0,0,BEVERAGE~2#:#ORANGE~2#:#REAL~2,1.0#:#1.0#:#1.0,1.0,1.0,1
5896,BEVERAGE_ORIGINAL_REAL,2,3345,1,6,0,0,0,0,BEVERAGE~2#:#ORIGINAL~2#:#REAL~2,1.0#:#1.0#:#1.0,1.0,1.0,1
5897,FRUIT_JUICE_ORANGE,4,3345,0,6,0,0,0,0,FRUIT~2#:#JUICE~2#:#ORANGE~2,2.0#:#2.0#:#2.0,2.0,2.0,1
5898,FRUIT_JUICE_ORIGINAL,2,3345,1,6,0,0,0,0,FRUIT~2#:#JUICE~2#:#ORIGINAL~2,1.0#:#1.0#:#1.0,1.0,1.0,1
5899,FRUIT_JUICE_REAL,10,3345,0,6,0,0,0,0,FRUIT~2#:#JUICE~2#:#REAL~2,5.0#:#5.0#:#5.0,5.0,5.0,1
5900,FRUIT_ORANGE_ORIGINAL,2,3345,1,6,0,0,0,0,FRUIT~2#:#ORANGE~2#:#ORIGINAL~2,1.0#:#1.0#:#1.0,1.0,1.0,1
5901,FRUIT_ORANGE_REAL,4,3345,0,6,0,0,0,0,FRUIT~2#:#ORANGE~2#:#REAL~2,2.0#:#2.0#:#2.0,2.0,2.0,1
5902,FRUIT_ORIGINAL_REAL,2,3345,1,6,0,0,0,0,FRUIT~2#:#ORIGINAL~2#:#REAL~2,1.0#:#1.0#:#1.0,1.0,1.0,1
5903,JUICE_ORANGE_ORIGINAL,2,3345,1,6,0,0,0,0,JUICE~2#:#ORANGE~2#:#ORIGINAL~2,1.0#:#1.0#:#1.0,1.0,1.0,1
5904,JUICE_ORANGE_REAL,9,3345,0,6,0,0,0,0,JUICE~2#:#ORANGE~2#:#REAL~2,4.5#:#4.5#:#4.5,4.5,4.5,1
5905,JUICE_ORIGINAL_REAL,2,3345,1,6,0,0,0,0,JUICE~2#:#ORIGINAL~2#:#REAL~2,1.0#:#1.0#:#1.0,1.0,1.0,1
5906,ORANGE_ORIGINAL_REAL,2,3345,1,6,0,0,0,0,ORANGE~2#:#ORIGINAL~2#:#REAL~2,1.0#:#1.0#:#1.0,1.0,1.0,1
5907,DRINK_FRESH_JUICE,3,3345,1,6,0,0,0,0,DRINK~2#:#FRESH~3#:#JUICE~2,1.5#:#1.0#:#1.5,1.5,1.0,1
5908,DRINK_FRESH_ORANGE,3,3345,1,6,0,0,0,0,DRINK~2#:#FRESH~3#:#ORANGE~2,1.5#:#1.0#:#1.5,1.5,1.0,1
5909,DRINK_FRESH_REAL,3,3345,1,6,0,0,0,0,DRINK~2#:#FRESH~3#:#REAL~2,1.5#:#1.0#:#1.5,1.5,1.0,1
5910,FRESH_JUICE_ORANGE,4,3345,1,6,0,0,0,0,FRESH~3#:#JUICE~2#:#ORANGE~2,1.33#:#2.0#:#2.0,2.0,1.33,1
5911,FRESH_JUICE_REAL,2,3345,1,6,0,0,0,0,FRESH~3#:#JUICE~2#:#REAL~2,0.67#:#1.0#:#1.0,1.0,0.67,0
5912,FRESH_ORANGE_REAL,2,3345,1,6,0,0,0,0,FRESH~3#:#ORANGE~2#:#REAL~2,0.67#:#1.0#:#1.0,1.0,0.67,0
5913,JUICE_ORANGE_PERCENT,3,3345,0,6,0,0,0,0,JUICE~2#:#ORANGE~2#:#PERCENT~2,1.5#:#1.5#:#1.5,1.5,1.5,1
5914,JUICE_PERCENT_REAL,2,3345,0,6,0,0,0,0,JUICE~2#:#PERCENT~2#:#REAL~2,1.0#:#1.0#:#1.0,1.0,1.0,1
5915,ORANGE_PERCENT_REAL,2,3345,0,6,0,0,0,0,ORANGE~2#:#PERCENT~2#:#REAL~2,1.0#:#1.0#:#1.0,1.0,1.0,1
5916,DRINK_FRESH_HIGH,2,3345,1,6,0,0,0,0,DRINK~2#:#FRESH~3#:#HIGH~2,1.0#:#0.67#:#1.0,1.0,0.67,0
5917,DRINK_FRESH_WITH,2,3345,2,6,0,0,0,0,DRINK~2#:#FRESH~3#:#WITH~2,1.0#:#0.67#:#1.0,1.0,0.67,0
5918,FRESH_JUICE_WITH,2,3345,2,6,0,0,0,0,FRESH~3#:#JUICE~2#:#WITH~2,0.67#:#1.0#:#1.0,1.0,0.67,0
5919,FRESH_ORANGE_WITH,2,3345,2,6,0,0,0,0,FRESH~3#:#ORANGE~2#:#WITH~2,0.67#:#1.0#:#1.0,1.0,0.67,0
5920,DRINK_JUICE_WITH,2,3345,1,6,0,0,0,0,DRINK~2#:#JUICE~2#:#WITH~2,1.0#:#1.0#:#1.0,1.0,1.0,1
5921,BOAT#PAPER_DRINK_JUICE,3,3345,0,6,0,0,0,0,BOAT#PAPER~2#:#DRINK~2#:#JUICE~2,1.5#:#1.5#:#1.5,1.5,1.5,1
5922,DRINK_ORANGE_WITH,2,3345,1,6,0,0,0,0,DRINK~2#:#ORANGE~2#:#WITH~2,1.0#:#1.0#:#1.0,1.0,1.0,1
5923,JUICE_NATURAL_WITH,2,3345,2,6,0,0,0,0,JUICE~2#:#NATURAL~2#:#WITH~2,1.0#:#1.0#:#1.0,1.0,1.0,1
5924,JUICE_ORANGE_WITH,5,3345,1,6,0,0,0,0,JUICE~2#:#ORANGE~2#:#WITH~2,2.5#:#2.5#:#2.5,2.5,2.5,1
5925,BOAT#PAPER_JUICE_ORANGE,2,3345,0,6,0,0,0,0,BOAT#PAPER~2#:#JUICE~2#:#ORANGE~2,1.0#:#1.0#:#1.0,1.0,1.0,1
5926,BOAT#PAPER_JUICE_WITH,2,3345,1,6,0,0,0,0,BOAT#PAPER~2#:#JUICE~2#:#WITH~2,1.0#:#1.0#:#1.0,1.0,1.0,1
5927,BOAT#PAPER_ORANGE_WITH,2,3345,1,6,0,0,0,0,BOAT#PAPER~2#:#ORANGE~2#:#WITH~2,1.0#:#1.0#:#1.0,1.0,1.0,1
5928,DRINK_REAL_WITH,2,3345,1,6,0,0,0,0,DRINK~2#:#REAL~2#:#WITH~2,1.0#:#1.0#:#1.0,1.0,1.0,1
5929,JUICE_REAL_WITH,3,3345,1,6,0,0,0,0,JUICE~2#:#REAL~2#:#WITH~2,1.5#:#1.5#:#1.5,1.5,1.5,1
5930,ORANGE_REAL_WITH,3,3345,1,6,0,0,0,0,ORANGE~2#:#REAL~2#:#WITH~2,1.5#:#1.5#:#1.5,1.5,1.5,1
5931,CARAMEL_COFFEE_FLAVOUR,2,3345,2,6,0,0,0,0,CARAMEL~2#:#COFFEE~2#:#FLAVOUR~3,1.0#:#1.0#:#0.67,1.0,0.67,0
5932,COFFEE_FLAVOUR_ICED,2,3345,2,6,0,0,0,0,COFFEE~2#:#FLAVOUR~3#:#ICED~2,1.0#:#0.67#:#1.0,1.0,0.67,0
5933,COFFEE_DRINK_ICED,2,3345,1,6,0,0,0,0,COFFEE~2#:#DRINK~2#:#ICED~2,1.0#:#1.0#:#1.0,1.0,1.0,1
5934,COFFEE_DRINK_TATA,2,3345,1,6,0,0,0,0,COFFEE~2#:#DRINK~2#:#TATA~2,1.0#:#1.0#:#1.0,1.0,1.0,1
5935,COFFEE_ICED_TATA,2,3345,1,6,0,0,0,0,COFFEE~2#:#ICED~2#:#TATA~2,1.0#:#1.0#:#1.0,1.0,1.0,1
5936,COFFEE_ICED_READY#TO,2,3345,1,6,0,0,0,0,COFFEE~2#:#ICED~2#:#READY#TO~2,1.0#:#1.0#:#1.0,1.0,1.0,1
5937,COFFEE_READY#TO_TATA,2,3345,1,6,0,0,0,0,COFFEE~2#:#READY#TO~2#:#TATA~2,1.0#:#1.0#:#1.0,1.0,1.0,1
5938,BLACK_DRINK_TATA,2,3345,1,6,0,0,0,0,BLACK~2#:#DRINK~2#:#TATA~2,1.0#:#1.0#:#1.0,1.0,1.0,1
5939,BLACK_DRINK_READY#TO,3,3345,1,6,0,0,0,0,BLACK~2#:#DRINK~2#:#READY#TO~2,1.5#:#1.5#:#1.5,1.5,1.5,1
5940,BLACK_ICED_UNSWEETENED,2,3345,1,6,0,0,0,0,BLACK~2#:#ICED~2#:#UNSWEETENED~2,1.0#:#1.0#:#1.0,1.0,1.0,1
5941,BLACK_READY#TO_TATA,2,3345,1,6,0,0,0,0,BLACK~2#:#READY#TO~2#:#TATA~2,1.0#:#1.0#:#1.0,1.0,1.0,1
5942,COFFEE_ICED_UNSWEETENED,2,3345,1,6,0,0,0,0,COFFEE~2#:#ICED~2#:#UNSWEETENED~2,1.0#:#1.0#:#1.0,1.0,1.0,1
5943,FRUIT_GRAPES_JUICE,2,3345,0,6,0,0,0,0,FRUIT~2#:#GRAPES~2#:#JUICE~2,1.0#:#1.0#:#1.0,1.0,1.0,1
5944,FRUIT_GRAPES_REAL,2,3345,0,6,0,0,0,0,FRUIT~2#:#GRAPES~2#:#REAL~2,1.0#:#1.0#:#1.0,1.0,1.0,1
5945,FRUIT_JUICE_NATURAL,2,3345,1,6,0,0,0,0,FRUIT~2#:#JUICE~2#:#NATURAL~2,1.0#:#1.0#:#1.0,1.0,1.0,1
5946,GRAPES_JUICE_REAL,2,3345,0,6,0,0,0,0,GRAPES~2#:#JUICE~2#:#REAL~2,1.0#:#1.0#:#1.0,1.0,1.0,1
5947,JUICE_NATURAL_REAL,2,3345,1,6,0,0,0,0,JUICE~2#:#NATURAL~2#:#REAL~2,1.0#:#1.0#:#1.0,1.0,1.0,1
5948,DRINK_FRUIT_TROPICAL,2,3345,0,6,0,0,0,0,DRINK~2#:#FRUIT~2#:#TROPICAL~2,1.0#:#1.0#:#1.0,1.0,1.0,1
5949,DRINK_JUICE_TROPICAL,2,3345,0,6,0,0,0,0,DRINK~2#:#JUICE~2#:#TROPICAL~2,1.0#:#1.0#:#1.0,1.0,1.0,1
5950,FRUIT_JUICE_TROPICAL,3,3345,0,6,0,0,0,0,FRUIT~2#:#JUICE~2#:#TROPICAL~2,1.5#:#1.5#:#1.5,1.5,1.5,1
5951,DRINK_RASPBERRY_REAL,2,3345,0,6,0,0,0,0,DRINK~2#:#RASPBERRY~2#:#REAL~2,1.0#:#1.0#:#1.0,1.0,1.0,1
5952,BEVERAGE_CHILLI_DRINK,2,3345,0,6,0,0,0,0,BEVERAGE~2#:#CHILLI~2#:#DRINK~2,1.0#:#1.0#:#1.0,1.0,1.0,1
5953,BEVERAGE_CHILLI_TEA,2,3345,1,6,0,0,0,0,BEVERAGE~2#:#CHILLI~2#:#TEA~2,1.0#:#1.0#:#1.0,1.0,1.0,1
5954,BEVERAGE_CHILLI_READY#TO,2,3345,0,6,0,0,0,0,BEVERAGE~2#:#CHILLI~2#:#READY#TO~2,1.0#:#1.0#:#1.0,1.0,1.0,1
5955,BEVERAGE_DRINK_TEA,2,3345,1,6,0,0,0,0,BEVERAGE~2#:#DRINK~2#:#TEA~2,1.0#:#1.0#:#1.0,1.0,1.0,1
5956,BEVERAGE_DRINK_READY#TO,2,3345,0,6,0,0,0,0,BEVERAGE~2#:#DRINK~2#:#READY#TO~2,1.0#:#1.0#:#1.0,1.0,1.0,1
5957,BEVERAGE_READY#TO_TEA,2,3345,1,6,0,0,0,0,BEVERAGE~2#:#READY#TO~2#:#TEA~2,1.0#:#1.0#:#1.0,1.0,1.0,1
5958,CHILLI_DRINK_GOLD,2,3345,0,6,0,0,0,0,CHILLI~2#:#DRINK~2#:#GOLD~2,1.0#:#1.0#:#1.0,1.0,1.0,1
5959,CHILLI_DRINK_TATA,2,3345,0,6,0,0,0,0,CHILLI~2#:#DRINK~2#:#TATA~2,1.0#:#1.0#:#1.0,1.0,1.0,1
5960,CHILLI_DRINK_TEA,3,3345,1,6,0,0,0,0,CHILLI~2#:#DRINK~2#:#TEA~2,1.5#:#1.5#:#1.5,1.5,1.5,1
5961,CHILLI_DRINK_READY#TO,3,3345,0,6,0,0,0,0,CHILLI~2#:#DRINK~2#:#READY#TO~2,1.5#:#1.5#:#1.5,1.5,1.5,1
5962,CHILLI_GOLD_TATA,2,3345,0,6,0,0,0,0,CHILLI~2#:#GOLD~2#:#TATA~2,1.0#:#1.0#:#1.0,1.0,1.0,1
5963,CHILLI_GOLD_TEA,2,3345,1,6,0,0,0,0,CHILLI~2#:#GOLD~2#:#TEA~2,1.0#:#1.0#:#1.0,1.0,1.0,1
5964,CHILLI_GOLD_READY#TO,2,3345,0,6,0,0,0,0,CHILLI~2#:#GOLD~2#:#READY#TO~2,1.0#:#1.0#:#1.0,1.0,1.0,1
5965,CHILLI_TATA_TEA,2,3345,1,6,0,0,0,0,CHILLI~2#:#TATA~2#:#TEA~2,1.0#:#1.0#:#1.0,1.0,1.0,1
5966,CHILLI_READY#TO_TATA,2,3345,0,6,0,0,0,0,CHILLI~2#:#READY#TO~2#:#TATA~2,1.0#:#1.0#:#1.0,1.0,1.0,1
5967,CHILLI_READY#TO_TEA,3,3345,1,6,0,0,0,0,CHILLI~2#:#READY#TO~2#:#TEA~2,1.5#:#1.5#:#1.5,1.5,1.5,1
5968,BLACK_CHILLI_DRINK,2,3345,1,6,0,0,0,0,BLACK~2#:#CHILLI~2#:#DRINK~2,1.0#:#1.0#:#1.0,1.0,1.0,1
5969,BLACK_CHILLI_SWEETENED,2,3345,1,6,0,0,0,0,BLACK~2#:#CHILLI~2#:#SWEETENED~2,1.0#:#1.0#:#1.0,1.0,1.0,1
5970,BLACK_CHILLI_TEA,2,3345,2,6,0,0,0,0,BLACK~2#:#CHILLI~2#:#TEA~2,1.0#:#1.0#:#1.0,1.0,1.0,1
5971,BLACK_CHILLI_READY#TO,2,3345,1,6,0,0,0,0,BLACK~2#:#CHILLI~2#:#READY#TO~2,1.0#:#1.0#:#1.0,1.0,1.0,1
5972,BLACK_DRINK_SWEETENED,2,3345,1,6,0,0,0,0,BLACK~2#:#DRINK~2#:#SWEETENED~2,1.0#:#1.0#:#1.0,1.0,1.0,1
5973,BLACK_DRINK_TEA,2,3345,2,6,0,0,0,0,BLACK~2#:#DRINK~2#:#TEA~2,1.0#:#1.0#:#1.0,1.0,1.0,1
5974,BLACK_SWEETENED_TEA,3,3345,2,6,0,0,0,0,BLACK~2#:#SWEETENED~2#:#TEA~2,1.5#:#1.5#:#1.5,1.5,1.5,1
5975,BLACK_READY#TO_SWEETENED,2,3345,1,6,0,0,0,0,BLACK~2#:#READY#TO~2#:#SWEETENED~2,1.0#:#1.0#:#1.0,1.0,1.0,1
5976,BLACK_TATA_TEA,2,3345,2,6,0,0,0,0,BLACK~2#:#TATA~2#:#TEA~2,1.0#:#1.0#:#1.0,1.0,1.0,1
5977,BLACK_READY#TO_TEA,2,3345,2,6,0,0,0,0,BLACK~2#:#READY#TO~2#:#TEA~2,1.0#:#1.0#:#1.0,1.0,1.0,1
5978,CHILLI_DRINK_SWEETENED,2,3345,0,6,0,0,0,0,CHILLI~2#:#DRINK~2#:#SWEETENED~2,1.0#:#1.0#:#1.0,1.0,1.0,1
5979,CHILLI_SWEETENED_TEA,2,3345,1,6,0,0,0,0,CHILLI~2#:#SWEETENED~2#:#TEA~2,1.0#:#1.0#:#1.0,1.0,1.0,1
5980,CHILLI_READY#TO_SWEETENED,2,3345,0,6,0,0,0,0,CHILLI~2#:#READY#TO~2#:#SWEETENED~2,1.0#:#1.0#:#1.0,1.0,1.0,1
5981,AMUL_CHEESE_PROCESSED,9,3345,0,6,0,0,0,0,AMUL~3#:#CHEESE~3#:#PROCESSED~2,3.0#:#3.0#:#4.5,4.5,3.0,1
5982,AMUL_BLOCK_PROCESSED,4,3345,0,6,0,0,0,0,AMUL~3#:#BLOCK~2#:#PROCESSED~2,1.33#:#2.0#:#2.0,2.0,1.33,1
5983,BLOCK_CHEESE_PROCESSED,4,3345,0,6,0,0,0,0,BLOCK~2#:#CHEESE~3#:#PROCESSED~2,2.0#:#1.33#:#2.0,2.0,1.33,1
5984,CHEESE_FRESH_SOFT,4,3345,1,6,0,0,0,0,CHEESE~3#:#FRESH~3#:#SOFT~2,1.33#:#1.33#:#2.0,2.0,1.33,1
5985,CHEESE_FRESH_STYLE,2,3345,1,6,0,0,0,0,CHEESE~3#:#FRESH~3#:#STYLE~2,0.67#:#0.67#:#1.0,1.0,0.67,0
5986,CHEESE_CLASSIC_PROCESSED,2,3345,0,6,0,0,0,0,CHEESE~3#:#CLASSIC~2#:#PROCESSED~2,0.67#:#1.0#:#1.0,1.0,0.67,0
5987,CHEESE_CLASSIC_SLICED,2,3345,0,6,0,0,0,0,CHEESE~3#:#CLASSIC~2#:#SLICED~2,0.67#:#1.0#:#1.0,1.0,0.67,0
5988,CHEESE_PROCESSED_SLICED,6,3345,0,6,0,0,0,0,CHEESE~3#:#PROCESSED~2#:#SLICED~2,2.0#:#3.0#:#3.0,3.0,2.0,1
5989,CLASSIC_PROCESSED_SLICED,2,3345,0,6,0,0,0,0,CLASSIC~2#:#PROCESSED~2#:#SLICED~2,1.0#:#1.0#:#1.0,1.0,1.0,1
5990,AMUL_CUBES_SNACK,2,3345,0,6,0,0,0,0,AMUL~3#:#CUBES~2#:#SNACK~3,0.67#:#1.0#:#0.67,1.0,0.67,0
5991,CHEESE_CUBES_SNACK,3,3345,0,6,0,0,0,0,CHEESE~3#:#CUBES~2#:#SNACK~3,1.0#:#1.5#:#1.0,1.5,1.0,1
5992,CUBES_PACK_SNACK,3,3345,1,6,0,0,0,0,CUBES~2#:#PACK~3#:#SNACK~3,1.5#:#1.0#:#1.0,1.5,1.0,1
5993,AMUL_CHEDDAR_CHEESE,15,3345,0,6,0,0,0,0,AMUL~3#:#CHEDDAR~2#:#CHEESE~3,5.0#:#7.5#:#5.0,7.5,5.0,1
5994,AMUL_CHEDDAR_CUBES,5,3345,0,6,0,0,0,0,AMUL~3#:#CHEDDAR~2#:#CUBES~2,1.67#:#2.5#:#2.5,2.5,1.67,1
5995,CHEDDAR_CHEESE_CUBES,5,3345,0,6,0,0,0,0,CHEDDAR~2#:#CHEESE~3#:#CUBES~2,2.5#:#1.67#:#2.5,2.5,1.67,1
5996,CHEDDAR_CHEESE_NATURAL,2,3345,1,6,0,0,0,0,CHEDDAR~2#:#CHEESE~3#:#NATURAL~2,1.0#:#0.67#:#1.0,1.0,0.67,0
5997,AMUL_CHEDDAR_PACK,2,3345,1,6,0,0,0,0,AMUL~3#:#CHEDDAR~2#:#PACK~3,0.67#:#1.0#:#0.67,1.0,0.67,0
5998,CHEDDAR_CHEESE_PACK,2,3345,1,6,0,0,0,0,CHEDDAR~2#:#CHEESE~3#:#PACK~3,1.0#:#0.67#:#0.67,1.0,0.67,0
5999,CHEDDAR_CHEESE_SNACK,2,3345,0,6,0,0,0,0,CHEDDAR~2#:#CHEESE~3#:#SNACK~3,1.0#:#0.67#:#0.67,1.0,0.67,0
6000,CHEESE_MOZZARELLA_PACK,3,3345,1,6,0,0,0,0,CHEESE~3#:#MOZZARELLA~2#:#PACK~3,1.0#:#1.5#:#1.0,1.5,1.0,1
6001,CHEESE_PACK_STICK,2,3345,2,6,0,0,0,0,CHEESE~3#:#PACK~3#:#STICK~2,0.67#:#0.67#:#1.0,1.0,0.67,0
6002,CHEESE_MOZZARELLA_SNACK,3,3345,0,6,0,0,0,0,CHEESE~3#:#MOZZARELLA~2#:#SNACK~3,1.0#:#1.5#:#1.0,1.5,1.0,1
6003,CHEESE_SNACK_STICK,5,3345,1,6,0,0,0,0,CHEESE~3#:#SNACK~3#:#STICK~2,1.67#:#1.67#:#2.5,2.5,1.67,1
6004,CHEESE_MOZZARELLA_STICK,3,3345,1,6,0,0,0,0,CHEESE~3#:#MOZZARELLA~2#:#STICK~2,1.0#:#1.5#:#1.5,1.5,1.0,1
6005,MOZZARELLA_PACK_SNACK,4,3345,1,6,0,0,0,0,MOZZARELLA~2#:#PACK~3#:#SNACK~3,2.0#:#1.33#:#1.33,2.0,1.33,1
6006,PACK_SNACK_STICK,2,3345,2,6,0,0,0,0,PACK~3#:#SNACK~3#:#STICK~2,0.67#:#0.67#:#1.0,1.0,0.67,0
6007,MOZZARELLA_PACK_STICK,2,3345,2,6,0,0,0,0,MOZZARELLA~2#:#PACK~3#:#STICK~2,1.0#:#0.67#:#1.0,1.0,0.67,0
6008,MOZZARELLA_SNACK_STICK,2,3345,1,6,0,0,0,0,MOZZARELLA~2#:#SNACK~3#:#STICK~2,1.0#:#0.67#:#1.0,1.0,0.67,0
6009,AMUL_CHEESE_YELLOW,2,3345,0,6,0,0,0,0,AMUL~3#:#CHEESE~3#:#YELLOW~2,0.67#:#0.67#:#1.0,1.0,0.67,0
6010,AMUL_CHEDDAR_PROCESSED,2,3345,0,6,0,0,0,0,AMUL~3#:#CHEDDAR~2#:#PROCESSED~2,0.67#:#1.0#:#1.0,1.0,0.67,0
6011,AMUL_CHEDDAR_YELLOW,2,3345,0,6,0,0,0,0,AMUL~3#:#CHEDDAR~2#:#YELLOW~2,0.67#:#1.0#:#1.0,1.0,0.67,0
6012,BLOCK_CHEDDAR_CHEESE,6,3345,0,6,0,0,0,0,BLOCK~2#:#CHEDDAR~2#:#CHEESE~3,3.0#:#3.0#:#2.0,3.0,2.0,1
6013,CHEDDAR_CHEESE_PROCESSED,2,3345,0,6,0,0,0,0,CHEDDAR~2#:#CHEESE~3#:#PROCESSED~2,1.0#:#0.67#:#1.0,1.0,0.67,0
6014,CHEDDAR_CHEESE_YELLOW,2,3345,0,6,0,0,0,0,CHEDDAR~2#:#CHEESE~3#:#YELLOW~2,1.0#:#0.67#:#1.0,1.0,0.67,0
6015,BLOCK_CHEDDAR_PROCESSED,2,3345,0,6,0,0,0,0,BLOCK~2#:#CHEDDAR~2#:#PROCESSED~2,1.0#:#1.0#:#1.0,1.0,1.0,1
6016,CHEDDAR_CHEESE_WHITE,5,3345,1,6,0,0,0,0,CHEDDAR~2#:#CHEESE~3#:#WHITE~2,2.5#:#1.67#:#2.5,2.5,1.67,1
6017,BLOCK_CHEESE_WHITE,3,3345,1,6,0,0,0,0,BLOCK~2#:#CHEESE~3#:#WHITE~2,1.5#:#1.0#:#1.5,1.5,1.0,1
6018,BLOCK_CHEDDAR_WHITE,3,3345,1,6,0,0,0,0,BLOCK~2#:#CHEDDAR~2#:#WHITE~2,1.5#:#1.5#:#1.5,1.5,1.5,1
6019,AMUL_CHEESE_SOFT,3,3345,0,6,0,0,0,0,AMUL~3#:#CHEESE~3#:#SOFT~2,1.0#:#1.0#:#1.5,1.5,1.0,1
6020,AMUL_FRESH_SOFT,3,3345,1,6,0,0,0,0,AMUL~3#:#FRESH~3#:#SOFT~2,1.0#:#1.0#:#1.5,1.5,1.0,1
6021,BRITANNIA_CHEESE_CREAMY,10,3345,1,6,0,0,0,0,BRITANNIA~3#:#CHEESE~3#:#CREAMY~3,3.33#:#3.33#:#3.33,3.33,3.33,1
6022,BRITANNIA_CREAMY_FRESH,2,3345,2,6,0,0,0,0,BRITANNIA~3#:#CREAMY~3#:#FRESH~3,0.67#:#0.67#:#0.67,0.67,0.67,0
6023,BRITANNIA_CREAMY_SPREAD,9,3345,1,6,0,0,0,0,BRITANNIA~3#:#CREAMY~3#:#SPREAD~2,3.0#:#3.0#:#4.5,4.5,3.0,1
6024,CHEESE_CREAMY_SPREAD,9,3345,1,6,0,0,0,0,CHEESE~3#:#CREAMY~3#:#SPREAD~2,3.0#:#3.0#:#4.5,4.5,3.0,1
6025,CHEESE_FAT_LOW,5,3345,0,6,0,0,0,0,CHEESE~3#:#FAT~2#:#LOW~2,1.67#:#2.5#:#2.5,2.5,1.67,1
6026,CHEESE_FAT_SOFT,2,3345,0,6,0,0,0,0,CHEESE~3#:#FAT~2#:#SOFT~2,0.67#:#1.0#:#1.0,1.0,0.67,0
6027,AMUL_BLEND_CHEESE,2,3345,0,6,0,0,0,0,AMUL~3#:#BLEND~2#:#CHEESE~3,0.67#:#1.0#:#0.67,1.0,0.67,0
6028,AMUL_CHEESE_PIZZA,2,3345,0,6,0,0,0,0,AMUL~3#:#CHEESE~3#:#PIZZA~2,0.67#:#0.67#:#1.0,1.0,0.67,0
6029,AMUL_CHEESE_SHREDDED,6,3345,0,6,0,0,0,0,AMUL~3#:#CHEESE~3#:#SHREDDED~2,2.0#:#2.0#:#3.0,3.0,2.0,1
6030,AMUL_BLEND_PIZZA,2,3345,0,6,0,0,0,0,AMUL~3#:#BLEND~2#:#PIZZA~2,0.67#:#1.0#:#1.0,1.0,0.67,0
6031,AMUL_BLEND_SHREDDED,2,3345,0,6,0,0,0,0,AMUL~3#:#BLEND~2#:#SHREDDED~2,0.67#:#1.0#:#1.0,1.0,0.67,0
6032,AMUL_PIZZA_SHREDDED,2,3345,0,6,0,0,0,0,AMUL~3#:#PIZZA~2#:#SHREDDED~2,0.67#:#1.0#:#1.0,1.0,0.67,0
6033,BLEND_CHEESE_PIZZA,2,3345,0,6,0,0,0,0,BLEND~2#:#CHEESE~3#:#PIZZA~2,1.0#:#0.67#:#1.0,1.0,0.67,0
6034,BLEND_CHEESE_SHREDDED,6,3345,0,6,0,0,0,0,BLEND~2#:#CHEESE~3#:#SHREDDED~2,3.0#:#2.0#:#3.0,3.0,2.0,1
6035,CHEESE_PIZZA_SHREDDED,2,3345,0,6,0,0,0,0,CHEESE~3#:#PIZZA~2#:#SHREDDED~2,0.67#:#1.0#:#1.0,1.0,0.67,0
6036,BLEND_PIZZA_SHREDDED,2,3345,0,6,0,0,0,0,BLEND~2#:#PIZZA~2#:#SHREDDED~2,1.0#:#1.0#:#1.0,1.0,1.0,1
6037,BLEND_CHEESE_ITALIAN,2,3345,0,6,0,0,0,0,BLEND~2#:#CHEESE~3#:#ITALIAN~2,1.0#:#0.67#:#1.0,1.0,0.67,0
6038,CHEESE_DAIRY_FREE,3,3345,1,6,0,0,0,0,CHEESE~3#:#DAIRY~2#:#FREE~2,1.0#:#1.5#:#1.5,1.5,1.0,1
6039,CHEESE_DAIRY_PLATES,2,3345,0,6,0,0,0,0,CHEESE~3#:#DAIRY~2#:#PLATES~2,0.67#:#1.0#:#1.0,1.0,0.67,0
6040,CHEESE_DAIRY_URBAN,2,3345,0,6,0,0,0,0,CHEESE~3#:#DAIRY~2#:#URBAN~2,0.67#:#1.0#:#1.0,1.0,0.67,0
6041,CHEESE_FREE_PLATES,2,3345,1,6,0,0,0,0,CHEESE~3#:#FREE~2#:#PLATES~2,0.67#:#1.0#:#1.0,1.0,0.67,0
6042,CHEESE_FREE_URBAN,2,3345,1,6,0,0,0,0,CHEESE~3#:#FREE~2#:#URBAN~2,0.67#:#1.0#:#1.0,1.0,0.67,0
6043,CHEESE_MEXICAN_SHREDDED,2,3345,0,6,0,0,0,0,CHEESE~3#:#MEXICAN~2#:#SHREDDED~2,0.67#:#1.0#:#1.0,1.0,0.67,0
6044,CHEESE_MEXICAN_STYLE,2,3345,0,6,0,0,0,0,CHEESE~3#:#MEXICAN~2#:#STYLE~2,0.67#:#1.0#:#1.0,1.0,0.67,0
6045,CHEESE_PLATES_URBAN,2,3345,0,6,0,0,0,0,CHEESE~3#:#PLATES~2#:#URBAN~2,0.67#:#1.0#:#1.0,1.0,0.67,0
6046,CHEESE_SHREDDED_STYLE,3,3345,0,6,0,0,0,0,CHEESE~3#:#SHREDDED~2#:#STYLE~2,1.0#:#1.5#:#1.5,1.5,1.0,1
6047,DAIRY_FREE_PLATES,2,3345,1,6,0,0,0,0,DAIRY~2#:#FREE~2#:#PLATES~2,1.0#:#1.0#:#1.0,1.0,1.0,1
6048,DAIRY_FREE_URBAN,2,3345,1,6,0,0,0,0,DAIRY~2#:#FREE~2#:#URBAN~2,1.0#:#1.0#:#1.0,1.0,1.0,1
6049,DAIRY_PLATES_URBAN,2,3345,0,6,0,0,0,0,DAIRY~2#:#PLATES~2#:#URBAN~2,1.0#:#1.0#:#1.0,1.0,1.0,1
6050,FREE_PLATES_URBAN,6,3345,1,6,0,0,0,0,FREE~2#:#PLATES~2#:#URBAN~2,3.0#:#3.0#:#3.0,3.0,3.0,1
6051,MEXICAN_SHREDDED_STYLE,2,3345,0,6,0,0,0,0,MEXICAN~2#:#SHREDDED~2#:#STYLE~2,1.0#:#1.0#:#1.0,1.0,1.0,1
6052,PLATES_STYLE_URBAN,2,3345,0,6,0,0,0,0,PLATES~2#:#STYLE~2#:#URBAN~2,1.0#:#1.0#:#1.0,1.0,1.0,1
6053,CHEESE_INDIA_ORGANIC,5,3345,0,6,0,0,0,0,CHEESE~3#:#INDIA~2#:#ORGANIC~3,1.67#:#2.5#:#1.67,2.5,1.67,1
6054,CHEESE_ORGANIC_SHREDDED,2,3345,0,6,0,0,0,0,CHEESE~3#:#ORGANIC~3#:#SHREDDED~2,0.67#:#0.67#:#1.0,1.0,0.67,0
6055,CHEESE_INDIA_SHREDDED,2,3345,0,6,0,0,0,0,CHEESE~3#:#INDIA~2#:#SHREDDED~2,0.67#:#1.0#:#1.0,1.0,0.67,0
6056,INDIA_ORGANIC_SHREDDED,2,3345,0,6,0,0,0,0,INDIA~2#:#ORGANIC~3#:#SHREDDED~2,1.0#:#0.67#:#1.0,1.0,0.67,0
6057,AMUL_CHEESE_LOW,4,3345,0,6,0,0,0,0,AMUL~3#:#CHEESE~3#:#LOW~2,1.33#:#1.33#:#2.0,2.0,1.33,1
6058,AMUL_MOZZARELLA_SHREDDED,3,3345,0,6,0,0,0,0,AMUL~3#:#MOZZARELLA~2#:#SHREDDED~2,1.0#:#1.5#:#1.5,1.5,1.0,1
6059,CHEESE_MOZZARELLA_SHREDDED,5,3345,0,6,0,0,0,0,CHEESE~3#:#MOZZARELLA~2#:#SHREDDED~2,1.67#:#2.5#:#2.5,2.5,1.67,1
6060,BLEND_CHEDDAR_CHEESE,2,3345,0,6,0,0,0,0,BLEND~2#:#CHEDDAR~2#:#CHEESE~3,1.0#:#1.0#:#0.67,1.0,0.67,0
6061,CHEDDAR_CHEESE_SHREDDED,4,3345,0,6,0,0,0,0,CHEDDAR~2#:#CHEESE~3#:#SHREDDED~2,2.0#:#1.33#:#2.0,2.0,1.33,1
6062,BLEND_CHEESE_MIX,2,3345,0,6,0,0,0,0,BLEND~2#:#CHEESE~3#:#MIX~2,1.0#:#0.67#:#1.0,1.0,0.67,0
6063,CHEESE_MIX_SHREDDED,2,3345,0,6,0,0,0,0,CHEESE~3#:#MIX~2#:#SHREDDED~2,0.67#:#1.0#:#1.0,1.0,0.67,0
6064,BLEND_CHEDDAR_SHREDDED,2,3345,0,6,0,0,0,0,BLEND~2#:#CHEDDAR~2#:#SHREDDED~2,1.0#:#1.0#:#1.0,1.0,1.0,1
6065,BLEND_MIX_SHREDDED,2,3345,0,6,0,0,0,0,BLEND~2#:#MIX~2#:#SHREDDED~2,1.0#:#1.0#:#1.0,1.0,1.0,1
6066,AMUL_CHEESE_EXTRA,3,3345,1,6,0,0,0,0,AMUL~3#:#CHEESE~3#:#EXTRA~2,1.0#:#1.0#:#1.5,1.5,1.0,1
6067,AMUL_CHEDDAR_EXTRA,3,3345,1,6,0,0,0,0,AMUL~3#:#CHEDDAR~2#:#EXTRA~2,1.0#:#1.5#:#1.5,1.5,1.0,1
6068,CHEDDAR_CHEESE_EXTRA,4,3345,1,6,0,0,0,0,CHEDDAR~2#:#CHEESE~3#:#EXTRA~2,2.0#:#1.33#:#2.0,2.0,1.33,1
6069,AMUL_CHEESE_FLAVOUR,4,3345,1,6,0,0,0,0,AMUL~3#:#CHEESE~3#:#FLAVOUR~3,1.33#:#1.33#:#1.33,1.33,1.33,1
6070,BRITANNIA_CHEESE_SMOKE,4,3345,0,6,0,0,0,0,BRITANNIA~3#:#CHEESE~3#:#SMOKE~2,1.33#:#1.33#:#2.0,2.0,1.33,1
6071,BRITANNIA_SLICED_SMOKE,2,3345,0,6,0,0,0,0,BRITANNIA~3#:#SLICED~2#:#SMOKE~2,0.67#:#1.0#:#1.0,1.0,0.67,0
6072,CHEESE_SLICED_SMOKE,4,3345,0,6,0,0,0,0,CHEESE~3#:#SLICED~2#:#SMOKE~2,1.33#:#2.0#:#2.0,2.0,1.33,1
6073,AMUL_CHEESE_FAT,6,3345,0,6,0,0,0,0,AMUL~3#:#CHEESE~3#:#FAT~2,2.0#:#2.0#:#3.0,3.0,2.0,1
6074,AMUL_FAT_LOW,9,3345,0,6,0,0,0,0,AMUL~3#:#FAT~2#:#LOW~2,3.0#:#4.5#:#4.5,4.5,3.0,1
6075,AMUL_PROCESSED_SLICED,5,3345,0,6,0,0,0,0,AMUL~3#:#PROCESSED~2#:#SLICED~2,1.67#:#2.5#:#2.5,2.5,1.67,1
6076,CHEESE_FLAVOUR_SLICED,3,3345,1,6,0,0,0,0,CHEESE~3#:#FLAVOUR~3#:#SLICED~2,1.0#:#1.0#:#1.5,1.5,1.0,1
6077,DAIRY_FLAVOUR_FREE,2,3345,2,6,0,0,0,0,DAIRY~2#:#FLAVOUR~3#:#FREE~2,1.0#:#0.67#:#1.0,1.0,0.67,0
6078,CHEESE_FLAVOUR_PEPPERS,2,3345,1,6,0,0,0,0,CHEESE~3#:#FLAVOUR~3#:#PEPPERS~2,0.67#:#0.67#:#1.0,1.0,0.67,0
6079,AMUL_CHEESE_STYLE,3,3345,0,6,0,0,0,0,AMUL~3#:#CHEESE~3#:#STYLE~2,1.0#:#1.0#:#1.5,1.5,1.0,1
6080,CHEESE_SLICED_STYLE,2,3345,0,6,0,0,0,0,CHEESE~3#:#SLICED~2#:#STYLE~2,0.67#:#1.0#:#1.0,1.0,0.67,0
6081,BRITANNIA_CHEDDAR_CHEESE,5,3345,0,6,0,0,0,0,BRITANNIA~3#:#CHEDDAR~2#:#CHEESE~3,1.67#:#2.5#:#1.67,2.5,1.67,1
6082,CHEDDAR_CHEESE_SLICED,5,3345,0,6,0,0,0,0,CHEDDAR~2#:#CHEESE~3#:#SLICED~2,2.5#:#1.67#:#2.5,2.5,1.67,1
6083,CHEDDAR_CHEESE_SMOKE,2,3345,0,6,0,0,0,0,CHEDDAR~2#:#CHEESE~3#:#SMOKE~2,1.0#:#0.67#:#1.0,1.0,0.67,0
6084,CHEESE_FOR_SANDWICH,3,3345,1,6,0,0,0,0,CHEESE~3#:#FOR~2#:#SANDWICH~2,1.0#:#1.5#:#1.5,1.5,1.0,1
6085,CHEESE_FOR_SLICED,3,3345,1,6,0,0,0,0,CHEESE~3#:#FOR~2#:#SLICED~2,1.0#:#1.5#:#1.5,1.5,1.0,1
6086,CHEESE_SANDWICH_SLICED,3,3345,0,6,0,0,0,0,CHEESE~3#:#SANDWICH~2#:#SLICED~2,1.0#:#1.5#:#1.5,1.5,1.0,1
6087,CHEDDAR_SLICED_SMOKE,2,3345,0,6,0,0,0,0,CHEDDAR~2#:#SLICED~2#:#SMOKE~2,1.0#:#1.0#:#1.0,1.0,1.0,1
6088,FOR_SANDWICH_SLICED,3,3345,1,6,0,0,0,0,FOR~2#:#SANDWICH~2#:#SLICED~2,1.5#:#1.5#:#1.5,1.5,1.5,1
6089,AMUL_CHEESE_CUTS,4,3345,0,6,0,0,0,0,AMUL~3#:#CHEESE~3#:#CUTS~2,1.33#:#1.33#:#2.0,2.0,1.33,1
6090,AMUL_CHEDDAR_FLAVOUR,3,3345,1,6,0,0,0,0,AMUL~3#:#CHEDDAR~2#:#FLAVOUR~3,1.0#:#1.5#:#1.0,1.5,1.0,1
6091,AMUL_CHEDDAR_CUTS,3,3345,0,6,0,0,0,0,AMUL~3#:#CHEDDAR~2#:#CUTS~2,1.0#:#1.5#:#1.5,1.5,1.0,1
6092,AMUL_CUTS_SLICED,2,3345,0,6,0,0,0,0,AMUL~3#:#CUTS~2#:#SLICED~2,0.67#:#1.0#:#1.0,1.0,0.67,0
6093,AMUL_CHEDDAR_SLICED,3,3345,0,6,0,0,0,0,AMUL~3#:#CHEDDAR~2#:#SLICED~2,1.0#:#1.5#:#1.5,1.5,1.0,1
6094,CHEDDAR_CHEESE_CUTS,3,3345,0,6,0,0,0,0,CHEDDAR~2#:#CHEESE~3#:#CUTS~2,1.5#:#1.0#:#1.5,1.5,1.0,1
6095,CHEESE_CUTS_SLICED,2,3345,0,6,0,0,0,0,CHEESE~3#:#CUTS~2#:#SLICED~2,0.67#:#1.0#:#1.0,1.0,0.67,0
6096,BRITANNIA_CHEESE_STYLE,2,3345,0,6,0,0,0,0,BRITANNIA~3#:#CHEESE~3#:#STYLE~2,0.67#:#0.67#:#1.0,1.0,0.67,0
6097,AMUL_CHEESE_MEDIUM,2,3345,0,6,0,0,0,0,AMUL~3#:#CHEESE~3#:#MEDIUM~2,0.67#:#0.67#:#1.0,1.0,0.67,0
6098,AMUL_CUBES_FLAVOUR,2,3345,1,6,0,0,0,0,AMUL~3#:#CUBES~2#:#FLAVOUR~3,0.67#:#1.0#:#0.67,1.0,0.67,0
6099,AMUL_CHEDDAR_MEDIUM,2,3345,0,6,0,0,0,0,AMUL~3#:#CHEDDAR~2#:#MEDIUM~2,0.67#:#1.0#:#1.0,1.0,0.67,0
6100,CHEESE_CUBES_FLAVOUR,2,3345,1,6,0,0,0,0,CHEESE~3#:#CUBES~2#:#FLAVOUR~3,0.67#:#1.0#:#0.67,1.0,0.67,0
6101,CHEDDAR_CHEESE_MEDIUM,2,3345,0,6,0,0,0,0,CHEDDAR~2#:#CHEESE~3#:#MEDIUM~2,1.0#:#0.67#:#1.0,1.0,0.67,0
6102,CHEDDAR_CUBES_FLAVOUR,2,3345,1,6,0,0,0,0,CHEDDAR~2#:#CUBES~2#:#FLAVOUR~3,1.0#:#1.0#:#0.67,1.0,0.67,0
6103,AMUL_FLAVOUR_MILD,5,3345,1,6,0,0,0,0,AMUL~3#:#FLAVOUR~3#:#MILD~2,1.67#:#1.67#:#2.5,2.5,1.67,1
6104,CHEDDAR_CHEESE_MILD,2,3345,0,6,0,0,0,0,CHEDDAR~2#:#CHEESE~3#:#MILD~2,1.0#:#0.67#:#1.0,1.0,0.67,0
6105,AMUL_CHEESE_CRACKERS,3,3345,0,6,0,0,0,0,AMUL~3#:#CHEESE~3#:#CRACKERS~2,1.0#:#1.0#:#1.5,1.5,1.0,1
6106,AMUL_CHEESE_FOR,2,3345,1,6,0,0,0,0,AMUL~3#:#CHEESE~3#:#FOR~2,0.67#:#0.67#:#1.0,1.0,0.67,0
6107,AMUL_CHEESE_SANDWICH,2,3345,0,6,0,0,0,0,AMUL~3#:#CHEESE~3#:#SANDWICH~2,0.67#:#0.67#:#1.0,1.0,0.67,0
6108,AMUL_FOR_PROCESSED,2,3345,1,6,0,0,0,0,AMUL~3#:#FOR~2#:#PROCESSED~2,0.67#:#1.0#:#1.0,1.0,0.67,0
6109,AMUL_FOR_SANDWICH,2,3345,1,6,0,0,0,0,AMUL~3#:#FOR~2#:#SANDWICH~2,0.67#:#1.0#:#1.0,1.0,0.67,0
6110,AMUL_FOR_SLICED,2,3345,1,6,0,0,0,0,AMUL~3#:#FOR~2#:#SLICED~2,0.67#:#1.0#:#1.0,1.0,0.67,0
6111,AMUL_PROCESSED_SANDWICH,2,3345,0,6,0,0,0,0,AMUL~3#:#PROCESSED~2#:#SANDWICH~2,0.67#:#1.0#:#1.0,1.0,0.67,0
6112,AMUL_SANDWICH_SLICED,2,3345,0,6,0,0,0,0,AMUL~3#:#SANDWICH~2#:#SLICED~2,0.67#:#1.0#:#1.0,1.0,0.67,0
6113,CHEESE_FOR_PROCESSED,2,3345,1,6,0,0,0,0,CHEESE~3#:#FOR~2#:#PROCESSED~2,0.67#:#1.0#:#1.0,1.0,0.67,0
6114,CHEESE_PROCESSED_SANDWICH,2,3345,0,6,0,0,0,0,CHEESE~3#:#PROCESSED~2#:#SANDWICH~2,0.67#:#1.0#:#1.0,1.0,0.67,0
6115,FOR_PROCESSED_SANDWICH,2,3345,1,6,0,0,0,0,FOR~2#:#PROCESSED~2#:#SANDWICH~2,1.0#:#1.0#:#1.0,1.0,1.0,1
6116,FOR_PROCESSED_SLICED,2,3345,1,6,0,0,0,0,FOR~2#:#PROCESSED~2#:#SLICED~2,1.0#:#1.0#:#1.0,1.0,1.0,1
6117,PROCESSED_SANDWICH_SLICED,2,3345,0,6,0,0,0,0,PROCESSED~2#:#SANDWICH~2#:#SLICED~2,1.0#:#1.0#:#1.0,1.0,1.0,1
6118,AMUL_PACK_SLICED,2,3345,1,6,0,0,0,0,AMUL~3#:#PACK~3#:#SLICED~2,0.67#:#0.67#:#1.0,1.0,0.67,0
6119,AMUL_FAT_FRESH,4,3345,1,6,0,0,0,0,AMUL~3#:#FAT~2#:#FRESH~3,1.33#:#2.0#:#1.33,2.0,1.33,1
6120,AMUL_CREAMY_FRESH,8,3345,2,6,0,0,0,0,AMUL~3#:#CREAMY~3#:#FRESH~3,2.67#:#2.67#:#2.67,2.67,2.67,1
6121,AMUL_COOKIES_CREAMY,3,3345,1,6,0,0,0,0,AMUL~3#:#COOKIES~2#:#CREAMY~3,1.0#:#1.5#:#1.0,1.5,1.0,1
6122,COFFEE_CREAMY_FREE,4,3345,3,6,0,0,0,0,COFFEE~2#:#CREAMY~3#:#FREE~2,2.0#:#1.33#:#2.0,2.0,1.33,1
6123,COFFEE_CREAMY_FRENCH,2,3345,2,6,0,0,0,0,COFFEE~2#:#CREAMY~3#:#FRENCH~2,1.0#:#0.67#:#1.0,1.0,0.67,0
6124,COFFEE_CREAMY_NESTLE,10,3345,2,6,0,0,0,0,COFFEE~2#:#CREAMY~3#:#NESTLE~2,5.0#:#3.33#:#5.0,5.0,3.33,1
6125,COFFEE_CREAMY_SUGAR,4,3345,3,6,0,0,0,0,COFFEE~2#:#CREAMY~3#:#SUGAR~2,2.0#:#1.33#:#2.0,2.0,1.33,1
6126,COFFEE_CREAMY_VANILLA,2,3345,3,6,0,0,0,0,COFFEE~2#:#CREAMY~3#:#VANILLA~2,1.0#:#0.67#:#1.0,1.0,0.67,0
6127,CREAMY_FREE_FRENCH,2,3345,2,6,0,0,0,0,CREAMY~3#:#FREE~2#:#FRENCH~2,0.67#:#1.0#:#1.0,1.0,0.67,0
6128,CREAMY_FREE_NESTLE,4,3345,2,6,0,0,0,0,CREAMY~3#:#FREE~2#:#NESTLE~2,1.33#:#2.0#:#2.0,2.0,1.33,1
6129,CREAMY_FREE_SUGAR,5,3345,3,6,0,0,0,0,CREAMY~3#:#FREE~2#:#SUGAR~2,1.67#:#2.5#:#2.5,2.5,1.67,1
6130,CREAMY_FREE_VANILLA,2,3345,3,6,0,0,0,0,CREAMY~3#:#FREE~2#:#VANILLA~2,0.67#:#1.0#:#1.0,1.0,0.67,0
6131,CREAMY_FRENCH_NESTLE,2,3345,1,6,0,0,0,0,CREAMY~3#:#FRENCH~2#:#NESTLE~2,0.67#:#1.0#:#1.0,1.0,0.67,0
6132,CREAMY_FRENCH_SUGAR,2,3345,2,6,0,0,0,0,CREAMY~3#:#FRENCH~2#:#SUGAR~2,0.67#:#1.0#:#1.0,1.0,0.67,0
6133,CREAMY_FRENCH_VANILLA,2,3345,2,6,0,0,0,0,CREAMY~3#:#FRENCH~2#:#VANILLA~2,0.67#:#1.0#:#1.0,1.0,0.67,0
6134,CREAMY_NESTLE_SUGAR,4,3345,2,6,0,0,0,0,CREAMY~3#:#NESTLE~2#:#SUGAR~2,1.33#:#2.0#:#2.0,2.0,1.33,1
6135,CREAMY_NESTLE_VANILLA,2,3345,2,6,0,0,0,0,CREAMY~3#:#NESTLE~2#:#VANILLA~2,0.67#:#1.0#:#1.0,1.0,0.67,0
6136,CREAMY_SUGAR_VANILLA,2,3345,3,6,0,0,0,0,CREAMY~3#:#SUGAR~2#:#VANILLA~2,0.67#:#1.0#:#1.0,1.0,0.67,0
6137,COFFEE_FREE_FRENCH,2,3345,2,6,0,0,0,0,COFFEE~2#:#FREE~2#:#FRENCH~2,1.0#:#1.0#:#1.0,1.0,1.0,1
6138,COFFEE_FREE_NESTLE,4,3345,2,6,0,0,0,0,COFFEE~2#:#FREE~2#:#NESTLE~2,2.0#:#2.0#:#2.0,2.0,2.0,1
6139,COFFEE_FREE_SUGAR,4,3345,3,6,0,0,0,0,COFFEE~2#:#FREE~2#:#SUGAR~2,2.0#:#2.0#:#2.0,2.0,2.0,1
6140,COFFEE_FREE_VANILLA,2,3345,3,6,0,0,0,0,COFFEE~2#:#FREE~2#:#VANILLA~2,1.0#:#1.0#:#1.0,1.0,1.0,1
6141,COFFEE_FRENCH_NESTLE,2,3345,1,6,0,0,0,0,COFFEE~2#:#FRENCH~2#:#NESTLE~2,1.0#:#1.0#:#1.0,1.0,1.0,1
6142,COFFEE_FRENCH_SUGAR,2,3345,2,6,0,0,0,0,COFFEE~2#:#FRENCH~2#:#SUGAR~2,1.0#:#1.0#:#1.0,1.0,1.0,1
6143,COFFEE_NESTLE_SUGAR,4,3345,2,6,0,0,0,0,COFFEE~2#:#NESTLE~2#:#SUGAR~2,2.0#:#2.0#:#2.0,2.0,2.0,1
6144,COFFEE_NESTLE_VANILLA,2,3345,2,6,0,0,0,0,COFFEE~2#:#NESTLE~2#:#VANILLA~2,1.0#:#1.0#:#1.0,1.0,1.0,1
6145,COFFEE_SUGAR_VANILLA,2,3345,3,6,0,0,0,0,COFFEE~2#:#SUGAR~2#:#VANILLA~2,1.0#:#1.0#:#1.0,1.0,1.0,1
6146,FREE_FRENCH_NESTLE,2,3345,1,6,0,0,0,0,FREE~2#:#FRENCH~2#:#NESTLE~2,1.0#:#1.0#:#1.0,1.0,1.0,1
6147,FREE_FRENCH_SUGAR,2,3345,2,6,0,0,0,0,FREE~2#:#FRENCH~2#:#SUGAR~2,1.0#:#1.0#:#1.0,1.0,1.0,1
6148,FREE_FRENCH_VANILLA,2,3345,2,6,0,0,0,0,FREE~2#:#FRENCH~2#:#VANILLA~2,1.0#:#1.0#:#1.0,1.0,1.0,1
6149,FREE_NESTLE_SUGAR,4,3345,2,6,0,0,0,0,FREE~2#:#NESTLE~2#:#SUGAR~2,2.0#:#2.0#:#2.0,2.0,2.0,1
6150,FREE_NESTLE_VANILLA,2,3345,2,6,0,0,0,0,FREE~2#:#NESTLE~2#:#VANILLA~2,1.0#:#1.0#:#1.0,1.0,1.0,1
6151,FREE_SUGAR_VANILLA,3,3345,3,6,0,0,0,0,FREE~2#:#SUGAR~2#:#VANILLA~2,1.5#:#1.5#:#1.5,1.5,1.5,1
6152,FRENCH_NESTLE_SUGAR,2,3345,1,6,0,0,0,0,FRENCH~2#:#NESTLE~2#:#SUGAR~2,1.0#:#1.0#:#1.0,1.0,1.0,1
6153,FRENCH_NESTLE_VANILLA,2,3345,1,6,0,0,0,0,FRENCH~2#:#NESTLE~2#:#VANILLA~2,1.0#:#1.0#:#1.0,1.0,1.0,1
6154,FRENCH_SUGAR_VANILLA,2,3345,2,6,0,0,0,0,FRENCH~2#:#SUGAR~2#:#VANILLA~2,1.0#:#1.0#:#1.0,1.0,1.0,1
6155,NESTLE_SUGAR_VANILLA,2,3345,2,6,0,0,0,0,NESTLE~2#:#SUGAR~2#:#VANILLA~2,1.0#:#1.0#:#1.0,1.0,1.0,1
6156,COFFEE_CREAMY_FLAVOUR,8,3345,3,6,0,0,0,0,COFFEE~2#:#CREAMY~3#:#FLAVOUR~3,4.0#:#2.67#:#2.67,4.0,2.67,1
6157,CREAMY_FLAVOUR_NESTLE,7,3345,2,6,0,0,0,0,CREAMY~3#:#FLAVOUR~3#:#NESTLE~2,2.33#:#2.33#:#3.5,3.5,2.33,1
6158,COFFEE_FLAVOUR_NESTLE,7,3345,2,6,0,0,0,0,COFFEE~2#:#FLAVOUR~3#:#NESTLE~2,3.5#:#2.33#:#3.5,3.5,2.33,1
6159,AMUL_CHOCOLATE_DRINK,2,3345,0,6,0,0,0,0,AMUL~3#:#CHOCOLATE~2#:#DRINK~2,0.67#:#1.0#:#1.0,1.0,0.67,0
6160,AMUL_CHOCOLATE_FAT,3,3345,0,6,0,0,0,0,AMUL~3#:#CHOCOLATE~2#:#FAT~2,1.0#:#1.5#:#1.5,1.5,1.0,1
6161,AMUL_CHOCOLATE_LOW,3,3345,0,6,0,0,0,0,AMUL~3#:#CHOCOLATE~2#:#LOW~2,1.0#:#1.5#:#1.5,1.5,1.0,1
6162,AMUL_CHOCOLATE_MILD,3,3345,0,6,0,0,0,0,AMUL~3#:#CHOCOLATE~2#:#MILD~2,1.0#:#1.5#:#1.5,1.5,1.0,1
6163,AMUL_DRINK_MILD,5,3345,0,6,0,0,0,0,AMUL~3#:#DRINK~2#:#MILD~2,1.67#:#2.5#:#2.5,2.5,1.67,1
6164,AMUL_DRINK_READY#TO,2,3345,0,6,0,0,0,0,AMUL~3#:#DRINK~2#:#READY#TO~2,0.67#:#1.0#:#1.0,1.0,0.67,0
6165,AMUL_FAT_MILD,8,3345,0,6,0,0,0,0,AMUL~3#:#FAT~2#:#MILD~2,2.67#:#4.0#:#4.0,4.0,2.67,1
6166,AMUL_LOW_MILD,4,3345,0,6,0,0,0,0,AMUL~3#:#LOW~2#:#MILD~2,1.33#:#2.0#:#2.0,2.0,1.33,1
6167,AMUL_MILD_READY#TO,2,3345,0,6,0,0,0,0,AMUL~3#:#MILD~2#:#READY#TO~2,0.67#:#1.0#:#1.0,1.0,0.67,0
6168,CHOCOLATE_DRINK_FAT,2,3345,0,6,0,0,0,0,CHOCOLATE~2#:#DRINK~2#:#FAT~2,1.0#:#1.0#:#1.0,1.0,1.0,1
6169,CHOCOLATE_DRINK_LOW,2,3345,0,6,0,0,0,0,CHOCOLATE~2#:#DRINK~2#:#LOW~2,1.0#:#1.0#:#1.0,1.0,1.0,1
6170,CHOCOLATE_DRINK_MILD,4,3345,0,6,0,0,0,0,CHOCOLATE~2#:#DRINK~2#:#MILD~2,2.0#:#2.0#:#2.0,2.0,2.0,1
6171,CHOCOLATE_DRINK_READY#TO,3,3345,0,6,0,0,0,0,CHOCOLATE~2#:#DRINK~2#:#READY#TO~2,1.5#:#1.5#:#1.5,1.5,1.5,1
6172,CHOCOLATE_FAT_READY#TO,2,3345,0,6,0,0,0,0,CHOCOLATE~2#:#FAT~2#:#READY#TO~2,1.0#:#1.0#:#1.0,1.0,1.0,1
6173,CHOCOLATE_LOW_READY#TO,2,3345,0,6,0,0,0,0,CHOCOLATE~2#:#LOW~2#:#READY#TO~2,1.0#:#1.0#:#1.0,1.0,1.0,1
6174,CHOCOLATE_MILD_READY#TO,2,3345,0,6,0,0,0,0,CHOCOLATE~2#:#MILD~2#:#READY#TO~2,1.0#:#1.0#:#1.0,1.0,1.0,1
6175,DRINK_FAT_LOW,2,3345,0,6,0,0,0,0,DRINK~2#:#FAT~2#:#LOW~2,1.0#:#1.0#:#1.0,1.0,1.0,1
6176,DRINK_FAT_MILD,2,3345,0,6,0,0,0,0,DRINK~2#:#FAT~2#:#MILD~2,1.0#:#1.0#:#1.0,1.0,1.0,1
6177,DRINK_FAT_READY#TO,2,3345,0,6,0,0,0,0,DRINK~2#:#FAT~2#:#READY#TO~2,1.0#:#1.0#:#1.0,1.0,1.0,1
6178,DRINK_LOW_MILD,2,3345,0,6,0,0,0,0,DRINK~2#:#LOW~2#:#MILD~2,1.0#:#1.0#:#1.0,1.0,1.0,1
6179,DRINK_LOW_READY#TO,2,3345,0,6,0,0,0,0,DRINK~2#:#LOW~2#:#READY#TO~2,1.0#:#1.0#:#1.0,1.0,1.0,1
6180,DRINK_MILD_READY#TO,3,3345,0,6,0,0,0,0,DRINK~2#:#MILD~2#:#READY#TO~2,1.5#:#1.5#:#1.5,1.5,1.5,1
6181,FAT_LOW_READY#TO,2,3345,0,6,0,0,0,0,FAT~2#:#LOW~2#:#READY#TO~2,1.0#:#1.0#:#1.0,1.0,1.0,1
6182,FAT_MILD_READY#TO,2,3345,0,6,0,0,0,0,FAT~2#:#MILD~2#:#READY#TO~2,1.0#:#1.0#:#1.0,1.0,1.0,1
6183,LOW_MILD_READY#TO,2,3345,0,6,0,0,0,0,LOW~2#:#MILD~2#:#READY#TO~2,1.0#:#1.0#:#1.0,1.0,1.0,1
6184,AMUL_BLEND_CREAMY,2,3345,1,6,0,0,0,0,AMUL~3#:#BLEND~2#:#CREAMY~3,0.67#:#1.0#:#0.67,1.0,0.67,0
6185,AMUL_CREAMY_MILD,5,3345,1,6,0,0,0,0,AMUL~3#:#CREAMY~3#:#MILD~2,1.67#:#1.67#:#2.5,2.5,1.67,1
6186,AMUL_BLEND_FRESH,2,3345,1,6,0,0,0,0,AMUL~3#:#BLEND~2#:#FRESH~3,0.67#:#1.0#:#0.67,1.0,0.67,0
6187,AMUL_FRESH_MILD,8,3345,1,6,0,0,0,0,AMUL~3#:#FRESH~3#:#MILD~2,2.67#:#2.67#:#4.0,4.0,2.67,1
6188,AMUL_BLEND_MILD,2,3345,0,6,0,0,0,0,AMUL~3#:#BLEND~2#:#MILD~2,0.67#:#1.0#:#1.0,1.0,0.67,0
6189,BLEND_CREAMY_FRESH,2,3345,2,6,0,0,0,0,BLEND~2#:#CREAMY~3#:#FRESH~3,1.0#:#0.67#:#0.67,1.0,0.67,0
6190,CREAMY_FRESH_MILD,4,3345,2,6,0,0,0,0,CREAMY~3#:#FRESH~3#:#MILD~2,1.33#:#1.33#:#2.0,2.0,1.33,1
6191,BLEND_CREAMY_MILD,2,3345,1,6,0,0,0,0,BLEND~2#:#CREAMY~3#:#MILD~2,1.0#:#0.67#:#1.0,1.0,0.67,0
6192,BLEND_FRESH_MILD,2,3345,1,6,0,0,0,0,BLEND~2#:#FRESH~3#:#MILD~2,1.0#:#0.67#:#1.0,1.0,0.67,0
6193,AMUL_MILD_RICH,4,3345,0,6,0,0,0,0,AMUL~3#:#MILD~2#:#RICH~2,1.33#:#2.0#:#2.0,2.0,1.33,1
6194,AMUL_MILD_STYLE,2,3345,0,6,0,0,0,0,AMUL~3#:#MILD~2#:#STYLE~2,0.67#:#1.0#:#1.0,1.0,0.67,0
6195,CHOCOLATE_MILD_RICH,2,3345,0,6,0,0,0,0,CHOCOLATE~2#:#MILD~2#:#RICH~2,1.0#:#1.0#:#1.0,1.0,1.0,1
6196,AMUL_CREAMY_SWEET,2,3345,2,6,0,0,0,0,AMUL~3#:#CREAMY~3#:#SWEET~2,0.67#:#0.67#:#1.0,1.0,0.67,0
6197,AMUL_MILD_SWEET,4,3345,1,6,0,0,0,0,AMUL~3#:#MILD~2#:#SWEET~2,1.33#:#2.0#:#2.0,2.0,1.33,1
6198,AMUL_BEVERAGE_DAIRY,4,3345,0,6,0,0,0,0,AMUL~3#:#BEVERAGE~2#:#DAIRY~2,1.33#:#2.0#:#2.0,2.0,1.33,1
6199,AMUL_BEVERAGE_MILD,3,3345,0,6,0,0,0,0,AMUL~3#:#BEVERAGE~2#:#MILD~2,1.0#:#1.5#:#1.5,1.5,1.0,1
6200,AMUL_BEVERAGE_RICH,2,3345,0,6,0,0,0,0,AMUL~3#:#BEVERAGE~2#:#RICH~2,0.67#:#1.0#:#1.0,1.0,0.67,0
6201,AMUL_BEVERAGE_SWEET,3,3345,1,6,0,0,0,0,AMUL~3#:#BEVERAGE~2#:#SWEET~2,1.0#:#1.5#:#1.5,1.5,1.0,1
6202,AMUL_DAIRY_MILD,6,3345,0,6,0,0,0,0,AMUL~3#:#DAIRY~2#:#MILD~2,2.0#:#3.0#:#3.0,3.0,2.0,1
6203,AMUL_DAIRY_RICH,3,3345,0,6,0,0,0,0,AMUL~3#:#DAIRY~2#:#RICH~2,1.0#:#1.5#:#1.5,1.5,1.0,1
6204,AMUL_DAIRY_SWEET,3,3345,1,6,0,0,0,0,AMUL~3#:#DAIRY~2#:#SWEET~2,1.0#:#1.5#:#1.5,1.5,1.0,1
6205,AMUL_RICH_SWEET,2,3345,1,6,0,0,0,0,AMUL~3#:#RICH~2#:#SWEET~2,0.67#:#1.0#:#1.0,1.0,0.67,0
6206,BEVERAGE_DAIRY_MILD,7,3345,0,6,0,0,0,0,BEVERAGE~2#:#DAIRY~2#:#MILD~2,3.5#:#3.5#:#3.5,3.5,3.5,1
6207,BEVERAGE_DAIRY_RICH,2,3345,0,6,0,0,0,0,BEVERAGE~2#:#DAIRY~2#:#RICH~2,1.0#:#1.0#:#1.0,1.0,1.0,1
6208,BEVERAGE_DAIRY_SWEET,3,3345,1,6,0,0,0,0,BEVERAGE~2#:#DAIRY~2#:#SWEET~2,1.5#:#1.5#:#1.5,1.5,1.5,1
6209,BEVERAGE_MILD_RICH,3,3345,0,6,0,0,0,0,BEVERAGE~2#:#MILD~2#:#RICH~2,1.5#:#1.5#:#1.5,1.5,1.5,1
6210,BEVERAGE_MILD_SWEET,3,3345,1,6,0,0,0,0,BEVERAGE~2#:#MILD~2#:#SWEET~2,1.5#:#1.5#:#1.5,1.5,1.5,1
6211,BEVERAGE_RICH_SWEET,2,3345,1,6,0,0,0,0,BEVERAGE~2#:#RICH~2#:#SWEET~2,1.0#:#1.0#:#1.0,1.0,1.0,1
6212,DAIRY_MILD_RICH,3,3345,0,6,0,0,0,0,DAIRY~2#:#MILD~2#:#RICH~2,1.5#:#1.5#:#1.5,1.5,1.5,1
6213,DAIRY_MILD_SWEET,3,3345,1,6,0,0,0,0,DAIRY~2#:#MILD~2#:#SWEET~2,1.5#:#1.5#:#1.5,1.5,1.5,1
6214,DAIRY_RICH_SWEET,2,3345,1,6,0,0,0,0,DAIRY~2#:#RICH~2#:#SWEET~2,1.0#:#1.0#:#1.0,1.0,1.0,1
6215,MILD_RICH_SWEET,2,3345,1,6,0,0,0,0,MILD~2#:#RICH~2#:#SWEET~2,1.0#:#1.0#:#1.0,1.0,1.0,1
6216,DAIRY_MILD_OATS,2,3345,0,6,0,0,0,0,DAIRY~2#:#MILD~2#:#OATS~2,1.0#:#1.0#:#1.0,1.0,1.0,1
6217,BASED#PLANT_DAIRY_MILD,2,3345,0,6,0,0,0,0,BASED#PLANT~2#:#DAIRY~2#:#MILD~2,1.0#:#1.0#:#1.0,1.0,1.0,1
6218,BASED#PLANT_DAIRY_OATS,2,3345,0,6,0,0,0,0,BASED#PLANT~2#:#DAIRY~2#:#OATS~2,1.0#:#1.0#:#1.0,1.0,1.0,1
6219,BASED#PLANT_MILD_OATS,2,3345,0,6,0,0,0,0,BASED#PLANT~2#:#MILD~2#:#OATS~2,1.0#:#1.0#:#1.0,1.0,1.0,1
6220,EPIGAMIA_FAT_GREEN,10,3345,0,6,0,0,0,0,EPIGAMIA~2#:#FAT~2#:#GREEN~2,5.0#:#5.0#:#5.0,5.0,5.0,1
6221,EPIGAMIA_FAT_RASPBERRY,2,3345,0,6,0,0,0,0,EPIGAMIA~2#:#FAT~2#:#RASPBERRY~2,1.0#:#1.0#:#1.0,1.0,1.0,1
6222,EPIGAMIA_FAT_YOGURT,10,3345,0,6,0,0,0,0,EPIGAMIA~2#:#FAT~2#:#YOGURT~2,5.0#:#5.0#:#5.0,5.0,5.0,1
6223,EPIGAMIA_FAT_ZERO,3,3345,0,6,0,0,0,0,EPIGAMIA~2#:#FAT~2#:#ZERO~2,1.5#:#1.5#:#1.5,1.5,1.5,1
6224,EPIGAMIA_GREEN_RASPBERRY,3,3345,0,6,0,0,0,0,EPIGAMIA~2#:#GREEN~2#:#RASPBERRY~2,1.5#:#1.5#:#1.5,1.5,1.5,1
6225,EPIGAMIA_GREEN_YOGURT,19,3345,0,6,0,0,0,0,EPIGAMIA~2#:#GREEN~2#:#YOGURT~2,9.5#:#9.5#:#9.5,9.5,9.5,1
6226,EPIGAMIA_GREEN_ZERO,5,3345,0,6,0,0,0,0,EPIGAMIA~2#:#GREEN~2#:#ZERO~2,2.5#:#2.5#:#2.5,2.5,2.5,1
6227,EPIGAMIA_RASPBERRY_YOGURT,3,3345,0,6,0,0,0,0,EPIGAMIA~2#:#RASPBERRY~2#:#YOGURT~2,1.5#:#1.5#:#1.5,1.5,1.5,1
6228,EPIGAMIA_YOGURT_ZERO,5,3345,0,6,0,0,0,0,EPIGAMIA~2#:#YOGURT~2#:#ZERO~2,2.5#:#2.5#:#2.5,2.5,2.5,1
6229,FAT_GREEN_RASPBERRY,2,3345,0,6,0,0,0,0,FAT~2#:#GREEN~2#:#RASPBERRY~2,1.0#:#1.0#:#1.0,1.0,1.0,1
6230,FAT_GREEN_YOGURT,10,3345,0,6,0,0,0,0,FAT~2#:#GREEN~2#:#YOGURT~2,5.0#:#5.0#:#5.0,5.0,5.0,1
6231,FAT_GREEN_ZERO,3,3345,0,6,0,0,0,0,FAT~2#:#GREEN~2#:#ZERO~2,1.5#:#1.5#:#1.5,1.5,1.5,1
6232,FAT_RASPBERRY_YOGURT,2,3345,0,6,0,0,0,0,FAT~2#:#RASPBERRY~2#:#YOGURT~2,1.0#:#1.0#:#1.0,1.0,1.0,1
6233,FAT_YOGURT_ZERO,3,3345,0,6,0,0,0,0,FAT~2#:#YOGURT~2#:#ZERO~2,1.5#:#1.5#:#1.5,1.5,1.5,1
6234,GREEN_RASPBERRY_YOGURT,3,3345,0,6,0,0,0,0,GREEN~2#:#RASPBERRY~2#:#YOGURT~2,1.5#:#1.5#:#1.5,1.5,1.5,1
6235,GREEN_YOGURT_ZERO,5,3345,0,6,0,0,0,0,GREEN~2#:#YOGURT~2#:#ZERO~2,2.5#:#2.5#:#2.5,2.5,2.5,1
6236,EPIGAMIA_FAT_LOW,5,3345,0,6,0,0,0,0,EPIGAMIA~2#:#FAT~2#:#LOW~2,2.5#:#2.5#:#2.5,2.5,2.5,1
6237,EPIGAMIA_FAT_STRAWBERRY,3,3345,1,6,0,0,0,0,EPIGAMIA~2#:#FAT~2#:#STRAWBERRY~2,1.5#:#1.5#:#1.5,1.5,1.5,1
6238,EPIGAMIA_GREEN_LOW,5,3345,0,6,0,0,0,0,EPIGAMIA~2#:#GREEN~2#:#LOW~2,2.5#:#2.5#:#2.5,2.5,2.5,1
6239,EPIGAMIA_GREEN_STRAWBERRY,4,3345,1,6,0,0,0,0,EPIGAMIA~2#:#GREEN~2#:#STRAWBERRY~2,2.0#:#2.0#:#2.0,2.0,2.0,1
6240,EPIGAMIA_LOW_STRAWBERRY,2,3345,1,6,0,0,0,0,EPIGAMIA~2#:#LOW~2#:#STRAWBERRY~2,1.0#:#1.0#:#1.0,1.0,1.0,1
6241,EPIGAMIA_LOW_YOGURT,5,3345,0,6,0,0,0,0,EPIGAMIA~2#:#LOW~2#:#YOGURT~2,2.5#:#2.5#:#2.5,2.5,2.5,1
6242,EPIGAMIA_STRAWBERRY_YOGURT,6,3345,1,6,0,0,0,0,EPIGAMIA~2#:#STRAWBERRY~2#:#YOGURT~2,3.0#:#3.0#:#3.0,3.0,3.0,1
6243,FAT_GREEN_LOW,5,3345,0,6,0,0,0,0,FAT~2#:#GREEN~2#:#LOW~2,2.5#:#2.5#:#2.5,2.5,2.5,1
6244,FAT_GREEN_STRAWBERRY,3,3345,1,6,0,0,0,0,FAT~2#:#GREEN~2#:#STRAWBERRY~2,1.5#:#1.5#:#1.5,1.5,1.5,1
6245,FAT_LOW_STRAWBERRY,2,3345,1,6,0,0,0,0,FAT~2#:#LOW~2#:#STRAWBERRY~2,1.0#:#1.0#:#1.0,1.0,1.0,1
6246,FAT_LOW_YOGURT,7,3345,0,6,0,0,0,0,FAT~2#:#LOW~2#:#YOGURT~2,3.5#:#3.5#:#3.5,3.5,3.5,1
6247,FAT_STRAWBERRY_YOGURT,3,3345,1,6,0,0,0,0,FAT~2#:#STRAWBERRY~2#:#YOGURT~2,1.5#:#1.5#:#1.5,1.5,1.5,1
6248,GREEN_LOW_STRAWBERRY,2,3345,1,6,0,0,0,0,GREEN~2#:#LOW~2#:#STRAWBERRY~2,1.0#:#1.0#:#1.0,1.0,1.0,1
6249,GREEN_LOW_YOGURT,5,3345,0,6,0,0,0,0,GREEN~2#:#LOW~2#:#YOGURT~2,2.5#:#2.5#:#2.5,2.5,2.5,1
6250,GREEN_STRAWBERRY_YOGURT,4,3345,1,6,0,0,0,0,GREEN~2#:#STRAWBERRY~2#:#YOGURT~2,2.0#:#2.0#:#2.0,2.0,2.0,1
6251,LOW_STRAWBERRY_YOGURT,2,3345,1,6,0,0,0,0,LOW~2#:#STRAWBERRY~2#:#YOGURT~2,1.0#:#1.0#:#1.0,1.0,1.0,1
6252,CHERRY_EPIGAMIA_GREEN,3,3345,1,6,0,0,0,0,CHERRY~2#:#EPIGAMIA~2#:#GREEN~2,1.5#:#1.5#:#1.5,1.5,1.5,1
6253,CHERRY_EPIGAMIA_YOGURT,3,3345,1,6,0,0,0,0,CHERRY~2#:#EPIGAMIA~2#:#YOGURT~2,1.5#:#1.5#:#1.5,1.5,1.5,1
6254,CHERRY_GREEN_YOGURT,3,3345,1,6,0,0,0,0,CHERRY~2#:#GREEN~2#:#YOGURT~2,1.5#:#1.5#:#1.5,1.5,1.5,1
6255,CREAMY_EPIGAMIA_FLAVOUR,4,3345,2,6,0,0,0,0,CREAMY~3#:#EPIGAMIA~2#:#FLAVOUR~3,1.33#:#2.0#:#1.33,2.0,1.33,1
6256,CREAMY_FLAVOUR_YOGURT,4,3345,2,6,0,0,0,0,CREAMY~3#:#FLAVOUR~3#:#YOGURT~2,1.33#:#1.33#:#2.0,2.0,1.33,1
6257,CREAMY_EPIGAMIA_GREEN,3,3345,1,6,0,0,0,0,CREAMY~3#:#EPIGAMIA~2#:#GREEN~2,1.0#:#1.5#:#1.5,1.5,1.0,1
6258,CREAMY_EPIGAMIA_YOGURT,8,3345,1,6,0,0,0,0,CREAMY~3#:#EPIGAMIA~2#:#YOGURT~2,2.67#:#4.0#:#4.0,4.0,2.67,1
6259,CREAMY_GREEN_YOGURT,3,3345,1,6,0,0,0,0,CREAMY~3#:#GREEN~2#:#YOGURT~2,1.0#:#1.5#:#1.5,1.5,1.0,1
6260,EPIGAMIA_FLAVOUR_GREEN,4,3345,1,6,0,0,0,0,EPIGAMIA~2#:#FLAVOUR~3#:#GREEN~2,2.0#:#1.33#:#2.0,2.0,1.33,1
6261,EPIGAMIA_FLAVOUR_YOGURT,7,3345,1,6,0,0,0,0,EPIGAMIA~2#:#FLAVOUR~3#:#YOGURT~2,3.5#:#2.33#:#3.5,3.5,2.33,1
6262,FLAVOUR_GREEN_YOGURT,4,3345,1,6,0,0,0,0,FLAVOUR~3#:#GREEN~2#:#YOGURT~2,1.33#:#2.0#:#2.0,2.0,1.33,1
6263,EPIGAMIA_VANILLA_YOGURT,4,3345,1,6,0,0,0,0,EPIGAMIA~2#:#VANILLA~2#:#YOGURT~2,2.0#:#2.0#:#2.0,2.0,2.0,1
6264,FAT_VANILLA_YOGURT,2,3345,1,6,0,0,0,0,FAT~2#:#VANILLA~2#:#YOGURT~2,1.0#:#1.0#:#1.0,1.0,1.0,1
6265,CREAMY_DESSERT_EPIGAMIA,7,3345,1,6,0,0,0,0,CREAMY~3#:#DESSERT~2#:#EPIGAMIA~2,2.33#:#3.5#:#3.5,3.5,2.33,1
6266,CREAMY_DESSERT_STYLE,2,3345,1,6,0,0,0,0,CREAMY~3#:#DESSERT~2#:#STYLE~2,0.67#:#1.0#:#1.0,1.0,0.67,0
6267,CREAMY_DESSERT_VANILLA,3,3345,2,6,0,0,0,0,CREAMY~3#:#DESSERT~2#:#VANILLA~2,1.0#:#1.5#:#1.5,1.5,1.0,1
6268,CREAMY_DESSERT_YOGURT,6,3345,1,6,0,0,0,0,CREAMY~3#:#DESSERT~2#:#YOGURT~2,2.0#:#3.0#:#3.0,3.0,2.0,1
6269,CREAMY_EPIGAMIA_STYLE,2,3345,1,6,0,0,0,0,CREAMY~3#:#EPIGAMIA~2#:#STYLE~2,0.67#:#1.0#:#1.0,1.0,0.67,0
6270,CREAMY_EPIGAMIA_VANILLA,3,3345,2,6,0,0,0,0,CREAMY~3#:#EPIGAMIA~2#:#VANILLA~2,1.0#:#1.5#:#1.5,1.5,1.0,1
6271,CREAMY_STYLE_YOGURT,2,3345,1,6,0,0,0,0,CREAMY~3#:#STYLE~2#:#YOGURT~2,0.67#:#1.0#:#1.0,1.0,0.67,0
6272,CREAMY_VANILLA_YOGURT,4,3345,2,6,0,0,0,0,CREAMY~3#:#VANILLA~2#:#YOGURT~2,1.33#:#2.0#:#2.0,2.0,1.33,1
6273,DESSERT_EPIGAMIA_STYLE,4,3345,0,6,0,0,0,0,DESSERT~2#:#EPIGAMIA~2#:#STYLE~2,2.0#:#2.0#:#2.0,2.0,2.0,1
6274,DESSERT_EPIGAMIA_VANILLA,2,3345,1,6,0,0,0,0,DESSERT~2#:#EPIGAMIA~2#:#VANILLA~2,1.0#:#1.0#:#1.0,1.0,1.0,1
6275,DESSERT_EPIGAMIA_YOGURT,6,3345,0,6,0,0,0,0,DESSERT~2#:#EPIGAMIA~2#:#YOGURT~2,3.0#:#3.0#:#3.0,3.0,3.0,1
6276,DESSERT_STYLE_YOGURT,4,3345,0,6,0,0,0,0,DESSERT~2#:#STYLE~2#:#YOGURT~2,2.0#:#2.0#:#2.0,2.0,2.0,1
6277,DESSERT_VANILLA_YOGURT,2,3345,1,6,0,0,0,0,DESSERT~2#:#VANILLA~2#:#YOGURT~2,1.0#:#1.0#:#1.0,1.0,1.0,1
6278,EPIGAMIA_STYLE_YOGURT,4,3345,0,6,0,0,0,0,EPIGAMIA~2#:#STYLE~2#:#YOGURT~2,2.0#:#2.0#:#2.0,2.0,2.0,1
6279,AMUL_FLAVOUR_STRAWBERRY,3,3345,2,6,0,0,0,0,AMUL~3#:#FLAVOUR~3#:#STRAWBERRY~2,1.0#:#1.0#:#1.5,1.5,1.0,1
6280,AMUL_FLAVOUR_YOGURT,4,3345,1,6,0,0,0,0,AMUL~3#:#FLAVOUR~3#:#YOGURT~2,1.33#:#1.33#:#2.0,2.0,1.33,1
6281,AMUL_STRAWBERRY_YOGURT,3,3345,1,6,0,0,0,0,AMUL~3#:#STRAWBERRY~2#:#YOGURT~2,1.0#:#1.5#:#1.5,1.5,1.0,1
6282,FLAVOUR_STRAWBERRY_YOGURT,3,3345,2,6,0,0,0,0,FLAVOUR~3#:#STRAWBERRY~2#:#YOGURT~2,1.0#:#1.5#:#1.5,1.5,1.0,1
6283,FAT_FRESH_MILD,3,3345,1,6,0,0,0,0,FAT~2#:#FRESH~3#:#MILD~2,1.5#:#1.0#:#1.5,1.5,1.0,1
6284,AMUL_CREAMY_FLAVOUR,4,3345,2,6,0,0,0,0,AMUL~3#:#CREAMY~3#:#FLAVOUR~3,1.33#:#1.33#:#1.33,1.33,1.33,1
6285,CREAMY_SUGAR_ZERO,2,3345,2,6,0,0,0,0,CREAMY~3#:#SUGAR~2#:#ZERO~2,0.67#:#1.0#:#1.0,1.0,0.67,0
6286,AMUL_FLAVOUR_FRESH,2,3345,2,6,0,0,0,0,AMUL~3#:#FLAVOUR~3#:#FRESH~3,0.67#:#0.67#:#0.67,0.67,0.67,0
6287,AMUL_DAIRY_FLAVOUR,3,3345,1,6,0,0,0,0,AMUL~3#:#DAIRY~2#:#FLAVOUR~3,1.0#:#1.5#:#1.0,1.5,1.0,1
6288,AMUL_DAIRY_FRESH,4,3345,1,6,0,0,0,0,AMUL~3#:#DAIRY~2#:#FRESH~3,1.33#:#2.0#:#1.33,2.0,1.33,1
6289,AMUL_CREAMY_CREAMY,2,3345,2,6,0,0,0,0,AMUL~3#:#CREAMY~3#:#CREAMY~3,0.67#:#0.67#:#0.67,0.67,0.67,0
6290,AMUL_CREAMY_VANILLA,3,3345,2,6,0,0,0,0,AMUL~3#:#CREAMY~3#:#VANILLA~2,1.0#:#1.0#:#1.5,1.5,1.0,1
6291,AMUL_FLAVOUR_VANILLA,2,3345,2,6,0,0,0,0,AMUL~3#:#FLAVOUR~3#:#VANILLA~2,0.67#:#0.67#:#1.0,1.0,0.67,0
6292,CREAMY_CREAMY_FLAVOUR,2,3345,3,6,0,0,0,0,CREAMY~3#:#CREAMY~3#:#FLAVOUR~3,0.67#:#0.67#:#0.67,0.67,0.67,0
6293,CREAMY_CREAMY_VANILLA,2,3345,3,6,0,0,0,0,CREAMY~3#:#CREAMY~3#:#VANILLA~2,0.67#:#0.67#:#1.0,1.0,0.67,0
6294,CREAMY_FLAVOUR_FRESH,2,3345,3,6,0,0,0,0,CREAMY~3#:#FLAVOUR~3#:#FRESH~3,0.67#:#0.67#:#0.67,0.67,0.67,0
6295,CREAMY_FLAVOUR_VANILLA,2,3345,3,6,0,0,0,0,CREAMY~3#:#FLAVOUR~3#:#VANILLA~2,0.67#:#0.67#:#1.0,1.0,0.67,0
6296,CREAMY_FRESH_VANILLA,2,3345,3,6,0,0,0,0,CREAMY~3#:#FRESH~3#:#VANILLA~2,0.67#:#0.67#:#1.0,1.0,0.67,0
6297,ALMOND_BEVERAGE_DAIRY,2,3345,1,6,0,0,0,0,ALMOND~2#:#BEVERAGE~2#:#DAIRY~2,1.0#:#1.0#:#1.0,1.0,1.0,1
6298,ALMOND_BEVERAGE_FREE,2,3345,2,6,0,0,0,0,ALMOND~2#:#BEVERAGE~2#:#FREE~2,1.0#:#1.0#:#1.0,1.0,1.0,1
6299,ALMOND_BEVERAGE_MILD,4,3345,1,6,0,0,0,0,ALMOND~2#:#BEVERAGE~2#:#MILD~2,2.0#:#2.0#:#2.0,2.0,2.0,1
6300,ALMOND_BEVERAGE_VANILLA,3,3345,2,6,0,0,0,0,ALMOND~2#:#BEVERAGE~2#:#VANILLA~2,1.5#:#1.5#:#1.5,1.5,1.5,1
6301,ALMOND_DAIRY_FREE,3,3345,2,6,0,0,0,0,ALMOND~2#:#DAIRY~2#:#FREE~2,1.5#:#1.5#:#1.5,1.5,1.5,1
6302,ALMOND_DAIRY_MILD,3,3345,1,6,0,0,0,0,ALMOND~2#:#DAIRY~2#:#MILD~2,1.5#:#1.5#:#1.5,1.5,1.5,1
6303,ALMOND_DAIRY_VANILLA,2,3345,2,6,0,0,0,0,ALMOND~2#:#DAIRY~2#:#VANILLA~2,1.0#:#1.0#:#1.0,1.0,1.0,1
6304,ALMOND_FREE_MILD,3,3345,2,6,0,0,0,0,ALMOND~2#:#FREE~2#:#MILD~2,1.5#:#1.5#:#1.5,1.5,1.5,1
6305,ALMOND_FREE_VANILLA,2,3345,3,6,0,0,0,0,ALMOND~2#:#FREE~2#:#VANILLA~2,1.0#:#1.0#:#1.0,1.0,1.0,1
6306,ALMOND_MILD_VANILLA,6,3345,2,6,0,0,0,0,ALMOND~2#:#MILD~2#:#VANILLA~2,3.0#:#3.0#:#3.0,3.0,3.0,1
6307,BEVERAGE_DAIRY_FREE,2,3345,1,6,0,0,0,0,BEVERAGE~2#:#DAIRY~2#:#FREE~2,1.0#:#1.0#:#1.0,1.0,1.0,1
6308,BEVERAGE_DAIRY_VANILLA,2,3345,1,6,0,0,0,0,BEVERAGE~2#:#DAIRY~2#:#VANILLA~2,1.0#:#1.0#:#1.0,1.0,1.0,1
6309,BEVERAGE_FREE_MILD,2,3345,1,6,0,0,0,0,BEVERAGE~2#:#FREE~2#:#MILD~2,1.0#:#1.0#:#1.0,1.0,1.0,1
6310,BEVERAGE_MILD_VANILLA,4,3345,1,6,0,0,0,0,BEVERAGE~2#:#MILD~2#:#VANILLA~2,2.0#:#2.0#:#2.0,2.0,2.0,1
6311,DAIRY_FREE_MILD,5,3345,1,6,0,0,0,0,DAIRY~2#:#FREE~2#:#MILD~2,2.5#:#2.5#:#2.5,2.5,2.5,1
6312,DAIRY_FREE_VANILLA,4,3345,2,6,0,0,0,0,DAIRY~2#:#FREE~2#:#VANILLA~2,2.0#:#2.0#:#2.0,2.0,2.0,1
6313,DAIRY_MILD_VANILLA,5,3345,1,6,0,0,0,0,DAIRY~2#:#MILD~2#:#VANILLA~2,2.5#:#2.5#:#2.5,2.5,2.5,1
6314,FREE_MILD_VANILLA,4,3345,2,6,0,0,0,0,FREE~2#:#MILD~2#:#VANILLA~2,2.0#:#2.0#:#2.0,2.0,2.0,1
6315,BEVERAGE_DAIRY_FLAVOUR,4,3345,1,6,0,0,0,0,BEVERAGE~2#:#DAIRY~2#:#FLAVOUR~3,2.0#:#2.0#:#1.33,2.0,1.33,1
6316,ALMOND_BEVERAGE_FLAVOUR,3,3345,2,6,0,0,0,0,ALMOND~2#:#BEVERAGE~2#:#FLAVOUR~3,1.5#:#1.5#:#1.0,1.5,1.0,1
6317,BEVERAGE_FLAVOUR_MILD,7,3345,1,6,0,0,0,0,BEVERAGE~2#:#FLAVOUR~3#:#MILD~2,3.5#:#2.33#:#3.5,3.5,2.33,1
6318,DAIRY_FLAVOUR_MILD,4,3345,1,6,0,0,0,0,DAIRY~2#:#FLAVOUR~3#:#MILD~2,2.0#:#1.33#:#2.0,2.0,1.33,1
6319,ALMOND_FLAVOUR_MILD,4,3345,2,6,0,0,0,0,ALMOND~2#:#FLAVOUR~3#:#MILD~2,2.0#:#1.33#:#2.0,2.0,1.33,1
6320,ALMOND_FLAVOUR_PRESERVED,2,3345,2,6,0,0,0,0,ALMOND~2#:#FLAVOUR~3#:#PRESERVED~2,1.0#:#0.67#:#1.0,1.0,0.67,0
6321,ALMOND_FLAVOUR_RAW,2,3345,2,6,0,0,0,0,ALMOND~2#:#FLAVOUR~3#:#RAW~2,1.0#:#0.67#:#1.0,1.0,0.67,0
6322,FLAVOUR_MILD_PRESERVED,2,3345,1,6,0,0,0,0,FLAVOUR~3#:#MILD~2#:#PRESERVED~2,0.67#:#1.0#:#1.0,1.0,0.67,0
6323,FLAVOUR_MILD_RAW,2,3345,1,6,0,0,0,0,FLAVOUR~3#:#MILD~2#:#RAW~2,0.67#:#1.0#:#1.0,1.0,0.67,0
6324,FLAVOUR_PRESERVED_RAW,3,3345,1,6,0,0,0,0,FLAVOUR~3#:#PRESERVED~2#:#RAW~2,1.0#:#1.5#:#1.5,1.5,1.0,1
6325,ALMOND_DAIRY_PRESERVED,2,3345,1,6,0,0,0,0,ALMOND~2#:#DAIRY~2#:#PRESERVED~2,1.0#:#1.0#:#1.0,1.0,1.0,1
6326,ALMOND_DAIRY_RAW,2,3345,1,6,0,0,0,0,ALMOND~2#:#DAIRY~2#:#RAW~2,1.0#:#1.0#:#1.0,1.0,1.0,1
6327,DAIRY_FREE_PRESERVED,4,3345,1,6,0,0,0,0,DAIRY~2#:#FREE~2#:#PRESERVED~2,2.0#:#2.0#:#2.0,2.0,2.0,1
6328,DAIRY_FREE_RAW,4,3345,1,6,0,0,0,0,DAIRY~2#:#FREE~2#:#RAW~2,2.0#:#2.0#:#2.0,2.0,2.0,1
6329,DAIRY_MILD_PRESERVED,3,3345,0,6,0,0,0,0,DAIRY~2#:#MILD~2#:#PRESERVED~2,1.5#:#1.5#:#1.5,1.5,1.5,1
6330,DAIRY_MILD_RAW,3,3345,0,6,0,0,0,0,DAIRY~2#:#MILD~2#:#RAW~2,1.5#:#1.5#:#1.5,1.5,1.5,1
6331,DAIRY_PRESERVED_RAW,4,3345,0,6,0,0,0,0,DAIRY~2#:#PRESERVED~2#:#RAW~2,2.0#:#2.0#:#2.0,2.0,2.0,1
6332,ALMOND_FREE_PRESERVED,2,3345,2,6,0,0,0,0,ALMOND~2#:#FREE~2#:#PRESERVED~2,1.0#:#1.0#:#1.0,1.0,1.0,1
6333,ALMOND_FREE_RAW,2,3345,2,6,0,0,0,0,ALMOND~2#:#FREE~2#:#RAW~2,1.0#:#1.0#:#1.0,1.0,1.0,1
6334,ALMOND_MILD_PRESERVED,4,3345,1,6,0,0,0,0,ALMOND~2#:#MILD~2#:#PRESERVED~2,2.0#:#2.0#:#2.0,2.0,2.0,1
6335,ALMOND_MILD_RAW,4,3345,1,6,0,0,0,0,ALMOND~2#:#MILD~2#:#RAW~2,2.0#:#2.0#:#2.0,2.0,2.0,1
6336,ALMOND_PRESERVED_RAW,4,3345,1,6,0,0,0,0,ALMOND~2#:#PRESERVED~2#:#RAW~2,2.0#:#2.0#:#2.0,2.0,2.0,1
6337,FREE_MILD_PRESERVED,3,3345,1,6,0,0,0,0,FREE~2#:#MILD~2#:#PRESERVED~2,1.5#:#1.5#:#1.5,1.5,1.5,1
6338,FREE_MILD_RAW,3,3345,1,6,0,0,0,0,FREE~2#:#MILD~2#:#RAW~2,1.5#:#1.5#:#1.5,1.5,1.5,1
6339,FREE_PRESERVED_RAW,4,3345,1,6,0,0,0,0,FREE~2#:#PRESERVED~2#:#RAW~2,2.0#:#2.0#:#2.0,2.0,2.0,1
6340,MILD_PRESERVED_RAW,5,3345,0,6,0,0,0,0,MILD~2#:#PRESERVED~2#:#RAW~2,2.5#:#2.5#:#2.5,2.5,2.5,1
6341,CHOCOLATE_FLAVOUR_MILD,3,3345,1,6,0,0,0,0,CHOCOLATE~2#:#FLAVOUR~3#:#MILD~2,1.5#:#1.0#:#1.5,1.5,1.0,1
6342,FLAVOUR_MINT_PRESERVED,2,3345,2,6,0,0,0,0,FLAVOUR~3#:#MINT~2#:#PRESERVED~2,0.67#:#1.0#:#1.0,1.0,0.67,0
6343,FLAVOUR_MINT_RAW,2,3345,2,6,0,0,0,0,FLAVOUR~3#:#MINT~2#:#RAW~2,0.67#:#1.0#:#1.0,1.0,0.67,0
6344,MINT_PRESERVED_RAW,2,3345,1,6,0,0,0,0,MINT~2#:#PRESERVED~2#:#RAW~2,1.0#:#1.0#:#1.0,1.0,1.0,1
6345,CREAMY_FLAVOUR_FREE,2,3345,3,6,0,0,0,0,CREAMY~3#:#FLAVOUR~3#:#FREE~2,0.67#:#0.67#:#1.0,1.0,0.67,0
6346,CREAMY_FLAVOUR_SUGAR,2,3345,3,6,0,0,0,0,CREAMY~3#:#FLAVOUR~3#:#SUGAR~2,0.67#:#0.67#:#1.0,1.0,0.67,0
6347,COFFEE_FLAVOUR_FREE,2,3345,3,6,0,0,0,0,COFFEE~2#:#FLAVOUR~3#:#FREE~2,1.0#:#0.67#:#1.0,1.0,0.67,0
6348,COFFEE_FLAVOUR_SUGAR,2,3345,3,6,0,0,0,0,COFFEE~2#:#FLAVOUR~3#:#SUGAR~2,1.0#:#0.67#:#1.0,1.0,0.67,0
6349,FLAVOUR_FREE_NESTLE,2,3345,2,6,0,0,0,0,FLAVOUR~3#:#FREE~2#:#NESTLE~2,0.67#:#1.0#:#1.0,1.0,0.67,0
6350,FLAVOUR_FREE_SUGAR,2,3345,3,6,0,0,0,0,FLAVOUR~3#:#FREE~2#:#SUGAR~2,0.67#:#1.0#:#1.0,1.0,0.67,0
6351,FLAVOUR_NESTLE_SUGAR,2,3345,2,6,0,0,0,0,FLAVOUR~3#:#NESTLE~2#:#SUGAR~2,0.67#:#1.0#:#1.0,1.0,0.67,0
6352,CREAMY_FLAVOUR_PUMPKIN,2,3345,2,6,0,0,0,0,CREAMY~3#:#FLAVOUR~3#:#PUMPKIN~2,0.67#:#0.67#:#1.0,1.0,0.67,0
6353,CREAMY_FLAVOUR_SPICY,2,3345,2,6,0,0,0,0,CREAMY~3#:#FLAVOUR~3#:#SPICY~2,0.67#:#0.67#:#1.0,1.0,0.67,0
6354,COFFEE_CREAMY_PUMPKIN,2,3345,2,6,0,0,0,0,COFFEE~2#:#CREAMY~3#:#PUMPKIN~2,1.0#:#0.67#:#1.0,1.0,0.67,0
6355,COFFEE_CREAMY_SPICY,2,3345,2,6,0,0,0,0,COFFEE~2#:#CREAMY~3#:#SPICY~2,1.0#:#0.67#:#1.0,1.0,0.67,0
6356,CREAMY_NESTLE_PUMPKIN,2,3345,1,6,0,0,0,0,CREAMY~3#:#NESTLE~2#:#PUMPKIN~2,0.67#:#1.0#:#1.0,1.0,0.67,0
6357,CREAMY_NESTLE_SPICY,2,3345,1,6,0,0,0,0,CREAMY~3#:#NESTLE~2#:#SPICY~2,0.67#:#1.0#:#1.0,1.0,0.67,0
6358,CREAMY_PUMPKIN_SPICY,2,3345,1,6,0,0,0,0,CREAMY~3#:#PUMPKIN~2#:#SPICY~2,0.67#:#1.0#:#1.0,1.0,0.67,0
6359,COFFEE_FLAVOUR_PUMPKIN,2,3345,2,6,0,0,0,0,COFFEE~2#:#FLAVOUR~3#:#PUMPKIN~2,1.0#:#0.67#:#1.0,1.0,0.67,0
6360,COFFEE_FLAVOUR_SPICY,2,3345,2,6,0,0,0,0,COFFEE~2#:#FLAVOUR~3#:#SPICY~2,1.0#:#0.67#:#1.0,1.0,0.67,0
6361,FLAVOUR_NESTLE_PUMPKIN,2,3345,1,6,0,0,0,0,FLAVOUR~3#:#NESTLE~2#:#PUMPKIN~2,0.67#:#1.0#:#1.0,1.0,0.67,0
6362,FLAVOUR_NESTLE_SPICY,2,3345,1,6,0,0,0,0,FLAVOUR~3#:#NESTLE~2#:#SPICY~2,0.67#:#1.0#:#1.0,1.0,0.67,0
6363,FLAVOUR_PUMPKIN_SPICY,2,3345,1,6,0,0,0,0,FLAVOUR~3#:#PUMPKIN~2#:#SPICY~2,0.67#:#1.0#:#1.0,1.0,0.67,0
6364,COFFEE_NESTLE_PUMPKIN,2,3345,1,6,0,0,0,0,COFFEE~2#:#NESTLE~2#:#PUMPKIN~2,1.0#:#1.0#:#1.0,1.0,1.0,1
6365,COFFEE_NESTLE_SPICY,2,3345,1,6,0,0,0,0,COFFEE~2#:#NESTLE~2#:#SPICY~2,1.0#:#1.0#:#1.0,1.0,1.0,1
6366,COFFEE_PUMPKIN_SPICY,2,3345,1,6,0,0,0,0,COFFEE~2#:#PUMPKIN~2#:#SPICY~2,1.0#:#1.0#:#1.0,1.0,1.0,1
6367,NESTLE_PUMPKIN_SPICY,2,3345,0,6,0,0,0,0,NESTLE~2#:#PUMPKIN~2#:#SPICY~2,1.0#:#1.0#:#1.0,1.0,1.0,1
6368,BEVERAGE_FLAVOUR_RICH,2,3345,1,6,0,0,0,0,BEVERAGE~2#:#FLAVOUR~3#:#RICH~2,1.0#:#0.67#:#1.0,1.0,0.67,0
6369,FLAVOUR_MILD_RICH,2,3345,1,6,0,0,0,0,FLAVOUR~3#:#MILD~2#:#RICH~2,0.67#:#1.0#:#1.0,1.0,0.67,0
6370,BEVERAGE_CHOCOLATE_MILD,2,3345,0,6,0,0,0,0,BEVERAGE~2#:#CHOCOLATE~2#:#MILD~2,1.0#:#1.0#:#1.0,1.0,1.0,1
6371,AMUL_FAT_FREE,3,3345,1,6,0,0,0,0,AMUL~3#:#FAT~2#:#FREE~2,1.0#:#1.5#:#1.5,1.5,1.0,1
6372,AMUL_FREE_MILD,3,3345,1,6,0,0,0,0,AMUL~3#:#FREE~2#:#MILD~2,1.0#:#1.5#:#1.5,1.5,1.0,1
6373,FAT_FREE_MILD,4,3345,1,6,0,0,0,0,FAT~2#:#FREE~2#:#MILD~2,2.0#:#2.0#:#2.0,2.0,2.0,1
6374,FAT_MILD_WITH,2,3345,1,6,0,0,0,0,FAT~2#:#MILD~2#:#WITH~2,1.0#:#1.0#:#1.0,1.0,1.0,1
6375,MANTRA_ORGANIC_PACK,2,3345,1,6,0,0,0,0,MANTRA~2#:#ORGANIC~3#:#PACK~3,1.0#:#0.67#:#0.67,1.0,0.67,0
6376,MANTRA_MILD_ORGANIC,2,3345,0,6,0,0,0,0,MANTRA~2#:#MILD~2#:#ORGANIC~3,1.0#:#1.0#:#0.67,1.0,0.67,0
6377,FAT_MILD_ORGANIC,2,3345,0,6,0,0,0,0,FAT~2#:#MILD~2#:#ORGANIC~3,1.0#:#1.0#:#0.67,1.0,0.67,0
6378,BEVERAGE_FLAVOUR_VANILLA,3,3345,2,6,0,0,0,0,BEVERAGE~2#:#FLAVOUR~3#:#VANILLA~2,1.5#:#1.0#:#1.5,1.5,1.0,1
6379,BASED#PLANT_BEVERAGE_FLAVOUR,2,3345,1,6,0,0,0,0,BASED#PLANT~2#:#BEVERAGE~2#:#FLAVOUR~3,1.0#:#1.0#:#0.67,1.0,0.67,0
6380,ALMOND_FLAVOUR_VANILLA,2,3345,3,6,0,0,0,0,ALMOND~2#:#FLAVOUR~3#:#VANILLA~2,1.0#:#0.67#:#1.0,1.0,0.67,0
6381,ALMOND_BASED#PLANT_FLAVOUR,2,3345,2,6,0,0,0,0,ALMOND~2#:#BASED#PLANT~2#:#FLAVOUR~3,1.0#:#1.0#:#0.67,1.0,0.67,0
6382,FLAVOUR_MILD_VANILLA,3,3345,2,6,0,0,0,0,FLAVOUR~3#:#MILD~2#:#VANILLA~2,1.0#:#1.5#:#1.5,1.5,1.0,1
6383,BASED#PLANT_FLAVOUR_MILD,2,3345,1,6,0,0,0,0,BASED#PLANT~2#:#FLAVOUR~3#:#MILD~2,1.0#:#0.67#:#1.0,1.0,0.67,0
6384,BASED#PLANT_FLAVOUR_VANILLA,2,3345,2,6,0,0,0,0,BASED#PLANT~2#:#FLAVOUR~3#:#VANILLA~2,1.0#:#0.67#:#1.0,1.0,0.67,0
6385,ALMOND_BASED#PLANT_BEVERAGE,3,3345,1,6,0,0,0,0,ALMOND~2#:#BASED#PLANT~2#:#BEVERAGE~2,1.5#:#1.5#:#1.5,1.5,1.5,1
6386,BASED#PLANT_BEVERAGE_MILD,2,3345,0,6,0,0,0,0,BASED#PLANT~2#:#BEVERAGE~2#:#MILD~2,1.0#:#1.0#:#1.0,1.0,1.0,1
6387,BASED#PLANT_BEVERAGE_VANILLA,2,3345,1,6,0,0,0,0,BASED#PLANT~2#:#BEVERAGE~2#:#VANILLA~2,1.0#:#1.0#:#1.0,1.0,1.0,1
6388,ALMOND_BASED#PLANT_MILD,3,3345,1,6,0,0,0,0,ALMOND~2#:#BASED#PLANT~2#:#MILD~2,1.5#:#1.5#:#1.5,1.5,1.5,1
6389,ALMOND_BASED#PLANT_VANILLA,2,3345,2,6,0,0,0,0,ALMOND~2#:#BASED#PLANT~2#:#VANILLA~2,1.0#:#1.0#:#1.0,1.0,1.0,1
6390,BASED#PLANT_MILD_VANILLA,3,3345,1,6,0,0,0,0,BASED#PLANT~2#:#MILD~2#:#VANILLA~2,1.5#:#1.5#:#1.5,1.5,1.5,1
6391,ALMOND_MILD_UNSWEETENED,3,3345,1,6,0,0,0,0,ALMOND~2#:#MILD~2#:#UNSWEETENED~2,1.5#:#1.5#:#1.5,1.5,1.5,1
6392,ALMOND_PRESERVED_UNSWEETENED,2,3345,1,6,0,0,0,0,ALMOND~2#:#PRESERVED~2#:#UNSWEETENED~2,1.0#:#1.0#:#1.0,1.0,1.0,1
6393,ALMOND_RAW_UNSWEETENED,2,3345,1,6,0,0,0,0,ALMOND~2#:#RAW~2#:#UNSWEETENED~2,1.0#:#1.0#:#1.0,1.0,1.0,1
6394,DAIRY_DRINK_FREE,2,3345,1,6,0,0,0,0,DAIRY~2#:#DRINK~2#:#FREE~2,1.0#:#1.0#:#1.0,1.0,1.0,1
6395,DAIRY_DRINK_MILD,3,3345,0,6,0,0,0,0,DAIRY~2#:#DRINK~2#:#MILD~2,1.5#:#1.5#:#1.5,1.5,1.5,1
6396,DAIRY_DRINK_PRESERVED,2,3345,0,6,0,0,0,0,DAIRY~2#:#DRINK~2#:#PRESERVED~2,1.0#:#1.0#:#1.0,1.0,1.0,1
6397,DAIRY_DRINK_RAW,2,3345,0,6,0,0,0,0,DAIRY~2#:#DRINK~2#:#RAW~2,1.0#:#1.0#:#1.0,1.0,1.0,1
6398,DAIRY_DRINK_VANILLA,2,3345,1,6,0,0,0,0,DAIRY~2#:#DRINK~2#:#VANILLA~2,1.0#:#1.0#:#1.0,1.0,1.0,1
6399,DAIRY_PRESERVED_VANILLA,2,3345,1,6,0,0,0,0,DAIRY~2#:#PRESERVED~2#:#VANILLA~2,1.0#:#1.0#:#1.0,1.0,1.0,1
6400,DAIRY_RAW_VANILLA,2,3345,1,6,0,0,0,0,DAIRY~2#:#RAW~2#:#VANILLA~2,1.0#:#1.0#:#1.0,1.0,1.0,1
6401,DRINK_FREE_MILD,2,3345,1,6,0,0,0,0,DRINK~2#:#FREE~2#:#MILD~2,1.0#:#1.0#:#1.0,1.0,1.0,1
6402,DRINK_FREE_PRESERVED,2,3345,1,6,0,0,0,0,DRINK~2#:#FREE~2#:#PRESERVED~2,1.0#:#1.0#:#1.0,1.0,1.0,1
6403,DRINK_FREE_RAW,2,3345,1,6,0,0,0,0,DRINK~2#:#FREE~2#:#RAW~2,1.0#:#1.0#:#1.0,1.0,1.0,1
6404,DRINK_FREE_VANILLA,2,3345,2,6,0,0,0,0,DRINK~2#:#FREE~2#:#VANILLA~2,1.0#:#1.0#:#1.0,1.0,1.0,1
6405,DRINK_MILD_PRESERVED,2,3345,0,6,0,0,0,0,DRINK~2#:#MILD~2#:#PRESERVED~2,1.0#:#1.0#:#1.0,1.0,1.0,1
6406,DRINK_MILD_RAW,2,3345,0,6,0,0,0,0,DRINK~2#:#MILD~2#:#RAW~2,1.0#:#1.0#:#1.0,1.0,1.0,1
6407,DRINK_MILD_VANILLA,2,3345,1,6,0,0,0,0,DRINK~2#:#MILD~2#:#VANILLA~2,1.0#:#1.0#:#1.0,1.0,1.0,1
6408,DRINK_PRESERVED_VANILLA,2,3345,1,6,0,0,0,0,DRINK~2#:#PRESERVED~2#:#VANILLA~2,1.0#:#1.0#:#1.0,1.0,1.0,1
6409,DRINK_RAW_VANILLA,2,3345,1,6,0,0,0,0,DRINK~2#:#RAW~2#:#VANILLA~2,1.0#:#1.0#:#1.0,1.0,1.0,1
6410,FREE_PRESERVED_VANILLA,2,3345,2,6,0,0,0,0,FREE~2#:#PRESERVED~2#:#VANILLA~2,1.0#:#1.0#:#1.0,1.0,1.0,1
6411,FREE_RAW_VANILLA,2,3345,2,6,0,0,0,0,FREE~2#:#RAW~2#:#VANILLA~2,1.0#:#1.0#:#1.0,1.0,1.0,1
6412,MILD_PRESERVED_UNSWEETENED,2,3345,0,6,0,0,0,0,MILD~2#:#PRESERVED~2#:#UNSWEETENED~2,1.0#:#1.0#:#1.0,1.0,1.0,1
6413,MILD_PRESERVED_VANILLA,2,3345,1,6,0,0,0,0,MILD~2#:#PRESERVED~2#:#VANILLA~2,1.0#:#1.0#:#1.0,1.0,1.0,1
6414,MILD_RAW_UNSWEETENED,2,3345,0,6,0,0,0,0,MILD~2#:#RAW~2#:#UNSWEETENED~2,1.0#:#1.0#:#1.0,1.0,1.0,1
6415,MILD_RAW_VANILLA,2,3345,1,6,0,0,0,0,MILD~2#:#RAW~2#:#VANILLA~2,1.0#:#1.0#:#1.0,1.0,1.0,1
6416,PRESERVED_RAW_UNSWEETENED,2,3345,0,6,0,0,0,0,PRESERVED~2#:#RAW~2#:#UNSWEETENED~2,1.0#:#1.0#:#1.0,1.0,1.0,1
6417,PRESERVED_RAW_VANILLA,2,3345,1,6,0,0,0,0,PRESERVED~2#:#RAW~2#:#VANILLA~2,1.0#:#1.0#:#1.0,1.0,1.0,1
6418,BEVERAGE_EPIGAMIA_MILD,2,3345,0,6,0,0,0,0,BEVERAGE~2#:#EPIGAMIA~2#:#MILD~2,1.0#:#1.0#:#1.0,1.0,1.0,1
6419,EPIGAMIA_MILD_VANILLA,2,3345,1,6,0,0,0,0,EPIGAMIA~2#:#MILD~2#:#VANILLA~2,1.0#:#1.0#:#1.0,1.0,1.0,1
6420,BASED#PLANT_DRINK_OATS,2,3345,0,6,0,0,0,0,BASED#PLANT~2#:#DRINK~2#:#OATS~2,1.0#:#1.0#:#1.0,1.0,1.0,1
6421,BEVERAGE_EPIGAMIA_HIGH,2,3345,0,6,0,0,0,0,BEVERAGE~2#:#EPIGAMIA~2#:#HIGH~2,1.0#:#1.0#:#1.0,1.0,1.0,1
6422,BEVERAGE_EPIGAMIA_PROTEIN,2,3345,0,6,0,0,0,0,BEVERAGE~2#:#EPIGAMIA~2#:#PROTEIN~2,1.0#:#1.0#:#1.0,1.0,1.0,1
6423,BEVERAGE_HIGH_PROTEIN,2,3345,0,6,0,0,0,0,BEVERAGE~2#:#HIGH~2#:#PROTEIN~2,1.0#:#1.0#:#1.0,1.0,1.0,1
6424,CHOCOLATE_EPIGAMIA_MILD,2,3345,0,6,0,0,0,0,CHOCOLATE~2#:#EPIGAMIA~2#:#MILD~2,1.0#:#1.0#:#1.0,1.0,1.0,1
6425,CHOCOLATE_EPIGAMIA_PROTEIN,3,3345,0,6,0,0,0,0,CHOCOLATE~2#:#EPIGAMIA~2#:#PROTEIN~2,1.5#:#1.5#:#1.5,1.5,1.5,1
6426,CHOCOLATE_MILD_PROTEIN,2,3345,0,6,0,0,0,0,CHOCOLATE~2#:#MILD~2#:#PROTEIN~2,1.0#:#1.0#:#1.0,1.0,1.0,1
6427,DAIRY_EPIGAMIA_MILD,2,3345,0,6,0,0,0,0,DAIRY~2#:#EPIGAMIA~2#:#MILD~2,1.0#:#1.0#:#1.0,1.0,1.0,1
6428,DAIRY_HIGH_MILD,2,3345,0,6,0,0,0,0,DAIRY~2#:#HIGH~2#:#MILD~2,1.0#:#1.0#:#1.0,1.0,1.0,1
6429,DAIRY_HIGH_PROTEIN,2,3345,0,6,0,0,0,0,DAIRY~2#:#HIGH~2#:#PROTEIN~2,1.0#:#1.0#:#1.0,1.0,1.0,1
6430,DAIRY_MILD_PROTEIN,2,3345,0,6,0,0,0,0,DAIRY~2#:#MILD~2#:#PROTEIN~2,1.0#:#1.0#:#1.0,1.0,1.0,1
6431,EPIGAMIA_HIGH_PROTEIN,7,3345,0,6,0,0,0,0,EPIGAMIA~2#:#HIGH~2#:#PROTEIN~2,3.5#:#3.5#:#3.5,3.5,3.5,1
6432,EPIGAMIA_MILD_PROTEIN,2,3345,0,6,0,0,0,0,EPIGAMIA~2#:#MILD~2#:#PROTEIN~2,1.0#:#1.0#:#1.0,1.0,1.0,1
6433,HIGH_MILD_PROTEIN,2,3345,0,6,0,0,0,0,HIGH~2#:#MILD~2#:#PROTEIN~2,1.0#:#1.0#:#1.0,1.0,1.0,1
6434,AMUL_FRESH_ULTRA,2,3345,2,6,0,0,0,0,AMUL~3#:#FRESH~3#:#ULTRA~2,0.67#:#0.67#:#1.0,1.0,0.67,0
6435,AMUL_MILD_ULTRA,2,3345,1,6,0,0,0,0,AMUL~3#:#MILD~2#:#ULTRA~2,0.67#:#1.0#:#1.0,1.0,0.67,0
6436,DAIRY_FRESH_MILD,3,3345,1,6,0,0,0,0,DAIRY~2#:#FRESH~3#:#MILD~2,1.5#:#1.0#:#1.5,1.5,1.0,1
6437,FRESH_MILD_ULTRA,2,3345,2,6,0,0,0,0,FRESH~3#:#MILD~2#:#ULTRA~2,0.67#:#1.0#:#1.0,1.0,0.67,0
6438,DRINK_HIGH_PROTEIN,2,3345,0,6,0,0,0,0,DRINK~2#:#HIGH~2#:#PROTEIN~2,1.0#:#1.0#:#1.0,1.0,1.0,1
6439,DRINK_MILD_PROTEIN,2,3345,0,6,0,0,0,0,DRINK~2#:#MILD~2#:#PROTEIN~2,1.0#:#1.0#:#1.0,1.0,1.0,1
6440,AMUL_AND_CREAMY,5,3345,1,6,0,0,0,0,AMUL~3#:#AND~2#:#CREAMY~3,1.67#:#2.5#:#1.67,2.5,1.67,1
6441,AMUL_AND_FRESH,2,3345,1,6,0,0,0,0,AMUL~3#:#AND~2#:#FRESH~3,0.67#:#1.0#:#0.67,1.0,0.67,0
6442,AMUL_AND_MILD,2,3345,0,6,0,0,0,0,AMUL~3#:#AND~2#:#MILD~2,0.67#:#1.0#:#1.0,1.0,0.67,0
6443,AND_CREAMY_FRESH,2,3345,2,6,0,0,0,0,AND~2#:#CREAMY~3#:#FRESH~3,1.0#:#0.67#:#0.67,1.0,0.67,0
6444,AND_CREAMY_MILD,2,3345,1,6,0,0,0,0,AND~2#:#CREAMY~3#:#MILD~2,1.0#:#0.67#:#1.0,1.0,0.67,0
6445,AND_FRESH_MILD,2,3345,1,6,0,0,0,0,AND~2#:#FRESH~3#:#MILD~2,1.0#:#0.67#:#1.0,1.0,0.67,0
6446,AMUL_BEVERAGE_FLAVOUR,2,3345,1,6,0,0,0,0,AMUL~3#:#BEVERAGE~2#:#FLAVOUR~3,0.67#:#1.0#:#0.67,1.0,0.67,0
6447,AMUL_FLAVOUR_SWEET,2,3345,2,6,0,0,0,0,AMUL~3#:#FLAVOUR~3#:#SWEET~2,0.67#:#0.67#:#1.0,1.0,0.67,0
6448,AMUL_STYLE_SWEET,2,3345,1,6,0,0,0,0,AMUL~3#:#STYLE~2#:#SWEET~2,0.67#:#1.0#:#1.0,1.0,0.67,0
6449,DAIRY_FLAVOUR_SWEET,2,3345,2,6,0,0,0,0,DAIRY~2#:#FLAVOUR~3#:#SWEET~2,1.0#:#0.67#:#1.0,1.0,0.67,0
6450,BEVERAGE_FLAVOUR_SWEET,2,3345,2,6,0,0,0,0,BEVERAGE~2#:#FLAVOUR~3#:#SWEET~2,1.0#:#0.67#:#1.0,1.0,0.67,0
6451,AMUL_CREAMY_DAIRY,2,3345,1,6,0,0,0,0,AMUL~3#:#CREAMY~3#:#DAIRY~2,0.67#:#0.67#:#1.0,1.0,0.67,0
6452,CREAMY_DAIRY_FRESH,2,3345,2,6,0,0,0,0,CREAMY~3#:#DAIRY~2#:#FRESH~3,0.67#:#1.0#:#0.67,1.0,0.67,0
6453,CREAMY_DAIRY_MILD,2,3345,1,6,0,0,0,0,CREAMY~3#:#DAIRY~2#:#MILD~2,0.67#:#1.0#:#1.0,1.0,0.67,0
6454,CHOCOLATE_DRINK_EPIGAMIA,2,3345,0,6,0,0,0,0,CHOCOLATE~2#:#DRINK~2#:#EPIGAMIA~2,1.0#:#1.0#:#1.0,1.0,1.0,1
6455,CHOCOLATE_DRINK_GRAM,2,3345,0,6,0,0,0,0,CHOCOLATE~2#:#DRINK~2#:#GRAM~2,1.0#:#1.0#:#1.0,1.0,1.0,1
6456,CHOCOLATE_EPIGAMIA_GRAM,3,3345,0,6,0,0,0,0,CHOCOLATE~2#:#EPIGAMIA~2#:#GRAM~2,1.5#:#1.5#:#1.5,1.5,1.5,1
6457,CHOCOLATE_GRAM_PROTEIN,2,3345,0,6,0,0,0,0,CHOCOLATE~2#:#GRAM~2#:#PROTEIN~2,1.0#:#1.0#:#1.0,1.0,1.0,1
6458,DRINK_EPIGAMIA_GRAM,2,3345,0,6,0,0,0,0,DRINK~2#:#EPIGAMIA~2#:#GRAM~2,1.0#:#1.0#:#1.0,1.0,1.0,1
6459,DRINK_EPIGAMIA_PROTEIN,3,3345,0,6,0,0,0,0,DRINK~2#:#EPIGAMIA~2#:#PROTEIN~2,1.5#:#1.5#:#1.5,1.5,1.5,1
6460,DRINK_GRAM_PROTEIN,2,3345,0,6,0,0,0,0,DRINK~2#:#GRAM~2#:#PROTEIN~2,1.0#:#1.0#:#1.0,1.0,1.0,1
6461,EPIGAMIA_GRAM_PROTEIN,2,3345,0,6,0,0,0,0,EPIGAMIA~2#:#GRAM~2#:#PROTEIN~2,1.0#:#1.0#:#1.0,1.0,1.0,1
6462,CREAMY_DIP_EAT,2,3345,1,6,0,0,0,0,CREAMY~3#:#DIP~2#:#EAT~2,0.67#:#1.0#:#1.0,1.0,0.67,0
6463,CREAMY_DIP_FRENCH,4,3345,1,6,0,0,0,0,CREAMY~3#:#DIP~2#:#FRENCH~2,1.33#:#2.0#:#2.0,2.0,1.33,1
6464,CREAMY_DIP_ONION,4,3345,1,6,0,0,0,0,CREAMY~3#:#DIP~2#:#ONION~2,1.33#:#2.0#:#2.0,2.0,1.33,1
6465,CREAMY_DIP_SPREAD,2,3345,1,6,0,0,0,0,CREAMY~3#:#DIP~2#:#SPREAD~2,0.67#:#1.0#:#1.0,1.0,0.67,0
6466,CREAMY_DIP_VEEBA,4,3345,1,6,0,0,0,0,CREAMY~3#:#DIP~2#:#VEEBA~2,1.33#:#2.0#:#2.0,2.0,1.33,1
6467,CREAMY_DIP_READY#TO,2,3345,1,6,0,0,0,0,CREAMY~3#:#DIP~2#:#READY#TO~2,0.67#:#1.0#:#1.0,1.0,0.67,0
6468,CREAMY_EAT_READY#TO,2,3345,1,6,0,0,0,0,CREAMY~3#:#EAT~2#:#READY#TO~2,0.67#:#1.0#:#1.0,1.0,0.67,0
6469,CREAMY_FRENCH_ONION,4,3345,1,6,0,0,0,0,CREAMY~3#:#FRENCH~2#:#ONION~2,1.33#:#2.0#:#2.0,2.0,1.33,1
6470,CREAMY_FRENCH_VEEBA,3,3345,1,6,0,0,0,0,CREAMY~3#:#FRENCH~2#:#VEEBA~2,1.0#:#1.5#:#1.5,1.5,1.0,1
6471,CREAMY_ONION_VEEBA,3,3345,1,6,0,0,0,0,CREAMY~3#:#ONION~2#:#VEEBA~2,1.0#:#1.5#:#1.5,1.5,1.0,1
6472,CREAMY_SPREAD_VEEBA,3,3345,1,6,0,0,0,0,CREAMY~3#:#SPREAD~2#:#VEEBA~2,1.0#:#1.5#:#1.5,1.5,1.0,1
6473,DIP_EAT_READY#TO,2,3345,0,6,0,0,0,0,DIP~2#:#EAT~2#:#READY#TO~2,1.0#:#1.0#:#1.0,1.0,1.0,1
6474,DIP_FRENCH_ONION,5,3345,0,6,0,0,0,0,DIP~2#:#FRENCH~2#:#ONION~2,2.5#:#2.5#:#2.5,2.5,2.5,1
6475,DIP_FRENCH_VEEBA,4,3345,0,6,0,0,0,0,DIP~2#:#FRENCH~2#:#VEEBA~2,2.0#:#2.0#:#2.0,2.0,2.0,1
6476,DIP_SPREAD_VEEBA,2,3345,0,6,0,0,0,0,DIP~2#:#SPREAD~2#:#VEEBA~2,1.0#:#1.0#:#1.0,1.0,1.0,1
6477,EAT_READY#TO_VEEBA,3,3345,0,6,0,0,0,0,EAT~2#:#READY#TO~2#:#VEEBA~2,1.5#:#1.5#:#1.5,1.5,1.5,1
6478,FRENCH_ONION_VEEBA,4,3345,0,6,0,0,0,0,FRENCH~2#:#ONION~2#:#VEEBA~2,2.0#:#2.0#:#2.0,2.0,2.0,1
6479,CREAMY_DIP_SNACK,2,3345,1,6,0,0,0,0,CREAMY~3#:#DIP~2#:#SNACK~3,0.67#:#1.0#:#0.67,1.0,0.67,0
6480,CREAMY_DIP_RANCH,2,3345,1,6,0,0,0,0,CREAMY~3#:#DIP~2#:#RANCH~2,0.67#:#1.0#:#1.0,1.0,0.67,0
6481,CREAMY_DIP_STYLE,2,3345,1,6,0,0,0,0,CREAMY~3#:#DIP~2#:#STYLE~2,0.67#:#1.0#:#1.0,1.0,0.67,0
6482,CREAMY_HERB_SPREAD,2,3345,1,6,0,0,0,0,CREAMY~3#:#HERB~2#:#SPREAD~2,0.67#:#1.0#:#1.0,1.0,0.67,0
6483,CUP_EPIGAMIA_FLAVOUR,2,3345,1,6,0,0,0,0,CUP~2#:#EPIGAMIA~2#:#FLAVOUR~3,1.0#:#1.0#:#0.67,1.0,0.67,0
6484,CUP_FLAVOUR_YOGURT,3,3345,1,6,0,0,0,0,CUP~2#:#FLAVOUR~3#:#YOGURT~2,1.5#:#1.0#:#1.5,1.5,1.0,1
6485,CUP_EPIGAMIA_YOGURT,5,3345,0,6,0,0,0,0,CUP~2#:#EPIGAMIA~2#:#YOGURT~2,2.5#:#2.5#:#2.5,2.5,2.5,1
6486,EPIGAMIA_FLAVOUR_HIGH,2,3345,1,6,0,0,0,0,EPIGAMIA~2#:#FLAVOUR~3#:#HIGH~2,1.0#:#0.67#:#1.0,1.0,0.67,0
6487,EPIGAMIA_FLAVOUR_PROTEIN,2,3345,1,6,0,0,0,0,EPIGAMIA~2#:#FLAVOUR~3#:#PROTEIN~2,1.0#:#0.67#:#1.0,1.0,0.67,0
6488,FLAVOUR_GREEN_HIGH,2,3345,1,6,0,0,0,0,FLAVOUR~3#:#GREEN~2#:#HIGH~2,0.67#:#1.0#:#1.0,1.0,0.67,0
6489,FLAVOUR_GREEN_PROTEIN,2,3345,1,6,0,0,0,0,FLAVOUR~3#:#GREEN~2#:#PROTEIN~2,0.67#:#1.0#:#1.0,1.0,0.67,0
6490,FLAVOUR_HIGH_PROTEIN,2,3345,1,6,0,0,0,0,FLAVOUR~3#:#HIGH~2#:#PROTEIN~2,0.67#:#1.0#:#1.0,1.0,0.67,0
6491,FLAVOUR_HIGH_YOGURT,2,3345,1,6,0,0,0,0,FLAVOUR~3#:#HIGH~2#:#YOGURT~2,0.67#:#1.0#:#1.0,1.0,0.67,0
6492,FLAVOUR_PROTEIN_YOGURT,2,3345,1,6,0,0,0,0,FLAVOUR~3#:#PROTEIN~2#:#YOGURT~2,0.67#:#1.0#:#1.0,1.0,0.67,0
6493,EPIGAMIA_GREEN_HIGH,6,3345,0,6,0,0,0,0,EPIGAMIA~2#:#GREEN~2#:#HIGH~2,3.0#:#3.0#:#3.0,3.0,3.0,1
6494,EPIGAMIA_GREEN_PROTEIN,6,3345,0,6,0,0,0,0,EPIGAMIA~2#:#GREEN~2#:#PROTEIN~2,3.0#:#3.0#:#3.0,3.0,3.0,1
6495,EPIGAMIA_HIGH_YOGURT,6,3345,0,6,0,0,0,0,EPIGAMIA~2#:#HIGH~2#:#YOGURT~2,3.0#:#3.0#:#3.0,3.0,3.0,1
6496,EPIGAMIA_PROTEIN_YOGURT,6,3345,0,6,0,0,0,0,EPIGAMIA~2#:#PROTEIN~2#:#YOGURT~2,3.0#:#3.0#:#3.0,3.0,3.0,1
6497,GREEN_HIGH_PROTEIN,6,3345,0,6,0,0,0,0,GREEN~2#:#HIGH~2#:#PROTEIN~2,3.0#:#3.0#:#3.0,3.0,3.0,1
6498,GREEN_HIGH_YOGURT,6,3345,0,6,0,0,0,0,GREEN~2#:#HIGH~2#:#YOGURT~2,3.0#:#3.0#:#3.0,3.0,3.0,1
6499,GREEN_PROTEIN_YOGURT,6,3345,0,6,0,0,0,0,GREEN~2#:#PROTEIN~2#:#YOGURT~2,3.0#:#3.0#:#3.0,3.0,3.0,1
6500,HIGH_PROTEIN_YOGURT,6,3345,0,6,0,0,0,0,HIGH~2#:#PROTEIN~2#:#YOGURT~2,3.0#:#3.0#:#3.0,3.0,3.0,1
6501,AND_COOKIES_CREAMY,3,3345,1,6,0,0,0,0,AND~2#:#COOKIES~2#:#CREAMY~3,1.5#:#1.5#:#1.0,1.5,1.0,1
6502,AND_CREAMY_YOGURT,2,3345,1,6,0,0,0,0,AND~2#:#CREAMY~3#:#YOGURT~2,1.0#:#0.67#:#1.0,1.0,0.67,0
6503,COOKIES_EPIGAMIA_GREEN,2,3345,0,6,0,0,0,0,COOKIES~2#:#EPIGAMIA~2#:#GREEN~2,1.0#:#1.0#:#1.0,1.0,1.0,1
6504,COOKIES_EPIGAMIA_YOGURT,2,3345,0,6,0,0,0,0,COOKIES~2#:#EPIGAMIA~2#:#YOGURT~2,1.0#:#1.0#:#1.0,1.0,1.0,1
6505,COOKIES_GREEN_YOGURT,2,3345,0,6,0,0,0,0,COOKIES~2#:#GREEN~2#:#YOGURT~2,1.0#:#1.0#:#1.0,1.0,1.0,1
6506,CUP_EPIGAMIA_GREEN,2,3345,0,6,0,0,0,0,CUP~2#:#EPIGAMIA~2#:#GREEN~2,1.0#:#1.0#:#1.0,1.0,1.0,1
6507,CUP_EPIGAMIA_HIGH,2,3345,0,6,0,0,0,0,CUP~2#:#EPIGAMIA~2#:#HIGH~2,1.0#:#1.0#:#1.0,1.0,1.0,1
6508,CUP_EPIGAMIA_PROTEIN,2,3345,0,6,0,0,0,0,CUP~2#:#EPIGAMIA~2#:#PROTEIN~2,1.0#:#1.0#:#1.0,1.0,1.0,1
6509,CUP_GREEN_HIGH,2,3345,0,6,0,0,0,0,CUP~2#:#GREEN~2#:#HIGH~2,1.0#:#1.0#:#1.0,1.0,1.0,1
6510,CUP_GREEN_PROTEIN,2,3345,0,6,0,0,0,0,CUP~2#:#GREEN~2#:#PROTEIN~2,1.0#:#1.0#:#1.0,1.0,1.0,1
6511,CUP_GREEN_YOGURT,2,3345,0,6,0,0,0,0,CUP~2#:#GREEN~2#:#YOGURT~2,1.0#:#1.0#:#1.0,1.0,1.0,1
6512,CUP_HIGH_PROTEIN,2,3345,0,6,0,0,0,0,CUP~2#:#HIGH~2#:#PROTEIN~2,1.0#:#1.0#:#1.0,1.0,1.0,1
6513,CUP_HIGH_YOGURT,2,3345,0,6,0,0,0,0,CUP~2#:#HIGH~2#:#YOGURT~2,1.0#:#1.0#:#1.0,1.0,1.0,1
6514,CUP_PROTEIN_YOGURT,2,3345,0,6,0,0,0,0,CUP~2#:#PROTEIN~2#:#YOGURT~2,1.0#:#1.0#:#1.0,1.0,1.0,1
6515,EPIGAMIA_GREEN_LEMON,2,3345,1,6,0,0,0,0,EPIGAMIA~2#:#GREEN~2#:#LEMON~2,1.0#:#1.0#:#1.0,1.0,1.0,1
6516,EPIGAMIA_LEMON_YOGURT,2,3345,1,6,0,0,0,0,EPIGAMIA~2#:#LEMON~2#:#YOGURT~2,1.0#:#1.0#:#1.0,1.0,1.0,1
6517,GREEN_LEMON_YOGURT,2,3345,1,6,0,0,0,0,GREEN~2#:#LEMON~2#:#YOGURT~2,1.0#:#1.0#:#1.0,1.0,1.0,1
6518,EPIGAMIA_GREEN_SUGAR,3,3345,1,6,0,0,0,0,EPIGAMIA~2#:#GREEN~2#:#SUGAR~2,1.5#:#1.5#:#1.5,1.5,1.5,1
6519,EPIGAMIA_HIGH_SUGAR,2,3345,1,6,0,0,0,0,EPIGAMIA~2#:#HIGH~2#:#SUGAR~2,1.0#:#1.0#:#1.0,1.0,1.0,1
6520,EPIGAMIA_PROTEIN_SUGAR,2,3345,1,6,0,0,0,0,EPIGAMIA~2#:#PROTEIN~2#:#SUGAR~2,1.0#:#1.0#:#1.0,1.0,1.0,1
6521,EPIGAMIA_SUGAR_YOGURT,3,3345,1,6,0,0,0,0,EPIGAMIA~2#:#SUGAR~2#:#YOGURT~2,1.5#:#1.5#:#1.5,1.5,1.5,1
6522,EPIGAMIA_SUGAR_ZERO,3,3345,1,6,0,0,0,0,EPIGAMIA~2#:#SUGAR~2#:#ZERO~2,1.5#:#1.5#:#1.5,1.5,1.5,1
6523,GREEN_HIGH_SUGAR,2,3345,1,6,0,0,0,0,GREEN~2#:#HIGH~2#:#SUGAR~2,1.0#:#1.0#:#1.0,1.0,1.0,1
6524,GREEN_PROTEIN_SUGAR,2,3345,1,6,0,0,0,0,GREEN~2#:#PROTEIN~2#:#SUGAR~2,1.0#:#1.0#:#1.0,1.0,1.0,1
6525,GREEN_SUGAR_YOGURT,3,3345,1,6,0,0,0,0,GREEN~2#:#SUGAR~2#:#YOGURT~2,1.5#:#1.5#:#1.5,1.5,1.5,1
6526,GREEN_SUGAR_ZERO,2,3345,1,6,0,0,0,0,GREEN~2#:#SUGAR~2#:#ZERO~2,1.0#:#1.0#:#1.0,1.0,1.0,1
6527,HIGH_PROTEIN_SUGAR,2,3345,1,6,0,0,0,0,HIGH~2#:#PROTEIN~2#:#SUGAR~2,1.0#:#1.0#:#1.0,1.0,1.0,1
6528,HIGH_SUGAR_YOGURT,2,3345,1,6,0,0,0,0,HIGH~2#:#SUGAR~2#:#YOGURT~2,1.0#:#1.0#:#1.0,1.0,1.0,1
6529,PROTEIN_SUGAR_YOGURT,2,3345,1,6,0,0,0,0,PROTEIN~2#:#SUGAR~2#:#YOGURT~2,1.0#:#1.0#:#1.0,1.0,1.0,1
6530,SUGAR_YOGURT_ZERO,2,3345,1,6,0,0,0,0,SUGAR~2#:#YOGURT~2#:#ZERO~2,1.0#:#1.0#:#1.0,1.0,1.0,1
6531,DESSERT_EPIGAMIA_GREEN,3,3345,0,6,0,0,0,0,DESSERT~2#:#EPIGAMIA~2#:#GREEN~2,1.5#:#1.5#:#1.5,1.5,1.5,1
6532,DESSERT_GREEN_STYLE,3,3345,0,6,0,0,0,0,DESSERT~2#:#GREEN~2#:#STYLE~2,1.5#:#1.5#:#1.5,1.5,1.5,1
6533,DESSERT_GREEN_YOGURT,3,3345,0,6,0,0,0,0,DESSERT~2#:#GREEN~2#:#YOGURT~2,1.5#:#1.5#:#1.5,1.5,1.5,1
6534,EPIGAMIA_GREEN_STYLE,3,3345,0,6,0,0,0,0,EPIGAMIA~2#:#GREEN~2#:#STYLE~2,1.5#:#1.5#:#1.5,1.5,1.5,1
6535,GREEN_STYLE_YOGURT,3,3345,0,6,0,0,0,0,GREEN~2#:#STYLE~2#:#YOGURT~2,1.5#:#1.5#:#1.5,1.5,1.5,1
6536,CUP_EPIGAMIA_STRAWBERRY,2,3345,1,6,0,0,0,0,CUP~2#:#EPIGAMIA~2#:#STRAWBERRY~2,1.0#:#1.0#:#1.0,1.0,1.0,1
6537,CUP_FAT_LOW,2,3345,0,6,0,0,0,0,CUP~2#:#FAT~2#:#LOW~2,1.0#:#1.0#:#1.0,1.0,1.0,1
6538,CUP_FAT_YOGURT,2,3345,0,6,0,0,0,0,CUP~2#:#FAT~2#:#YOGURT~2,1.0#:#1.0#:#1.0,1.0,1.0,1
6539,CUP_LOW_YOGURT,2,3345,0,6,0,0,0,0,CUP~2#:#LOW~2#:#YOGURT~2,1.0#:#1.0#:#1.0,1.0,1.0,1
6540,CUP_STRAWBERRY_YOGURT,2,3345,1,6,0,0,0,0,CUP~2#:#STRAWBERRY~2#:#YOGURT~2,1.0#:#1.0#:#1.0,1.0,1.0,1
6541,FAT_FLAVOUR_LOW,3,3345,1,6,0,0,0,0,FAT~2#:#FLAVOUR~3#:#LOW~2,1.5#:#1.0#:#1.5,1.5,1.0,1
6542,FAT_FLAVOUR_YOGURT,2,3345,1,6,0,0,0,0,FAT~2#:#FLAVOUR~3#:#YOGURT~2,1.0#:#0.67#:#1.0,1.0,0.67,0
6543,FLAVOUR_LOW_YOGURT,2,3345,1,6,0,0,0,0,FLAVOUR~3#:#LOW~2#:#YOGURT~2,0.67#:#1.0#:#1.0,1.0,0.67,0
6544,FLAVOUR_RASPBERRY_YOGURT,2,3345,1,6,0,0,0,0,FLAVOUR~3#:#RASPBERRY~2#:#YOGURT~2,0.67#:#1.0#:#1.0,1.0,0.67,0
6545,FAT_KEYA_LIGHT,2,3345,1,6,0,0,0,0,FAT~2#:#KEYA~2#:#LIGHT~2,1.0#:#1.0#:#1.0,1.0,1.0,1
6546,FAT_KEYA_LIME,2,3345,1,6,0,0,0,0,FAT~2#:#KEYA~2#:#LIME~2,1.0#:#1.0#:#1.0,1.0,1.0,1
6547,FAT_KEYA_LOW,2,3345,0,6,0,0,0,0,FAT~2#:#KEYA~2#:#LOW~2,1.0#:#1.0#:#1.0,1.0,1.0,1
6548,FAT_KEYA_YOGURT,2,3345,0,6,0,0,0,0,FAT~2#:#KEYA~2#:#YOGURT~2,1.0#:#1.0#:#1.0,1.0,1.0,1
6549,FAT_LIGHT_LIME,2,3345,2,6,0,0,0,0,FAT~2#:#LIGHT~2#:#LIME~2,1.0#:#1.0#:#1.0,1.0,1.0,1
6550,FAT_LIGHT_LOW,2,3345,1,6,0,0,0,0,FAT~2#:#LIGHT~2#:#LOW~2,1.0#:#1.0#:#1.0,1.0,1.0,1
6551,FAT_LIGHT_YOGURT,2,3345,1,6,0,0,0,0,FAT~2#:#LIGHT~2#:#YOGURT~2,1.0#:#1.0#:#1.0,1.0,1.0,1
6552,FAT_LIME_LOW,2,3345,1,6,0,0,0,0,FAT~2#:#LIME~2#:#LOW~2,1.0#:#1.0#:#1.0,1.0,1.0,1
6553,FAT_LIME_YOGURT,2,3345,1,6,0,0,0,0,FAT~2#:#LIME~2#:#YOGURT~2,1.0#:#1.0#:#1.0,1.0,1.0,1
6554,KEYA_LIGHT_LIME,2,3345,2,6,0,0,0,0,KEYA~2#:#LIGHT~2#:#LIME~2,1.0#:#1.0#:#1.0,1.0,1.0,1
6555,KEYA_LIGHT_LOW,2,3345,1,6,0,0,0,0,KEYA~2#:#LIGHT~2#:#LOW~2,1.0#:#1.0#:#1.0,1.0,1.0,1
6556,KEYA_LIGHT_YOGURT,2,3345,1,6,0,0,0,0,KEYA~2#:#LIGHT~2#:#YOGURT~2,1.0#:#1.0#:#1.0,1.0,1.0,1
6557,KEYA_LIME_LOW,2,3345,1,6,0,0,0,0,KEYA~2#:#LIME~2#:#LOW~2,1.0#:#1.0#:#1.0,1.0,1.0,1
6558,KEYA_LIME_YOGURT,2,3345,1,6,0,0,0,0,KEYA~2#:#LIME~2#:#YOGURT~2,1.0#:#1.0#:#1.0,1.0,1.0,1
6559,KEYA_LOW_YOGURT,2,3345,0,6,0,0,0,0,KEYA~2#:#LOW~2#:#YOGURT~2,1.0#:#1.0#:#1.0,1.0,1.0,1
6560,LIGHT_LIME_LOW,2,3345,2,6,0,0,0,0,LIGHT~2#:#LIME~2#:#LOW~2,1.0#:#1.0#:#1.0,1.0,1.0,1
6561,LIGHT_LIME_YOGURT,2,3345,2,6,0,0,0,0,LIGHT~2#:#LIME~2#:#YOGURT~2,1.0#:#1.0#:#1.0,1.0,1.0,1
6562,LIGHT_LOW_YOGURT,2,3345,1,6,0,0,0,0,LIGHT~2#:#LOW~2#:#YOGURT~2,1.0#:#1.0#:#1.0,1.0,1.0,1
6563,LIME_LOW_YOGURT,2,3345,1,6,0,0,0,0,LIME~2#:#LOW~2#:#YOGURT~2,1.0#:#1.0#:#1.0,1.0,1.0,1
6564,CREAMY_CREAMY_DESSERT,2,3345,2,6,0,0,0,0,CREAMY~3#:#CREAMY~3#:#DESSERT~2,0.67#:#0.67#:#1.0,1.0,0.67,0
6565,CREAMY_CREAMY_EPIGAMIA,2,3345,2,6,0,0,0,0,CREAMY~3#:#CREAMY~3#:#EPIGAMIA~2,0.67#:#0.67#:#1.0,1.0,0.67,0
6566,CREAMY_CREAMY_YOGURT,2,3345,2,6,0,0,0,0,CREAMY~3#:#CREAMY~3#:#YOGURT~2,0.67#:#0.67#:#1.0,1.0,0.67,0
6567,BEANS_CREAMY_DESSERT,2,3345,1,6,0,0,0,0,BEANS~2#:#CREAMY~3#:#DESSERT~2,1.0#:#0.67#:#1.0,1.0,0.67,0
6568,BEANS_CREAMY_EPIGAMIA,2,3345,1,6,0,0,0,0,BEANS~2#:#CREAMY~3#:#EPIGAMIA~2,1.0#:#0.67#:#1.0,1.0,0.67,0
6569,BEANS_CREAMY_RICH,2,3345,1,6,0,0,0,0,BEANS~2#:#CREAMY~3#:#RICH~2,1.0#:#0.67#:#1.0,1.0,0.67,0
6570,BEANS_CREAMY_VANILLA,2,3345,2,6,0,0,0,0,BEANS~2#:#CREAMY~3#:#VANILLA~2,1.0#:#0.67#:#1.0,1.0,0.67,0
6571,BEANS_CREAMY_YOGURT,2,3345,1,6,0,0,0,0,BEANS~2#:#CREAMY~3#:#YOGURT~2,1.0#:#0.67#:#1.0,1.0,0.67,0
6572,CREAMY_DESSERT_RICH,2,3345,1,6,0,0,0,0,CREAMY~3#:#DESSERT~2#:#RICH~2,0.67#:#1.0#:#1.0,1.0,0.67,0
6573,CREAMY_EPIGAMIA_RICH,2,3345,1,6,0,0,0,0,CREAMY~3#:#EPIGAMIA~2#:#RICH~2,0.67#:#1.0#:#1.0,1.0,0.67,0
6574,CREAMY_RICH_VANILLA,2,3345,2,6,0,0,0,0,CREAMY~3#:#RICH~2#:#VANILLA~2,0.67#:#1.0#:#1.0,1.0,0.67,0
6575,CREAMY_RICH_YOGURT,2,3345,1,6,0,0,0,0,CREAMY~3#:#RICH~2#:#YOGURT~2,0.67#:#1.0#:#1.0,1.0,0.67,0
6576,CREAMY_DESSERT_FLAVOUR,2,3345,2,6,0,0,0,0,CREAMY~3#:#DESSERT~2#:#FLAVOUR~3,0.67#:#1.0#:#0.67,1.0,0.67,0
6577,CREAMY_CUP_FLAVOUR,2,3345,2,6,0,0,0,0,CREAMY~3#:#CUP~2#:#FLAVOUR~3,0.67#:#1.0#:#0.67,1.0,0.67,0
6578,CREAMY_FLAVOUR_MANGO,2,3345,2,6,0,0,0,0,CREAMY~3#:#FLAVOUR~3#:#MANGO~2,0.67#:#0.67#:#1.0,1.0,0.67,0
6579,CREAMY_CUP_DESSERT,3,3345,1,6,0,0,0,0,CREAMY~3#:#CUP~2#:#DESSERT~2,1.0#:#1.5#:#1.5,1.5,1.0,1
6580,CREAMY_DESSERT_MANGO,2,3345,1,6,0,0,0,0,CREAMY~3#:#DESSERT~2#:#MANGO~2,0.67#:#1.0#:#1.0,1.0,0.67,0
6581,CREAMY_CUP_EPIGAMIA,2,3345,1,6,0,0,0,0,CREAMY~3#:#CUP~2#:#EPIGAMIA~2,0.67#:#1.0#:#1.0,1.0,0.67,0
6582,CREAMY_EPIGAMIA_MANGO,2,3345,1,6,0,0,0,0,CREAMY~3#:#EPIGAMIA~2#:#MANGO~2,0.67#:#1.0#:#1.0,1.0,0.67,0
6583,CREAMY_CUP_MANGO,2,3345,1,6,0,0,0,0,CREAMY~3#:#CUP~2#:#MANGO~2,0.67#:#1.0#:#1.0,1.0,0.67,0
6584,CREAMY_CUP_YOGURT,2,3345,1,6,0,0,0,0,CREAMY~3#:#CUP~2#:#YOGURT~2,0.67#:#1.0#:#1.0,1.0,0.67,0
6585,CREAMY_MANGO_YOGURT,2,3345,1,6,0,0,0,0,CREAMY~3#:#MANGO~2#:#YOGURT~2,0.67#:#1.0#:#1.0,1.0,0.67,0
6586,CUP_DESSERT_EPIGAMIA,2,3345,0,6,0,0,0,0,CUP~2#:#DESSERT~2#:#EPIGAMIA~2,1.0#:#1.0#:#1.0,1.0,1.0,1
6587,AMUL_VANILLA_YOGURT,2,3345,1,6,0,0,0,0,AMUL~3#:#VANILLA~2#:#YOGURT~2,0.67#:#1.0#:#1.0,1.0,0.67,0
6588,AMUL_CREAMY_YOGURT,2,3345,1,6,0,0,0,0,AMUL~3#:#CREAMY~3#:#YOGURT~2,0.67#:#0.67#:#1.0,1.0,0.67,0
6589,GREEN_MANTRA_ORGANIC,2,3345,0,6,0,0,0,0,GREEN~2#:#MANTRA~2#:#ORGANIC~3,1.0#:#1.0#:#0.67,1.0,0.67,0
6590,AMUL_FAT_FLAVOUR,2,3345,1,6,0,0,0,0,AMUL~3#:#FAT~2#:#FLAVOUR~3,0.67#:#1.0#:#0.67,1.0,0.67,0
6591,AMUL_FLAVOUR_LOW,2,3345,1,6,0,0,0,0,AMUL~3#:#FLAVOUR~3#:#LOW~2,0.67#:#0.67#:#1.0,1.0,0.67,0
6592,AMUL_CREAMY_DIP,2,3345,1,6,0,0,0,0,AMUL~3#:#CREAMY~3#:#DIP~2,0.67#:#0.67#:#1.0,1.0,0.67,0
6593,AMUL_CREAMY_SOUR,3,3345,1,6,0,0,0,0,AMUL~3#:#CREAMY~3#:#SOUR~2,1.0#:#1.0#:#1.5,1.5,1.0,1
6594,AND_CREAMY_CREAMY,2,3345,2,6,0,0,0,0,AND~2#:#CREAMY~3#:#CREAMY~3,1.0#:#0.67#:#0.67,1.0,0.67,0
6595,AND_CREAMY_DIP,2,3345,1,6,0,0,0,0,AND~2#:#CREAMY~3#:#DIP~2,1.0#:#0.67#:#1.0,1.0,0.67,0
6596,COOKIES_CREAMY_DIP,2,3345,1,6,0,0,0,0,COOKIES~2#:#CREAMY~3#:#DIP~2,1.0#:#0.67#:#1.0,1.0,0.67,0
6597,CREAMY_DIP_SOUR,2,3345,1,6,0,0,0,0,CREAMY~3#:#DIP~2#:#SOUR~2,0.67#:#1.0#:#1.0,1.0,0.67,0
6598,AMUL_FAT_PERCENT,5,3345,0,6,0,0,0,0,AMUL~3#:#FAT~2#:#PERCENT~2,1.67#:#2.5#:#2.5,2.5,1.67,1
6599,AMUL_MILD_PERCENT,2,3345,0,6,0,0,0,0,AMUL~3#:#MILD~2#:#PERCENT~2,0.67#:#1.0#:#1.0,1.0,0.67,0
6600,FAT_MILD_PERCENT,2,3345,0,6,0,0,0,0,FAT~2#:#MILD~2#:#PERCENT~2,1.0#:#1.0#:#1.0,1.0,1.0,1
6601,AND_CREAMY_DAIRY,4,3345,1,6,0,0,0,0,AND~2#:#CREAMY~3#:#DAIRY~2,2.0#:#1.33#:#2.0,2.0,1.33,1
6602,EAT_EGGS_READY#TO,3,3345,0,6,0,0,0,0,EAT~2#:#EGGS~2#:#READY#TO~2,1.5#:#1.5#:#1.5,1.5,1.5,1
6603,AMUL_EGGS_FREE,2,3345,1,6,0,0,0,0,AMUL~3#:#EGGS~2#:#FREE~2,0.67#:#1.0#:#1.0,1.0,0.67,0
6604,AMUL_EGGS_LIQUID,2,3345,1,6,0,0,0,0,AMUL~3#:#EGGS~2#:#LIQUID~2,0.67#:#1.0#:#1.0,1.0,0.67,0
6605,AMUL_FREE_LIQUID,2,3345,2,6,0,0,0,0,AMUL~3#:#FREE~2#:#LIQUID~2,0.67#:#1.0#:#1.0,1.0,0.67,0
6606,EGGS_FREE_LIQUID,3,3345,2,6,0,0,0,0,EGGS~2#:#FREE~2#:#LIQUID~2,1.5#:#1.5#:#1.5,1.5,1.5,1
6607,EGGS_LIQUID_PERCENT,2,3345,1,6,0,0,0,0,EGGS~2#:#LIQUID~2#:#PERCENT~2,1.0#:#1.0#:#1.0,1.0,1.0,1
6608,EGGS_LIQUID_REAL,2,3345,1,6,0,0,0,0,EGGS~2#:#LIQUID~2#:#REAL~2,1.0#:#1.0#:#1.0,1.0,1.0,1
6609,EGGS_LIQUID_WHITE,5,3345,2,6,0,0,0,0,EGGS~2#:#LIQUID~2#:#WHITE~2,2.5#:#2.5#:#2.5,2.5,2.5,1
6610,EGGS_PERCENT_REAL,2,3345,0,6,0,0,0,0,EGGS~2#:#PERCENT~2#:#REAL~2,1.0#:#1.0#:#1.0,1.0,1.0,1
6611,EGGS_PERCENT_WHITE,2,3345,1,6,0,0,0,0,EGGS~2#:#PERCENT~2#:#WHITE~2,1.0#:#1.0#:#1.0,1.0,1.0,1
6612,EGGS_REAL_WHITE,2,3345,1,6,0,0,0,0,EGGS~2#:#REAL~2#:#WHITE~2,1.0#:#1.0#:#1.0,1.0,1.0,1
6613,FARM_FRESH_LARGE,2,3345,1,6,0,0,0,0,FARM~2#:#FRESH~3#:#LARGE~2,1.0#:#0.67#:#1.0,1.0,0.67,0
6614,EGGS_EXTRA_LARGE,2,3345,1,6,0,0,0,0,EGGS~2#:#EXTRA~2#:#LARGE~2,1.0#:#1.0#:#1.0,1.0,1.0,1
6615,AMUL_BUTTER_GARLIC,2,3345,1,6,0,0,0,0,AMUL~3#:#BUTTER~2#:#GARLIC~2,0.67#:#1.0#:#1.0,1.0,0.67,0
6616,AMUL_BUTTER_HERB,2,3345,1,6,0,0,0,0,AMUL~3#:#BUTTER~2#:#HERB~2,0.67#:#1.0#:#1.0,1.0,0.67,0
6617,AMUL_GARLIC_HERB,2,3345,0,6,0,0,0,0,AMUL~3#:#GARLIC~2#:#HERB~2,0.67#:#1.0#:#1.0,1.0,0.67,0
6618,BUTTER_GARLIC_HERB,2,3345,1,6,0,0,0,0,BUTTER~2#:#GARLIC~2#:#HERB~2,1.0#:#1.0#:#1.0,1.0,1.0,1
6619,BAKE_COOKIES_READY#TO,3,3345,0,6,0,0,0,0,BAKE~2#:#COOKIES~2#:#READY#TO~2,1.5#:#1.5#:#1.5,1.5,1.5,1
6620,AMUL_GRAM_PACK,4,3345,1,6,0,0,0,0,AMUL~3#:#GRAM~2#:#PACK~3,1.33#:#2.0#:#1.33,2.0,1.33,1
6621,DRY_FOOD_RICH,2,3345,1,6,0,0,0,0,DRY~2#:#FOOD~2#:#RICH~2,1.0#:#1.0#:#1.0,1.0,1.0,1
6622,ENGLISH_WHEAT_WHOLE,3,3345,0,6,0,0,0,0,ENGLISH~2#:#WHEAT~2#:#WHOLE~2,1.5#:#1.5#:#1.5,1.5,1.5,1
6623,AMUL_BUTTER_PACK,2,3345,2,6,0,0,0,0,AMUL~3#:#BUTTER~2#:#PACK~3,0.67#:#1.0#:#0.67,1.0,0.67,0
6624,AMUL_BUTTER_GRAM,5,3345,1,6,0,0,0,0,AMUL~3#:#BUTTER~2#:#GRAM~2,1.67#:#2.5#:#2.5,2.5,1.67,1
6625,BUTTER_GRAM_SALTED,3,3345,1,6,0,0,0,0,BUTTER~2#:#GRAM~2#:#SALTED~2,1.5#:#1.5#:#1.5,1.5,1.5,1
6626,GRAM_PACK_SALTED,2,3345,1,6,0,0,0,0,GRAM~2#:#PACK~3#:#SALTED~2,1.0#:#0.67#:#1.0,1.0,0.67,0
6627,BUTTER_PACK_SALTED,2,3345,2,6,0,0,0,0,BUTTER~2#:#PACK~3#:#SALTED~2,1.0#:#0.67#:#1.0,1.0,0.67,0
6628,AMUL_AND_BUTTER,2,3345,1,6,0,0,0,0,AMUL~3#:#AND~2#:#BUTTER~2,0.67#:#1.0#:#1.0,1.0,0.67,0
6629,AMUL_AND_SPREAD,2,3345,0,6,0,0,0,0,AMUL~3#:#AND~2#:#SPREAD~2,0.67#:#1.0#:#1.0,1.0,0.67,0
6630,AMUL_BUTTER_SPREAD,3,3345,1,6,0,0,0,0,AMUL~3#:#BUTTER~2#:#SPREAD~2,1.0#:#1.5#:#1.5,1.5,1.0,1
6631,AMUL_GRAM_SPREAD,2,3345,0,6,0,0,0,0,AMUL~3#:#GRAM~2#:#SPREAD~2,0.67#:#1.0#:#1.0,1.0,0.67,0
6632,AND_BUTTER_GARLIC,2,3345,1,6,0,0,0,0,AND~2#:#BUTTER~2#:#GARLIC~2,1.0#:#1.0#:#1.0,1.0,1.0,1
6633,AND_BUTTER_SPREAD,2,3345,1,6,0,0,0,0,AND~2#:#BUTTER~2#:#SPREAD~2,1.0#:#1.0#:#1.0,1.0,1.0,1
6634,BUTTER_GARLIC_GRAM,2,3345,1,6,0,0,0,0,BUTTER~2#:#GARLIC~2#:#GRAM~2,1.0#:#1.0#:#1.0,1.0,1.0,1
6635,BUTTER_GRAM_SPREAD,4,3345,1,6,0,0,0,0,BUTTER~2#:#GRAM~2#:#SPREAD~2,2.0#:#2.0#:#2.0,2.0,2.0,1
6636,GARLIC_HERB_SPREAD,2,3345,0,6,0,0,0,0,GARLIC~2#:#HERB~2#:#SPREAD~2,1.0#:#1.0#:#1.0,1.0,1.0,1
6637,CHIPS_COOKIES_PACK,2,3345,1,6,0,0,0,0,CHIPS~2#:#COOKIES~2#:#PACK~3,1.0#:#1.0#:#0.67,1.0,0.67,0
6638,COOKIES_PACK_PILLSBURY,2,3345,1,6,0,0,0,0,COOKIES~2#:#PACK~3#:#PILLSBURY~2,1.0#:#0.67#:#1.0,1.0,0.67,0
6639,GRAM_PACK_PILLSBURY,2,3345,1,6,0,0,0,0,GRAM~2#:#PACK~3#:#PILLSBURY~2,1.0#:#0.67#:#1.0,1.0,0.67,0
6640,COOKIES_GRAM_PILLSBURY,2,3345,0,6,0,0,0,0,COOKIES~2#:#GRAM~2#:#PILLSBURY~2,1.0#:#1.0#:#1.0,1.0,1.0,1
6641,DEL_GRAM_MONTE,3,3345,0,6,0,0,0,0,DEL~2#:#GRAM~2#:#MONTE~2,1.5#:#1.5#:#1.5,1.5,1.5,1
6642,DEL_MONTE_SLICED,2,3345,0,6,0,0,0,0,DEL~2#:#MONTE~2#:#SLICED~2,1.0#:#1.0#:#1.0,1.0,1.0,1
6643,CHOCOLATE_CUP_DESSERT,2,3345,0,6,0,0,0,0,CHOCOLATE~2#:#CUP~2#:#DESSERT~2,1.0#:#1.0#:#1.0,1.0,1.0,1
6644,CHOCOLATE_CUP_PUDDING,2,3345,0,6,0,0,0,0,CHOCOLATE~2#:#CUP~2#:#PUDDING~2,1.0#:#1.0#:#1.0,1.0,1.0,1
6645,CHOCOLATE_DESSERT_PUDDING,3,3345,0,6,0,0,0,0,CHOCOLATE~2#:#DESSERT~2#:#PUDDING~2,1.5#:#1.5#:#1.5,1.5,1.5,1
6646,CUP_DESSERT_PUDDING,3,3345,0,6,0,0,0,0,CUP~2#:#DESSERT~2#:#PUDDING~2,1.5#:#1.5#:#1.5,1.5,1.5,1
6647,CUP_EPIGAMIA_GRAM,2,3345,0,6,0,0,0,0,CUP~2#:#EPIGAMIA~2#:#GRAM~2,1.0#:#1.0#:#1.0,1.0,1.0,1
6648,BRITANNIA_TREATS_VANILLA,2,3345,1,6,0,0,0,0,BRITANNIA~3#:#TREATS~2#:#VANILLA~2,0.67#:#1.0#:#1.0,1.0,0.67,0
6649,BROWN_CAKES_ORGANIC,2,3345,1,6,0,0,0,0,BROWN~2#:#CAKES~2#:#ORGANIC~3,1.0#:#1.0#:#0.67,1.0,0.67,0
6650,CAKES_ORGANIC_RICH,2,3345,0,6,0,0,0,0,CAKES~2#:#ORGANIC~3#:#RICH~2,1.0#:#0.67#:#1.0,1.0,0.67,0
6651,BROWN_CAKES_RICH,2,3345,1,6,0,0,0,0,BROWN~2#:#CAKES~2#:#RICH~2,1.0#:#1.0#:#1.0,1.0,1.0,1
6652,BLACK_COFFEE_COLA,2,3345,2,6,0,0,0,0,BLACK~2#:#COFFEE~2#:#COLA~2,1.0#:#1.0#:#1.0,1.0,1.0,1
6653,BLUEBERRY_PRESERVED_RAW,2,3345,0,6,0,0,0,0,BLUEBERRY~2#:#PRESERVED~2#:#RAW~2,1.0#:#1.0#:#1.0,1.0,1.0,1
6654,HONEY_SAUCE_VEEBA,2,3345,1,6,0,0,0,0,HONEY~2#:#SAUCE~2#:#VEEBA~2,1.0#:#1.0#:#1.0,1.0,1.0,1
6655,DEL_LIGHT_MONTE,3,3345,1,6,0,0,0,0,DEL~2#:#LIGHT~2#:#MONTE~2,1.5#:#1.5#:#1.5,1.5,1.5,1
6656,BLACK_OLIVES_SLICED,2,3345,1,6,0,0,0,0,BLACK~2#:#OLIVES~2#:#SLICED~2,1.0#:#1.0#:#1.0,1.0,1.0,1
6657,CHERRY_DRINK_SOFT,3,3345,1,6,0,0,0,0,CHERRY~2#:#DRINK~2#:#SOFT~2,1.5#:#1.5#:#1.5,1.5,1.5,1
6658,CHERRY_DRINK_SUGAR,2,3345,2,6,0,0,0,0,CHERRY~2#:#DRINK~2#:#SUGAR~2,1.0#:#1.0#:#1.0,1.0,1.0,1
6659,CHERRY_DRINK_WILD,2,3345,2,6,0,0,0,0,CHERRY~2#:#DRINK~2#:#WILD~2,1.0#:#1.0#:#1.0,1.0,1.0,1
6660,CHERRY_DRINK_ZERO,2,3345,1,6,0,0,0,0,CHERRY~2#:#DRINK~2#:#ZERO~2,1.0#:#1.0#:#1.0,1.0,1.0,1
6661,CHERRY_SOFT_SUGAR,2,3345,2,6,0,0,0,0,CHERRY~2#:#SOFT~2#:#SUGAR~2,1.0#:#1.0#:#1.0,1.0,1.0,1
6662,CHERRY_SOFT_WILD,2,3345,2,6,0,0,0,0,CHERRY~2#:#SOFT~2#:#WILD~2,1.0#:#1.0#:#1.0,1.0,1.0,1
6663,CHERRY_SOFT_ZERO,2,3345,1,6,0,0,0,0,CHERRY~2#:#SOFT~2#:#ZERO~2,1.0#:#1.0#:#1.0,1.0,1.0,1
6664,CHERRY_SUGAR_WILD,2,3345,3,6,0,0,0,0,CHERRY~2#:#SUGAR~2#:#WILD~2,1.0#:#1.0#:#1.0,1.0,1.0,1
6665,CHERRY_SUGAR_ZERO,2,3345,2,6,0,0,0,0,CHERRY~2#:#SUGAR~2#:#ZERO~2,1.0#:#1.0#:#1.0,1.0,1.0,1
6666,CHERRY_WILD_ZERO,2,3345,2,6,0,0,0,0,CHERRY~2#:#WILD~2#:#ZERO~2,1.0#:#1.0#:#1.0,1.0,1.0,1
6667,DRINK_SOFT_SUGAR,2,3345,1,6,0,0,0,0,DRINK~2#:#SOFT~2#:#SUGAR~2,1.0#:#1.0#:#1.0,1.0,1.0,1
6668,DRINK_SOFT_WILD,2,3345,1,6,0,0,0,0,DRINK~2#:#SOFT~2#:#WILD~2,1.0#:#1.0#:#1.0,1.0,1.0,1
6669,DRINK_SOFT_ZERO,2,3345,0,6,0,0,0,0,DRINK~2#:#SOFT~2#:#ZERO~2,1.0#:#1.0#:#1.0,1.0,1.0,1
6670,DRINK_SUGAR_WILD,2,3345,2,6,0,0,0,0,DRINK~2#:#SUGAR~2#:#WILD~2,1.0#:#1.0#:#1.0,1.0,1.0,1
6671,DRINK_WILD_ZERO,2,3345,1,6,0,0,0,0,DRINK~2#:#WILD~2#:#ZERO~2,1.0#:#1.0#:#1.0,1.0,1.0,1
6672,SOFT_SUGAR_WILD,2,3345,2,6,0,0,0,0,SOFT~2#:#SUGAR~2#:#WILD~2,1.0#:#1.0#:#1.0,1.0,1.0,1
6673,SOFT_SUGAR_ZERO,2,3345,1,6,0,0,0,0,SOFT~2#:#SUGAR~2#:#ZERO~2,1.0#:#1.0#:#1.0,1.0,1.0,1
6674,SOFT_WILD_ZERO,2,3345,1,6,0,0,0,0,SOFT~2#:#WILD~2#:#ZERO~2,1.0#:#1.0#:#1.0,1.0,1.0,1
6675,SUGAR_WILD_ZERO,2,3345,2,6,0,0,0,0,SUGAR~2#:#WILD~2#:#ZERO~2,1.0#:#1.0#:#1.0,1.0,1.0,1
6676,BAR_MIX_SEEDS,2,3345,0,6,0,0,0,0,BAR~2#:#MIX~2#:#SEEDS~2,1.0#:#1.0#:#1.0,1.0,1.0,1
6677,MIX_SEEDS_YOGA,2,3345,0,6,0,0,0,0,MIX~2#:#SEEDS~2#:#YOGA~2,1.0#:#1.0#:#1.0,1.0,1.0,1
6678,BAR_SEEDS_YOGA,3,3345,0,6,0,0,0,0,BAR~2#:#SEEDS~2#:#YOGA~2,1.5#:#1.5#:#1.5,1.5,1.5,1
6679,BLACK_PEPPERS_POWDER,2,3345,2,6,0,0,0,0,BLACK~2#:#PEPPERS~2#:#POWDER~2,1.0#:#1.0#:#1.0,1.0,1.0,1
6680,AVOCADO_OIL_SPRAY,2,3345,2,6,0,0,0,0,AVOCADO~2#:#OIL~2#:#SPRAY~2,1.0#:#1.0#:#1.0,1.0,1.0,1
6681,FREE_GLUTEN_PLATES,4,3345,1,6,0,0,0,0,FREE~2#:#GLUTEN~2#:#PLATES~2,2.0#:#2.0#:#2.0,2.0,2.0,1
6682,FREE_GLUTEN_URBAN,4,3345,1,6,0,0,0,0,FREE~2#:#GLUTEN~2#:#URBAN~2,2.0#:#2.0#:#2.0,2.0,2.0,1
6683,FREE_MIX_PLATES,2,3345,1,6,0,0,0,0,FREE~2#:#MIX~2#:#PLATES~2,1.0#:#1.0#:#1.0,1.0,1.0,1
6684,FREE_MIX_URBAN,2,3345,1,6,0,0,0,0,FREE~2#:#MIX~2#:#URBAN~2,1.0#:#1.0#:#1.0,1.0,1.0,1
6685,GLUTEN_MIX_PLATES,2,3345,0,6,0,0,0,0,GLUTEN~2#:#MIX~2#:#PLATES~2,1.0#:#1.0#:#1.0,1.0,1.0,1
6686,GLUTEN_MIX_URBAN,2,3345,0,6,0,0,0,0,GLUTEN~2#:#MIX~2#:#URBAN~2,1.0#:#1.0#:#1.0,1.0,1.0,1
6687,GLUTEN_PLATES_URBAN,4,3345,0,6,0,0,0,0,GLUTEN~2#:#PLATES~2#:#URBAN~2,2.0#:#2.0#:#2.0,2.0,2.0,1
6688,MIX_PLATES_URBAN,4,3345,0,6,0,0,0,0,MIX~2#:#PLATES~2#:#URBAN~2,2.0#:#2.0#:#2.0,2.0,2.0,1
6689,NATURAL_PLATES_URBAN,2,3345,1,6,0,0,0,0,NATURAL~2#:#PLATES~2#:#URBAN~2,1.0#:#1.0#:#1.0,1.0,1.0,1
6690,ORGANIC_PLATES_URBAN,2,3345,0,6,0,0,0,0,ORGANIC~3#:#PLATES~2#:#URBAN~2,0.67#:#1.0#:#1.0,1.0,0.67,0
6691,BAKING_FOR_SUGAR,2,3345,2,6,0,0,0,0,BAKING~2#:#FOR~2#:#SUGAR~2,1.0#:#1.0#:#1.0,1.0,1.0,1
6692,MANTRA_ORGANIC_SUGAR,2,3345,1,6,0,0,0,0,MANTRA~2#:#ORGANIC~3#:#SUGAR~2,1.0#:#0.67#:#1.0,1.0,0.67,0
6693,INDIA_NATURAL_ORGANIC,2,3345,1,6,0,0,0,0,INDIA~2#:#NATURAL~2#:#ORGANIC~3,1.0#:#1.0#:#0.67,1.0,0.67,0
6694,CANS_NATURAL_SUGAR,2,3345,2,6,0,0,0,0,CANS~2#:#NATURAL~2#:#SUGAR~2,1.0#:#1.0#:#1.0,1.0,1.0,1
6695,FOR_POWDER_SUGAR,2,3345,3,6,0,0,0,0,FOR~2#:#POWDER~2#:#SUGAR~2,1.0#:#1.0#:#1.0,1.0,1.0,1
6696,FREE_SUGAR_SWEETENED,2,3345,2,6,0,0,0,0,FREE~2#:#SUGAR~2#:#SWEETENED~2,1.0#:#1.0#:#1.0,1.0,1.0,1
6697,MANTRA_ORGANIC_SYRUP,3,3345,0,6,0,0,0,0,MANTRA~2#:#ORGANIC~3#:#SYRUP~2,1.5#:#1.0#:#1.5,1.5,1.0,1
6698,AND_FREE_GLUTEN,2,3345,1,6,0,0,0,0,AND~2#:#FREE~2#:#GLUTEN~2,1.0#:#1.0#:#1.0,1.0,1.0,1
6699,AND_FREE_MIX,2,3345,1,6,0,0,0,0,AND~2#:#FREE~2#:#MIX~2,1.0#:#1.0#:#1.0,1.0,1.0,1
6700,AND_GLUTEN_MIX,2,3345,0,6,0,0,0,0,AND~2#:#GLUTEN~2#:#MIX~2,1.0#:#1.0#:#1.0,1.0,1.0,1
6701,DRINK_FOR_FRUIT,2,3345,1,6,0,0,0,0,DRINK~2#:#FOR~2#:#FRUIT~2,1.0#:#1.0#:#1.0,1.0,1.0,1
6702,DRINK_FRUIT_MIXED,2,3345,0,6,0,0,0,0,DRINK~2#:#FRUIT~2#:#MIXED~2,1.0#:#1.0#:#1.0,1.0,1.0,1
6703,FRUIT_JUICE_MIXED,4,3345,0,6,0,0,0,0,FRUIT~2#:#JUICE~2#:#MIXED~2,2.0#:#2.0#:#2.0,2.0,2.0,1
6704,BOAT#PAPER_JUICE_MIXED,2,3345,0,6,0,0,0,0,BOAT#PAPER~2#:#JUICE~2#:#MIXED~2,1.0#:#1.0#:#1.0,1.0,1.0,1
6705,BEANS_MANTRA_ORGANIC,5,3345,0,6,0,0,0,0,BEANS~2#:#MANTRA~2#:#ORGANIC~3,2.5#:#2.5#:#1.67,2.5,1.67,1
6706,COOKIES_KISSAN_SAUCE,2,3345,0,6,0,0,0,0,COOKIES~2#:#KISSAN~2#:#SAUCE~2,1.0#:#1.0#:#1.0,1.0,1.0,1
6707,DEL_MONTE_SYRUP,3,3345,0,6,0,0,0,0,DEL~2#:#MONTE~2#:#SYRUP~2,1.5#:#1.5#:#1.5,1.5,1.5,1
6708,DEL_JUICE_MONTE,2,3345,0,6,0,0,0,0,DEL~2#:#JUICE~2#:#MONTE~2,1.0#:#1.0#:#1.0,1.0,1.0,1
6709,APPLE_KISSAN_SAUCE,3,3345,1,6,0,0,0,0,APPLE~2#:#KISSAN~2#:#SAUCE~2,1.5#:#1.5#:#1.5,1.5,1.5,1
6710,APPLE_KISSAN_UNSWEETENED,2,3345,1,6,0,0,0,0,APPLE~2#:#KISSAN~2#:#UNSWEETENED~2,1.0#:#1.0#:#1.0,1.0,1.0,1
6711,APPLE_SAUCE_UNSWEETENED,2,3345,1,6,0,0,0,0,APPLE~2#:#SAUCE~2#:#UNSWEETENED~2,1.0#:#1.0#:#1.0,1.0,1.0,1
6712,KISSAN_SAUCE_UNSWEETENED,2,3345,0,6,0,0,0,0,KISSAN~2#:#SAUCE~2#:#UNSWEETENED~2,1.0#:#1.0#:#1.0,1.0,1.0,1
6713,APPLE_CUP_KISSAN,2,3345,1,6,0,0,0,0,APPLE~2#:#CUP~2#:#KISSAN~2,1.0#:#1.0#:#1.0,1.0,1.0,1
6714,APPLE_CUP_SAUCE,2,3345,1,6,0,0,0,0,APPLE~2#:#CUP~2#:#SAUCE~2,1.0#:#1.0#:#1.0,1.0,1.0,1
6715,CUP_KISSAN_SAUCE,2,3345,0,6,0,0,0,0,CUP~2#:#KISSAN~2#:#SAUCE~2,1.0#:#1.0#:#1.0,1.0,1.0,1
6716,BLACK_MANTRA_ORGANIC,2,3345,1,6,0,0,0,0,BLACK~2#:#MANTRA~2#:#ORGANIC~3,1.0#:#1.0#:#0.67,1.0,0.67,0
6717,BEANS_BLACK_ORGANIC,2,3345,1,6,0,0,0,0,BEANS~2#:#BLACK~2#:#ORGANIC~3,1.0#:#1.0#:#0.67,1.0,0.67,0
6718,BEANS_BLACK_MANTRA,2,3345,1,6,0,0,0,0,BEANS~2#:#BLACK~2#:#MANTRA~2,1.0#:#1.0#:#1.0,1.0,1.0,1
6719,BEANS_CHILLI_EAT,2,3345,0,6,0,0,0,0,BEANS~2#:#CHILLI~2#:#EAT~2,1.0#:#1.0#:#1.0,1.0,1.0,1
6720,BEANS_CHILLI_SAUCE,2,3345,0,6,0,0,0,0,BEANS~2#:#CHILLI~2#:#SAUCE~2,1.0#:#1.0#:#1.0,1.0,1.0,1
6721,BEANS_CHILLI_READY#TO,2,3345,0,6,0,0,0,0,BEANS~2#:#CHILLI~2#:#READY#TO~2,1.0#:#1.0#:#1.0,1.0,1.0,1
6722,BEANS_EAT_SAUCE,2,3345,0,6,0,0,0,0,BEANS~2#:#EAT~2#:#SAUCE~2,1.0#:#1.0#:#1.0,1.0,1.0,1
6723,BEANS_EAT_VEEBA,2,3345,0,6,0,0,0,0,BEANS~2#:#EAT~2#:#VEEBA~2,1.0#:#1.0#:#1.0,1.0,1.0,1
6724,BEANS_EAT_READY#TO,2,3345,0,6,0,0,0,0,BEANS~2#:#EAT~2#:#READY#TO~2,1.0#:#1.0#:#1.0,1.0,1.0,1
6725,BEANS_SAUCE_VEEBA,2,3345,0,6,0,0,0,0,BEANS~2#:#SAUCE~2#:#VEEBA~2,1.0#:#1.0#:#1.0,1.0,1.0,1
6726,BEANS_READY#TO_SAUCE,2,3345,0,6,0,0,0,0,BEANS~2#:#READY#TO~2#:#SAUCE~2,1.0#:#1.0#:#1.0,1.0,1.0,1
6727,BEANS_READY#TO_VEEBA,2,3345,0,6,0,0,0,0,BEANS~2#:#READY#TO~2#:#VEEBA~2,1.0#:#1.0#:#1.0,1.0,1.0,1
6728,CHILLI_EAT_SAUCE,2,3345,0,6,0,0,0,0,CHILLI~2#:#EAT~2#:#SAUCE~2,1.0#:#1.0#:#1.0,1.0,1.0,1
6729,CHILLI_EAT_VEEBA,2,3345,0,6,0,0,0,0,CHILLI~2#:#EAT~2#:#VEEBA~2,1.0#:#1.0#:#1.0,1.0,1.0,1
6730,CHILLI_EAT_READY#TO,2,3345,0,6,0,0,0,0,CHILLI~2#:#EAT~2#:#READY#TO~2,1.0#:#1.0#:#1.0,1.0,1.0,1
6731,CHILLI_READY#TO_SAUCE,2,3345,0,6,0,0,0,0,CHILLI~2#:#READY#TO~2#:#SAUCE~2,1.0#:#1.0#:#1.0,1.0,1.0,1
6732,CHILLI_READY#TO_VEEBA,2,3345,0,6,0,0,0,0,CHILLI~2#:#READY#TO~2#:#VEEBA~2,1.0#:#1.0#:#1.0,1.0,1.0,1
6733,EAT_SAUCE_VEEBA,2,3345,0,6,0,0,0,0,EAT~2#:#SAUCE~2#:#VEEBA~2,1.0#:#1.0#:#1.0,1.0,1.0,1
6734,READY#TO_SAUCE_VEEBA,2,3345,0,6,0,0,0,0,READY#TO~2#:#SAUCE~2#:#VEEBA~2,1.0#:#1.0#:#1.0,1.0,1.0,1
6735,BABY_POTATO_RED,4,3345,2,6,0,0,0,0,BABY~2#:#POTATO~2#:#RED~2,2.0#:#2.0#:#2.0,2.0,2.0,1
6736,BABY_CHEF#ITC#MASTER_POTATO,2,3345,1,6,0,0,0,0,BABY~2#:#CHEF#ITC#MASTER~2#:#POTATO~2,1.0#:#1.0#:#1.0,1.0,1.0,1
6737,BABY_CHEF#ITC#MASTER_RED,2,3345,2,6,0,0,0,0,BABY~2#:#CHEF#ITC#MASTER~2#:#RED~2,1.0#:#1.0#:#1.0,1.0,1.0,1
6738,CHEF#ITC#MASTER_POTATO_RED,2,3345,1,6,0,0,0,0,CHEF#ITC#MASTER~2#:#POTATO~2#:#RED~2,1.0#:#1.0#:#1.0,1.0,1.0,1
6739,BABY_PACK_POTATO,4,3345,2,6,0,0,0,0,BABY~2#:#PACK~3#:#POTATO~2,2.0#:#1.33#:#2.0,2.0,1.33,1
6740,BABY_PACK_RED,3,3345,3,6,0,0,0,0,BABY~2#:#PACK~3#:#RED~2,1.5#:#1.0#:#1.5,1.5,1.0,1
6741,GARLIC_PASTA_SAUCE,2,3345,0,6,0,0,0,0,GARLIC~2#:#PASTA~2#:#SAUCE~2,1.0#:#1.0#:#1.0,1.0,1.0,1
6742,CHILLI_DICED_GREEN,2,3345,0,6,0,0,0,0,CHILLI~2#:#DICED~2#:#GREEN~2,1.0#:#1.0#:#1.0,1.0,1.0,1
6743,CHILLI_DICED_MEXICAN,2,3345,0,6,0,0,0,0,CHILLI~2#:#DICED~2#:#MEXICAN~2,1.0#:#1.0#:#1.0,1.0,1.0,1
6744,CHILLI_DICED_STYLE,2,3345,0,6,0,0,0,0,CHILLI~2#:#DICED~2#:#STYLE~2,1.0#:#1.0#:#1.0,1.0,1.0,1
6745,CHILLI_DICED_VEEBA,2,3345,0,6,0,0,0,0,CHILLI~2#:#DICED~2#:#VEEBA~2,1.0#:#1.0#:#1.0,1.0,1.0,1
6746,CHILLI_GREEN_MEXICAN,2,3345,0,6,0,0,0,0,CHILLI~2#:#GREEN~2#:#MEXICAN~2,1.0#:#1.0#:#1.0,1.0,1.0,1
6747,CHILLI_GREEN_VEEBA,2,3345,0,6,0,0,0,0,CHILLI~2#:#GREEN~2#:#VEEBA~2,1.0#:#1.0#:#1.0,1.0,1.0,1
6748,CHILLI_MEXICAN_STYLE,2,3345,0,6,0,0,0,0,CHILLI~2#:#MEXICAN~2#:#STYLE~2,1.0#:#1.0#:#1.0,1.0,1.0,1
6749,CHILLI_MEXICAN_VEEBA,2,3345,0,6,0,0,0,0,CHILLI~2#:#MEXICAN~2#:#VEEBA~2,1.0#:#1.0#:#1.0,1.0,1.0,1
6750,CHILLI_STYLE_VEEBA,2,3345,0,6,0,0,0,0,CHILLI~2#:#STYLE~2#:#VEEBA~2,1.0#:#1.0#:#1.0,1.0,1.0,1
6751,DICED_GREEN_MEXICAN,2,3345,0,6,0,0,0,0,DICED~2#:#GREEN~2#:#MEXICAN~2,1.0#:#1.0#:#1.0,1.0,1.0,1
6752,DICED_GREEN_STYLE,2,3345,0,6,0,0,0,0,DICED~2#:#GREEN~2#:#STYLE~2,1.0#:#1.0#:#1.0,1.0,1.0,1
6753,DICED_GREEN_VEEBA,2,3345,0,6,0,0,0,0,DICED~2#:#GREEN~2#:#VEEBA~2,1.0#:#1.0#:#1.0,1.0,1.0,1
6754,DICED_MEXICAN_STYLE,2,3345,0,6,0,0,0,0,DICED~2#:#MEXICAN~2#:#STYLE~2,1.0#:#1.0#:#1.0,1.0,1.0,1
6755,DICED_MEXICAN_VEEBA,2,3345,0,6,0,0,0,0,DICED~2#:#MEXICAN~2#:#VEEBA~2,1.0#:#1.0#:#1.0,1.0,1.0,1
6756,DICED_STYLE_VEEBA,2,3345,0,6,0,0,0,0,DICED~2#:#STYLE~2#:#VEEBA~2,1.0#:#1.0#:#1.0,1.0,1.0,1
6757,GREEN_MEXICAN_STYLE,2,3345,0,6,0,0,0,0,GREEN~2#:#MEXICAN~2#:#STYLE~2,1.0#:#1.0#:#1.0,1.0,1.0,1
6758,GREEN_MEXICAN_VEEBA,2,3345,0,6,0,0,0,0,GREEN~2#:#MEXICAN~2#:#VEEBA~2,1.0#:#1.0#:#1.0,1.0,1.0,1
6759,GREEN_STYLE_VEEBA,2,3345,0,6,0,0,0,0,GREEN~2#:#STYLE~2#:#VEEBA~2,1.0#:#1.0#:#1.0,1.0,1.0,1
6760,MEXICAN_STYLE_VEEBA,2,3345,0,6,0,0,0,0,MEXICAN~2#:#STYLE~2#:#VEEBA~2,1.0#:#1.0#:#1.0,1.0,1.0,1
6761,BEVERAGE_PINEAPPLE_REAL,2,3345,0,6,0,0,0,0,BEVERAGE~2#:#PINEAPPLE~2#:#REAL~2,1.0#:#1.0#:#1.0,1.0,1.0,1
6762,FRUIT_PINEAPPLE_REAL,3,3345,0,6,0,0,0,0,FRUIT~2#:#PINEAPPLE~2#:#REAL~2,1.5#:#1.5#:#1.5,1.5,1.5,1
6763,MIX_SEASONING_VEEBA,2,3345,0,6,0,0,0,0,MIX~2#:#SEASONING~2#:#VEEBA~2,1.0#:#1.0#:#1.0,1.0,1.0,1
6764,MIX_TATA_VEEBA,2,3345,0,6,0,0,0,0,MIX~2#:#TATA~2#:#VEEBA~2,1.0#:#1.0#:#1.0,1.0,1.0,1
6765,SEASONING_TATA_VEEBA,2,3345,0,6,0,0,0,0,SEASONING~2#:#TATA~2#:#VEEBA~2,1.0#:#1.0#:#1.0,1.0,1.0,1
6766,DIP_MEDIUM_SALT,2,3345,1,6,0,0,0,0,DIP~2#:#MEDIUM~2#:#SALT~2,1.0#:#1.0#:#1.0,1.0,1.0,1
6767,DIP_MEDIUM_WINGREENS,2,3345,0,6,0,0,0,0,DIP~2#:#MEDIUM~2#:#WINGREENS~2,1.0#:#1.0#:#1.0,1.0,1.0,1
6768,MEDIUM_SALT_WINGREENS,2,3345,1,6,0,0,0,0,MEDIUM~2#:#SALT~2#:#WINGREENS~2,1.0#:#1.0#:#1.0,1.0,1.0,1
6769,DIP_STYLE_WINGREENS,2,3345,0,6,0,0,0,0,DIP~2#:#STYLE~2#:#WINGREENS~2,1.0#:#1.0#:#1.0,1.0,1.0,1
6770,CLASSIC_DIP_WINGREENS,2,3345,0,6,0,0,0,0,CLASSIC~2#:#DIP~2#:#WINGREENS~2,1.0#:#1.0#:#1.0,1.0,1.0,1
6771,CORN_TATA_YELLOW,3,3345,0,6,0,0,0,0,CORN~2#:#TATA~2#:#YELLOW~2,1.5#:#1.5#:#1.5,1.5,1.5,1
6772,CARB_FRESH_WET,2,3345,2,6,0,0,0,0,CARB~2#:#FRESH~3#:#WET~2,1.0#:#0.67#:#1.0,1.0,0.67,0
6773,PACK_ROLLS_WHITE,3,3345,2,6,0,0,0,0,PACK~3#:#ROLLS~2#:#WHITE~2,1.0#:#1.5#:#1.5,1.5,1.0,1
6774,COMFORT_LIQUID_ULTRA,2,3345,3,6,0,0,0,0,COMFORT~2#:#LIQUID~2#:#ULTRA~2,1.0#:#1.0#:#1.0,1.0,1.0,1
6775,CHICKEN_DOG_DROOLS,5,3345,0,6,0,0,0,0,CHICKEN~3#:#DOG~2#:#DROOLS~2,1.67#:#2.5#:#2.5,2.5,1.67,1
6776,CHICKEN_DOG_FLAVOUR,2,3345,1,6,0,0,0,0,CHICKEN~3#:#DOG~2#:#FLAVOUR~3,0.67#:#1.0#:#0.67,1.0,0.67,0
6777,CHICKEN_DROOLS_TREATS,2,3345,0,6,0,0,0,0,CHICKEN~3#:#DROOLS~2#:#TREATS~2,0.67#:#1.0#:#1.0,1.0,0.67,0
6778,CHICKEN_DOG_TREATS,2,3345,0,6,0,0,0,0,CHICKEN~3#:#DOG~2#:#TREATS~2,0.67#:#1.0#:#1.0,1.0,0.67,0
6779,DOG_DROOLS_FLAVOUR,2,3345,1,6,0,0,0,0,DOG~2#:#DROOLS~2#:#FLAVOUR~3,1.0#:#1.0#:#0.67,1.0,0.67,0
6780,DOG_DROOLS_TREATS,2,3345,0,6,0,0,0,0,DOG~2#:#DROOLS~2#:#TREATS~2,1.0#:#1.0#:#1.0,1.0,1.0,1
6781,CAT_DRY_FOOD,3,3345,1,6,0,0,0,0,CAT~2#:#DRY~2#:#FOOD~2,1.5#:#1.5#:#1.5,1.5,1.5,1
6782,DRY_FOOD_PREMIUM,2,3345,1,6,0,0,0,0,DRY~2#:#FOOD~2#:#PREMIUM~2,1.0#:#1.0#:#1.0,1.0,1.0,1
6783,CHICKEN_DROOLS_FRESH,2,3345,1,6,0,0,0,0,CHICKEN~3#:#DROOLS~2#:#FRESH~3,0.67#:#1.0#:#0.67,1.0,0.67,0
6784,CHICKEN_FOOD_FRESH,2,3345,1,6,0,0,0,0,CHICKEN~3#:#FOOD~2#:#FRESH~3,0.67#:#1.0#:#0.67,1.0,0.67,0
6785,CHICKEN_DOG_FRESH,2,3345,1,6,0,0,0,0,CHICKEN~3#:#DOG~2#:#FRESH~3,0.67#:#1.0#:#0.67,1.0,0.67,0
6786,CHICKEN_DROOLS_RICH,2,3345,0,6,0,0,0,0,CHICKEN~3#:#DROOLS~2#:#RICH~2,0.67#:#1.0#:#1.0,1.0,0.67,0
6787,CHICKEN_FOOD_RICH,2,3345,0,6,0,0,0,0,CHICKEN~3#:#FOOD~2#:#RICH~2,0.67#:#1.0#:#1.0,1.0,0.67,0
6788,CHICKEN_DOG_RICH,2,3345,0,6,0,0,0,0,CHICKEN~3#:#DOG~2#:#RICH~2,0.67#:#1.0#:#1.0,1.0,0.67,0
6789,DROOLS_FOOD_FRESH,2,3345,1,6,0,0,0,0,DROOLS~2#:#FOOD~2#:#FRESH~3,1.0#:#1.0#:#0.67,1.0,0.67,0
6790,DOG_DROOLS_FRESH,2,3345,1,6,0,0,0,0,DOG~2#:#DROOLS~2#:#FRESH~3,1.0#:#1.0#:#0.67,1.0,0.67,0
6791,DOG_FOOD_FRESH,2,3345,1,6,0,0,0,0,DOG~2#:#FOOD~2#:#FRESH~3,1.0#:#1.0#:#0.67,1.0,0.67,0
6792,DROOLS_FOOD_RICH,2,3345,0,6,0,0,0,0,DROOLS~2#:#FOOD~2#:#RICH~2,1.0#:#1.0#:#1.0,1.0,1.0,1
6793,DOG_DROOLS_RICH,2,3345,0,6,0,0,0,0,DOG~2#:#DROOLS~2#:#RICH~2,1.0#:#1.0#:#1.0,1.0,1.0,1
6794,DOG_FOOD_RICH,2,3345,0,6,0,0,0,0,DOG~2#:#FOOD~2#:#RICH~2,1.0#:#1.0#:#1.0,1.0,1.0,1
6795,MILD_POWDER_PREMIUM,2,3345,1,6,0,0,0,0,MILD~2#:#POWDER~2#:#PREMIUM~2,1.0#:#1.0#:#1.0,1.0,1.0,1
6796,GARLIC_PASTA_ROASTED,2,3345,0,6,0,0,0,0,GARLIC~2#:#PASTA~2#:#ROASTED~2,1.0#:#1.0#:#1.0,1.0,1.0,1
6797,CHEESE_DEL_MONTE,2,3345,0,6,0,0,0,0,CHEESE~3#:#DEL~2#:#MONTE~2,0.67#:#1.0#:#1.0,1.0,0.67,0
6798,CHICKEN_DOG_DRY,2,3345,1,6,0,0,0,0,CHICKEN~3#:#DOG~2#:#DRY~2,0.67#:#1.0#:#1.0,1.0,0.67,0
6799,CHICKEN_DRY_FOOD,2,3345,1,6,0,0,0,0,CHICKEN~3#:#DRY~2#:#FOOD~2,0.67#:#1.0#:#1.0,1.0,0.67,0
6800,CHEESE_FAMILY_PACK,2,3345,1,6,0,0,0,0,CHEESE~3#:#FAMILY~2#:#PACK~3,0.67#:#1.0#:#0.67,1.0,0.67,0
6801,DEL_MONTE_WITH,2,3345,1,6,0,0,0,0,DEL~2#:#MONTE~2#:#WITH~2,1.0#:#1.0#:#1.0,1.0,1.0,1
6802,BLOCK_BRITANNIA_CHEESE,2,3345,0,6,0,0,0,0,BLOCK~2#:#BRITANNIA~3#:#CHEESE~3,1.0#:#0.67#:#0.67,1.0,0.67,0
6803,ALMOND_CHEDDAR_CHEESE,2,3345,1,6,0,0,0,0,ALMOND~2#:#CHEDDAR~2#:#CHEESE~3,1.0#:#1.0#:#0.67,1.0,0.67,0
6804,CHEDDAR_CHEESE_WITH,2,3345,1,6,0,0,0,0,CHEDDAR~2#:#CHEESE~3#:#WITH~2,1.0#:#0.67#:#1.0,1.0,0.67,0
6805,ALMOND_CHEESE_WITH,2,3345,2,6,0,0,0,0,ALMOND~2#:#CHEESE~3#:#WITH~2,1.0#:#0.67#:#1.0,1.0,0.67,0
6806,ALMOND_CHEDDAR_WITH,2,3345,2,6,0,0,0,0,ALMOND~2#:#CHEDDAR~2#:#WITH~2,1.0#:#1.0#:#1.0,1.0,1.0,1
6807,CLASSIC_POTATO_SALAD,2,3345,0,6,0,0,0,0,CLASSIC~2#:#POTATO~2#:#SALAD~2,1.0#:#1.0#:#1.0,1.0,1.0,1
6808,FRESH_SANDWICH_SNACK,2,3345,1,6,0,0,0,0,FRESH~3#:#SANDWICH~2#:#SNACK~3,0.67#:#1.0#:#0.67,1.0,0.67,0
6809,CHEESE_CHICKEN_PACK,2,3345,1,6,0,0,0,0,CHEESE~3#:#CHICKEN~3#:#PACK~3,0.67#:#0.67#:#0.67,0.67,0.67,0
6810,CHEESE_FRESH_PACK,3,3345,2,6,0,0,0,0,CHEESE~3#:#FRESH~3#:#PACK~3,1.0#:#1.0#:#1.0,1.0,1.0,1
6811,CHEESE_FRESH_SNACK,3,3345,1,6,0,0,0,0,CHEESE~3#:#FRESH~3#:#SNACK~3,1.0#:#1.0#:#1.0,1.0,1.0,1
6812,PACK_SALAD_SNACK,2,3345,1,6,0,0,0,0,PACK~3#:#SALAD~2#:#SNACK~3,0.67#:#1.0#:#0.67,1.0,0.67,0
6813,PACK_SALAD_WITH,2,3345,2,6,0,0,0,0,PACK~3#:#SALAD~2#:#WITH~2,0.67#:#1.0#:#1.0,1.0,0.67,0
6814,SALAD_SNACK_WITH,2,3345,1,6,0,0,0,0,SALAD~2#:#SNACK~3#:#WITH~2,1.0#:#0.67#:#1.0,1.0,0.67,0
6815,AND_CHEESE_FRESH,2,3345,1,6,0,0,0,0,AND~2#:#CHEESE~3#:#FRESH~3,1.0#:#0.67#:#0.67,1.0,0.67,0
6816,AND_CHEESE_PACK,2,3345,1,6,0,0,0,0,AND~2#:#CHEESE~3#:#PACK~3,1.0#:#0.67#:#0.67,1.0,0.67,0
6817,PACK_SNACK_TUNA,2,3345,1,6,0,0,0,0,PACK~3#:#SNACK~3#:#TUNA~2,0.67#:#0.67#:#1.0,1.0,0.67,0
6818,CLASSIC_DIP_HUMMUS,2,3345,0,6,0,0,0,0,CLASSIC~2#:#DIP~2#:#HUMMUS~2,1.0#:#1.0#:#1.0,1.0,1.0,1
6819,FRESH_GRAPES_SEEDLESS,3,3345,1,6,0,0,0,0,FRESH~3#:#GRAPES~2#:#SEEDLESS~2,1.0#:#1.5#:#1.5,1.5,1.0,1
6820,FRESH_LARGE_PEACH,2,3345,2,6,0,0,0,0,FRESH~3#:#LARGE~2#:#PEACH~2,0.67#:#1.0#:#1.0,1.0,0.67,0
6821,FRESH_LARGE_YELLOW,2,3345,1,6,0,0,0,0,FRESH~3#:#LARGE~2#:#YELLOW~2,0.67#:#1.0#:#1.0,1.0,0.67,0
6822,FRESH_PEACH_YELLOW,2,3345,2,6,0,0,0,0,FRESH~3#:#PEACH~2#:#YELLOW~2,0.67#:#1.0#:#1.0,1.0,0.67,0
6823,FRESH_GOLD_PINEAPPLE,2,3345,1,6,0,0,0,0,FRESH~3#:#GOLD~2#:#PINEAPPLE~2,0.67#:#1.0#:#1.0,1.0,0.67,0
6824,CORN_FRESH_SWEET,2,3345,2,6,0,0,0,0,CORN~2#:#FRESH~3#:#SWEET~2,1.0#:#0.67#:#1.0,1.0,0.67,0
6825,INDIA_LEAVES_ORGANIC,2,3345,0,6,0,0,0,0,INDIA~2#:#LEAVES~2#:#ORGANIC~3,1.0#:#1.0#:#0.67,1.0,0.67,0
6826,INDIA_ORGANIC_PACK,2,3345,1,6,0,0,0,0,INDIA~2#:#ORGANIC~3#:#PACK~3,1.0#:#0.67#:#0.67,1.0,0.67,0
6827,INDIA_ORGANIC_SLICED,3,3345,0,6,0,0,0,0,INDIA~2#:#ORGANIC~3#:#SLICED~2,1.5#:#1.0#:#1.5,1.5,1.0,1
6828,LOOSE_ORGANIC_RED,2,3345,1,6,0,0,0,0,LOOSE~2#:#ORGANIC~3#:#RED~2,1.0#:#0.67#:#1.0,1.0,0.67,0
6829,LOOSE_ONION_YELLOW,2,3345,0,6,0,0,0,0,LOOSE~2#:#ONION~2#:#YELLOW~2,1.0#:#1.0#:#1.0,1.0,1.0,1
6830,ORGANIC_PACK_SWEET,2,3345,2,6,0,0,0,0,ORGANIC~3#:#PACK~3#:#SWEET~2,0.67#:#0.67#:#1.0,1.0,0.67,0
6831,LOOSE_PUMPKIN_RED,2,3345,1,6,0,0,0,0,LOOSE~2#:#PUMPKIN~2#:#RED~2,1.0#:#1.0#:#1.0,1.0,1.0,1
6832,LARGE_LOOSE_TOMATO,3,3345,0,6,0,0,0,0,LARGE~2#:#LOOSE~2#:#TOMATO~2,1.5#:#1.5#:#1.5,1.5,1.5,1
6833,MIX_ORGANIC_PACK,2,3345,1,6,0,0,0,0,MIX~2#:#ORGANIC~3#:#PACK~3,1.0#:#0.67#:#0.67,1.0,0.67,0
6834,HERB_MIX_PACK,2,3345,1,6,0,0,0,0,HERB~2#:#MIX~2#:#PACK~3,1.0#:#1.0#:#0.67,1.0,0.67,0
6835,AND_MIX_ORGANIC,2,3345,0,6,0,0,0,0,AND~2#:#MIX~2#:#ORGANIC~3,1.0#:#1.0#:#0.67,1.0,0.67,0
6836,CUBES_FRESH_PACK,2,3345,2,6,0,0,0,0,CUBES~2#:#FRESH~3#:#PACK~3,1.0#:#0.67#:#0.67,1.0,0.67,0
6837,CUP_DEL_FRUIT,3,3345,0,6,0,0,0,0,CUP~2#:#DEL~2#:#FRUIT~2,1.5#:#1.5#:#1.5,1.5,1.5,1
6838,CUP_DEL_LIGHT,2,3345,1,6,0,0,0,0,CUP~2#:#DEL~2#:#LIGHT~2,1.0#:#1.0#:#1.0,1.0,1.0,1
6839,CUP_DEL_MONTE,3,3345,0,6,0,0,0,0,CUP~2#:#DEL~2#:#MONTE~2,1.5#:#1.5#:#1.5,1.5,1.5,1
6840,CUP_DEL_SYRUP,2,3345,0,6,0,0,0,0,CUP~2#:#DEL~2#:#SYRUP~2,1.0#:#1.0#:#1.0,1.0,1.0,1
6841,CUP_FRUIT_MONTE,3,3345,0,6,0,0,0,0,CUP~2#:#FRUIT~2#:#MONTE~2,1.5#:#1.5#:#1.5,1.5,1.5,1
6842,CUP_LIGHT_MONTE,2,3345,1,6,0,0,0,0,CUP~2#:#LIGHT~2#:#MONTE~2,1.0#:#1.0#:#1.0,1.0,1.0,1
6843,CUP_MONTE_SYRUP,2,3345,0,6,0,0,0,0,CUP~2#:#MONTE~2#:#SYRUP~2,1.0#:#1.0#:#1.0,1.0,1.0,1
6844,DEL_FRUIT_LIGHT,2,3345,1,6,0,0,0,0,DEL~2#:#FRUIT~2#:#LIGHT~2,1.0#:#1.0#:#1.0,1.0,1.0,1
6845,DEL_FRUIT_MONTE,3,3345,0,6,0,0,0,0,DEL~2#:#FRUIT~2#:#MONTE~2,1.5#:#1.5#:#1.5,1.5,1.5,1
6846,DEL_FRUIT_SYRUP,2,3345,0,6,0,0,0,0,DEL~2#:#FRUIT~2#:#SYRUP~2,1.0#:#1.0#:#1.0,1.0,1.0,1
6847,DEL_LIGHT_SYRUP,2,3345,1,6,0,0,0,0,DEL~2#:#LIGHT~2#:#SYRUP~2,1.0#:#1.0#:#1.0,1.0,1.0,1
6848,DEL_MONTE_RED,2,3345,1,6,0,0,0,0,DEL~2#:#MONTE~2#:#RED~2,1.0#:#1.0#:#1.0,1.0,1.0,1
6849,FRUIT_LIGHT_MONTE,2,3345,1,6,0,0,0,0,FRUIT~2#:#LIGHT~2#:#MONTE~2,1.0#:#1.0#:#1.0,1.0,1.0,1
6850,FRUIT_MONTE_SYRUP,2,3345,0,6,0,0,0,0,FRUIT~2#:#MONTE~2#:#SYRUP~2,1.0#:#1.0#:#1.0,1.0,1.0,1
6851,LIGHT_MONTE_SYRUP,2,3345,1,6,0,0,0,0,LIGHT~2#:#MONTE~2#:#SYRUP~2,1.0#:#1.0#:#1.0,1.0,1.0,1
6852,AND_PACK_ROASTED,2,3345,1,6,0,0,0,0,AND~2#:#PACK~3#:#ROASTED~2,1.0#:#0.67#:#1.0,1.0,0.67,0
6853,AND_PACK_SALTED,2,3345,1,6,0,0,0,0,AND~2#:#PACK~3#:#SALTED~2,1.0#:#0.67#:#1.0,1.0,0.67,0
6854,PACK_ROASTED_SALTED,2,3345,1,6,0,0,0,0,PACK~3#:#ROASTED~2#:#SALTED~2,0.67#:#1.0#:#1.0,1.0,0.67,0
6855,AND_PEANUT_ROASTED,2,3345,0,6,0,0,0,0,AND~2#:#PEANUT~2#:#ROASTED~2,1.0#:#1.0#:#1.0,1.0,1.0,1
6856,AND_PEANUT_SALTED,2,3345,0,6,0,0,0,0,AND~2#:#PEANUT~2#:#SALTED~2,1.0#:#1.0#:#1.0,1.0,1.0,1
6857,AND_ROASTED_SALTED,3,3345,0,6,0,0,0,0,AND~2#:#ROASTED~2#:#SALTED~2,1.5#:#1.5#:#1.5,1.5,1.5,1
6858,FAMILY_PACK_SLICED,2,3345,1,6,0,0,0,0,FAMILY~2#:#PACK~3#:#SLICED~2,1.0#:#0.67#:#1.0,1.0,0.67,0
6859,HAPPILO_MANGO_PACK,2,3345,1,6,0,0,0,0,HAPPILO~2#:#MANGO~2#:#PACK~3,1.0#:#1.0#:#0.67,1.0,0.67,0
6860,HAPPILO_PACK_SLICED,2,3345,1,6,0,0,0,0,HAPPILO~2#:#PACK~3#:#SLICED~2,1.0#:#0.67#:#1.0,1.0,0.67,0
6861,DRIED_MANGO_PACK,2,3345,1,6,0,0,0,0,DRIED~2#:#MANGO~2#:#PACK~3,1.0#:#1.0#:#0.67,1.0,0.67,0
6862,MANGO_PACK_SLICED,2,3345,1,6,0,0,0,0,MANGO~2#:#PACK~3#:#SLICED~2,1.0#:#0.67#:#1.0,1.0,0.67,0
6863,DRIED_HAPPILO_MANGO,2,3345,0,6,0,0,0,0,DRIED~2#:#HAPPILO~2#:#MANGO~2,1.0#:#1.0#:#1.0,1.0,1.0,1
6864,HAPPILO_MANGO_SLICED,2,3345,0,6,0,0,0,0,HAPPILO~2#:#MANGO~2#:#SLICED~2,1.0#:#1.0#:#1.0,1.0,1.0,1
6865,DRIED_HAPPILO_SLICED,2,3345,0,6,0,0,0,0,DRIED~2#:#HAPPILO~2#:#SLICED~2,1.0#:#1.0#:#1.0,1.0,1.0,1
6866,DRIED_MANGO_SLICED,2,3345,0,6,0,0,0,0,DRIED~2#:#MANGO~2#:#SLICED~2,1.0#:#1.0#:#1.0,1.0,1.0,1
6867,DIP_GRAM_HUMMUS,2,3345,0,6,0,0,0,0,DIP~2#:#GRAM~2#:#HUMMUS~2,1.0#:#1.0#:#1.0,1.0,1.0,1
6868,CHEESE_DIP_JALAPENO,2,3345,0,6,0,0,0,0,CHEESE~3#:#DIP~2#:#JALAPENO~2,0.67#:#1.0#:#1.0,1.0,0.67,0
6869,GRAM_PACK_PLATES,3,3345,1,6,0,0,0,0,GRAM~2#:#PACK~3#:#PLATES~2,1.5#:#1.0#:#1.5,1.5,1.0,1
6870,GRAM_PACK_URBAN,3,3345,1,6,0,0,0,0,GRAM~2#:#PACK~3#:#URBAN~2,1.5#:#1.0#:#1.5,1.5,1.0,1
6871,PACK_PLATES_URBAN,3,3345,1,6,0,0,0,0,PACK~3#:#PLATES~2#:#URBAN~2,1.0#:#1.5#:#1.5,1.5,1.0,1
6872,GRAM_PLATES_URBAN,3,3345,0,6,0,0,0,0,GRAM~2#:#PLATES~2#:#URBAN~2,1.5#:#1.5#:#1.5,1.5,1.5,1
6873,JUICE_PRESERVED_RAW,2,3345,0,6,0,0,0,0,JUICE~2#:#PRESERVED~2#:#RAW~2,1.0#:#1.0#:#1.0,1.0,1.0,1
6874,GARLIC_GRAM_PACK,2,3345,1,6,0,0,0,0,GARLIC~2#:#GRAM~2#:#PACK~3,1.0#:#1.0#:#0.67,1.0,0.67,0
6875,BOTTLE_DRESSING_GRAM,5,3345,1,6,0,0,0,0,BOTTLE~2#:#DRESSING~2#:#GRAM~2,2.5#:#2.5#:#2.5,2.5,2.5,1
6876,BOTTLE_DRESSING_VEEBA,5,3345,1,6,0,0,0,0,BOTTLE~2#:#DRESSING~2#:#VEEBA~2,2.5#:#2.5#:#2.5,2.5,2.5,1
6877,DRESSING_GRAM_VEEBA,5,3345,0,6,0,0,0,0,DRESSING~2#:#GRAM~2#:#VEEBA~2,2.5#:#2.5#:#2.5,2.5,2.5,1
6878,BOTTLE_DRESSING_SALAD,2,3345,1,6,0,0,0,0,BOTTLE~2#:#DRESSING~2#:#SALAD~2,1.0#:#1.0#:#1.0,1.0,1.0,1
6879,BOTTLE_GRAM_SALAD,2,3345,1,6,0,0,0,0,BOTTLE~2#:#GRAM~2#:#SALAD~2,1.0#:#1.0#:#1.0,1.0,1.0,1
6880,BOTTLE_SALAD_VEEBA,2,3345,1,6,0,0,0,0,BOTTLE~2#:#SALAD~2#:#VEEBA~2,1.0#:#1.0#:#1.0,1.0,1.0,1
6881,DRESSING_GRAM_SALAD,2,3345,0,6,0,0,0,0,DRESSING~2#:#GRAM~2#:#SALAD~2,1.0#:#1.0#:#1.0,1.0,1.0,1
6882,DRESSING_SALAD_VEEBA,4,3345,0,6,0,0,0,0,DRESSING~2#:#SALAD~2#:#VEEBA~2,2.0#:#2.0#:#2.0,2.0,2.0,1
6883,GRAM_SALAD_VEEBA,2,3345,0,6,0,0,0,0,GRAM~2#:#SALAD~2#:#VEEBA~2,1.0#:#1.0#:#1.0,1.0,1.0,1
6884,CAKES_FRUIT_PACK,3,3345,1,6,0,0,0,0,CAKES~2#:#FRUIT~2#:#PACK~3,1.5#:#1.5#:#1.0,1.5,1.0,1
6885,GRAM_MIX_PACK,2,3345,1,6,0,0,0,0,GRAM~2#:#MIX~2#:#PACK~3,1.0#:#1.0#:#0.67,1.0,0.67,0
6886,BAKER_GRAM_PACK,2,3345,1,6,0,0,0,0,BAKER~2#:#GRAM~2#:#PACK~3,1.0#:#1.0#:#0.67,1.0,0.67,0
6887,PACK_WHEAT_WHOLE,3,3345,1,6,0,0,0,0,PACK~3#:#WHEAT~2#:#WHOLE~2,1.0#:#1.5#:#1.5,1.5,1.0,1
6888,CAKES_COCOA_PACK,3,3345,1,6,0,0,0,0,CAKES~2#:#COCOA~2#:#PACK~3,1.5#:#1.5#:#1.0,1.5,1.0,1
6889,MONGINIS_MUFFIN_PACK,2,3345,1,6,0,0,0,0,MONGINIS~2#:#MUFFIN~2#:#PACK~3,1.0#:#1.0#:#0.67,1.0,0.67,0
6890,BOX_DONUT_PACK,3,3345,1,6,0,0,0,0,BOX~2#:#DONUT~2#:#PACK~3,1.5#:#1.5#:#1.0,1.5,1.0,1
6891,DONUT_PACK_PIECES,2,3345,1,6,0,0,0,0,DONUT~2#:#PACK~3#:#PIECES~2,1.0#:#0.67#:#1.0,1.0,0.67,0
6892,BOX_DONUT_DONUT,2,3345,0,6,0,0,0,0,BOX~2#:#DONUT~2#:#DONUT~2,1.0#:#1.0#:#1.0,1.0,1.0,1
6893,ASSORTED_BOX_DONUT,2,3345,0,6,0,0,0,0,ASSORTED~2#:#BOX~2#:#DONUT~2,1.0#:#1.0#:#1.0,1.0,1.0,1
6894,BOX_DONUT_PIECES,4,3345,0,6,0,0,0,0,BOX~2#:#DONUT~2#:#PIECES~2,2.0#:#2.0#:#2.0,2.0,2.0,1
6895,DONUT_DONUT_PIECES,2,3345,0,6,0,0,0,0,DONUT~2#:#DONUT~2#:#PIECES~2,1.0#:#1.0#:#1.0,1.0,1.0,1
6896,ASSORTED_DONUT_PIECES,2,3345,0,6,0,0,0,0,ASSORTED~2#:#DONUT~2#:#PIECES~2,1.0#:#1.0#:#1.0,1.0,1.0,1
6897,BREAD_GRAM_PACK,2,3345,1,6,0,0,0,0,BREAD~2#:#GRAM~2#:#PACK~3,1.0#:#1.0#:#0.67,1.0,0.67,0
6898,MUFFIN_PACK_WHEAT,3,3345,1,6,0,0,0,0,MUFFIN~2#:#PACK~3#:#WHEAT~2,1.5#:#1.0#:#1.5,1.5,1.0,1
6899,MUFFIN_PACK_WHOLE,2,3345,1,6,0,0,0,0,MUFFIN~2#:#PACK~3#:#WHOLE~2,1.0#:#0.67#:#1.0,1.0,0.67,0
6900,ENGLISH_PACK_WHEAT,3,3345,1,6,0,0,0,0,ENGLISH~2#:#PACK~3#:#WHEAT~2,1.5#:#1.0#:#1.5,1.5,1.0,1
6901,ENGLISH_PACK_WHOLE,2,3345,1,6,0,0,0,0,ENGLISH~2#:#PACK~3#:#WHOLE~2,1.0#:#0.67#:#1.0,1.0,0.67,0
6902,ENGLISH_MUFFIN_WHEAT,3,3345,0,6,0,0,0,0,ENGLISH~2#:#MUFFIN~2#:#WHEAT~2,1.5#:#1.5#:#1.5,1.5,1.5,1
6903,ENGLISH_MUFFIN_WHOLE,2,3345,0,6,0,0,0,0,ENGLISH~2#:#MUFFIN~2#:#WHOLE~2,1.0#:#1.0#:#1.0,1.0,1.0,1
6904,MUFFIN_WHEAT_WHOLE,2,3345,0,6,0,0,0,0,MUFFIN~2#:#WHEAT~2#:#WHOLE~2,1.0#:#1.0#:#1.0,1.0,1.0,1
6905,BAKER_BUNS_PACK,2,3345,1,6,0,0,0,0,BAKER~2#:#BUNS~2#:#PACK~3,1.0#:#1.0#:#0.67,1.0,0.67,0
6906,BAKER_BURGER_PACK,2,3345,1,6,0,0,0,0,BAKER~2#:#BURGER~2#:#PACK~3,1.0#:#1.0#:#0.67,1.0,0.67,0
6907,BAKER_BUNS_BURGER,2,3345,0,6,0,0,0,0,BAKER~2#:#BUNS~2#:#BURGER~2,1.0#:#1.0#:#1.0,1.0,1.0,1
6908,CAKES_PACK_SLICED,2,3345,1,6,0,0,0,0,CAKES~2#:#PACK~3#:#SLICED~2,1.0#:#0.67#:#1.0,1.0,0.67,0
6909,BOX_CHOCOLATE_DONUT,2,3345,0,6,0,0,0,0,BOX~2#:#CHOCOLATE~2#:#DONUT~2,1.0#:#1.0#:#1.0,1.0,1.0,1
6910,CHOCOLATE_DONUT_PIECES,2,3345,0,6,0,0,0,0,CHOCOLATE~2#:#DONUT~2#:#PIECES~2,1.0#:#1.0#:#1.0,1.0,1.0,1
6911,BAKER_BREAD_LOAF,3,3345,0,6,0,0,0,0,BAKER~2#:#BREAD~2#:#LOAF~2,1.5#:#1.5#:#1.5,1.5,1.5,1
6912,BREAD_LOAF_PACK,2,3345,1,6,0,0,0,0,BREAD~2#:#LOAF~2#:#PACK~3,1.0#:#1.0#:#0.67,1.0,0.67,0
6913,BAKER_BREAD_PACK,2,3345,1,6,0,0,0,0,BAKER~2#:#BREAD~2#:#PACK~3,1.0#:#1.0#:#0.67,1.0,0.67,0
6914,BAKER_LOAF_PACK,2,3345,1,6,0,0,0,0,BAKER~2#:#LOAF~2#:#PACK~3,1.0#:#1.0#:#0.67,1.0,0.67,0
6915,BRITANNIA_FRUIT_PACK,2,3345,1,6,0,0,0,0,BRITANNIA~3#:#FRUIT~2#:#PACK~3,0.67#:#1.0#:#0.67,1.0,0.67,0
6916,BRITANNIA_CAKES_FRUIT,2,3345,0,6,0,0,0,0,BRITANNIA~3#:#CAKES~2#:#FRUIT~2,0.67#:#1.0#:#1.0,1.0,0.67,0
6917,CADBURY_COCOA_PACK,2,3345,1,6,0,0,0,0,CADBURY~2#:#COCOA~2#:#PACK~3,1.0#:#1.0#:#0.67,1.0,0.67,0
6918,BONELESS_CHICKEN_PIECES,2,3345,0,6,0,0,0,0,BONELESS~2#:#CHICKEN~3#:#PIECES~2,1.0#:#0.67#:#1.0,1.0,0.67,0
6919,CHICKEN_FILLET_PREMIUM,3,3345,0,6,0,0,0,0,CHICKEN~3#:#FILLET~2#:#PREMIUM~2,1.0#:#1.5#:#1.5,1.5,1.0,1
6920,CHICKEN_FILLET_STEAK,2,3345,0,6,0,0,0,0,CHICKEN~3#:#FILLET~2#:#STEAK~2,0.67#:#1.0#:#1.0,1.0,0.67,0
6921,BONELESS_CHICKEN_STEAK,2,3345,0,6,0,0,0,0,BONELESS~2#:#CHICKEN~3#:#STEAK~2,1.0#:#0.67#:#1.0,1.0,0.67,0
6922,CHICKEN_FAMILY_PACK,3,3345,1,6,0,0,0,0,CHICKEN~3#:#FAMILY~2#:#PACK~3,1.0#:#1.5#:#1.0,1.5,1.0,1
6923,CHICKEN_PARTY_WINGS,2,3345,0,6,0,0,0,0,CHICKEN~3#:#PARTY~2#:#WINGS~2,0.67#:#1.0#:#1.0,1.0,0.67,0
6924,BONES_DOG_TREATS,2,3345,0,6,0,0,0,0,BONES~2#:#DOG~2#:#TREATS~2,1.0#:#1.0#:#1.0,1.0,1.0,1
6925,GROUND_MEAL_PREMIUM,2,3345,0,6,0,0,0,0,GROUND~2#:#MEAL~2#:#PREMIUM~2,1.0#:#1.0#:#1.0,1.0,1.0,1
6926,BLACK_HAM_SLICED,2,3345,1,6,0,0,0,0,BLACK~2#:#HAM~2#:#SLICED~2,1.0#:#1.0#:#1.0,1.0,1.0,1
6927,CHEESE_JALAPENO_STICK,2,3345,1,6,0,0,0,0,CHEESE~3#:#JALAPENO~2#:#STICK~2,0.67#:#1.0#:#1.0,1.0,0.67,0
6928,JALAPENO_SNACK_STICK,2,3345,1,6,0,0,0,0,JALAPENO~2#:#SNACK~3#:#STICK~2,1.0#:#0.67#:#1.0,1.0,0.67,0
6929,CRACKERS_PACK_SNACK,2,3345,1,6,0,0,0,0,CRACKERS~2#:#PACK~3#:#SNACK~3,1.0#:#0.67#:#0.67,1.0,0.67,0
6930,BROWN_EGGS_FREE,2,3345,2,6,0,0,0,0,BROWN~2#:#EGGS~2#:#FREE~2,1.0#:#1.0#:#1.0,1.0,1.0,1
6931,BROWN_EGGS_LARGE,2,3345,1,6,0,0,0,0,BROWN~2#:#EGGS~2#:#LARGE~2,1.0#:#1.0#:#1.0,1.0,1.0,1
6932,BROWN_FREE_LARGE,2,3345,2,6,0,0,0,0,BROWN~2#:#FREE~2#:#LARGE~2,1.0#:#1.0#:#1.0,1.0,1.0,1
6933,EGGS_FREE_LARGE,2,3345,1,6,0,0,0,0,EGGS~2#:#FREE~2#:#LARGE~2,1.0#:#1.0#:#1.0,1.0,1.0,1
6934,BRITANNIA_EGGS_WHITE,2,3345,1,6,0,0,0,0,BRITANNIA~3#:#EGGS~2#:#WHITE~2,0.67#:#1.0#:#1.0,1.0,0.67,0
6935,INDIA_ORGANIC_WHITE,4,3345,1,6,0,0,0,0,INDIA~2#:#ORGANIC~3#:#WHITE~2,2.0#:#1.33#:#2.0,2.0,1.33,1
6936,AMUL_LOW_PERCENT,2,3345,0,6,0,0,0,0,AMUL~3#:#LOW~2#:#PERCENT~2,0.67#:#1.0#:#1.0,1.0,0.67,0
6937,FAT_LOW_PERCENT,2,3345,0,6,0,0,0,0,FAT~2#:#LOW~2#:#PERCENT~2,1.0#:#1.0#:#1.0,1.0,1.0,1
6938,CREAMY_SUGAR_SWEET,2,3345,3,6,0,0,0,0,CREAMY~3#:#SUGAR~2#:#SWEET~2,0.67#:#1.0#:#1.0,1.0,0.67,0
6939,AND_CREAMY_NESTLE,2,3345,1,6,0,0,0,0,AND~2#:#CREAMY~3#:#NESTLE~2,1.0#:#0.67#:#1.0,1.0,0.67,0
6940,AND_CREAMY_SWEET,2,3345,2,6,0,0,0,0,AND~2#:#CREAMY~3#:#SWEET~2,1.0#:#0.67#:#1.0,1.0,0.67,0
6941,CREAMY_DAIRY_NESTLE,2,3345,1,6,0,0,0,0,CREAMY~3#:#DAIRY~2#:#NESTLE~2,0.67#:#1.0#:#1.0,1.0,0.67,0
6942,CREAMY_DAIRY_SWEET,2,3345,2,6,0,0,0,0,CREAMY~3#:#DAIRY~2#:#SWEET~2,0.67#:#1.0#:#1.0,1.0,0.67,0
6943,CREAMY_NESTLE_SWEET,2,3345,2,6,0,0,0,0,CREAMY~3#:#NESTLE~2#:#SWEET~2,0.67#:#1.0#:#1.0,1.0,0.67,0
6944,CREAMY_DAIRY_SOUR,2,3345,1,6,0,0,0,0,CREAMY~3#:#DAIRY~2#:#SOUR~2,0.67#:#1.0#:#1.0,1.0,0.67,0
6945,CREAMY_FRESH_SOUR,2,3345,2,6,0,0,0,0,CREAMY~3#:#FRESH~3#:#SOUR~2,0.67#:#0.67#:#1.0,1.0,0.67,0
6946,BRITANNIA_CHEESE_FAT,2,3345,0,6,0,0,0,0,BRITANNIA~3#:#CHEESE~3#:#FAT~2,0.67#:#0.67#:#1.0,1.0,0.67,0
6947,AMUL_CHEESE_PERCENT,3,3345,0,6,0,0,0,0,AMUL~3#:#CHEESE~3#:#PERCENT~2,1.0#:#1.0#:#1.5,1.5,1.0,1
6948,CHEESE_FAT_PERCENT,3,3345,0,6,0,0,0,0,CHEESE~3#:#FAT~2#:#PERCENT~2,1.0#:#1.5#:#1.5,1.5,1.0,1
6949,CREAMY_DIP_WINGREENS,2,3345,1,6,0,0,0,0,CREAMY~3#:#DIP~2#:#WINGREENS~2,0.67#:#1.0#:#1.0,1.0,0.67,0
6950,CHEESE_ORGANIC_SLICED,2,3345,0,6,0,0,0,0,CHEESE~3#:#ORGANIC~3#:#SLICED~2,0.67#:#0.67#:#1.0,1.0,0.67,0
6951,CHEESE_INDIA_SLICED,2,3345,0,6,0,0,0,0,CHEESE~3#:#INDIA~2#:#SLICED~2,0.67#:#1.0#:#1.0,1.0,0.67,0
6952,BRITANNIA_CHEESE_NATURAL,3,3345,1,6,0,0,0,0,BRITANNIA~3#:#CHEESE~3#:#NATURAL~2,1.0#:#1.0#:#1.5,1.5,1.0,1
6953,CHEDDAR_CHEESE_ORGANIC,2,3345,0,6,0,0,0,0,CHEDDAR~2#:#CHEESE~3#:#ORGANIC~3,1.0#:#0.67#:#0.67,1.0,0.67,0
6954,CHEESE_ORGANIC_WHITE,2,3345,1,6,0,0,0,0,CHEESE~3#:#ORGANIC~3#:#WHITE~2,0.67#:#0.67#:#1.0,1.0,0.67,0
6955,CHEDDAR_CHEESE_INDIA,2,3345,0,6,0,0,0,0,CHEDDAR~2#:#CHEESE~3#:#INDIA~2,1.0#:#0.67#:#1.0,1.0,0.67,0
6956,CHEESE_INDIA_WHITE,2,3345,1,6,0,0,0,0,CHEESE~3#:#INDIA~2#:#WHITE~2,0.67#:#1.0#:#1.0,1.0,0.67,0
6957,CHEDDAR_INDIA_ORGANIC,2,3345,0,6,0,0,0,0,CHEDDAR~2#:#INDIA~2#:#ORGANIC~3,1.0#:#1.0#:#0.67,1.0,0.67,0
6958,CHEDDAR_ORGANIC_WHITE,2,3345,1,6,0,0,0,0,CHEDDAR~2#:#ORGANIC~3#:#WHITE~2,1.0#:#0.67#:#1.0,1.0,0.67,0
6959,CHEDDAR_INDIA_WHITE,2,3345,1,6,0,0,0,0,CHEDDAR~2#:#INDIA~2#:#WHITE~2,1.0#:#1.0#:#1.0,1.0,1.0,1
6960,BRITANNIA_CHEESE_SHREDDED,3,3345,0,6,0,0,0,0,BRITANNIA~3#:#CHEESE~3#:#SHREDDED~2,1.0#:#1.0#:#1.5,1.5,1.0,1
6961,BRITANNIA_CHEESE_MILD,2,3345,0,6,0,0,0,0,BRITANNIA~3#:#CHEESE~3#:#MILD~2,0.67#:#0.67#:#1.0,1.0,0.67,0
6962,BLOCK_CHEESE_EXTRA,2,3345,1,6,0,0,0,0,BLOCK~2#:#CHEESE~3#:#EXTRA~2,1.0#:#0.67#:#1.0,1.0,0.67,0
6963,BLOCK_CHEDDAR_EXTRA,2,3345,1,6,0,0,0,0,BLOCK~2#:#CHEDDAR~2#:#EXTRA~2,1.0#:#1.0#:#1.0,1.0,1.0,1
6964,BRITANNIA_CHEESE_WHITE,2,3345,1,6,0,0,0,0,BRITANNIA~3#:#CHEESE~3#:#WHITE~2,0.67#:#0.67#:#1.0,1.0,0.67,0
6965,BRITANNIA_CHEDDAR_WHITE,2,3345,1,6,0,0,0,0,BRITANNIA~3#:#CHEDDAR~2#:#WHITE~2,0.67#:#1.0#:#1.0,1.0,0.67,0
6966,BRITANNIA_CHEESE_WITH,2,3345,1,6,0,0,0,0,BRITANNIA~3#:#CHEESE~3#:#WITH~2,0.67#:#0.67#:#1.0,1.0,0.67,0
6967,AMUL_CHEDDAR_CRACKERS,2,3345,0,6,0,0,0,0,AMUL~3#:#CHEDDAR~2#:#CRACKERS~2,0.67#:#1.0#:#1.0,1.0,0.67,0
6968,AMUL_CRACKERS_CUTS,2,3345,0,6,0,0,0,0,AMUL~3#:#CRACKERS~2#:#CUTS~2,0.67#:#1.0#:#1.0,1.0,0.67,0
6969,CHEDDAR_CHEESE_CRACKERS,2,3345,0,6,0,0,0,0,CHEDDAR~2#:#CHEESE~3#:#CRACKERS~2,1.0#:#0.67#:#1.0,1.0,0.67,0
6970,CHEESE_CRACKERS_CUTS,2,3345,0,6,0,0,0,0,CHEESE~3#:#CRACKERS~2#:#CUTS~2,0.67#:#1.0#:#1.0,1.0,0.67,0
6971,CHEDDAR_CRACKERS_CUTS,2,3345,0,6,0,0,0,0,CHEDDAR~2#:#CRACKERS~2#:#CUTS~2,1.0#:#1.0#:#1.0,1.0,1.0,1
6972,BRITANNIA_CHEESE_STICK,2,3345,1,6,0,0,0,0,BRITANNIA~3#:#CHEESE~3#:#STICK~2,0.67#:#0.67#:#1.0,1.0,0.67,0
6973,BRITANNIA_NATURAL_STICK,2,3345,2,6,0,0,0,0,BRITANNIA~3#:#NATURAL~2#:#STICK~2,0.67#:#1.0#:#1.0,1.0,0.67,0
6974,CHEESE_NATURAL_STICK,2,3345,2,6,0,0,0,0,CHEESE~3#:#NATURAL~2#:#STICK~2,0.67#:#1.0#:#1.0,1.0,0.67,0
6975,BAKE_COOKIES_PILLSBURY,2,3345,0,6,0,0,0,0,BAKE~2#:#COOKIES~2#:#PILLSBURY~2,1.0#:#1.0#:#1.0,1.0,1.0,1
6976,COOKIES_PILLSBURY_READY#TO,2,3345,0,6,0,0,0,0,COOKIES~2#:#PILLSBURY~2#:#READY#TO~2,1.0#:#1.0#:#1.0,1.0,1.0,1
6977,BRITANNIA_DESSERT_PUDDING,2,3345,0,6,0,0,0,0,BRITANNIA~3#:#DESSERT~2#:#PUDDING~2,0.67#:#1.0#:#1.0,1.0,0.67,0
6978,FREE_PUDDING_SUGAR,2,3345,2,6,0,0,0,0,FREE~2#:#PUDDING~2#:#SUGAR~2,1.0#:#1.0#:#1.0,1.0,1.0,1
6979,AMUL_CHOCOLATE_PUDDING,2,3345,0,6,0,0,0,0,AMUL~3#:#CHOCOLATE~2#:#PUDDING~2,0.67#:#1.0#:#1.0,1.0,0.67,0
6980,AND_BROWN_SUGAR,2,3345,2,6,0,0,0,0,AND~2#:#BROWN~2#:#SUGAR~2,1.0#:#1.0#:#1.0,1.0,1.0,1
6981,JUICE_ORANGE_PREMIUM,3,3345,0,6,0,0,0,0,JUICE~2#:#ORANGE~2#:#PREMIUM~2,1.5#:#1.5#:#1.5,1.5,1.5,1
6982,JUICE_PREMIUM_REAL,3,3345,0,6,0,0,0,0,JUICE~2#:#PREMIUM~2#:#REAL~2,1.5#:#1.5#:#1.5,1.5,1.5,1
6983,ORANGE_PREMIUM_REAL,3,3345,0,6,0,0,0,0,ORANGE~2#:#PREMIUM~2#:#REAL~2,1.5#:#1.5#:#1.5,1.5,1.5,1
6984,JUICE_ORANGE_TROPICAL,3,3345,0,6,0,0,0,0,JUICE~2#:#ORANGE~2#:#TROPICAL~2,1.5#:#1.5#:#1.5,1.5,1.5,1
6985,JUICE_PREMIUM_WITH,2,3345,1,6,0,0,0,0,JUICE~2#:#PREMIUM~2#:#WITH~2,1.0#:#1.0#:#1.0,1.0,1.0,1
6986,ORANGE_PREMIUM_WITH,2,3345,1,6,0,0,0,0,ORANGE~2#:#PREMIUM~2#:#WITH~2,1.0#:#1.0#:#1.0,1.0,1.0,1
6987,PREMIUM_REAL_WITH,2,3345,1,6,0,0,0,0,PREMIUM~2#:#REAL~2#:#WITH~2,1.0#:#1.0#:#1.0,1.0,1.0,1
6988,JUICE_NATURAL_TROPICAL,3,3345,1,6,0,0,0,0,JUICE~2#:#NATURAL~2#:#TROPICAL~2,1.5#:#1.5#:#1.5,1.5,1.5,1
6989,FRUIT_JUICE_PINEAPPLE,2,3345,0,6,0,0,0,0,FRUIT~2#:#JUICE~2#:#PINEAPPLE~2,1.0#:#1.0#:#1.0,1.0,1.0,1
6990,FRUIT_MIXED_ORANGE,2,3345,0,6,0,0,0,0,FRUIT~2#:#MIXED~2#:#ORANGE~2,1.0#:#1.0#:#1.0,1.0,1.0,1
6991,FRUIT_MIXED_PINEAPPLE,2,3345,0,6,0,0,0,0,FRUIT~2#:#MIXED~2#:#PINEAPPLE~2,1.0#:#1.0#:#1.0,1.0,1.0,1
6992,FRUIT_MIXED_REAL,2,3345,0,6,0,0,0,0,FRUIT~2#:#MIXED~2#:#REAL~2,1.0#:#1.0#:#1.0,1.0,1.0,1
6993,FRUIT_ORANGE_PINEAPPLE,2,3345,0,6,0,0,0,0,FRUIT~2#:#ORANGE~2#:#PINEAPPLE~2,1.0#:#1.0#:#1.0,1.0,1.0,1
6994,JUICE_MIXED_ORANGE,2,3345,0,6,0,0,0,0,JUICE~2#:#MIXED~2#:#ORANGE~2,1.0#:#1.0#:#1.0,1.0,1.0,1
6995,JUICE_MIXED_PINEAPPLE,2,3345,0,6,0,0,0,0,JUICE~2#:#MIXED~2#:#PINEAPPLE~2,1.0#:#1.0#:#1.0,1.0,1.0,1
6996,JUICE_MIXED_REAL,2,3345,0,6,0,0,0,0,JUICE~2#:#MIXED~2#:#REAL~2,1.0#:#1.0#:#1.0,1.0,1.0,1
6997,JUICE_ORANGE_PINEAPPLE,2,3345,0,6,0,0,0,0,JUICE~2#:#ORANGE~2#:#PINEAPPLE~2,1.0#:#1.0#:#1.0,1.0,1.0,1
6998,JUICE_PINEAPPLE_REAL,2,3345,0,6,0,0,0,0,JUICE~2#:#PINEAPPLE~2#:#REAL~2,1.0#:#1.0#:#1.0,1.0,1.0,1
6999,MIXED_ORANGE_PINEAPPLE,2,3345,0,6,0,0,0,0,MIXED~2#:#ORANGE~2#:#PINEAPPLE~2,1.0#:#1.0#:#1.0,1.0,1.0,1
7000,MIXED_ORANGE_REAL,2,3345,0,6,0,0,0,0,MIXED~2#:#ORANGE~2#:#REAL~2,1.0#:#1.0#:#1.0,1.0,1.0,1
7001,MIXED_PINEAPPLE_REAL,2,3345,0,6,0,0,0,0,MIXED~2#:#PINEAPPLE~2#:#REAL~2,1.0#:#1.0#:#1.0,1.0,1.0,1
7002,ORANGE_PINEAPPLE_REAL,2,3345,0,6,0,0,0,0,ORANGE~2#:#PINEAPPLE~2#:#REAL~2,1.0#:#1.0#:#1.0,1.0,1.0,1
7003,APPLE_JUICE_PRESERVED,2,3345,1,6,0,0,0,0,APPLE~2#:#JUICE~2#:#PRESERVED~2,1.0#:#1.0#:#1.0,1.0,1.0,1
7004,APPLE_JUICE_PURE,2,3345,1,6,0,0,0,0,APPLE~2#:#JUICE~2#:#PURE~2,1.0#:#1.0#:#1.0,1.0,1.0,1
7005,APPLE_JUICE_TROPICAL,2,3345,1,6,0,0,0,0,APPLE~2#:#JUICE~2#:#TROPICAL~2,1.0#:#1.0#:#1.0,1.0,1.0,1
7006,APPLE_PRESERVED_PURE,2,3345,1,6,0,0,0,0,APPLE~2#:#PRESERVED~2#:#PURE~2,1.0#:#1.0#:#1.0,1.0,1.0,1
7007,APPLE_PRESERVED_TROPICAL,2,3345,1,6,0,0,0,0,APPLE~2#:#PRESERVED~2#:#TROPICAL~2,1.0#:#1.0#:#1.0,1.0,1.0,1
7008,APPLE_PURE_TROPICAL,2,3345,1,6,0,0,0,0,APPLE~2#:#PURE~2#:#TROPICAL~2,1.0#:#1.0#:#1.0,1.0,1.0,1
7009,JUICE_PRESERVED_PURE,2,3345,0,6,0,0,0,0,JUICE~2#:#PRESERVED~2#:#PURE~2,1.0#:#1.0#:#1.0,1.0,1.0,1
7010,JUICE_PRESERVED_TROPICAL,2,3345,0,6,0,0,0,0,JUICE~2#:#PRESERVED~2#:#TROPICAL~2,1.0#:#1.0#:#1.0,1.0,1.0,1
7011,JUICE_PURE_TROPICAL,2,3345,0,6,0,0,0,0,JUICE~2#:#PURE~2#:#TROPICAL~2,1.0#:#1.0#:#1.0,1.0,1.0,1
7012,PRESERVED_PURE_TROPICAL,2,3345,0,6,0,0,0,0,PRESERVED~2#:#PURE~2#:#TROPICAL~2,1.0#:#1.0#:#1.0,1.0,1.0,1
7013,BLEND_JUICE_NATURAL,2,3345,1,6,0,0,0,0,BLEND~2#:#JUICE~2#:#NATURAL~2,1.0#:#1.0#:#1.0,1.0,1.0,1
7014,BLEND_JUICE_TROPICAL,2,3345,0,6,0,0,0,0,BLEND~2#:#JUICE~2#:#TROPICAL~2,1.0#:#1.0#:#1.0,1.0,1.0,1
7015,BLEND_NATURAL_TROPICAL,2,3345,1,6,0,0,0,0,BLEND~2#:#NATURAL~2#:#TROPICAL~2,1.0#:#1.0#:#1.0,1.0,1.0,1
7016,BLACK_ICED_TEA,2,3345,2,6,0,0,0,0,BLACK~2#:#ICED~2#:#TEA~2,1.0#:#1.0#:#1.0,1.0,1.0,1
7017,BROWN_INSTANT_SUGAR,2,3345,2,6,0,0,0,0,BROWN~2#:#INSTANT~2#:#SUGAR~2,1.0#:#1.0#:#1.0,1.0,1.0,1
7018,CAKES_FRUIT_MIXED,2,3345,0,6,0,0,0,0,CAKES~2#:#FRUIT~2#:#MIXED~2,1.0#:#1.0#:#1.0,1.0,1.0,1
7019,CAKES_FRUIT_SLICED,2,3345,0,6,0,0,0,0,CAKES~2#:#FRUIT~2#:#SLICED~2,1.0#:#1.0#:#1.0,1.0,1.0,1
7020,CAKES_MIXED_SLICED,2,3345,0,6,0,0,0,0,CAKES~2#:#MIXED~2#:#SLICED~2,1.0#:#1.0#:#1.0,1.0,1.0,1
7021,AMUL_CUP_DESSERT,2,3345,0,6,0,0,0,0,AMUL~3#:#CUP~2#:#DESSERT~2,0.67#:#1.0#:#1.0,1.0,0.67,0
7022,AMUL_CUP_PUDDING,2,3345,0,6,0,0,0,0,AMUL~3#:#CUP~2#:#PUDDING~2,0.67#:#1.0#:#1.0,1.0,0.67,0
7023,AMUL_DESSERT_PUDDING,2,3345,0,6,0,0,0,0,AMUL~3#:#DESSERT~2#:#PUDDING~2,0.67#:#1.0#:#1.0,1.0,0.67,0
7024,CHOCOLATE_MIX_PUDDING,2,3345,0,6,0,0,0,0,CHOCOLATE~2#:#MIX~2#:#PUDDING~2,1.0#:#1.0#:#1.0,1.0,1.0,1
7025,ORGANIC_PUMPKIN_PURE,2,3345,0,6,0,0,0,0,ORGANIC~3#:#PUMPKIN~2#:#PURE~2,0.67#:#1.0#:#1.0,1.0,0.67,0
7026,CHOCOLATE_MILD_PILLSBURY,2,3345,0,6,0,0,0,0,CHOCOLATE~2#:#MILD~2#:#PILLSBURY~2,1.0#:#1.0#:#1.0,1.0,1.0,1
7027,BAKE_BEANS_SUGAR,2,3345,1,6,0,0,0,0,BAKE~2#:#BEANS~2#:#SUGAR~2,1.0#:#1.0#:#1.0,1.0,1.0,1
7028,AND_CHEESE_MIX,2,3345,0,6,0,0,0,0,AND~2#:#CHEESE~3#:#MIX~2,1.0#:#0.67#:#1.0,1.0,0.67,0
7029,CRACKERS_GRAM_ORIGINAL_PACK,2,3345,2,8,0,0,0,0,CRACKERS~2#:#GRAM~2#:#ORIGINAL~2#:#PACK~3,1.0#:#1.0#:#1.0#:#0.67,1.0,0.67,0
7030,BRITANNIA_COOKIES_CREAMY_PACK,2,3345,2,8,0,0,0,0,BRITANNIA~3#:#COOKIES~2#:#CREAMY~3#:#PACK~3,0.67#:#1.0#:#0.67#:#0.67,1.0,0.67,0
7031,BRITANNIA_BUTTER_GRAM_PACK,3,3345,2,8,0,0,0,0,BRITANNIA~3#:#BUTTER~2#:#GRAM~2#:#PACK~3,1.0#:#1.5#:#1.5#:#1.0,1.5,1.0,1
7032,BRITANNIA_BUTTER_COOKIES_PACK,2,3345,2,8,0,0,0,0,BRITANNIA~3#:#BUTTER~2#:#COOKIES~2#:#PACK~3,0.67#:#1.0#:#1.0#:#0.67,1.0,0.67,0
7033,BRITANNIA_BUTTER_COOKIES_GOOD,2,3345,1,8,0,0,0,0,BRITANNIA~3#:#BUTTER~2#:#COOKIES~2#:#GOOD~2,0.67#:#1.0#:#1.0#:#1.0,1.0,0.67,0
7034,BUTTER_COOKIES_GRAM_PACK,2,3345,2,8,0,0,0,0,BUTTER~2#:#COOKIES~2#:#GRAM~2#:#PACK~3,1.0#:#1.0#:#1.0#:#0.67,1.0,0.67,0
7035,BEVERAGE_DRINK_ENERGY_RED,2,3345,1,8,0,0,0,0,BEVERAGE~2#:#DRINK~2#:#ENERGY~2#:#RED~2,1.0#:#1.0#:#1.0#:#1.0,1.0,1.0,1
7036,DRINK_GOLD_ICED_SWEET,2,3345,1,8,0,0,0,0,DRINK~2#:#GOLD~2#:#ICED~2#:#SWEET~2,1.0#:#1.0#:#1.0#:#1.0,1.0,1.0,1
7037,DRINK_GOLD_ICED_TATA,2,3345,0,8,0,0,0,0,DRINK~2#:#GOLD~2#:#ICED~2#:#TATA~2,1.0#:#1.0#:#1.0#:#1.0,1.0,1.0,1
7038,DRINK_GOLD_ICED_TEA,2,3345,1,8,0,0,0,0,DRINK~2#:#GOLD~2#:#ICED~2#:#TEA~2,1.0#:#1.0#:#1.0#:#1.0,1.0,1.0,1
7039,DRINK_GOLD_ICED_READY#TO,2,3345,0,8,0,0,0,0,DRINK~2#:#GOLD~2#:#ICED~2#:#READY#TO~2,1.0#:#1.0#:#1.0#:#1.0,1.0,1.0,1
7040,DRINK_GOLD_SWEET_TATA,2,3345,1,8,0,0,0,0,DRINK~2#:#GOLD~2#:#SWEET~2#:#TATA~2,1.0#:#1.0#:#1.0#:#1.0,1.0,1.0,1
7041,DRINK_GOLD_SWEET_TEA,2,3345,2,8,0,0,0,0,DRINK~2#:#GOLD~2#:#SWEET~2#:#TEA~2,1.0#:#1.0#:#1.0#:#1.0,1.0,1.0,1
7042,DRINK_GOLD_READY#TO_SWEET,2,3345,1,8,0,0,0,0,DRINK~2#:#GOLD~2#:#READY#TO~2#:#SWEET~2,1.0#:#1.0#:#1.0#:#1.0,1.0,1.0,1
7043,DRINK_GOLD_TATA_TEA,3,3345,1,8,0,0,0,0,DRINK~2#:#GOLD~2#:#TATA~2#:#TEA~2,1.5#:#1.5#:#1.5#:#1.5,1.5,1.5,1
7044,DRINK_GOLD_READY#TO_TATA,3,3345,0,8,0,0,0,0,DRINK~2#:#GOLD~2#:#READY#TO~2#:#TATA~2,1.5#:#1.5#:#1.5#:#1.5,1.5,1.5,1
7045,DRINK_GOLD_READY#TO_TEA,3,3345,1,8,0,0,0,0,DRINK~2#:#GOLD~2#:#READY#TO~2#:#TEA~2,1.5#:#1.5#:#1.5#:#1.5,1.5,1.5,1
7046,DRINK_ICED_SWEET_TATA,2,3345,1,8,0,0,0,0,DRINK~2#:#ICED~2#:#SWEET~2#:#TATA~2,1.0#:#1.0#:#1.0#:#1.0,1.0,1.0,1
7047,DRINK_ICED_SWEET_TEA,2,3345,2,8,0,0,0,0,DRINK~2#:#ICED~2#:#SWEET~2#:#TEA~2,1.0#:#1.0#:#1.0#:#1.0,1.0,1.0,1
7048,DRINK_ICED_READY#TO_SWEET,2,3345,1,8,0,0,0,0,DRINK~2#:#ICED~2#:#READY#TO~2#:#SWEET~2,1.0#:#1.0#:#1.0#:#1.0,1.0,1.0,1
7049,DRINK_ICED_TATA_TEA,2,3345,1,8,0,0,0,0,DRINK~2#:#ICED~2#:#TATA~2#:#TEA~2,1.0#:#1.0#:#1.0#:#1.0,1.0,1.0,1
7050,DRINK_ICED_READY#TO_TATA,4,3345,0,8,0,0,0,0,DRINK~2#:#ICED~2#:#READY#TO~2#:#TATA~2,2.0#:#2.0#:#2.0#:#2.0,2.0,2.0,1
7051,DRINK_ICED_READY#TO_TEA,3,3345,1,8,0,0,0,0,DRINK~2#:#ICED~2#:#READY#TO~2#:#TEA~2,1.5#:#1.5#:#1.5#:#1.5,1.5,1.5,1
7052,DRINK_SWEET_TATA_TEA,2,3345,2,8,0,0,0,0,DRINK~2#:#SWEET~2#:#TATA~2#:#TEA~2,1.0#:#1.0#:#1.0#:#1.0,1.0,1.0,1
7053,DRINK_READY#TO_SWEET_TATA,2,3345,1,8,0,0,0,0,DRINK~2#:#READY#TO~2#:#SWEET~2#:#TATA~2,1.0#:#1.0#:#1.0#:#1.0,1.0,1.0,1
7054,DRINK_READY#TO_SWEET_TEA,2,3345,2,8,0,0,0,0,DRINK~2#:#READY#TO~2#:#SWEET~2#:#TEA~2,1.0#:#1.0#:#1.0#:#1.0,1.0,1.0,1
7055,DRINK_READY#TO_TATA_TEA,3,3345,1,8,0,0,0,0,DRINK~2#:#READY#TO~2#:#TATA~2#:#TEA~2,1.5#:#1.5#:#1.5#:#1.5,1.5,1.5,1
7056,GOLD_ICED_SWEET_TATA,2,3345,1,8,0,0,0,0,GOLD~2#:#ICED~2#:#SWEET~2#:#TATA~2,1.0#:#1.0#:#1.0#:#1.0,1.0,1.0,1
7057,GOLD_ICED_SWEET_TEA,2,3345,2,8,0,0,0,0,GOLD~2#:#ICED~2#:#SWEET~2#:#TEA~2,1.0#:#1.0#:#1.0#:#1.0,1.0,1.0,1
7058,GOLD_ICED_READY#TO_SWEET,2,3345,1,8,0,0,0,0,GOLD~2#:#ICED~2#:#READY#TO~2#:#SWEET~2,1.0#:#1.0#:#1.0#:#1.0,1.0,1.0,1
7059,GOLD_ICED_TATA_TEA,2,3345,1,8,0,0,0,0,GOLD~2#:#ICED~2#:#TATA~2#:#TEA~2,1.0#:#1.0#:#1.0#:#1.0,1.0,1.0,1
7060,GOLD_ICED_READY#TO_TATA,2,3345,0,8,0,0,0,0,GOLD~2#:#ICED~2#:#READY#TO~2#:#TATA~2,1.0#:#1.0#:#1.0#:#1.0,1.0,1.0,1
7061,GOLD_ICED_READY#TO_TEA,2,3345,1,8,0,0,0,0,GOLD~2#:#ICED~2#:#READY#TO~2#:#TEA~2,1.0#:#1.0#:#1.0#:#1.0,1.0,1.0,1
7062,GOLD_SWEET_TATA_TEA,2,3345,2,8,0,0,0,0,GOLD~2#:#SWEET~2#:#TATA~2#:#TEA~2,1.0#:#1.0#:#1.0#:#1.0,1.0,1.0,1
7063,GOLD_READY#TO_SWEET_TATA,2,3345,1,8,0,0,0,0,GOLD~2#:#READY#TO~2#:#SWEET~2#:#TATA~2,1.0#:#1.0#:#1.0#:#1.0,1.0,1.0,1
7064,GOLD_READY#TO_SWEET_TEA,2,3345,2,8,0,0,0,0,GOLD~2#:#READY#TO~2#:#SWEET~2#:#TEA~2,1.0#:#1.0#:#1.0#:#1.0,1.0,1.0,1
7065,GOLD_READY#TO_TATA_TEA,3,3345,1,8,0,0,0,0,GOLD~2#:#READY#TO~2#:#TATA~2#:#TEA~2,1.5#:#1.5#:#1.5#:#1.5,1.5,1.5,1
7066,ICED_SWEET_TATA_TEA,2,3345,2,8,0,0,0,0,ICED~2#:#SWEET~2#:#TATA~2#:#TEA~2,1.0#:#1.0#:#1.0#:#1.0,1.0,1.0,1
7067,ICED_READY#TO_SWEET_TATA,2,3345,1,8,0,0,0,0,ICED~2#:#READY#TO~2#:#SWEET~2#:#TATA~2,1.0#:#1.0#:#1.0#:#1.0,1.0,1.0,1
7068,ICED_READY#TO_SWEET_TEA,2,3345,2,8,0,0,0,0,ICED~2#:#READY#TO~2#:#SWEET~2#:#TEA~2,1.0#:#1.0#:#1.0#:#1.0,1.0,1.0,1
7069,ICED_READY#TO_TATA_TEA,2,3345,1,8,0,0,0,0,ICED~2#:#READY#TO~2#:#TATA~2#:#TEA~2,1.0#:#1.0#:#1.0#:#1.0,1.0,1.0,1
7070,READY#TO_SWEET_TATA_TEA,2,3345,2,8,0,0,0,0,READY#TO~2#:#SWEET~2#:#TATA~2#:#TEA~2,1.0#:#1.0#:#1.0#:#1.0,1.0,1.0,1
7071,DRINK_FLAVOUR_ICED_READY#TO,2,3345,1,8,0,0,0,0,DRINK~2#:#FLAVOUR~3#:#ICED~2#:#READY#TO~2,1.0#:#0.67#:#1.0#:#1.0,1.0,0.67,0
7072,DRINK_ICED_PEACH_TEA,2,3345,2,8,0,0,0,0,DRINK~2#:#ICED~2#:#PEACH~2#:#TEA~2,1.0#:#1.0#:#1.0#:#1.0,1.0,1.0,1
7073,DRINK_READY#TO_SWEETENED_TEA,3,3345,1,8,0,0,0,0,DRINK~2#:#READY#TO~2#:#SWEETENED~2#:#TEA~2,1.5#:#1.5#:#1.5#:#1.5,1.5,1.5,1
7074,CHILLI_SAUCE_SPICY_VEEBA,2,3345,0,8,0,0,0,0,CHILLI~2#:#SAUCE~2#:#SPICY~2#:#VEEBA~2,1.0#:#1.0#:#1.0#:#1.0,1.0,1.0,1
7075,KEYA_MIX_SEASONING_TATA,3,3345,0,8,0,0,0,0,KEYA~2#:#MIX~2#:#SEASONING~2#:#TATA~2,1.5#:#1.5#:#1.5#:#1.5,1.5,1.5,1
7076,MIX_SEASONING_SPICY_TATA,2,3345,0,8,0,0,0,0,MIX~2#:#SEASONING~2#:#SPICY~2#:#TATA~2,1.0#:#1.0#:#1.0#:#1.0,1.0,1.0,1
7077,CHILLI_HOT_SAUCE_VEEBA,2,3345,1,8,0,0,0,0,CHILLI~2#:#HOT~2#:#SAUCE~2#:#VEEBA~2,1.0#:#1.0#:#1.0#:#1.0,1.0,1.0,1
7078,DRESSING_KEYA_MIX_RANCH,2,3345,0,8,0,0,0,0,DRESSING~2#:#KEYA~2#:#MIX~2#:#RANCH~2,1.0#:#1.0#:#1.0#:#1.0,1.0,1.0,1
7079,JALAPENO_PEPPERS_SLICED_VEEBA,2,3345,0,8,0,0,0,0,JALAPENO~2#:#PEPPERS~2#:#SLICED~2#:#VEEBA~2,1.0#:#1.0#:#1.0#:#1.0,1.0,1.0,1
7080,PEPPERS_PICKLED_VEEBA_VEGETABLE,2,3345,0,8,0,0,0,0,PEPPERS~2#:#PICKLED~2#:#VEEBA~2#:#VEGETABLE~2,1.0#:#1.0#:#1.0#:#1.0,1.0,1.0,1
7081,PICKLED_SPICY_VEEBA_VEGETABLE,2,3345,0,8,0,0,0,0,PICKLED~2#:#SPICY~2#:#VEEBA~2#:#VEGETABLE~2,1.0#:#1.0#:#1.0#:#1.0,1.0,1.0,1
7082,BABY_CUCUMBERS_DEL_MONTE,3,3345,1,8,0,0,0,0,BABY~2#:#CUCUMBERS~2#:#DEL~2#:#MONTE~2,1.5#:#1.5#:#1.5#:#1.5,1.5,1.5,1
7083,BABY_CUCUMBERS_DEL_PICKLED,3,3345,1,8,0,0,0,0,BABY~2#:#CUCUMBERS~2#:#DEL~2#:#PICKLED~2,1.5#:#1.5#:#1.5#:#1.5,1.5,1.5,1
7084,BABY_CUCUMBERS_MONTE_PICKLED,2,3345,1,8,0,0,0,0,BABY~2#:#CUCUMBERS~2#:#MONTE~2#:#PICKLED~2,1.0#:#1.0#:#1.0#:#1.0,1.0,1.0,1
7085,BABY_DEL_MONTE_PICKLED,4,3345,1,8,0,0,0,0,BABY~2#:#DEL~2#:#MONTE~2#:#PICKLED~2,2.0#:#2.0#:#2.0#:#2.0,2.0,2.0,1
7086,CUCUMBERS_DEL_MONTE_PICKLED,4,3345,0,8,0,0,0,0,CUCUMBERS~2#:#DEL~2#:#MONTE~2#:#PICKLED~2,2.0#:#2.0#:#2.0#:#2.0,2.0,2.0,1
7087,BABY_CUCUMBERS_DEL_STYLE,2,3345,1,8,0,0,0,0,BABY~2#:#CUCUMBERS~2#:#DEL~2#:#STYLE~2,1.0#:#1.0#:#1.0#:#1.0,1.0,1.0,1
7088,BABY_DEL_MONTE_STYLE,2,3345,1,8,0,0,0,0,BABY~2#:#DEL~2#:#MONTE~2#:#STYLE~2,1.0#:#1.0#:#1.0#:#1.0,1.0,1.0,1
7089,BABY_DEL_PICKLED_STYLE,2,3345,1,8,0,0,0,0,BABY~2#:#DEL~2#:#PICKLED~2#:#STYLE~2,1.0#:#1.0#:#1.0#:#1.0,1.0,1.0,1
7090,CUCUMBERS_DEL_MONTE_STYLE,2,3345,0,8,0,0,0,0,CUCUMBERS~2#:#DEL~2#:#MONTE~2#:#STYLE~2,1.0#:#1.0#:#1.0#:#1.0,1.0,1.0,1
7091,CUCUMBERS_DEL_PICKLED_STYLE,2,3345,0,8,0,0,0,0,CUCUMBERS~2#:#DEL~2#:#PICKLED~2#:#STYLE~2,1.0#:#1.0#:#1.0#:#1.0,1.0,1.0,1
7092,DEL_MONTE_PICKLED_STYLE,2,3345,0,8,0,0,0,0,DEL~2#:#MONTE~2#:#PICKLED~2#:#STYLE~2,1.0#:#1.0#:#1.0#:#1.0,1.0,1.0,1
7093,BOTTLE_DRINK_PACK_SOFT,3,3345,2,8,0,0,0,0,BOTTLE~2#:#DRINK~2#:#PACK~3#:#SOFT~2,1.5#:#1.5#:#1.0#:#1.5,1.5,1.0,1
7094,BAR_FRUIT_NATURAL_SNACK,2,3345,1,8,0,0,0,0,BAR~2#:#FRUIT~2#:#NATURAL~2#:#SNACK~3,1.0#:#1.0#:#1.0#:#0.67,1.0,0.67,0
7095,BAR_FRUIT_SNACK_YOGA,2,3345,0,8,0,0,0,0,BAR~2#:#FRUIT~2#:#SNACK~3#:#YOGA~2,1.0#:#1.0#:#0.67#:#1.0,1.0,0.67,0
7096,BAR_NATURAL_SNACK_YOGA,2,3345,1,8,0,0,0,0,BAR~2#:#NATURAL~2#:#SNACK~3#:#YOGA~2,1.0#:#1.0#:#0.67#:#1.0,1.0,0.67,0
7097,FRUIT_NATURAL_SNACK_YOGA,2,3345,1,8,0,0,0,0,FRUIT~2#:#NATURAL~2#:#SNACK~3#:#YOGA~2,1.0#:#1.0#:#0.67#:#1.0,1.0,0.67,0
7098,BAR_FRUIT_NATURAL_YOGA,2,3345,1,8,0,0,0,0,BAR~2#:#FRUIT~2#:#NATURAL~2#:#YOGA~2,1.0#:#1.0#:#1.0#:#1.0,1.0,1.0,1
7099,FRUIT_PACK_ROLLS_SNACK,2,3345,1,8,0,0,0,0,FRUIT~2#:#PACK~3#:#ROLLS~2#:#SNACK~3,1.0#:#0.67#:#1.0#:#0.67,1.0,0.67,0
7100,BOAT#PAPER_FRUIT_MIXED_PACK,2,3345,1,8,0,0,0,0,BOAT#PAPER~2#:#FRUIT~2#:#MIXED~2#:#PACK~3,1.0#:#1.0#:#1.0#:#0.67,1.0,0.67,0
7101,BOAT#PAPER_FRUIT_MIXED_SNACK,2,3345,0,8,0,0,0,0,BOAT#PAPER~2#:#FRUIT~2#:#MIXED~2#:#SNACK~3,1.0#:#1.0#:#1.0#:#0.67,1.0,0.67,0
7102,BAKE_MIX_MUFFIN_PILLSBURY,3,3345,0,8,0,0,0,0,BAKE~2#:#MIX~2#:#MUFFIN~2#:#PILLSBURY~2,1.5#:#1.5#:#1.5#:#1.5,1.5,1.5,1
7103,BAKE_MIX_MUFFIN_READY#TO,3,3345,0,8,0,0,0,0,BAKE~2#:#MIX~2#:#MUFFIN~2#:#READY#TO~2,1.5#:#1.5#:#1.5#:#1.5,1.5,1.5,1
7104,BAKE_MIX_PILLSBURY_READY#TO,3,3345,0,8,0,0,0,0,BAKE~2#:#MIX~2#:#PILLSBURY~2#:#READY#TO~2,1.5#:#1.5#:#1.5#:#1.5,1.5,1.5,1
7105,BAKE_MUFFIN_PILLSBURY_READY#TO,3,3345,0,8,0,0,0,0,BAKE~2#:#MUFFIN~2#:#PILLSBURY~2#:#READY#TO~2,1.5#:#1.5#:#1.5#:#1.5,1.5,1.5,1
7106,MIX_MUFFIN_PILLSBURY_READY#TO,3,3345,0,8,0,0,0,0,MIX~2#:#MUFFIN~2#:#PILLSBURY~2#:#READY#TO~2,1.5#:#1.5#:#1.5#:#1.5,1.5,1.5,1
7107,CADBURY_COCOA_HOT_MIX,2,3345,1,8,0,0,0,0,CADBURY~2#:#COCOA~2#:#HOT~2#:#MIX~2,1.0#:#1.0#:#1.0#:#1.0,1.0,1.0,1
7108,COOKIES_MANTRA_OIL_ORGANIC,2,3345,1,8,0,0,0,0,COOKIES~2#:#MANTRA~2#:#OIL~2#:#ORGANIC~3,1.0#:#1.0#:#1.0#:#0.67,1.0,0.67,0
7109,BLEND_COFFEE_GROUND_ROASTED,2,3345,1,8,0,0,0,0,BLEND~2#:#COFFEE~2#:#GROUND~2#:#ROASTED~2,1.0#:#1.0#:#1.0#:#1.0,1.0,1.0,1
7110,COFFEE_FLAVOUR_GROUND_RICH,2,3345,2,8,0,0,0,0,COFFEE~2#:#FLAVOUR~3#:#GROUND~2#:#RICH~2,1.0#:#0.67#:#1.0#:#1.0,1.0,0.67,0
7111,BLEND_COFFEE_GROUND_HOUSE,2,3345,1,8,0,0,0,0,BLEND~2#:#COFFEE~2#:#GROUND~2#:#HOUSE~2,1.0#:#1.0#:#1.0#:#1.0,1.0,1.0,1
7112,BLEND_COFFEE_GROUND_TATA,2,3345,1,8,0,0,0,0,BLEND~2#:#COFFEE~2#:#GROUND~2#:#TATA~2,1.0#:#1.0#:#1.0#:#1.0,1.0,1.0,1
7113,BLEND_COFFEE_HOUSE_TATA,2,3345,1,8,0,0,0,0,BLEND~2#:#COFFEE~2#:#HOUSE~2#:#TATA~2,1.0#:#1.0#:#1.0#:#1.0,1.0,1.0,1
7114,COFFEE_GROUND_HOUSE_TATA,2,3345,1,8,0,0,0,0,COFFEE~2#:#GROUND~2#:#HOUSE~2#:#TATA~2,1.0#:#1.0#:#1.0#:#1.0,1.0,1.0,1
7115,COFFEE_GROUND_RICH_TATA,2,3345,1,8,0,0,0,0,COFFEE~2#:#GROUND~2#:#RICH~2#:#TATA~2,1.0#:#1.0#:#1.0#:#1.0,1.0,1.0,1
7116,BLEND_GROUND_HOUSE_TATA,2,3345,0,8,0,0,0,0,BLEND~2#:#GROUND~2#:#HOUSE~2#:#TATA~2,1.0#:#1.0#:#1.0#:#1.0,1.0,1.0,1
7117,BEVERAGE_CADBURY_CHOCOLATE_COCOA,3,3345,0,8,0,0,0,0,BEVERAGE~2#:#CADBURY~2#:#CHOCOLATE~2#:#COCOA~2,1.5#:#1.5#:#1.5#:#1.5,1.5,1.5,1
7118,BEVERAGE_CADBURY_CHOCOLATE_DRINK,3,3345,0,8,0,0,0,0,BEVERAGE~2#:#CADBURY~2#:#CHOCOLATE~2#:#DRINK~2,1.5#:#1.5#:#1.5#:#1.5,1.5,1.5,1
7119,BEVERAGE_CADBURY_CHOCOLATE_MIX,3,3345,0,8,0,0,0,0,BEVERAGE~2#:#CADBURY~2#:#CHOCOLATE~2#:#MIX~2,1.5#:#1.5#:#1.5#:#1.5,1.5,1.5,1
7120,BEVERAGE_CADBURY_CHOCOLATE_POWDER,3,3345,1,8,0,0,0,0,BEVERAGE~2#:#CADBURY~2#:#CHOCOLATE~2#:#POWDER~2,1.5#:#1.5#:#1.5#:#1.5,1.5,1.5,1
7121,BEVERAGE_CADBURY_COCOA_DRINK,3,3345,0,8,0,0,0,0,BEVERAGE~2#:#CADBURY~2#:#COCOA~2#:#DRINK~2,1.5#:#1.5#:#1.5#:#1.5,1.5,1.5,1
7122,BEVERAGE_CADBURY_COCOA_MIX,3,3345,0,8,0,0,0,0,BEVERAGE~2#:#CADBURY~2#:#COCOA~2#:#MIX~2,1.5#:#1.5#:#1.5#:#1.5,1.5,1.5,1
7123,BEVERAGE_CADBURY_COCOA_POWDER,3,3345,1,8,0,0,0,0,BEVERAGE~2#:#CADBURY~2#:#COCOA~2#:#POWDER~2,1.5#:#1.5#:#1.5#:#1.5,1.5,1.5,1
7124,BEVERAGE_CADBURY_DRINK_MIX,3,3345,0,8,0,0,0,0,BEVERAGE~2#:#CADBURY~2#:#DRINK~2#:#MIX~2,1.5#:#1.5#:#1.5#:#1.5,1.5,1.5,1
7125,BEVERAGE_CADBURY_DRINK_POWDER,3,3345,1,8,0,0,0,0,BEVERAGE~2#:#CADBURY~2#:#DRINK~2#:#POWDER~2,1.5#:#1.5#:#1.5#:#1.5,1.5,1.5,1
7126,BEVERAGE_CADBURY_MIX_POWDER,3,3345,1,8,0,0,0,0,BEVERAGE~2#:#CADBURY~2#:#MIX~2#:#POWDER~2,1.5#:#1.5#:#1.5#:#1.5,1.5,1.5,1
7127,BEVERAGE_CHOCOLATE_COCOA_DRINK,3,3345,0,8,0,0,0,0,BEVERAGE~2#:#CHOCOLATE~2#:#COCOA~2#:#DRINK~2,1.5#:#1.5#:#1.5#:#1.5,1.5,1.5,1
7128,BEVERAGE_CHOCOLATE_COCOA_MIX,3,3345,0,8,0,0,0,0,BEVERAGE~2#:#CHOCOLATE~2#:#COCOA~2#:#MIX~2,1.5#:#1.5#:#1.5#:#1.5,1.5,1.5,1
7129,BEVERAGE_CHOCOLATE_COCOA_POWDER,3,3345,1,8,0,0,0,0,BEVERAGE~2#:#CHOCOLATE~2#:#COCOA~2#:#POWDER~2,1.5#:#1.5#:#1.5#:#1.5,1.5,1.5,1
7130,BEVERAGE_CHOCOLATE_DRINK_MIX,3,3345,0,8,0,0,0,0,BEVERAGE~2#:#CHOCOLATE~2#:#DRINK~2#:#MIX~2,1.5#:#1.5#:#1.5#:#1.5,1.5,1.5,1
7131,BEVERAGE_CHOCOLATE_DRINK_POWDER,3,3345,1,8,0,0,0,0,BEVERAGE~2#:#CHOCOLATE~2#:#DRINK~2#:#POWDER~2,1.5#:#1.5#:#1.5#:#1.5,1.5,1.5,1
7132,BEVERAGE_CHOCOLATE_MIX_POWDER,3,3345,1,8,0,0,0,0,BEVERAGE~2#:#CHOCOLATE~2#:#MIX~2#:#POWDER~2,1.5#:#1.5#:#1.5#:#1.5,1.5,1.5,1
7133,BEVERAGE_COCOA_DRINK_MIX,3,3345,0,8,0,0,0,0,BEVERAGE~2#:#COCOA~2#:#DRINK~2#:#MIX~2,1.5#:#1.5#:#1.5#:#1.5,1.5,1.5,1
7134,BEVERAGE_COCOA_DRINK_POWDER,3,3345,1,8,0,0,0,0,BEVERAGE~2#:#COCOA~2#:#DRINK~2#:#POWDER~2,1.5#:#1.5#:#1.5#:#1.5,1.5,1.5,1
7135,BEVERAGE_COCOA_MIX_POWDER,3,3345,1,8,0,0,0,0,BEVERAGE~2#:#COCOA~2#:#MIX~2#:#POWDER~2,1.5#:#1.5#:#1.5#:#1.5,1.5,1.5,1
7136,BEVERAGE_DRINK_MIX_POWDER,3,3345,1,8,0,0,0,0,BEVERAGE~2#:#DRINK~2#:#MIX~2#:#POWDER~2,1.5#:#1.5#:#1.5#:#1.5,1.5,1.5,1
7137,CADBURY_CHOCOLATE_COCOA_DRINK,3,3345,0,8,0,0,0,0,CADBURY~2#:#CHOCOLATE~2#:#COCOA~2#:#DRINK~2,1.5#:#1.5#:#1.5#:#1.5,1.5,1.5,1
7138,CADBURY_CHOCOLATE_COCOA_MIX,3,3345,0,8,0,0,0,0,CADBURY~2#:#CHOCOLATE~2#:#COCOA~2#:#MIX~2,1.5#:#1.5#:#1.5#:#1.5,1.5,1.5,1
7139,CADBURY_CHOCOLATE_COCOA_POWDER,3,3345,1,8,0,0,0,0,CADBURY~2#:#CHOCOLATE~2#:#COCOA~2#:#POWDER~2,1.5#:#1.5#:#1.5#:#1.5,1.5,1.5,1
7140,CADBURY_CHOCOLATE_DRINK_MIX,3,3345,0,8,0,0,0,0,CADBURY~2#:#CHOCOLATE~2#:#DRINK~2#:#MIX~2,1.5#:#1.5#:#1.5#:#1.5,1.5,1.5,1
7141,CADBURY_CHOCOLATE_DRINK_POWDER,3,3345,1,8,0,0,0,0,CADBURY~2#:#CHOCOLATE~2#:#DRINK~2#:#POWDER~2,1.5#:#1.5#:#1.5#:#1.5,1.5,1.5,1
7142,CADBURY_CHOCOLATE_MIX_POWDER,3,3345,1,8,0,0,0,0,CADBURY~2#:#CHOCOLATE~2#:#MIX~2#:#POWDER~2,1.5#:#1.5#:#1.5#:#1.5,1.5,1.5,1
7143,CADBURY_COCOA_DRINK_MIX,3,3345,0,8,0,0,0,0,CADBURY~2#:#COCOA~2#:#DRINK~2#:#MIX~2,1.5#:#1.5#:#1.5#:#1.5,1.5,1.5,1
7144,CADBURY_COCOA_DRINK_POWDER,3,3345,1,8,0,0,0,0,CADBURY~2#:#COCOA~2#:#DRINK~2#:#POWDER~2,1.5#:#1.5#:#1.5#:#1.5,1.5,1.5,1
7145,CADBURY_COCOA_MIX_POWDER,3,3345,1,8,0,0,0,0,CADBURY~2#:#COCOA~2#:#MIX~2#:#POWDER~2,1.5#:#1.5#:#1.5#:#1.5,1.5,1.5,1
7146,CADBURY_DRINK_MIX_POWDER,3,3345,1,8,0,0,0,0,CADBURY~2#:#DRINK~2#:#MIX~2#:#POWDER~2,1.5#:#1.5#:#1.5#:#1.5,1.5,1.5,1
7147,CHOCOLATE_COCOA_DRINK_MIX,3,3345,0,8,0,0,0,0,CHOCOLATE~2#:#COCOA~2#:#DRINK~2#:#MIX~2,1.5#:#1.5#:#1.5#:#1.5,1.5,1.5,1
7148,CHOCOLATE_COCOA_DRINK_POWDER,3,3345,1,8,0,0,0,0,CHOCOLATE~2#:#COCOA~2#:#DRINK~2#:#POWDER~2,1.5#:#1.5#:#1.5#:#1.5,1.5,1.5,1
7149,CHOCOLATE_COCOA_MIX_POWDER,3,3345,1,8,0,0,0,0,CHOCOLATE~2#:#COCOA~2#:#MIX~2#:#POWDER~2,1.5#:#1.5#:#1.5#:#1.5,1.5,1.5,1
7150,CHOCOLATE_DRINK_MIX_POWDER,3,3345,1,8,0,0,0,0,CHOCOLATE~2#:#DRINK~2#:#MIX~2#:#POWDER~2,1.5#:#1.5#:#1.5#:#1.5,1.5,1.5,1
7151,COCOA_DRINK_MIX_POWDER,3,3345,1,8,0,0,0,0,COCOA~2#:#DRINK~2#:#MIX~2#:#POWDER~2,1.5#:#1.5#:#1.5#:#1.5,1.5,1.5,1
7152,CHOCOLATE_FAT_LOW_MILD,4,3345,0,8,0,0,0,0,CHOCOLATE~2#:#FAT~2#:#LOW~2#:#MILD~2,2.0#:#2.0#:#2.0#:#2.0,2.0,2.0,1
7153,CHOCOLATE_FAT_LOW_NESTLE,2,3345,0,8,0,0,0,0,CHOCOLATE~2#:#FAT~2#:#LOW~2#:#NESTLE~2,1.0#:#1.0#:#1.0#:#1.0,1.0,1.0,1
7154,CHOCOLATE_FAT_MILD_NESTLE,2,3345,0,8,0,0,0,0,CHOCOLATE~2#:#FAT~2#:#MILD~2#:#NESTLE~2,1.0#:#1.0#:#1.0#:#1.0,1.0,1.0,1
7155,CHOCOLATE_LOW_MILD_NESTLE,2,3345,0,8,0,0,0,0,CHOCOLATE~2#:#LOW~2#:#MILD~2#:#NESTLE~2,1.0#:#1.0#:#1.0#:#1.0,1.0,1.0,1
7156,FAT_LOW_MILD_NESTLE,2,3345,0,8,0,0,0,0,FAT~2#:#LOW~2#:#MILD~2#:#NESTLE~2,1.0#:#1.0#:#1.0#:#1.0,1.0,1.0,1
7157,DEL_MONTE_PASTA_SAUCE,5,3345,0,8,0,0,0,0,DEL~2#:#MONTE~2#:#PASTA~2#:#SAUCE~2,2.5#:#2.5#:#2.5#:#2.5,2.5,2.5,1
7158,COOKIES_CREAMY_CREAMY_SOUR,2,3345,2,8,0,0,0,0,COOKIES~2#:#CREAMY~3#:#CREAMY~3#:#SOUR~2,1.0#:#0.67#:#0.67#:#1.0,1.0,0.67,0
7159,COOKIES_CREAMY_KNORR_MIX,2,3345,1,8,0,0,0,0,COOKIES~2#:#CREAMY~3#:#KNORR~2#:#MIX~2,1.0#:#0.67#:#1.0#:#1.0,1.0,0.67,0
7160,COOKIES_CREAMY_KNORR_MUSHROOM,2,3345,1,8,0,0,0,0,COOKIES~2#:#CREAMY~3#:#KNORR~2#:#MUSHROOM~2,1.0#:#0.67#:#1.0#:#1.0,1.0,0.67,0
7161,COOKIES_CREAMY_KNORR_SOUR,2,3345,1,8,0,0,0,0,COOKIES~2#:#CREAMY~3#:#KNORR~2#:#SOUR~2,1.0#:#0.67#:#1.0#:#1.0,1.0,0.67,0
7162,COOKIES_CREAMY_MIX_MUSHROOM,2,3345,1,8,0,0,0,0,COOKIES~2#:#CREAMY~3#:#MIX~2#:#MUSHROOM~2,1.0#:#0.67#:#1.0#:#1.0,1.0,0.67,0
7163,COOKIES_CREAMY_MIX_SOUR,2,3345,1,8,0,0,0,0,COOKIES~2#:#CREAMY~3#:#MIX~2#:#SOUR~2,1.0#:#0.67#:#1.0#:#1.0,1.0,0.67,0
7164,COOKIES_CREAMY_MUSHROOM_SOUR,2,3345,1,8,0,0,0,0,COOKIES~2#:#CREAMY~3#:#MUSHROOM~2#:#SOUR~2,1.0#:#0.67#:#1.0#:#1.0,1.0,0.67,0
7165,CREAMY_KNORR_MIX_MUSHROOM,2,3345,1,8,0,0,0,0,CREAMY~3#:#KNORR~2#:#MIX~2#:#MUSHROOM~2,0.67#:#1.0#:#1.0#:#1.0,1.0,0.67,0
7166,CREAMY_KNORR_MIX_SOUR,2,3345,1,8,0,0,0,0,CREAMY~3#:#KNORR~2#:#MIX~2#:#SOUR~2,0.67#:#1.0#:#1.0#:#1.0,1.0,0.67,0
7167,CREAMY_KNORR_MUSHROOM_SOUR,3,3345,1,8,0,0,0,0,CREAMY~3#:#KNORR~2#:#MUSHROOM~2#:#SOUR~2,1.0#:#1.5#:#1.5#:#1.5,1.5,1.0,1
7168,CREAMY_MIX_MUSHROOM_SOUR,2,3345,1,8,0,0,0,0,CREAMY~3#:#MIX~2#:#MUSHROOM~2#:#SOUR~2,0.67#:#1.0#:#1.0#:#1.0,1.0,0.67,0
7169,CHICKEN_CREAMY_KNORR_SOUR,2,3345,1,8,0,0,0,0,CHICKEN~3#:#CREAMY~3#:#KNORR~2#:#SOUR~2,0.67#:#0.67#:#1.0#:#1.0,1.0,0.67,0
7170,CHICKEN_KNORR_READY#TO_SOUR,2,3345,0,8,0,0,0,0,CHICKEN~3#:#KNORR~2#:#READY#TO~2#:#SOUR~2,0.67#:#1.0#:#1.0#:#1.0,1.0,0.67,0
7171,BOTTLE_DRINK_FOR_PACK,2,3345,3,8,0,0,0,0,BOTTLE~2#:#DRINK~2#:#FOR~2#:#PACK~3,1.0#:#1.0#:#1.0#:#0.67,1.0,0.67,0
7172,DRINK_FOR_PACK_SOFT,2,3345,2,8,0,0,0,0,DRINK~2#:#FOR~2#:#PACK~3#:#SOFT~2,1.0#:#1.0#:#0.67#:#1.0,1.0,0.67,0
7173,BOTTLE_FOR_PACK_SOFT,2,3345,3,8,0,0,0,0,BOTTLE~2#:#FOR~2#:#PACK~3#:#SOFT~2,1.0#:#1.0#:#0.67#:#1.0,1.0,0.67,0
7174,BOTTLE_DRINK_FOR_SOFT,2,3345,2,8,0,0,0,0,BOTTLE~2#:#DRINK~2#:#FOR~2#:#SOFT~2,1.0#:#1.0#:#1.0#:#1.0,1.0,1.0,1
7175,BOTTLE_DRINK_SINGLE_SOFT,2,3345,1,8,0,0,0,0,BOTTLE~2#:#DRINK~2#:#SINGLE~2#:#SOFT~2,1.0#:#1.0#:#1.0#:#1.0,1.0,1.0,1
7176,AND_CAT_FOOD_WET,2,3345,1,8,0,0,0,0,AND~2#:#CAT~2#:#FOOD~2#:#WET~2,1.0#:#1.0#:#1.0#:#1.0,1.0,1.0,1
7177,CAT_CHICKEN_FOOD_WET,5,3345,1,8,0,0,0,0,CAT~2#:#CHICKEN~3#:#FOOD~2#:#WET~2,2.5#:#1.67#:#2.5#:#2.5,2.5,1.67,1
7178,DOG_DRY_FLAVOUR_FOOD,2,3345,2,8,0,0,0,0,DOG~2#:#DRY~2#:#FLAVOUR~3#:#FOOD~2,1.0#:#1.0#:#0.67#:#1.0,1.0,0.67,0
7179,DOG_DROOLS_DRY_FOOD,2,3345,1,8,0,0,0,0,DOG~2#:#DROOLS~2#:#DRY~2#:#FOOD~2,1.0#:#1.0#:#1.0#:#1.0,1.0,1.0,1
7180,CAT_CHICKEN_DROOLS_FOOD,2,3345,0,8,0,0,0,0,CAT~2#:#CHICKEN~3#:#DROOLS~2#:#FOOD~2,1.0#:#0.67#:#1.0#:#1.0,1.0,0.67,0
7181,CHICKEN_DROOLS_FOOD_WET,3,3345,1,8,0,0,0,0,CHICKEN~3#:#DROOLS~2#:#FOOD~2#:#WET~2,1.0#:#1.5#:#1.5#:#1.5,1.5,1.0,1
7182,CAT_CHICKEN_DROOLS_WET,2,3345,1,8,0,0,0,0,CAT~2#:#CHICKEN~3#:#DROOLS~2#:#WET~2,1.0#:#0.67#:#1.0#:#1.0,1.0,0.67,0
7183,CAT_DROOLS_FOOD_WET,2,3345,1,8,0,0,0,0,CAT~2#:#DROOLS~2#:#FOOD~2#:#WET~2,1.0#:#1.0#:#1.0#:#1.0,1.0,1.0,1
7184,CHICKEN_DROOLS_FOOD_PREMIUM,2,3345,0,8,0,0,0,0,CHICKEN~3#:#DROOLS~2#:#FOOD~2#:#PREMIUM~2,0.67#:#1.0#:#1.0#:#1.0,1.0,0.67,0
7185,CHICKEN_FOOD_PREMIUM_WET,2,3345,1,8,0,0,0,0,CHICKEN~3#:#FOOD~2#:#PREMIUM~2#:#WET~2,0.67#:#1.0#:#1.0#:#1.0,1.0,0.67,0
7186,CHICKEN_DOG_FOOD_PREMIUM,2,3345,0,8,0,0,0,0,CHICKEN~3#:#DOG~2#:#FOOD~2#:#PREMIUM~2,0.67#:#1.0#:#1.0#:#1.0,1.0,0.67,0
7187,CHICKEN_DOG_FOOD_WET,2,3345,1,8,0,0,0,0,CHICKEN~3#:#DOG~2#:#FOOD~2#:#WET~2,0.67#:#1.0#:#1.0#:#1.0,1.0,0.67,0
7188,BAR_BUTTER_PEANUT_YOGA,3,3345,1,8,0,0,0,0,BAR~2#:#BUTTER~2#:#PEANUT~2#:#YOGA~2,1.5#:#1.5#:#1.5#:#1.5,1.5,1.5,1
7189,CHICKEN_FROZEN_GODREJ_SNACK,4,3345,0,8,0,0,0,0,CHICKEN~3#:#FROZEN~2#:#GODREJ~2#:#SNACK~3,1.33#:#2.0#:#2.0#:#1.33,2.0,1.33,1
7190,CHICKEN_FROZEN_SNACK_YUMMIEZ,4,3345,0,8,0,0,0,0,CHICKEN~3#:#FROZEN~2#:#SNACK~3#:#YUMMIEZ~2,1.33#:#2.0#:#1.33#:#2.0,2.0,1.33,1
7191,CHICKEN_GODREJ_SNACK_YUMMIEZ,5,3345,0,8,0,0,0,0,CHICKEN~3#:#GODREJ~2#:#SNACK~3#:#YUMMIEZ~2,1.67#:#2.5#:#1.67#:#2.5,2.5,1.67,1
7192,CHICKEN_COKE_FROZEN_GODREJ,5,3345,0,8,0,0,0,0,CHICKEN~3#:#COKE~2#:#FROZEN~2#:#GODREJ~2,1.67#:#2.5#:#2.5#:#2.5,2.5,1.67,1
7193,CHICKEN_FROZEN_GODREJ_YUMMIEZ,11,3345,0,8,0,0,0,0,CHICKEN~3#:#FROZEN~2#:#GODREJ~2#:#YUMMIEZ~2,3.67#:#5.5#:#5.5#:#5.5,5.5,3.67,1
7194,CHICKEN_FROZEN_GODREJ_READY#TO,6,3345,0,8,0,0,0,0,CHICKEN~3#:#FROZEN~2#:#GODREJ~2#:#READY#TO~2,2.0#:#3.0#:#3.0#:#3.0,3.0,2.0,1
7195,CHICKEN_COKE_FROZEN_YUMMIEZ,5,3345,0,8,0,0,0,0,CHICKEN~3#:#COKE~2#:#FROZEN~2#:#YUMMIEZ~2,1.67#:#2.5#:#2.5#:#2.5,2.5,1.67,1
7196,CHICKEN_COKE_FROZEN_READY#TO,8,3345,0,8,0,0,0,0,CHICKEN~3#:#COKE~2#:#FROZEN~2#:#READY#TO~2,2.67#:#4.0#:#4.0#:#4.0,4.0,2.67,1
7197,CHICKEN_FROZEN_READY#TO_YUMMIEZ,6,3345,0,8,0,0,0,0,CHICKEN~3#:#FROZEN~2#:#READY#TO~2#:#YUMMIEZ~2,2.0#:#3.0#:#3.0#:#3.0,3.0,2.0,1
7198,CHICKEN_COKE_GODREJ_YUMMIEZ,6,3345,0,8,0,0,0,0,CHICKEN~3#:#COKE~2#:#GODREJ~2#:#YUMMIEZ~2,2.0#:#3.0#:#3.0#:#3.0,3.0,2.0,1
7199,CHICKEN_COKE_GODREJ_READY#TO,6,3345,0,8,0,0,0,0,CHICKEN~3#:#COKE~2#:#GODREJ~2#:#READY#TO~2,2.0#:#3.0#:#3.0#:#3.0,3.0,2.0,1
7200,CHICKEN_GODREJ_READY#TO_YUMMIEZ,12,3345,0,8,0,0,0,0,CHICKEN~3#:#GODREJ~2#:#READY#TO~2#:#YUMMIEZ~2,4.0#:#6.0#:#6.0#:#6.0,6.0,4.0,1
7201,CHICKEN_COKE_READY#TO_YUMMIEZ,6,3345,0,8,0,0,0,0,CHICKEN~3#:#COKE~2#:#READY#TO~2#:#YUMMIEZ~2,2.0#:#3.0#:#3.0#:#3.0,3.0,2.0,1
7202,FROZEN_GODREJ_SNACK_YUMMIEZ,4,3345,0,8,0,0,0,0,FROZEN~2#:#GODREJ~2#:#SNACK~3#:#YUMMIEZ~2,2.0#:#2.0#:#1.33#:#2.0,2.0,1.33,1
7203,COKE_FROZEN_GODREJ_YUMMIEZ,5,3345,0,8,0,0,0,0,COKE~2#:#FROZEN~2#:#GODREJ~2#:#YUMMIEZ~2,2.5#:#2.5#:#2.5#:#2.5,2.5,2.5,1
7204,COKE_FROZEN_GODREJ_READY#TO,5,3345,0,8,0,0,0,0,COKE~2#:#FROZEN~2#:#GODREJ~2#:#READY#TO~2,2.5#:#2.5#:#2.5#:#2.5,2.5,2.5,1
7205,FROZEN_GODREJ_READY#TO_YUMMIEZ,6,3345,0,8,0,0,0,0,FROZEN~2#:#GODREJ~2#:#READY#TO~2#:#YUMMIEZ~2,3.0#:#3.0#:#3.0#:#3.0,3.0,3.0,1
7206,COKE_FROZEN_READY#TO_YUMMIEZ,5,3345,0,8,0,0,0,0,COKE~2#:#FROZEN~2#:#READY#TO~2#:#YUMMIEZ~2,2.5#:#2.5#:#2.5#:#2.5,2.5,2.5,1
7207,COKE_GODREJ_READY#TO_YUMMIEZ,6,3345,0,8,0,0,0,0,COKE~2#:#GODREJ~2#:#READY#TO~2#:#YUMMIEZ~2,3.0#:#3.0#:#3.0#:#3.0,3.0,3.0,1
7208,CHICKEN_COKE_FROZEN_ITALIAN,2,3345,0,8,0,0,0,0,CHICKEN~3#:#COKE~2#:#FROZEN~2#:#ITALIAN~2,0.67#:#1.0#:#1.0#:#1.0,1.0,0.67,0
7209,CHICKEN_COKE_FROZEN_STYLE,2,3345,0,8,0,0,0,0,CHICKEN~3#:#COKE~2#:#FROZEN~2#:#STYLE~2,0.67#:#1.0#:#1.0#:#1.0,1.0,0.67,0
7210,CHICKEN_COKE_GODREJ_STYLE,2,3345,0,8,0,0,0,0,CHICKEN~3#:#COKE~2#:#GODREJ~2#:#STYLE~2,0.67#:#1.0#:#1.0#:#1.0,1.0,0.67,0
7211,CHICKEN_COKE_ITALIAN_STYLE,2,3345,0,8,0,0,0,0,CHICKEN~3#:#COKE~2#:#ITALIAN~2#:#STYLE~2,0.67#:#1.0#:#1.0#:#1.0,1.0,0.67,0
7212,CHICKEN_COKE_ITALIAN_READY#TO,2,3345,0,8,0,0,0,0,CHICKEN~3#:#COKE~2#:#ITALIAN~2#:#READY#TO~2,0.67#:#1.0#:#1.0#:#1.0,1.0,0.67,0
7213,CHICKEN_COKE_STYLE_YUMMIEZ,2,3345,0,8,0,0,0,0,CHICKEN~3#:#COKE~2#:#STYLE~2#:#YUMMIEZ~2,0.67#:#1.0#:#1.0#:#1.0,1.0,0.67,0
7214,CHICKEN_COKE_READY#TO_STYLE,4,3345,0,8,0,0,0,0,CHICKEN~3#:#COKE~2#:#READY#TO~2#:#STYLE~2,1.33#:#2.0#:#2.0#:#2.0,2.0,1.33,1
7215,CHICKEN_FROZEN_GODREJ_ITALIAN,3,3345,0,8,0,0,0,0,CHICKEN~3#:#FROZEN~2#:#GODREJ~2#:#ITALIAN~2,1.0#:#1.5#:#1.5#:#1.5,1.5,1.0,1
7216,CHICKEN_FROZEN_GODREJ_STYLE,5,3345,0,8,0,0,0,0,CHICKEN~3#:#FROZEN~2#:#GODREJ~2#:#STYLE~2,1.67#:#2.5#:#2.5#:#2.5,2.5,1.67,1
7217,CHICKEN_FROZEN_ITALIAN_STYLE,5,3345,0,8,0,0,0,0,CHICKEN~3#:#FROZEN~2#:#ITALIAN~2#:#STYLE~2,1.67#:#2.5#:#2.5#:#2.5,2.5,1.67,1
7218,CHICKEN_FROZEN_ITALIAN_YUMMIEZ,3,3345,0,8,0,0,0,0,CHICKEN~3#:#FROZEN~2#:#ITALIAN~2#:#YUMMIEZ~2,1.0#:#1.5#:#1.5#:#1.5,1.5,1.0,1
7219,CHICKEN_FROZEN_ITALIAN_READY#TO,2,3345,0,8,0,0,0,0,CHICKEN~3#:#FROZEN~2#:#ITALIAN~2#:#READY#TO~2,0.67#:#1.0#:#1.0#:#1.0,1.0,0.67,0
7220,CHICKEN_FROZEN_STYLE_YUMMIEZ,5,3345,0,8,0,0,0,0,CHICKEN~3#:#FROZEN~2#:#STYLE~2#:#YUMMIEZ~2,1.67#:#2.5#:#2.5#:#2.5,2.5,1.67,1
7221,CHICKEN_FROZEN_READY#TO_STYLE,2,3345,0,8,0,0,0,0,CHICKEN~3#:#FROZEN~2#:#READY#TO~2#:#STYLE~2,0.67#:#1.0#:#1.0#:#1.0,1.0,0.67,0
7222,CHICKEN_GODREJ_ITALIAN_STYLE,3,3345,0,8,0,0,0,0,CHICKEN~3#:#GODREJ~2#:#ITALIAN~2#:#STYLE~2,1.0#:#1.5#:#1.5#:#1.5,1.5,1.0,1
7223,CHICKEN_GODREJ_ITALIAN_YUMMIEZ,3,3345,0,8,0,0,0,0,CHICKEN~3#:#GODREJ~2#:#ITALIAN~2#:#YUMMIEZ~2,1.0#:#1.5#:#1.5#:#1.5,1.5,1.0,1
7224,CHICKEN_GODREJ_STYLE_YUMMIEZ,14,3345,0,8,0,0,0,0,CHICKEN~3#:#GODREJ~2#:#STYLE~2#:#YUMMIEZ~2,4.67#:#7.0#:#7.0#:#7.0,7.0,4.67,1
7225,CHICKEN_GODREJ_READY#TO_STYLE,7,3345,0,8,0,0,0,0,CHICKEN~3#:#GODREJ~2#:#READY#TO~2#:#STYLE~2,2.33#:#3.5#:#3.5#:#3.5,3.5,2.33,1
7226,CHICKEN_ITALIAN_STYLE_YUMMIEZ,3,3345,0,8,0,0,0,0,CHICKEN~3#:#ITALIAN~2#:#STYLE~2#:#YUMMIEZ~2,1.0#:#1.5#:#1.5#:#1.5,1.5,1.0,1
7227,CHICKEN_ITALIAN_READY#TO_STYLE,2,3345,0,8,0,0,0,0,CHICKEN~3#:#ITALIAN~2#:#READY#TO~2#:#STYLE~2,0.67#:#1.0#:#1.0#:#1.0,1.0,0.67,0
7228,CHICKEN_READY#TO_STYLE_YUMMIEZ,7,3345,0,8,0,0,0,0,CHICKEN~3#:#READY#TO~2#:#STYLE~2#:#YUMMIEZ~2,2.33#:#3.5#:#3.5#:#3.5,3.5,2.33,1
7229,COKE_FROZEN_ITALIAN_STYLE,2,3345,0,8,0,0,0,0,COKE~2#:#FROZEN~2#:#ITALIAN~2#:#STYLE~2,1.0#:#1.0#:#1.0#:#1.0,1.0,1.0,1
7230,COKE_FROZEN_ITALIAN_READY#TO,2,3345,0,8,0,0,0,0,COKE~2#:#FROZEN~2#:#ITALIAN~2#:#READY#TO~2,1.0#:#1.0#:#1.0#:#1.0,1.0,1.0,1
7231,COKE_FROZEN_READY#TO_STYLE,2,3345,0,8,0,0,0,0,COKE~2#:#FROZEN~2#:#READY#TO~2#:#STYLE~2,1.0#:#1.0#:#1.0#:#1.0,1.0,1.0,1
7232,COKE_GODREJ_STYLE_YUMMIEZ,2,3345,0,8,0,0,0,0,COKE~2#:#GODREJ~2#:#STYLE~2#:#YUMMIEZ~2,1.0#:#1.0#:#1.0#:#1.0,1.0,1.0,1
7233,COKE_GODREJ_READY#TO_STYLE,2,3345,0,8,0,0,0,0,COKE~2#:#GODREJ~2#:#READY#TO~2#:#STYLE~2,1.0#:#1.0#:#1.0#:#1.0,1.0,1.0,1
7234,COKE_ITALIAN_READY#TO_STYLE,2,3345,0,8,0,0,0,0,COKE~2#:#ITALIAN~2#:#READY#TO~2#:#STYLE~2,1.0#:#1.0#:#1.0#:#1.0,1.0,1.0,1
7235,COKE_READY#TO_STYLE_YUMMIEZ,2,3345,0,8,0,0,0,0,COKE~2#:#READY#TO~2#:#STYLE~2#:#YUMMIEZ~2,1.0#:#1.0#:#1.0#:#1.0,1.0,1.0,1
7236,FROZEN_GODREJ_ITALIAN_STYLE,3,3345,0,8,0,0,0,0,FROZEN~2#:#GODREJ~2#:#ITALIAN~2#:#STYLE~2,1.5#:#1.5#:#1.5#:#1.5,1.5,1.5,1
7237,FROZEN_GODREJ_ITALIAN_YUMMIEZ,3,3345,0,8,0,0,0,0,FROZEN~2#:#GODREJ~2#:#ITALIAN~2#:#YUMMIEZ~2,1.5#:#1.5#:#1.5#:#1.5,1.5,1.5,1
7238,FROZEN_GODREJ_STYLE_YUMMIEZ,5,3345,0,8,0,0,0,0,FROZEN~2#:#GODREJ~2#:#STYLE~2#:#YUMMIEZ~2,2.5#:#2.5#:#2.5#:#2.5,2.5,2.5,1
7239,FROZEN_ITALIAN_STYLE_YUMMIEZ,3,3345,0,8,0,0,0,0,FROZEN~2#:#ITALIAN~2#:#STYLE~2#:#YUMMIEZ~2,1.5#:#1.5#:#1.5#:#1.5,1.5,1.5,1
7240,FROZEN_ITALIAN_READY#TO_STYLE,2,3345,0,8,0,0,0,0,FROZEN~2#:#ITALIAN~2#:#READY#TO~2#:#STYLE~2,1.0#:#1.0#:#1.0#:#1.0,1.0,1.0,1
7241,GODREJ_ITALIAN_STYLE_YUMMIEZ,3,3345,0,8,0,0,0,0,GODREJ~2#:#ITALIAN~2#:#STYLE~2#:#YUMMIEZ~2,1.5#:#1.5#:#1.5#:#1.5,1.5,1.5,1
7242,GODREJ_READY#TO_STYLE_YUMMIEZ,7,3345,0,8,0,0,0,0,GODREJ~2#:#READY#TO~2#:#STYLE~2#:#YUMMIEZ~2,3.5#:#3.5#:#3.5#:#3.5,3.5,3.5,1
7243,BURGER_CHICKEN_GODREJ_YUMMIEZ,4,3345,0,8,0,0,0,0,BURGER~2#:#CHICKEN~3#:#GODREJ~2#:#YUMMIEZ~2,2.0#:#1.33#:#2.0#:#2.0,2.0,1.33,1
7244,CHEESE_CHICKEN_JALAPENO_SNACK,2,3345,0,8,0,0,0,0,CHEESE~3#:#CHICKEN~3#:#JALAPENO~2#:#SNACK~3,0.67#:#0.67#:#1.0#:#0.67,1.0,0.67,0
7245,CHICKEN_CRISPY_FROZEN_SNACK,2,3345,0,8,0,0,0,0,CHICKEN~3#:#CRISPY~2#:#FROZEN~2#:#SNACK~3,0.67#:#1.0#:#1.0#:#0.67,1.0,0.67,0
7246,CHICKEN_FROZEN_SNACK_VENKY,4,3345,0,8,0,0,0,0,CHICKEN~3#:#FROZEN~2#:#SNACK~3#:#VENKY~2,1.33#:#2.0#:#1.33#:#2.0,2.0,1.33,1
7247,CHICKEN_CRISPY_SNACK_VENKY,2,3345,0,8,0,0,0,0,CHICKEN~3#:#CRISPY~2#:#SNACK~3#:#VENKY~2,0.67#:#1.0#:#0.67#:#1.0,1.0,0.67,0
7248,CHICKEN_CRISPY_FROZEN_VENKY,2,3345,0,8,0,0,0,0,CHICKEN~3#:#CRISPY~2#:#FROZEN~2#:#VENKY~2,0.67#:#1.0#:#1.0#:#1.0,1.0,0.67,0
7249,CRISPY_FROZEN_SNACK_VENKY,2,3345,0,8,0,0,0,0,CRISPY~2#:#FROZEN~2#:#SNACK~3#:#VENKY~2,1.0#:#1.0#:#0.67#:#1.0,1.0,0.67,0
7250,CHICKEN_GODREJ_PACK_SNACK,2,3345,1,8,0,0,0,0,CHICKEN~3#:#GODREJ~2#:#PACK~3#:#SNACK~3,0.67#:#1.0#:#0.67#:#0.67,1.0,0.67,0
7251,CHICKEN_FROZEN_MINT_PACK,2,3345,2,8,0,0,0,0,CHICKEN~3#:#FROZEN~2#:#MINT~2#:#PACK~3,0.67#:#1.0#:#1.0#:#0.67,1.0,0.67,0
7252,CHICKEN_CORN_FROZEN_PACK,2,3345,1,8,0,0,0,0,CHICKEN~3#:#CORN~2#:#FROZEN~2#:#PACK~3,0.67#:#1.0#:#1.0#:#0.67,1.0,0.67,0
7253,CHICKEN_DOG_FROZEN_PACK,2,3345,1,8,0,0,0,0,CHICKEN~3#:#DOG~2#:#FROZEN~2#:#PACK~3,0.67#:#1.0#:#1.0#:#0.67,1.0,0.67,0
7254,CHICKEN_GODREJ_MINT_PACK,2,3345,2,8,0,0,0,0,CHICKEN~3#:#GODREJ~2#:#MINT~2#:#PACK~3,0.67#:#1.0#:#1.0#:#0.67,1.0,0.67,0
7255,CHICKEN_GODREJ_PACK_YUMMIEZ,8,3345,1,8,0,0,0,0,CHICKEN~3#:#GODREJ~2#:#PACK~3#:#YUMMIEZ~2,2.67#:#4.0#:#2.67#:#4.0,4.0,2.67,1
7256,CHICKEN_CORN_MINT_PACK,2,3345,2,8,0,0,0,0,CHICKEN~3#:#CORN~2#:#MINT~2#:#PACK~3,0.67#:#1.0#:#1.0#:#0.67,1.0,0.67,0
7257,CHICKEN_DOG_MINT_PACK,2,3345,2,8,0,0,0,0,CHICKEN~3#:#DOG~2#:#MINT~2#:#PACK~3,0.67#:#1.0#:#1.0#:#0.67,1.0,0.67,0
7258,CHICKEN_MINT_PACK_YUMMIEZ,2,3345,2,8,0,0,0,0,CHICKEN~3#:#MINT~2#:#PACK~3#:#YUMMIEZ~2,0.67#:#1.0#:#0.67#:#1.0,1.0,0.67,0
7259,CHICKEN_CORN_DOG_PACK,2,3345,1,8,0,0,0,0,CHICKEN~3#:#CORN~2#:#DOG~2#:#PACK~3,0.67#:#1.0#:#1.0#:#0.67,1.0,0.67,0
7260,CHICKEN_CORN_FROZEN_SNACK,2,3345,0,8,0,0,0,0,CHICKEN~3#:#CORN~2#:#FROZEN~2#:#SNACK~3,0.67#:#1.0#:#1.0#:#0.67,1.0,0.67,0
7261,CHICKEN_DOG_FROZEN_SNACK,2,3345,0,8,0,0,0,0,CHICKEN~3#:#DOG~2#:#FROZEN~2#:#SNACK~3,0.67#:#1.0#:#1.0#:#0.67,1.0,0.67,0
7262,CHICKEN_CORN_DOG_SNACK,2,3345,0,8,0,0,0,0,CHICKEN~3#:#CORN~2#:#DOG~2#:#SNACK~3,0.67#:#1.0#:#1.0#:#0.67,1.0,0.67,0
7263,CHICKEN_CORN_FROZEN_MINT,2,3345,1,8,0,0,0,0,CHICKEN~3#:#CORN~2#:#FROZEN~2#:#MINT~2,0.67#:#1.0#:#1.0#:#1.0,1.0,0.67,0
7264,CHICKEN_DOG_FROZEN_MINT,2,3345,1,8,0,0,0,0,CHICKEN~3#:#DOG~2#:#FROZEN~2#:#MINT~2,0.67#:#1.0#:#1.0#:#1.0,1.0,0.67,0
7265,CHICKEN_CORN_DOG_FROZEN,4,3345,0,8,0,0,0,0,CHICKEN~3#:#CORN~2#:#DOG~2#:#FROZEN~2,1.33#:#2.0#:#2.0#:#2.0,2.0,1.33,1
7266,CHICKEN_GODREJ_MINT_YUMMIEZ,4,3345,1,8,0,0,0,0,CHICKEN~3#:#GODREJ~2#:#MINT~2#:#YUMMIEZ~2,1.33#:#2.0#:#2.0#:#2.0,2.0,1.33,1
7267,CHICKEN_CORN_DOG_MINT,2,3345,1,8,0,0,0,0,CHICKEN~3#:#CORN~2#:#DOG~2#:#MINT~2,0.67#:#1.0#:#1.0#:#1.0,1.0,0.67,0
7268,CORN_FROZEN_MINT_PACK,2,3345,2,8,0,0,0,0,CORN~2#:#FROZEN~2#:#MINT~2#:#PACK~3,1.0#:#1.0#:#1.0#:#0.67,1.0,0.67,0
7269,DOG_FROZEN_MINT_PACK,2,3345,2,8,0,0,0,0,DOG~2#:#FROZEN~2#:#MINT~2#:#PACK~3,1.0#:#1.0#:#1.0#:#0.67,1.0,0.67,0
7270,CORN_DOG_FROZEN_PACK,2,3345,1,8,0,0,0,0,CORN~2#:#DOG~2#:#FROZEN~2#:#PACK~3,1.0#:#1.0#:#1.0#:#0.67,1.0,0.67,0
7271,GODREJ_MINT_PACK_YUMMIEZ,2,3345,2,8,0,0,0,0,GODREJ~2#:#MINT~2#:#PACK~3#:#YUMMIEZ~2,1.0#:#1.0#:#0.67#:#1.0,1.0,0.67,0
7272,CORN_DOG_MINT_PACK,2,3345,2,8,0,0,0,0,CORN~2#:#DOG~2#:#MINT~2#:#PACK~3,1.0#:#1.0#:#1.0#:#0.67,1.0,0.67,0
7273,CORN_DOG_FROZEN_SNACK,2,3345,0,8,0,0,0,0,CORN~2#:#DOG~2#:#FROZEN~2#:#SNACK~3,1.0#:#1.0#:#1.0#:#0.67,1.0,0.67,0
7274,CORN_DOG_FROZEN_MINT,2,3345,1,8,0,0,0,0,CORN~2#:#DOG~2#:#FROZEN~2#:#MINT~2,1.0#:#1.0#:#1.0#:#1.0,1.0,1.0,1
7275,CHICKEN_FROZEN_SNACK_STYLE,4,3345,0,8,0,0,0,0,CHICKEN~3#:#FROZEN~2#:#SNACK~3#:#STYLE~2,1.33#:#2.0#:#1.33#:#2.0,2.0,1.33,1
7276,CHEF#ITC#MASTER_CHICKEN_FROZEN_STYLE,2,3345,0,8,0,0,0,0,CHEF#ITC#MASTER~2#:#CHICKEN~3#:#FROZEN~2#:#STYLE~2,1.0#:#0.67#:#1.0#:#1.0,1.0,0.67,0
7277,BITE_CHICKEN_FROZEN_GODREJ,2,3345,0,8,0,0,0,0,BITE~2#:#CHICKEN~3#:#FROZEN~2#:#GODREJ~2,1.0#:#0.67#:#1.0#:#1.0,1.0,0.67,0
7278,BITE_CHICKEN_FROZEN_STYLE,2,3345,0,8,0,0,0,0,BITE~2#:#CHICKEN~3#:#FROZEN~2#:#STYLE~2,1.0#:#0.67#:#1.0#:#1.0,1.0,0.67,0
7279,BITE_CHICKEN_FROZEN_YUMMIEZ,2,3345,0,8,0,0,0,0,BITE~2#:#CHICKEN~3#:#FROZEN~2#:#YUMMIEZ~2,1.0#:#0.67#:#1.0#:#1.0,1.0,0.67,0
7280,BITE_CHICKEN_GODREJ_STYLE,2,3345,0,8,0,0,0,0,BITE~2#:#CHICKEN~3#:#GODREJ~2#:#STYLE~2,1.0#:#0.67#:#1.0#:#1.0,1.0,0.67,0
7281,BITE_CHICKEN_GODREJ_YUMMIEZ,2,3345,0,8,0,0,0,0,BITE~2#:#CHICKEN~3#:#GODREJ~2#:#YUMMIEZ~2,1.0#:#0.67#:#1.0#:#1.0,1.0,0.67,0
7282,BITE_CHICKEN_STYLE_YUMMIEZ,2,3345,0,8,0,0,0,0,BITE~2#:#CHICKEN~3#:#STYLE~2#:#YUMMIEZ~2,1.0#:#0.67#:#1.0#:#1.0,1.0,0.67,0
7283,BITE_FROZEN_GODREJ_STYLE,2,3345,0,8,0,0,0,0,BITE~2#:#FROZEN~2#:#GODREJ~2#:#STYLE~2,1.0#:#1.0#:#1.0#:#1.0,1.0,1.0,1
7284,BITE_FROZEN_GODREJ_YUMMIEZ,2,3345,0,8,0,0,0,0,BITE~2#:#FROZEN~2#:#GODREJ~2#:#YUMMIEZ~2,1.0#:#1.0#:#1.0#:#1.0,1.0,1.0,1
7285,BITE_FROZEN_STYLE_YUMMIEZ,2,3345,0,8,0,0,0,0,BITE~2#:#FROZEN~2#:#STYLE~2#:#YUMMIEZ~2,1.0#:#1.0#:#1.0#:#1.0,1.0,1.0,1
7286,BITE_GODREJ_STYLE_YUMMIEZ,2,3345,0,8,0,0,0,0,BITE~2#:#GODREJ~2#:#STYLE~2#:#YUMMIEZ~2,1.0#:#1.0#:#1.0#:#1.0,1.0,1.0,1
7287,CHEF#ITC#MASTER_CHICKEN_FROZEN_READY#TO,2,3345,0,8,0,0,0,0,CHEF#ITC#MASTER~2#:#CHICKEN~3#:#FROZEN~2#:#READY#TO~2,1.0#:#0.67#:#1.0#:#1.0,1.0,0.67,0
7288,CHICKEN_COKE_FROZEN_VENKY,2,3345,0,8,0,0,0,0,CHICKEN~3#:#COKE~2#:#FROZEN~2#:#VENKY~2,0.67#:#1.0#:#1.0#:#1.0,1.0,0.67,0
7289,CHICKEN_COKE_READY#TO_VENKY,2,3345,0,8,0,0,0,0,CHICKEN~3#:#COKE~2#:#READY#TO~2#:#VENKY~2,0.67#:#1.0#:#1.0#:#1.0,1.0,0.67,0
7290,CHICKEN_FROZEN_READY#TO_VENKY,2,3345,0,8,0,0,0,0,CHICKEN~3#:#FROZEN~2#:#READY#TO~2#:#VENKY~2,0.67#:#1.0#:#1.0#:#1.0,1.0,0.67,0
7291,COKE_FROZEN_READY#TO_VENKY,2,3345,0,8,0,0,0,0,COKE~2#:#FROZEN~2#:#READY#TO~2#:#VENKY~2,1.0#:#1.0#:#1.0#:#1.0,1.0,1.0,1
7292,BITE_CHICKEN_FROZEN_SNACK,2,3345,0,8,0,0,0,0,BITE~2#:#CHICKEN~3#:#FROZEN~2#:#SNACK~3,1.0#:#0.67#:#1.0#:#0.67,1.0,0.67,0
7293,CHICKEN_GODREJ_SNACK_STYLE,2,3345,0,8,0,0,0,0,CHICKEN~3#:#GODREJ~2#:#SNACK~3#:#STYLE~2,0.67#:#1.0#:#0.67#:#1.0,1.0,0.67,0
7294,CHICKEN_SNACK_STYLE_YUMMIEZ,2,3345,0,8,0,0,0,0,CHICKEN~3#:#SNACK~3#:#STYLE~2#:#YUMMIEZ~2,0.67#:#0.67#:#1.0#:#1.0,1.0,0.67,0
7295,BONELESS_CHICKEN_FROZEN_GODREJ,2,3345,0,8,0,0,0,0,BONELESS~2#:#CHICKEN~3#:#FROZEN~2#:#GODREJ~2,1.0#:#0.67#:#1.0#:#1.0,1.0,0.67,0
7296,FROZEN_GODREJ_SNACK_STYLE,2,3345,0,8,0,0,0,0,FROZEN~2#:#GODREJ~2#:#SNACK~3#:#STYLE~2,1.0#:#1.0#:#0.67#:#1.0,1.0,0.67,0
7297,FROZEN_SNACK_STYLE_YUMMIEZ,2,3345,0,8,0,0,0,0,FROZEN~2#:#SNACK~3#:#STYLE~2#:#YUMMIEZ~2,1.0#:#0.67#:#1.0#:#1.0,1.0,0.67,0
7298,GODREJ_SNACK_STYLE_YUMMIEZ,2,3345,0,8,0,0,0,0,GODREJ~2#:#SNACK~3#:#STYLE~2#:#YUMMIEZ~2,1.0#:#0.67#:#1.0#:#1.0,1.0,0.67,0
7299,CHEF#ITC#MASTER_CHICKEN_CRISPY_FROZEN,2,3345,0,8,0,0,0,0,CHEF#ITC#MASTER~2#:#CHICKEN~3#:#CRISPY~2#:#FROZEN~2,1.0#:#0.67#:#1.0#:#1.0,1.0,0.67,0
7300,CHICKEN_SNACK_SPICY_STYLE,2,3345,0,8,0,0,0,0,CHICKEN~3#:#SNACK~3#:#SPICY~2#:#STYLE~2,0.67#:#0.67#:#1.0#:#1.0,1.0,0.67,0
7301,CHICKEN_GODREJ_SPICY_YUMMIEZ,2,3345,0,8,0,0,0,0,CHICKEN~3#:#GODREJ~2#:#SPICY~2#:#YUMMIEZ~2,0.67#:#1.0#:#1.0#:#1.0,1.0,0.67,0
7302,CHICKEN_GODREJ_WINGS_YUMMIEZ,2,3345,0,8,0,0,0,0,CHICKEN~3#:#GODREJ~2#:#WINGS~2#:#YUMMIEZ~2,0.67#:#1.0#:#1.0#:#1.0,1.0,0.67,0
7303,CHICKEN_FROZEN_SPICY_WINGS,2,3345,0,8,0,0,0,0,CHICKEN~3#:#FROZEN~2#:#SPICY~2#:#WINGS~2,0.67#:#1.0#:#1.0#:#1.0,1.0,0.67,0
7304,BURGER_CHICKEN_GODREJ_MINT,2,3345,1,8,0,0,0,0,BURGER~2#:#CHICKEN~3#:#GODREJ~2#:#MINT~2,1.0#:#0.67#:#1.0#:#1.0,1.0,0.67,0
7305,BURGER_CHICKEN_MINT_YUMMIEZ,2,3345,1,8,0,0,0,0,BURGER~2#:#CHICKEN~3#:#MINT~2#:#YUMMIEZ~2,1.0#:#0.67#:#1.0#:#1.0,1.0,0.67,0
7306,CHICKEN_GODREJ_MINT_STYLE,2,3345,1,8,0,0,0,0,CHICKEN~3#:#GODREJ~2#:#MINT~2#:#STYLE~2,0.67#:#1.0#:#1.0#:#1.0,1.0,0.67,0
7307,CHICKEN_MINT_STYLE_YUMMIEZ,2,3345,1,8,0,0,0,0,CHICKEN~3#:#MINT~2#:#STYLE~2#:#YUMMIEZ~2,0.67#:#1.0#:#1.0#:#1.0,1.0,0.67,0
7308,BURGER_GODREJ_MINT_YUMMIEZ,2,3345,1,8,0,0,0,0,BURGER~2#:#GODREJ~2#:#MINT~2#:#YUMMIEZ~2,1.0#:#1.0#:#1.0#:#1.0,1.0,1.0,1
7309,GODREJ_MINT_STYLE_YUMMIEZ,2,3345,1,8,0,0,0,0,GODREJ~2#:#MINT~2#:#STYLE~2#:#YUMMIEZ~2,1.0#:#1.0#:#1.0#:#1.0,1.0,1.0,1
7310,AND_BURGER_CHEESE_COKE,2,3345,0,8,0,0,0,0,AND~2#:#BURGER~2#:#CHEESE~3#:#COKE~2,1.0#:#1.0#:#0.67#:#1.0,1.0,0.67,0
7311,AND_BURGER_CHEESE_CHEF#ITC#MASTER,2,3345,0,8,0,0,0,0,AND~2#:#BURGER~2#:#CHEESE~3#:#CHEF#ITC#MASTER~2,1.0#:#1.0#:#0.67#:#1.0,1.0,0.67,0
7312,AND_BURGER_CHEESE_READY#TO,2,3345,0,8,0,0,0,0,AND~2#:#BURGER~2#:#CHEESE~3#:#READY#TO~2,1.0#:#1.0#:#0.67#:#1.0,1.0,0.67,0
7313,BURGER_CHEESE_CHEF#ITC#MASTER_COKE,2,3345,0,8,0,0,0,0,BURGER~2#:#CHEESE~3#:#CHEF#ITC#MASTER~2#:#COKE~2,1.0#:#0.67#:#1.0#:#1.0,1.0,0.67,0
7314,BURGER_CHEESE_COKE_READY#TO,2,3345,0,8,0,0,0,0,BURGER~2#:#CHEESE~3#:#COKE~2#:#READY#TO~2,1.0#:#0.67#:#1.0#:#1.0,1.0,0.67,0
7315,BURGER_CHEESE_CHEF#ITC#MASTER_READY#TO,2,3345,0,8,0,0,0,0,BURGER~2#:#CHEESE~3#:#CHEF#ITC#MASTER~2#:#READY#TO~2,1.0#:#0.67#:#1.0#:#1.0,1.0,0.67,0
7316,AND_CHEESE_CHEF#ITC#MASTER_COKE,2,3345,0,8,0,0,0,0,AND~2#:#CHEESE~3#:#CHEF#ITC#MASTER~2#:#COKE~2,1.0#:#0.67#:#1.0#:#1.0,1.0,0.67,0
7317,AND_CHEESE_COKE_READY#TO,2,3345,0,8,0,0,0,0,AND~2#:#CHEESE~3#:#COKE~2#:#READY#TO~2,1.0#:#0.67#:#1.0#:#1.0,1.0,0.67,0
7318,AND_CHEESE_CHEF#ITC#MASTER_READY#TO,2,3345,0,8,0,0,0,0,AND~2#:#CHEESE~3#:#CHEF#ITC#MASTER~2#:#READY#TO~2,1.0#:#0.67#:#1.0#:#1.0,1.0,0.67,0
7319,CHEESE_CHEF#ITC#MASTER_COKE_READY#TO,2,3345,0,8,0,0,0,0,CHEESE~3#:#CHEF#ITC#MASTER~2#:#COKE~2#:#READY#TO~2,0.67#:#1.0#:#1.0#:#1.0,1.0,0.67,0
7320,AND_BURGER_CHEF#ITC#MASTER_COKE,2,3345,0,8,0,0,0,0,AND~2#:#BURGER~2#:#CHEF#ITC#MASTER~2#:#COKE~2,1.0#:#1.0#:#1.0#:#1.0,1.0,1.0,1
7321,AND_BURGER_COKE_READY#TO,2,3345,0,8,0,0,0,0,AND~2#:#BURGER~2#:#COKE~2#:#READY#TO~2,1.0#:#1.0#:#1.0#:#1.0,1.0,1.0,1
7322,AND_BURGER_CHEF#ITC#MASTER_READY#TO,2,3345,0,8,0,0,0,0,AND~2#:#BURGER~2#:#CHEF#ITC#MASTER~2#:#READY#TO~2,1.0#:#1.0#:#1.0#:#1.0,1.0,1.0,1
7323,BURGER_CHEF#ITC#MASTER_COKE_READY#TO,2,3345,0,8,0,0,0,0,BURGER~2#:#CHEF#ITC#MASTER~2#:#COKE~2#:#READY#TO~2,1.0#:#1.0#:#1.0#:#1.0,1.0,1.0,1
7324,AND_COKE_READY#TO_WITH,2,3345,1,8,0,0,0,0,AND~2#:#COKE~2#:#READY#TO~2#:#WITH~2,1.0#:#1.0#:#1.0#:#1.0,1.0,1.0,1
7325,AND_CHEF#ITC#MASTER_COKE_READY#TO,2,3345,0,8,0,0,0,0,AND~2#:#CHEF#ITC#MASTER~2#:#COKE~2#:#READY#TO~2,1.0#:#1.0#:#1.0#:#1.0,1.0,1.0,1
7326,CHICKEN_COKE_CUTS_LICIOUS,2,3345,0,8,0,0,0,0,CHICKEN~3#:#COKE~2#:#CUTS~2#:#LICIOUS~2,0.67#:#1.0#:#1.0#:#1.0,1.0,0.67,0
7327,CHICKEN_COKE_CUTS_READY#TO,2,3345,0,8,0,0,0,0,CHICKEN~3#:#COKE~2#:#CUTS~2#:#READY#TO~2,0.67#:#1.0#:#1.0#:#1.0,1.0,0.67,0
7328,CHICKEN_COKE_LICIOUS_MARINADE,2,3345,0,8,0,0,0,0,CHICKEN~3#:#COKE~2#:#LICIOUS~2#:#MARINADE~2,0.67#:#1.0#:#1.0#:#1.0,1.0,0.67,0
7329,CHICKEN_COKE_LICIOUS_READY#TO,6,3345,0,8,0,0,0,0,CHICKEN~3#:#COKE~2#:#LICIOUS~2#:#READY#TO~2,2.0#:#3.0#:#3.0#:#3.0,3.0,2.0,1
7330,CHICKEN_COKE_MARINADE_READY#TO,2,3345,0,8,0,0,0,0,CHICKEN~3#:#COKE~2#:#MARINADE~2#:#READY#TO~2,0.67#:#1.0#:#1.0#:#1.0,1.0,0.67,0
7331,CHICKEN_CUTS_LICIOUS_READY#TO,2,3345,0,8,0,0,0,0,CHICKEN~3#:#CUTS~2#:#LICIOUS~2#:#READY#TO~2,0.67#:#1.0#:#1.0#:#1.0,1.0,0.67,0
7332,CHICKEN_CUTS_SPICY_WINGS,2,3345,0,8,0,0,0,0,CHICKEN~3#:#CUTS~2#:#SPICY~2#:#WINGS~2,0.67#:#1.0#:#1.0#:#1.0,1.0,0.67,0
7333,CHICKEN_LICIOUS_MARINADE_READY#TO,2,3345,0,8,0,0,0,0,CHICKEN~3#:#LICIOUS~2#:#MARINADE~2#:#READY#TO~2,0.67#:#1.0#:#1.0#:#1.0,1.0,0.67,0
7334,COKE_CUTS_LICIOUS_READY#TO,2,3345,0,8,0,0,0,0,COKE~2#:#CUTS~2#:#LICIOUS~2#:#READY#TO~2,1.0#:#1.0#:#1.0#:#1.0,1.0,1.0,1
7335,COKE_LICIOUS_MARINADE_READY#TO,2,3345,0,8,0,0,0,0,COKE~2#:#LICIOUS~2#:#MARINADE~2#:#READY#TO~2,1.0#:#1.0#:#1.0#:#1.0,1.0,1.0,1
7336,CUTS_FRESH_LICIOUS_PREMIUM,2,3345,1,8,0,0,0,0,CUTS~2#:#FRESH~3#:#LICIOUS~2#:#PREMIUM~2,1.0#:#0.67#:#1.0#:#1.0,1.0,0.67,0
7337,CUTS_FRESH_MEAL_PREMIUM,3,3345,1,8,0,0,0,0,CUTS~2#:#FRESH~3#:#MEAL~2#:#PREMIUM~2,1.5#:#1.0#:#1.5#:#1.5,1.5,1.0,1
7338,CHICKEN_FRESH_GODREJ_YUMMIEZ,2,3345,1,8,0,0,0,0,CHICKEN~3#:#FRESH~3#:#GODREJ~2#:#YUMMIEZ~2,0.67#:#0.67#:#1.0#:#1.0,1.0,0.67,0
7339,CHICKEN_CUTS_GODREJ_YUMMIEZ,3,3345,0,8,0,0,0,0,CHICKEN~3#:#CUTS~2#:#GODREJ~2#:#YUMMIEZ~2,1.0#:#1.5#:#1.5#:#1.5,1.5,1.0,1
7340,COKE_READY#TO_VEGETABLE_WITH,2,3345,1,8,0,0,0,0,COKE~2#:#READY#TO~2#:#VEGETABLE~2#:#WITH~2,1.0#:#1.0#:#1.0#:#1.0,1.0,1.0,1
7341,CHICKEN_GODREJ_SAUSAGE_YUMMIEZ,6,3345,0,8,0,0,0,0,CHICKEN~3#:#GODREJ~2#:#SAUSAGE~2#:#YUMMIEZ~2,2.0#:#3.0#:#3.0#:#3.0,3.0,2.0,1
7342,CHICKEN_GODREJ_SAUSAGE_SMOKE,2,3345,0,8,0,0,0,0,CHICKEN~3#:#GODREJ~2#:#SAUSAGE~2#:#SMOKE~2,0.67#:#1.0#:#1.0#:#1.0,1.0,0.67,0
7343,CHICKEN_GODREJ_SMOKE_YUMMIEZ,5,3345,0,8,0,0,0,0,CHICKEN~3#:#GODREJ~2#:#SMOKE~2#:#YUMMIEZ~2,1.67#:#2.5#:#2.5#:#2.5,2.5,1.67,1
7344,CHICKEN_SAUSAGE_SMOKE_SPICY,2,3345,0,8,0,0,0,0,CHICKEN~3#:#SAUSAGE~2#:#SMOKE~2#:#SPICY~2,0.67#:#1.0#:#1.0#:#1.0,1.0,0.67,0
7345,CUTS_GOAT_LICIOUS_PREMIUM,2,3345,0,8,0,0,0,0,CUTS~2#:#GOAT~2#:#LICIOUS~2#:#PREMIUM~2,1.0#:#1.0#:#1.0#:#1.0,1.0,1.0,1
7346,BONELESS_CHICKEN_CUTS_LICIOUS,2,3345,0,8,0,0,0,0,BONELESS~2#:#CHICKEN~3#:#CUTS~2#:#LICIOUS~2,1.0#:#0.67#:#1.0#:#1.0,1.0,0.67,0
7347,BONELESS_CHICKEN_LICIOUS_PREMIUM,2,3345,0,8,0,0,0,0,BONELESS~2#:#CHICKEN~3#:#LICIOUS~2#:#PREMIUM~2,1.0#:#0.67#:#1.0#:#1.0,1.0,0.67,0
7348,CHICKEN_CUTS_LICIOUS_PREMIUM,3,3345,0,8,0,0,0,0,CHICKEN~3#:#CUTS~2#:#LICIOUS~2#:#PREMIUM~2,1.0#:#1.5#:#1.5#:#1.5,1.5,1.0,1
7349,BONELESS_BREAST_CHICKEN_FRESH,3,3345,1,8,0,0,0,0,BONELESS~2#:#BREAST~2#:#CHICKEN~3#:#FRESH~3,1.5#:#1.5#:#1.0#:#1.0,1.5,1.0,1
7350,BONELESS_CHICKEN_FRESH_LICIOUS,2,3345,1,8,0,0,0,0,BONELESS~2#:#CHICKEN~3#:#FRESH~3#:#LICIOUS~2,1.0#:#0.67#:#0.67#:#1.0,1.0,0.67,0
7351,BREAST_CHICKEN_FRESH_LICIOUS,2,3345,1,8,0,0,0,0,BREAST~2#:#CHICKEN~3#:#FRESH~3#:#LICIOUS~2,1.0#:#0.67#:#0.67#:#1.0,1.0,0.67,0
7352,BONELESS_BREAST_CHICKEN_LICIOUS,6,3345,0,8,0,0,0,0,BONELESS~2#:#BREAST~2#:#CHICKEN~3#:#LICIOUS~2,3.0#:#3.0#:#2.0#:#3.0,3.0,2.0,1
7353,BONELESS_BREAST_FRESH_LICIOUS,2,3345,1,8,0,0,0,0,BONELESS~2#:#BREAST~2#:#FRESH~3#:#LICIOUS~2,1.0#:#1.0#:#0.67#:#1.0,1.0,0.67,0
7354,CHICKEN_COKE_FRESH_LICIOUS,2,3345,1,8,0,0,0,0,CHICKEN~3#:#COKE~2#:#FRESH~3#:#LICIOUS~2,0.67#:#1.0#:#0.67#:#1.0,1.0,0.67,0
7355,CHICKEN_COKE_FRESH_READY#TO,2,3345,1,8,0,0,0,0,CHICKEN~3#:#COKE~2#:#FRESH~3#:#READY#TO~2,0.67#:#1.0#:#0.67#:#1.0,1.0,0.67,0
7356,BREAST_CHICKEN_FRESH_SLICED,2,3345,1,8,0,0,0,0,BREAST~2#:#CHICKEN~3#:#FRESH~3#:#SLICED~2,1.0#:#0.67#:#0.67#:#1.0,1.0,0.67,0
7357,CHICKEN_FRESH_LICIOUS_READY#TO,2,3345,1,8,0,0,0,0,CHICKEN~3#:#FRESH~3#:#LICIOUS~2#:#READY#TO~2,0.67#:#0.67#:#1.0#:#1.0,1.0,0.67,0
7358,BONELESS_BREAST_CHICKEN_THIN,2,3345,0,8,0,0,0,0,BONELESS~2#:#BREAST~2#:#CHICKEN~3#:#THIN~2,1.0#:#1.0#:#0.67#:#1.0,1.0,0.67,0
7359,CHICKEN_COKE_LICIOUS_THIN,2,3345,0,8,0,0,0,0,CHICKEN~3#:#COKE~2#:#LICIOUS~2#:#THIN~2,0.67#:#1.0#:#1.0#:#1.0,1.0,0.67,0
7360,CHICKEN_COKE_READY#TO_THIN,2,3345,0,8,0,0,0,0,CHICKEN~3#:#COKE~2#:#READY#TO~2#:#THIN~2,0.67#:#1.0#:#1.0#:#1.0,1.0,0.67,0
7361,CHICKEN_LICIOUS_READY#TO_THIN,2,3345,0,8,0,0,0,0,CHICKEN~3#:#LICIOUS~2#:#READY#TO~2#:#THIN~2,0.67#:#1.0#:#1.0#:#1.0,1.0,0.67,0
7362,COKE_FRESH_LICIOUS_READY#TO,2,3345,1,8,0,0,0,0,COKE~2#:#FRESH~3#:#LICIOUS~2#:#READY#TO~2,1.0#:#0.67#:#1.0#:#1.0,1.0,0.67,0
7363,COKE_LICIOUS_READY#TO_THIN,2,3345,0,8,0,0,0,0,COKE~2#:#LICIOUS~2#:#READY#TO~2#:#THIN~2,1.0#:#1.0#:#1.0#:#1.0,1.0,1.0,1
7364,CHICKEN_COOKIES_CUTS_FRESH,2,3345,1,8,0,0,0,0,CHICKEN~3#:#COOKIES~2#:#CUTS~2#:#FRESH~3,0.67#:#1.0#:#1.0#:#0.67,1.0,0.67,0
7365,CHICKEN_COOKIES_FRESH_LICIOUS,2,3345,1,8,0,0,0,0,CHICKEN~3#:#COOKIES~2#:#FRESH~3#:#LICIOUS~2,0.67#:#1.0#:#0.67#:#1.0,1.0,0.67,0
7366,CHICKEN_CUTS_FRESH_LICIOUS,2,3345,1,8,0,0,0,0,CHICKEN~3#:#CUTS~2#:#FRESH~3#:#LICIOUS~2,0.67#:#1.0#:#0.67#:#1.0,1.0,0.67,0
7367,CHICKEN_COOKIES_CUTS_LICIOUS,3,3345,0,8,0,0,0,0,CHICKEN~3#:#COOKIES~2#:#CUTS~2#:#LICIOUS~2,1.0#:#1.5#:#1.5#:#1.5,1.5,1.0,1
7368,BONES_CHICKEN_CUTS_LICIOUS,2,3345,0,8,0,0,0,0,BONES~2#:#CHICKEN~3#:#CUTS~2#:#LICIOUS~2,1.0#:#0.67#:#1.0#:#1.0,1.0,0.67,0
7369,CHICKEN_CUTS_LICIOUS_SMOKE,4,3345,0,8,0,0,0,0,CHICKEN~3#:#CUTS~2#:#LICIOUS~2#:#SMOKE~2,1.33#:#2.0#:#2.0#:#2.0,2.0,1.33,1
7370,COOKIES_CUTS_FRESH_LICIOUS,2,3345,1,8,0,0,0,0,COOKIES~2#:#CUTS~2#:#FRESH~3#:#LICIOUS~2,1.0#:#1.0#:#0.67#:#1.0,1.0,0.67,0
7371,CHICKEN_EAT_GODREJ_HAM,3,3345,0,8,0,0,0,0,CHICKEN~3#:#EAT~2#:#GODREJ~2#:#HAM~2,1.0#:#1.5#:#1.5#:#1.5,1.5,1.0,1
7372,CHICKEN_EAT_GODREJ_SMOKE,2,3345,0,8,0,0,0,0,CHICKEN~3#:#EAT~2#:#GODREJ~2#:#SMOKE~2,0.67#:#1.0#:#1.0#:#1.0,1.0,0.67,0
7373,CHICKEN_EAT_GODREJ_STYLE,3,3345,0,8,0,0,0,0,CHICKEN~3#:#EAT~2#:#GODREJ~2#:#STYLE~2,1.0#:#1.5#:#1.5#:#1.5,1.5,1.0,1
7374,CHICKEN_EAT_GODREJ_YUMMIEZ,3,3345,0,8,0,0,0,0,CHICKEN~3#:#EAT~2#:#GODREJ~2#:#YUMMIEZ~2,1.0#:#1.5#:#1.5#:#1.5,1.5,1.0,1
7375,CHICKEN_EAT_GODREJ_READY#TO,3,3345,0,8,0,0,0,0,CHICKEN~3#:#EAT~2#:#GODREJ~2#:#READY#TO~2,1.0#:#1.5#:#1.5#:#1.5,1.5,1.0,1
7376,CHICKEN_EAT_HAM_SMOKE,2,3345,0,8,0,0,0,0,CHICKEN~3#:#EAT~2#:#HAM~2#:#SMOKE~2,0.67#:#1.0#:#1.0#:#1.0,1.0,0.67,0
7377,CHICKEN_EAT_HAM_STYLE,3,3345,0,8,0,0,0,0,CHICKEN~3#:#EAT~2#:#HAM~2#:#STYLE~2,1.0#:#1.5#:#1.5#:#1.5,1.5,1.0,1
7378,CHICKEN_EAT_HAM_YUMMIEZ,3,3345,0,8,0,0,0,0,CHICKEN~3#:#EAT~2#:#HAM~2#:#YUMMIEZ~2,1.0#:#1.5#:#1.5#:#1.5,1.5,1.0,1
7379,CHICKEN_EAT_HAM_READY#TO,3,3345,0,8,0,0,0,0,CHICKEN~3#:#EAT~2#:#HAM~2#:#READY#TO~2,1.0#:#1.5#:#1.5#:#1.5,1.5,1.0,1
7380,CHICKEN_EAT_SMOKE_STYLE,2,3345,0,8,0,0,0,0,CHICKEN~3#:#EAT~2#:#SMOKE~2#:#STYLE~2,0.67#:#1.0#:#1.0#:#1.0,1.0,0.67,0
7381,CHICKEN_EAT_SMOKE_YUMMIEZ,2,3345,0,8,0,0,0,0,CHICKEN~3#:#EAT~2#:#SMOKE~2#:#YUMMIEZ~2,0.67#:#1.0#:#1.0#:#1.0,1.0,0.67,0
7382,CHICKEN_EAT_READY#TO_SMOKE,3,3345,0,8,0,0,0,0,CHICKEN~3#:#EAT~2#:#READY#TO~2#:#SMOKE~2,1.0#:#1.5#:#1.5#:#1.5,1.5,1.0,1
7383,CHICKEN_EAT_STYLE_YUMMIEZ,3,3345,0,8,0,0,0,0,CHICKEN~3#:#EAT~2#:#STYLE~2#:#YUMMIEZ~2,1.0#:#1.5#:#1.5#:#1.5,1.5,1.0,1
7384,CHICKEN_EAT_READY#TO_STYLE,4,3345,0,8,0,0,0,0,CHICKEN~3#:#EAT~2#:#READY#TO~2#:#STYLE~2,1.33#:#2.0#:#2.0#:#2.0,2.0,1.33,1
7385,CHICKEN_EAT_READY#TO_YUMMIEZ,3,3345,0,8,0,0,0,0,CHICKEN~3#:#EAT~2#:#READY#TO~2#:#YUMMIEZ~2,1.0#:#1.5#:#1.5#:#1.5,1.5,1.0,1
7386,CHICKEN_GODREJ_HAM_SLICED,2,3345,0,8,0,0,0,0,CHICKEN~3#:#GODREJ~2#:#HAM~2#:#SLICED~2,0.67#:#1.0#:#1.0#:#1.0,1.0,0.67,0
7387,CHICKEN_GODREJ_HAM_SMOKE,4,3345,0,8,0,0,0,0,CHICKEN~3#:#GODREJ~2#:#HAM~2#:#SMOKE~2,1.33#:#2.0#:#2.0#:#2.0,2.0,1.33,1
7388,CHICKEN_GODREJ_HAM_STYLE,8,3345,0,8,0,0,0,0,CHICKEN~3#:#GODREJ~2#:#HAM~2#:#STYLE~2,2.67#:#4.0#:#4.0#:#4.0,4.0,2.67,1
7389,CHICKEN_GODREJ_HAM_YUMMIEZ,8,3345,0,8,0,0,0,0,CHICKEN~3#:#GODREJ~2#:#HAM~2#:#YUMMIEZ~2,2.67#:#4.0#:#4.0#:#4.0,4.0,2.67,1
7390,CHICKEN_GODREJ_HAM_READY#TO,6,3345,0,8,0,0,0,0,CHICKEN~3#:#GODREJ~2#:#HAM~2#:#READY#TO~2,2.0#:#3.0#:#3.0#:#3.0,3.0,2.0,1
7391,CHICKEN_GODREJ_SLICED_STYLE,2,3345,0,8,0,0,0,0,CHICKEN~3#:#GODREJ~2#:#SLICED~2#:#STYLE~2,0.67#:#1.0#:#1.0#:#1.0,1.0,0.67,0
7392,CHICKEN_GODREJ_SLICED_YUMMIEZ,3,3345,0,8,0,0,0,0,CHICKEN~3#:#GODREJ~2#:#SLICED~2#:#YUMMIEZ~2,1.0#:#1.5#:#1.5#:#1.5,1.5,1.0,1
7393,CHICKEN_GODREJ_READY#TO_SLICED,2,3345,0,8,0,0,0,0,CHICKEN~3#:#GODREJ~2#:#READY#TO~2#:#SLICED~2,0.67#:#1.0#:#1.0#:#1.0,1.0,0.67,0
7394,CHICKEN_GODREJ_SMOKE_STYLE,4,3345,0,8,0,0,0,0,CHICKEN~3#:#GODREJ~2#:#SMOKE~2#:#STYLE~2,1.33#:#2.0#:#2.0#:#2.0,2.0,1.33,1
7395,CHICKEN_GODREJ_READY#TO_SMOKE,2,3345,0,8,0,0,0,0,CHICKEN~3#:#GODREJ~2#:#READY#TO~2#:#SMOKE~2,0.67#:#1.0#:#1.0#:#1.0,1.0,0.67,0
7396,CHICKEN_HAM_SLICED_STYLE,2,3345,0,8,0,0,0,0,CHICKEN~3#:#HAM~2#:#SLICED~2#:#STYLE~2,0.67#:#1.0#:#1.0#:#1.0,1.0,0.67,0
7397,CHICKEN_HAM_SLICED_YUMMIEZ,2,3345,0,8,0,0,0,0,CHICKEN~3#:#HAM~2#:#SLICED~2#:#YUMMIEZ~2,0.67#:#1.0#:#1.0#:#1.0,1.0,0.67,0
7398,CHICKEN_HAM_READY#TO_SLICED,2,3345,0,8,0,0,0,0,CHICKEN~3#:#HAM~2#:#READY#TO~2#:#SLICED~2,0.67#:#1.0#:#1.0#:#1.0,1.0,0.67,0
7399,CHICKEN_HAM_SMOKE_STYLE,6,3345,0,8,0,0,0,0,CHICKEN~3#:#HAM~2#:#SMOKE~2#:#STYLE~2,2.0#:#3.0#:#3.0#:#3.0,3.0,2.0,1
7400,CHICKEN_HAM_SMOKE_YUMMIEZ,4,3345,0,8,0,0,0,0,CHICKEN~3#:#HAM~2#:#SMOKE~2#:#YUMMIEZ~2,1.33#:#2.0#:#2.0#:#2.0,2.0,1.33,1
7401,CHICKEN_HAM_READY#TO_SMOKE,2,3345,0,8,0,0,0,0,CHICKEN~3#:#HAM~2#:#READY#TO~2#:#SMOKE~2,0.67#:#1.0#:#1.0#:#1.0,1.0,0.67,0
7402,CHICKEN_HAM_STYLE_YUMMIEZ,8,3345,0,8,0,0,0,0,CHICKEN~3#:#HAM~2#:#STYLE~2#:#YUMMIEZ~2,2.67#:#4.0#:#4.0#:#4.0,4.0,2.67,1
7403,CHICKEN_HAM_READY#TO_STYLE,7,3345,0,8,0,0,0,0,CHICKEN~3#:#HAM~2#:#READY#TO~2#:#STYLE~2,2.33#:#3.5#:#3.5#:#3.5,3.5,2.33,1
7404,CHICKEN_HAM_READY#TO_YUMMIEZ,6,3345,0,8,0,0,0,0,CHICKEN~3#:#HAM~2#:#READY#TO~2#:#YUMMIEZ~2,2.0#:#3.0#:#3.0#:#3.0,3.0,2.0,1
7405,CHICKEN_SLICED_SMOKE_STYLE,4,3345,0,8,0,0,0,0,CHICKEN~3#:#SLICED~2#:#SMOKE~2#:#STYLE~2,1.33#:#2.0#:#2.0#:#2.0,2.0,1.33,1
7406,CHICKEN_SLICED_STYLE_YUMMIEZ,2,3345,0,8,0,0,0,0,CHICKEN~3#:#SLICED~2#:#STYLE~2#:#YUMMIEZ~2,0.67#:#1.0#:#1.0#:#1.0,1.0,0.67,0
7407,CHICKEN_READY#TO_SLICED_STYLE,2,3345,0,8,0,0,0,0,CHICKEN~3#:#READY#TO~2#:#SLICED~2#:#STYLE~2,0.67#:#1.0#:#1.0#:#1.0,1.0,0.67,0
7408,CHICKEN_READY#TO_SLICED_YUMMIEZ,2,3345,0,8,0,0,0,0,CHICKEN~3#:#READY#TO~2#:#SLICED~2#:#YUMMIEZ~2,0.67#:#1.0#:#1.0#:#1.0,1.0,0.67,0
7409,CHICKEN_SMOKE_STYLE_YUMMIEZ,4,3345,0,8,0,0,0,0,CHICKEN~3#:#SMOKE~2#:#STYLE~2#:#YUMMIEZ~2,1.33#:#2.0#:#2.0#:#2.0,2.0,1.33,1
7410,CHICKEN_READY#TO_SMOKE_STYLE,2,3345,0,8,0,0,0,0,CHICKEN~3#:#READY#TO~2#:#SMOKE~2#:#STYLE~2,0.67#:#1.0#:#1.0#:#1.0,1.0,0.67,0
7411,CHICKEN_READY#TO_SMOKE_YUMMIEZ,2,3345,0,8,0,0,0,0,CHICKEN~3#:#READY#TO~2#:#SMOKE~2#:#YUMMIEZ~2,0.67#:#1.0#:#1.0#:#1.0,1.0,0.67,0
7412,EAT_GODREJ_HAM_SMOKE,2,3345,0,8,0,0,0,0,EAT~2#:#GODREJ~2#:#HAM~2#:#SMOKE~2,1.0#:#1.0#:#1.0#:#1.0,1.0,1.0,1
7413,EAT_GODREJ_HAM_STYLE,3,3345,0,8,0,0,0,0,EAT~2#:#GODREJ~2#:#HAM~2#:#STYLE~2,1.5#:#1.5#:#1.5#:#1.5,1.5,1.5,1
7414,EAT_GODREJ_HAM_YUMMIEZ,3,3345,0,8,0,0,0,0,EAT~2#:#GODREJ~2#:#HAM~2#:#YUMMIEZ~2,1.5#:#1.5#:#1.5#:#1.5,1.5,1.5,1
7415,EAT_GODREJ_HAM_READY#TO,3,3345,0,8,0,0,0,0,EAT~2#:#GODREJ~2#:#HAM~2#:#READY#TO~2,1.5#:#1.5#:#1.5#:#1.5,1.5,1.5,1
7416,EAT_GODREJ_SMOKE_STYLE,2,3345,0,8,0,0,0,0,EAT~2#:#GODREJ~2#:#SMOKE~2#:#STYLE~2,1.0#:#1.0#:#1.0#:#1.0,1.0,1.0,1
7417,EAT_GODREJ_SMOKE_YUMMIEZ,2,3345,0,8,0,0,0,0,EAT~2#:#GODREJ~2#:#SMOKE~2#:#YUMMIEZ~2,1.0#:#1.0#:#1.0#:#1.0,1.0,1.0,1
7418,EAT_GODREJ_READY#TO_SMOKE,2,3345,0,8,0,0,0,0,EAT~2#:#GODREJ~2#:#READY#TO~2#:#SMOKE~2,1.0#:#1.0#:#1.0#:#1.0,1.0,1.0,1
7419,EAT_GODREJ_STYLE_YUMMIEZ,3,3345,0,8,0,0,0,0,EAT~2#:#GODREJ~2#:#STYLE~2#:#YUMMIEZ~2,1.5#:#1.5#:#1.5#:#1.5,1.5,1.5,1
7420,EAT_GODREJ_READY#TO_STYLE,3,3345,0,8,0,0,0,0,EAT~2#:#GODREJ~2#:#READY#TO~2#:#STYLE~2,1.5#:#1.5#:#1.5#:#1.5,1.5,1.5,1
7421,EAT_GODREJ_READY#TO_YUMMIEZ,3,3345,0,8,0,0,0,0,EAT~2#:#GODREJ~2#:#READY#TO~2#:#YUMMIEZ~2,1.5#:#1.5#:#1.5#:#1.5,1.5,1.5,1
7422,EAT_HAM_SMOKE_STYLE,2,3345,0,8,0,0,0,0,EAT~2#:#HAM~2#:#SMOKE~2#:#STYLE~2,1.0#:#1.0#:#1.0#:#1.0,1.0,1.0,1
7423,EAT_HAM_SMOKE_YUMMIEZ,2,3345,0,8,0,0,0,0,EAT~2#:#HAM~2#:#SMOKE~2#:#YUMMIEZ~2,1.0#:#1.0#:#1.0#:#1.0,1.0,1.0,1
7424,EAT_HAM_READY#TO_SMOKE,2,3345,0,8,0,0,0,0,EAT~2#:#HAM~2#:#READY#TO~2#:#SMOKE~2,1.0#:#1.0#:#1.0#:#1.0,1.0,1.0,1
7425,EAT_HAM_STYLE_YUMMIEZ,3,3345,0,8,0,0,0,0,EAT~2#:#HAM~2#:#STYLE~2#:#YUMMIEZ~2,1.5#:#1.5#:#1.5#:#1.5,1.5,1.5,1
7426,EAT_HAM_READY#TO_STYLE,3,3345,0,8,0,0,0,0,EAT~2#:#HAM~2#:#READY#TO~2#:#STYLE~2,1.5#:#1.5#:#1.5#:#1.5,1.5,1.5,1
7427,EAT_HAM_READY#TO_YUMMIEZ,3,3345,0,8,0,0,0,0,EAT~2#:#HAM~2#:#READY#TO~2#:#YUMMIEZ~2,1.5#:#1.5#:#1.5#:#1.5,1.5,1.5,1
7428,EAT_SMOKE_STYLE_YUMMIEZ,2,3345,0,8,0,0,0,0,EAT~2#:#SMOKE~2#:#STYLE~2#:#YUMMIEZ~2,1.0#:#1.0#:#1.0#:#1.0,1.0,1.0,1
7429,EAT_READY#TO_SMOKE_STYLE,2,3345,0,8,0,0,0,0,EAT~2#:#READY#TO~2#:#SMOKE~2#:#STYLE~2,1.0#:#1.0#:#1.0#:#1.0,1.0,1.0,1
7430,EAT_READY#TO_SMOKE_YUMMIEZ,2,3345,0,8,0,0,0,0,EAT~2#:#READY#TO~2#:#SMOKE~2#:#YUMMIEZ~2,1.0#:#1.0#:#1.0#:#1.0,1.0,1.0,1
7431,EAT_READY#TO_STYLE_YUMMIEZ,3,3345,0,8,0,0,0,0,EAT~2#:#READY#TO~2#:#STYLE~2#:#YUMMIEZ~2,1.5#:#1.5#:#1.5#:#1.5,1.5,1.5,1
7432,GODREJ_HAM_SLICED_STYLE,2,3345,0,8,0,0,0,0,GODREJ~2#:#HAM~2#:#SLICED~2#:#STYLE~2,1.0#:#1.0#:#1.0#:#1.0,1.0,1.0,1
7433,GODREJ_HAM_SLICED_YUMMIEZ,2,3345,0,8,0,0,0,0,GODREJ~2#:#HAM~2#:#SLICED~2#:#YUMMIEZ~2,1.0#:#1.0#:#1.0#:#1.0,1.0,1.0,1
7434,GODREJ_HAM_READY#TO_SLICED,2,3345,0,8,0,0,0,0,GODREJ~2#:#HAM~2#:#READY#TO~2#:#SLICED~2,1.0#:#1.0#:#1.0#:#1.0,1.0,1.0,1
7435,GODREJ_HAM_SMOKE_STYLE,4,3345,0,8,0,0,0,0,GODREJ~2#:#HAM~2#:#SMOKE~2#:#STYLE~2,2.0#:#2.0#:#2.0#:#2.0,2.0,2.0,1
7436,GODREJ_HAM_SMOKE_YUMMIEZ,4,3345,0,8,0,0,0,0,GODREJ~2#:#HAM~2#:#SMOKE~2#:#YUMMIEZ~2,2.0#:#2.0#:#2.0#:#2.0,2.0,2.0,1
7437,GODREJ_HAM_READY#TO_SMOKE,2,3345,0,8,0,0,0,0,GODREJ~2#:#HAM~2#:#READY#TO~2#:#SMOKE~2,1.0#:#1.0#:#1.0#:#1.0,1.0,1.0,1
7438,GODREJ_HAM_STYLE_YUMMIEZ,8,3345,0,8,0,0,0,0,GODREJ~2#:#HAM~2#:#STYLE~2#:#YUMMIEZ~2,4.0#:#4.0#:#4.0#:#4.0,4.0,4.0,1
7439,GODREJ_HAM_READY#TO_STYLE,6,3345,0,8,0,0,0,0,GODREJ~2#:#HAM~2#:#READY#TO~2#:#STYLE~2,3.0#:#3.0#:#3.0#:#3.0,3.0,3.0,1
7440,GODREJ_HAM_READY#TO_YUMMIEZ,6,3345,0,8,0,0,0,0,GODREJ~2#:#HAM~2#:#READY#TO~2#:#YUMMIEZ~2,3.0#:#3.0#:#3.0#:#3.0,3.0,3.0,1
7441,GODREJ_SLICED_STYLE_YUMMIEZ,2,3345,0,8,0,0,0,0,GODREJ~2#:#SLICED~2#:#STYLE~2#:#YUMMIEZ~2,1.0#:#1.0#:#1.0#:#1.0,1.0,1.0,1
7442,GODREJ_READY#TO_SLICED_STYLE,2,3345,0,8,0,0,0,0,GODREJ~2#:#READY#TO~2#:#SLICED~2#:#STYLE~2,1.0#:#1.0#:#1.0#:#1.0,1.0,1.0,1
7443,GODREJ_READY#TO_SLICED_YUMMIEZ,2,3345,0,8,0,0,0,0,GODREJ~2#:#READY#TO~2#:#SLICED~2#:#YUMMIEZ~2,1.0#:#1.0#:#1.0#:#1.0,1.0,1.0,1
7444,GODREJ_SMOKE_STYLE_YUMMIEZ,4,3345,0,8,0,0,0,0,GODREJ~2#:#SMOKE~2#:#STYLE~2#:#YUMMIEZ~2,2.0#:#2.0#:#2.0#:#2.0,2.0,2.0,1
7445,GODREJ_READY#TO_SMOKE_STYLE,2,3345,0,8,0,0,0,0,GODREJ~2#:#READY#TO~2#:#SMOKE~2#:#STYLE~2,1.0#:#1.0#:#1.0#:#1.0,1.0,1.0,1
7446,GODREJ_READY#TO_SMOKE_YUMMIEZ,2,3345,0,8,0,0,0,0,GODREJ~2#:#READY#TO~2#:#SMOKE~2#:#YUMMIEZ~2,1.0#:#1.0#:#1.0#:#1.0,1.0,1.0,1
7447,HAM_SLICED_STYLE_YUMMIEZ,2,3345,0,8,0,0,0,0,HAM~2#:#SLICED~2#:#STYLE~2#:#YUMMIEZ~2,1.0#:#1.0#:#1.0#:#1.0,1.0,1.0,1
7448,HAM_READY#TO_SLICED_STYLE,2,3345,0,8,0,0,0,0,HAM~2#:#READY#TO~2#:#SLICED~2#:#STYLE~2,1.0#:#1.0#:#1.0#:#1.0,1.0,1.0,1
7449,HAM_READY#TO_SLICED_YUMMIEZ,2,3345,0,8,0,0,0,0,HAM~2#:#READY#TO~2#:#SLICED~2#:#YUMMIEZ~2,1.0#:#1.0#:#1.0#:#1.0,1.0,1.0,1
7450,HAM_SMOKE_STYLE_YUMMIEZ,4,3345,0,8,0,0,0,0,HAM~2#:#SMOKE~2#:#STYLE~2#:#YUMMIEZ~2,2.0#:#2.0#:#2.0#:#2.0,2.0,2.0,1
7451,HAM_READY#TO_SMOKE_STYLE,2,3345,0,8,0,0,0,0,HAM~2#:#READY#TO~2#:#SMOKE~2#:#STYLE~2,1.0#:#1.0#:#1.0#:#1.0,1.0,1.0,1
7452,HAM_READY#TO_SMOKE_YUMMIEZ,2,3345,0,8,0,0,0,0,HAM~2#:#READY#TO~2#:#SMOKE~2#:#YUMMIEZ~2,1.0#:#1.0#:#1.0#:#1.0,1.0,1.0,1
7453,HAM_READY#TO_STYLE_YUMMIEZ,6,3345,0,8,0,0,0,0,HAM~2#:#READY#TO~2#:#STYLE~2#:#YUMMIEZ~2,3.0#:#3.0#:#3.0#:#3.0,3.0,3.0,1
7454,READY#TO_SLICED_STYLE_YUMMIEZ,2,3345,0,8,0,0,0,0,READY#TO~2#:#SLICED~2#:#STYLE~2#:#YUMMIEZ~2,1.0#:#1.0#:#1.0#:#1.0,1.0,1.0,1
7455,READY#TO_SMOKE_STYLE_YUMMIEZ,2,3345,0,8,0,0,0,0,READY#TO~2#:#SMOKE~2#:#STYLE~2#:#YUMMIEZ~2,1.0#:#1.0#:#1.0#:#1.0,1.0,1.0,1
7456,CHICKEN_CUTS_HAM_LICIOUS,4,3345,0,8,0,0,0,0,CHICKEN~3#:#CUTS~2#:#HAM~2#:#LICIOUS~2,1.33#:#2.0#:#2.0#:#2.0,2.0,1.33,1
7457,CHICKEN_CUTS_HAM_PREMIUM,3,3345,0,8,0,0,0,0,CHICKEN~3#:#CUTS~2#:#HAM~2#:#PREMIUM~2,1.0#:#1.5#:#1.5#:#1.5,1.5,1.0,1
7458,CHICKEN_CUTS_HAM_SMOKE,5,3345,0,8,0,0,0,0,CHICKEN~3#:#CUTS~2#:#HAM~2#:#SMOKE~2,1.67#:#2.5#:#2.5#:#2.5,2.5,1.67,1
7459,CHICKEN_CUTS_HAM_STYLE,5,3345,0,8,0,0,0,0,CHICKEN~3#:#CUTS~2#:#HAM~2#:#STYLE~2,1.67#:#2.5#:#2.5#:#2.5,2.5,1.67,1
7460,CHICKEN_CUTS_LICIOUS_STYLE,3,3345,0,8,0,0,0,0,CHICKEN~3#:#CUTS~2#:#LICIOUS~2#:#STYLE~2,1.0#:#1.5#:#1.5#:#1.5,1.5,1.0,1
7461,CHICKEN_CUTS_PREMIUM_SMOKE,3,3345,0,8,0,0,0,0,CHICKEN~3#:#CUTS~2#:#PREMIUM~2#:#SMOKE~2,1.0#:#1.5#:#1.5#:#1.5,1.5,1.0,1
7462,CHICKEN_CUTS_PREMIUM_STYLE,3,3345,0,8,0,0,0,0,CHICKEN~3#:#CUTS~2#:#PREMIUM~2#:#STYLE~2,1.0#:#1.5#:#1.5#:#1.5,1.5,1.0,1
7463,CHICKEN_CUTS_SMOKE_STYLE,4,3345,0,8,0,0,0,0,CHICKEN~3#:#CUTS~2#:#SMOKE~2#:#STYLE~2,1.33#:#2.0#:#2.0#:#2.0,2.0,1.33,1
7464,CHICKEN_HAM_LICIOUS_PREMIUM,2,3345,0,8,0,0,0,0,CHICKEN~3#:#HAM~2#:#LICIOUS~2#:#PREMIUM~2,0.67#:#1.0#:#1.0#:#1.0,1.0,0.67,0
7465,CHICKEN_HAM_LICIOUS_SMOKE,3,3345,0,8,0,0,0,0,CHICKEN~3#:#HAM~2#:#LICIOUS~2#:#SMOKE~2,1.0#:#1.5#:#1.5#:#1.5,1.5,1.0,1
7466,CHICKEN_HAM_LICIOUS_STYLE,3,3345,0,8,0,0,0,0,CHICKEN~3#:#HAM~2#:#LICIOUS~2#:#STYLE~2,1.0#:#1.5#:#1.5#:#1.5,1.5,1.0,1
7467,CHICKEN_HAM_PREMIUM_SMOKE,3,3345,0,8,0,0,0,0,CHICKEN~3#:#HAM~2#:#PREMIUM~2#:#SMOKE~2,1.0#:#1.5#:#1.5#:#1.5,1.5,1.0,1
7468,CHICKEN_HAM_PREMIUM_STYLE,3,3345,0,8,0,0,0,0,CHICKEN~3#:#HAM~2#:#PREMIUM~2#:#STYLE~2,1.0#:#1.5#:#1.5#:#1.5,1.5,1.0,1
7469,CHICKEN_LICIOUS_PREMIUM_SMOKE,2,3345,0,8,0,0,0,0,CHICKEN~3#:#LICIOUS~2#:#PREMIUM~2#:#SMOKE~2,0.67#:#1.0#:#1.0#:#1.0,1.0,0.67,0
7470,CHICKEN_LICIOUS_PREMIUM_STYLE,2,3345,0,8,0,0,0,0,CHICKEN~3#:#LICIOUS~2#:#PREMIUM~2#:#STYLE~2,0.67#:#1.0#:#1.0#:#1.0,1.0,0.67,0
7471,CHICKEN_LICIOUS_SMOKE_STYLE,2,3345,0,8,0,0,0,0,CHICKEN~3#:#LICIOUS~2#:#SMOKE~2#:#STYLE~2,0.67#:#1.0#:#1.0#:#1.0,1.0,0.67,0
7472,CHICKEN_PREMIUM_SMOKE_STYLE,3,3345,0,8,0,0,0,0,CHICKEN~3#:#PREMIUM~2#:#SMOKE~2#:#STYLE~2,1.0#:#1.5#:#1.5#:#1.5,1.5,1.0,1
7473,CUTS_HAM_LICIOUS_PREMIUM,2,3345,0,8,0,0,0,0,CUTS~2#:#HAM~2#:#LICIOUS~2#:#PREMIUM~2,1.0#:#1.0#:#1.0#:#1.0,1.0,1.0,1
7474,CUTS_HAM_LICIOUS_SMOKE,3,3345,0,8,0,0,0,0,CUTS~2#:#HAM~2#:#LICIOUS~2#:#SMOKE~2,1.5#:#1.5#:#1.5#:#1.5,1.5,1.5,1
7475,CUTS_HAM_LICIOUS_STYLE,3,3345,0,8,0,0,0,0,CUTS~2#:#HAM~2#:#LICIOUS~2#:#STYLE~2,1.5#:#1.5#:#1.5#:#1.5,1.5,1.5,1
7476,CUTS_HAM_PREMIUM_SMOKE,3,3345,0,8,0,0,0,0,CUTS~2#:#HAM~2#:#PREMIUM~2#:#SMOKE~2,1.5#:#1.5#:#1.5#:#1.5,1.5,1.5,1
7477,CUTS_HAM_PREMIUM_STYLE,3,3345,0,8,0,0,0,0,CUTS~2#:#HAM~2#:#PREMIUM~2#:#STYLE~2,1.5#:#1.5#:#1.5#:#1.5,1.5,1.5,1
7478,CUTS_HAM_SMOKE_STYLE,4,3345,0,8,0,0,0,0,CUTS~2#:#HAM~2#:#SMOKE~2#:#STYLE~2,2.0#:#2.0#:#2.0#:#2.0,2.0,2.0,1
7479,CUTS_LICIOUS_PREMIUM_SMOKE,2,3345,0,8,0,0,0,0,CUTS~2#:#LICIOUS~2#:#PREMIUM~2#:#SMOKE~2,1.0#:#1.0#:#1.0#:#1.0,1.0,1.0,1
7480,CUTS_LICIOUS_PREMIUM_STYLE,2,3345,0,8,0,0,0,0,CUTS~2#:#LICIOUS~2#:#PREMIUM~2#:#STYLE~2,1.0#:#1.0#:#1.0#:#1.0,1.0,1.0,1
7481,CUTS_LICIOUS_SMOKE_STYLE,2,3345,0,8,0,0,0,0,CUTS~2#:#LICIOUS~2#:#SMOKE~2#:#STYLE~2,1.0#:#1.0#:#1.0#:#1.0,1.0,1.0,1
7482,CUTS_PREMIUM_SMOKE_STYLE,3,3345,0,8,0,0,0,0,CUTS~2#:#PREMIUM~2#:#SMOKE~2#:#STYLE~2,1.5#:#1.5#:#1.5#:#1.5,1.5,1.5,1
7483,HAM_LICIOUS_PREMIUM_SMOKE,2,3345,0,8,0,0,0,0,HAM~2#:#LICIOUS~2#:#PREMIUM~2#:#SMOKE~2,1.0#:#1.0#:#1.0#:#1.0,1.0,1.0,1
7484,HAM_LICIOUS_PREMIUM_STYLE,2,3345,0,8,0,0,0,0,HAM~2#:#LICIOUS~2#:#PREMIUM~2#:#STYLE~2,1.0#:#1.0#:#1.0#:#1.0,1.0,1.0,1
7485,HAM_LICIOUS_SMOKE_STYLE,2,3345,0,8,0,0,0,0,HAM~2#:#LICIOUS~2#:#SMOKE~2#:#STYLE~2,1.0#:#1.0#:#1.0#:#1.0,1.0,1.0,1
7486,HAM_PREMIUM_SMOKE_STYLE,3,3345,0,8,0,0,0,0,HAM~2#:#PREMIUM~2#:#SMOKE~2#:#STYLE~2,1.5#:#1.5#:#1.5#:#1.5,1.5,1.5,1
7487,LICIOUS_PREMIUM_SMOKE_STYLE,2,3345,0,8,0,0,0,0,LICIOUS~2#:#PREMIUM~2#:#SMOKE~2#:#STYLE~2,1.0#:#1.0#:#1.0#:#1.0,1.0,1.0,1
7488,CHICKEN_GODREJ_HAM_HONEY,2,3345,1,8,0,0,0,0,CHICKEN~3#:#GODREJ~2#:#HAM~2#:#HONEY~2,0.67#:#1.0#:#1.0#:#1.0,1.0,0.67,0
7489,CHICKEN_GODREJ_HAM_SERVE,2,3345,0,8,0,0,0,0,CHICKEN~3#:#GODREJ~2#:#HAM~2#:#SERVE~2,0.67#:#1.0#:#1.0#:#1.0,1.0,0.67,0
7490,CHICKEN_GODREJ_HONEY_STYLE,2,3345,1,8,0,0,0,0,CHICKEN~3#:#GODREJ~2#:#HONEY~2#:#STYLE~2,0.67#:#1.0#:#1.0#:#1.0,1.0,0.67,0
7491,CHICKEN_GODREJ_HONEY_YUMMIEZ,2,3345,1,8,0,0,0,0,CHICKEN~3#:#GODREJ~2#:#HONEY~2#:#YUMMIEZ~2,0.67#:#1.0#:#1.0#:#1.0,1.0,0.67,0
7492,CHICKEN_GODREJ_SERVE_STYLE,2,3345,0,8,0,0,0,0,CHICKEN~3#:#GODREJ~2#:#SERVE~2#:#STYLE~2,0.67#:#1.0#:#1.0#:#1.0,1.0,0.67,0
7493,CHICKEN_GODREJ_SERVE_YUMMIEZ,2,3345,0,8,0,0,0,0,CHICKEN~3#:#GODREJ~2#:#SERVE~2#:#YUMMIEZ~2,0.67#:#1.0#:#1.0#:#1.0,1.0,0.67,0
7494,CHICKEN_GODREJ_READY#TO_SERVE,2,3345,0,8,0,0,0,0,CHICKEN~3#:#GODREJ~2#:#READY#TO~2#:#SERVE~2,0.67#:#1.0#:#1.0#:#1.0,1.0,0.67,0
7495,CHICKEN_HAM_HONEY_STYLE,2,3345,1,8,0,0,0,0,CHICKEN~3#:#HAM~2#:#HONEY~2#:#STYLE~2,0.67#:#1.0#:#1.0#:#1.0,1.0,0.67,0
7496,CHICKEN_HAM_HONEY_YUMMIEZ,2,3345,1,8,0,0,0,0,CHICKEN~3#:#HAM~2#:#HONEY~2#:#YUMMIEZ~2,0.67#:#1.0#:#1.0#:#1.0,1.0,0.67,0
7497,CHICKEN_HAM_SERVE_STYLE,2,3345,0,8,0,0,0,0,CHICKEN~3#:#HAM~2#:#SERVE~2#:#STYLE~2,0.67#:#1.0#:#1.0#:#1.0,1.0,0.67,0
7498,CHICKEN_HAM_SERVE_YUMMIEZ,2,3345,0,8,0,0,0,0,CHICKEN~3#:#HAM~2#:#SERVE~2#:#YUMMIEZ~2,0.67#:#1.0#:#1.0#:#1.0,1.0,0.67,0
7499,CHICKEN_HAM_READY#TO_SERVE,2,3345,0,8,0,0,0,0,CHICKEN~3#:#HAM~2#:#READY#TO~2#:#SERVE~2,0.67#:#1.0#:#1.0#:#1.0,1.0,0.67,0
7500,CHICKEN_HONEY_STYLE_YUMMIEZ,2,3345,1,8,0,0,0,0,CHICKEN~3#:#HONEY~2#:#STYLE~2#:#YUMMIEZ~2,0.67#:#1.0#:#1.0#:#1.0,1.0,0.67,0
7501,CHICKEN_SERVE_STYLE_YUMMIEZ,2,3345,0,8,0,0,0,0,CHICKEN~3#:#SERVE~2#:#STYLE~2#:#YUMMIEZ~2,0.67#:#1.0#:#1.0#:#1.0,1.0,0.67,0
7502,CHICKEN_READY#TO_SERVE_STYLE,2,3345,0,8,0,0,0,0,CHICKEN~3#:#READY#TO~2#:#SERVE~2#:#STYLE~2,0.67#:#1.0#:#1.0#:#1.0,1.0,0.67,0
7503,CHICKEN_READY#TO_SERVE_YUMMIEZ,2,3345,0,8,0,0,0,0,CHICKEN~3#:#READY#TO~2#:#SERVE~2#:#YUMMIEZ~2,0.67#:#1.0#:#1.0#:#1.0,1.0,0.67,0
7504,GODREJ_HAM_HONEY_STYLE,2,3345,1,8,0,0,0,0,GODREJ~2#:#HAM~2#:#HONEY~2#:#STYLE~2,1.0#:#1.0#:#1.0#:#1.0,1.0,1.0,1
7505,GODREJ_HAM_HONEY_YUMMIEZ,2,3345,1,8,0,0,0,0,GODREJ~2#:#HAM~2#:#HONEY~2#:#YUMMIEZ~2,1.0#:#1.0#:#1.0#:#1.0,1.0,1.0,1
7506,GODREJ_HAM_SERVE_STYLE,2,3345,0,8,0,0,0,0,GODREJ~2#:#HAM~2#:#SERVE~2#:#STYLE~2,1.0#:#1.0#:#1.0#:#1.0,1.0,1.0,1
7507,GODREJ_HAM_SERVE_YUMMIEZ,2,3345,0,8,0,0,0,0,GODREJ~2#:#HAM~2#:#SERVE~2#:#YUMMIEZ~2,1.0#:#1.0#:#1.0#:#1.0,1.0,1.0,1
7508,GODREJ_HAM_READY#TO_SERVE,2,3345,0,8,0,0,0,0,GODREJ~2#:#HAM~2#:#READY#TO~2#:#SERVE~2,1.0#:#1.0#:#1.0#:#1.0,1.0,1.0,1
7509,GODREJ_HONEY_STYLE_YUMMIEZ,2,3345,1,8,0,0,0,0,GODREJ~2#:#HONEY~2#:#STYLE~2#:#YUMMIEZ~2,1.0#:#1.0#:#1.0#:#1.0,1.0,1.0,1
7510,GODREJ_SERVE_STYLE_YUMMIEZ,2,3345,0,8,0,0,0,0,GODREJ~2#:#SERVE~2#:#STYLE~2#:#YUMMIEZ~2,1.0#:#1.0#:#1.0#:#1.0,1.0,1.0,1
7511,GODREJ_READY#TO_SERVE_STYLE,2,3345,0,8,0,0,0,0,GODREJ~2#:#READY#TO~2#:#SERVE~2#:#STYLE~2,1.0#:#1.0#:#1.0#:#1.0,1.0,1.0,1
7512,GODREJ_READY#TO_SERVE_YUMMIEZ,2,3345,0,8,0,0,0,0,GODREJ~2#:#READY#TO~2#:#SERVE~2#:#YUMMIEZ~2,1.0#:#1.0#:#1.0#:#1.0,1.0,1.0,1
7513,HAM_HONEY_STYLE_YUMMIEZ,2,3345,1,8,0,0,0,0,HAM~2#:#HONEY~2#:#STYLE~2#:#YUMMIEZ~2,1.0#:#1.0#:#1.0#:#1.0,1.0,1.0,1
7514,HAM_SERVE_STYLE_YUMMIEZ,2,3345,0,8,0,0,0,0,HAM~2#:#SERVE~2#:#STYLE~2#:#YUMMIEZ~2,1.0#:#1.0#:#1.0#:#1.0,1.0,1.0,1
7515,HAM_READY#TO_SERVE_STYLE,2,3345,0,8,0,0,0,0,HAM~2#:#READY#TO~2#:#SERVE~2#:#STYLE~2,1.0#:#1.0#:#1.0#:#1.0,1.0,1.0,1
7516,HAM_READY#TO_SERVE_YUMMIEZ,2,3345,0,8,0,0,0,0,HAM~2#:#READY#TO~2#:#SERVE~2#:#YUMMIEZ~2,1.0#:#1.0#:#1.0#:#1.0,1.0,1.0,1
7517,READY#TO_SERVE_STYLE_YUMMIEZ,2,3345,0,8,0,0,0,0,READY#TO~2#:#SERVE~2#:#STYLE~2#:#YUMMIEZ~2,1.0#:#1.0#:#1.0#:#1.0,1.0,1.0,1
7518,CHICKEN_CUTS_GODREJ_HAM,2,3345,0,8,0,0,0,0,CHICKEN~3#:#CUTS~2#:#GODREJ~2#:#HAM~2,0.67#:#1.0#:#1.0#:#1.0,1.0,0.67,0
7519,CHICKEN_CUTS_GODREJ_SMOKE,2,3345,0,8,0,0,0,0,CHICKEN~3#:#CUTS~2#:#GODREJ~2#:#SMOKE~2,0.67#:#1.0#:#1.0#:#1.0,1.0,0.67,0
7520,CHICKEN_CUTS_GODREJ_STYLE,2,3345,0,8,0,0,0,0,CHICKEN~3#:#CUTS~2#:#GODREJ~2#:#STYLE~2,0.67#:#1.0#:#1.0#:#1.0,1.0,0.67,0
7521,CHICKEN_CUTS_HAM_YUMMIEZ,2,3345,0,8,0,0,0,0,CHICKEN~3#:#CUTS~2#:#HAM~2#:#YUMMIEZ~2,0.67#:#1.0#:#1.0#:#1.0,1.0,0.67,0
7522,CHICKEN_CUTS_HAM_READY#TO,2,3345,0,8,0,0,0,0,CHICKEN~3#:#CUTS~2#:#HAM~2#:#READY#TO~2,0.67#:#1.0#:#1.0#:#1.0,1.0,0.67,0
7523,CHICKEN_CUTS_SMOKE_YUMMIEZ,2,3345,0,8,0,0,0,0,CHICKEN~3#:#CUTS~2#:#SMOKE~2#:#YUMMIEZ~2,0.67#:#1.0#:#1.0#:#1.0,1.0,0.67,0
7524,CHICKEN_CUTS_STYLE_YUMMIEZ,2,3345,0,8,0,0,0,0,CHICKEN~3#:#CUTS~2#:#STYLE~2#:#YUMMIEZ~2,0.67#:#1.0#:#1.0#:#1.0,1.0,0.67,0
7525,CHICKEN_CUTS_READY#TO_STYLE,2,3345,0,8,0,0,0,0,CHICKEN~3#:#CUTS~2#:#READY#TO~2#:#STYLE~2,0.67#:#1.0#:#1.0#:#1.0,1.0,0.67,0
7526,CUTS_GODREJ_HAM_SMOKE,2,3345,0,8,0,0,0,0,CUTS~2#:#GODREJ~2#:#HAM~2#:#SMOKE~2,1.0#:#1.0#:#1.0#:#1.0,1.0,1.0,1
7527,CUTS_GODREJ_HAM_STYLE,2,3345,0,8,0,0,0,0,CUTS~2#:#GODREJ~2#:#HAM~2#:#STYLE~2,1.0#:#1.0#:#1.0#:#1.0,1.0,1.0,1
7528,CUTS_GODREJ_HAM_YUMMIEZ,2,3345,0,8,0,0,0,0,CUTS~2#:#GODREJ~2#:#HAM~2#:#YUMMIEZ~2,1.0#:#1.0#:#1.0#:#1.0,1.0,1.0,1
7529,CUTS_GODREJ_SMOKE_STYLE,2,3345,0,8,0,0,0,0,CUTS~2#:#GODREJ~2#:#SMOKE~2#:#STYLE~2,1.0#:#1.0#:#1.0#:#1.0,1.0,1.0,1
7530,CUTS_GODREJ_SMOKE_YUMMIEZ,2,3345,0,8,0,0,0,0,CUTS~2#:#GODREJ~2#:#SMOKE~2#:#YUMMIEZ~2,1.0#:#1.0#:#1.0#:#1.0,1.0,1.0,1
7531,CUTS_GODREJ_STYLE_YUMMIEZ,2,3345,0,8,0,0,0,0,CUTS~2#:#GODREJ~2#:#STYLE~2#:#YUMMIEZ~2,1.0#:#1.0#:#1.0#:#1.0,1.0,1.0,1
7532,CUTS_HAM_SMOKE_YUMMIEZ,2,3345,0,8,0,0,0,0,CUTS~2#:#HAM~2#:#SMOKE~2#:#YUMMIEZ~2,1.0#:#1.0#:#1.0#:#1.0,1.0,1.0,1
7533,CUTS_HAM_STYLE_YUMMIEZ,2,3345,0,8,0,0,0,0,CUTS~2#:#HAM~2#:#STYLE~2#:#YUMMIEZ~2,1.0#:#1.0#:#1.0#:#1.0,1.0,1.0,1
7534,CUTS_HAM_READY#TO_STYLE,2,3345,0,8,0,0,0,0,CUTS~2#:#HAM~2#:#READY#TO~2#:#STYLE~2,1.0#:#1.0#:#1.0#:#1.0,1.0,1.0,1
7535,CUTS_SMOKE_STYLE_YUMMIEZ,2,3345,0,8,0,0,0,0,CUTS~2#:#SMOKE~2#:#STYLE~2#:#YUMMIEZ~2,1.0#:#1.0#:#1.0#:#1.0,1.0,1.0,1
7536,CHICKEN_CUTS_LICIOUS_WHOLE,2,3345,0,8,0,0,0,0,CHICKEN~3#:#CUTS~2#:#LICIOUS~2#:#WHOLE~2,0.67#:#1.0#:#1.0#:#1.0,1.0,0.67,0
7537,CHICKEN_DICED_GODREJ_HAM,2,3345,0,8,0,0,0,0,CHICKEN~3#:#DICED~2#:#GODREJ~2#:#HAM~2,0.67#:#1.0#:#1.0#:#1.0,1.0,0.67,0
7538,CHICKEN_DICED_GODREJ_STYLE,2,3345,0,8,0,0,0,0,CHICKEN~3#:#DICED~2#:#GODREJ~2#:#STYLE~2,0.67#:#1.0#:#1.0#:#1.0,1.0,0.67,0
7539,CHICKEN_DICED_GODREJ_YUMMIEZ,2,3345,0,8,0,0,0,0,CHICKEN~3#:#DICED~2#:#GODREJ~2#:#YUMMIEZ~2,0.67#:#1.0#:#1.0#:#1.0,1.0,0.67,0
7540,CHICKEN_DICED_HAM_STYLE,2,3345,0,8,0,0,0,0,CHICKEN~3#:#DICED~2#:#HAM~2#:#STYLE~2,0.67#:#1.0#:#1.0#:#1.0,1.0,0.67,0
7541,CHICKEN_DICED_HAM_YUMMIEZ,2,3345,0,8,0,0,0,0,CHICKEN~3#:#DICED~2#:#HAM~2#:#YUMMIEZ~2,0.67#:#1.0#:#1.0#:#1.0,1.0,0.67,0
7542,CHICKEN_DICED_STYLE_YUMMIEZ,2,3345,0,8,0,0,0,0,CHICKEN~3#:#DICED~2#:#STYLE~2#:#YUMMIEZ~2,0.67#:#1.0#:#1.0#:#1.0,1.0,0.67,0
7543,DICED_GODREJ_HAM_STYLE,2,3345,0,8,0,0,0,0,DICED~2#:#GODREJ~2#:#HAM~2#:#STYLE~2,1.0#:#1.0#:#1.0#:#1.0,1.0,1.0,1
7544,DICED_GODREJ_HAM_YUMMIEZ,2,3345,0,8,0,0,0,0,DICED~2#:#GODREJ~2#:#HAM~2#:#YUMMIEZ~2,1.0#:#1.0#:#1.0#:#1.0,1.0,1.0,1
7545,DICED_GODREJ_STYLE_YUMMIEZ,2,3345,0,8,0,0,0,0,DICED~2#:#GODREJ~2#:#STYLE~2#:#YUMMIEZ~2,1.0#:#1.0#:#1.0#:#1.0,1.0,1.0,1
7546,DICED_HAM_STYLE_YUMMIEZ,2,3345,0,8,0,0,0,0,DICED~2#:#HAM~2#:#STYLE~2#:#YUMMIEZ~2,1.0#:#1.0#:#1.0#:#1.0,1.0,1.0,1
7547,CHICKEN_COKE_HAM_STYLE,2,3345,0,8,0,0,0,0,CHICKEN~3#:#COKE~2#:#HAM~2#:#STYLE~2,0.67#:#1.0#:#1.0#:#1.0,1.0,0.67,0
7548,CHICKEN_COKE_HAM_READY#TO,2,3345,0,8,0,0,0,0,CHICKEN~3#:#COKE~2#:#HAM~2#:#READY#TO~2,0.67#:#1.0#:#1.0#:#1.0,1.0,0.67,0
7549,COKE_HAM_READY#TO_STYLE,2,3345,0,8,0,0,0,0,COKE~2#:#HAM~2#:#READY#TO~2#:#STYLE~2,1.0#:#1.0#:#1.0#:#1.0,1.0,1.0,1
7550,BONES_GOAT_LICIOUS_RICH,2,3345,0,8,0,0,0,0,BONES~2#:#GOAT~2#:#LICIOUS~2#:#RICH~2,1.0#:#1.0#:#1.0#:#1.0,1.0,1.0,1
7551,BONES_GOAT_LICIOUS_SOUR,3,3345,0,8,0,0,0,0,BONES~2#:#GOAT~2#:#LICIOUS~2#:#SOUR~2,1.5#:#1.5#:#1.5#:#1.5,1.5,1.5,1
7552,BONES_GOAT_RICH_SOUR,2,3345,0,8,0,0,0,0,BONES~2#:#GOAT~2#:#RICH~2#:#SOUR~2,1.0#:#1.0#:#1.0#:#1.0,1.0,1.0,1
7553,BONES_LICIOUS_RICH_SOUR,2,3345,0,8,0,0,0,0,BONES~2#:#LICIOUS~2#:#RICH~2#:#SOUR~2,1.0#:#1.0#:#1.0#:#1.0,1.0,1.0,1
7554,GOAT_LICIOUS_RICH_SOUR,2,3345,0,8,0,0,0,0,GOAT~2#:#LICIOUS~2#:#RICH~2#:#SOUR~2,1.0#:#1.0#:#1.0#:#1.0,1.0,1.0,1
7555,FRESH_MIX_PACK_SALAD,2,3345,2,8,0,0,0,0,FRESH~3#:#MIX~2#:#PACK~3#:#SALAD~2,0.67#:#1.0#:#0.67#:#1.0,1.0,0.67,0
7556,FRESH_READY#TO_SALAD_STYLE,2,3345,1,8,0,0,0,0,FRESH~3#:#READY#TO~2#:#SALAD~2#:#STYLE~2,0.67#:#1.0#:#1.0#:#1.0,1.0,0.67,0
7557,AND_CHEESE_CHICKEN_SNACK,3,3345,0,8,0,0,0,0,AND~2#:#CHEESE~3#:#CHICKEN~3#:#SNACK~3,1.5#:#1.0#:#1.0#:#1.0,1.5,1.0,1
7558,CHEESE_CHICKEN_FRESHLY#PREPARED_SNACK,3,3345,0,8,0,0,0,0,CHEESE~3#:#CHICKEN~3#:#FRESHLY#PREPARED~2#:#SNACK~3,1.0#:#1.0#:#1.5#:#1.0,1.5,1.0,1
7559,AND_CHEESE_CHICKEN_FRESHLY#PREPARED,4,3345,0,8,0,0,0,0,AND~2#:#CHEESE~3#:#CHICKEN~3#:#FRESHLY#PREPARED~2,2.0#:#1.33#:#1.33#:#2.0,2.0,1.33,1
7560,AND_CHEESE_FRESHLY#PREPARED_SNACK,3,3345,0,8,0,0,0,0,AND~2#:#CHEESE~3#:#FRESHLY#PREPARED~2#:#SNACK~3,1.5#:#1.0#:#1.5#:#1.0,1.5,1.0,1
7561,AND_CHICKEN_FRESHLY#PREPARED_SNACK,4,3345,0,8,0,0,0,0,AND~2#:#CHICKEN~3#:#FRESHLY#PREPARED~2#:#SNACK~3,2.0#:#1.33#:#2.0#:#1.33,2.0,1.33,1
7562,CHEESE_CHICKEN_CRACKERS_SNACK,3,3345,0,8,0,0,0,0,CHEESE~3#:#CHICKEN~3#:#CRACKERS~2#:#SNACK~3,1.0#:#1.0#:#1.5#:#1.0,1.5,1.0,1
7563,CHEESE_CHICKEN_SNACK_WITH,2,3345,1,8,0,0,0,0,CHEESE~3#:#CHICKEN~3#:#SNACK~3#:#WITH~2,0.67#:#0.67#:#0.67#:#1.0,1.0,0.67,0
7564,AND_CHICKEN_CRACKERS_SNACK,2,3345,0,8,0,0,0,0,AND~2#:#CHICKEN~3#:#CRACKERS~2#:#SNACK~3,1.0#:#0.67#:#1.0#:#0.67,1.0,0.67,0
7565,CHICKEN_CRACKERS_FRESHLY#PREPARED_SNACK,2,3345,0,8,0,0,0,0,CHICKEN~3#:#CRACKERS~2#:#FRESHLY#PREPARED~2#:#SNACK~3,0.67#:#1.0#:#1.0#:#0.67,1.0,0.67,0
7566,AND_CHICKEN_CRACKERS_FRESHLY#PREPARED,2,3345,0,8,0,0,0,0,AND~2#:#CHICKEN~3#:#CRACKERS~2#:#FRESHLY#PREPARED~2,1.0#:#0.67#:#1.0#:#1.0,1.0,0.67,0
7567,AND_CRACKERS_FRESHLY#PREPARED_SNACK,2,3345,0,8,0,0,0,0,AND~2#:#CRACKERS~2#:#FRESHLY#PREPARED~2#:#SNACK~3,1.0#:#1.0#:#1.0#:#0.67,1.0,0.67,0
7568,CHICKEN_FRESHLY#PREPARED_PIZZA_SNACK,2,3345,0,8,0,0,0,0,CHICKEN~3#:#FRESHLY#PREPARED~2#:#PIZZA~2#:#SNACK~3,0.67#:#1.0#:#1.0#:#0.67,1.0,0.67,0
7569,CHICKEN_PEPPERS_SNACK_STYLE,2,3345,0,8,0,0,0,0,CHICKEN~3#:#PEPPERS~2#:#SNACK~3#:#STYLE~2,0.67#:#1.0#:#0.67#:#1.0,1.0,0.67,0
7570,CHICKEN_PEPPERS_PIZZA_STYLE,2,3345,0,8,0,0,0,0,CHICKEN~3#:#PEPPERS~2#:#PIZZA~2#:#STYLE~2,0.67#:#1.0#:#1.0#:#1.0,1.0,0.67,0
7571,CHICKEN_FRESHLY#PREPARED_PEPPERS_PIZZA,2,3345,0,8,0,0,0,0,CHICKEN~3#:#FRESHLY#PREPARED~2#:#PEPPERS~2#:#PIZZA~2,0.67#:#1.0#:#1.0#:#1.0,1.0,0.67,0
7572,CHICKEN_FRESHLY#PREPARED_PIZZA_STYLE,2,3345,0,8,0,0,0,0,CHICKEN~3#:#FRESHLY#PREPARED~2#:#PIZZA~2#:#STYLE~2,0.67#:#1.0#:#1.0#:#1.0,1.0,0.67,0
7573,CHICKEN_FRESHLY#PREPARED_PEPPERS_STYLE,2,3345,0,8,0,0,0,0,CHICKEN~3#:#FRESHLY#PREPARED~2#:#PEPPERS~2#:#STYLE~2,0.67#:#1.0#:#1.0#:#1.0,1.0,0.67,0
7574,FRESHLY#PREPARED_PEPPERS_PIZZA_STYLE,2,3345,0,8,0,0,0,0,FRESHLY#PREPARED~2#:#PEPPERS~2#:#PIZZA~2#:#STYLE~2,1.0#:#1.0#:#1.0#:#1.0,1.0,1.0,1
7575,AND_CHICKEN_CUTS_FRESH,2,3345,1,8,0,0,0,0,AND~2#:#CHICKEN~3#:#CUTS~2#:#FRESH~3,1.0#:#0.67#:#1.0#:#0.67,1.0,0.67,0
7576,CHICKEN_CUTS_FRESH_FROZEN,3,3345,1,8,0,0,0,0,CHICKEN~3#:#CUTS~2#:#FRESH~3#:#FROZEN~2,1.0#:#1.5#:#1.0#:#1.5,1.5,1.0,1
7577,CHICKEN_CUTS_FRESH_PIECES,4,3345,1,8,0,0,0,0,CHICKEN~3#:#CUTS~2#:#FRESH~3#:#PIECES~2,1.33#:#2.0#:#1.33#:#2.0,2.0,1.33,1
7578,AND_CHICKEN_FRESH_PIECES,2,3345,1,8,0,0,0,0,AND~2#:#CHICKEN~3#:#FRESH~3#:#PIECES~2,1.0#:#0.67#:#0.67#:#1.0,1.0,0.67,0
7579,CHICKEN_FRESH_FROZEN_PIECES,3,3345,1,8,0,0,0,0,CHICKEN~3#:#FRESH~3#:#FROZEN~2#:#PIECES~2,1.0#:#1.0#:#1.5#:#1.5,1.5,1.0,1
7580,AND_CHICKEN_CUTS_PIECES,2,3345,0,8,0,0,0,0,AND~2#:#CHICKEN~3#:#CUTS~2#:#PIECES~2,1.0#:#0.67#:#1.0#:#1.0,1.0,0.67,0
7581,CHICKEN_CUTS_FROZEN_PIECES,3,3345,0,8,0,0,0,0,CHICKEN~3#:#CUTS~2#:#FROZEN~2#:#PIECES~2,1.0#:#1.5#:#1.5#:#1.5,1.5,1.0,1
7582,AND_CUTS_FRESH_PIECES,2,3345,1,8,0,0,0,0,AND~2#:#CUTS~2#:#FRESH~3#:#PIECES~2,1.0#:#1.0#:#0.67#:#1.0,1.0,0.67,0
7583,CUTS_FRESH_FROZEN_PIECES,3,3345,1,8,0,0,0,0,CUTS~2#:#FRESH~3#:#FROZEN~2#:#PIECES~2,1.5#:#1.0#:#1.5#:#1.5,1.5,1.0,1
7584,CHICKEN_FRESH_FROZEN_PACK,2,3345,2,8,0,0,0,0,CHICKEN~3#:#FRESH~3#:#FROZEN~2#:#PACK~3,0.67#:#0.67#:#1.0#:#0.67,1.0,0.67,0
7585,CHICKEN_CUTS_FRESH_PACK,2,3345,2,8,0,0,0,0,CHICKEN~3#:#CUTS~2#:#FRESH~3#:#PACK~3,0.67#:#1.0#:#0.67#:#0.67,1.0,0.67,0
7586,CHICKEN_FRESH_PACK_PIECES,2,3345,2,8,0,0,0,0,CHICKEN~3#:#FRESH~3#:#PACK~3#:#PIECES~2,0.67#:#0.67#:#0.67#:#1.0,1.0,0.67,0
7587,CHICKEN_CUTS_FROZEN_PACK,2,3345,1,8,0,0,0,0,CHICKEN~3#:#CUTS~2#:#FROZEN~2#:#PACK~3,0.67#:#1.0#:#1.0#:#0.67,1.0,0.67,0
7588,CHICKEN_FROZEN_PACK_PIECES,2,3345,1,8,0,0,0,0,CHICKEN~3#:#FROZEN~2#:#PACK~3#:#PIECES~2,0.67#:#1.0#:#0.67#:#1.0,1.0,0.67,0
7589,CHICKEN_CUTS_PACK_PIECES,3,3345,1,8,0,0,0,0,CHICKEN~3#:#CUTS~2#:#PACK~3#:#PIECES~2,1.0#:#1.5#:#1.0#:#1.5,1.5,1.0,1
7590,CHICKEN_CUTS_FROZEN_WINGS,2,3345,0,8,0,0,0,0,CHICKEN~3#:#CUTS~2#:#FROZEN~2#:#WINGS~2,0.67#:#1.0#:#1.0#:#1.0,1.0,0.67,0
7591,CUTS_FRESH_FROZEN_PACK,2,3345,2,8,0,0,0,0,CUTS~2#:#FRESH~3#:#FROZEN~2#:#PACK~3,1.0#:#0.67#:#1.0#:#0.67,1.0,0.67,0
7592,FRESH_FROZEN_PACK_PIECES,2,3345,2,8,0,0,0,0,FRESH~3#:#FROZEN~2#:#PACK~3#:#PIECES~2,0.67#:#1.0#:#0.67#:#1.0,1.0,0.67,0
7593,CUTS_FRESH_PACK_PIECES,2,3345,2,8,0,0,0,0,CUTS~2#:#FRESH~3#:#PACK~3#:#PIECES~2,1.0#:#0.67#:#0.67#:#1.0,1.0,0.67,0
7594,CUTS_FROZEN_PACK_PIECES,2,3345,1,8,0,0,0,0,CUTS~2#:#FROZEN~2#:#PACK~3#:#PIECES~2,1.0#:#1.0#:#0.67#:#1.0,1.0,0.67,0
7595,CHICKEN_FRESH_PIECES_THIGH,2,3345,1,8,0,0,0,0,CHICKEN~3#:#FRESH~3#:#PIECES~2#:#THIGH~2,0.67#:#0.67#:#1.0#:#1.0,1.0,0.67,0
7596,CHICKEN_CUTS_PACK_THIGH,2,3345,1,8,0,0,0,0,CHICKEN~3#:#CUTS~2#:#PACK~3#:#THIGH~2,0.67#:#1.0#:#0.67#:#1.0,1.0,0.67,0
7597,CHICKEN_FRESH_FROZEN_WHOLE,2,3345,1,8,0,0,0,0,CHICKEN~3#:#FRESH~3#:#FROZEN~2#:#WHOLE~2,0.67#:#0.67#:#1.0#:#1.0,1.0,0.67,0
7598,CHICKEN_FRESH_LARGE_SIZE,2,3345,1,8,0,0,0,0,CHICKEN~3#:#FRESH~3#:#LARGE~2#:#SIZE~2,0.67#:#0.67#:#1.0#:#1.0,1.0,0.67,0
7599,CHICKEN_FRESH_LARGE_WHOLE,2,3345,1,8,0,0,0,0,CHICKEN~3#:#FRESH~3#:#LARGE~2#:#WHOLE~2,0.67#:#0.67#:#1.0#:#1.0,1.0,0.67,0
7600,CHICKEN_FRESH_SIZE_WHOLE,2,3345,1,8,0,0,0,0,CHICKEN~3#:#FRESH~3#:#SIZE~2#:#WHOLE~2,0.67#:#0.67#:#1.0#:#1.0,1.0,0.67,0
7601,CHICKEN_LARGE_SIZE_WHOLE,2,3345,0,8,0,0,0,0,CHICKEN~3#:#LARGE~2#:#SIZE~2#:#WHOLE~2,0.67#:#1.0#:#1.0#:#1.0,1.0,0.67,0
7602,FRESH_LARGE_SIZE_WHOLE,2,3345,1,8,0,0,0,0,FRESH~3#:#LARGE~2#:#SIZE~2#:#WHOLE~2,0.67#:#1.0#:#1.0#:#1.0,1.0,0.67,0
7603,BACON_CHICKEN_FRESH_MEAL,2,3345,1,8,0,0,0,0,BACON~2#:#CHICKEN~3#:#FRESH~3#:#MEAL~2,1.0#:#0.67#:#0.67#:#1.0,1.0,0.67,0
7604,BACON_CHICKEN_FRESH_SLICED,4,3345,1,8,0,0,0,0,BACON~2#:#CHICKEN~3#:#FRESH~3#:#SLICED~2,2.0#:#1.33#:#1.33#:#2.0,2.0,1.33,1
7605,BACON_CHICKEN_FRESH_SMOKE,4,3345,1,8,0,0,0,0,BACON~2#:#CHICKEN~3#:#FRESH~3#:#SMOKE~2,2.0#:#1.33#:#1.33#:#2.0,2.0,1.33,1
7606,BACON_CHICKEN_FRESH_STYLE,6,3345,1,8,0,0,0,0,BACON~2#:#CHICKEN~3#:#FRESH~3#:#STYLE~2,3.0#:#2.0#:#2.0#:#3.0,3.0,2.0,1
7607,CHICKEN_FRESH_MEAL_SLICED,2,3345,1,8,0,0,0,0,CHICKEN~3#:#FRESH~3#:#MEAL~2#:#SLICED~2,0.67#:#0.67#:#1.0#:#1.0,1.0,0.67,0
7608,CHICKEN_FRESH_MEAL_SMOKE,2,3345,1,8,0,0,0,0,CHICKEN~3#:#FRESH~3#:#MEAL~2#:#SMOKE~2,0.67#:#0.67#:#1.0#:#1.0,1.0,0.67,0
7609,CHICKEN_FRESH_MEAL_STYLE,3,3345,1,8,0,0,0,0,CHICKEN~3#:#FRESH~3#:#MEAL~2#:#STYLE~2,1.0#:#1.0#:#1.5#:#1.5,1.5,1.0,1
7610,CHICKEN_FRESH_SLICED_SMOKE,3,3345,1,8,0,0,0,0,CHICKEN~3#:#FRESH~3#:#SLICED~2#:#SMOKE~2,1.0#:#1.0#:#1.5#:#1.5,1.5,1.0,1
7611,CHICKEN_FRESH_SLICED_STYLE,4,3345,1,8,0,0,0,0,CHICKEN~3#:#FRESH~3#:#SLICED~2#:#STYLE~2,1.33#:#1.33#:#2.0#:#2.0,2.0,1.33,1
7612,CHICKEN_FRESH_SMOKE_STYLE,4,3345,1,8,0,0,0,0,CHICKEN~3#:#FRESH~3#:#SMOKE~2#:#STYLE~2,1.33#:#1.33#:#2.0#:#2.0,2.0,1.33,1
7613,BACON_CHICKEN_MEAL_SLICED,2,3345,0,8,0,0,0,0,BACON~2#:#CHICKEN~3#:#MEAL~2#:#SLICED~2,1.0#:#0.67#:#1.0#:#1.0,1.0,0.67,0
7614,BACON_CHICKEN_MEAL_SMOKE,2,3345,0,8,0,0,0,0,BACON~2#:#CHICKEN~3#:#MEAL~2#:#SMOKE~2,1.0#:#0.67#:#1.0#:#1.0,1.0,0.67,0
7615,BACON_CHICKEN_MEAL_STYLE,2,3345,0,8,0,0,0,0,BACON~2#:#CHICKEN~3#:#MEAL~2#:#STYLE~2,1.0#:#0.67#:#1.0#:#1.0,1.0,0.67,0
7616,BACON_CHICKEN_SLICED_SMOKE,3,3345,0,8,0,0,0,0,BACON~2#:#CHICKEN~3#:#SLICED~2#:#SMOKE~2,1.5#:#1.0#:#1.5#:#1.5,1.5,1.0,1
7617,BACON_CHICKEN_SLICED_STYLE,4,3345,0,8,0,0,0,0,BACON~2#:#CHICKEN~3#:#SLICED~2#:#STYLE~2,2.0#:#1.33#:#2.0#:#2.0,2.0,1.33,1
7618,BACON_CHICKEN_SMOKE_STYLE,4,3345,0,8,0,0,0,0,BACON~2#:#CHICKEN~3#:#SMOKE~2#:#STYLE~2,2.0#:#1.33#:#2.0#:#2.0,2.0,1.33,1
7619,CHICKEN_MEAL_SLICED_SMOKE,2,3345,0,8,0,0,0,0,CHICKEN~3#:#MEAL~2#:#SLICED~2#:#SMOKE~2,0.67#:#1.0#:#1.0#:#1.0,1.0,0.67,0
7620,CHICKEN_MEAL_SLICED_STYLE,2,3345,0,8,0,0,0,0,CHICKEN~3#:#MEAL~2#:#SLICED~2#:#STYLE~2,0.67#:#1.0#:#1.0#:#1.0,1.0,0.67,0
7621,CHICKEN_MEAL_SMOKE_STYLE,2,3345,0,8,0,0,0,0,CHICKEN~3#:#MEAL~2#:#SMOKE~2#:#STYLE~2,0.67#:#1.0#:#1.0#:#1.0,1.0,0.67,0
7622,BACON_FRESH_MEAL_SLICED,2,3345,1,8,0,0,0,0,BACON~2#:#FRESH~3#:#MEAL~2#:#SLICED~2,1.0#:#0.67#:#1.0#:#1.0,1.0,0.67,0
7623,BACON_FRESH_MEAL_SMOKE,2,3345,1,8,0,0,0,0,BACON~2#:#FRESH~3#:#MEAL~2#:#SMOKE~2,1.0#:#0.67#:#1.0#:#1.0,1.0,0.67,0
7624,BACON_FRESH_MEAL_STYLE,2,3345,1,8,0,0,0,0,BACON~2#:#FRESH~3#:#MEAL~2#:#STYLE~2,1.0#:#0.67#:#1.0#:#1.0,1.0,0.67,0
7625,BACON_FRESH_SLICED_SMOKE,3,3345,1,8,0,0,0,0,BACON~2#:#FRESH~3#:#SLICED~2#:#SMOKE~2,1.5#:#1.0#:#1.5#:#1.5,1.5,1.0,1
7626,BACON_FRESH_SLICED_STYLE,4,3345,1,8,0,0,0,0,BACON~2#:#FRESH~3#:#SLICED~2#:#STYLE~2,2.0#:#1.33#:#2.0#:#2.0,2.0,1.33,1
7627,BACON_FRESH_SMOKE_STYLE,4,3345,1,8,0,0,0,0,BACON~2#:#FRESH~3#:#SMOKE~2#:#STYLE~2,2.0#:#1.33#:#2.0#:#2.0,2.0,1.33,1
7628,FRESH_MEAL_SLICED_SMOKE,2,3345,1,8,0,0,0,0,FRESH~3#:#MEAL~2#:#SLICED~2#:#SMOKE~2,0.67#:#1.0#:#1.0#:#1.0,1.0,0.67,0
7629,FRESH_MEAL_SLICED_STYLE,2,3345,1,8,0,0,0,0,FRESH~3#:#MEAL~2#:#SLICED~2#:#STYLE~2,0.67#:#1.0#:#1.0#:#1.0,1.0,0.67,0
7630,FRESH_MEAL_SMOKE_STYLE,2,3345,1,8,0,0,0,0,FRESH~3#:#MEAL~2#:#SMOKE~2#:#STYLE~2,0.67#:#1.0#:#1.0#:#1.0,1.0,0.67,0
7631,FRESH_SLICED_SMOKE_STYLE,3,3345,1,8,0,0,0,0,FRESH~3#:#SLICED~2#:#SMOKE~2#:#STYLE~2,1.0#:#1.5#:#1.5#:#1.5,1.5,1.0,1
7632,BACON_MEAL_SLICED_SMOKE,2,3345,0,8,0,0,0,0,BACON~2#:#MEAL~2#:#SLICED~2#:#SMOKE~2,1.0#:#1.0#:#1.0#:#1.0,1.0,1.0,1
7633,BACON_MEAL_SLICED_STYLE,2,3345,0,8,0,0,0,0,BACON~2#:#MEAL~2#:#SLICED~2#:#STYLE~2,1.0#:#1.0#:#1.0#:#1.0,1.0,1.0,1
7634,BACON_MEAL_SMOKE_STYLE,2,3345,0,8,0,0,0,0,BACON~2#:#MEAL~2#:#SMOKE~2#:#STYLE~2,1.0#:#1.0#:#1.0#:#1.0,1.0,1.0,1
7635,BACON_SLICED_SMOKE_STYLE,3,3345,0,8,0,0,0,0,BACON~2#:#SLICED~2#:#SMOKE~2#:#STYLE~2,1.5#:#1.5#:#1.5#:#1.5,1.5,1.5,1
7636,MEAL_SLICED_SMOKE_STYLE,2,3345,0,8,0,0,0,0,MEAL~2#:#SLICED~2#:#SMOKE~2#:#STYLE~2,1.0#:#1.0#:#1.0#:#1.0,1.0,1.0,1
7637,CHICKEN_FLAVOUR_PEPPERS_STYLE,2,3345,1,8,0,0,0,0,CHICKEN~3#:#FLAVOUR~3#:#PEPPERS~2#:#STYLE~2,0.67#:#0.67#:#1.0#:#1.0,1.0,0.67,0
7638,BONELESS_BREAST_CHICKEN_CUBES,2,3345,0,8,0,0,0,0,BONELESS~2#:#BREAST~2#:#CHICKEN~3#:#CUBES~2,1.0#:#1.0#:#0.67#:#1.0,1.0,0.67,0
7639,BONELESS_BREAST_CHICKEN_FROZEN,2,3345,0,8,0,0,0,0,BONELESS~2#:#BREAST~2#:#CHICKEN~3#:#FROZEN~2,1.0#:#1.0#:#0.67#:#1.0,1.0,0.67,0
7640,CHICKEN_GODREJ_GOOD_REAL,9,3345,0,8,0,0,0,0,CHICKEN~3#:#GODREJ~2#:#GOOD~2#:#REAL~2,3.0#:#4.5#:#4.5#:#4.5,4.5,3.0,1
7641,CHEF#ITC#MASTER_FAMILY_PACK_POTATO,2,3345,1,8,0,0,0,0,CHEF#ITC#MASTER~2#:#FAMILY~2#:#PACK~3#:#POTATO~2,1.0#:#1.0#:#0.67#:#1.0,1.0,0.67,0
7642,AND_POTATO_ROASTED_WITH,2,3345,1,8,0,0,0,0,AND~2#:#POTATO~2#:#ROASTED~2#:#WITH~2,1.0#:#1.0#:#1.0#:#1.0,1.0,1.0,1
7643,AND_CHEF#ITC#MASTER_POTATO_ROASTED,2,3345,0,8,0,0,0,0,AND~2#:#CHEF#ITC#MASTER~2#:#POTATO~2#:#ROASTED~2,1.0#:#1.0#:#1.0#:#1.0,1.0,1.0,1
7644,AND_CHEF#ITC#MASTER_POTATO_WITH,2,3345,1,8,0,0,0,0,AND~2#:#CHEF#ITC#MASTER~2#:#POTATO~2#:#WITH~2,1.0#:#1.0#:#1.0#:#1.0,1.0,1.0,1
7645,AND_CHEF#ITC#MASTER_ROASTED_WITH,2,3345,1,8,0,0,0,0,AND~2#:#CHEF#ITC#MASTER~2#:#ROASTED~2#:#WITH~2,1.0#:#1.0#:#1.0#:#1.0,1.0,1.0,1
7646,CHEF#ITC#MASTER_POTATO_ROASTED_WITH,2,3345,1,8,0,0,0,0,CHEF#ITC#MASTER~2#:#POTATO~2#:#ROASTED~2#:#WITH~2,1.0#:#1.0#:#1.0#:#1.0,1.0,1.0,1
7647,CHEF#ITC#MASTER_GARLIC_POTATO_ROASTED,2,3345,0,8,0,0,0,0,CHEF#ITC#MASTER~2#:#GARLIC~2#:#POTATO~2#:#ROASTED~2,1.0#:#1.0#:#1.0#:#1.0,1.0,1.0,1
7648,CHICKEN_GODREJ_GRAM_PACK,7,3345,1,8,0,0,0,0,CHICKEN~3#:#GODREJ~2#:#GRAM~2#:#PACK~3,2.33#:#3.5#:#3.5#:#2.33,3.5,2.33,1
7649,CHICKEN_GRAM_PACK_YUMMIEZ,7,3345,1,8,0,0,0,0,CHICKEN~3#:#GRAM~2#:#PACK~3#:#YUMMIEZ~2,2.33#:#3.5#:#2.33#:#3.5,3.5,2.33,1
7650,CHICKEN_GODREJ_GRAM_YUMMIEZ,7,3345,0,8,0,0,0,0,CHICKEN~3#:#GODREJ~2#:#GRAM~2#:#YUMMIEZ~2,2.33#:#3.5#:#3.5#:#3.5,3.5,2.33,1
7651,GODREJ_GRAM_PACK_YUMMIEZ,7,3345,1,8,0,0,0,0,GODREJ~2#:#GRAM~2#:#PACK~3#:#YUMMIEZ~2,3.5#:#3.5#:#2.33#:#3.5,3.5,2.33,1
7652,CHEF#ITC#MASTER_CHICKEN_GRAM_PACK,3,3345,1,8,0,0,0,0,CHEF#ITC#MASTER~2#:#CHICKEN~3#:#GRAM~2#:#PACK~3,1.5#:#1.0#:#1.5#:#1.0,1.5,1.0,1
7653,BONELESS_CHICKEN_GRAM_PACK,9,3345,1,8,0,0,0,0,BONELESS~2#:#CHICKEN~3#:#GRAM~2#:#PACK~3,4.5#:#3.0#:#4.5#:#3.0,4.5,3.0,1
7654,BONELESS_CHICKEN_LICIOUS_PACK,2,3345,1,8,0,0,0,0,BONELESS~2#:#CHICKEN~3#:#LICIOUS~2#:#PACK~3,1.0#:#0.67#:#1.0#:#0.67,1.0,0.67,0
7655,BONELESS_BREAST_CHICKEN_PACK,5,3345,1,8,0,0,0,0,BONELESS~2#:#BREAST~2#:#CHICKEN~3#:#PACK~3,2.5#:#2.5#:#1.67#:#1.67,2.5,1.67,1
7656,CHICKEN_GRAM_LICIOUS_PACK,3,3345,1,8,0,0,0,0,CHICKEN~3#:#GRAM~2#:#LICIOUS~2#:#PACK~3,1.0#:#1.5#:#1.5#:#1.0,1.5,1.0,1
7657,BREAST_CHICKEN_GRAM_PACK,6,3345,1,8,0,0,0,0,BREAST~2#:#CHICKEN~3#:#GRAM~2#:#PACK~3,3.0#:#2.0#:#3.0#:#2.0,3.0,2.0,1
7658,BREAST_CHICKEN_LICIOUS_PACK,2,3345,1,8,0,0,0,0,BREAST~2#:#CHICKEN~3#:#LICIOUS~2#:#PACK~3,1.0#:#0.67#:#1.0#:#0.67,1.0,0.67,0
7659,BONELESS_CHICKEN_GRAM_LICIOUS,2,3345,0,8,0,0,0,0,BONELESS~2#:#CHICKEN~3#:#GRAM~2#:#LICIOUS~2,1.0#:#0.67#:#1.0#:#1.0,1.0,0.67,0
7660,BONELESS_BREAST_CHICKEN_GRAM,5,3345,0,8,0,0,0,0,BONELESS~2#:#BREAST~2#:#CHICKEN~3#:#GRAM~2,2.5#:#2.5#:#1.67#:#2.5,2.5,1.67,1
7661,BREAST_CHICKEN_GRAM_LICIOUS,2,3345,0,8,0,0,0,0,BREAST~2#:#CHICKEN~3#:#GRAM~2#:#LICIOUS~2,1.0#:#0.67#:#1.0#:#1.0,1.0,0.67,0
7662,BONELESS_GRAM_LICIOUS_PACK,2,3345,1,8,0,0,0,0,BONELESS~2#:#GRAM~2#:#LICIOUS~2#:#PACK~3,1.0#:#1.0#:#1.0#:#0.67,1.0,0.67,0
7663,BONELESS_BREAST_GRAM_PACK,5,3345,1,8,0,0,0,0,BONELESS~2#:#BREAST~2#:#GRAM~2#:#PACK~3,2.5#:#2.5#:#2.5#:#1.67,2.5,1.67,1
7664,BONELESS_BREAST_LICIOUS_PACK,2,3345,1,8,0,0,0,0,BONELESS~2#:#BREAST~2#:#LICIOUS~2#:#PACK~3,1.0#:#1.0#:#1.0#:#0.67,1.0,0.67,0
7665,BREAST_GRAM_LICIOUS_PACK,2,3345,1,8,0,0,0,0,BREAST~2#:#GRAM~2#:#LICIOUS~2#:#PACK~3,1.0#:#1.0#:#1.0#:#0.67,1.0,0.67,0
7666,BONELESS_BREAST_GRAM_LICIOUS,2,3345,0,8,0,0,0,0,BONELESS~2#:#BREAST~2#:#GRAM~2#:#LICIOUS~2,1.0#:#1.0#:#1.0#:#1.0,1.0,1.0,1
7667,CURRY_CUTS_GRAM_PACK,3,3345,1,8,0,0,0,0,CURRY~2#:#CUTS~2#:#GRAM~2#:#PACK~3,1.5#:#1.5#:#1.5#:#1.0,1.5,1.0,1
7668,CHICKEN_GRAM_PACK_THIGH,4,3345,1,8,0,0,0,0,CHICKEN~3#:#GRAM~2#:#PACK~3#:#THIGH~2,1.33#:#2.0#:#1.33#:#2.0,2.0,1.33,1
7669,BONELESS_CHICKEN_PACK_THIGH,4,3345,1,8,0,0,0,0,BONELESS~2#:#CHICKEN~3#:#PACK~3#:#THIGH~2,2.0#:#1.33#:#1.33#:#2.0,2.0,1.33,1
7670,BONELESS_CHICKEN_GRAM_THIGH,4,3345,0,8,0,0,0,0,BONELESS~2#:#CHICKEN~3#:#GRAM~2#:#THIGH~2,2.0#:#1.33#:#2.0#:#2.0,2.0,1.33,1
7671,BONELESS_GRAM_PACK_THIGH,4,3345,1,8,0,0,0,0,BONELESS~2#:#GRAM~2#:#PACK~3#:#THIGH~2,2.0#:#2.0#:#1.33#:#2.0,2.0,1.33,1
7672,BONELESS_CHICKEN_CUTS_PACK,2,3345,1,8,0,0,0,0,BONELESS~2#:#CHICKEN~3#:#CUTS~2#:#PACK~3,1.0#:#0.67#:#1.0#:#0.67,1.0,0.67,0
7673,BONELESS_CHICKEN_FILLET_PACK,3,3345,1,8,0,0,0,0,BONELESS~2#:#CHICKEN~3#:#FILLET~2#:#PACK~3,1.5#:#1.0#:#1.5#:#1.0,1.5,1.0,1
7674,BONELESS_CHICKEN_PACK_THIN,2,3345,1,8,0,0,0,0,BONELESS~2#:#CHICKEN~3#:#PACK~3#:#THIN~2,1.0#:#0.67#:#0.67#:#1.0,1.0,0.67,0
7675,CHICKEN_CUTS_FILLET_PACK,2,3345,1,8,0,0,0,0,CHICKEN~3#:#CUTS~2#:#FILLET~2#:#PACK~3,0.67#:#1.0#:#1.0#:#0.67,1.0,0.67,0
7676,CHICKEN_CUTS_GRAM_PACK,5,3345,1,8,0,0,0,0,CHICKEN~3#:#CUTS~2#:#GRAM~2#:#PACK~3,1.67#:#2.5#:#2.5#:#1.67,2.5,1.67,1
7677,BREAST_CHICKEN_CUTS_PACK,2,3345,1,8,0,0,0,0,BREAST~2#:#CHICKEN~3#:#CUTS~2#:#PACK~3,1.0#:#0.67#:#1.0#:#0.67,1.0,0.67,0
7678,CHICKEN_CUTS_PACK_THIN,3,3345,1,8,0,0,0,0,CHICKEN~3#:#CUTS~2#:#PACK~3#:#THIN~2,1.0#:#1.5#:#1.0#:#1.5,1.5,1.0,1
7679,CHICKEN_FILLET_GRAM_PACK,4,3345,1,8,0,0,0,0,CHICKEN~3#:#FILLET~2#:#GRAM~2#:#PACK~3,1.33#:#2.0#:#2.0#:#1.33,2.0,1.33,1
7680,BREAST_CHICKEN_FILLET_PACK,3,3345,1,8,0,0,0,0,BREAST~2#:#CHICKEN~3#:#FILLET~2#:#PACK~3,1.5#:#1.0#:#1.5#:#1.0,1.5,1.0,1
7681,CHICKEN_FILLET_PACK_THIN,2,3345,1,8,0,0,0,0,CHICKEN~3#:#FILLET~2#:#PACK~3#:#THIN~2,0.67#:#1.0#:#0.67#:#1.0,1.0,0.67,0
7682,CHICKEN_GRAM_PACK_THIN,3,3345,1,8,0,0,0,0,CHICKEN~3#:#GRAM~2#:#PACK~3#:#THIN~2,1.0#:#1.5#:#1.0#:#1.5,1.5,1.0,1
7683,BREAST_CHICKEN_PACK_THIN,2,3345,1,8,0,0,0,0,BREAST~2#:#CHICKEN~3#:#PACK~3#:#THIN~2,1.0#:#0.67#:#0.67#:#1.0,1.0,0.67,0
7684,BONELESS_CHICKEN_CUTS_GRAM,2,3345,0,8,0,0,0,0,BONELESS~2#:#CHICKEN~3#:#CUTS~2#:#GRAM~2,1.0#:#0.67#:#1.0#:#1.0,1.0,0.67,0
7685,BONELESS_CHICKEN_CUTS_THIN,2,3345,0,8,0,0,0,0,BONELESS~2#:#CHICKEN~3#:#CUTS~2#:#THIN~2,1.0#:#0.67#:#1.0#:#1.0,1.0,0.67,0
7686,BONELESS_CHICKEN_FILLET_GRAM,3,3345,0,8,0,0,0,0,BONELESS~2#:#CHICKEN~3#:#FILLET~2#:#GRAM~2,1.5#:#1.0#:#1.5#:#1.5,1.5,1.0,1
7687,BONELESS_BREAST_CHICKEN_FILLET,4,3345,0,8,0,0,0,0,BONELESS~2#:#BREAST~2#:#CHICKEN~3#:#FILLET~2,2.0#:#2.0#:#1.33#:#2.0,2.0,1.33,1
7688,BONELESS_CHICKEN_GRAM_THIN,2,3345,0,8,0,0,0,0,BONELESS~2#:#CHICKEN~3#:#GRAM~2#:#THIN~2,1.0#:#0.67#:#1.0#:#1.0,1.0,0.67,0
7689,CHICKEN_CUTS_FILLET_GRAM,2,3345,0,8,0,0,0,0,CHICKEN~3#:#CUTS~2#:#FILLET~2#:#GRAM~2,0.67#:#1.0#:#1.0#:#1.0,1.0,0.67,0
7690,BREAST_CHICKEN_CUTS_FILLET,2,3345,0,8,0,0,0,0,BREAST~2#:#CHICKEN~3#:#CUTS~2#:#FILLET~2,1.0#:#0.67#:#1.0#:#1.0,1.0,0.67,0
7691,CHICKEN_CUTS_FILLET_THIN,2,3345,0,8,0,0,0,0,CHICKEN~3#:#CUTS~2#:#FILLET~2#:#THIN~2,0.67#:#1.0#:#1.0#:#1.0,1.0,0.67,0
7692,BREAST_CHICKEN_CUTS_GRAM,2,3345,0,8,0,0,0,0,BREAST~2#:#CHICKEN~3#:#CUTS~2#:#GRAM~2,1.0#:#0.67#:#1.0#:#1.0,1.0,0.67,0
7693,CHICKEN_CUTS_GRAM_THIN,3,3345,0,8,0,0,0,0,CHICKEN~3#:#CUTS~2#:#GRAM~2#:#THIN~2,1.0#:#1.5#:#1.5#:#1.5,1.5,1.0,1
7694,BREAST_CHICKEN_CUTS_THIN,3,3345,0,8,0,0,0,0,BREAST~2#:#CHICKEN~3#:#CUTS~2#:#THIN~2,1.5#:#1.0#:#1.5#:#1.5,1.5,1.0,1
7695,BREAST_CHICKEN_FILLET_GRAM,3,3345,0,8,0,0,0,0,BREAST~2#:#CHICKEN~3#:#FILLET~2#:#GRAM~2,1.5#:#1.0#:#1.5#:#1.5,1.5,1.0,1
7696,CHICKEN_FILLET_GRAM_THIN,2,3345,0,8,0,0,0,0,CHICKEN~3#:#FILLET~2#:#GRAM~2#:#THIN~2,0.67#:#1.0#:#1.0#:#1.0,1.0,0.67,0
7697,BREAST_CHICKEN_FILLET_THIN,2,3345,0,8,0,0,0,0,BREAST~2#:#CHICKEN~3#:#FILLET~2#:#THIN~2,1.0#:#0.67#:#1.0#:#1.0,1.0,0.67,0
7698,BREAST_CHICKEN_GRAM_THIN,2,3345,0,8,0,0,0,0,BREAST~2#:#CHICKEN~3#:#GRAM~2#:#THIN~2,1.0#:#0.67#:#1.0#:#1.0,1.0,0.67,0
7699,BONELESS_CUTS_GRAM_PACK,2,3345,1,8,0,0,0,0,BONELESS~2#:#CUTS~2#:#GRAM~2#:#PACK~3,1.0#:#1.0#:#1.0#:#0.67,1.0,0.67,0
7700,BONELESS_CUTS_PACK_THIN,2,3345,1,8,0,0,0,0,BONELESS~2#:#CUTS~2#:#PACK~3#:#THIN~2,1.0#:#1.0#:#0.67#:#1.0,1.0,0.67,0
7701,BONELESS_FILLET_GRAM_PACK,3,3345,1,8,0,0,0,0,BONELESS~2#:#FILLET~2#:#GRAM~2#:#PACK~3,1.5#:#1.5#:#1.5#:#1.0,1.5,1.0,1
7702,BONELESS_BREAST_FILLET_PACK,2,3345,1,8,0,0,0,0,BONELESS~2#:#BREAST~2#:#FILLET~2#:#PACK~3,1.0#:#1.0#:#1.0#:#0.67,1.0,0.67,0
7703,BONELESS_GRAM_PACK_THIN,2,3345,1,8,0,0,0,0,BONELESS~2#:#GRAM~2#:#PACK~3#:#THIN~2,1.0#:#1.0#:#0.67#:#1.0,1.0,0.67,0
7704,CUTS_FILLET_GRAM_PACK,2,3345,1,8,0,0,0,0,CUTS~2#:#FILLET~2#:#GRAM~2#:#PACK~3,1.0#:#1.0#:#1.0#:#0.67,1.0,0.67,0
7705,BREAST_CUTS_FILLET_PACK,2,3345,1,8,0,0,0,0,BREAST~2#:#CUTS~2#:#FILLET~2#:#PACK~3,1.0#:#1.0#:#1.0#:#0.67,1.0,0.67,0
7706,CUTS_FILLET_PACK_THIN,2,3345,1,8,0,0,0,0,CUTS~2#:#FILLET~2#:#PACK~3#:#THIN~2,1.0#:#1.0#:#0.67#:#1.0,1.0,0.67,0
7707,BREAST_CUTS_GRAM_PACK,2,3345,1,8,0,0,0,0,BREAST~2#:#CUTS~2#:#GRAM~2#:#PACK~3,1.0#:#1.0#:#1.0#:#0.67,1.0,0.67,0
7708,CUTS_GRAM_PACK_THIN,3,3345,1,8,0,0,0,0,CUTS~2#:#GRAM~2#:#PACK~3#:#THIN~2,1.5#:#1.5#:#1.0#:#1.5,1.5,1.0,1
7709,BREAST_CUTS_PACK_THIN,2,3345,1,8,0,0,0,0,BREAST~2#:#CUTS~2#:#PACK~3#:#THIN~2,1.0#:#1.0#:#0.67#:#1.0,1.0,0.67,0
7710,BREAST_FILLET_GRAM_PACK,3,3345,1,8,0,0,0,0,BREAST~2#:#FILLET~2#:#GRAM~2#:#PACK~3,1.5#:#1.5#:#1.5#:#1.0,1.5,1.0,1
7711,FILLET_GRAM_PACK_THIN,2,3345,1,8,0,0,0,0,FILLET~2#:#GRAM~2#:#PACK~3#:#THIN~2,1.0#:#1.0#:#0.67#:#1.0,1.0,0.67,0
7712,BREAST_FILLET_PACK_THIN,2,3345,1,8,0,0,0,0,BREAST~2#:#FILLET~2#:#PACK~3#:#THIN~2,1.0#:#1.0#:#0.67#:#1.0,1.0,0.67,0
7713,BREAST_GRAM_PACK_THIN,2,3345,1,8,0,0,0,0,BREAST~2#:#GRAM~2#:#PACK~3#:#THIN~2,1.0#:#1.0#:#0.67#:#1.0,1.0,0.67,0
7714,BONELESS_CUTS_GRAM_THIN,2,3345,0,8,0,0,0,0,BONELESS~2#:#CUTS~2#:#GRAM~2#:#THIN~2,1.0#:#1.0#:#1.0#:#1.0,1.0,1.0,1
7715,BONELESS_BREAST_FILLET_GRAM,2,3345,0,8,0,0,0,0,BONELESS~2#:#BREAST~2#:#FILLET~2#:#GRAM~2,1.0#:#1.0#:#1.0#:#1.0,1.0,1.0,1
7716,BREAST_CUTS_FILLET_GRAM,2,3345,0,8,0,0,0,0,BREAST~2#:#CUTS~2#:#FILLET~2#:#GRAM~2,1.0#:#1.0#:#1.0#:#1.0,1.0,1.0,1
7717,CUTS_FILLET_GRAM_THIN,2,3345,0,8,0,0,0,0,CUTS~2#:#FILLET~2#:#GRAM~2#:#THIN~2,1.0#:#1.0#:#1.0#:#1.0,1.0,1.0,1
7718,BREAST_CUTS_FILLET_THIN,2,3345,0,8,0,0,0,0,BREAST~2#:#CUTS~2#:#FILLET~2#:#THIN~2,1.0#:#1.0#:#1.0#:#1.0,1.0,1.0,1
7719,BREAST_CUTS_GRAM_THIN,2,3345,0,8,0,0,0,0,BREAST~2#:#CUTS~2#:#GRAM~2#:#THIN~2,1.0#:#1.0#:#1.0#:#1.0,1.0,1.0,1
7720,BREAST_FILLET_GRAM_THIN,2,3345,0,8,0,0,0,0,BREAST~2#:#FILLET~2#:#GRAM~2#:#THIN~2,1.0#:#1.0#:#1.0#:#1.0,1.0,1.0,1
7721,CHICKEN_CURRY_CUTS_PACK,3,3345,1,8,0,0,0,0,CHICKEN~3#:#CURRY~2#:#CUTS~2#:#PACK~3,1.0#:#1.5#:#1.5#:#1.0,1.5,1.0,1
7722,CHICKEN_CURRY_CUTS_WHOLE,2,3345,0,8,0,0,0,0,CHICKEN~3#:#CURRY~2#:#CUTS~2#:#WHOLE~2,0.67#:#1.0#:#1.0#:#1.0,1.0,0.67,0
7723,CHICKEN_CURRY_GRAM_PACK,2,3345,1,8,0,0,0,0,CHICKEN~3#:#CURRY~2#:#GRAM~2#:#PACK~3,0.67#:#1.0#:#1.0#:#0.67,1.0,0.67,0
7724,CHICKEN_GRAM_PACK_PIECES,2,3345,1,8,0,0,0,0,CHICKEN~3#:#GRAM~2#:#PACK~3#:#PIECES~2,0.67#:#1.0#:#0.67#:#1.0,1.0,0.67,0
7725,CHICKEN_CURRY_CUTS_GRAM,2,3345,0,8,0,0,0,0,CHICKEN~3#:#CURRY~2#:#CUTS~2#:#GRAM~2,0.67#:#1.0#:#1.0#:#1.0,1.0,0.67,0
7726,GRAM_MASALA_PACK_SEASONING,2,3345,1,8,0,0,0,0,GRAM~2#:#MASALA~2#:#PACK~3#:#SEASONING~2,1.0#:#1.0#:#0.67#:#1.0,1.0,0.67,0
7727,BURGER_CHICKEN_GODREJ_PACK,2,3345,1,8,0,0,0,0,BURGER~2#:#CHICKEN~3#:#GODREJ~2#:#PACK~3,1.0#:#0.67#:#1.0#:#0.67,1.0,0.67,0
7728,BURGER_CHICKEN_GRAM_PACK,3,3345,1,8,0,0,0,0,BURGER~2#:#CHICKEN~3#:#GRAM~2#:#PACK~3,1.5#:#1.0#:#1.5#:#1.0,1.5,1.0,1
7729,BURGER_CHICKEN_PACK_YUMMIEZ,2,3345,1,8,0,0,0,0,BURGER~2#:#CHICKEN~3#:#PACK~3#:#YUMMIEZ~2,1.0#:#0.67#:#0.67#:#1.0,1.0,0.67,0
7730,BURGER_CHICKEN_GODREJ_GRAM,2,3345,0,8,0,0,0,0,BURGER~2#:#CHICKEN~3#:#GODREJ~2#:#GRAM~2,1.0#:#0.67#:#1.0#:#1.0,1.0,0.67,0
7731,BURGER_CHICKEN_GRAM_YUMMIEZ,2,3345,0,8,0,0,0,0,BURGER~2#:#CHICKEN~3#:#GRAM~2#:#YUMMIEZ~2,1.0#:#0.67#:#1.0#:#1.0,1.0,0.67,0
7732,BURGER_GODREJ_GRAM_PACK,2,3345,1,8,0,0,0,0,BURGER~2#:#GODREJ~2#:#GRAM~2#:#PACK~3,1.0#:#1.0#:#1.0#:#0.67,1.0,0.67,0
7733,BURGER_GODREJ_PACK_YUMMIEZ,2,3345,1,8,0,0,0,0,BURGER~2#:#GODREJ~2#:#PACK~3#:#YUMMIEZ~2,1.0#:#1.0#:#0.67#:#1.0,1.0,0.67,0
7734,BURGER_GRAM_PACK_YUMMIEZ,2,3345,1,8,0,0,0,0,BURGER~2#:#GRAM~2#:#PACK~3#:#YUMMIEZ~2,1.0#:#1.0#:#0.67#:#1.0,1.0,0.67,0
7735,BURGER_GODREJ_GRAM_YUMMIEZ,2,3345,0,8,0,0,0,0,BURGER~2#:#GODREJ~2#:#GRAM~2#:#YUMMIEZ~2,1.0#:#1.0#:#1.0#:#1.0,1.0,1.0,1
7736,CHICKEN_GODREJ_GOOD_SAUSAGE,3,3345,0,8,0,0,0,0,CHICKEN~3#:#GODREJ~2#:#GOOD~2#:#SAUSAGE~2,1.0#:#1.5#:#1.5#:#1.5,1.5,1.0,1
7737,CHICKEN_GODREJ_REAL_SAUSAGE,3,3345,0,8,0,0,0,0,CHICKEN~3#:#GODREJ~2#:#REAL~2#:#SAUSAGE~2,1.0#:#1.5#:#1.5#:#1.5,1.5,1.0,1
7738,CHICKEN_GOOD_REAL_SAUSAGE,3,3345,0,8,0,0,0,0,CHICKEN~3#:#GOOD~2#:#REAL~2#:#SAUSAGE~2,1.0#:#1.5#:#1.5#:#1.5,1.5,1.0,1
7739,GODREJ_GOOD_REAL_SAUSAGE,3,3345,0,8,0,0,0,0,GODREJ~2#:#GOOD~2#:#REAL~2#:#SAUSAGE~2,1.5#:#1.5#:#1.5#:#1.5,1.5,1.5,1
7740,CHICKEN_GODREJ_GOOD_SALAMI,4,3345,0,8,0,0,0,0,CHICKEN~3#:#GODREJ~2#:#GOOD~2#:#SALAMI~2,1.33#:#2.0#:#2.0#:#2.0,2.0,1.33,1
7741,CHICKEN_GODREJ_REAL_SALAMI,4,3345,0,8,0,0,0,0,CHICKEN~3#:#GODREJ~2#:#REAL~2#:#SALAMI~2,1.33#:#2.0#:#2.0#:#2.0,2.0,1.33,1
7742,CHICKEN_GOOD_REAL_SALAMI,4,3345,0,8,0,0,0,0,CHICKEN~3#:#GOOD~2#:#REAL~2#:#SALAMI~2,1.33#:#2.0#:#2.0#:#2.0,2.0,1.33,1
7743,GODREJ_GOOD_REAL_SALAMI,4,3345,0,8,0,0,0,0,GODREJ~2#:#GOOD~2#:#REAL~2#:#SALAMI~2,2.0#:#2.0#:#2.0#:#2.0,2.0,2.0,1
7744,CHICKEN_CURRY_CUTS_LICIOUS,3,3345,0,8,0,0,0,0,CHICKEN~3#:#CURRY~2#:#CUTS~2#:#LICIOUS~2,1.0#:#1.5#:#1.5#:#1.5,1.5,1.0,1
7745,BREAST_CHICKEN_CUTS_PRASUMA,2,3345,0,8,0,0,0,0,BREAST~2#:#CHICKEN~3#:#CUTS~2#:#PRASUMA~2,1.0#:#0.67#:#1.0#:#1.0,1.0,0.67,0
7746,BONELESS_CHICKEN_CUBES_LICIOUS,2,3345,0,8,0,0,0,0,BONELESS~2#:#CHICKEN~3#:#CUBES~2#:#LICIOUS~2,1.0#:#0.67#:#1.0#:#1.0,1.0,0.67,0
7747,CHICKEN_LICIOUS_PEPPERS_SAUSAGE,2,3345,0,8,0,0,0,0,CHICKEN~3#:#LICIOUS~2#:#PEPPERS~2#:#SAUSAGE~2,0.67#:#1.0#:#1.0#:#1.0,1.0,0.67,0
7748,CHICKEN_LICIOUS_SAUSAGE_SMOKE,2,3345,0,8,0,0,0,0,CHICKEN~3#:#LICIOUS~2#:#SAUSAGE~2#:#SMOKE~2,0.67#:#1.0#:#1.0#:#1.0,1.0,0.67,0
7749,CHICKEN_PRASUMA_SAUSAGE_SMOKE,2,3345,0,8,0,0,0,0,CHICKEN~3#:#PRASUMA~2#:#SAUSAGE~2#:#SMOKE~2,0.67#:#1.0#:#1.0#:#1.0,1.0,0.67,0
7750,CHICKEN_PRASUMA_SAUSAGE_SPICY,2,3345,0,8,0,0,0,0,CHICKEN~3#:#PRASUMA~2#:#SAUSAGE~2#:#SPICY~2,0.67#:#1.0#:#1.0#:#1.0,1.0,0.67,0
7751,BONELESS_BREAST_CHICKEN_PREMIUM,2,3345,0,8,0,0,0,0,BONELESS~2#:#BREAST~2#:#CHICKEN~3#:#PREMIUM~2,1.0#:#1.0#:#0.67#:#1.0,1.0,0.67,0
