product_id,new_product_dsc,product_dsc,dept_nm
10438,CRACKERS GRAM ORIGINAL PACK RITZ,RITZ ORIGINAL CRACKERS 150 GRAM PACK,GROCERY
10434,ALMOND COOKIES CRANBERRY GRAM PACK UNIBIC,UNIBIC CRANBERRY ALMOND COOKIES 150 GRAM PACK,GROCERY
10435,BRITANNIA BUTTER COOKIES CREAMY DAY GOOD GRAM PACK,BRITANNIA GOOD DAY CREAMY BUTTER COOKIES 75 GRAM PACK,GROCERY
10436,BRITANNIA CASHEW COOKIES DAY GOOD,BRITANNIA GOOD DAY CASHEW COOKIES,GROCERY
10437,BRITANNIA HEARTS LITTLE,BRITANNIA LITTLE HEARTS,GROCERY
10438,CRACKERS GRAM ORIGINAL PACK RITZ,RITZ ORIGINAL CRACKERS 150 GRAM PACK,GROCERY
10439,CRACKERS FARM GOLDFISH GRAM PACK PEPPERIDGE PIZZA,PEPPERIDGE FARM GOLDFISH PIZZA CRACKERS 180 GRAM PACK,GROCERY
10440,BUTTER CAKES CORN FLAVOUR GRAM PACK QUAKER,QUAKER CORN CAKES BUTTER FLAVOUR 100 GRAM PACK,GROCERY
10441,BUTTER COOKIES NUTTER PEANUT SANDWICH,NUTTER BUTTER PEANUT BUTTER SANDWICH COOKIES,GROCERY
10442,BRITANNIA CLASSIC CRACKERS LITTLE,BRITANNIA LITTLE CRACKERS CLASSIC,GROCERY
10143,BISLERI BOTTLE DRINKING ML PACKAGED WATER,BISLERI PACKAGED DRINKING WATER BOTTLE 500 ML,GROCERY
10929,ALKALINE DRINKING HIMALAYAN MINERAL NATURAL WATER,HIMALAYAN NATURAL MINERAL WATER ALKALINE DRINKING WATER,GROCERY
10930,COFFEE DOUBLE DRINK ESPRESSO   SHOT   OWL#SLEEPY READY#TO,SLEEPY OWL DOUBLE SHOT ESPRESSO READY TO DRINK COFFEE,GROCERY
10931,BEVERAGE BULL CALORIE DRINK ENERGY FREE LOW RED SUGAR,RED BULL SUGAR FREE ENERGY DRINK LOW CALORIE BEVERAGE,GROCERY
10932, DRINK FLAVOURED    STRAWBERRY BOAT#PAPER LEMONADE#REFRESHING,PAPER BOAT STRAWBERRY LEMONADE FLAVOURED REFRESHING DRINK,GROCERY
10933,BEVERAGE BULL COSMIC DRINK ENERGY FLAVOUR FUNCTIONAL RED,RED BULL ENERGY DRINK COSMIC FLAVOUR FUNCTIONAL BEVERAGE,GROCERY
10934,BEVERAGE DRINK ELECTROLYTE FLAVOURED  LEMON  GATORADE#SPORTS,GATORADE LEMON FLAVOURED SPORTS DRINK ELECTROLYTE BEVERAGE,GROCERY
10935,DRINK GOLD ICED  SUGAR SWEET TATA TEA  ZERO READY#TO,TATA TEA GOLD SWEET ICED TEA ZERO SUGAR READY TO DRINK,GROCERY
10936,BEVERAGE BLUEBERRY  DIET FLAVOURED GREEN  TEA BOAT#PAPER,PAPER BOAT GREEN TEA BLUEBERRY FLAVOURED DIET BEVERAGE,GROCERY
10937,DRINK FLAVOURED ICED LIPN PEACH  SWEETENED TEA  READY#TO,LIPTON PEACH FLAVOURED ICED TEA SWEETENED READY TO DRINK,GROCERY
10760,DABUR HONEY NATURAL ORGANIC PURE SWEETENER,DABUR ORGANIC HONEY NATURAL PURE SWEETENER,GROCERY
10761,FRUIT JAM KISSAN SPREAD STRAWBERRY SWEET,KISSAN STRAWBERRY JAM SWEET FRUIT SPREAD,GROCERY
10762,FRUIT MANTRA ORGANIC SPREAD STRAWBERRY,24 MANTRA ORGANIC STRAWBERRY FRUIT SPREAD,GROCERY
10053,CHILLI CHIPOTLE SAUCE SMOKY SPICY VEEBA,VEEBA CHIPOTLE SAUCE SMOKY SPICY CHILLI SAUCE,GROCERY
10054,COOKING FLAVOUR HICKORY LIQUID MARINADE SMOKE VEEBA,VEEBA LIQUID SMOKE HICKORY FLAVOUR COOKING MARINADE,GROCERY
10559,BLEND FREE GLUTEN KEYA MIX SEASONING SPICE TACO,KEYA TACO SEASONING MIX GLUTEN FREE SPICE BLEND,GROCERY
10560,CHILLI EXTRA HABANERO HOT SAUCE SPICY VEEBA,VEEBA HABANERO CHILLI SAUCE EXTRA SPICY HOT SAUCE,GROCERY
10561,FLAVOUR GROUND HORSERADISH MUSTARD STONE VEEBA WITH,VEEBA STONE GROUND MUSTARD WITH HORSERADISH FLAVOUR,GROCERY
10562,AND FLAVOUR HEARTY RICH SAUCE STEAK THICK VEEBA,VEEBA THICK AND HEARTY STEAK SAUCE RICH FLAVOUR,GROCERY
10102,DIP KEYA MIX RANCH,KEYA RANCH DIP MIX,GROCERY
10763,LIME MAYONNAISE VEEBA,VEEBA MAYONNAISE LIME,GROCERY
10764,DRESSING RANCH VEEBA,VEEBA RANCH DRESSING,GROCERY
10765,DRESSING KEYA MIX RANCH,KEYA RANCH DRESSING MIX,GROCERY
10766,DRESSING KEYA MIX RANCH,KEYA RANCH DRESSING MIX,GROCERY
10767,BORGES CAESAR CROUTONS,BORGES CROUTONS CAESAR,GROCERY
10768,BORGES CHEESE CROUTONS,BORGES CROUTONS CHEESE,GROCERY
10147,JALAPENO PEPPERS PICKLED SLICED SPICY VEEBA VEGETABLE,VEEBA SLICED JALAPENO PEPPERS SPICY PICKLED VEGETABLE,GROCERY
10989,DICED MILD PEPPERS PICKLED PIMENTO VEEBA VEGETABLE,VEEBA DICED PIMENTO PEPPERS MILD PICKLED VEGETABLE,GROCERY
10990,OKRA PICKLED PRESERVED SPICY TANGY VEEBA VEGETABLE,VEEBA PICKLED OKRA SPICY TANGY PRESERVED VEGETABLE,GROCERY
10991,BABY CRUNCHY CUCUMBERS DEL DILL MONTE PICKLES PRESERVED TANGY,DEL MONTE BABY DILL PICKLES CRUNCHY TANGY PRESERVED CUCUMBERS,GROCERY
10992,BABY CRUNCHY CUCUMBERS DEL DELI DILL MONTE PICKLES STYLE,DEL MONTE BABY DILL PICKLES DELI STYLE CRUNCHY CUCUMBERS,GROCERY
10004,BERRY  DRINK FLAVOUR  REFRESHING SPARKLING WATER BOAT#PAPER,PAPER BOAT SPARKLING WATER BERRY FLAVOUR REFRESHING DRINK,GROCERY
10254,CANS COKE DIET DRINK FRIDGE PACK SOFT,DIET COKE SOFT DRINK FRIDGE PACK 12 CANS,GROCERY
10255,BOTTLE DRINK FLAVOURED LEMON PACK SOFT UP,7UP LEMON FLAVOURED SOFT DRINK BOTTLE PACK,GROCERY
10256, COLA DRINK FLAVOUR  SPARKLING SUGAR VANILLA ZERO BOAT#PAPER,PAPER BOAT ZERO SUGAR SPARKLING COLA DRINK VANILLA FLAVOUR,GROCERY
10257,CAN CARBONATED DRINK FLAVOURED PEPSI SOFT VANILLA,PEPSI VANILLA FLAVOURED CARBONATED SOFT DRINK CAN,GROCERY
11117,CHIPS LAY POTATO S SALT SEA,LAY'S POTATO CHIPS SEA SALT,GROCERY
11118,CHEESE CORN PUFF   TOO#YUMM,TOO YUMM CHEESE PUFF CORN,GROCERY
11119,ACT CORN  KETTLE  II#POPCORN,ACT II POPCORN KETTLE CORN,GROCERY
11120,CHIPS CORN CREAM ONION SOUR   TOO#YUMM,TOO YUMM CORN CHIPS SOUR CREAM ONION,GROCERY
11121,CHIPS CORN JALAPENO   TOO#YUMM,TOO YUMM CORN CHIPS JALAPENO,GROCERY
11122,KURKURE MASALA MIX SNACK,KURKURE SNACK MIX MASALA,GROCERY
11123,CHIPS FLAVOUR LAY S SPICY WAVY,LAY'S WAVY CHIPS SPICY FLAVOUR,GROCERY
11124,CHIPS DORITOS LIME TORTILLA,DORITOS TORTILLA CHIPS LIME,GROCERY
11125,CHIPS DORITOS SCOOPS TORTILLA,DORITOS TORTILLA CHIPS SCOOPS,GROCERY
11126,CHIPS STRIPS  TORTILLA  TOO#YUMM,TOO YUMM TORTILLA CHIPS STRIPS,GROCERY
11127,ALMONDS HAPPILO MEXICAN SPICE,HAPPILO ALMONDS MEXICAN SPICE,GROCERY
11128,CASHEWS HAPPILO SALTED,HAPPILO CASHEWS SALTED,GROCERY
11129,HALDIRAM PEANUTS ROASTED S SALTED,HALDIRAM'S PEANUTS ROASTED SALTED,GROCERY
11130,ALMONDS HAPPILO SMOKED,HAPPILO ALMONDS SMOKED,GROCERY
11131,ACT   SALT SEA II#POPCORN,ACT II POPCORN SEA SALT,GROCERY
11132,ACT  KERNELS  WHITE II#POPCORN,ACT II POPCORN KERNELS WHITE,GROCERY
11112,COUSCOUS KEYA PEARL,KEYA PEARL COUSCOUS,GROCERY
11113,CAJUN KEYA SEASONING,KEYA CAJUN SEASONING,GROCERY
11114,BROWN MANTRA ORGANIC RICE,24 MANTRA ORGANIC ORGANIC BROWN RICE,GROCERY
10258,AND BAR CASHEW MAX NUT PROTEIN RITEBITE SALTY SNACK SWEET,RITEBITE MAX PROTEIN NUT BAR SWEET AND SALTY CASHEW SNACK,GROCERY
10259,AND BAR BLUEBERRY FIBRE FIG FRUIT NATURAL SNACK YOGA,YOGA BAR BLUEBERRY FIG BAR NATURAL FRUIT AND FIBRE SNACK,GROCERY
10260,BAR BREAKFAST FLAVOUR GRAIN KELLOGGS NUTRI STRAWBERRY,KELLOGGS NUTRI GRAIN BREAKFAST BAR STRAWBERRY FLAVOUR,GROCERY
10261, FLAVOUR FRUIT MIXED PACK  ROLLS SNACK BOAT#PAPER,PAPER BOAT FRUIT ROLLS MIXED FRUIT FLAVOUR SNACK PACK,GROCERY
10262,BAR FRUIT NATURAL PACK ROLLS SNACK STRAWBERRY YOGA,YOGA BAR STRAWBERRY FRUIT ROLLS NATURAL SNACK PACK,GROCERY
10263,BREAKFAST FIBRE HIGH INSTANT OATS PLAIN QUAKER REGULAR,QUAKER INSTANT OATS REGULAR PLAIN HIGH FIBRE BREAKFAST,GROCERY
10264,AND BREAKFAST CEREAL HONEY K KELLOGGS MULTIGRAIN OATS SPECIAL,KELLOGGS SPECIAL K MULTIGRAIN OATS AND HONEY BREAKFAST CEREAL,GROCERY
10265,AND BREAKFAST CEREAL FRUIT KELLOGGS MUESLI NUT SEEDS,KELLOGGS MUESLI FRUIT NUT AND SEEDS BREAKFAST CEREAL,GROCERY
10266,BREAKFAST CEREAL CUP FROOT KELLOGGS LOOPS,KELLOGGS FROOT LOOPS BREAKFAST CEREAL CUP,GROCERY
10542,CUSTARD DESSERT MIX POWDER VANILLA WEIKFIELD,WEIKFIELD VANILLA CUSTARD POWDER DESSERT MIX,GROCERY
10543,AND BUTTERSCOTCH CREAM DESSERTS FOR HERSHEYS ICE SYRUP,HERSHEYS BUTTERSCOTCH SYRUP FOR ICE CREAM AND DESSERTS,GROCERY
10002,BAKING BIRD BLUE DRY INGREDIENT INSTANT YEAST,BLUE BIRD INSTANT DRY YEAST BAKING INGREDIENT,GROCERY
10003,APPLE BAKE CINNAMON MIX MUFFIN PILLSBURY   READY#TO,PILLSBURY APPLE CINNAMON MUFFIN MIX READY TO BAKE,GROCERY
10248,CADBURY COCOA FLAVOUR HOT MARSHMALLOW MIX WITH,CADBURY HOT COCOA MIX WITH MARSHMALLOW FLAVOUR,GROCERY
10249,BAKE CORNBREAD MIX MUFFIN PILLSBURY   READY#TO,PILLSBURY CORNBREAD MUFFIN MIX READY TO BAKE,GROCERY
10250,BAKE CHIP CHOCOLATE MIX MUFFIN PILLSBURY   READY#TO,PILLSBURY CHOCOLATE CHIP MUFFIN MIX READY TO BAKE,GROCERY
11231,BLEND EVEREST PREMIUM SEEDS SESAME SPICE TOASTED,EVEREST TOASTED SESAME SEEDS PREMIUM SPICE BLEND,GROCERY
11147,COCONUT COOKING MANTRA OIL ORGANIC REFINED,24 MANTRA ORGANIC REFINED COCONUT COOKING OIL,GROCERY
11148,COOKING MANTRA OIL ORGANIC SESAME TOASTED,24 MANTRA ORGANIC TOASTED SESAME COOKING OIL,GROCERY
10574,AASHIRVAAD BAKING FLOUR ORGANIC PREMIUM WHEAT,AASHIRVAAD ORGANIC WHEAT FLOUR PREMIUM BAKING FLOUR,GROCERY
10575,DHAMPURE NATURAL RAW SUGAR SWEETENER UNREFINED,DHAMPURE RAW SUGAR NATURAL UNREFINED SWEETENER,GROCERY
10012,BLEND CALM HERBAL INDIA ORGANIC RELAXATION TEA,ORGANIC INDIA HERBAL TEA CALM RELAXATION BLEND,GROCERY
10312,AROMA BLEND BRU COFFEE FRENCH GROUND ROAST STRONG,BRU FRENCH ROAST GROUND COFFEE STRONG AROMA BLEND,GROCERY
10313,BLEND COFFEE FLAVOUR GROUND HOUSE RICH TATA,TATA COFFEE HOUSE BLEND GROUND COFFEE RICH FLAVOUR,GROCERY
10314,BUTTERSCOTCH COFFEE CONTINENTAL FLAVOURED GROUND TOFFEE,CONTINENTAL COFFEE BUTTERSCOTCH TOFFEE FLAVOURED GROUND COFFEE,GROCERY
10315,BLONDE COFFEE ESPRESSO  PODS ROAST  OWL#SLEEPY,SLEEPY OWL ESPRESSO COFFEE PODS BLONDE ROAST,GROCERY
10316,CAPPUCCINO COFFEE FLAVOUR FRENCH  PODS  VANILLA OWL#SLEEPY,SLEEPY OWL CAPPUCCINO COFFEE PODS FRENCH VANILLA FLAVOUR,GROCERY
10317,BLEND CLASSIC COFFEE DONUT  PODS SHOP  OWL#SLEEPY,SLEEPY OWL COFFEE PODS CLASSIC DONUT SHOP BLEND,GROCERY
10318,AROMA BLEND COFFEE DARK  PODS ROAST  STRONG OWL#SLEEPY,SLEEPY OWL DARK ROAST COFFEE PODS STRONG AROMA BLEND,GROCERY
10319,AROMA COFFEE COLOMBIA GROUND RICH TATA,TATA COFFEE COLOMBIA GROUND COFFEE RICH AROMA,GROCERY
10320,BLEND BLUE COFFEE GROUND GUATEMALAN ORGANIC TOKAI,BLUE TOKAI ORGANIC COFFEE GROUND GUATEMALAN BLEND,GROCERY
10321,BRU CHOCOLATE COFFEE FLAVOURED GROUND MOCHA RICH TASTE,BRU MOCHA FLAVOURED GROUND COFFEE RICH CHOCOLATE TASTE,GROCERY
10322,BASED BEVERAGE CADBURY CHOCOLATE COCOA DRINK MIX POWDER,CADBURY CHOCOLATE DRINK POWDER COCOA BASED BEVERAGE MIX,GROCERY
10323,BEVERAGE CADBURY CANISTER CHOCOLATE COCOA DRINK MIX POWDER,CADBURY CHOCOLATE DRINK POWDER CANISTER COCOA BEVERAGE MIX,GROCERY
10324,BEVERAGE CADBURY CHOCOLATE COCOA DRINK MINT MIX POWDER RICH,CADBURY MINT CHOCOLATE DRINK POWDER RICH COCOA BEVERAGE MIX,GROCERY
10181,AMUL MILK UHT,AMUL UHT MILK,GROCERY
11142,CRANBERRY JUICE RASPBERRY REAL,REAL CRANBERRY RASPBERRY JUICE,GROCERY
11143,ACTIV JUICE LOW REAL SODIUM VEGETABLE,REAL ACTIV VEGETABLE JUICE LOW SODIUM,GROCERY
11144,APPLE   PEAR SPARKLING BOAT#PAPER,PAPER BOAT SPARKLING APPLE PEAR,GROCERY
11145,CHOCOLATE FAT LOW MILK NESTLE,NESTLE CHOCOLATE MILK LOW FAT,GROCERY
11146,ACTIV CRANBERRY JUICE REAL,REAL ACTIV CRANBERRY JUICE,GROCERY
10976,BORGES COOKING DURUM FOR PASTA PENNE RIGATE WHEAT,BORGES PENNE RIGATE PASTA DURUM WHEAT PASTA FOR COOKING,GROCERY
10977,KISSAN PASTA SAUCE TOMATO,KISSAN TOMATO PASTA SAUCE,GROCERY
10978,CREAMY DEL MONTE PASTA SAUCE,DEL MONTE CREAMY PASTA SAUCE,GROCERY
10979, BORGES PASTA  SAUCE WITH BASIL#PESTO,BORGES PESTO PASTA SAUCE WITH BASIL,GROCERY
10183,NAVNEET NOTEBOOK PRIMARY WRITING,NAVNEET WRITING NOTEBOOK PRIMARY,GROCERY
10184,BASIC CALCULATOR CASIO,CASIO CALCULATOR BASIC,GROCERY
10185,CLIPS JUMBO KANGARO PAPER,KANGARO PAPER CLIPS JUMBO,GROCERY
10252,CHUNKS  TUNA WATER  JOHN#WEST,JOHN WEST TUNA CHUNKS WATER,GROCERY
10253, LIGHT TUNA WATER  JOHN#WEST,JOHN WEST TUNA LIGHT WATER,GROCERY
10001,GLOVES LARGE LEATHER STANLEY,STANLEY LEATHER GLOVES LARGE,GROCERY
10145,CUPS DISPOSABLE DRINKING FOAM ORIGAMI OUNCE,ORIGAMI FOAM CUPS 8.5 OUNCE DISPOSABLE DRINKING CUPS,GROCERY
10973,BOX  ORIGAMI PULLS SOFT  ULTRA FACIAL#TISSUE,ORIGAMI ULTRA SOFT FACIAL TISSUE BOX 60 PULLS,GROCERY
10974,CLEAR CUPS ORIGAMI OUNCE PARTY PLASTIC RECYCLABLE,ORIGAMI CLEAR PLASTIC CUPS 18 OUNCE RECYCLABLE PARTY CUPS,GROCERY
10975,DISPOSABLE INCH ORIGAMI PARTY PLATES USE,ORIGAMI DISPOSABLE PLATES 10 INCH PARTY USE PLATES,GROCERY
10759,ANT BAIT CONTROL EFFECTIVE GOODKNIGHT PEST SOLUTION TRAP,GOODKNIGHT ANT BAIT TRAP EFFECTIVE PEST CONTROL SOLUTION,GROCERY
10182,BASE COOKING CREAM CREAMY KNORR MIX MUSHROOM OF SOUP,KNORR CREAM OF MUSHROOM SOUP MIX CREAMY COOKING BASE,GROCERY
11228,ASEPTIC BROTH CHICKEN COOKING KNORR PACK REDUCED SALT STOCK,KNORR CHICKEN BROTH REDUCED SALT ASEPTIC PACK COOKING STOCK,GROCERY
11229,AND CHICKEN CREAMY HEARTY KNORR  RICH SERVE SOUP  READY#TO,KNORR CREAMY CHICKEN SOUP READY TO SERVE RICH AND HEARTY,GROCERY
11230,CHICKEN COOK INSTANT KNORR MIX NOODLE  SOUP  READY#TO,KNORR CHICKEN NOODLE SOUP MIX INSTANT READY TO COOK,GROCERY
10187,BOTTLE   DRINK FOR PACK SOFT CHARGE#DEPOSIT,SOFT DRINK BOTTLE DEPOSIT CHARGE FOR 6 PACK,GROCERY
10188,BOTTLE   DRINK SINGLE SOFT UNIT CHARGE#DEPOSIT,SOFT DRINK BOTTLE DEPOSIT CHARGE SINGLE UNIT,GROCERY
10189,BOTTLE   DRINK FOOD NON SERVICE SINGLE SOFT UNIT CHARGE#DEPOSIT,SOFT DRINK BOTTLE DEPOSIT CHARGE SINGLE UNIT NON FOOD SERVICE,GROCERY
10190,BOTTLE   DRINK FOR PACK SOFT CHARGE#DEPOSIT,SOFT DRINK BOTTLE DEPOSIT CHARGE FOR 12 PACK,GROCERY
10193,CODE  DIGITAL   REDEMPTION COUPON#DISCOUNT#GROCERY,GROCERY DISCOUNT COUPON DIGITAL REDEMPTION CODE,GROCERY
10194,CODE    COUPON#DISCOUNT#GROCERY,GROCERY DISCOUNT COUPON CODE 92916,GROCERY
10195,CODE    COUPON#DISCOUNT#GROCERY,GROCERY DISCOUNT COUPON CODE 92541,GROCERY
10196,CODE    COUPON#DISCOUNT#GROCERY,GROCERY DISCOUNT COUPON CODE 77006,GROCERY
10197, DIGITAL   OFFER COUPON#DISCOUNT#GROCERY,GROCERY DISCOUNT COUPON DIGITAL OFFER,GROCERY
10198,CODE    COUPON#DISCOUNT#GROCERY,GROCERY DISCOUNT COUPON CODE 92931,GROCERY
10199,CODE    COUPON#DISCOUNT#GROCERY,GROCERY DISCOUNT COUPON CODE 78056,GROCERY
10200,CODE    COUPON#DISCOUNT#GROCERY,GROCERY DISCOUNT COUPON CODE 78308,GROCERY
10201,CODE    COUPON#DISCOUNT#GROCERY,GROCERY DISCOUNT COUPON CODE 92339,GROCERY
10202, DIGITAL   OFFER COUPON#DISCOUNT#GROCERY,GROCERY DISCOUNT COUPON DIGITAL OFFER,GROCERY
10146,AND CAT FOOD POTATO PUREPET SWEET TUNA WET,PUREPET TUNA AND SWEET POTATO WET CAT FOOD,GROCERY
10980,CAT CLUMPING FRAGRANCE FRESH LITTER MULTI SAVIC STRONG,SAVIC MULTI CAT CLUMPING LITTER STRONG FRESH FRAGRANCE,GROCERY
10981,CAT CRUNCHY DROOLS FLAVOUR SEAFOOD TREATS,DROOLS CRUNCHY SEAFOOD FLAVOUR CAT TREATS,GROCERY
10982,BROTH CAT CHICKEN CREAMY FOOD PUREPET SERVE SINGLE WET,PUREPET CREAMY BROTH CHICKEN WET CAT FOOD SINGLE SERVE,GROCERY
10983,ADULT DOG DRY FLAVOUR FOOD PEDIGREE SALMON WITH,PEDIGREE ADULT DRY DOG FOOD WITH SALMON FLAVOUR,GROCERY
10984,CHUNKS DOG DROOLS DRY FOOD HEALTH MINI PROACTIVE,DROOLS PROACTIVE HEALTH DRY DOG FOOD MINI CHUNKS,GROCERY
10985,AND CLEANING DOG HIMALAYA ODOUR  SPRAY  REMOVER#STAIN,HIMALAYA DOG STAIN AND ODOUR REMOVER CLEANING SPRAY,GROCERY
10986,AND CAT CHICKEN DROOLS FOOD KITTEN PACK SALMON VARIETY WET,DROOLS KITTEN WET CAT FOOD CHICKEN AND SALMON VARIETY PACK,GROCERY
10987,CAT CHICKEN DROOLS FOOD GRAVY IN PREMIUM QUALITY WET,DROOLS CHICKEN IN GRAVY WET CAT FOOD PREMIUM QUALITY,GROCERY
10988,CHICKEN DOG FOOD PREMIUM PUREPET RECIPE WET,PUREPET CHICKEN RECIPE WET DOG FOOD PREMIUM,GROCERY
10544,AUTOMATIC DETERGENT DISHWASHER FOR GEL LEMON MACHINES VIM,VIM LEMON DISHWASHER GEL DETERGENT FOR AUTOMATIC MACHINES,GROCERY
10545,AID   IN LIQUID RINSE DISHWASHER#FINISH,FINISH 3 IN 1 DISHWASHER RINSE AID LIQUID,GROCERY
10546,ALL   FRAGRANCE FRESH IN ONE TABLETS DISHWASHER#FINISH,FINISH ALL IN ONE DISHWASHER TABLETS FRESH FRAGRANCE,GROCERY
10547,DETERGENT   FRESH SCENT TABLETS DISHWASHER#FINISH,FINISH DISHWASHER DETERGENT TABLETS FRESH SCENT,GROCERY
10548,COMFORT DRYER FABRIC FRAGRANCE FREE SHEETS SOFTENER,COMFORT FABRIC SOFTENER DRYER SHEETS FRAGRANCE FREE,GROCERY
10549,DETERGENT  FOR LIQUID MACHINE ORIGINAL  WASH EXCEL#SURF,SURF EXCEL LIQUID DETERGENT ORIGINAL FOR MACHINE WASH,GROCERY
10550,AND CLEAR DETERGENT   FREE  LIQUID  DUTY#HEAVY EXCEL#SURF,SURF EXCEL LIQUID DETERGENT HEAVY DUTY FREE AND CLEAR,GROCERY
10755,BAGS FREEZER PIGEON QUART SIZE SLIDER STORAGE,PIGEON SLIDER FREEZER STORAGE BAGS QUART SIZE,GROCERY
10756,AIRTIGHT BAGS GALLON PIGEON SIZE SLIDER STORAGE,PIGEON SLIDER STORAGE BAGS GALLON SIZE AIRTIGHT,GROCERY
10757,ALUMINIUM LARGE PAN PRESTIGE ROASTER SIZE,PRESTIGE ALUMINIUM ROASTER PAN LARGE SIZE,GROCERY
10758,BAKING LARGE LOAF NON PAN PRESTIGE STICK,PRESTIGE NON STICK LOAF BAKING PAN LARGE,GROCERY
10097,AER  AUTOMATIC  GODREJ REFILL TROPICAL AIR#FRESHENER,GODREJ AER AUTOMATIC AIR FRESHENER REFILL TROPICAL,GROCERY
10098,DETTOL DISINFECTANT FRESH SPRAY,DETTOL DISINFECTANT SPRAY FRESH,GROCERY
10099,BOTTLE MILTON SPRAY,MILTON SPRAY BOTTLE,GROCERY
10742,AER   GODREJ IN LAVENDER PLUG AIR#FRESHENER,GODREJ AER PLUG-IN AIR FRESHENER LAVENDER,GROCERY
10743, APPLE BLOCK CINNAMON  ODONIL AIR#FRESHENER,ODONIL AIR FRESHENER BLOCK APPLE CINNAMON,GROCERY
10744,CLEANER FLOOR LAVENDER LIZOL,LIZOL FLOOR CLEANER LAVENDER,GROCERY
10745,BAGS  GALA GARBAGE  DUTY#HEAVY,GALA GARBAGE BAGS HEAVY DUTY,GROCERY
10746,BRITE   SCOTCH SCRUB SPONGE DUTY#HEAVY,SCOTCH-BRITE HEAVY DUTY SCRUB SPONGE,GROCERY
10747,BRITE SCOTCH SCRUB SPONGE,SCOTCH-BRITE SCRUB SPONGE,GROCERY
10144,ALMOND BAR   PROTEIN RITEBITE CHOCOLATE#DARK,RITEBITE DARK CHOCOLATE ALMOND PROTEIN BAR,GROCERY
10938,CHOCOLATE DOUBLE GOLD NUTRITION OPTIMUM PROTEIN STANDARD WHEY,OPTIMUM NUTRITION GOLD STANDARD WHEY PROTEIN DOUBLE CHOCOLATE,GROCERY
10939,CHOCOLATE ENSURE PROTEIN SHAKE,ENSURE PROTEIN SHAKE CHOCOLATE,GROCERY
10940,BAR CHOCOLATE PROTEIN RITEBITE,RITEBITE CHOCOLATE PROTEIN BAR,GROCERY
10941,JUICE REAL STRAWBERRY WATERMELON,REAL STRAWBERRY WATERMELON JUICE,GROCERY
10942,BAR BUTTER GRANOLA PEANUT YOGA,YOGA BAR PEANUT BUTTER GRANOLA BAR,GROCERY
10055,PLATTER POLENTA URBAN,URBAN PLATTER POLENTA,GROCERY
10563,COCONUT DABUR HOMMADE MILK,DABUR HOMMADE COCONUT MILK,GROCERY
10564,CHING CHOW MEIN NOODLES S,CHINGÆS CHOW MEIN NOODLES,GROCERY
10565,CHESTNUTS DEL MONTE WATER,DEL MONTE WATER CHESTNUTS,GROCERY
10148,CHEESE CHEETOS FLAMIN HOT MAC,CHEETOS MAC & CHEESE FLAMIN HOT,GROCERY
10993,CHEESY KRAFT PASTA SHELLS,KRAFT CHEESY PASTA SHELLS,GROCERY
10100,KEYA MEXICAN SEASONING,KEYA MEXICAN SEASONING,GROCERY
10101,CANDLE JESUS MOKSH PRAYER,MOKSH JESUS PRAYER CANDLE,GROCERY
10748,   REFRIED BEANS#DEL#MONTE,DEL MONTE REFRIED BEANS,GROCERY
10749,BEAN DIP MEXICAN WINGREENS,WINGREENS MEXICAN BEAN DIP,GROCERY
10750,FIERY HOT SAUCE VEEBA,VEEBA FIERY HOT SAUCE,GROCERY
10751,HOT MEXICAN SAUCE VEEBA,VEEBA MEXICAN HOT SAUCE,GROCERY
10752,CHIPOTLE  SAUCE SOUTHWEST  FARMS#WINGREENS,WINGREENS FARMS CHIPOTLE SOUTHWEST SAUCE,GROCERY
10753,ENCHILADA KEYA MEXICAN SAUCE TACO,KEYA MEXICAN TACO & ENCHILADA SAUCE,GROCERY
10754,CATCH CHILLI RED WHOLE,CATCH WHOLE RED CHILLI,GROCERY
10994,BEAN CHILLI MIX RAJMA VEEBA,VEEBA RAJMA CHILLI BEAN MIX,GROCERY
10995,BAKED   IN  SAUCE TOMATO BEANS#DEL#MONTE,DEL MONTE BAKED BEANS IN TOMATO SAUCE,GROCERY
10996,CHICKEN EAT PRASUMA RAVIOLI   READY#TO,PRASUMA READY TO EAT CHICKEN RAVIOLI,GROCERY
10997,CHANA KABULI ORGANIC TATTVA,ORGANIC TATTVA ORGANIC KABULI CHANA,GROCERY
10998,MANTRA ORGANIC RAJMA,24 MANTRA ORGANIC ORGANIC RAJMA,GROCERY
10251,APPLE FARM   SLURRP POUCH#PUREE,SLURRP FARM APPLE PUREE POUCH,GROCERY
10105,CHICKEN COOK FROZEN GODREJ POTSTICKERS  SNACK  YUMMIEZ READY#TO,GODREJ YUMMIEZ CHICKEN POTSTICKERS FROZEN READY TO COOK SNACK,MEAT
10106,CHICKEN COOK FROZEN GODREJ ITALIAN MEATBALLS  STYLE  YUMMIEZ READY#TO,GODREJ YUMMIEZ ITALIAN STYLE CHICKEN MEATBALLS FROZEN READY TO COOK,MEAT
10107,BURGER CHICKEN COOK FROZEN GODREJ JUICY PATTY   YUMMIEZ READY#TO,GODREJ YUMMIEZ CHICKEN BURGER PATTY FROZEN JUICY READY TO COOK,MEAT
10108,CHEESY CHICKEN CRISPY FROZEN JALAPENO NUGGETS S SNACK VENKY,VENKYÆS CHEESY JALAPENO CHICKEN NUGGETS CRISPY FROZEN SNACK,MEAT
10806, CHICKEN FINGERS FROZEN GRAVY   MEAL STEAK WITH CHEF#ITC#MASTER,ITC MASTER CHEF CHICKEN STEAK FINGERS WITH GRAVY FROZEN MEAL,MEAT
10807,CHICKEN CORN DOGS FROZEN GODREJ MINI PACK SNACK YUMMIEZ,GODREJ YUMMIEZ MINI CHICKEN CORN DOGS FROZEN SNACK PACK,MEAT
10808, CHICKEN CORN DOG FROZEN   PRETZEL SNACK STYLE CHEF#ITC#MASTER,ITC MASTER CHEF PRETZEL STYLE CHICKEN CORN DOG FROZEN SNACK,MEAT
10809,BITE CHICKEN FROZEN GODREJ ITALIAN MEATBALLS SIZE STYLE YUMMIEZ,GODREJ YUMMIEZ ITALIAN STYLE CHICKEN MEATBALLS BITE SIZE FROZEN,MEAT
10810, CHICKEN COOK FROZEN ITALIAN   MEATBALLS  STYLE  CHEF#ITC#MASTER READY#TO,ITC MASTER CHEF CHICKEN MEATBALLS ITALIAN STYLE FROZEN READY TO COOK,MEAT
10811,CHICKEN FROZEN ITALIAN MEATBALLS S SNACK STYLE VENKY,VENKYÆS CHICKEN MEATBALLS ITALIAN STYLE FROZEN SNACK,MEAT
10812,CHICKEN COOK FROZEN HOMESTYLE MEATBALLS  S  VENKY READY#TO,VENKYÆS HOMESTYLE CHICKEN MEATBALLS FROZEN READY TO COOK,MEAT
10813,BITES BONELESS BUFFALO CHICKEN FROZEN GODREJ SNACK STYLE YUMMIEZ,GODREJ YUMMIEZ CHICKEN BITES BUFFALO STYLE BONELESS FROZEN SNACK,MEAT
10814, CHICKEN CRISPY FROZEN FRY    STRIPS  CHEF#ITC#MASTER READY#TO,ITC MASTER CHEF CRISPY CHICKEN STRIPS FROZEN READY TO FRY,MEAT
10815,CHICKEN  FROZEN  GODREJ HEAT PATTIES   YUMMIEZ COOKED#FULLY READY#TO,GODREJ YUMMIEZ FULLY COOKED CHICKEN PATTIES FROZEN READY TO HEAT,MEAT
10816,BUFFALO CHICKEN FROZEN GODREJ SNACK SPICY STYLE WINGS YUMMIEZ,GODREJ YUMMIEZ BUFFALO STYLE CHICKEN WINGS FROZEN SPICY SNACK,MEAT
10817,AIR  CHICKEN CRISPY FROZEN FRYER   READY WINGS CHEF#ITC#MASTER,ITC MASTER CHEF AIR FRYER READY CRISPY CHICKEN WINGS FROZEN,MEAT
10818,CHICKEN COOK FROZEN GODREJ MEAL ORANGE  SAUCE  YUMMIEZ READY#TO,GODREJ YUMMIEZ CHICKEN ORANGE SAUCE FROZEN READY TO COOK MEAL,MEAT
10819,CHICKEN FROZEN LOADED NUGGETS PIE POT S SNACK VENKY,VENKYÆS CHICKEN POT PIE LOADED NUGGETS FROZEN SNACK,MEAT
10820,BLEU CHICKEN COOK CORDON CUTLETS FROZEN GODREJ  STUFFED  YUMMIEZ READY#TO,GODREJ YUMMIEZ CHICKEN CORDON BLEU STUFFED CUTLETS FROZEN READY TO COOK,MEAT
10821,BITES BREAST CHICKEN  CRISPY FROZEN  S SNACK VENKY COOKED#FULLY,VENKYÆS CRISPY CHICKEN BREAST BITES FROZEN FULLY COOKED SNACK,MEAT
10125,BURGER CHEDDAR CHICKEN GODREJ MINI PATTIES SLIDERS STYLE YUMMIEZ,GODREJ YUMMIEZ CHICKEN CHEDDAR STYLE CHICKEN SLIDERS MINI BURGER PATTIES,MEAT
10126,AND BURGER CHEESE  COOK GOURMET   PATTY  SPICES  WITH CHEF#ITC#MASTER READY#TO,ITC MASTER CHEF GOURMET BURGER PATTY WITH CHEESE AND SPICES READY TO COOK,MEAT
10127,CHICKEN COOK CUTS LICIOUS MARINATED  SPICY TANDOORI  WINGS READY#TO,LICIOUS TANDOORI MARINATED CHICKEN WINGS READY TO COOK SPICY CUTS,MEAT
10128,CUT FRESH LAMB LEG LICIOUS MEAT PREMIUM SHORT TENDER,LICIOUS FRESH LAMB LEG SHORT CUT TENDER PREMIUM MEAT,MEAT
10129,APPLE BAKED  DESSERT EMPANADA   SNACK SWEET CHEF#ITC#MASTER,ITC MASTER CHEF BAKED APPLE EMPANADA SWEET DESSERT SNACK,MEAT
10130,BABY BACK CHICKEN CUTS FRESH GODREJ MARINATED RAW RIBS YUMMIEZ,GODREJ YUMMIEZ CHICKEN BABY BACK RIBS FRESH RAW MARINATED CUTS,MEAT
10131,CHICKEN COOK KABOBS LICIOUS  SKEWERS  VEGETABLES WITH READY#TO,LICIOUS CHICKEN KABOBS WITH VEGETABLES READY TO COOK SKEWERS,MEAT
10132,CHICKEN COUNTRY FRESH LINKS S SAUSAGE SPICED STYLE VENKY,VENKYÆS COUNTRY STYLE CHICKEN SAUSAGE FRESH SPICED LINKS,MEAT
10133,CHICKEN FROZEN GODREJ ITALIAN LINKS MILD SAUSAGE SPICED STYLE YUMMIEZ,GODREJ YUMMIEZ ITALIAN STYLE CHICKEN SAUSAGE LINKS MILD SPICED FROZEN,MEAT
10134,CHICKEN FLAVOURED GODREJ LINKS PAPRIKA SAUSAGE SMOKED SPICY YUMMIEZ,GODREJ YUMMIEZ SMOKED PAPRIKA CHICKEN SAUSAGE LINKS SPICY FLAVOURED,MEAT
10899,CUT FRESH GOAT LICIOUS PREMIUM ROAST,LICIOUS FRESH GOAT ROAST PREMIUM CUT,MEAT
10900,AND BURGER CHEESE  COOK   MUSHROOM PATTY   CHEF#ITC#MASTER READY#TO,ITC MASTER CHEF MUSHROOM AND CHEESE BURGER PATTY READY TO COOK,MEAT
10901,BELLY BONELESS CHICKEN CUT LICIOUS PREMIUM,LICIOUS CHICKEN BELLY BONELESS PREMIUM CUT,MEAT
10902,BONELESS BREAST CHICKEN FRESH HAND LICIOUS SKINLESS TRIMMED,LICIOUS BONELESS SKINLESS CHICKEN BREAST FRESH HAND TRIMMED,MEAT
10903,BONELESS BREAST CHICKEN COOK FRESH LICIOUS  SLICED THIN  READY#TO,LICIOUS THIN SLICED BONELESS CHICKEN BREAST FRESH READY TO COOK,MEAT
10904,BREAKFAST CHICKEN FRESH GODREJ GROUND MIX SAUSAGE SPICED YUMMIEZ,GODREJ YUMMIEZ GROUND CHICKEN BREAKFAST SAUSAGE FRESH SPICED MIX,MEAT
10135,BONES CHICKEN COOKING CUTS FRESH LICIOUS NECK SMOKED TRADITIONAL,LICIOUS SMOKED CHICKEN NECK BONES FRESH TRADITIONAL COOKING CUTS,MEAT
10906,CHICKEN EAT GODREJ HAM  SLICED SMOKED STYLE  YUMMIEZ READY#TO,GODREJ YUMMIEZ CHICKEN SLICED SMOKED HAM STYLE READY TO EAT,MEAT
10907,BROWN CHICKEN EAT GLAZED GODREJ HAM QUARTER  STYLE SUGAR  YUMMIEZ READY#TO,GODREJ YUMMIEZ CHICKEN QUARTER HAM STYLE BROWN SUGAR GLAZED READY TO EAT,MEAT
10908,CHICKEN CUT HALF HAM LICIOUS PREMIUM SMOKED STYLE,LICIOUS CHICKEN HAM STYLE HALF CUT PREMIUM SMOKED,MEAT
10909,CHICKEN GLAZED GODREJ HAM HONEY  SERVE STYLE  YUMMIEZ READY#TO,GODREJ YUMMIEZ CHICKEN HONEY GLAZED HAM STYLE READY TO SERVE,MEAT
10910,CHICKEN CUT EAT GODREJ HALF HAM MINI  SMOKED STYLE  YUMMIEZ READY#TO,GODREJ YUMMIEZ CHICKEN MINI HAM STYLE HALF CUT SMOKED READY TO EAT,MEAT
10911,CHICKEN CUT HAM LICIOUS PREMIUM SMOKED STYLE WHOLE,LICIOUS CHICKEN WHOLE HAM STYLE PREMIUM SMOKED CUT,MEAT
10912,CHICKEN GODREJ HAM QUARTER  SERVE SLICED SPIRAL STYLE  YUMMIEZ READY#TO,GODREJ YUMMIEZ CHICKEN SPIRAL SLICED HAM STYLE QUARTER READY TO SERVE,MEAT
10913,CHICKEN COOKING DICED GODREJ HAM HICKORY INGREDIENT SMOKED STYLE YUMMIEZ,GODREJ YUMMIEZ CHICKEN HICKORY SMOKED DICED HAM STYLE COOKING INGREDIENT,MEAT
10914,CHICKEN COOK DICED GODREJ HAM INGREDIENT  STYLE  YUMMIEZ READY#TO,GODREJ YUMMIEZ CHICKEN DICED HAM STYLE READY TO COOK INGREDIENT,MEAT
10915,BREAKFAST CHICKEN COOK CUT HAM LICIOUS  STYLE THIN  READY#TO,LICIOUS CHICKEN BREAKFAST HAM STYLE THIN CUT READY TO COOK,MEAT
10916,CHICKEN EAT  S SMOKED SNACK STICKS  VENKY READY#TO,VENKYÆS CHICKEN SNACK STICKS SMOKED READY TO EAT,MEAT
10917,CHICKEN CUT GODREJ HAM HONEY PREMIUM SMOKED STEAK STYLE YUMMIEZ,GODREJ YUMMIEZ CHICKEN HONEY HAM STYLE STEAK PREMIUM SMOKED CUT,MEAT
10124,CHICKEN COOKING CUT GIZZARD LICIOUS STOMACH TRADITIONAL,LICIOUS CHICKEN STOMACH (GIZZARD) TRADITIONAL COOKING CUT,MEAT
10778,BASE BONES GOAT LICIOUS MARROW RICH SOUP,LICIOUS GOAT MARROW BONES RICH SOUP BASE,MEAT
10779,FRESH GOAT LICIOUS LIVER MEAT ORGAN,LICIOUS GOAT LIVER FRESH ORGAN MEAT,MEAT
10780,BONES GOAT INGREDIENT LICIOUS RICH SOUP STOCK,LICIOUS GOAT SOUP BONES RICH STOCK INGREDIENT,MEAT
10781,BONES CUT GOAT LICIOUS MARROW PREMIUM SOUP,LICIOUS GOAT MARROW BONES PREMIUM SOUP CUT,MEAT
10889,APPLE ASIAN FRESH KIT MIX PACK  SALAD STYLE  READY#TO,FRESH PACK ASIAN STYLE APPLE SALAD KIT READY TO MIX,MEAT
10769,BITES CHICKEN   SALAMI FRESHLY#PREPARED,FRESHLY PREPARED CHICKEN SALAMI BITES,MEAT
10770,AND CHEESE CHICKEN  PLATTER  SALAMI SNACK FRESHLY#PREPARED,FRESHLY PREPARED CHICKEN SALAMI AND CHEESE SNACK PLATTER,MEAT
10771,CHICKEN  MOZZARELLA  SNACK FRESHLY#PREPARED,FRESHLY PREPARED CHICKEN MOZZARELLA SNACK,MEAT
10834,AND CHEESE CHICKEN CRACKERS   SNACK WITH FRESHLY#PREPARED,FRESHLY PREPARED CHICKEN AND CHEESE SNACK WITH CRACKERS,MEAT
10835,AND CHEESE CHICKEN   SNACK STACKERS FRESHLY#PREPARED,FRESHLY PREPARED CHICKEN AND CHEESE SNACK STACKERS,MEAT
10836,CHICKEN  NUGGETS  FRESHLY#PREPARED,FRESHLY PREPARED CHICKEN NUGGETS,MEAT
10837,CHEESE DIP  NACHOS  WITH FRESHLY#PREPARED,FRESHLY PREPARED NACHOS WITH CHEESE DIP,MEAT
10838,CHICKEN  PEPPERONI PIZZA  SNACK STYLE FRESHLY#PREPARED,FRESHLY PREPARED CHICKEN PEPPERONI STYLE PIZZA SNACK,MEAT
10839,CHICKEN   SNACK FRESHLY#PREPARED,FRESHLY PREPARED CHICKEN SNACK,MEAT
10840,CHICKEN  PACK PIZZA  SNACK FRESHLY#PREPARED,FRESHLY PREPARED CHICKEN PIZZA SNACK PACK,MEAT
10841,AND CHICKEN CRACKER   SNACK FRESHLY#PREPARED,FRESHLY PREPARED CHICKEN AND CRACKER SNACK,MEAT
10842,AND CHEESE CHICKEN   FRESHLY#PREPARED,FRESHLY PREPARED CHICKEN AND CHEESE,MEAT
10843,CHICKEN  PEPPERONI PIZZA  STYLE FRESHLY#PREPARED,FRESHLY PREPARED CHICKEN PEPPERONI STYLE PIZZA,MEAT
10136,AND BACK CHICKEN CUT FRESH FROZEN PIECES,FRESH CHICKEN BACK PIECES CUT AND FROZEN,MEAT
10137,CHICKEN CUT FRESH FROZEN PACK PIECES WINGS,FRESH CHICKEN WINGS CUT PIECES FROZEN PACK,MEAT
10138,CHICKEN CUT FRESH FROZEN PACK PIECES THIGH,FRESH CHICKEN THIGH PIECES CUT FROZEN PACK,MEAT
10139,BACK CHICKEN FRESH PIECES,FRESH CHICKEN BACK PIECES,MEAT
10140,CHICKEN FRESH PIECES RAW THIGH,FRESH CHICKEN THIGH PIECES RAW,MEAT
10141,CHICKEN FRESH SMOKED WINGS,FRESH SMOKED CHICKEN WINGS,MEAT
10918,AND BONELESS BREAST CHICKEN DARK FRESH MEAT MIX WHITE,FRESH BONELESS CHICKEN BREAST WHITE AND DARK MEAT MIX,MEAT
10919,BREAST CHICKEN CUTS FRESH QUARTER SLICED,FRESH SLICED CHICKEN BREAST QUARTER CUTS,MEAT
10920,CHICKEN FRESH FROZEN WHOLE,FRESH WHOLE CHICKEN FROZEN,MEAT
10921,CHICKEN FRESH FROZEN LARGE SIZE WHOLE,FRESH WHOLE CHICKEN LARGE SIZE FROZEN,MEAT
10922,CHICKEN EXTRA FRESH LARGE PACK SIZE WHOLE,FRESH WHOLE CHICKEN EXTRA LARGE SIZE PACK,MEAT
10772,BACON CHICKEN FRESH MEAT SLICED SMOKED STYLE THICK,FRESH CHICKEN BACON STYLE THICK SLICED SMOKED MEAT,MEAT
10773,BACON CHICKEN FRESH REGULAR SLICES STYLE,FRESH CHICKEN BACON STYLE REGULAR SLICES,MEAT
10774,BACON CHICKEN FRESH MEAT SLICED SMOKED STYLE,FRESH CHICKEN BACON STYLE SLICED SMOKED MEAT,MEAT
10775,APPLEWOOD BACON CHICKEN FRESH SLICES SMOKED STYLE,FRESH CHICKEN BACON STYLE APPLEWOOD SMOKED SLICES,MEAT
10776,BACON CHICKEN DOUBLE FLAVOUR FRESH PEPPER SMOKED STYLE,FRESH CHICKEN BACON STYLE DOUBLE SMOKED PEPPER FLAVOUR,MEAT
10777,AND BACON CHICKEN CUTS ENDS FRESH PIECES STYLE UNCURED,FRESH CHICKEN BACON STYLE CUTS ENDS AND PIECES UNCURED,MEAT
10825,CHICKEN FRESH KEEMA MINCE S VENKY,VENKY'S FRESH CHICKEN MINCE (KEEMA),MEAT
10844,BONELESS CUT FRESH LAMB LEG MEAT PREMIUM TENDER,FRESH BONELESS LAMB LEG PREMIUM TENDER MEAT CUT,MEAT
10845,CHOPS CUT FRENCH FRESH LAMB MEAT PREMIUM RIB,FRESH LAMB RIB CHOPS FRENCH CUT PREMIUM MEAT,MEAT
10804,BONELESS BREAST CHICKEN CUBES FROZEN GODREJ GOOD REAL SKINLESS,GODREJ REAL GOOD FROZEN BONELESS CHICKEN BREAST CUBES SKINLESS,MEAT
10805,CHICKEN COOK FROZEN  S TENDERLOINS  VENKY READY#TO,VENKY'S FROZEN CHICKEN TENDERLOINS READY TO COOK,MEAT
10894,CHICKEN COOK FRESH LEG LEMON LICIOUS MARINATED PEPPER QUARTER   READY#TO,LICIOUS FRESH CHICKEN LEG QUARTER LEMON PEPPER MARINATED READY TO COOK,MEAT
10895,CHICKEN COOKING CUT FOR FRESH LEG LICIOUS PLAIN QUARTER READY,LICIOUS FRESH CHICKEN LEG QUARTER PLAIN CUT READY FOR COOKING,MEAT
10826,BBQ BURNT CHICKEN ENDS IN KANSAS LICIOUS SAUCE STYLE,LICIOUS CHICKEN BURNT ENDS IN KANSAS STYLE BBQ SAUCE,MEAT
10827,CARNITAS CHICKEN COOK LICIOUS   READY#TO,LICIOUS READY TO COOK CHICKEN CARNITAS,MEAT
10828,CHICKEN CHIPOTLE LICIOUS LIME MARINATED THIGHS,LICIOUS CHIPOTLE LIME MARINATED CHICKEN THIGHS,MEAT
10829,BBQ CHICKEN DICED KOREAN LICIOUS STYLE,LICIOUS KOREAN BBQ STYLE DICED CHICKEN,MEAT
10831,CHICKEN CHILE CHILLI GRAVY GREEN IN LICIOUS STYLE VERDE,LICIOUS CHICKEN IN GREEN CHILLI GRAVY CHILE VERDE STYLE,MEAT
10832,BABY BACK BBQ CHICKEN LICIOUS MARINADE RIBS WITH,LICIOUS BABY BACK CHICKEN RIBS WITH BBQ MARINADE,MEAT
10833,BBQ CHICKEN EAT IN LICIOUS PULLED  SAUCE  READY#TO,LICIOUS READY TO EAT PULLED CHICKEN IN BBQ SAUCE,MEAT
10873, CREAMY FAMILY  MASHED  PACK POTATOES CHEF#ITC#MASTER,ITC MASTER CHEF CREAMY MASHED POTATOES FAMILY PACK,MEAT
10874,AND BLACK    PEPPER POTATOES ROASTED SALT SEA WITH CHEF#ITC#MASTER,ITC MASTER CHEF ROASTED POTATOES WITH SEA SALT AND BLACK PEPPER,MEAT
10875,AND  GARLIC   POTATOES ROASTED ROSEMARY WITH CHEF#ITC#MASTER,ITC MASTER CHEF ROASTED POTATOES WITH GARLIC AND ROSEMARY,MEAT
10876, EAT   MEXICAN  RICE STYLE  CHEF#ITC#MASTER READY#TO,ITC MASTER CHEF READY TO EAT MEXICAN STYLE RICE,MEAT
10905,CHICKEN FLAVOUR LICIOUS PEPPERONI SNACK SPICY STICKS STYLE,LICIOUS CHICKEN PEPPERONI STYLE SNACK STICKS SPICY FLAVOUR,MEAT
10112,CHICKEN GODREJ GRAM KEBAB PACK SEEKH YUMMIEZ,GODREJ YUMMIEZ CHICKEN SEEKH KEBAB 240 GRAM PACK,MEAT
10113, CHICKEN GRAM   PACK TIKKA CHEF#ITC#MASTER,ITC MASTER CHEF CHICKEN TIKKA 250 GRAM PACK,MEAT
10114,BONELESS BREAST CHICKEN GRAM LICIOUS PACK,LICIOUS CHICKEN BONELESS BREAST 500 GRAM PACK,MEAT
10115,CHICKEN GODREJ GRAM NUGGETS PACK YUMMIEZ,GODREJ YUMMIEZ CHICKEN NUGGETS 400 GRAM PACK,MEAT
10116,CHICKEN GODREJ GRAM PACK WINGS YUMMIEZ,GODREJ YUMMIEZ CHICKEN WINGS 400 GRAM PACK,MEAT
10117, CHICKEN GRAM  MALAI  PACK TIKKA CHEF#ITC#MASTER,ITC MASTER CHEF CHICKEN MALAI TIKKA 250 GRAM PACK,MEAT
10867,CURRY CUT GRAM LICIOUS MUTTON PACK,LICIOUS MUTTON CURRY CUT 500 GRAM PACK,MEAT
10868,BONELESS BREAST CHICKEN FRESHTOHOME GRAM PACK,FRESHTOHOME CHICKEN BONELESS BREAST 500 GRAM PACK,MEAT
10869,CHICKEN GODREJ GRAM PACK SAUSAGES YUMMIEZ,GODREJ YUMMIEZ CHICKEN SAUSAGES 250 GRAM PACK,MEAT
10870,CHICKEN GRAM LICIOUS PACK TENDERLOIN,LICIOUS CHICKEN TENDERLOIN 250 GRAM PACK,MEAT
10871,BONELESS CHICKEN FRESHTOHOME GRAM PACK THIGH,FRESHTOHOME CHICKEN THIGH BONELESS 500 GRAM PACK,MEAT
10872,BONELESS CHICKEN FRESHTOHOME GRAM PACK THIGH,FRESHTOHOME CHICKEN THIGH BONELESS 500 GRAM PACK,MEAT
10928,CHICKEN GODREJ GRAM PACK POPCORN YUMMIEZ,GODREJ YUMMIEZ CHICKEN POPCORN 400 GRAM PACK,MEAT
10103,CHICKEN KG LEG PACK PIECE RAW SKINLESS WHOLE,CHICKEN WHOLE LEG PIECE SKINLESS RAW 1 KG PACK,MEAT
10104,CHICKEN COOK GRAM PACK  SATAY SKEWERS  READY#TO,CHICKEN SATAY SKEWERS READY TO COOK 250 GRAM PACK,MEAT
10792,BONELESS BREAST CHICKEN CUT FILLET GRAM PACK THIN,CHICKEN BREAST FILLET BONELESS THIN CUT 500 GRAM PACK,MEAT
10793,BONELESS CHICKEN FILLET GRAM PACK THIGH,CHICKEN THIGH BONELESS FILLET 500 GRAM PACK,MEAT
10794,CHICKEN CURRY CUT KG PACK SKINLESS WHOLE,CHICKEN WHOLE CURRY CUT SKINLESS 1 KG PACK,MEAT
10795,CHICKEN CURRY CUT GRAM PACK PIECES SKINLESS SMALL,CHICKEN CURRY CUT SMALL PIECES SKINLESS 500 GRAM PACK,MEAT
10796,CHICKEN CURRY CUT DRUMSTICK GRAM PACK SKINLESS,CHICKEN DRUMSTICK SKINLESS CURRY CUT 500 GRAM PACK,MEAT
10797,BONELESS BREAST CHICKEN FILLET GRAM PACK,CHICKEN BREAST BONELESS FILLET 500 GRAM PACK,MEAT
10798,BONELESS CHICKEN CUT GRAM PACK THIGH THIN,CHICKEN THIGH BONELESS THIN CUT 500 GRAM PACK,MEAT
10799,BREAST CHICKEN CUT FILLET GRAM PACK THIN,CHICKEN BREAST FILLET THIN CUT 500 GRAM PACK,MEAT
10800,BACK BONES CHICKEN GRAM NECK PACK PIECES SOUP,CHICKEN SOUP BONES (BACK & NECK PIECES) 500 GRAM PACK,MEAT
10866,BARBECUE BOTTLE GRAM MARINADE SAUCE VEEBA,VEEBA BARBECUE MARINADE SAUCE 300 GRAM BOTTLE,MEAT
10896,CATCH FISH GRAM MASALA PACK SEASONING,CATCH FISH SEASONING MASALA 100 GRAM PACK,MEAT
10897,BARBECUE CATCH GRAM MASALA PACK SEASONING,CATCH BARBECUE SEASONING MASALA 100 GRAM PACK,MEAT
10898,CATCH CHICKEN GRAM MASALA PACK POWDER,CATCH CHICKEN MASALA POWDER 100 GRAM PACK,MEAT
10109,BURGER CHICKEN GODREJ GRAM PACK PATTY YUMMIEZ,GODREJ YUMMIEZ CHICKEN BURGER PATTY 360 GRAM PACK,MEAT
10822,CHICKEN FRESHTOHOME GRAM MINCE PACK,FRESHTOHOME CHICKEN MINCE 500 GRAM PACK,MEAT
10823,BURGER CHICKEN GODREJ GRAM MINI PACK PATTIES YUMMIEZ,GODREJ YUMMIEZ CHICKEN MINI BURGER PATTIES 240 GRAM PACK,MEAT
10824,BURGER  CHICKEN GRAM   PACK PATTIES CHEF#ITC#MASTER,ITC MASTER CHEF CHICKEN BURGER PATTIES 300 GRAM PACK,MEAT
10877, CHICKEN GOODDOT GRAM MINCE PACK  VEG BASED#PLANT,GOODDOT VEG CHICKEN PLANT BASED MINCE 200 GRAM PACK,MEAT
10110,CHICKEN S SAUSAGE VENKY,VENKYÆS CHICKEN SAUSAGE,MEAT
10111,CHICKEN GODREJ GOOD REAL SAUSAGE,GODREJ REAL GOOD CHICKEN SAUSAGE,MEAT
10846,CHICKEN S SALAMI VENKY,VENKYÆS CHICKEN SALAMI,MEAT
10847,BITES CHICKEN GODREJ GOOD REAL SAUSAGE,GODREJ REAL GOOD CHICKEN SAUSAGE BITES,MEAT
10848,CHICKEN S SAUSAGE VENKY,VENKYÆS CHICKEN SAUSAGE,MEAT
10849,CHICKEN GODREJ GOOD REAL SALAMI,GODREJ REAL GOOD CHICKEN SALAMI,MEAT
10850,CHICKEN S SAUSAGE VENKY,VENKYÆS CHICKEN SAUSAGE,MEAT
10851,CHICKEN SAUSAGE ZORABIAN,ZORABIAN CHICKEN SAUSAGE,MEAT
10852,CHICKEN GODREJ GOOD REAL SALAMI,GODREJ REAL GOOD CHICKEN SALAMI,MEAT
10853,CHICKEN GODREJ GOOD HAM REAL,GODREJ REAL GOOD CHICKEN HAM,MEAT
10854,CHICKEN S SALAMI VENKY,VENKYÆS CHICKEN SALAMI,MEAT
10855,CHICKEN GODREJ GOOD REAL SALAMI,GODREJ REAL GOOD CHICKEN SALAMI,MEAT
10856,CHICKEN SALAMI ZORABIAN,ZORABIAN CHICKEN SALAMI,MEAT
10857,CHICKEN GODREJ GOOD REAL SAUSAGE SMOKED,GODREJ REAL GOOD CHICKEN SMOKED SAUSAGE,MEAT
10858,CHICKEN S SAUSAGE VENKY,VENKYÆS CHICKEN SAUSAGE,MEAT
10859,CHICKEN HAM ZORABIAN,ZORABIAN CHICKEN HAM,MEAT
10860,CHICKEN PRASUMA SAUSAGE,PRASUMA CHICKEN SAUSAGE,MEAT
10861,CHICKEN GODREJ SAUSAGE YUMMIEZ,GODREJ YUMMIEZ CHICKEN SAUSAGE,MEAT
10862,CHICKEN SAUSAGE ZORABIAN,ZORABIAN CHICKEN SAUSAGE,MEAT
10863,CHICKEN GODREJ GOOD REAL SALAMI,GODREJ REAL GOOD CHICKEN SALAMI,MEAT
10864,CHICKEN S SALAMI VENKY,VENKYÆS CHICKEN SALAMI,MEAT
10865,CHICKEN HAM ZORABIAN,ZORABIAN CHICKEN HAM,MEAT
10118,BONELESS BREAST CHICKEN PRASUMA,PRASUMA CHICKEN BREAST BONELESS,MEAT
10119,BONE CHICKEN CURRY CUT IN LICIOUS,LICIOUS CHICKEN CURRY CUT BONE-IN,MEAT
10120,CHICKEN FROZEN PRASUMA WINGS,PRASUMA CHICKEN WINGS FROZEN,MEAT
10121,CHICKEN LICIOUS WINGLETS,LICIOUS CHICKEN WINGLETS,MEAT
10122,CHICKEN DRUMSTICKS PACK PRASUMA VALUE,PRASUMA CHICKEN DRUMSTICKS VALUE PACK,MEAT
10123,BONELESS CHICKEN LICIOUS THIGH,LICIOUS CHICKEN THIGH BONELESS,MEAT
10878,BONELESS BREAST CHICKEN FILLET LICIOUS,LICIOUS CHICKEN BREAST FILLET BONELESS,MEAT
10879,BREAST CHICKEN CUT PRASUMA THIN,PRASUMA CHICKEN BREAST THIN CUT,MEAT
10880,BREAST CHICKEN LICIOUS STRIPS,LICIOUS CHICKEN BREAST STRIPS,MEAT
10881,BBQ CHICKEN CUT PRASUMA WINGS,PRASUMA CHICKEN WINGS BBQ CUT,MEAT
10882,BBQ CHICKEN LICIOUS STYLE WINGS,LICIOUS CHICKEN WINGS BBQ STYLE,MEAT
10883,BONELESS CHICKEN LEG PRASUMA,PRASUMA CHICKEN LEG BONELESS,MEAT
10884,CHICKEN CURRY CUT LICIOUS WHOLE,LICIOUS WHOLE CHICKEN CURRY CUT,MEAT
10885,CHICKEN CUT PRASUMA ROAST,PRASUMA CHICKEN ROAST CUT,MEAT
10886,BONELESS CHICKEN CURRY CUT LICIOUS,LICIOUS CHICKEN CURRY CUT BONELESS,MEAT
10887,BREAST CHICKEN CUT PIECES PRASUMA,PRASUMA CHICKEN BREAST CUT PIECES,MEAT
10888,BONELESS CHICKEN CUBES LICIOUS,LICIOUS CHICKEN BONELESS CUBES,MEAT
10142,CHICKEN GARLIC PRASUMA SAUSAGE,PRASUMA GARLIC CHICKEN SAUSAGE,MEAT
10784,BLACK CHICKEN LICIOUS PEPPER SAUSAGE SMOKED,LICIOUS SMOKED CHICKEN SAUSAGE BLACK PEPPER,MEAT
10785,CHICKEN PRASUMA SAUSAGE SMOKED SPICY,PRASUMA SMOKED CHICKEN SAUSAGE SPICY,MEAT
10786,CHEESE CHICKEN CHILLI LICIOUS SAUSAGE,LICIOUS CHEESE & CHILLI CHICKEN SAUSAGE,MEAT
10787,CHICKEN FRESHO GARLIC SAUSAGE,FRESHO! CHICKEN GARLIC SAUSAGE,MEAT
10788,CHICKEN MILD PRASUMA SAUSAGE SMOKED,PRASUMA SMOKED CHICKEN SAUSAGE MILD,MEAT
10789,CHICKEN MEATIGO SAUSAGE SMOKY STYLE SWEET,MEATIGO CHICKEN SAUSAGE SWEET SMOKY STYLE,MEAT
10790,CHICKEN LICIOUS PEPPER ROASTED SAUSAGE,LICIOUS ROASTED PEPPER CHICKEN SAUSAGE,MEAT
10791,CHICKEN GODREJ SAUSAGE SLICES YUMMIEZ,GODREJ YUMMIEZ CHICKEN SAUSAGE SLICES,MEAT
10923,BRATWURST CHICKEN LICIOUS,LICIOUS CHICKEN BRATWURST,MEAT
10924,CHICKEN CLASSIC PRASUMA SAUSAGE,PRASUMA CLASSIC CHICKEN SAUSAGE,MEAT
10925,CHICKEN ITALIAN MEATIGO SAUSAGE SPICY,MEATIGO SPICY ITALIAN CHICKEN SAUSAGE,MEAT
10926,CHICKEN PRASUMA SAUSAGE SPICY,PRASUMA SPICY CHICKEN SAUSAGE,MEAT
10927,CHICKEN LICIOUS SAUSAGE SMOKED,LICIOUS SMOKED CHICKEN SAUSAGE,MEAT
10890,BONELESS BREAST CHICKEN LICIOUS PREMIUM,LICIOUS CHICKEN BREAST BONELESS PREMIUM,MEAT
10891,BREAST CHICKEN   PRASUMA FILLET#PERI,PRASUMA PERI PERI CHICKEN BREAST FILLET,MEAT
10892,BREAST CHICKEN FILLET TENDERCUTS,TENDERCUTS CHICKEN BREAST FILLET,MEAT
10893,BONELESS BREAST CHICKEN FRESHTOHOME PREMIUM,FRESHTOHOME PREMIUM CHICKEN BREAST BONELESS,MEAT
10782,BREAKFAST CHICKEN PRASUMA SAUSAGE,PRASUMA BREAKFAST CHICKEN SAUSAGE,MEAT
10783,CHICKEN G PRASUMA SAUSAGE,PRASUMA CHICKEN SAUSAGE 250G,MEAT
10016,BAGELS BREAD BREAKFAST MODERN PUMPKIN SOFT SPICE,MODERN PUMPKIN SPICE BAGELS SOFT BREAKFAST BREAD,BAKERY PKGD OUTSIDE
10017,BAGELS BREAD BREAKFAST CINNAMON MODERN SOFT SWIRL,MODERN CINNAMON SWIRL BAGELS SOFT BREAKFAST BREAD,BAKERY PKGD OUTSIDE
10018,BAGELS BREAD EVERYTHING MODERN OF PACK SOFT,MODERN EVERYTHING BAGELS PACK OF 6 SOFT BREAD,BAKERY PKGD OUTSIDE
10019,BAGELS BLUEBERRY BREAD MODERN OF PACK SOFT,MODERN BLUEBERRY BAGELS PACK OF 6 SOFT BREAD,BAKERY PKGD OUTSIDE
10337,BAGELS BREAD BREAKFAST FLAVOURED MODERN PIZZA SAVOURY,MODERN PIZZA FLAVOURED BAGELS SAVOURY BREAKFAST BREAD,BAKERY PKGD OUTSIDE
10338,BAGELS BREAD CHEDDAR CHEESE FLAVOURED JALAPENO MODERN SPICY,MODERN JALAPENO CHEDDAR BAGELS SPICY CHEESE FLAVOURED BREAD,BAKERY PKGD OUTSIDE
10339,BAGELS BREAD BRITANNIA EVERYTHING MIXED SAVOURY SEEDS,BRITANNIA EVERYTHING BAGELS MIXED SEEDS SAVOURY BREAD,BAKERY PKGD OUTSIDE
10340,BAGELS BREAD BRITANNIA OF PACK PLAIN SOFT,BRITANNIA PLAIN BAGELS PACK OF 6 SOFT BREAD,BAKERY PKGD OUTSIDE
10341,BAGELS BREAD BREAKFAST FREE GLUTEN PLAIN SCHAR SOFT,SCHAR GLUTEN FREE PLAIN BAGELS SOFT BREAKFAST BREAD,BAKERY PKGD OUTSIDE
10342,BAGELS BREAD BRITANNIA CLASSIC OF PACK PLAIN SOFT,BRITANNIA CLASSIC PLAIN BAGELS PACK OF 5 SOFT BREAD,BAKERY PKGD OUTSIDE
10343,BAGELS BREAD FLAVOURED MODERN ONION SAVOURY,MODERN ONION BAGELS SAVOURY FLAVOURED BREAD,BAKERY PKGD OUTSIDE
10344,BAGELS BREAD HAWAIIAN MODERN SOFT SWEET,MODERN HAWAIIAN BAGELS SWEET SOFT BREAD,BAKERY PKGD OUTSIDE
10335,BAGELS BLUEBERRY BREAD BREAKFAST MINI MODERN SOFT SWEET,MODERN MINI BLUEBERRY BAGELS SOFT SWEET BREAKFAST BREAD,BAKERY PKGD OUTSIDE
10336,BAGELS BREAD HAWAIIAN MINI MODERN SOFT SWEET,MODERN MINI HAWAIIAN BAGELS SOFT SWEET BREAD,BAKERY PKGD OUTSIDE
10013,BRITANNIA ENGLISH MUFFINS OF PACK PLAIN,BRITANNIA ENGLISH MUFFINS PLAIN PACK OF 10,BAKERY PKGD OUTSIDE
10325,BREAD BREAKFAST BRITANNIA ENGLISH MUFFINS RAISIN SWEET,BRITANNIA RAISIN ENGLISH MUFFINS SWEET BREAKFAST BREAD,BAKERY PKGD OUTSIDE
10326,BREAD BREAKFAST BRITANNIA ENGLISH MUFFINS SOFT SOURDOUGH,BRITANNIA SOURDOUGH ENGLISH MUFFINS SOFT BREAKFAST BREAD,BAKERY PKGD OUTSIDE
10327,BREAD BREAKFAST BRITANNIA ENGLISH MUFFINS PLAIN SOFT,BRITANNIA ENGLISH MUFFINS PLAIN SOFT BREAKFAST BREAD,BAKERY PKGD OUTSIDE
10328,BREAD BREAKFAST BRITANNIA  ENGLISH  LOW MUFFINS CARB#KETO,BRITANNIA KETO ENGLISH MUFFINS LOW CARB BREAKFAST BREAD,BAKERY PKGD OUTSIDE
10329,BREAD BREAKFAST BRITANNIA ENGLISH MUFFINS ORIGINAL SOFT,BRITANNIA ENGLISH MUFFINS ORIGINAL SOFT BREAKFAST BREAD,BAKERY PKGD OUTSIDE
10014,BREAD BREAKFAST BRITANNIA BROWN CINNAMON LOAF OATS SOFT SUGAR,BRITANNIA BROWN SUGAR CINNAMON OATS BREAD SOFT BREAKFAST LOAF,BAKERY PKGD OUTSIDE
10015,BLUEBERRY BREAD BREAKFAST BRITANNIA LOAF OATS SOFT,BRITANNIA BLUEBERRY OATS BREAD SOFT BREAKFAST LOAF,BAKERY PKGD OUTSIDE
10330,BREAD BREAKFAST BRITANNIA CINNAMON FREE GLUTEN LOAF RAISIN SWEET,BRITANNIA CINNAMON RAISIN BREAD GLUTEN FREE SWEET BREAKFAST LOAF,BAKERY PKGD OUTSIDE
10331,BREAD   SLICED SOFT TEXAS THICK TOAST GOLD#HARVEST,HARVEST GOLD TEXAS TOAST THICK SLICED SOFT BREAD,BAKERY PKGD OUTSIDE
10332,BREAD BREAKFAST BRITANNIA FLAVOUR LOAF SEASONAL SPECIAL,BRITANNIA SEASONAL BREAKFAST BREAD SPECIAL FLAVOUR LOAF,BAKERY PKGD OUTSIDE
10333,BREAD BREAKFAST BRITANNIA CINNAMON LOAF SWEET SWIRL,BRITANNIA CINNAMON SWIRL BREAD SWEET BREAKFAST LOAF,BAKERY PKGD OUTSIDE
10334,BREAD BREAKFAST CINNAMON   LOAF RAISIN SWEET SWIRL GOLD#HARVEST,HARVEST GOLD CINNAMON RAISIN SWIRL BREAD SWEET BREAKFAST LOAF,BAKERY PKGD OUTSIDE
10029,BREAD BRITANNIA HOMESTYLE LOAF SMALL WHITE,BRITANNIA HOMESTYLE WHITE BREAD SMALL LOAF,BAKERY PKGD OUTSIDE
10383,BREAD BRITANNIA FREE GLUTEN HAWAIIAN LOAF SOFT SWEET,BRITANNIA GLUTEN FREE HAWAIIAN BREAD SWEET SOFT LOAF,BAKERY PKGD OUTSIDE
10384,BREAD BRITANNIA CLASSIC LOAF PREMIUM SOFT WHITE,BRITANNIA CLASSIC WHITE BREAD PREMIUM SOFT LOAF,BAKERY PKGD OUTSIDE
10027,BREAD  HALF  LOAF SANDWICH SOFT SOURDOUGH GOLD#HARVEST,HARVEST GOLD SOURDOUGH BREAD HALF LOAF SOFT SANDWICH BREAD,BAKERY PKGD OUTSIDE
10367,BREAD CRACKED   LOAF RUSTIC SANDWICH SOURDOUGH STYLE WHEAT GOLD#HARVEST,HARVEST GOLD SOURDOUGH CRACKED WHEAT BREAD RUSTIC STYLE SANDWICH LOAF,BAKERY PKGD OUTSIDE
10368,BREAD   HEALTHY LOAF PERCENT SANDWICH SOFT WHEAT WHOLE GOLD#HARVEST,HARVEST GOLD 100 PERCENT WHOLE WHEAT BREAD SOFT HEALTHY SANDWICH LOAF,BAKERY PKGD OUTSIDE
10369,BREAD BRITANNIA DAILY LOAF SANDWICH SOFT WHEAT,BRITANNIA WHEAT BREAD SOFT DAILY SANDWICH LOAF,BAKERY PKGD OUTSIDE
10370,BREAD   LOAF MULTIGRAIN SANDWICH SEEDED SLICED GOLD#HARVEST,HARVEST GOLD SEEDED BREAD SLICED MULTIGRAIN SANDWICH LOAF,BAKERY PKGD OUTSIDE
10371,BREAD BRITANNIA CLASSIC LOAF SANDWICH SOFT WHITE,BRITANNIA CLASSIC WHITE BREAD SOFT SANDWICH LOAF,BAKERY PKGD OUTSIDE
10372,BREAD   LOAF ORGANIC SANDWICH SOFT WHITE GOLD#HARVEST,HARVEST GOLD ORGANIC WHITE BREAD SOFT SANDWICH LOAF,BAKERY PKGD OUTSIDE
10373,BREAD BRITANNIA BUTTER LOAF RICH SANDWICH SOFT,BRITANNIA BUTTER BREAD SOFT RICH SANDWICH LOAF,BAKERY PKGD OUTSIDE
10374,BREAD   HEALTHY LOAF MULTISEED ORGANIC SANDWICH GOLD#HARVEST,HARVEST GOLD ORGANIC MULTISEED BREAD HEALTHY SANDWICH LOAF,BAKERY PKGD OUTSIDE
10375,BREAD   HEALTHY LOAF MULTISEED ORGANIC SLICED THIN GOLD#HARVEST,HARVEST GOLD ORGANIC MULTISEED BREAD THIN SLICED HEALTHY LOAF,BAKERY PKGD OUTSIDE
10376,BREAD  GRAIN  HEALTHY LOAF ORGANIC SANDWICH SPROUTED GOLD#HARVEST,HARVEST GOLD ORGANIC SPROUTED GRAIN BREAD HEALTHY SANDWICH LOAF,BAKERY PKGD OUTSIDE
10377,BREAD   HONEY LOAF SANDWICH SOFT SWEET WHEAT GOLD#HARVEST,HARVEST GOLD HONEY WHEAT BREAD SOFT SWEET SANDWICH LOAF,BAKERY PKGD OUTSIDE
10378,BREAD FREE GLUTEN   HEALTHY LOAF MULTISEED SANDWICH GOLD#HARVEST,HARVEST GOLD GLUTEN FREE MULTISEED BREAD HEALTHY SANDWICH LOAF,BAKERY PKGD OUTSIDE
10379,BREAD BRITANNIA HAWAIIAN LOAF SANDWICH SOFT STYLE SWEET,BRITANNIA HAWAIIAN STYLE BREAD SWEET SOFT SANDWICH LOAF,BAKERY PKGD OUTSIDE
10028,BREAD BRIOCHE BRITANNIA LOAF PREMIUM SOFT,BRITANNIA BRIOCHE BREAD SOFT PREMIUM LOAF,BAKERY PKGD OUTSIDE
10381,BAKERY BREAD   LOAF MULTIGRAIN PREMIUM SMOOTH GOLD#HARVEST,HARVEST GOLD MULTIGRAIN SMOOTH BREAD PREMIUM BAKERY LOAF,BAKERY PKGD OUTSIDE
10382,BAKERY BREAD BRITANNIA LOAF POTATO SOFT STYLE,BRITANNIA POTATO BREAD SOFT BAKERY STYLE LOAF,BAKERY PKGD OUTSIDE
10365,BAKERY BREAD FRENCH LOAF MODERN SLICED SOFT,MODERN FRENCH BREAD SLICED SOFT BAKERY LOAF,BAKERY PKGD OUTSIDE
10366,BREAD CRACKED   LOAF RUSTIC SOURDOUGH STYLE WHEAT GOLD#HARVEST,HARVEST GOLD CRACKED WHEAT SOURDOUGH BREAD RUSTIC STYLE LOAF,BAKERY PKGD OUTSIDE
10380,BAKERY BREAD   LOAF ORGANIC RUSTIC SOURDOUGH GOLD#HARVEST,HARVEST GOLD ORGANIC SOURDOUGH BREAD RUSTIC BAKERY LOAF,BAKERY PKGD OUTSIDE
10021,BAKERY BRITANNIA BUNS CHICKEN ROLLS SAUSAGE SOFT,BRITANNIA CHICKEN SAUSAGE BUNS SOFT BAKERY ROLLS,BAKERY PKGD OUTSIDE
10022,BREAD DINNER   MULTIGRAIN ROLLS SOFT GOLD#HARVEST,HARVEST GOLD MULTIGRAIN DINNER ROLLS SOFT BREAD,BAKERY PKGD OUTSIDE
10023,BAKERY BREAD CLASSIC DINNER   ROLLS SOFT GOLD#HARVEST,HARVEST GOLD CLASSIC DINNER ROLLS SOFT BAKERY BREAD,BAKERY PKGD OUTSIDE
10024,BREAD BRITANNIA CROUTONS CUBES FOR SALADS SEASONED,BRITANNIA SEASONED CROUTONS BREAD CUBES FOR SALADS,BAKERY PKGD OUTSIDE
10349,BREAD BUNS BURGER MODERN OF PACK PUB SOFT STYLE,MODERN PUB STYLE BURGER BUNS PACK OF 8 SOFT BREAD,BAKERY PKGD OUTSIDE
10350,BREAD BUNS FLAVOURED  HAMBURGER  ONION SOFT GOLD#HARVEST,HARVEST GOLD ONION FLAVOURED HAMBURGER BUNS SOFT BREAD,BAKERY PKGD OUTSIDE
10351,BAKE BASE BRITANNIA INCH PIZZA  THIN  ULTRA READY#TO,BRITANNIA ULTRA THIN PIZZA BASE 12 INCH READY TO BAKE,BAKERY PKGD OUTSIDE
10352,BRITANNIA BUNS  DOG HOT  LOW ROLLS SOFT CARB#KETO,BRITANNIA KETO HOT DOG BUNS LOW CARB SOFT ROLLS,BAKERY PKGD OUTSIDE
10353,BAKERY BREAD CIABATTA FREE GLUTEN ROLLS SCHAR SOFT,SCHAR GLUTEN FREE CIABATTA ROLLS SOFT BAKERY BREAD,BAKERY PKGD OUTSIDE
10025,BRITANNIA BUNS HAWAIIAN MINI OF PACK SWEET,BRITANNIA MINI SWEET HAWAIIAN BUNS PACK OF 8,BAKERY PKGD OUTSIDE
10026,BRITANNIA BUNS MINI OF PACK ROLLS SESAME SOFT,BRITANNIA MINI SESAME BUNS PACK OF 8 SOFT ROLLS,BAKERY PKGD OUTSIDE
10354,BRITANNIA BUNS DOG HOT OF PACK ROLLS SOFT,BRITANNIA HOT DOG BUNS PACK OF 16 SOFT ROLLS,BAKERY PKGD OUTSIDE
10355,BREAD BRIOCHE BUNS DOG   HOT OF PACK SOFT GOLD#HARVEST,HARVEST GOLD BRIOCHE HOT DOG BUNS PACK OF 8 SOFT BREAD,BAKERY PKGD OUTSIDE
10356,BAKERY BREAD BRITANNIA BUNS CLASSIC HAMBURGER SOFT,BRITANNIA CLASSIC HAMBURGER BUNS SOFT BAKERY BREAD,BAKERY PKGD OUTSIDE
10357,BREAD BUNS  HAMBURGER  SESAME SOFT GOLD#HARVEST,HARVEST GOLD SESAME HAMBURGER BUNS SOFT BREAD,BAKERY PKGD OUTSIDE
10358,BRIOCHE BUNS BURGER   OF PACK PREMIUM ROLLS SOFT GOLD#HARVEST,HARVEST GOLD BRIOCHE BURGER BUNS PREMIUM SOFT ROLLS PACK OF 8,BAKERY PKGD OUTSIDE
10359,BRITANNIA BUNS  DOG HOT  LOW OF PACK ROLLS CARB#KETO,BRITANNIA KETO HOT DOG BUNS PACK OF 8 LOW CARB ROLLS,BAKERY PKGD OUTSIDE
10360,BAKERY BUNS DOG HOT MODERN ROLLS SOFT,MODERN HOT DOG BUNS SOFT BAKERY ROLLS,BAKERY PKGD OUTSIDE
10361,BUNS   HAMBURGER   LOW OF PACK CARB#KETO GOLD#HARVEST,HARVEST GOLD KETO HAMBURGER BUNS LOW CARB PACK OF 8,BAKERY PKGD OUTSIDE
10362,BREAD BRITANNIA BUNS HAMBURGER OF PACK SOFT,BRITANNIA HAMBURGER BUNS PACK OF 12 SOFT BREAD,BAKERY PKGD OUTSIDE
10363,BAKERY BREAD   OF PACK ROLLS SOFT GOLD#HARVEST,HARVEST GOLD BAKERY ROLLS PACK OF 12 SOFT BREAD,BAKERY PKGD OUTSIDE
10364,BREAD FLAT FRENCH MODERN PACK ROLLS SOFT,MODERN FRENCH ROLLS FLAT PACK SOFT BREAD,BAKERY PKGD OUTSIDE
10345,BREAD BRITANNIA FLATBREAD FOR PITA SOFT WHITE WRAPS,BRITANNIA WHITE PITA BREAD SOFT FLATBREAD FOR WRAPS,BAKERY PKGD OUTSIDE
10346,BREAD   HEALTHY MULTIGRAIN SANDWICH THINS GOLD#HARVEST,HARVEST GOLD MULTIGRAIN SANDWICH THINS HEALTHY BREAD,BAKERY PKGD OUTSIDE
10347,BREAD   HEALTHY PERCENT SANDWICH THINS WHEAT WHOLE GOLD#HARVEST,HARVEST GOLD 100 PERCENT WHOLE WHEAT SANDWICH THINS HEALTHY BREAD,BAKERY PKGD OUTSIDE
10348,BREAD BRITANNIA BUNS BURGER GRAIN HEALTHY MULTIGRAIN,BRITANNIA MULTIGRAIN BURGER BUNS 21 GRAIN HEALTHY BREAD,BAKERY PKGD OUTSIDE
10020,AND BAKE BREADSTICKS BRITANNIA SERVE SNACK SOFT STICKS,BRITANNIA BAKE AND SERVE BREADSTICKS SOFT SNACK STICKS,BAKERY PKGD OUTSIDE
10033,ASSORTED BITES BRITANNIA CREAM FILLED LITTLE MUFFINS,BRITANNIA LITTLE MUFFINS ASSORTED CREAM FILLED BITES,BAKERY PKGD OUTSIDE
10403,BAKED BRITANNIA BUTTER COOKIES FRESH PACK PEANUT,BRITANNIA PEANUT BUTTER COOKIES FRESH BAKED PACK,BAKERY PKGD OUTSIDE
10034,BRITANNIA BUNDT CAKES FESTIVE MINI OF PACK,BRITANNIA MINI BUNDT CAKES FESTIVE PACK OF 8,BAKERY PKGD OUTSIDE
10035,BRITANNIA CUPCAKES FLAVOURED ICED LEMON OF PACK,BRITANNIA LEMON FLAVOURED ICED CUPCAKES PACK OF 8,BAKERY PKGD OUTSIDE
10036,CAKE DESSERT MONGINIS PUMPKIN SLICES SOFT SPICE,MONGINIS PUMPKIN SPICE CAKE SLICES SOFT DESSERT,BAKERY PKGD OUTSIDE
10037,BRITANNIA CHOCOLATE CUPCAKES FLAVOURED OF PACK,BRITANNIA CHOCOLATE FLAVOURED CUPCAKES PACK OF 8,BAKERY PKGD OUTSIDE
10404,BRITANNIA CAKE CHOCOLATE CREAM FILLED MULTIPACK ROLLS,BRITANNIA CHOCOLATE CREAM FILLED CAKE ROLLS MULTIPACK,BAKERY PKGD OUTSIDE
10409,BRITANNIA COOKIES CREAM OATMEAL PACK SANDWICH,BRITANNIA OATMEAL CREAM SANDWICH COOKIES PACK,BAKERY PKGD OUTSIDE
10044,ASSORTED BRITANNIA CAKES CREAM ICED PACK VANILLA,BRITANNIA VANILLA CREAM ICED CAKES ASSORTED PACK,BAKERY PKGD OUTSIDE
10045,BRITANNIA CAKES FLAVOURED ICED LEMON SNACK,BRITANNIA LEMON FLAVOURED ICED SNACK CAKES,BAKERY PKGD OUTSIDE
10046,BRITANNIA CAKES FLAVOURED ICED SNACK STRAWBERRY,BRITANNIA STRAWBERRY FLAVOURED ICED SNACK CAKES,BAKERY PKGD OUTSIDE
10047,BRITANNIA CAKES CHOCOLATE FLAVOURED ICED SNACK,BRITANNIA CHOCOLATE FLAVOURED ICED SNACK CAKES,BAKERY PKGD OUTSIDE
10412,BARS BRITANNIA CAKE CREAM FILLED VANILLA,BRITANNIA VANILLA CREAM FILLED CAKE BARS,BAKERY PKGD OUTSIDE
10413,BRITANNIA CAKES CREAM FESTIVE PACK SNACK VANILLA,BRITANNIA VANILLA CREAM SNACK CAKES FESTIVE PACK,BAKERY PKGD OUTSIDE
10414,BARS BRITANNIA CAKE CHOCOLATE CREAM FILLED,BRITANNIA CHOCOLATE CREAM FILLED CAKE BARS,BAKERY PKGD OUTSIDE
10415,BRITANNIA CAKES CHOCOLATE CREAM MULTIPACK ROLL,BRITANNIA CHOCOLATE CREAM ROLL CAKES MULTIPACK,BAKERY PKGD OUTSIDE
10416,BRITANNIA CAKES CHOCOLATE PACK ROLL SWISS,BRITANNIA CHOCOLATE SWISS ROLL CAKES PACK,BAKERY PKGD OUTSIDE
10417,BRITANNIA CHOCOLATE CUPCAKES FAMILY PACK PIECES,BRITANNIA CHOCOLATE CUPCAKES FAMILY PACK 14 PIECES,BAKERY PKGD OUTSIDE
10418,BARS BRITANNIA CAKE CREAM FILLED RASPBERRY,BRITANNIA RASPBERRY CREAM FILLED CAKE BARS,BAKERY PKGD OUTSIDE
10419,BITES BRITANNIA BROWNIE CANDY CHOCOLATE TOPPINGS WITH,BRITANNIA CHOCOLATE BROWNIE BITES WITH CANDY TOPPINGS,BAKERY PKGD OUTSIDE
10420,BRITANNIA CAKES CREAM FAMILY FILLED PACK PIECES SPONGE,BRITANNIA CREAM FILLED SPONGE CAKES FAMILY PACK 16 PIECES,BAKERY PKGD OUTSIDE
10421,BALLS BRITANNIA CHOCOLATE COCONUT CREAM MULTIPACK SNACK,BRITANNIA CHOCOLATE COCONUT CREAM SNACK BALLS MULTIPACK,BAKERY PKGD OUTSIDE
10042,BRITANNIA COOKIE CUPCAKES FLAVOURED OF PACK SUGAR,BRITANNIA SUGAR COOKIE FLAVOURED CUPCAKES PACK OF 8,BAKERY PKGD OUTSIDE
10043,BRITANNIA CUPCAKES FLAVOURED MULTIPACK STRAWBERRY,BRITANNIA STRAWBERRY FLAVOURED CUPCAKES MULTIPACK,BAKERY PKGD OUTSIDE
10410,BRITANNIA CHOCOLATE CUPCAKES MINI MULTIPACK,BRITANNIA CHOCOLATE MINI CUPCAKES MULTIPACK,BAKERY PKGD OUTSIDE
10411,BRITANNIA CHOCOLATE CREAM CUPCAKES FILLED MULTIPACK,BRITANNIA CHOCOLATE CREAM FILLED CUPCAKES MULTIPACK,BAKERY PKGD OUTSIDE
10038,ASSORTED BRITANNIA CAKE FILLED MARSHMALLOW PACK PUFFS,BRITANNIA MARSHMALLOW FILLED CAKE PUFFS ASSORTED PACK,BAKERY PKGD OUTSIDE
10039,BRITANNIA CAKES CHIP CHOCOLATE CREAM SANDWICH,BRITANNIA CHOCOLATE CHIP CREAM SANDWICH CAKES,BAKERY PKGD OUTSIDE
10040,CAKE CLASSIC DONUTS MONGINIS OF PACK WHITE,MONGINIS CLASSIC WHITE CAKE DONUTS PACK OF 6,BAKERY PKGD OUTSIDE
10041,ASSORTED BRITANNIA CAKES CHOCOLATE CREAM FILLED PACK SNACK,BRITANNIA CHOCOLATE CREAM FILLED SNACK CAKES ASSORTED PACK,BAKERY PKGD OUTSIDE
10405,BRITANNIA CAKES CREAM FILLED MULTIPACK SNACK SPONGE,BRITANNIA CREAM FILLED SPONGE SNACK CAKES MULTIPACK,BAKERY PKGD OUTSIDE
10406,BRITANNIA CHIP CHOCOLATE MINI MUFFINS PACK SNACK,BRITANNIA CHOCOLATE CHIP MINI MUFFINS SNACK PACK,BAKERY PKGD OUTSIDE
10407,BRITANNIA CHOCOLATE CREAM FILLED ROLLS SNACK WAFER,BRITANNIA CHOCOLATE WAFER ROLLS CREAM FILLED SNACK,BAKERY PKGD OUTSIDE
10408,ASSORTED BRITANNIA CAKE FLAVOUR MINI MUFFINS PACK PARTY,BRITANNIA PARTY CAKE MINI MUFFINS ASSORTED FLAVOUR PACK,BAKERY PKGD OUTSIDE
10048,BRITANNIA CAKE CHOCOLATE CREAM FILLED SERVE SINGLE,BRITANNIA CHOCOLATE CREAM FILLED CAKE SINGLE SERVE,BAKERY PKGD OUTSIDE
10049,BRITANNIA BUNDT CAKE DRIZZLE LEMON MINI SERVE SINGLE,BRITANNIA LEMON DRIZZLE MINI BUNDT CAKE SINGLE SERVE,BAKERY PKGD OUTSIDE
10425,BRITANNIA CAKE CHOCOLATE COATED COCONUT CREAM SERVE SINGLE,BRITANNIA CHOCOLATE CREAM COCONUT COATED CAKE SINGLE SERVE,BAKERY PKGD OUTSIDE
10426,BRITANNIA CAKE CHOCOLATE CREAM FILLED SERVE SINGLE,BRITANNIA CHOCOLATE CREAM FILLED CAKE SINGLE SERVE,BAKERY PKGD OUTSIDE
10052,BRITANNIA BUNDT CAKE CHOCOLATE DESSERT MINI SOFT,BRITANNIA CHOCOLATE MINI BUNDT CAKE SOFT DESSERT,BAKERY PKGD OUTSIDE
10050,FLAVOURED LEMON MONGINIS PIE SERVE SINGLE SNACK,MONGINIS LEMON FLAVOURED SNACK PIE SINGLE SERVE,BAKERY PKGD OUTSIDE
10051,CHOCOLATE CREAM FILLED MONGINIS PIE SNACK,MONGINIS CHOCOLATE CREAM FILLED SNACK PIE,BAKERY PKGD OUTSIDE
10427,CHERRY FRUIT MONGINIS PIE SERVE SINGLE,MONGINIS CHERRY FRUIT PIE SINGLE SERVE,BAKERY PKGD OUTSIDE
10428,CHERRY FLAVOURED MONGINIS PIE SERVE SINGLE SNACK,MONGINIS CHERRY FLAVOURED SNACK PIE SINGLE SERVE,BAKERY PKGD OUTSIDE
10429,BLACKBERRY FLAVOURED MONGINIS PIE SERVE SINGLE SNACK,MONGINIS BLACKBERRY FLAVOURED SNACK PIE SINGLE SERVE,BAKERY PKGD OUTSIDE
10430,APPLE FLAVOURED MONGINIS PIE SNACK,MONGINIS APPLE FLAVOURED SNACK PIE,BAKERY PKGD OUTSIDE
10431,BLACKBERRY FLAVOURED MONGINIS PIE SNACK,MONGINIS BLACKBERRY FLAVOURED SNACK PIE,BAKERY PKGD OUTSIDE
10432,APPLE FLAVOURED MONGINIS PIE SERVE SINGLE SNACK,MONGINIS APPLE FLAVOURED SNACK PIE SINGLE SERVE,BAKERY PKGD OUTSIDE
10433,APPLE FRUIT MONGINIS PIE SERVE SINGLE,MONGINIS APPLE FRUIT PIE SINGLE SERVE,BAKERY PKGD OUTSIDE
10422,BRITANNIA CHOCOLATE DONUTS FROSTED MINI OF PACK,BRITANNIA CHOCOLATE FROSTED MINI DONUTS PACK OF 6,BAKERY PKGD OUTSIDE
10423,BRITANNIA CAKE CREAM FILLED SERVE SINGLE SPONGE,BRITANNIA CREAM FILLED SPONGE CAKE SINGLE SERVE,BAKERY PKGD OUTSIDE
10424,BRITANNIA DONUTS MINI OF PACK POWDERED SUGAR,BRITANNIA POWDERED SUGAR MINI DONUTS PACK OF 6,BAKERY PKGD OUTSIDE
10386,CHEESE CREAM DANISH MONGINIS PASTRY,MONGINIS CREAM CHEESE DANISH PASTRY,BAKERY PKGD OUTSIDE
10387,BREAKFAST BRITANNIA CLAW DANISH PASTRY SWEET,BRITANNIA SWEET BREAKFAST CLAW DANISH PASTRY,BAKERY PKGD OUTSIDE
10388,AND APPLE DANISH FRUIT MONGINIS PASTRY RASPBERRY,MONGINIS APPLE AND RASPBERRY FRUIT DANISH PASTRY,BAKERY PKGD OUTSIDE
10031,DONUTS FLAVOURED MONGINIS PUMPKIN SOFT,MONGINIS PUMPKIN FLAVOURED SOFT DONUTS,BAKERY PKGD OUTSIDE
10032,APPLE CIDER DONUTS FLAVOURED MONGINIS,MONGINIS APPLE CIDER FLAVOURED DONUTS,BAKERY PKGD OUTSIDE
10393,CHOCOLATE DONUTS  MONGINIS OF  PACK FASHIONED#OLD,MONGINIS CHOCOLATE OLD FASHIONED DONUTS PACK OF 6,BAKERY PKGD OUTSIDE
10394,CINNAMON DONUTS FILLED MONGINIS OF PACK SUGAR,MONGINIS CINNAMON SUGAR FILLED DONUTS PACK OF 6,BAKERY PKGD OUTSIDE
10395,ASSORTED CAKE DONUTS MONGINIS OF PACK WHITE,MONGINIS ASSORTED WHITE CAKE DONUTS PACK OF 6,BAKERY PKGD OUTSIDE
10396,BRITANNIA CHOCOLATE DONUT FROSTED RICH,BRITANNIA RICH FROSTED CHOCOLATE DONUT,BAKERY PKGD OUTSIDE
10397,DONUTS FILLED MONGINIS POWDERED RASPBERRY,MONGINIS POWDERED RASPBERRY FILLED DONUTS,BAKERY PKGD OUTSIDE
10398,DONUTS FLAVOURED LEMON MONGINIS OF PACK,MONGINIS LEMON FLAVOURED DONUTS PACK OF 6,BAKERY PKGD OUTSIDE
10399,BUTTERMILK DONUTS MONGINIS OF PACK SOFT,MONGINIS BUTTERMILK SOFT DONUTS PACK OF 6,BAKERY PKGD OUTSIDE
10400,CLASSIC DONUTS  MONGINIS  FASHIONED#OLD,MONGINIS CLASSIC OLD FASHIONED DONUTS,BAKERY PKGD OUTSIDE
10401,BLUEBERRY DONUTS  FLAVOURED MONGINIS OF  PACK FASHIONED#OLD,MONGINIS BLUEBERRY FLAVOURED OLD FASHIONED DONUTS PACK OF 6,BAKERY PKGD OUTSIDE
10402,ASSORTED DONUTS FLAVOURED MONGINIS OF PACK SEASONAL,MONGINIS ASSORTED SEASONAL FLAVOURED DONUTS PACK OF 6,BAKERY PKGD OUTSIDE
10030,BRITANNIA DONUTS GLAZED HEARTS LITTLE MINI STRAWBERRY,BRITANNIA LITTLE HEARTS MINI STRAWBERRY GLAZED DONUTS,BAKERY PKGD OUTSIDE
10389,BRITANNIA DONUTS MINI PACK POWDERED SNACK SUGAR,BRITANNIA POWDERED SUGAR MINI DONUTS SNACK PACK,BAKERY PKGD OUTSIDE
10390,BRITANNIA CRUNCHY DONUTS MINI PACK SNACK,BRITANNIA CRUNCHY MINI DONUTS SNACK PACK,BAKERY PKGD OUTSIDE
10391,BRITANNIA BUN DONUTS HONEY SOFT STYLE,BRITANNIA HONEY BUN STYLE SOFT DONUTS,BAKERY PKGD OUTSIDE
10392,BRITANNIA CHOCOLATE DONUTS FROSTED MINI PACK SNACK,BRITANNIA CHOCOLATE FROSTED MINI DONUTS SNACK PACK,BAKERY PKGD OUTSIDE
10385,BREAKFAST CLAW MONGINIS PASTRY SWEET,MONGINIS SWEET BREAKFAST CLAW PASTRY,BAKERY PKGD OUTSIDE
10060,APPLES FRESH GALA ORGANIC PREMIUM QUALITY,ORGANIC GALA APPLES FRESH PREMIUM QUALITY,PRODUCE
10581,AND APPLES CRISP FRESH  ORGANIC  GRANNY#SMITH,ORGANIC GRANNY SMITH APPLES FRESH AND CRISP,PRODUCE
10582,APPLES FRESH GALA ORGANIC PREMIUM QUALITY,ORGANIC GALA APPLES FRESH PREMIUM QUALITY,PRODUCE
10061,APPLES FRESH LADY LARGE PINK PREMIUM SIZE,FRESH PINK LADY APPLES LARGE SIZE PREMIUM,PRODUCE
10583,AND APPLES FRESH JUICY SWEET SWEETANGO VARIETY,FRESH SWEETANGO APPLES SWEET AND JUICY VARIETY,PRODUCE
10584,APPLES EUROPEAN EXTRA FANCY FRESH OPAL VARIETY,FRESH OPAL APPLES EXTRA FANCY EUROPEAN VARIETY,PRODUCE
10585,APPLES CRISP FRESH GLO LUCY SWEET VARIETY,FRESH LUCY GLO APPLES SWEET CRISP VARIETY,PRODUCE
10586,APPLES AUTUMN EUROPEAN FRESH GLORY PREMIUM VARIETY,FRESH AUTUMN GLORY APPLES PREMIUM EUROPEAN VARIETY,PRODUCE
10587,AND APPLES FRESH JUICY NATURALLY SUGARBEE SWEET,FRESH SUGARBEE APPLES NATURALLY SWEET AND JUICY,PRODUCE
10056,APPLES DELICIOUS FRESH LARGE RED SIZE,FRESH RED DELICIOUS APPLES LARGE SIZE,PRODUCE
10057,APPLES DELICIOUS FRESH LARGE RED SIZE,FRESH RED DELICIOUS APPLES LARGE SIZE,PRODUCE
10058,APPLES DELICIOUS FRESH RED SIZE SMALL,FRESH RED DELICIOUS APPLES SMALL SIZE,PRODUCE
10059,APPLES DELICIOUS FRESH RED SIZE SMALL,FRESH RED DELICIOUS APPLES SMALL SIZE,PRODUCE
10576,AND APPLES COSMIC CRISP FRESH JUICY SWEET,FRESH COSMIC CRISP APPLES SWEET AND JUICY,PRODUCE
10577,APPLES FRESH  LARGE SIZE  GRANNY#SMITH,FRESH GRANNY SMITH APPLES LARGE SIZE,PRODUCE
10578,APPLES FRESH  LARGE SIZE  GRANNY#SMITH,FRESH GRANNY SMITH APPLES LARGE SIZE,PRODUCE
10579,APPLES DELICIOUS FRESH LARGE RED SIZE,FRESH RED DELICIOUS APPLES LARGE SIZE,PRODUCE
10580,APPLES DELICIOUS FRESH LARGE RED SIZE,FRESH RED DELICIOUS APPLES LARGE SIZE,PRODUCE
10063,AVOCADO FRESH FRUIT HASS INDIA ORGANIC SIZE SMALL,ORGANIC INDIA HASS AVOCADO SMALL SIZE FRESH ORGANIC FRUIT,PRODUCE
10062,AVOCADO FRESH FRUIT HASS MEDIUM RELIANCE SIZE,RELIANCE FRESH HASS AVOCADO MEDIUM SIZE FRESH FRUIT,PRODUCE
10588,AVOCADO FRESH FRUIT HASS MEDIUM RELIANCE SIZE,RELIANCE FRESH HASS AVOCADO MEDIUM SIZE FRESH FRUIT,PRODUCE
10589,AVOCADO FRESH FRUIT HASS MEDIUM RELIANCE SIZE,RELIANCE FRESH HASS AVOCADO MEDIUM SIZE FRESH FRUIT,PRODUCE
10590,AVOCADO FRESH FRUIT HASS MEDIUM RELIANCE SIZE,RELIANCE FRESH HASS AVOCADO MEDIUM SIZE FRESH FRUIT,PRODUCE
10591,AVOCADO FRESH FRUIT HASS MEDIUM RELIANCE SIZE,RELIANCE FRESH HASS AVOCADO MEDIUM SIZE FRESH FRUIT,PRODUCE
10592,AVOCADO FRESH FRUIT HASS LARGE RELIANCE SIZE,RELIANCE FRESH HASS AVOCADO LARGE SIZE FRESH FRUIT,PRODUCE
10593,AVOCADO FRESH FRUIT HASS LARGE RELIANCE SIZE,RELIANCE FRESH HASS AVOCADO LARGE SIZE FRESH FRUIT,PRODUCE
10594,AVOCADO FRESH FRUIT HASS LARGE RELIANCE SIZE,RELIANCE FRESH HASS AVOCADO LARGE SIZE FRESH FRUIT,PRODUCE
10595,AVOCADO FRESH FRUIT HASS MEDIUM RELIANCE SIZE,RELIANCE FRESH HASS AVOCADO MEDIUM SIZE FRESH FRUIT,PRODUCE
10596,AVOCADO FRESH FRUIT HASS LARGE RELIANCE SIZE,RELIANCE FRESH HASS AVOCADO LARGE SIZE FRESH FRUIT,PRODUCE
10601,FRESHO PACK RASPBERRIES,FRESHO RASPBERRIES PACK,PRODUCE
10602,FRESHO PACK STRAWBERRIES,FRESHO STRAWBERRIES PACK,PRODUCE
10600,CRANBERRIES DRIED NUTRAJ,NUTRAJ DRIED CRANBERRIES,PRODUCE
10598,BLUEBERRIES FRESHO PACK,FRESHO BLUEBERRIES PACK,PRODUCE
10599,BLUEBERRIES FRESHO PACK,FRESHO BLUEBERRIES PACK,PRODUCE
10603,FRESHO PACK RASPBERRIES,FRESHO RASPBERRIES PACK,PRODUCE
10604,FRESHO PACK RASPBERRIES,FRESHO RASPBERRIES PACK,PRODUCE
10605,FRESHO PACK STRAWBERRIES,FRESHO STRAWBERRIES PACK,PRODUCE
10613,AND FRESH JUICY KG LEMONS ORGANIC PACK,ORGANIC LEMONS 2 KG PACK FRESH AND JUICY,PRODUCE
10070,FRESH LEMONS MEDIUM SIZE,FRESH LEMONS MEDIUM SIZE,PRODUCE
10608,FRESH KG LEMONS PACK SEEDLESS,FRESH SEEDLESS LEMONS 1 KG PACK,PRODUCE
10071,FRESH   SIZE SMALL NAVEL#ORANGES,FRESH NAVEL ORANGES SMALL SIZE,PRODUCE
10072,BULK FRESH MEDIUM   PACK SIZE NAVEL#ORANGES,FRESH NAVEL ORANGES MEDIUM SIZE BULK PACK,PRODUCE
10609,CARA FRESH   SWEET VARIETY NAVEL#ORANGES,FRESH CARA CARA NAVEL ORANGES SWEET VARIETY,PRODUCE
10610,FRESH KG   PACK VALUE NAVEL#ORANGES,FRESH NAVEL ORANGES 3 KG VALUE PACK,PRODUCE
10611,FRESH KG   PACK VALUE NAVEL#ORANGES,FRESH NAVEL ORANGES 3 KG VALUE PACK,PRODUCE
10612,AND FRESH JUICY   PREMIUM SWEET NAVEL#ORANGES,FRESH PREMIUM NAVEL ORANGES SWEET AND JUICY,PRODUCE
10607,FRESH GRAPEFRUIT LARGE RED SIZE,FRESH RED GRAPEFRUIT LARGE SIZE,PRODUCE
10652,CANDY COTTON GRAPES,COTTON CANDY GRAPES,PRODUCE
10653,DROP GRAPES MOON,MOON DROP GRAPES,PRODUCE
10642,GRAPES GREEN SEEDLESS,GREEN GRAPES SEEDLESS,PRODUCE
10643,GRAPES GREEN SEEDLESS,GREEN GRAPES SEEDLESS,PRODUCE
10644,GRAPES GREEN SEEDLESS,GREEN GRAPES SEEDLESS,PRODUCE
10645,GRAPES GREEN SEEDLESS,GREEN GRAPES SEEDLESS,PRODUCE
10646,GRAPES GREEN SEEDLESS,GREEN GRAPES SEEDLESS,PRODUCE
10647,GRAPES GREEN SEEDLESS,GREEN GRAPES SEEDLESS,PRODUCE
10648,AUTUMN CRISP GRAPES GREEN,GREEN GRAPES AUTUMN CRISP,PRODUCE
10649,GRAPES RED SEEDLESS,RED GRAPES SEEDLESS,PRODUCE
10650,GRAPES RED SEEDLESS,RED GRAPES SEEDLESS,PRODUCE
10651,GRAPES RED SEEDLESS,RED GRAPES SEEDLESS,PRODUCE
10659,FRESH FRUIT RED RELIANCE SEEDLESS WATERMELON,RELIANCE FRESH RED SEEDLESS WATERMELON FRESH FRUIT,PRODUCE
10083,BARTLETT LOOSE ORGANIC PEARS,ORGANIC BARTLETT PEARS LOOSE,PRODUCE
10668,BARTLETT LOOSE ORGANIC PEARS,ORGANIC BARTLETT PEARS LOOSE,PRODUCE
10080,BOSC FRESH LOOSE PEARS,FRESH BOSC PEARS LOOSE,PRODUCE
10081,BOSC FRESH LOOSE PEARS,FRESH BOSC PEARS LOOSE,PRODUCE
10082,ANJOU FRESH GREEN LOOSE PEARS,FRESH GREEN ANJOU PEARS LOOSE,PRODUCE
10079,BARTLETT FRESH LOOSE PEARS,FRESH BARTLETT PEARS LOOSE,PRODUCE
10667,BARTLETT FRESH LOOSE PEARS,FRESH BARTLETT PEARS LOOSE,PRODUCE
10728,PLUMS YELLOW,YELLOW PLUMS,PRODUCE
10726,APRICOTS FRESH,FRESH APRICOTS,PRODUCE
10092,LARGE PEACHES YELLOW,YELLOW PEACHES LARGE,PRODUCE
10727,LARGE PEACHES YELLOW,YELLOW PEACHES LARGE,PRODUCE
10733,DRAGON EXOTIC FRESH FRUIT IN NUTRIENTS RICH TROPICAL,FRESH DRAGON FRUIT EXOTIC TROPICAL FRUIT RICH IN NUTRIENTS,PRODUCE
10095,ALPHANSO FRESH FRUIT MANGO SEASONAL SIZE SMALL SWEET,FRESH ALPHANSO MANGO SMALL SIZE SEASONAL SWEET FRUIT,PRODUCE
10734,AND FRESH JUICY LARGE MANGO PREMIUM QUALITY SIZE SWEET,FRESH MANGO LARGE SIZE JUICY AND SWEET PREMIUM QUALITY,PRODUCE
10735,FRESH FRUIT JUICY MANGO SEASONAL SIZE SMALL,FRESH MANGO SMALL SIZE JUICY SEASONAL FRUIT,PRODUCE
10094,FRESH FRUIT IMPORTED KIWI PREMIUM QUALITY,FRESH IMPORTED KIWI FRUIT PREMIUM QUALITY,PRODUCE
10606,CHERRIES FRESH PREMIUM QUALITY RED SWEET,FRESH RED SWEET CHERRIES PREMIUM QUALITY,PRODUCE
10074,FRESHO PUMPKIN YELLOW,FRESHO YELLOW PUMPKIN,PRODUCE
10075,FRESHO PUMPKIN YELLOW,FRESHO YELLOW PUMPKIN,PRODUCE
10621,BEETROOT FRESHO,FRESHO BEETROOT,PRODUCE
10622,CABBAGE FRESHO RED,FRESHO RED CABBAGE,PRODUCE
10623,FRESHO PUMPKIN,FRESHO PUMPKIN,PRODUCE
10624,BOTTLE FRESHO GOURD,FRESHO BOTTLE GOURD,PRODUCE
10625,BOTTLE FRESHO GOURD,FRESHO BOTTLE GOURD,PRODUCE
10626,CELERY FRESHO STALK,FRESHO CELERY STALK,PRODUCE
10627,BUNCH CARROT FRESHO,FRESHO CARROT BUNCH,PRODUCE
10620,FRESHO ONION SPRING,FRESHO SPRING ONION,PRODUCE
10073,FRESHO LEAVES SPINACH,FRESHO SPINACH LEAVES,PRODUCE
10619,CELERY FRESHO STALK,FRESHO CELERY STALK,PRODUCE
10641,BULBS FARM FRESH GARLIC NATURAL ORGANIC PRODUCE,ORGANIC FRESH GARLIC BULBS NATURAL FARM PRODUCE,PRODUCE
10089,BUNCH FRESH GREEN ONION ORGANIC SALAD SPRING VEGETABLE,ORGANIC SPRING ONION BUNCH FRESH GREEN SALAD VEGETABLE,PRODUCE
10703,CUCUMBER ENGLISH FRESH HOT HOUSE LONG ORGANIC SALAD VEGETABLE,ORGANIC LONG ENGLISH CUCUMBER HOT HOUSE FRESH SALAD VEGETABLE,PRODUCE
10704,CRUNCHY CUCUMBER FRESH ORGANIC SALAD VEGETABLE,ORGANIC CUCUMBER FRESH CRUNCHY SALAD VEGETABLE,PRODUCE
10705,CUCUMBER ENGLISH FARM FRESH LONG ORGANIC PRODUCE,ORGANIC LONG ENGLISH CUCUMBER FRESH FARM PRODUCE,PRODUCE
10706,FRESH LEAF LETTUCE ORGANIC RED SALAD TENDER VEGETABLE,ORGANIC RED LEAF LETTUCE FRESH TENDER SALAD VEGETABLE,PRODUCE
10707,CRISP FRESH ICEBERG LEAFY LETTUCE ORGANIC VEGETABLE,ORGANIC ICEBERG LETTUCE FRESH CRISP LEAFY VEGETABLE,PRODUCE
10708,BUNCH CRISP FRESH RADISH RED ROOT SALAD VEGETABLE,FRESH RED RADISH BUNCH CRISP ROOT SALAD VEGETABLE,PRODUCE
10701,CRISP CUCUMBER ENGLISH FRESH HOT HOUSE LONG SALAD VEGETABLE,FRESH LONG ENGLISH CUCUMBER HOT HOUSE CRISP SALAD VEGETABLE,PRODUCE
10702,CUCUMBER ENGLISH FRESH HOT HOUSE LONG PREMIUM QUALITY,FRESH LONG ENGLISH CUCUMBER HOT HOUSE PREMIUM QUALITY,PRODUCE
10088,CRISP FRESH ICEBERG LEAFY LETTUCE SALAD VEGETABLE,FRESH ICEBERG LETTUCE CRISP LEAFY SALAD VEGETABLE,PRODUCE
10729,DEL DRIED MONTE SUN TOMATOES,DEL MONTE SUN DRIED TOMATOES,PRODUCE
10090,ASIAN BABY   FRESH GREENS TENDER BOK#CHOY,FRESH BABY BOK CHOY TENDER ASIAN GREENS,PRODUCE
10091,ASIAN   FRESH LEAFY VEGETABLE BOK#CHOY,FRESH BOK CHOY ASIAN LEAFY VEGETABLE,PRODUCE
10658,BLEND COOKING GARLIC HERB INGREDIENT PASTE   USE READY#TO,GARLIC HERB PASTE BLEND READY TO USE COOKING INGREDIENT,PRODUCE
10656,BLEND CORIANDER DRIED HERB LIGHTLY SEASONING,LIGHTLY DRIED CORIANDER HERB SEASONING BLEND,PRODUCE
10076,AROMATIC FRESH HERB ITALIAN ORGANIC PARSLEY,ORGANIC ITALIAN PARSLEY FRESH AROMATIC HERB,PRODUCE
10654,AROMATIC CORIANDER FRESH HERB LEAVES ORGANIC,ORGANIC FRESH CORIANDER LEAVES AROMATIC HERB,PRODUCE
10655,AROMATIC BUNCH CURLY FRESH HERB PARSLEY,FRESH CURLY PARSLEY BUNCH AROMATIC HERB,PRODUCE
10077,AROMATIC BUNCH COOKING FRESH HERB ITALIAN PARSLEY,FRESH ITALIAN PARSLEY BUNCH AROMATIC COOKING HERB,PRODUCE
10657,AROMATIC FRESH HERB LEAVES ORGANIC SAGE,ORGANIC FRESH SAGE LEAVES AROMATIC HERB,PRODUCE
10661,BABY BELLA FRESH MUSHROOMS ORGANIC PACK WHOLE,ORGANIC BABY BELLA MUSHROOMS WHOLE FRESH PACK,PRODUCE
10660,FRESH MUSHROOMS PORTOBELLO PREMIUM QUALITY SLICED,FRESH SLICED PORTOBELLO MUSHROOMS PREMIUM QUALITY,PRODUCE
10078,FRESH JUMBO ONIONS ORGANIC SIZE YELLOW,ORGANIC YELLOW ONIONS JUMBO SIZE FRESH,PRODUCE
10662,FRESH ONIONS ORGANIC PREMIUM QUALITY SWEET,ORGANIC SWEET ONIONS FRESH PREMIUM QUALITY,PRODUCE
10665,FLAVOUR FRESH MILD ONIONS SWEET YELLOW,FRESH SWEET YELLOW ONIONS MILD FLAVOUR,PRODUCE
10663,FRESH MEDIUM ONIONS RED SIZE,FRESH RED ONIONS MEDIUM SIZE,PRODUCE
10664,FRESH ONIONS PREMIUM QUALITY RED,FRESH RED ONIONS PREMIUM QUALITY,PRODUCE
10670,BELL FRESH ORANGE ORGANIC PEPPERS PREMIUM QUALITY,ORGANIC ORANGE BELL PEPPERS FRESH PREMIUM QUALITY,PRODUCE
10671,BELL FRESH ORGANIC PEPPERS PREMIUM QUALITY YELLOW,ORGANIC YELLOW BELL PEPPERS FRESH PREMIUM QUALITY,PRODUCE
10064, FRESH  HOT HOUSE ORANGE PEPPERS BELL#GROWN,FRESH ORANGE BELL PEPPERS HOT HOUSE GROWN,PRODUCE
10065, FRESH  HOT HOUSE ORANGE PEPPERS BELL#GROWN,FRESH ORANGE BELL PEPPERS HOT HOUSE GROWN,PRODUCE
10066, FRESH GREENHOUSE  HYDROPONIC ORANGE PEPPERS BELL#GROWN,FRESH ORANGE BELL PEPPERS HYDROPONIC GREENHOUSE GROWN,PRODUCE
10067, FRESH GREENHOUSE  HYDROPONIC ORANGE PEPPERS BELL#GROWN,FRESH ORANGE BELL PEPPERS HYDROPONIC GREENHOUSE GROWN,PRODUCE
10068, FRESH GREENHOUSE  HYDROPONIC PEPPERS RED BELL#GROWN,FRESH RED BELL PEPPERS HYDROPONIC GREENHOUSE GROWN,PRODUCE
10069, FRESH GREENHOUSE  HYDROPONIC PEPPERS YELLOW BELL#GROWN,FRESH YELLOW BELL PEPPERS HYDROPONIC GREENHOUSE GROWN,PRODUCE
10597, FRESH GREENHOUSE  HYDROPONIC PEPPERS RED BELL#GROWN,FRESH RED BELL PEPPERS HYDROPONIC GREENHOUSE GROWN,PRODUCE
10084,ANAHEIM CHILLI FRESH GREEN MILD PEPPERS SPICE,FRESH ANAHEIM GREEN CHILLI PEPPERS MILD SPICE,PRODUCE
10085,CHILLI FRESH MEDIUM MILD PEPPERS POBLANO SPICE TO,FRESH POBLANO CHILLI PEPPERS MILD TO MEDIUM SPICE,PRODUCE
10086,AND CHILLI FRESH GREEN HOT PEPPERS SERRANO SPICY,FRESH SERRANO GREEN CHILLI PEPPERS HOT AND SPICY,PRODUCE
10669,CHILLI EXTRA FRESH HABANERO HOT PEPPERS VARIETY,FRESH HABANERO CHILLI PEPPERS EXTRA HOT VARIETY,PRODUCE
10672,EXOTIC FRESH POTATOES PURPLE VARIETY,FRESH PURPLE POTATOES EXOTIC VARIETY,PRODUCE
10087,FARM FRESH ORGANIC POTATOES PRODUCE SWEET,ORGANIC SWEET POTATOES FRESH FARM PRODUCE,PRODUCE
10673,BABY FRESH GOLDEN ORGANIC POTATOES PREMIUM QUALITY,ORGANIC BABY GOLDEN POTATOES FRESH PREMIUM QUALITY,PRODUCE
10674,FRESH KG ORGANIC PACK POTATOES RED,ORGANIC RED POTATOES 3 KG PACK FRESH,PRODUCE
10691,AND COOKING DECORATIVE FRESH PUMPKIN USE WARTED,FRESH WARTED PUMPKIN DECORATIVE AND COOKING USE,PRODUCE
10692,AND FRESH NUTRITIOUS PUMPKIN RED SWEET VEGETABLE,FRESH RED PUMPKIN SWEET AND NUTRITIOUS VEGETABLE,PRODUCE
10093,FRESH RED RELIANCE RIPE TOMATOES VEGETABLE VINE,RELIANCE FRESH VINE RIPE TOMATOES FRESH RED VEGETABLE,PRODUCE
10730,FRESH HOT HOUSE LARGE PRODUCE RELIANCE TOMATOES,RELIANCE FRESH LARGE HOT HOUSE TOMATOES FRESH PRODUCE,PRODUCE
10731,CLUSTER FRESH HARVESTED RELIANCE TOMATOES VINE,RELIANCE FRESH CLUSTER TOMATOES FRESH VINE HARVESTED,PRODUCE
10732,FRESH PACKAGED PIECES PRODUCE RELIANCE TOMATOES,RELIANCE FRESH PACKAGED TOMATOES 6 PIECES FRESH PRODUCE,PRODUCE
10709,BOWL CHICKEN EAT FRESH MEAL  SALAD SPICY STYLE  READY#TO,READY TO EAT SALAD BOWL SPICY CHICKEN STYLE FRESH MEAL,PRODUCE
10710,AND BLEND FRESH GREEN LEAVES LETTUCE RED SALAD,FRESH LETTUCE RED AND GREEN BLEND SALAD LEAVES,PRODUCE
10711,FRESH GREENS LEAVES MIXED ORGANIC SALAD SUPER,ORGANIC MIXED SUPER GREENS FRESH SALAD LEAVES,PRODUCE
10712,BABY FRESH LEAFY ORGANIC SALAD SPINACH VEGETABLE,ORGANIC BABY SPINACH FRESH LEAFY SALAD VEGETABLE,PRODUCE
10713,COOKING FOR FRESH PIE PUMPKIN SWEET VEGETABLE,FRESH PUMPKIN FOR PIE SWEET COOKING VEGETABLE,PRODUCE
10618,BRUSSELS FRESHO SPROUTS,FRESHO BRUSSELS SPROUTS,PRODUCE
10616,FRESHO OKRA,FRESHO OKRA,PRODUCE
10617,BROCCOLI FRESHO MIX,FRESHO BROCCOLI MIX,PRODUCE
10614,CUP FRESH FRUIT GRAPEFRUIT IN LIGHT RED SYRUP,FRESH RED GRAPEFRUIT FRUIT CUP IN LIGHT SYRUP,PRODUCE
10615,ADDED CUP FRESH FRUIT GRAPEFRUIT NO RED SUGAR,FRESH RED GRAPEFRUIT FRUIT CUP NO ADDED SUGAR,PRODUCE
10714,HAPPILO PECANS PREMIUM,HAPPILO PREMIUM PECANS,PRODUCE
10715,PECANS PREMIUM PROV,PROV PREMIUM PECANS,PRODUCE
10716,APRICOTS NUTRAJ TURKISH,NUTRAJ TURKISH APRICOTS,PRODUCE
10717,ALMONDS   OPEN SECRET CHOCOLATE#DARK,OPEN SECRET DARK CHOCOLATE ALMONDS,PRODUCE
10718,MIX ROSTAA SPICY TRAIL,ROSTAA SPICY TRAIL MIX,PRODUCE
10719,BAR MIX NUT ROAD ROCKY YOGA,YOGA BAR ROCKY ROAD NUT MIX,PRODUCE
10720,FARMLEY MIX TRAIL TROPICAL,FARMLEY TROPICAL TRAIL MIX,PRODUCE
10721,BITES CHERRY   SOKLET CHOCOLATE#DARK,SOKLET DARK CHOCOLATE CHERRY BITES,PRODUCE
10722,FARMLEY PECANS RAW,FARMLEY RAW PECANS,PRODUCE
10723,CALIFORNIA KERNELS ROSTAA WALNUT,ROSTAA CALIFORNIA WALNUT KERNELS,PRODUCE
10724,COATED PRETZELS SNACKIBLE YOGURT,SNACKIBLE YOGURT COATED PRETZELS,PRODUCE
10725,BUTTER GRITTIES NUTTY PEANUTS TOFFEE,NUTTY GRITTIES BUTTER TOFFEE PEANUTS,PRODUCE
10675,BAR BUTTER GRAM PACK PEANUT PROTEIN RITEBITE,RITEBITE PEANUT BUTTER PROTEIN BAR 50 GRAM PACK,PRODUCE
10676,BAR BUTTER   GRAM PACK PEANUT PROTEIN YOGA CHOCOLATE#DARK,YOGA BAR DARK CHOCOLATE PEANUT BUTTER PROTEIN BAR 60 GRAM PACK,PRODUCE
10636,AND BROCCOLI CARROT CELERY CUT DIP FRESH PACK RANCH SNACK WITH,FRESH CUT BROCCOLI CARROT AND CELERY SNACK PACK WITH RANCH DIP,PRODUCE
10637,CUP CUT EAT FRESH   MA VEGETABLE READY#TO,FRESH TOMATO CUP READY TO EAT CUT VEGETABLE,PRODUCE
10638,CAULIFLOWER COOK CUT FRESH PIECES   VEGETABLE READY#TO,FRESH CAULIFLOWER CUT PIECES READY TO COOK VEGETABLE,PRODUCE
10639, COOK CUT FRESH PIECES    VEGETABLE BUTTERNUT#SQUASH READY#TO,FRESH BUTTERNUT SQUASH CUT PIECES READY TO COOK VEGETABLE,PRODUCE
10640,ASSORTED FRESH MIXED MUSHROOMS PACK PIECES VARIETY,FRESH MIXED MUSHROOMS PACK ASSORTED VARIETY 6 PIECES,PRODUCE
10632,BERRY CUP CUT EAT FRESH FRUIT MIXED   READY#TO,FRESH MIXED BERRY CUP READY TO EAT CUT FRUIT,PRODUCE
10633,EAT FRESH FRUIT PACK  STRAWBERRY  READY#TO,FRESH STRAWBERRY PACK READY TO EAT FRUIT,PRODUCE
10634,CANTALOUPE CUP CUT EAT FRESH FRUIT   READY#TO,FRESH CANTALOUPE FRUIT CUP READY TO EAT CUT FRUIT,PRODUCE
10635,CUP EAT FRESH FRUIT PIECES PINEAPPLE  SWEET  READY#TO,FRESH PINEAPPLE FRUIT CUP READY TO EAT SWEET PIECES,PRODUCE
10666,CHIPS GRAM HOT PACK POTATO SWEET   TOO#YUMM,TOO YUMM! HOT & SWEET POTATO CHIPS 100 GRAM PACK,PRODUCE
10628,BLUEBERRIES DRIED GRAM HAPPILO PACK,HAPPILO DRIED BLUEBERRIES 100 GRAM PACK,PRODUCE
10629,CRANBERRIES DRIED GRAM HAPPILO PACK,HAPPILO DRIED CRANBERRIES 100 GRAM PACK,PRODUCE
10630,CRANBERRIES DRIED GRAM PACK ROSTAA,ROSTAA DRIED CRANBERRIES 100 GRAM PACK,PRODUCE
10631,DRIED GRAM PACK PINEAPPLE ROSTAA SLICES,ROSTAA DRIED PINEAPPLE SLICES 100 GRAM PACK,PRODUCE
10687,GINGER PRESSERY RAW SHOT WELLNESS,RAW PRESSERY GINGER WELLNESS SHOT,PRODUCE
10688,IMMUNITY KAPIVA SHOT,KAPIVA IMMUNITY SHOT,PRODUCE
10689,CAYENNE IMMUNITY PRESSERY RAW SHOT,RAW PRESSERY IMMUNITY SHOT CAYENNE,PRODUCE
10690,BOOSTER IMMUNITY KAPIVA,KAPIVA IMMUNITY BOOSTER,PRODUCE
10686, DRINK GRAPE  SPARKLING BOAT#PAPER,PAPER BOAT SPARKLING DRINK GRAPE,PRODUCE
10677,APPLE HAPPYBOOCH KOMBUCHA,HAPPYBOOCH KOMBUCHA APPLE,PRODUCE
10678,ATMOSPHERE HERBAL KOMBUCHA,ATMOSPHERE KOMBUCHA KOMBUCHA HERBAL,PRODUCE
10679,HAPPYBOOCH KOMBUCHA SEASONAL,HAPPYBOOCH KOMBUCHA SEASONAL,PRODUCE
10680,CITRUS HAPPYBOOCH KOMBUCHA PASSION,HAPPYBOOCH KOMBUCHA PASSION CITRUS,PRODUCE
10681,BERRY HAPPYBOOCH KOMBUCHA LEMON,HAPPYBOOCH KOMBUCHA BERRY LEMON,PRODUCE
10682,ATMOSPHERE BERRY KOMBUCHA MIXED,ATMOSPHERE KOMBUCHA KOMBUCHA MIXED BERRY,PRODUCE
10683,BERRY HAPPYBOOCH KOMBUCHA LEMON,HAPPYBOOCH KOMBUCHA LEMON BERRY,PRODUCE
10684,BANANA CHOCOLATE DRINK PRESSERY PROTEIN RAW,RAW PRESSERY PROTEIN DRINK CHOCOLATE BANANA,PRODUCE
10685,JUICE LEMON REAL,REAL LEMON JUICE,PRODUCE
10696,DRESSING  POPPY SEED  FARMS#WINGREENS,WINGREENS FARMS POPPY SEED DRESSING,PRODUCE
10694,DRESSING RANCH VEEBA,VEEBA RANCH DRESSING,PRODUCE
10695,DIP DR FUNFOODS JALAPENO MAYO OETKER,DR. OETKER FUNFOODS JALAPENO MAYO DIP,PRODUCE
10697,BALSAMIC VEEBA VINAIGRETTE,VEEBA BALSAMIC VINAIGRETTE,PRODUCE
10698,CHEESE CREAMY DRESSING   FARMS#WINGREENS,WINGREENS FARMS CREAMY CHEESE DRESSING,PRODUCE
10699,CHEESY DRESSING JALAPENO VEEBA,VEEBA CHEESY JALAPENO DRESSING,PRODUCE
10700,CAESAR CREMICA DRESSING SALAD,CREMICA CAESAR SALAD DRESSING,PRODUCE
11352,FREE GLUTEN GNOCCHERIA GNOCCHI LA PASTA POTATO,LA GNOCCHERIA POTATO GNOCCHI GLUTEN FREE PASTA,READY TO EAT & DELI
11353,CHEESE PEPPER RAVIOLI ROASTED,ROASTED PEPPER & CHEESE RAVIOLI,READY TO EAT & DELI
11354,ACASA PASTA RAVIOLI,ACASA RAVIOLI PASTA,READY TO EAT & DELI
11355,RAVIOLI RICOTTA SPINACH STYLPASTA,STYLPASTA RAVIOLI RICOTTA SPINACH,READY TO EAT & DELI
11356,PESTO POPO RAVIOLI RICOTTA S,POPOÆS RAVIOLI PESTO RICOTTA,READY TO EAT & DELI
11357,CULINARIA PACK TORTELLINI,CULINARIA TORTELLINI PACK,READY TO EAT & DELI
11358,BORGES PASTA TORTELLINI,BORGES TORTELLINI PASTA,READY TO EAT & DELI
11359,DISANO PACK PASTA,DISANO PASTA PACK,READY TO EAT & DELI
11360,DEL MONTE PACK PASTA,DEL MONTE PASTA PACK,READY TO EAT & DELI
11361,BORGES FUSILLI PASTA,BORGES FUSILLI PASTA,READY TO EAT & DELI
11362,BORGES PASTA PENNE,BORGES PENNE PASTA,READY TO EAT & DELI
11363,BORGES FETTUCCINE PASTA,BORGES FETTUCCINE PASTA,READY TO EAT & DELI
11364,BORGES LINGUINE PASTA,BORGES LINGUINE PASTA,READY TO EAT & DELI
11365,ALFREDO DEL MONTE PASTA SAUCE,DEL MONTE ALFREDO PASTA SAUCE,READY TO EAT & DELI
11366,DEL MARINARA MONTE SAUCE,DEL MONTE MARINARA SAUCE,READY TO EAT & DELI
11367,  SAUCE VEEBA BASIL#PESTO,VEEBA BASIL PESTO SAUCE,READY TO EAT & DELI
11368, FAMILY PACK  SAUCE VEEBA BASIL#PESTO,VEEBA BASIL PESTO SAUCE FAMILY PACK,READY TO EAT & DELI
10206,CHICKEN HAM PRASUMA SLICES,PRASUMA CHICKEN HAM SLICES,READY TO EAT & DELI
10207,MEATIGO MILANO SALAMI,MEATIGO MILANO SALAMI,READY TO EAT & DELI
10208,CHICKEN DELI MEATIGO SLICES SMOKED,MEATIGO SMOKED CHICKEN DELI SLICES,READY TO EAT & DELI
10209,CHICKEN HAM PRASUMA SMOKED,PRASUMA SMOKED CHICKEN HAM,READY TO EAT & DELI
10210,CHICKEN COLD CUTS HAM LICIOUS SMOKED,LICIOUS SMOKED CHICKEN HAM COLD CUTS,READY TO EAT & DELI
10211,CHICKEN ENGLISH HAM PRASUMA SMOKED,PRASUMA ENGLISH SMOKED CHICKEN HAM,READY TO EAT & DELI
10212,GLAZED HAM HONEY MEATIGO,MEATIGO HONEY GLAZED HAM,READY TO EAT & DELI
10213,BLACK FOREST HAM MEATIGO,MEATIGO BLACK FOREST HAM,READY TO EAT & DELI
10214,BREAST CHICKEN MEATIGO SLICES SMOKED,MEATIGO SMOKED CHICKEN BREAST SLICES,READY TO EAT & DELI
10215,BOX CHEESE PRASUMA SALAMI SNACK,PRASUMA SALAMI & CHEESE SNACK BOX,READY TO EAT & DELI
11256,CHICKEN GODREJ LOAF SLICES,GODREJ CHICKEN LOAF SLICES,READY TO EAT & DELI
11257,CHICKEN GRILLED PRASUMA SLICES,PRASUMA GRILLED CHICKEN SLICES,READY TO EAT & DELI
11258,CURED HAM HONEY MEATIGO,MEATIGO HONEY CURED HAM,READY TO EAT & DELI
11259,GLAZED HAM MAPLE MEATIGO,MEATIGO MAPLE GLAZED HAM,READY TO EAT & DELI
11260,CHICKEN PEPPERONI PRASUMA PREMIUM,PRASUMA CHICKEN PEPPERONI PREMIUM,READY TO EAT & DELI
11261,CHICKEN PEPPERONI PRASUMA SLICES,PRASUMA CHICKEN PEPPERONI SLICES,READY TO EAT & DELI
11262,CHEESE PACK PRASUMA SALAMI SNACK,PRASUMA SALAMI & CHEESE SNACK PACK,READY TO EAT & DELI
11263,MEATIGO MILANO SALAMI,MEATIGO MILANO SALAMI,READY TO EAT & DELI
11264,CHICKEN MEATIGO PACK SAUSAGE SNACK,MEATIGO CHICKEN SAUSAGE SNACK PACK,READY TO EAT & DELI
11265,CHICKEN PRASUMA SALAMI,PRASUMA CHICKEN SALAMI,READY TO EAT & DELI
11266,CHICKEN PRASUMA SALAMI,PRASUMA CHICKEN SALAMI,READY TO EAT & DELI
11267,CHICKEN PRASUMA SALAMI,PRASUMA CHICKEN SALAMI,READY TO EAT & DELI
11268,BULK CHICKEN PACK PRASUMA SALAMI,PRASUMA CHICKEN SALAMI BULK PACK,READY TO EAT & DELI
11269,CHICKEN GODREJ SALAMI,GODREJ CHICKEN SALAMI,READY TO EAT & DELI
11270,CHEESE COMBO HAM MEATIGO,MEATIGO HAM & CHEESE COMBO,READY TO EAT & DELI
11271,CHICKEN CHILLI PRASUMA SALAMI,PRASUMA CHICKEN CHILLI SALAMI,READY TO EAT & DELI
11272,CHEESE HAM LICIOUS SAUSAGE,LICIOUS HAM & CHEESE SAUSAGE,READY TO EAT & DELI
11273,GOURMET MEAT PACK PRASUMA,PRASUMA GOURMET MEAT PACK,READY TO EAT & DELI
11274,COMBO MEATIGO PACK,MEATIGO COMBO PACK,READY TO EAT & DELI
11275,CHICKEN GODREJ SALAMI,GODREJ CHICKEN SALAMI,READY TO EAT & DELI
10216,AMUL CHEESE HAVARTI SLICES,AMUL HAVARTI CHEESE SLICES,READY TO EAT & DELI
10222,BRITANNIA CHEESE SLICES,BRITANNIA CHEESE SLICES,READY TO EAT & DELI
10223,BRITANNIA CHEESE SLICES,BRITANNIA CHEESE SLICES,READY TO EAT & DELI
10224,AMUL CHEESE JALAPENO SLICES,AMUL JALAPENO CHEESE SLICES,READY TO EAT & DELI
10225,AMUL CHEESE JACK PEPPER,AMUL PEPPER JACK CHEESE,READY TO EAT & DELI
10226,AMUL BLOCK CHEESE FRESH,AMUL FRESH CHEESE BLOCK,READY TO EAT & DELI
10227,AMUL CHEESE PROVOLONE,AMUL PROVOLONE CHEESE,READY TO EAT & DELI
10235,CHEESE GO SLICES SWISS,GO CHEESE SWISS SLICES,READY TO EAT & DELI
10236,AMUL CHEESE MOZZARELLA STRING,AMUL MOZZARELLA STRING CHEESE,READY TO EAT & DELI
10239,BRITANNIA CHEESE PACK SLICES,BRITANNIA CHEESE SLICES PACK,READY TO EAT & DELI
11293,AMUL BLOCK CHEDDAR,AMUL CHEDDAR BLOCK,READY TO EAT & DELI
11294,CHEESE GO SWISS,GO CHEESE SWISS CHEESE,READY TO EAT & DELI
11326,AMUL CAMEMBERT CHEESE,AMUL CAMEMBERT CHEESE,READY TO EAT & DELI
11327,AMUL BRIE CHEESE,AMUL BRIE CHEESE,READY TO EAT & DELI
11328,AMUL BLOCK BRIE CHEESE,AMUL BRIE CHEESE BLOCK,READY TO EAT & DELI
11329,BITES BRIE CHEESE GO,GO CHEESE BRIE BITES,READY TO EAT & DELI
11330,AMUL CHEESE CHUNK GOAT,AMUL GOAT CHEESE CHUNK,READY TO EAT & DELI
11331,AMUL CHEDDAR SMOKED,AMUL SMOKED CHEDDAR,READY TO EAT & DELI
11332,AMUL CHEDDAR PREMIUM,AMUL PREMIUM CHEDDAR,READY TO EAT & DELI
11333,AMUL CHEESE CUBES,AMUL CHEESE CUBES,READY TO EAT & DELI
11334,AMUL BLUEBERRY CHEESE GOAT,AMUL GOAT CHEESE BLUEBERRY,READY TO EAT & DELI
11335,AMUL CHEESE GOAT SPREAD,AMUL GOAT CHEESE SPREAD,READY TO EAT & DELI
11336,AMUL BALLS MOZZARELLA,AMUL MOZZARELLA BALLS,READY TO EAT & DELI
11337,AMUL GOUDA SMOKED,AMUL SMOKED GOUDA,READY TO EAT & DELI
11338,CHEESE GO GOUDA WEDGES,GO CHEESE GOUDA WEDGES,READY TO EAT & DELI
11339,AGED AMUL GOUDA,AMUL AGED GOUDA,READY TO EAT & DELI
11340,BRITANNIA CHEESE SPREAD,BRITANNIA CHEESE SPREAD,READY TO EAT & DELI
11341,CHEESE EPIGAMIA SPREAD,EPIGAMIA CHEESE SPREAD,READY TO EAT & DELI
11342,CHEESE EPIGAMIA SPREAD,EPIGAMIA CHEESE SPREAD,READY TO EAT & DELI
11349,BRITANNIA CHEESE SLICES,BRITANNIA CHEESE SLICES,READY TO EAT & DELI
10240,GODREJ SALAD SEAFOOD YUMMIEZ,GODREJ YUMMIEZ SEAFOOD SALAD,READY TO EAT & DELI
11232,CAESAR CHICKEN GODREJ SALAD YUMMIEZ,GODREJ YUMMIEZ CHICKEN CAESAR SALAD,READY TO EAT & DELI
11350,PASTA ROTINI SALAD VEEBA,VEEBA PASTA SALAD ROTINI,READY TO EAT & DELI
11351,BEAN SALAD THREE VEEBA,VEEBA THREE BEAN SALAD,READY TO EAT & DELI
11369,POTATO SALAD VEEBA,VEEBA POTATO SALAD,READY TO EAT & DELI
11381,PASTA PLATTER SALAD URBAN,URBAN PLATTER PASTA SALAD,READY TO EAT & DELI
11382,KALE MANGO PLATTER SALAD URBAN,URBAN PLATTER KALE MANGO SALAD,READY TO EAT & DELI
11383,ENERGY PLATTER SALAD URBAN,URBAN PLATTER ENERGY SALAD,READY TO EAT & DELI
11384,CHICKEN GODREJ SALAD YUMMIEZ,GODREJ YUMMIEZ CHICKEN SALAD,READY TO EAT & DELI
11385,SALAD TUSCAN VEEBA,VEEBA TUSCAN SALAD,READY TO EAT & DELI
10218,CRYSTALS JELLICE JELLY,JELLICE JELLY CRYSTALS,READY TO EAT & DELI
10219,DESSERT MOUSSE PUMPKIN SMOOR,SMOOR PUMPKIN DESSERT MOUSSE,READY TO EAT & DELI
10220,CHEESY PASTA SALAD WINGREENS,WINGREENS CHEESY PASTA SALAD,READY TO EAT & DELI
10221,HERBED POTATO SALAD WINGREENS,WINGREENS HERBED POTATO SALAD,READY TO EAT & DELI
11280,BERRY DESSERT NOTO YOGURT,NOTO BERRY YOGURT DESSERT,READY TO EAT & DELI
11281,BASKIN DESSERT RASPBERRY ROBBINS,BASKIN ROBBINS RASPBERRY DESSERT,READY TO EAT & DELI
11282,AMUL PISTACHIO SHRIKHAND,AMUL PISTACHIO SHRIKHAND,READY TO EAT & DELI
11283,CREAM CREAMBELL DESSERT FRUIT,CREAMBELL FRUIT & CREAM DESSERT,READY TO EAT & DELI
11284,RUSSIAN SALAD WINGREENS,WINGREENS RUSSIAN SALAD,READY TO EAT & DELI
11285,MACARONI SALAD WINGREENS,WINGREENS MACARONI SALAD,READY TO EAT & DELI
11286,GARDEN PASTA SALAD WINGREENS,WINGREENS GARDEN PASTA SALAD,READY TO EAT & DELI
11287,MUSTARD POTATO SALAD WINGREENS,WINGREENS MUSTARD POTATO SALAD,READY TO EAT & DELI
11288,MUSTARD POTATO SALAD WINGREENS,WINGREENS MUSTARD POTATO SALAD,READY TO EAT & DELI
11289,DEL FILLING MONTE SALAD,DEL MONTE SALAD FILLING,READY TO EAT & DELI
11290,AMERICAN DIP MUSTARD WINGREENS,WINGREENS AMERICAN MUSTARD DIP,READY TO EAT & DELI
11291,HERBED POTATO SALAD WINGREENS,WINGREENS HERBED POTATO SALAD,READY TO EAT & DELI
11292,POTATO SALAD WINGREENS,WINGREENS POTATO SALAD,READY TO EAT & DELI
11233,BRITANNIA BUNS PRETZEL SLIDER,BRITANNIA PRETZEL SLIDER BUNS,READY TO EAT & DELI
11234,BRITANNIA BUNS HAMBURGER PACK,BRITANNIA HAMBURGER BUNS PACK,READY TO EAT & DELI
11235,BRITANNIA BUTTER ROLLS,BRITANNIA BUTTER ROLLS,READY TO EAT & DELI
11236,BRITANNIA BUNS BURGER PRETZEL,BRITANNIA PRETZEL BURGER BUNS,READY TO EAT & DELI
11237,BRITANNIA ROLLS SWEET,BRITANNIA SWEET ROLLS,READY TO EAT & DELI
11238,DIPPERS HALDIRAM NAAN S,HALDIRAM'S NAAN DIPPERS,READY TO EAT & DELI
11239,CRISPS HALDIRAM NAAN S,HALDIRAM'S NAAN CRISPS,READY TO EAT & DELI
11370,CHEESE CHICKEN FRESH MEAT PLATTER RELIANCE,RELIANCE FRESH CHICKEN MEAT & CHEESE PLATTER,READY TO EAT & DELI
11371,CHEESE FRESH FRUIT PLATTER RELIANCE,RELIANCE FRESH FRUIT & CHEESE PLATTER,READY TO EAT & DELI
11372,CHICKEN GODREJ PARTY SALAMI TRAY YUMMIEZ,GODREJ YUMMIEZ CHICKEN SALAMI PARTY TRAY,READY TO EAT & DELI
11373,CHEESE CLASSIC FRESH MEAT PLATTER RELIANCE,RELIANCE FRESH CLASSIC MEAT & CHEESE PLATTER,READY TO EAT & DELI
11374,CHEESE CLASSIC FRESH MEAT PLATTER RELIANCE,RELIANCE FRESH CLASSIC MEAT & CHEESE PLATTER,READY TO EAT & DELI
11375,DELI FRESH PACK PARTY RELIANCE,RELIANCE FRESH DELI PARTY PACK,READY TO EAT & DELI
11376,CHICKEN FRESH PLATTER RELIANCE SANDWICH,RELIANCE FRESH CHICKEN SANDWICH PLATTER,READY TO EAT & DELI
11377,BAGUETTE CHICKEN FRESH PLATTER RELIANCE,RELIANCE FRESH CHICKEN BAGUETTE PLATTER,READY TO EAT & DELI
11378,CHICKEN FRESH PARTY PLATTER RELIANCE ROLL,RELIANCE FRESH CHICKEN PARTY ROLL PLATTER,READY TO EAT & DELI
11379,FRESH PLATTER RELIANCE VEG,RELIANCE FRESH VEG PLATTER,READY TO EAT & DELI
11380,FRESH PLATTER RELIANCE VEG,RELIANCE FRESH VEG PLATTER,READY TO EAT & DELI
11386,CHEESE GODREJ PLATTER SAUSAGE YUMMIEZ,GODREJ YUMMIEZ SAUSAGE & CHEESE PLATTER,READY TO EAT & DELI
11387,CHICKEN COLD CUTS FRESH PLATTER RELIANCE,RELIANCE FRESH CHICKEN COLD CUTS PLATTER,READY TO EAT & DELI
11388,FRESH PARTY PLATTER RELIANCE SNACK,RELIANCE FRESH PARTY SNACK PLATTER,READY TO EAT & DELI
11389,FRESH PLATTER PREMIUM RELIANCE SNACK,RELIANCE FRESH PREMIUM SNACK PLATTER,READY TO EAT & DELI
11390,GODREJ PEPPERONI SNACK TRAY YUMMIEZ,GODREJ YUMMIEZ PEPPERONI SNACK TRAY,READY TO EAT & DELI
11391,CHICKEN GODREJ SNACK TRAY YUMMIEZ,GODREJ YUMMIEZ CHICKEN SNACK TRAY,READY TO EAT & DELI
10228, SNACK  TUNA NIBBLES#TASTY,TASTY NIBBLES TUNA SNACK,READY TO EAT & DELI
11295,AMUL CHEESE PACK SNACK,AMUL CHEESE SNACK PACK,READY TO EAT & DELI
11296,BRITANNIA CHEESE PACK SNACK,BRITANNIA CHEESE SNACK PACK,READY TO EAT & DELI
11297,AMUL CHEESE SLICES SNACK,AMUL CHEESE SLICES SNACK,READY TO EAT & DELI
11298,BISCUIT BRITANNIA PACK SNACK,BRITANNIA BISCUIT SNACK PACK,READY TO EAT & DELI
11299,AMUL CHEESE CUBES PACK,AMUL CHEESE CUBES PACK,READY TO EAT & DELI
11300,BRITANNIA CHEESE PACK SNACK,BRITANNIA CHEESE SNACK PACK,READY TO EAT & DELI
11301,CHICKEN PACK S SNACK VENKY,VENKYÆS CHICKEN SNACK PACK,READY TO EAT & DELI
11302, SNACK  TUNA NIBBLES#TASTY,TASTY NIBBLES TUNA SNACK,READY TO EAT & DELI
11303,CHICKEN LICIOUS PACK SNACK,LICIOUS CHICKEN SNACK PACK,READY TO EAT & DELI
11304, PACK  TUNA NIBBLES#TASTY,TASTY NIBBLES TUNA PACK,READY TO EAT & DELI
11305,KELLOGG PACK S SNACK,KELLOGGÆS SNACK PACK,READY TO EAT & DELI
11306,AMUL PIZZA SNACK,AMUL PIZZA SNACK,READY TO EAT & DELI
11307,CHICKEN GODREJ PACK SNACK,GODREJ CHICKEN SNACK PACK,READY TO EAT & DELI
11308,CHICKEN SNACK ZORABIAN,ZORABIAN CHICKEN SNACK,READY TO EAT & DELI
11309, SNACK  TUNA NIBBLES#TASTY,TASTY NIBBLES TUNA SNACK,READY TO EAT & DELI
11310, PACK  TUNA NIBBLES#TASTY,TASTY NIBBLES TUNA PACK,READY TO EAT & DELI
11311,CHICKEN LICIOUS PACK,LICIOUS CHICKEN PACK,READY TO EAT & DELI
11312,CHICKEN LICIOUS SNACK,LICIOUS CHICKEN SNACK,READY TO EAT & DELI
10203,CHILLI DIP GHOST SPICY VEEBA,VEEBA SPICY GHOST CHILLI DIP,READY TO EAT & DELI
10204,AMUL CHEESE DIP SPREAD,AMUL CHEESE SPREAD DIP,READY TO EAT & DELI
10205,DESSERT DIP EPIGAMIA LEMON,EPIGAMIA LEMON DESSERT DIP,READY TO EAT & DELI
10217,DESSERT DIP PUMPKIN WINGREENS,WINGREENS PUMPKIN DESSERT DIP,READY TO EAT & DELI
11240,DIP SANDWICH SAUCE VEEBA,VEEBA SANDWICH SAUCE DIP,READY TO EAT & DELI
11241,BUFFALO DIP SAUCE VEEBA,VEEBA BUFFALO SAUCE DIP,READY TO EAT & DELI
11242,DIP MEXICALI WINGREENS,WINGREENS MEXICALI DIP,READY TO EAT & DELI
11243,DIP ONION VEEBA,VEEBA ONION DIP,READY TO EAT & DELI
11244,CHIPOTLE DIP VEEBA,VEEBA CHIPOTLE DIP,READY TO EAT & DELI
11245,AMUL CHEESE DIP,AMUL CHEESE DIP,READY TO EAT & DELI
11246,DIP GUACAMOLE WINGREENS,WINGREENS GUACAMOLE DIP,READY TO EAT & DELI
11247,CHOCOLATE EPIGAMIA HUMMUS,EPIGAMIA CHOCOLATE HUMMUS,READY TO EAT & DELI
11248,HUMMUS SPICY WINGREENS,WINGREENS SPICY HUMMUS,READY TO EAT & DELI
11249,CAPSICUM HUMMUS ROASTED WINGREENS,WINGREENS ROASTED CAPSICUM HUMMUS,READY TO EAT & DELI
11250,HUMMUS VEEBA,VEEBA HUMMUS,READY TO EAT & DELI
11251,HUMMUS LEMON WINGREENS,WINGREENS LEMON HUMMUS,READY TO EAT & DELI
11252,HUMMUS MANTRA,24 MANTRA HUMMUS,READY TO EAT & DELI
11253,HUMMUS MANGO WINGREENS,WINGREENS MANGO HUMMUS,READY TO EAT & DELI
11254,CLASSIC HUMMUS MANTRA,24 MANTRA CLASSIC HUMMUS,READY TO EAT & DELI
11255,HUMMUS PACK SNACK WINGREENS,WINGREENS HUMMUS SNACK PACK,READY TO EAT & DELI
11276,DIP SALSA VEEBA,VEEBA SALSA DIP,READY TO EAT & DELI
11277,DIP SALSA WINGREENS,WINGREENS SALSA DIP,READY TO EAT & DELI
11278,SALSA TOMATO VEEBA,VEEBA TOMATO SALSA,READY TO EAT & DELI
11279,GREEN SALSA WINGREENS,WINGREENS GREEN SALSA,READY TO EAT & DELI
10229,BORGES KALAMATA OLIVES,BORGES KALAMATA OLIVES,READY TO EAT & DELI
10230,FIGARO GREEN OLIVES,FIGARO GREEN OLIVES,READY TO EAT & DELI
10231,OLIVES PLATTER URBAN,URBAN PLATTER OLIVES,READY TO EAT & DELI
10232,BORGES GRILLED OLIVES,BORGES GRILLED OLIVES,READY TO EAT & DELI
10233,PICKLE PRAVIN,PRAVIN PICKLE,READY TO EAT & DELI
10234,CHIPS NEO PICKLE,NEO PICKLE CHIPS,READY TO EAT & DELI
10237,CRACKERS UNIBIC,UNIBIC CRACKERS,READY TO EAT & DELI
10238,BINGO CHIPS TORTILLA,BINGO TORTILLA CHIPS,READY TO EAT & DELI
11313,AMUL CHEESE PLATTER,AMUL CHEESE PLATTER,READY TO EAT & DELI
11314,BRUSCHETTA VEEBA,VEEBA BRUSCHETTA,READY TO EAT & DELI
11315,FIGARO MIXED OLIVES,FIGARO MIXED OLIVES,READY TO EAT & DELI
11316,PLATTER SAUERKRAUT URBAN,URBAN PLATTER SAUERKRAUT,READY TO EAT & DELI
11317,PICKLE PRAVIN SPEARS,PRAVIN PICKLE SPEARS,READY TO EAT & DELI
11318,GHERKINS PICKLED PLATTER URBAN,URBAN PLATTER PICKLED GHERKINS,READY TO EAT & DELI
11319,BITES NEO PICKLE,NEO PICKLE BITES,READY TO EAT & DELI
11320,BRITANNIA CRACKERS,BRITANNIA CRACKERS,READY TO EAT & DELI
11321,BRITANNIA CRACKERS MINI,BRITANNIA MINI CRACKERS,READY TO EAT & DELI
11322,BRITANNIA CRACKERS,BRITANNIA CRACKERS,READY TO EAT & DELI
11323,CHIPS   TOO#YUMM,TOO YUMM CHIPS,READY TO EAT & DELI
11324,BRITANNIA CRACKERS,BRITANNIA CRACKERS,READY TO EAT & DELI
11325,BITES PRETZEL   TOO#YUMM,TOO YUMM PRETZEL BITES,READY TO EAT & DELI
11343,CRISPS PLATTER URBAN,URBAN PLATTER CRISPS,READY TO EAT & DELI
11344,CHIPS PITA   TOO#YUMM,TOO YUMM PITA CHIPS,READY TO EAT & DELI
11345,CHIPS PITA   TOO#YUMM,TOO YUMM PITA CHIPS,READY TO EAT & DELI
11346,CHIPS PITA PLATTER URBAN,URBAN PLATTER PITA CHIPS,READY TO EAT & DELI
11347,CHIPS THIN   TOO#YUMM,TOO YUMM THIN CHIPS,READY TO EAT & DELI
11348,CRISPS PRETZEL   TOO#YUMM,TOO YUMM PRETZEL CRISPS,READY TO EAT & DELI
10192,COUPON DISCOUNT STORE,STORE COUPON DISCOUNT,READY TO EAT & DELI
10951,MINT PRONAMEL SENSODYNE TOOTHPASTE,SENSODYNE PRONAMEL MINT TOOTHPASTE,GM/HBC
10950,ENAMEL FOR INTENSIVE PROTECTION REPAIR SENSITIVE SENSODYNE TEETH TOOTHPASTE,SENSODYNE INTENSIVE ENAMEL REPAIR TOOTHPASTE FOR SENSITIVE TEETH PROTECTION,GM/HBC
10946,CARE ENAMEL FLAVOUR FOR FRESH PRONAMEL SENSODYNE TOOTHPASTE WAVE WITH,SENSODYNE PRONAMEL TOOTHPASTE WITH FRESH WAVE FLAVOUR FOR ENAMEL CARE,GM/HBC
10949,INTENSIVE PRONAMEL REPAIR SENSODYNE TOOTHPASTE,SENSODYNE PRONAMEL INTENSIVE REPAIR TOOTHPASTE,GM/HBC
10947,GENTLE PRONAMEL SENSODYNE TOOTHPASTE WHITENING,SENSODYNE PRONAMEL GENTLE WHITENING TOOTHPASTE,GM/HBC
10948,FRESH PRONAMEL SENSODYNE TOOTHPASTE WAVE,SENSODYNE PRONAMEL FRESH WAVE TOOTHPASTE,GM/HBC
10945,ACTION MULTI PRONAMEL SENSODYNE TOOTHPASTE,SENSODYNE PRONAMEL MULTI-ACTION TOOTHPASTE,GM/HBC
10952,FRESH MINT PRONAMEL SENSODYNE TOOTHPASTE,SENSODYNE PRONAMEL FRESH MINT TOOTHPASTE,GM/HBC
10953,PARODONTAX TOOTHPASTE WHITENING,PARODONTAX WHITENING TOOTHPASTE,GM/HBC
10954,CLEAN COLGATE DEEP MINT TOOTHPASTE TOTAL,COLGATE TOTAL DEEP CLEAN MINT TOOTHPASTE,GM/HBC
10956,HERBAL HIMALAYA SPARKLING TOOTHPASTE WHITE,HIMALAYA SPARKLING WHITE HERBAL TOOTHPASTE,GM/HBC
10957, TOOTHPASTE  WHITE COLGATE#VISIBLE,COLGATE VISIBLE WHITE TOOTHPASTE,GM/HBC
10958, PACK TOOTHPASTE TWIN  WHITE COLGATE#VISIBLE,COLGATE VISIBLE WHITE TOOTHPASTE TWIN PACK,GM/HBC
10967,CLEAN GUM SENSITIVITY SENSODYNE TOOTHPASTE,SENSODYNE SENSITIVITY & GUM CLEAN TOOTHPASTE,GM/HBC
10959,EXTRA PACK SENSODYNE TOOTHPASTE TWIN WHITENING,SENSODYNE EXTRA WHITENING TOOTHPASTE TWIN PACK,GM/HBC
10964,CARE GUM SENSITIVITY SENSODYNE TOOTHPASTE,SENSODYNE SENSITIVITY & GUM CARE TOOTHPASTE,GM/HBC
10966,SENSITIVITY SENSODYNE TOOTHPASTE WHITENING,SENSODYNE SENSITIVITY WHITENING TOOTHPASTE,GM/HBC
10963,SENSITIVE SENSODYNE TEETH TOOTHPASTE WHITENING,SENSODYNE SENSITIVE TEETH WHITENING TOOTHPASTE,GM/HBC
10962,PROTECT REPAIR SENSODYNE TOOTHPASTE WHITENING,SENSODYNE REPAIR & PROTECT WHITENING TOOTHPASTE,GM/HBC
10960,COMPLETE EXTRA FRESH PROTECTION SENSODYNE TOOTHPASTE,SENSODYNE COMPLETE PROTECTION EXTRA FRESH TOOTHPASTE,GM/HBC
10965,COMPLETE PROTECTION SENSODYNE TOOTHPASTE,SENSODYNE COMPLETE PROTECTION TOOTHPASTE,GM/HBC
10961,MINT SENSODYNE TOOTHPASTE,SENSODYNE MINT TOOTHPASTE,GM/HBC
10968, O TOOTHPASTE  WHITE COLGATE#VISIBLE,COLGATE VISIBLE WHITE O2 TOOTHPASTE,GM/HBC
10969, TOOTHPASTE  WHITE COLGATE#VISIBLE,COLGATE VISIBLE WHITE TOOTHPASTE,GM/HBC
10970,ACTIVE CHARCOAL COLGATE SALT TOOTHPASTE,COLGATE ACTIVE SALT CHARCOAL TOOTHPASTE,GM/HBC
10971, TOOTHPASTE  WHITE COLGATE#VISIBLE,COLGATE VISIBLE WHITE TOOTHPASTE,GM/HBC
10972,PRONAMEL SENSODYNE TOOTHPASTE WHITENING,SENSODYNE PRONAMEL WHITENING TOOTHPASTE,GM/HBC
11109,BALM CHERRY HIMALAYA LIP,HIMALAYA LIP BALM CHERRY,GM/HBC
11110,ANTISEPTIC BOROLINE CREAM,BOROLINE ANTISEPTIC CREAM,GM/HBC
11108,BALM CARE LIP NIVEA OF ORIGINAL PACK STICK,NIVEA LIP BALM ORIGINAL CARE STICK PACK OF 3,GM/HBC
11111,CHYAWANPRASH DABUR GUMMIES,DABUR CHYAWANPRASH GUMMIES,GM/HBC
11133,ALOE GEL GILLETTE SENSITIVE SHAVING SKIN,GILLETTE SENSITIVE SKIN SHAVING GEL ALOE,GM/HBC
11141,GEL GILLETTE SENSITIVE SHAVING SKIN,GILLETTE SENSITIVE SKIN SHAVING GEL,GM/HBC
11139,GEL GILLETTE SENSITIVE SHAVING ULTRA,GILLETTE ULTRA SENSITIVE SHAVING GEL,GM/HBC
11138,GEL GILLETTE MOISTURIZING SHAVING,GILLETTE MOISTURIZING SHAVING GEL,GM/HBC
11140, GEL  SHAVING TEA TREE AVENUE#PARK,PARK AVENUE TEA TREE SHAVING GEL,GM/HBC
11137,ALOE GEL GILLETTE SHAVING VERA,GILLETTE ALOE VERA SHAVING GEL,GM/HBC
11136, BUTTER CEDARWOOD GEL  SHAVING SHEA AVENUE#PARK,PARK AVENUE CEDARWOOD & SHEA BUTTER SHAVING GEL,GM/HBC
11150,BATH KHADI LAVENDER NATURAL SALT,KHADI NATURAL LAVENDER BATH SALT,GM/HBC
11149,BATH KHADI NATURAL SALT SEA,KHADI NATURAL SEA SALT BATH SALT,GM/HBC
11154,BATH HIMALAYAN PATANJALI SALT,PATANJALI HIMALAYAN BATH SALT,GM/HBC
11155,BATH EUCALYPTUS SALT SOULFLOWER,SOULFLOWER EUCALYPTUS BATH SALT,GM/HBC
11153,BATH KHADI NATURAL SALT   SLEEP#THERAPY,KHADI NATURAL SLEEP THERAPY BATH SALT,GM/HBC
11152,BATH PATANJALI RELIEF SALT STRESS,PATANJALI STRESS RELIEF BATH SALT,GM/HBC
11151,AROMAHPURE BATH LAVENDER NATURAL SALT,AROMAHPURE NATURAL LAVENDER BATH SALT,GM/HBC
11156,BATH EUCALYPTUS SALT SOULFLOWER,SOULFLOWER EUCALYPTUS BATH SALT,GM/HBC
11158,BATH BUBBLE KHADI LAVENDER NATURAL,KHADI NATURAL LAVENDER BUBBLE BATH,GM/HBC
11157,BATH BUBBLE KHADI NATURAL RELAXING,KHADI NATURAL RELAXING BUBBLE BATH,GM/HBC
11160,BATH BUBBLE CO ELDERBERRY LOVE THE,THE LOVE CO ELDERBERRY BUBBLE BATH,GM/HBC
11159,BATH BUBBLE KHADI LAVENDER NATURAL   SLEEP#THERAPY,KHADI NATURAL LAVENDER SLEEP THERAPY BUBBLE BATH,GM/HBC
11162,BODY CARE DOVE EXTRA FRESH MEN WASH,DOVE MEN+CARE EXTRA FRESH BODY WASH,GM/HBC
11161,BODY CARE DOVE EXTRA FRESH MEN WASH,DOVE MEN+CARE EXTRA FRESH BODY WASH,GM/HBC
11163,DEEP GEL IMPACT MEN NIVEA SHOWER,NIVEA MEN DEEP IMPACT SHOWER GEL,GM/HBC
11166,BODY DOVE SENSITIVE SKIN WASH,DOVE SENSITIVE SKIN BODY WASH,GM/HBC
11164,BODY DEEPLY DOVE NOURISHING WASH,DOVE DEEPLY NOURISHING BODY WASH,GM/HBC
11165,BODY COCONUT JOJOBA NIVEA OIL WASH,NIVEA COCONUT & JOJOBA OIL BODY WASH,GM/HBC
11167,BODY CARE DOVE RELAXING WASH,DOVE RELAXING CARE BODY WASH,GM/HBC
11168,GEL    TOTAL HAND#LIFEBUOY#SANITIZER,LIFEBUOY TOTAL HAND SANITIZER GEL,GM/HBC
11169,GEL    TOTAL HAND#LIFEBUOY#SANITIZER,LIFEBUOY TOTAL 10 HAND SANITIZER GEL,GM/HBC
11170,BOTTLE   PUMP  HAND#LIFEBUOY#SANITIZER,LIFEBUOY HAND SANITIZER PUMP BOTTLE,GM/HBC
11171,ADVANCED BODY OIL PARACHUTE,PARACHUTE ADVANCED BODY OIL,GM/HBC
11172,BODY DAILY FRAGRANCE FREE LOTION MOISTURIZING VASELINE,VASELINE DAILY MOISTURIZING BODY LOTION FRAGRANCE FREE,GM/HBC
11173,BALM  LIP NIVEA  FRUITY#SHINE,NIVEA FRUITY SHINE LIP BALM,GM/HBC
11174,BALM  LIP NIVEA  FRUITY#SHINE,NIVEA FRUITY SHINE LIP BALM,GM/HBC
11175,BALM CARE LIP NIVEA ORIGINAL SPF,NIVEA ORIGINAL CARE LIP BALM SPF 15,GM/HBC
11176,BALM LAKME LIP LOVE STRAWBERRY,LAKME LIP LOVE LIP BALM STRAWBERRY,GM/HBC
11177,NEUTROGENA SHEER SPF SUNSCREEN ULTRA,NEUTROGENA ULTRA SHEER SUNSCREEN SPF 50,GM/HBC
11178,LOTION MOISTURE NIVEA PROTECT SPF SUN,NIVEA SUN PROTECT & MOISTURE SPF 50 LOTION,GM/HBC
11179,HERBALS LOTUS SAFE SPF SPORT SUN SUNSCREEN,LOTUS HERBALS SAFE SUN SPORT SPF 30 SUNSCREEN,GM/HBC
11181,CETAPHIL LOTION MOISTURISING,CETAPHIL MOISTURISING LOTION,GM/HBC
11180,CETAPHIL CLEANSER GENTLE SKIN,CETAPHIL GENTLE SKIN CLEANSER,GM/HBC
11182, CLEANSER GEL  NEUTROGENA WATER BOOST#HYDRO,NEUTROGENA HYDRO BOOST WATER GEL CLEANSER,GM/HBC
11184, GEL  NEUTROGENA WATER BOOST#HYDRO,NEUTROGENA HYDRO BOOST WATER GEL,GM/HBC
11183,CETAPHIL CLEANSER GENTLE SKIN,CETAPHIL GENTLE SKIN CLEANSER,GM/HBC
11393,CAPSULES  D  IU K SOFTGEL VITAMIN CARBAMIDE#FORTE,CARBAMIDE FORTE VITAMIN D3 60K IU SOFTGEL CAPSULES,GM/HBC
11395,CAPSULES   PROBIOTIC STRAIN CARBAMIDE#FORTE,CARBAMIDE FORTE PROBIOTIC 14 STRAIN CAPSULES,GM/HBC
11396,  MELATONIN MG TABLETS CARBAMIDE#FORTE,CARBAMIDE FORTE MELATONIN 3 MG TABLETS,GM/HBC
11397,  MELATONIN MG TABLETS CARBAMIDE#FORTE,CARBAMIDE FORTE MELATONIN 3 MG TABLETS,GM/HBC
11398,FISH FLAVOUR HEALTHKART LEMON MG OIL SOFTGELS,HEALTHKART FISH OIL 1200 MG LEMON FLAVOUR SOFTGELS,GM/HBC
10242,BABY BODY HIMALAYA LAVENDER SHAMPOO WASH,HIMALAYA BABY SHAMPOO & BODY WASH LAVENDER,GM/HBC
10241,BABY CONDITIONER HIMALAYA LAVENDER,HIMALAYA BABY CONDITIONER LAVENDER,GM/HBC
10243,BABY HIMALAYA LAVENDER LOTION,HIMALAYA BABY LOTION LAVENDER,GM/HBC
10244,BABY BODY HIMALAYA SENSITIVE SHAMPOO WASH,HIMALAYA BABY SHAMPOO & BODY WASH SENSITIVE,GM/HBC
10245,BABY BODY COMFORT CREAM HIMALAYA SHAMPOO SWEET WASH,HIMALAYA BABY SHAMPOO & BODY WASH SWEET CREAM COMFORT,GM/HBC
10246,ALMOND BABY BODY HIMALAYA SWEET WASH,HIMALAYA BABY BODY WASH SWEET ALMOND,GM/HBC
10247,BABY CREAM DIAPER HIMALAYA RASH,HIMALAYA BABY DIAPER RASH CREAM,GM/HBC
10445,FACE HIMALAYA NEEM PURIFYING STICK WASH,HIMALAYA PURIFYING NEEM FACE WASH STICK,GM/HBC
10450,FIT FOUNDATION MAPLE MAYBELLINE ME STICK,MAYBELLINE FIT ME FOUNDATION STICK MAPLE,GM/HBC
10452,FINISH FOUNDATION INVISIBLE IVORY LAKM,LAKMΘ INVISIBLE FINISH FOUNDATION IVORY,GM/HBC
10443,COSMETICS FACE MAKEUP OAK STICK SUGAR,SUGAR COSMETICS FACE MAKEUP STICK OAK,GM/HBC
10449,BEIGE  CREAMY  FOUNDATION STICK CANADA#FACES,FACES CANADA FOUNDATION STICK CREAMY BEIGE,GM/HBC
10454,DEW FROST HIGHLIGHTER LAKM LIQUID,LAKMΘ LIQUID HIGHLIGHTER DEW FROST,GM/HBC
10459,FIT FOUNDATION MAYBELLINE ME TAN,MAYBELLINE FIT ME FOUNDATION TAN,GM/HBC
10446,BISQUE COLORBAR FOUNDATION STICK,COLORBAR FOUNDATION STICK BISQUE,GM/HBC
10460,COSMETICS FOUNDATION STICK SUGAR WALNUT,SUGAR COSMETICS FOUNDATION STICK WALNUT,GM/HBC
10448,  FOUNDATION IVORY STICK CANADA#FACES,FACES CANADA FOUNDATION STICK IVORY,GM/HBC
10451,FOUNDATION LAKM NUDE STICK,LAKMΘ FOUNDATION STICK NUDE,GM/HBC
10453,FLORAL FOUNDATION MAYBELLINE STICK TONE,MAYBELLINE FOUNDATION STICK FLORAL TONE,GM/HBC
10447,COLORBAR FOUNDATION PORCELAIN,COLORBAR FOUNDATION PORCELAIN,GM/HBC
10444,BEIGE COSMETICS FOUNDATION PERFECT SUGAR,SUGAR COSMETICS FOUNDATION PERFECT BEIGE,GM/HBC
10457,  FOUNDATION NUDE STICK CANADA#FACES,FACES CANADA FOUNDATION STICK NUDE,GM/HBC
10458,FOUNDATION LAKM PORCELAIN,LAKMΘ FOUNDATION PORCELAIN,GM/HBC
10455,FOUNDATION MAYBELLINE NATURAL,MAYBELLINE FOUNDATION NATURAL,GM/HBC
10456,COLORBAR MAKEUP PEACH STICK,COLORBAR MAKEUP STICK PEACH,GM/HBC
10468,ENRICH LAKM   VIOLET LIPSTICK#MATTE,LAKMΘ ENRICH MATTE LIPSTICK VIOLET,GM/HBC
10471,COLORBAR LINER LIP LUMBER PARTNER,COLORBAR LIP LINER LUMBER PARTNER,GM/HBC
10463,COFFEE CRAVE CREAMY   MAYBELLINE   LIPSTICK#MATTE NEW#YORK,MAYBELLINE NEW YORK CREAMY MATTE LIPSTICK COFFEE CRAVE,GM/HBC
10461,  LINER LIP ROSEWOOD CANADA#FACES,FACES CANADA LIP LINER ROSEWOOD,GM/HBC
10467,ENRICH LAKM   SPELLBOUND LIPSTICK#MATTE,LAKMΘ ENRICH MATTE LIPSTICK SPELLBOUND,GM/HBC
10472,A COSMETICS FIRE  LIT  SUGAR LIPSTICK#MATTE,SUGAR COSMETICS MATTE LIPSTICK LIT A FIRE,GM/HBC
10464,CREAMY DE     MAYBELLINE   DULCE#LECHE LIPSTICK#MATTE NEW#YORK,MAYBELLINE NEW YORK CREAMY MATTE LIPSTICK DULCE DE LECHE,GM/HBC
10474,  LINER LIP ROSEWOOD CANADA#FACES,FACES CANADA LIP LINER ROSEWOOD,GM/HBC
10469,BLUSH ENRICH LAKM   SWEETHEART LIPSTICK#MATTE,LAKMΘ ENRICH MATTE LIPSTICK SWEETHEART BLUSH,GM/HBC
10462,COSMETICS HOT   SUGAR LIPSTICK#MATTE,SUGAR COSMETICS MATTE LIPSTICK HOT,GM/HBC
10470,COLORBAR GARNET LINER LIP RED,COLORBAR LIP LINER GARNET RED,GM/HBC
10465,CREAMY   MAYBELLINE  SCARLET  LIPSTICK#MATTE NEW#YORK,MAYBELLINE NEW YORK CREAMY MATTE LIPSTICK SCARLET,GM/HBC
10466,ENRICH LAKM   SIENNA LIPSTICK#MATTE,LAKMΘ ENRICH MATTE LIPSTICK SIENNA,GM/HBC
10475,  LINER LIP NUDE CANADA#FACES,FACES CANADA LIP LINER NUDE,GM/HBC
10473,CREAMY   MAUVE MAYBELLINE  ROMANCE  LIPSTICK#MATTE NEW#YORK,MAYBELLINE NEW YORK CREAMY MATTE LIPSTICK ROMANCE MAUVE,GM/HBC
10476,A AT COLOR DAWN LAKM NAIL ROSE,LAKMΘ NAIL COLOR A ROSE AT DAWN,GM/HBC
10481,COLORBAR COZUMELTED IN LACQUER NAIL SUN THE,COLORBAR NAIL LACQUER COZUMELTED IN THE SUN,GM/HBC
10478,COLOR COSMETICS NAIL NOLA SUGAR WAY,SUGAR COSMETICS NAIL COLOR NOLA WAY,GM/HBC
10479,AURORA BERRY  ENAMEL  NAIL CANADA#FACES,FACES CANADA NAIL ENAMEL AURORA BERRY,GM/HBC
10480,BATH BUBBLE COLOR LAKM NAIL,LAKMΘ NAIL COLOR BUBBLE BATH,GM/HBC
10482,APPLE BIG COLORBAR LACQUER NAIL RED,COLORBAR NAIL LACQUER BIG APPLE RED,GM/HBC
10477,BOSSA COLOR COSMETICS DON ME NAIL NOVA SUGAR T,SUGAR COSMETICS NAIL COLOR DONÆT BOSSA NOVA ME,GM/HBC
10495,BLACK EYELINER  LAKM LIQUID  FELT#TIP,LAKMΘ LIQUID EYELINER FELT TIP BLACK,GM/HBC
10485,ASH BROWN  EYEBROW  KIT CANADA#FACES,FACES CANADA EYEBROW KIT ASH BROWN,GM/HBC
10492,BLACK  MAYBELLINE    MASCARA#VERY NEW#YORK,MAYBELLINE NEW YORK MASCARA VERY BLACK,GM/HBC
10493,BLACK EYELINER LAKM LIQUID WATERPROOF,LAKMΘ WATERPROOF LIQUID EYELINER BLACK,GM/HBC
10491,BROWN  DARK EYELINER   LIQUID  CANADA#FACES FELT#TIP,FACES CANADA LIQUID EYELINER FELT TIP DARK BROWN,GM/HBC
10494,COSMETICS EYELINER LIQUID PURPLE SUGAR,SUGAR COSMETICS LIQUID EYELINER PURPLE,GM/HBC
10488,BLUE COLORBAR KAJAL PENCIL,COLORBAR KAJAL PENCIL BLUE,GM/HBC
10489,BLUE EYELINER LAKM LIGHT LIQUID,LAKMΘ LIQUID EYELINER LIGHT BLUE,GM/HBC
10484,BROWN  DARK EYEBROW  KIT CANADA#FACES,FACES CANADA EYEBROW KIT DARK BROWN,GM/HBC
10487,BLACK  MAYBELLINE   WATERPROOF  MASCARA#VERY NEW#YORK,MAYBELLINE NEW YORK WATERPROOF MASCARA VERY BLACK,GM/HBC
10496,CHARCOAL COLORBAR EYELINER PENCIL,COLORBAR EYELINER PENCIL CHARCOAL,GM/HBC
10486,BROWN COSMETICS DARK EYELINER LIQUID SUGAR,SUGAR COSMETICS LIQUID EYELINER DARK BROWN,GM/HBC
10490,BLACK EYELINER LAKM PENCIL,LAKMΘ EYELINER PENCIL BLACK,GM/HBC
10483,BLACK EYELINER LIQUID MAYBELLINE   NEW#YORK,MAYBELLINE NEW YORK LIQUID EYELINER BLACK,GM/HBC
10497,CRYSTAL DEODORANT FRESH NIVEA ON ROLL,NIVEA DEODORANT ROLL-ON CRYSTAL FRESH,GM/HBC
10499,BAY DEODORANT LIME ON ROLL RUM STONE WILD,WILD STONE DEODORANT ROLL-ON BAY RUM LIME,GM/HBC
10498,BOURBON DEODORANT ON ROLL STONE VETIVER WILD,WILD STONE DEODORANT ROLL-ON BOURBON VETIVER,GM/HBC
10501,DEODORANT DOVE EXTRA FRESH MEN ON ROLL,DOVE MEN DEODORANT ROLL-ON EXTRA FRESH,GM/HBC
10500,CLEAN COMFORT DEODORANT DOVE MEN STICK,DOVE MEN DEODORANT STICK CLEAN COMFORT,GM/HBC
10502,CLEAN COMFORT DEODORANT DOVE MEN ON ROLL,DOVE MEN DEODORANT ROLL-ON CLEAN COMFORT,GM/HBC
10505,BLACK DEODORANT MEN NIVEA SPRAY WHITE,NIVEA MEN DEODORANT SPRAY BLACK & WHITE,GM/HBC
10506,BLACK DEODORANT FRESH MEN NIVEA SPRAY WHITE,NIVEA MEN DEODORANT SPRAY BLACK & WHITE FRESH,GM/HBC
10504,COOL DEODORANT FRESH MEN NIVEA SPRAY,NIVEA MEN DEODORANT SPRAY COOL FRESH,GM/HBC
10508,ADVENTURE DEODORANT FOGG MEN SPRAY,FOGG MEN DEODORANT SPRAY ADVENTURE,GM/HBC
10507,DEODORANT DOVE FRESH MEN SPRAY,DOVE MEN DEODORANT SPRAY FRESH,GM/HBC
10510,BODY SHEA SPRAY STONE VANILLA WILD,WILD STONE BODY SPRAY VANILLA & SHEA,GM/HBC
10509,ALOE DEODORANT ENGAGE MEN RAIN SPRAY,ENGAGE MEN DEODORANT SPRAY ALOE RAIN,GM/HBC
10511,BLACK DEODORANT MEN NIVEA PLUS STICK,NIVEA MEN DEODORANT STICK BLACK PLUS,GM/HBC
10512,DEODORANT DOVE MEN SENSITIVE SHIELD STICK,DOVE MEN DEODORANT STICK SENSITIVE SHIELD,GM/HBC
10513,CARE COASTAL DEODORANT DOVE MEN STICK,DOVE MEN DEODORANT STICK COASTAL CARE,GM/HBC
10514,DEODORANT DOVE MEN SANDALWOOD STICK,DOVE MEN DEODORANT STICK SANDALWOOD,GM/HBC
10516,DEODORANT FIJI MEN PACK STICK STONE TWIN WILD,WILD STONE MEN DEODORANT STICK FIJI TWIN PACK,GM/HBC
10515,DEODORANT FIJI MEN PACK STICK STONE TWIN WILD,WILD STONE MEN DEODORANT STICK FIJI TWIN PACK,GM/HBC
10521,DEODORANT DOVE EXTRA FRESH MEN STICK,DOVE MEN DEODORANT STICK EXTRA FRESH,GM/HBC
10517,CLEAN COMFORT DEODORANT DOVE MEN STICK,DOVE MEN DEODORANT STICK CLEAN COMFORT,GM/HBC
10518,DEODORANT DOVE EXTRA FRESH MEN STICK,DOVE MEN DEODORANT STICK EXTRA FRESH,GM/HBC
10519,CLEAN COMFORT DEODORANT DOVE MEN STICK,DOVE MEN DEODORANT STICK CLEAN COMFORT,GM/HBC
10520,COOL DEODORANT FRESH MEN NIVEA STICK,NIVEA MEN DEODORANT STICK COOL FRESH,GM/HBC
10523,CLEAN DEODORANT FRESH MEN NIVEA STICK,NIVEA MEN DEODORANT STICK CLEAN FRESH,GM/HBC
10522,DEODORANT DOVE EXTRA FRESH MEN STICK,DOVE MEN DEODORANT STICK EXTRA FRESH,GM/HBC
10524,BODY DEODORANT SHEA STICK STONE VANILLA WILD,WILD STONE BODY DEODORANT STICK VANILLA & SHEA,GM/HBC
10525,BODY DEODORANT MANDARIN SANDALWOOD STICK STONE WILD,WILD STONE BODY DEODORANT STICK MANDARIN & SANDALWOOD,GM/HBC
10526,DEODORANT MEN NIVEA ON PAC ROLL TWIN UNSCENTED,NIVEA MEN DEODORANT ROLL-ON UNSCENTED TWIN PAC,GM/HBC
10528,DEODORANT FRESH NIVEA ON PACK ROLL SHOWER TWIN WOMEN,NIVEA WOMEN DEODORANT ROLL-ON SHOWER FRESH TWIN PACK,GM/HBC
10527,DEODORANT DOVE LAVENDER ON ROLL WOMEN,DOVE WOMEN DEODORANT ROLL-ON LAVENDER,GM/HBC
10529,DEODORANT NATURAL NIVEA OCEAN STICK WOMEN,NIVEA WOMEN NATURAL DEODORANT STICK OCEAN,GM/HBC
10530,DEODORANT NATURAL NIVEA PEACH STICK WOMEN,NIVEA WOMEN NATURAL DEODORANT STICK PEACH,GM/HBC
10533,ALMOND DEODORANT ENGAGE HONEY SPRAY WOMEN,ENGAGE WOMEN DEODORANT SPRAY ALMOND HONEY,GM/HBC
10532,DEODORANT ENGAGE ROSE SPRAY WATER WOMEN,ENGAGE WOMEN DEODORANT SPRAY ROSE WATER,GM/HBC
10534,DEODORANT ENGAGE JASMINE SPRAY TEA WHITE WOMEN,ENGAGE WOMEN DEODORANT SPRAY WHITE TEA JASMINE,GM/HBC
10531,BLACK DEODORANT NIVEA SPRAY WHITE WOMEN,NIVEA WOMEN DEODORANT SPRAY BLACK & WHITE,GM/HBC
10535,DEODORANT DOVE FRESH SPRAY WOMEN,DOVE WOMEN DEODORANT SPRAY FRESH,GM/HBC
10536,DEODORANT DOVE ROSE STICK WATER WOMEN,DOVE WOMEN DEODORANT STICK ROSE WATER,GM/HBC
10537,DEODORANT FRESH NIVEA PACK POWDER STICK TWIN WOMEN,NIVEA WOMEN DEODORANT STICK POWDER FRESH TWIN PACK,GM/HBC
10539,CLEAN COMFORT CREAM DEODORANT DOVE WOMEN,DOVE WOMEN DEODORANT CREAM CLEAN COMFORT,GM/HBC
10541,CLEAN COMFORT DEODORANT DOVE STICK WOMEN,DOVE WOMEN DEODORANT STICK CLEAN COMFORT,GM/HBC
10538,CREAM DEODORANT PEACH VANILLA WOMEN YARDLEY,YARDLEY WOMEN DEODORANT CREAM PEACH VANILLA,GM/HBC
10540,DEODORANT PEACH STICK VANILLA WOMEN YARDLEY,YARDLEY WOMEN DEODORANT STICK PEACH VANILLA,GM/HBC
10736,GEL HAIR HOLD MAX SET STYLING WET,SET WET HAIR STYLING GEL MAX HOLD,GM/HBC
10737,COCONUT CONDITIONER DOVE HAIR HYDRATION,DOVE HAIR CONDITIONER COCONUT & HYDRATION,GM/HBC
10739,DAMAGED DRY HAIR  SHAMPOO  HEAD#SHOULDERS,HEAD & SHOULDERS SHAMPOO DRY & DAMAGED HAIR,GM/HBC
10741, OILY SCALP SHAMPOO  HEAD#SHOULDERS,HEAD & SHOULDERS SHAMPOO OILY SCALP,GM/HBC
10740,CONDITIONER DAMAGED DOVE DRY HAIR,DOVE HAIR CONDITIONER DRY & DAMAGED HAIR,GM/HBC
10738,CONDITIONER DOVE HAIR OILY,DOVE HAIR CONDITIONER OILY HAIR,GM/HBC
10943, TOOTHPASTE  WHITE COLGATE#VISIBLE,COLGATE VISIBLE WHITE TOOTHPASTE,GM/HBC
10944,CLOSE TOOTHPASTE UP WHITENING,CLOSE-UP WHITENING TOOTHPASTE,GM/HBC
10179,BEVERAGE DRINK FLAVOURED FRUIT JUICE ORANGE ORIGINAL POWER REAL TANGY,REAL FRUIT POWER ORANGE DRINK TANGY ORIGINAL FLAVOURED JUICE BEVERAGE,DAIRY
10180,BEVERAGE DRINK FLAVOURED FRUIT JUICE ORANGE ORIGINAL POWER REAL TANGY,REAL FRUIT POWER ORANGE DRINK TANGY ORIGINAL FLAVOURED JUICE BEVERAGE,DAIRY
11089,CITRUS DRINK FRESH JUICE NO ORANGE PERCENT PULP REAL,REAL 100 PERCENT ORANGE JUICE NO PULP FRESH CITRUS DRINK,DAIRY
11090, CITRUS DRINK FRESH HIGH JUICE NATURAL ORANGE  PULP WITH BOAT#PAPER,PAPER BOAT ORANGE JUICE WITH HIGH PULP FRESH NATURAL CITRUS DRINK,DAIRY
11091,AND  CALCIUM D JUICE NO ORANGE  PERCENT PULP VITAMIN WITH BOAT#PAPER,PAPER BOAT 100 PERCENT ORANGE JUICE NO PULP WITH CALCIUM AND VITAMIN D,DAIRY
11092,ACTIV ADDED CALCIUM DRINK FRESH HEALTH JUICE ORANGE REAL WITH,REAL ACTIV ORANGE JUICE WITH ADDED CALCIUM FRESH HEALTH DRINK,DAIRY
11093,CARAMEL COFFEE DRINK FLAVOURED ICED MACCHIA  TATA  READY#TO,TATA COFFEE ICED COFFEE CARAMEL MACCHIATO FLAVOURED READY TO DRINK,DAIRY
11094,BLACK COFFEE DRINK ESPRESSO ICED  TATA  UNSWEETENED READY#TO,TATA COFFEE ICED ESPRESSO BLACK UNSWEETENED READY TO DRINK COFFEE,DAIRY
11095,COFFEE COLD FLAVOURED ICED MOCHA PREMIUM RAGE,RAGE COFFEE ICED COFFEE MOCHA FLAVOURED PREMIUM COLD COFFEE,DAIRY
11096,ALL BEVERAGE FRUIT GRAPE JUICE NATURAL REAL,REAL GRAPE JUICE ALL NATURAL FRUIT BEVERAGE,DAIRY
11097,COCKTAIL CONCORD DRINK FRUIT GRAPE JUICE REAL SWEET,REAL CONCORD GRAPE JUICE COCKTAIL SWEET FRUIT DRINK,DAIRY
11098,COCKTAIL DRINK FRUIT JUICE PASSION REAL TROPICAL,REAL PASSION FRUIT JUICE COCKTAIL TROPICAL FRUIT DRINK,DAIRY
11099,CITRUS DRINK    PINK  SUGAR ZERO LEMONADE#REFRESHING MAID#MINUTE,MINUTE MAID PINK LEMONADE ZERO SUGAR REFRESHING CITRUS DRINK,DAIRY
11100,DRINK FRUIT JUICE  RASPBERRY REAL  LEMONADE#REFRESHING,REAL RASPBERRY LEMONADE REFRESHING FRUIT JUICE DRINK,DAIRY
11101,DRINK  LIGHT LOW RASPBERRY REAL  SUGAR WITH LEMONADE#REFRESHING,REAL LIGHT LEMONADE WITH RASPBERRY LOW SUGAR REFRESHING DRINK,DAIRY
11102,CITRUS CLASSIC DRINK FRESH  REAL  LEMONADE#REFRESHING,REAL CLASSIC LEMONADE FRESH CITRUS REFRESHING DRINK,DAIRY
11103,BEVERAGE FRUIT   MIXED PREMIUM PUNCH MAID#MINUTE,MINUTE MAID FRUIT PUNCH PREMIUM MIXED FRUIT BEVERAGE,DAIRY
11104,CITRUS DRINK FRUIT JUICE PUNCH REAL REFRESHING SMOOTH STYLE,REAL CITRUS FRUIT PUNCH SMOOTH STYLE REFRESHING JUICE DRINK,DAIRY
11105,BEVERAGE CHILLED DRINK GOLD ICED  SWEET TATA TEA  READY#TO,TATA TEA GOLD SWEET ICED TEA CHILLED READY TO DRINK BEVERAGE,DAIRY
11106,BLACK CHILLED DRINK GOLD  SWEETENED TATA TEA  READY#TO,TATA TEA GOLD BLACK TEA SWEETENED CHILLED READY TO DRINK,DAIRY
11107,BAKRI BEVERAGE BLACK CHILLED DRINK  SWEETENED TEA  WAGH READY#TO,WAGH BAKRI SWEETENED BLACK TEA READY TO DRINK CHILLED BEVERAGE,DAIRY
10005,AMUL BLOCK CHEESE PROCESSED,AMUL PROCESSED CHEESE BLOCK,DAIRY
10006,CHEESE FRESH GO PANEER SOFT STYLE,GO CHEESE FRESH PANEER STYLE SOFT CHEESE,DAIRY
10007,BRITANNIA CHEESE CLASSIC PROCESSED SLICES,BRITANNIA CHEESE SLICES CLASSIC PROCESSED CHEESE,DAIRY
10008,AMUL CHEESE CUBES PACK SNACK,AMUL CHEESE CUBES SNACK PACK,DAIRY
10009,AMUL CHEDDAR CHEESE CUBES NATURAL,AMUL CHEESE CUBES NATURAL CHEDDAR,DAIRY
10010,AMUL CHEDDAR CHEESE CUBES PACK SNACK,AMUL CHEDDAR CHEESE CUBES SNACK PACK,DAIRY
10011,CHEESE FAT GO MOZZARELLA PACK REDUCED SNACK STICKS,GO CHEESE MOZZARELLA CHEESE STICKS REDUCED FAT SNACK PACK,DAIRY
10267,AMUL BLOCK CHEDDAR CHEESE PROCESSED YELLOW,AMUL CHEDDAR CHEESE BLOCK YELLOW PROCESSED CHEESE,DAIRY
10268,AMUL BLOCK CHEDDAR CHEESE PROCESSED WHITE,AMUL CHEDDAR CHEESE BLOCK WHITE PROCESSED CHEESE,DAIRY
10269,BLOCK CHEESE FREE GO LACTOSE MOZZARELLA VARIANT,GO CHEESE MOZZARELLA CHEESE BLOCK LACTOSE FREE VARIANT,DAIRY
10270,AMUL BLOCK CHEESE FRESH PANEER SOFT,AMUL FRESH PANEER SOFT CHEESE BLOCK,DAIRY
10271,BRITANNIA CHEESE CREAMY FRESH SPREAD,BRITANNIA CREAMY FRESH CHEESE SPREAD,DAIRY
10272, AND CHEESE FOR GRATED PARMESAN PASTA PIZZA  AMUL#POWDER,AMUL GRATED PARMESAN CHEESE POWDER FOR PASTA AND PIZZA,DAIRY
10273,CHEESE FAT GO LOW RICOTTA SOFT,GO CHEESE RICOTTA CHEESE LOW FAT SOFT CHEESE,DAIRY
10274,CHEESE GO PART RICOTTA SKIMMED SOFT,GO CHEESE RICOTTA CHEESE PART SKIMMED SOFT CHEESE,DAIRY
10275,AMUL BLEND CHEESE PIZZA SHREDDED,AMUL PIZZA CHEESE SHREDDED BLEND,DAIRY
10276,BLEND CHEESE GO ITALIAN SHAVED,GO CHEESE ITALIAN BLEND SHAVED CHEESE,DAIRY
10277,CHEESE DAIRY FREE MEXICAN PLATTER SHREDS STYLE URBAN VEGAN,URBAN PLATTER VEGAN CHEESE SHREDS MEXICAN STYLE DAIRY FREE,DAIRY
10278,CHEESE INDIA ORGANIC PARMESAN SHREDDED,ORGANIC INDIA PARMESAN CHEESE SHREDDED,DAIRY
10279,AMUL CHEESE LOW MOISTURE MOZZARELLA PART SHREDDED SKIM,AMUL MOZZARELLA CHEESE SHREDDED LOW MOISTURE PART SKIM,DAIRY
10280,BLEND CHEDDAR CHEESE GO MIX SHREDDED,GO CHEESE CHEDDAR BLEND SHREDDED CHEESE MIX,DAIRY
10281,BLEND CHEDDAR CHEESE GO JACK SHREDDED,GO CHEESE CHEDDAR JACK SHREDDED CHEESE BLEND,DAIRY
10282,AMUL CHEDDAR CHEESE EXTRA SHARP SHREDDED,AMUL EXTRA SHARP CHEDDAR CHEESE SHREDDED,DAIRY
10283,AMUL CHEESE MOZZARELLA SHREDDED,AMUL MOZZARELLA CHEESE SHREDDED,DAIRY
10284,AMUL BLEND CHEESE FLAVOUR PIZZA SHREDDED SPICY,AMUL PIZZA CHEESE SHREDDED BLEND SPICY FLAVOUR,DAIRY
10285,BLEND CHEESE GO ITALIAN MIX SHREDDED,GO CHEESE ITALIAN BLEND SHREDDED CHEESE MIX,DAIRY
10286,CHEESE GO PARMESAN SHREDDED,GO CHEESE PARMESAN SHREDDED CHEESE,DAIRY
10287,BLEND CHEESE GO MEXICAN SHREDDED STYLE,GO CHEESE MEXICAN STYLE SHREDDED CHEESE BLEND,DAIRY
10288,BRITANNIA CHEESE SLICES SMOKED,BRITANNIA SMOKED CHEESE SLICES,DAIRY
10289,AMUL CHEESE FAT LOW PROCESSED SLICES VARIANT,AMUL PROCESSED CHEESE SLICES LOW FAT VARIANT,DAIRY
10290,CHEESE DAIRY FLAVOUR FREE PLATTER SLICES SMOKED URBAN VEGAN,URBAN PLATTER VEGAN CHEESE SLICES SMOKED FLAVOUR DAIRY FREE,DAIRY
10291,BRITANNIA CHEESE CREAMY FLAVOURED PEPPER SLICES TEXTURE,BRITANNIA PEPPER FLAVOURED CHEESE SLICES CREAMY TEXTURE,DAIRY
10292,AMUL CHEESE COLBY PROCESSED SLICES STYLE,AMUL CHEESE SLICES COLBY STYLE PROCESSED CHEESE,DAIRY
10293,BRITANNIA CHEDDAR CHEESE FOR SANDWICH SLICES SMOKED,BRITANNIA SMOKED CHEDDAR CHEESE SLICES FOR SANDWICH,DAIRY
10294,AMUL CHEDDAR CHEESE CUT FLAVOUR SLICES THIN,AMUL CHEESE SLICES THIN CUT CHEDDAR FLAVOUR,DAIRY
10295,BRITANNIA CHEESE SLICES STYLE SWISS,BRITANNIA CHEESE SLICES SWISS STYLE,DAIRY
10296,AMUL CHEESE CLASSIC PROCESSED SLICES,AMUL CHEESE SLICES CLASSIC PROCESSED CHEESE,DAIRY
10297,AMUL CHEDDAR CHEESE CUBES,AMUL CHEDDAR CHEESE CUBES,DAIRY
10298,AMUL CHEESE CUBES MIXED,AMUL CHEESE CUBES MIXED CHEESE,DAIRY
10299,AMUL CHEDDAR CHEESE CUBES FLAVOUR MEDIUM,AMUL CHEDDAR CHEESE CUBES MEDIUM FLAVOUR,DAIRY
10300,CHEESE CUBES GO MOZZARELLA PACK SNACK,GO CHEESE MOZZARELLA CHEESE CUBES SNACK PACK,DAIRY
10301,AMUL CHEDDAR CHEESE CUBES FLAVOUR MILD,AMUL CHEDDAR CHEESE CUBES MILD FLAVOUR,DAIRY
10302,AMUL CHEESE CRACKERS CUBES WITH,AMUL CHEESE CUBES WITH CRACKERS,DAIRY
10303,CHEESE GO MOZZARELLA,GO CHEESE MOZZARELLA CHEESE,DAIRY
10304,CHEESE FLAVOUR GO PEPPER,GO CHEESE PEPPER FLAVOUR CHEESE,DAIRY
10305,CHEESE GO MOZZARELLA PACK SNACK STICKS,GO CHEESE MOZZARELLA CHEESE STICKS SNACK PACK,DAIRY
10306,CHEESE GO MOZZARELLA STICKS,GO CHEESE MOZZARELLA CHEESE STICKS,DAIRY
10307,BRITANNIA CHEESE CREAM LIGHT SOFT SPREAD TEXTURE,BRITANNIA CREAM CHEESE SPREAD LIGHT SOFT TEXTURE,DAIRY
10308,BRITANNIA CHEESE CREAM SPREAD STRAWBERRY,BRITANNIA STRAWBERRY CREAM CHEESE SPREAD,DAIRY
10309,BRITANNIA CHEESE CREAM SMOOTH SPREAD TEXTURE WHIPPED,BRITANNIA CREAM CHEESE WHIPPED SPREAD SMOOTH TEXTURE,DAIRY
10310,AMUL CHEESE CUT FOR PROCESSED SANDWICH SLICES THICK,AMUL PROCESSED CHEESE SLICES THICK CUT FOR SANDWICH,DAIRY
10311,AMUL CHEESE DELUXE FOR PACK PROCESSED SANDWICH SLICES,AMUL PROCESSED CHEESE SLICES DELUXE PACK FOR SANDWICH,DAIRY
10149,AMUL CHEESE COTTAGE FAT FRESH FULL PANEER SOFT,AMUL FRESH PANEER SOFT FULL FAT COTTAGE CHEESE,DAIRY
10150,AMUL COFFEE COOKING CREAM FRESH UHT,AMUL FRESH CREAM UHT COOKING & COFFEE CREAM,DAIRY
10151,COFFEE CREAMER FREE FRENCH MATE NESTLE SUGAR VANILLA,NESTLE COFFEE MATE SUGAR FREE FRENCH VANILLA CREAMER,DAIRY
10152,COFFEE CREAMER FLAVOURED GINGERBREAD MATE NESTLE,NESTLE COFFEE MATE GINGERBREAD FLAVOURED CREAMER,DAIRY
10153,COFFEE CREAMER GINGERBREAD MATE NESTLE,NESTLE COFFEE MATE GINGERBREAD CREAMER,DAIRY
10154,COFFEE CREAMER FLAVOURED MATE MOCHA NESTLE PEPPERMINT,NESTLE COFFEE MATE PEPPERMINT MOCHA FLAVOURED CREAMER,DAIRY
10155,AMUL CHOCOLATE DRINK FAT LOW MILK   READY#TO,AMUL CHOCOLATE MILK LOW FAT READY TO DRINK,DAIRY
10156,AMUL BLEND CREAM FRESH HALF MILK,AMUL FRESH CREAM HALF & HALF MILK CREAM BLEND,DAIRY
10157,AMUL CHOCOLATE DRINK EGGNOG FESTIVE MILK RICH STYLE,AMUL CHOCOLATE MILK RICH FESTIVE DRINK (EGGNOG STYLE),DAIRY
10158,AMUL CREAMY DRINK FESTIVE MILK SPECIAL SWEET,AMUL CREAMY MILK FESTIVE SPECIAL SWEET DRINK,DAIRY
10159,AMUL BEVERAGE DAIRY MILK RICH SWEET,AMUL DAIRY RICH SWEET MILK BEVERAGE,DAIRY
10160,ALTERNATIVE  DAIRY MILK OAT OATLY  BASED#PLANT,OATLY OAT MILK PLANT BASED DAIRY ALTERNATIVE,DAIRY
10161,EPIGAMIA FAT GREEK RASPBERRY YOGURT ZERO,EPIGAMIA GREEK YOGURT RASPBERRY ZERO FAT,DAIRY
10162,EPIGAMIA FAT GREEK LOW STRAWBERRY YOGURT,EPIGAMIA GREEK YOGURT STRAWBERRY LOW FAT,DAIRY
10163,BLACK CHERRY EPIGAMIA FAT GREEK YOGURT ZERO,EPIGAMIA GREEK YOGURT BLACK CHERRY ZERO FAT,DAIRY
10164,CREAMY EPIGAMIA FLAVOUR GREEK HONEY YOGURT,EPIGAMIA GREEK YOGURT HONEY FLAVOUR CREAMY,DAIRY
10165,EPIGAMIA FAT GREEK VANILLA YOGURT ZERO,EPIGAMIA GREEK YOGURT VANILLA ZERO FAT,DAIRY
10166,BLACKBERRY EPIGAMIA FAT GREEK LOW YOGURT,EPIGAMIA GREEK YOGURT BLACKBERRY LOW FAT,DAIRY
10167,CREAMY DESSERT EPIGAMIA STYLE VANILLA YOGURT,EPIGAMIA CREAMY YOGURT VANILLA DESSERT STYLE,DAIRY
10168,AMUL BANANA DAHI FLAVOURED KIDS MASTI STRAWBERRY YOGURT,AMUL MASTI DAHI KIDS STRAWBERRY BANANA FLAVOURED YOGURT,DAIRY
10169,A FAT LOW NESTLE VANILLA YOGURT,NESTLE A+ VANILLA YOGURT LOW FAT,DAIRY
10170,EPIGAMIA FLAVOURED KIWI STRAWBERRY YOGURT,EPIGAMIA STRAWBERRY KIWI FLAVOURED YOGURT,DAIRY
10171,AMUL FAT FRESH MILK REDUCED TAAZA,AMUL TAAZA MILK 2% REDUCED FAT FRESH MILK,DAIRY
10999,AMUL CREAM FLAVOUR PEPPERMINT SPRAY WHIPPED,AMUL WHIPPED CREAM PEPPERMINT FLAVOUR SPRAY,DAIRY
11000,CREAM RICH S SUGAR TOPPING WHIPPED ZERO,RICHÆS WHIPPED CREAM ZERO SUGAR TOPPING,DAIRY
11001,AMUL CHEESE COTTAGE FRESH PANEER SOFT,AMUL FRESH PANEER SOFT COTTAGE CHEESE,DAIRY
11002,AMUL DAIRY FLAVOURED FRESH PANEER STRAWBERRY,AMUL FLAVOURED PANEER STRAWBERRY FRESH DAIRY,DAIRY
11003,CHEESE COTTAGE MILKY MIST PEACH,MILKY MIST COTTAGE CHEESE 4% PEACH,DAIRY
11004,CHEESE COTTAGE DAIRY FAT FREE MOTHER,MOTHER DAIRY COTTAGE CHEESE FAT FREE,DAIRY
11005,COFFEE CREAMER FLAVOURED MATE NESTLE,NESTLE COFFEE MATE COFFEE FLAVOURED CREAMER,DAIRY
11006,AMUL CREAM CREAMER FLAVOURED FRESH VANILLA,AMUL FRESH CREAM VANILLA FLAVOURED CREAMER,DAIRY
11007,CREAMER DAIRY EPIGAMIA FLAVOUR ROTATIONAL,EPIGAMIA DAIRY CREAMER ROTATIONAL FLAVOUR,DAIRY
11008,ALMOND BEVERAGE DAIRY FREE MILK SOFIT VANILLA,SOFIT ALMOND MILK VANILLA DAIRY FREE BEVERAGE,DAIRY
11009,ALMOND CREAMER MILK PLATTER URBAN VANILLA,URBAN PLATTER ALMOND MILK VANILLA CREAMER,DAIRY
11010,ALMOND BEVERAGE COOKIE DAIRY FLAVOUR FREE MILK PRESSERY RAW,RAW PRESSERY ALMOND MILK COOKIE FLAVOUR DAIRY FREE BEVERAGE,DAIRY
11011,ALMOND CHOCOLATE FLAVOUR MILK MINT PRESSERY RAW,RAW PRESSERY ALMOND MILK CHOCOLATE MINT FLAVOUR,DAIRY
11012,CARAMEL COFFEE CREAMER FLAVOURED FREE MATE NESTLE SUGAR,NESTLE COFFEE MATE CARAMEL FLAVOURED SUGAR FREE CREAMER,DAIRY
11013,COFFEE CREAMER FREE FRENCH MATE NESTLE SUGAR VANILLA,NESTLE COFFEE MATE FRENCH VANILLA SUGAR FREE CREAMER,DAIRY
11014,CINNAMON COFFEE ENHANCER FLAVOUR HERSHEY S,HERSHEYÆS COFFEE ENHANCER CINNAMON FLAVOUR,DAIRY
11015,COFFEE CREAMER FLAVOURED FREE MATE NESTLE PUMPKIN SPICE SUGAR,NESTLE COFFEE MATE PUMPKIN SPICE FLAVOURED SUGAR FREE CREAMER,DAIRY
11016,CARAMEL COFFEE DESSERT HERSHEY S SYRUP TOPPING,HERSHEYÆS CARAMEL SYRUP COFFEE & DESSERT TOPPING,DAIRY
11017,COFFEE CREAMER FLAVOURED MATE NESTLE PUMPKIN SPICE,NESTLE COFFEE MATE PUMPKIN SPICE FLAVOURED CREAMER,DAIRY
11018,AMUL   DRINK FLAVOURED KOOL MILK   CHOCOLATE#DARK READY#TO,AMUL KOOL DARK CHOCOLATE FLAVOURED MILK READY TO DRINK,DAIRY
11019,BEVERAGE BRITANNIA CHOCOLATE COW FLAVOURED MILK RICH WINKIN,BRITANNIA WINKIN COW RICH CHOCOLATE FLAVOURED MILK BEVERAGE,DAIRY
11020,CAVIN CHOCOLATE CREAM DRINK FULL MILKSHAKE  S  READY#TO,CAVIN'S CHOCOLATE MILKSHAKE FULL CREAM READY TO DRINK,DAIRY
11021,ADDED AMUL CALCIUM FAT FREE LACTOSE MILK REDUCED WITH,AMUL LACTOSE FREE MILK REDUCED FAT WITH ADDED CALCIUM,DAIRY
11022,AMUL DIGEST EASY FAT FREE LACTOSE MILK SKIMMED TO,AMUL LACTOSE FREE SKIMMED MILK FAT FREE EASY TO DIGEST,DAIRY
11023,FAT FREE LIFE LONG MANTRA MILK ORGANIC PACK TONED UHT,24 MANTRA ORGANIC UHT TONED MILK FAT FREE LONG LIFE PACK,DAIRY
11024,ALMOND  BEVERAGE FLAVOURED HONEY MILK  SOFIT VANILLA BASED#PLANT,SOFIT ALMOND MILK HONEY VANILLA FLAVOURED PLANT BASED BEVERAGE,DAIRY
11025,ALMOND DAIRY DRINK FREE MILK PRESSERY RAW UNSWEETENED VANILLA,RAW PRESSERY ALMOND MILK VANILLA UNSWEETENED DAIRY FREE DRINK,DAIRY
11026,ALMOND  BEVERAGE EPIGAMIA FLAVOURED MILK  VANILLA BASED#PLANT,EPIGAMIA ALMOND MILK VANILLA FLAVOURED PLANT BASED BEVERAGE,DAIRY
11027, DAIRY DRINK FREE MILK OAT  PRESSERY RAW VANILLA BASED#PLANT,RAW PRESSERY OAT MILK VANILLA DAIRY FREE PLANT BASED DRINK,DAIRY
11028,BEVERAGE CHOCOLATE DAIRY EPIGAMIA HIGH MILK PROTEIN,EPIGAMIA CHOCOLATE PROTEIN MILK HIGH PROTEIN DAIRY BEVERAGE,DAIRY
11029,AMUL DAIRY DRINK FILTERED FRESH HIGH MILK PROTEIN ULTRA,AMUL HIGH PROTEIN MILK ULTRA FILTERED FRESH DAIRY DRINK,DAIRY
11030,AMUL AND BLEND CREAM FRESH HALF MILK,AMUL FRESH CREAM HALF AND HALF MILK AND CREAM BLEND,DAIRY
11031,AMUL BEVERAGE DAIRY EGGNOG FLAVOURED MILK STYLE SWEET TRADITIONAL,AMUL EGGNOG STYLE FLAVOURED MILK TRADITIONAL SWEET DAIRY BEVERAGE,DAIRY
11032,BEVERAGE DAIRY FLAVOURED HERITAGE LIFE LONG MILK UHT VANILLA,HERITAGE VANILLA FLAVOURED MILK UHT LONG LIFE DAIRY BEVERAGE,DAIRY
11033,AMUL BEVERAGE CLASSIC DAIRY FLAVOURED MILK RICH SWEET,AMUL CLASSIC SWEET FLAVOURED MILK RICH DAIRY BEVERAGE,DAIRY
11034,A CHOCOLATE DRINK FAT LOW MILK NESTLE   READY#TO,NESTLE A+ CHOCOLATE MILK LOW FAT READY TO DRINK,DAIRY
11035,AMUL CREAM DAIRY FRESH FULL MILK PASTEURISED,AMUL FULL CREAM MILK FRESH PASTEURISED DAIRY MILK,DAIRY
11036,CHOCOLATE DRINK EPIGAMIA GRAM MILKSHAKE PROTEIN,EPIGAMIA CHOCOLATE PROTEIN MILKSHAKE 30 GRAM PROTEIN DRINK,DAIRY
11037,CREAMY DIP EAT FRENCH ONION  SPREAD  VEEBA READY#TO,VEEBA FRENCH ONION DIP CREAMY READY TO EAT SPREAD,DAIRY
11038,CREAMY DIP FRENCH ONION SMOOTH SNACK VEEBA,VEEBA FRENCH ONION DIP SMOOTH CREAMY SNACK DIP,DAIRY
11039,CREAMY DIP FLAVOURED HERB RANCH SPREAD STYLE VEEBA,VEEBA RANCH STYLE DIP CREAMY HERB FLAVOURED SPREAD,DAIRY
11040,CREAMY DIP DRESSING EAT  RANCH    FARMS#WINGREENS READY#TO,WINGREENS FARMS RANCH DIP CREAMY READY TO EAT DRESSING,DAIRY
11041,CUP DIGESTIVE EPIGAMIA FLAVOUR HEALTH PEACH PROBIOTIC YOGURT,EPIGAMIA PROBIOTIC YOGURT PEACH FLAVOUR DIGESTIVE HEALTH CUP,DAIRY
11042,EPIGAMIA FLAVOUR FRUIT GREEK HIGH PROTEIN TROPICAL YOGURT,EPIGAMIA GREEK YOGURT TROPICAL FRUIT FLAVOUR HIGH PROTEIN,DAIRY
11043,AND BEVERAGE COOKIES CREAM DRINK EPIGAMIA GREEK HIGH PROTEIN YOGURT,EPIGAMIA GREEK YOGURT DRINK COOKIES AND CREAM HIGH PROTEIN BEVERAGE,DAIRY
11044,CUP EPIGAMIA GREEK HIGH LEMON PROTEIN RASPBERRY YOGURT,EPIGAMIA GREEK YOGURT RASPBERRY LEMON HIGH PROTEIN CUP,DAIRY
11045,ADDED CARAMEL EPIGAMIA GREEK HIGH PROTEIN SALTED SUGAR YOGURT ZERO,EPIGAMIA GREEK YOGURT SALTED CARAMEL ZERO ADDED SUGAR HIGH PROTEIN,DAIRY
11046,CHEESECAKE DESSERT EPIGAMIA GREEK STRAWBERRY STYLE SUGAR YOGURT ZERO,EPIGAMIA GREEK YOGURT STRAWBERRY CHEESECAKE ZERO SUGAR DESSERT STYLE,DAIRY
11047,ADDED CHERRY EPIGAMIA FLAVOUR GREEK HIGH NO PROTEIN SUGAR YOGURT,EPIGAMIA GREEK YOGURT CHERRY FLAVOUR HIGH PROTEIN NO ADDED SUGAR,DAIRY
11048,CUP EPIGAMIA FAT GREEK HIGH LOW PROTEIN STRAWBERRY YOGURT,EPIGAMIA GREEK YOGURT STRAWBERRY LOW FAT HIGH PROTEIN CUP,DAIRY
11049,EPIGAMIA FAT FLAVOUR GREEK  LOW RASPBERRY  YOGURT LEMONADE#REFRESHING,EPIGAMIA GREEK YOGURT RASPBERRY LEMONADE LOW FAT REFRESHING FLAVOUR,DAIRY
11050,DESSERT EPIGAMIA FAT GREEK KEY LIGHT LIME LOW STYLE YOGURT,EPIGAMIA GREEK YOGURT KEY LIME LIGHT LOW FAT DESSERT STYLE,DAIRY
11051,BLEND EPIGAMIA FAT GREEK LEMON REDUCED SMOOTH TEXTURE YOGURT,EPIGAMIA GREEK YOGURT LEMON BLEND REDUCED FAT SMOOTH TEXTURE,DAIRY
11052,BEAN CREAM CREAMY DESSERT EPIGAMIA FULL RICH VANILLA YOGURT,EPIGAMIA CREAMY YOGURT VANILLA BEAN FULL CREAM RICH DESSERT,DAIRY
11053,CHEESECAKE CHERRY CREAMY DESSERT EPIGAMIA GREEK STYLE YOGURT,EPIGAMIA GREEK YOGURT CHERRY CHEESECAKE CREAMY DESSERT STYLE,DAIRY
11054,CREAM CREAMY CUP DESSERT EPIGAMIA FLAVOUR FULL MANGO YOGURT,EPIGAMIA CREAMY YOGURT MANGO FLAVOUR FULL CREAM DESSERT CUP,DAIRY
11055,AMUL BLUEBERRY FLAVOURS KIDS MIXED STRAWBERRY VANILLA YOGURT,AMUL KIDS YOGURT BLUEBERRY STRAWBERRY VANILLA MIXED FLAVOURS,DAIRY
11056,AMUL CANDY CHOCOLATE CREAMY TOPPINGS VANILLA WITH YOGURT,AMUL CREAMY YOGURT VANILLA WITH CHOCOLATE CANDY TOPPINGS,DAIRY
11057,FED GRASS GREEK MANTRA MILK NATURAL ORGANIC PLAIN YOGURT,24 MANTRA ORGANIC GREEK YOGURT PLAIN NATURAL GRASS FED MILK,DAIRY
11058,CHAMOMILE COCONUT DAIRY EPIGAMIA FREE MILK VANILLA YOGURT,EPIGAMIA COCONUT MILK YOGURT VANILLA CHAMOMILE DAIRY FREE,DAIRY
11059,AMUL CUP FAT FLAVOUR KEY LIGHT LIME LOW YOGURT,AMUL YOGURT KEY LIME FLAVOUR LIGHT LOW FAT CUP,DAIRY
11060,AMUL AND CREAMY FLAVOUR RASPBERRY SMOOTH YOGURT,AMUL YOGURT RASPBERRY FLAVOUR SMOOTH AND CREAMY,DAIRY
11061,AMUL AND BASE COOKING CREAM CREAMY DIP SOUR THICK,AMUL SOUR CREAM THICK AND CREAMY COOKING AND DIP BASE,DAIRY
11062,AMUL FAT FRESH MILK PASTEURISED PERCENT TONED ULTRA,AMUL TONED MILK 1 PERCENT FAT ULTRA PASTEURISED FRESH MILK,DAIRY
11063,AMUL AND CREAM DAIRY FRESH FULL MILK PASTEURISED RICH,AMUL FULL CREAM MILK RICH AND FRESH PASTEURISED DAIRY MILK,DAIRY
10186,BOTTLE  CONTAINER  MILK SINGLE UNIT CHARGE#DEPOSIT,MILK BOTTLE CONTAINER DEPOSIT SINGLE UNIT CHARGE,DAIRY
10553, EAT EGGS  PEELED    BOILED#HARD#SUGUNA READY#TO,SUGUNA READY TO EAT HARD BOILED EGGS PEELED,DAIRY
10554,BAGEL EGG EGGOZ EVERYTHING PROTEIN STYLE WHITE WRAPS,EGGOZ EGG WHITE PROTEIN WRAPS EVERYTHING BAGEL STYLE,DAIRY
10555,AMUL CAGE EGGS FREE LIQUID PASTEURISED,AMUL LIQUID EGGS CAGE FREE PASTEURISED,DAIRY
10556,EGG EGGOZ EGGS LIQUID PERCENT REAL WHITES,EGGOZ LIQUID EGG WHITES 100 PERCENT REAL EGGS,DAIRY
10557,EGGOZ EGGS LIQUID SEASONED SOUTHWEST STYLE,EGGOZ LIQUID EGGS SOUTHWEST STYLE SEASONED,DAIRY
10558,EGGOZ EGGS EXTRA FARM FRESH LARGE   PASTURE#RAISED,EGGOZ FARM FRESH PASTURE RAISED EGGS EXTRA LARGE,DAIRY
10172,AMUL BUTTER GARLIC HERB,AMUL GARLIC & HERB BUTTER,DAIRY
10173,BAKE  COOKIE  FESTIVE FROSTED KIT MAKING   BETTY#CROCKER READY#TO,BETTY CROCKER FESTIVE FROSTED COOKIE MAKING KIT READY TO BAKE,DAIRY
10174,BUTTER EUROPEAN PLATTER SPREAD STYLE URBAN VEGAN,URBAN PLATTER EUROPEAN STYLE VEGAN BUTTER SPREAD,DAIRY
10175,AMUL GRAM PACK SHRIKHAND,AMUL SHRIKHAND 200 GRAM PACK,DAIRY
10176,CARAMEL FLAN MILK PUDDING,CARAMEL PUDDING MILK-PUDDING FLAN,DAIRY
10177,DRYM EAT FOODS INSTANT KHEER PUDDING  RICE  READY#TO,DRYM FOODS READY-TO-EAT KHEER Û INSTANT RICE PUDDING,DAIRY
10178,AMUL EAT GRAM KHEER PACK   READY#TO,AMUL KHEER READY TO EAT 200 GRAM PACK,DAIRY
11064,BAKE CRESCENT DOUGH PILLSBURY  ROLL SHEET  READY#TO,PILLSBURY READY TO BAKE CRESCENT ROLL DOUGH SHEET,DAIRY
11065,BREAD ENGLISH OVEN WHEAT WHOLE,ENGLISH OVEN WHOLE WHEAT BREAD,DAIRY
11066,AND COOK EGG KIT MEAT  SCRAMBLE  VEGETABLES WITH READY#TO,READY TO COOK EGG SCRAMBLE KIT WITH MEAT AND VEGETABLES,DAIRY
11067,BROWNS FROZEN GRAM HASH MCCAIN PACK,MCCAIN HASH BROWNS FROZEN 400 GRAM PACK,DAIRY
11068,AMUL BUTTER GRAM PACK,AMUL BUTTER 500 GRAM PACK,DAIRY
11069,BUTTER CARTON GRAM PRESIDENT SALTED,PRESIDENT SALTED BUTTER 100 GRAM CARTON,DAIRY
11070,BRITANNIA BUTTER GRAM PACK SALTED,BRITANNIA SALTED BUTTER 100 GRAM PACK,DAIRY
11071,BUTTER DAIRY GRAM MOTHER PACK SALTED,MOTHER DAIRY SALTED BUTTER 100 GRAM PACK,DAIRY
11072,BUTTER GOVARDHAN GRAM PACK,GOVARDHAN BUTTER 100 GRAM PACK,DAIRY
11073,BUTTER GRAM PACK PRESIDENT UNSALTED,PRESIDENT UNSALTED BUTTER 500 GRAM PACK,DAIRY
11074,AMUL BUTTER CARTON GRAM UNSALTED,AMUL UNSALTED BUTTER 100 GRAM CARTON,DAIRY
11075,BRITANNIA BUTTER GRAM PACK UNSALTED,BRITANNIA UNSALTED BUTTER 100 GRAM PACK,DAIRY
11076,AMUL AND BUTTER GARLIC GRAM HERB SPREAD,AMUL GARLIC AND HERB BUTTER SPREAD 100 GRAM,DAIRY
11077,AMUL BUTTER GRAM SPREAD TUB,AMUL BUTTER SPREAD 500 GRAM TUB,DAIRY
11078,COCOSUTRA COOKIE DOUGH MIX,COCOSUTRA COOKIE DOUGH MIX,DAIRY
11079,CHIP CHOCOLATE COOKIE DOUGH GRAM PACK PILLSBURY,PILLSBURY CHOCOLATE CHIP COOKIE DOUGH 200 GRAM PACK,DAIRY
11080,BUTTER COOKIE DOUGH GRAM PACK PEANUT PILLSBURY,PILLSBURY PEANUT BUTTER COOKIE DOUGH 200 GRAM PACK,DAIRY
11081,CHOCOLATE COOKIE DOUGH GOBBLERIGHT PREMIX,GOBBLERIGHT CHOCOLATE COOKIE DOUGH PREMIX,DAIRY
11082,BUTTER NUTRALITE SPREAD VEGAN,NUTRALITE VEGAN BUTTER SPREAD,DAIRY
11083,AMUL BUTTER GRAM PACK UNSALTED,AMUL UNSALTED BUTTER 100 GRAM PACK,DAIRY
11084,BUTTER FAT GRAM LOW NUTRALITE SPREAD TUB,NUTRALITE LOW FAT BUTTER SPREAD 500 GRAM TUB,DAIRY
11085,BUTTER DEL GRAM MONTE SPREAD TUB,DEL MONTE BUTTER SPREAD 200 GRAM TUB,DAIRY
11086,AMERICAN DILL GARDEN JAR PICKLE,AMERICAN GARDEN DILL PICKLE JAR,DAIRY
11087,CUCUMBER DEL DILL GRAM JAR MONTE PICKLE SLICES,DEL MONTE CUCUMBER DILL PICKLE SLICES 350 GRAM JAR,DAIRY
11088,CHOCOLATE CUP DESSERT EPIGAMIA GRAM PUDDING,EPIGAMIA CHOCOLATE DESSERT PUDDING 90 GRAM CUP,DAIRY
20553,ALPENLIEBE BUTTER CARAMEL CREAMFILLS TOFFEE,ALPENLIEBE CREAMFILLS BUTTER CARAMEL TOFFEE,GROCERY
20554,ASSORTED CANDY CENTRE FILLED FLAVOURS PULSE TANGY,PULSE CANDY ASSORTED FLAVOURS TANGY CENTRE FILLED CANDY,GROCERY
20552,BUTTON CADBURY CANDY CHOCOLATE COATED GEMS,CADBURY GEMS CHOCOLATE BUTTON COATED CANDY,GROCERY
20555,FRESH GUM MENTOS PURE SPEARMINT,MENTOS PURE FRESH GUM SPEARMINT,GROCERY
20556,EUCALYPTUS FRESH MINT O,MINT-O FRESH EUCALYPTUS,GROCERY
20557,CHLORMINT LOZENGES MINT STRONG,CHLORMINT STRONG MINT LOZENGES,GROCERY
20559,BUTTER CUPS HERSHEY PEANUT REESE S,HERSHEYÔÇÖS REESEÔÇÖS PEANUT BUTTER CUPS,GROCERY
20560,BAR   EXCELLENCE INTENSE LINDT MINT CHOCOLATE#DARK,LINDT EXCELLENCE DARK MINT INTENSE CHOCOLATE BAR,GROCERY
20558,CHUPA CHUPS LOLLIPOPS MINI,CHUPA CHUPS MINI LOLLIPOPS,GROCERY
20701,BRITANNIA BUTTER COOKIES DAY GOOD,BRITANNIA GOOD DAY BUTTER COOKIES,GROCERY
20702,CHOCO COOKIES DARK FANTASY FILLS SUNFEAST,SUNFEAST DARK FANTASY CHOCO FILLS COOKIES,GROCERY
20703,BRITANNIA CREAM TREAT VANILLA WAFERS,BRITANNIA TREAT VANILLA CREAM WAFERS,GROCERY
20705,BRITANNIA BUTTER CHOCOLATE COOKIES ICING STRIPES WITH,BRITANNIA CHOCOLATE BUTTER COOKIES WITH ICING STRIPES,GROCERY
20704,BRITANNIA CHEESE CRACKERS,BRITANNIA CHEESE CRACKERS,GROCERY
20706,CHEESE CRACKERS FARMLITE MULTIGRAIN SUNFEAST,SUNFEAST FARMLITE MULTIGRAIN CHEESE CRACKERS,GROCERY
20709,BAKERY CRACKERS EVERYTHING  MULTIGRAIN SEASONING  MAHAL#TAJ,TAJ MAHAL BAKERY MULTIGRAIN EVERYTHING SEASONING CRACKERS,GROCERY
20707,BISCUITS BRITANNIA CRACKER CREAM ORIGINAL SALTED,BRITANNIA CREAM CRACKER ORIGINAL SALTED BISCUITS,GROCERY
20708,CHEESE CRISPS FLAVOURED ONION POTATO PRINGLES,PRINGLES CHEESE & ONION FLAVOURED POTATO CRISPS,GROCERY
20710,BROWN CAKES ORGANIC  RICE  PINTOLA#WHOLEGRAIN,PINTOLA ORGANIC WHOLEGRAIN BROWN RICE CAKES,GROCERY
20711,BROWN CAKES ORGANIC  RICE UNSALTED  PINTOLA#WHOLEGRAIN,PINTOLA ORGANIC WHOLEGRAIN BROWN RICE CAKES UNSALTED,GROCERY
20712,CHIPS FLAVOUR MULTIGRAIN PERI   TOO#YUMM,TOO YUMM MULTIGRAIN CHIPS PERI PERI FLAVOUR,GROCERY
20836,BLACK BREW COFFEE COLD   OWL#SLEEPY,SLEEPY OWL COLD BREW BLACK COFFEE,GROCERY
20838,COFFEE COLD MOCHA TATA,TATA COFFEE COLD COFFEE MOCHA,GROCERY
20837,ENERGY JAVA MONSTER,MONSTER ENERGY JAVA MONSTER,GROCERY
20841,GREEN TEA TEAFIT UNSWEETENED,TEAFIT UNSWEETENED GREEN TEA,GROCERY
20839,BERRY BREW ICE TEAME WILD,TEAME WILD BERRY ICE BREW,GROCERY
20840,LEMON LIPTON SUGAR ZERO,LIPTON ZERO SUGAR LEMON,GROCERY
20843,BISLERI DRINKING JAR LITRE PACKAGED WATER,BISLERI 20 LITRE PACKAGED DRINKING WATER JAR,GROCERY
20842,DRINKING JAR LITRE PACKAGED PARRY S WATER,PARRYÔÇÖS 20 LITRE PACKAGED DRINKING WATER JAR,GROCERY
20844,ALKALINE BLACK EVOCUS WATER,EVOCUS BLACK ALKALINE WATER,GROCERY
20845,DRINKING KINLEY PACKAGED WATER,KINLEY PACKAGED DRINKING WATER,GROCERY
20846,HIMALAYAN SPRING VEDICA WATER,VEDICA HIMALAYAN SPRING WATER,GROCERY
20847,HIMALAYAN MINERAL NATURAL TATA WATER,TATA HIMALAYAN NATURAL MINERAL WATER,GROCERY
20848,COCOFIT FLAVOUR LEMON LIME VITAMIN WATER,COCOFIT VITAMIN WATER LEMON & LIME FLAVOUR,GROCERY
20850,BLUEBERRY FLAVOUR KOMBUCHA MINT PRESSERY RAW,RAW PRESSERY KOMBUCHA BLUEBERRY & MINT FLAVOUR,GROCERY
20849,CHILLI DRINK ENERGY FLAVOUR KAPIVA LEMON SATTU,KAPIVA SATTU ENERGY DRINK LEMON & CHILLI FLAVOUR,GROCERY
20852,DRINK  POWDER  GATORADE#SPORTS,GATORADE SPORTS DRINK POWDER,GROCERY
20851,ELECTROLYTES FAST RELOAD UP,FAST&UP RELOAD ELECTROLYTES,GROCERY
20853,ELECTRAL ORS POWDER,ELECTRAL ORS POWDER,GROCERY
20855,DRINK ENERGY PREDATOR,PREDATOR ENERGY DRINK,GROCERY
20854,ENERGY MONSTER SUGAR ULTRA WATERMELON ZERO,MONSTER ENERGY ULTRA WATERMELON ZERO SUGAR,GROCERY
20856,APPLE BODY DRINK ENERGY FUEL REIGN SOUR TOTAL,REIGN TOTAL BODY FUEL SOUR APPLE ENERGY DRINK,GROCERY
20932,HONEY KAPIVA RAW,KAPIVA RAW HONEY,GROCERY
20933,  HOT INFUSED MIKES WITH CHILI#HONEY,MIKES HOT HONEY HONEY INFUSED WITH CHILI,GROCERY
20934,APIS HONEY INDIA,APIS INDIA HONEY,GROCERY
20940,BUTTER CHOCOLATE CRUNCHY MYFITNESS PEANUT PROTEIN,MYFITNESS PEANUT BUTTER CHOCOLATE CRUNCHY 26% PROTEIN,GROCERY
20938,COCOA DR FUNFOODS HAZELNUT NUTTY OETKER SPREAD,DR. OETKER FUNFOODS NUTTY HAZELNUT COCOA SPREAD,GROCERY
20939,ALPINO BUTTER CREAMY NATURAL PEANUT UNSWEETENED,ALPINO NATURAL PEANUT BUTTER CREAMY UNSWEETENED,GROCERY
20941,JONES KETCHUP SMITH TOMATO,SMITH & JONES TOMATO KETCHUP,GROCERY
20942,DEL KETCHUP MONTE TOMATO,DEL MONTE TOMATO KETCHUP,GROCERY
20943,FRESH KETCHUP KISSAN TOMATO,KISSAN FRESH TOMATO KETCHUP,GROCERY
20945,EASY GARDEN MERICAN MUSTARD SQUEEZE YELLOW,MERICAN GARDEN EASY SQUEEZE YELLOW MUSTARD,GROCERY
20946,AMERICAN MUSTARD UNFOODS,UNFOODS AMERICAN MUSTARD,GROCERY
20947,BARBEQUE HONEY SAUCE VEEBA,VEEBA HONEY BARBEQUE SAUCE,GROCERY
20949,BARBECUE KRAFT ORIGINAL SAUCE SIMMERED SLOW,KRAFT ORIGINAL SLOW-SIMMERED BARBECUE SAUCE,GROCERY
20952,CHILI DEL MEXICAN MONTE SEASONING,DEL MONTE MEXICAN SEASONING CHILI,GROCERY
20953,BUTTER CHICKEN GRAVY GRAVYMATTER,GRAVYMATTER BUTTER CHICKEN GRAVY,GROCERY
20954,BASE BROWN GRAVY MAGGI PROFESSIONAL,MAGGI PROFESSIONAL BROWN BASE GRAVY,GROCERY
20955,CHICKEN GRAVY MASALA SARAS,SARAS CHICKEN MASALA GRAVY,GROCERY
20956,PLATTER RED URBAN VINEGAR WINE,URBAN PLATTER RED WINE VINEGAR,GROCERY
20957,TOPS VINEGAR WHITE,TOPS WHITE VINEGAR,GROCERY
20958,BALSAMIC DRESSING PONTI VINEGAR WHITE,PONTI WHITE BALSAMIC DRESSING VINEGAR,GROCERY
20959,COOKING   WINE MAHAL#TAJ,TAJ MAHAL COOKING WINE,GROCERY
20960,COOKING RED STYLE SUNDROP WINE,SUNDROP COOKING WINE (RED WINE STYLE),GROCERY
20961,BORGES RED VINEGAR WINE,BORGES RED WINE VINEGAR,GROCERY
20962,BY CLASSIC DR DRESSING FUNFOODS MAYO OETKER SANDWICH SPREAD TANGY,FUNFOODS BY DR. OETKER SANDWICH SPREAD ÔÇÔ CLASSIC MAYO & TANGY DRESSING,GROCERY
20963,CREMICA EGGLESS MAYONNAISE SANDWICH SPREAD STYLE,CREMICA SANDWICH SPREAD ÔÇÔ EGGLESS MAYONNAISE STYLE SPREAD,GROCERY
20964,CREAMY EGGLESS MAYONNAISE SANDWICH SPREAD TANGY VEEBA,VEEBA EGGLESS MAYONNAISE ÔÇÔ CREAMY & TANGY SANDWICH SPREAD,GROCERY
20966,DEL EGGLESS LIGHT MAYONNAISE MONTE,DEL MONTE EGGLESS LIGHT MAYONNAISE,GROCERY
20967,DR FUNFOODS MAYONNAISE OETKER SQUEEZY VEG,DR. OETKER FUNFOODS VEG MAYONNAISE SQUEEZY,GROCERY
20965,GRABENORD MAYONNAISE ORGANIC VEGAN,GRABENORD VEGAN ORGANIC MAYONNAISE,GROCERY
20970,DRESSING HOUSE ITALIAN KEN LITE NORTHERN S SALAD STEAK,KEN'S STEAK HOUSE LITE NORTHERN ITALIAN SALAD DRESSING,GROCERY
20971,CHIPOTLE KRAFT MAYO SPREAD,KRAFT CHIPOTLE MAYO SPREAD,GROCERY
20972,CHEESE CHEESY RINGS   TOO#YUMM,TOO YUMM CHEESY CHEESE RINGS,GROCERY
20991,CHIPS DELMONTE HEAT SWEET,DELMONTE SWEET HEAT CHIPS,GROCERY
20993,MANGO MOTHER RECIPE S SWEET,MOTHERÔÇÖS RECIPE SWEET MANGO,GROCERY
20992,RELISH SAUCE SWEET TANGY TOPS,TOPS SWEET & TANGY RELISH SAUCE,GROCERY
20994,DRIED  SUN TOMATO  FARMS#WINGREENS,WINGREENS FARMS SUN DRIED TOMATO,GROCERY
20998,BLACK DEL MONTE OLIVES SLICED,DEL MONTE SLICED BLACK OLIVES,GROCERY
21000,BLACK BORGES OLIVES PITTED,BORGES BLACK PITTED OLIVES,GROCERY
20999,BLACK FIGARO OLIVES SLICED,FIGARO BLACK SLICED OLIVES,GROCERY
21007,CHERRY DRINK PEPSI SOFT SUGAR WILD ZERO,PEPSI WILD CHERRY ZERO SUGAR SOFT DRINK,GROCERY
21008,CHERRY DRINK PEPSI SOFT SUGAR WILD ZERO,PEPSI ZERO SUGAR WILD CHERRY SOFT DRINK,GROCERY
21012,DRINK SOFT UP,7UP SOFT DRINK,GROCERY
21015,FANTA MIX SODA STRAWBERRY,FANTA STRAWBERRY + SODA MIX,GROCERY
21017,BISLERI   CLUB#SODA,BISLERI SODA CLUB SODA,GROCERY
21016, SCHWEPPES  WATER INDIAN#TONIC,SCHWEPPES INDIAN TONIC WATER,GROCERY
21018,EAST IMPERIAL   WATER INDIAN#TONIC,EAST IMPERIAL INDIAN TONIC WATER,GROCERY
21027,BAR MIX SEED SNACK SUPER YOGA,YOGA BAR MIX SEED SUPER SNACK,GROCERY
21028,CHICKEN DOKI JERKY MASALA SMOKEY,DOKI SMOKEY MASALA CHICKEN JERKY,GROCERY
21029,BUFFALO DOKI GOCHUJANG JERKY KOREAN,DOKI KOREAN GOCHUJANG BUFFALO JERKY,GROCERY
21030,DOKI JERKY PEPPER TELLICHERRY,DOKI TELLICHERRY PEPPER JERKY,GROCERY
20627,GARLIC POWDER SAMPANN TATA,TATA SAMPANN GARLIC POWDER,GROCERY
20628,BLACK EVEREST PEPPER POWDER,EVEREST BLACK PEPPER POWDER,GROCERY
20629,CINNAMON POWDER SAMPANN TATA,TATA SAMPANN CINNAMON POWDER,GROCERY
20630,CHILLI EVEREST FLAKES RED SEASONING,EVEREST RED CHILLI FLAKES SEASONING,GROCERY
20631,BASIL DRIED LEAVES PLATTER URBAN,URBAN PLATTER DRIED BASIL LEAVES,GROCERY
20632,ITALIAN MIX ORIKA SEASONING,ORIKA ITALIAN SEASONING MIX,GROCERY
20635,ATA COARSE CRYSTAL SALT,ATA SALT COARSE CRYSTAL SALT,GROCERY
20633,HIMALAYAN ROCK SALT TATA,TATA HIMALAYAN ROCK SALT,GROCERY
20634,IODISED NATURELAND ORGANICS SALT SEA,NATURELAND ORGANICS SEA SALT IODISED,GROCERY
20636,BLACK GRINDER MALABAR ORIKA PEPPER,ORIKA MALABAR BLACK PEPPER GRINDER,GROCERY
20638,BLACK GRINDER MCCORMICK PEPPERCORN,MCCORMICK BLACK PEPPERCORN GRINDER,GROCERY
20637,BLACK EVEREST PEPPER POWDER,EVEREST BLACK PEPPER POWDER,GROCERY
20641,CHICKEN EVEREST MASALA TANDOORI,EVEREST TANDOORI CHICKEN MASALA,GROCERY
20639,CHOPS EVEREST MASALA STEAK,EVEREST STEAK & CHOPS MASALA,GROCERY
20640,CHICKEN MASALA MDH TANDOORI,MDH TANDOORI CHICKEN MASALA,GROCERY
20642,DALDA OIL REFINED VANASPATI VEGETABLE,DALDA VANASPATI REFINED VEGETABLE OIL,GROCERY
20643,AMUL BAKERY BUTTER FLAVOUR MARGARINE,AMUL BAKERY MARGARINE (BUTTER FLAVOUR),GROCERY
20644,BAKERY MARGARINE STICKS VIJAY,VIJAY BAKERY MARGARINE STICKS,GROCERY
20647,FORTUNE OIL REFINED VEGETABLE,FORTUNE REFINED VEGETABLE OIL,GROCERY
20645,CANOLA FORTUNE OIL,FORTUNE CANOLA OIL,GROCERY
20650,BORGES EXTRA LIGHT,BORGES EXTRA LIGHT,GROCERY
20648,BORGES EXTRA VIRGIN,BORGES EXTRA VIRGIN,GROCERY
20649,BETTER EVOO SIMPLY TATA,TATA SIMPLY BETTER EVOO,GROCERY
20651,AVOCADO NUTRITION OIL PURE SPRAY VIRGIN,PURE NUTRITION VIRGIN AVOCADO OIL SPRAY,GROCERY
20653,AVOCADO CHEFSPRAY OIL SPRAY,CHEFSPRAY AVOCADO OIL SPRAY,GROCERY
20652,HOFFMAN OIL SPRAY SUNFLOWER,HOFFMAN SUNFLOWER OIL SPRAY,GROCERY
20655,BAGRRY  DRINK OAT  S BASED#PLANT,BAGRRY'S PLANT BASED OAT DRINK,GROCERY
20654,ALMOND  BEVERAGE COCONUT GOOD  SO BASED#PLANT,SO GOOD PLANT BASED ALMOND COCONUT BEVERAGE,GROCERY
20656,ALMOND  MILK MILKLAB  BASED#PLANT,MILKLAB PLANT BASED ALMOND MILK,GROCERY
20657,  MILK   AMUL#POWDER INSTANT#SKIMMED,AMUL INSTANT SKIMMED MILK POWDER,GROCERY
20658, BUTTERMILK  AMUL#POWDER,AMUL BUTTERMILK POWDER,GROCERY
20659,  MILK   AMUL#POWDER INSTANT#SKIMMED,AMUL INSTANT SKIMMED MILK POWDER,GROCERY
20660,AMUL COW MILK UHT,AMUL COW UHT MILK,GROCERY
20661,AMUL HOMOGENISED MILK TAAZA TONED,AMUL TAAZA HOMOGENISED TONED MILK,GROCERY
20664,AMUL HOMOGENISED MILK TAAZA TONED,AMUL TAAZA HOMOGENISED TONED MILK,GROCERY
20662,ARROWHEAD CORNMEAL MILLS ORGANIC YELLOW,ARROWHEAD MILLS ORGANIC YELLOW CORNMEAL,GROCERY
20663,ATTA CORN DAIVIK FLOUR MAIZE MAKKI ORGANIC,DAIVIK ORGANIC MAIZE FLOUR MAKKI ATTA CORN FLOUR,GROCERY
20665,ALL FLOUR NATURAL PURPOSE TARU,TARU NATURAL ALL PURPOSE FLOUR,GROCERY
20666,AASHIRVAAD BREAD FLOUR MAKING UNBLEACHED WHEAT,AASHIRVAAD UNBLEACHED BREAD MAKING WHEAT FLOUR,GROCERY
20667,BAKING FLOUR FREE GLUTEN MIX PLATTER TO URBAN,URBAN PLATTER GLUTEN FREE BAKING FLOUR 1 TO 1 MIX,GROCERY
20668,BAR HEALTHY HEARTS HEMP MIX ORGANIC SEED YOGA,YOGA BAR ORGANIC HEMP HEARTS HEALTHY SEED MIX,GROCERY
20670,HEARTS HEMP NATURAL PLATTER SEEDS SUPER URBAN,URBAN PLATTER HEMP HEARTS NATURAL SUPER SEEDS,GROCERY
20669,FLAXSEED MEAL ORGANIC PLATTER POWDER URBAN,URBAN PLATTER ORGANIC FLAXSEED MEAL POWDER,GROCERY
20672,CANE DHAMPURE GRANULATED PURE SUGAR WHITE,DHAMPURE PURE CANE WHITE GRANULATED SUGAR,GROCERY
20673,FINE GRANULATED MADHUR SUGAR WHITE,MADHUR FINE GRANULATED WHITE SUGAR,GROCERY
20676,BAKING BROWN DARK DHAMPURE FOR SUGAR,DHAMPURE DARK BROWN SUGAR FOR BAKING,GROCERY
20674,BROWN LIGHT MANTRA ORGANIC SUGAR,24 MANTRA ORGANIC LIGHT BROWN SUGAR,GROCERY
20675,CANE CRYSTALS INDIA NATURAL ORGANIC SUGAR,ORGANIC INDIA NATURAL CANE SUGAR CRYSTALS,GROCERY
20677,AND BAKING FOR ICING MADHUR POWDERED SUGAR,MADHUR POWDERED SUGAR FOR ICING AND BAKING,GROCERY
20679,DESSERTS DHAMPURE FINE FOR POWDERED SUGAR,DHAMPURE FINE POWDERED SUGAR FOR DESSERTS,GROCERY
20678,MANTRA ORGANIC POWDERED SUGAR,24 MANTRA ORGANIC POWDERED SUGAR,GROCERY
20680,CALORIE FREE NATURA SACHETS SUGAR SWEETENER ZERO,SUGAR FREE NATURA ZERO CALORIE SWEETENER SACHETS,GROCERY
20681,CALORIE FREE GOLD LOW POWDER SUGAR SWEETENER,SUGAR FREE GOLD LOW CALORIE SWEETENER POWDER,GROCERY
20682,FRUIT LAKANTO MONK NATURAL POUCH SWEETENER,LAKANTO NATURAL MONK FRUIT SWEETENER POUCH,GROCERY
20683,AGAVE BLUE MANTRA ORGANIC SYRUP,24 MANTRA ORGANIC BLUE AGAVE SYRUP,GROCERY
20684,BOTTLE DATE INDIA NATURAL NECTAR ORGANIC SWEETENER,ORGANIC INDIA DATE NECTAR NATURAL SWEETENER BOTTLE,GROCERY
20685,AGAVE BLUE NATURAL ORGANIC PLATTER SWEETENER URBAN,URBAN PLATTER ORGANIC BLUE AGAVE NATURAL SWEETENER,GROCERY
20686,AND BREAKFAST KISSAN ORIGINAL PANCAKE SYRUP,KISSAN ORIGINAL PANCAKE AND BREAKFAST SYRUP,GROCERY
20687,AGED BARREL BOURBON MANTRA MAPLE ORGANIC SYRUP,24 MANTRA ORGANIC MAPLE SYRUP BOURBON BARREL AGED,GROCERY
20688,MANTRA MAPLE ORGANIC PERCENT PURE SYRUP,24 MANTRA ORGANIC PURE MAPLE SYRUP 100 PERCENT,GROCERY
20691,BUTTERMILK COMPLETE MIX PANCAKE PILLSBURY,PILLSBURY COMPLETE BUTTERMILK PANCAKE MIX,GROCERY
20689,AND FREE GLUTEN MIX PANCAKE PLATTER URBAN WAFFLE,URBAN PLATTER GLUTEN FREE PANCAKE AND WAFFLE MIX,GROCERY
20690,BAR HIGH MIX PANCAKE PROTEIN YOGA,YOGA BAR HIGH PROTEIN PANCAKE MIX,GROCERY
20694,BRU CAPPUCCINO COFFEE DOUBLE INSTANT MIX MOCHA,BRU DOUBLE MOCHA CAPPUCCINO INSTANT COFFEE MIX,GROCERY
20697,AND BLACK ORANGE PREMIUM SPICE TATA TEA,TATA TEA PREMIUM ORANGE AND SPICE BLACK TEA,GROCERY
20695,CHAI CONCENTRATE GIRNAR LATTE ORIGINAL TEA,GIRNAR ORIGINAL CHAI TEA LATTE CONCENTRATE,GROCERY
20713, CLASSIC DRINK    BOAT#PAPER LEMONADE#REFRESHING,PAPER BOAT CLASSIC LEMONADE REFRESHING DRINK,GROCERY
20714,CONCENTRATE JUICE LEMON REAL RECONSTITUTED,REAL LEMON JUICE RECONSTITUTED CONCENTRATE,GROCERY
20718,DRINK FOR FRUIT JUICE KIDS PUNCH REAL,REAL FRUIT PUNCH JUICE DRINK FOR KIDS,GROCERY
20716, DRINK JUICE LEMONADE   STRAWBERRY  BOAT#PAPER READY#TO,PAPER BOAT STRAWBERRY LEMONADE READY TO DRINK JUICE,GROCERY
20717, COOLER DRINK FRUIT JUICE MIXED  BOAT#PAPER,PAPER BOAT MIXED FRUIT COOLER JUICE DRINK,GROCERY
20719,DRINK ICED INSTANT MIX PEACH RASNA TEA,RASNA PEACH ICED TEA INSTANT DRINK MIX,GROCERY
20720,ENHANCER LIQUID MANGO MAPRO PINEAPPLE WATER,MAPRO PINEAPPLE MANGO LIQUID WATER ENHANCER,GROCERY
20721,ENERGY ENHANCER FUSION LIQUID MAPRO TROPICAL WATER,MAPRO TROPICAL FUSION ENERGY LIQUID WATER ENHANCER,GROCERY
20726, COOK CUT  GREEN    BEANS#DEL#MONTE READY#TO,DEL MONTE CUT GREEN BEANS READY TO COOK,GROCERY
20725,BEANS CUT GREEN MANTRA ORGANIC,24 MANTRA ORGANIC CUT GREEN BEANS,GROCERY
20727,ARTICHOKE CAN DEL HEARTS MONTE OUNCE WHOLE,DEL MONTE WHOLE ARTICHOKE HEARTS 14 OUNCE CAN,GROCERY
20728,COOKING KISSAN SAUCE TOMATO,KISSAN TOMATO COOKING SAUCE,GROCERY
20729,DEL DICED MONTE PETITE TOMATOES,DEL MONTE PETITE DICED TOMATOES,GROCERY
20730,DICED MANTRA ORGANIC TOMATOES,24 MANTRA ORGANIC DICED TOMATOES,GROCERY
20731,APRICOT DEL HALVES HEAVY IN MONTE SYRUP,DEL MONTE APRICOT HALVES IN HEAVY SYRUP,GROCERY
20732,BARTLETT DEL HALVES IN JUICE MONTE PEAR,DEL MONTE BARTLETT PEAR HALVES IN JUICE,GROCERY
20733,CRANBERRY JELLIED KISSAN SAUCE,KISSAN JELLIED CRANBERRY SAUCE,GROCERY
20735,APPLE KISSAN SAUCE UNSWEETENED,KISSAN UNSWEETENED APPLE SAUCE,GROCERY
20736,APPLE CUPS KISSAN SAUCE UNSWEETENED,KISSAN UNSWEETENED APPLE SAUCE CUPS,GROCERY
20740,CHICKEN LICIOUS PACK SAUSAGES STYLE VIENNA,LICIOUS VIENNA STYLE CHICKEN SAUSAGES PACK,GROCERY
20741,BREAST CHICKEN CHUNKS IN S VENKY WATER,VENKY'S CHICKEN BREAST CHUNKS IN WATER,GROCERY
20743,BAJA BEANS BLACK MANTRA ORGANIC STYLE,24 MANTRA ORGANIC BAJA STYLE BLACK BEANS,GROCERY
20745,ADDED BEANS BLACK MANTRA NO ORGANIC SALT,24 MANTRA ORGANIC BLACK BEANS NO SALT ADDED,GROCERY
20744,BEANS CHICKPEA COCONUT CURRY MANTRA ORGANIC,24 MANTRA ORGANIC CHICKPEA COCONUT CURRY BEANS,GROCERY
20748,BAKED BEANS HEINZ IN SAUCE TOMATO VEGETARIAN,HEINZ VEGETARIAN BAKED BEANS IN TOMATO SAUCE,GROCERY
20750,BEANS CHILLI EAT HOT  SAUCE  VEEBA WITHOUT READY#TO,VEEBA HOT CHILLI READY TO EAT SAUCE WITHOUT BEANS,GROCERY
20751,BEANS CHILLI CLASSIC EAT  SAUCE  VEEBA WITHOUT READY#TO,VEEBA CLASSIC CHILLI READY TO EAT SAUCE WITHOUT BEANS,GROCERY
20755,COOKING FILLING KISSAN SANDWICH SAUCE,KISSAN SANDWICH FILLING COOKING SAUCE,GROCERY
20758,CONDENSED CREAM KNORR MUSHROOM OF SOUP,KNORR CREAM OF MUSHROOM CONDENSED SOUP,GROCERY
20759,CHICKEN CONDENSED CREAM KNORR OF SOUP,KNORR CREAM OF CHICKEN CONDENSED SOUP,GROCERY
20760,CONDENSED FAMILY KNORR PACK SOUP TOMATO,KNORR TOMATO CONDENSED SOUP FAMILY PACK,GROCERY
20762,CHICKEN FLAVOUR NISSIN NOODLE RAMEN SOUP TOP,NISSIN TOP RAMEN CHICKEN FLAVOUR NOODLE SOUP,GROCERY
20765,BROTH CHICKEN KNORR LIQUID ORGANIC STOCK,KNORR ORGANIC CHICKEN STOCK LIQUID BROTH,GROCERY
20768,AND LENTIL LOW SAFFOLA SODIUM SOUP VEGETABLE,SAFFOLA LENTIL AND VEGETABLE SOUP LOW SODIUM,GROCERY
20769,CLAM ENGLAND HOMESTYLE KNORR NEW SOUP,KNORR HOMESTYLE NEW ENGLAND CLAM SOUP,GROCERY
20773,ANGEL BAMBINO HAIR PARMESAN PASTA SEASONING WITH,BAMBINO ANGEL HAIR PASTA WITH PARMESAN SEASONING,GROCERY
20774,BAMBINO FETTUCCINE MIX PASTA READY,BAMBINO FETTUCCINE PASTA READY MIX,GROCERY
20775,AND BAMBINO BUTTER GARLIC MIX PASTA,BAMBINO BUTTER AND GARLIC PASTA MIX,GROCERY
20776,FILLING MEATLESS MIX PLATTER STREET TACO URBAN,URBAN PLATTER MEATLESS STREET TACO FILLING MIX,GROCERY
20777, GARLIC  MASHED  MIX POTATOES ROASTED CHEF#ITC#MASTER,ITC MASTER CHEF ROASTED GARLIC MASHED POTATOES MIX,GROCERY
20778,BABY  FLAVOURED  MASHED  POTATOES RED CHEF#ITC#MASTER,ITC MASTER CHEF BABY RED FLAVOURED MASHED POTATOES,GROCERY
20779,BABY  FAMILY  MASHED  PACK POTATOES RED CHEF#ITC#MASTER,ITC MASTER CHEF BABY RED MASHED POTATOES FAMILY PACK,GROCERY
20780,BASE BRITANNIA CRUST INCH PIZZA THIN,BRITANNIA THIN CRUST PIZZA BASE 12 INCH,GROCERY
20781,BASE BRITANNIA INCH PERSONAL PIZZA,BRITANNIA PERSONAL PIZZA BASE 8 INCH,GROCERY
20782,BASE BRITANNIA CRUST ORIGINAL PIZZA,BRITANNIA ORIGINAL PIZZA CRUST BASE,GROCERY
20783,FREE GLUTEN GRAIN PLATTER TORTILLA URBAN WHOLE WRAPS,URBAN PLATTER WHOLE GRAIN GLUTEN FREE TORTILLA WRAPS,GROCERY
20784,CRUST GRAIN INCH PIZZA PLATTER SPROUTED URBAN,URBAN PLATTER SPROUTED GRAIN PIZZA CRUST 12 INCH,GROCERY
20785,BIG BOWL BULDAK CARBONARA NOODLES SAMYANG SPICY,SAMYANG BULDAK CARBONARA SPICY NOODLES BIG BOWL,GROCERY
20787,CHICKEN CUP FLAVOUR ICHIBAN NOODLES SAPPORO,SAPPORO ICHIBAN CHICKEN FLAVOUR CUP NOODLES,GROCERY
20789,BEANS LUPINI MEDITERRANEAN STYLE ZIYAD,ZIYAD LUPINI BEANS MEDITERRANEAN STYLE,GROCERY
20790,DOLMA GREEK LEAVES STUFFED STYLE VINE WINGREENS,WINGREENS GREEK STYLE DOLMA STUFFED VINE LEAVES,GROCERY
20791,AND DOLMAS MEDITERRANEAN SNACK SPICY SWEET WINGREENS,WINGREENS SWEET AND SPICY DOLMAS MEDITERRANEAN SNACK,GROCERY
20794,AND CLEAR FISH GADRE PIKE PREPARATION WHITEFISH,GADRE WHITEFISH AND PIKE CLEAR FISH PREPARATION,GROCERY
20792,BURNING CANDLE LONG MEMORIAL YEHUDA,YEHUDA MEMORIAL CANDLE LONG BURNING,GROCERY
20793,BUCKWHEAT FREE GLUTEN KASHA PLATTER ROASTED URBAN,URBAN PLATTER ROASTED BUCKWHEAT KASHA GLUTEN FREE,GROCERY
20795,CARIBBEAN HONEY JERK SAUCE SEASONING VEEBA,VEEBA HONEY JERK CARIBBEAN SEASONING SAUCE,GROCERY
20796,CHHOLE CURRY EAT MTR PUNJABI   READY#TO,MTR PUNJABI CHHOLE READY TO EAT CURRY,GROCERY
20797,CURRY MASALA PATAK S SAUCE SIMMER TIKKA,PATAK'S TIKKA MASALA CURRY SIMMER SAUCE,GROCERY
20798,BUTTER CHICKEN COOKING PATAK S SAUCE,PATAK'S BUTTER CHICKEN COOKING SAUCE,GROCERY
20799,BAR CHIA NATURAL SEEDS SUPERFOOD YOGA,YOGA BAR NATURAL CHIA SEEDS SUPERFOOD,GROCERY
20804,ALFREDO DEL GARLIC MONTE PASTA SAUCE,DEL MONTE GARLIC ALFREDO PASTA SAUCE,GROCERY
20806,CHILLIES DICED GREEN MEXICAN STYLE VEEBA,VEEBA DICED GREEN CHILLIES MEXICAN STYLE,GROCERY
20807,CHILLIES DICED GREEN MEXICAN MILD STYLE VEEBA,VEEBA MILD DICED GREEN CHILLIES MEXICAN STYLE,GROCERY
20812,BEVERAGE FRUIT MANGO NECTAR REAL,REAL MANGO NECTAR FRUIT BEVERAGE,GROCERY
20813,BEVERAGE COCONUT NECTAR PINEAPPLE REAL,REAL PINEAPPLE COCONUT NECTAR BEVERAGE,GROCERY
20814,BEVERAGE FRUIT NECTAR PINEAPPLE REAL,REAL PINEAPPLE NECTAR FRUIT BEVERAGE,GROCERY
20815,DE DESSERT   MILKMAID NESTLE SPREAD DULCE#LECHE,NESTLE MILKMAID DULCE DE LECHE DESSERT SPREAD,GROCERY
20816,COOKING CREAM CREMA MEDIA NESTLE,NESTLE MEDIA CREMA COOKING CREAM,GROCERY
20817,CARAMEL CUSTARD DESSERT FLAN MIX WEIKFIELD,WEIKFIELD CARAMEL CUSTARD FLAN DESSERT MIX,GROCERY
20821,MIX SEASONING SPICE TACO VEEBA,VEEBA TACO SEASONING SPICE MIX,GROCERY
20822,MEXICAN MIX SEASONING TACO VEEBA,VEEBA MEXICAN TACO SEASONING MIX,GROCERY
20824,AND CHUNKY DIP MEDIUM SALSA THICK WINGREENS,WINGREENS THICK AND CHUNKY MEDIUM SALSA DIP,GROCERY
20825,CASERA DIP MEDIUM SALSA STYLE WINGREENS,WINGREENS CASERA STYLE MEDIUM SALSA DIP,GROCERY
20826,CHUNKY CLASSIC DIP MILD SALSA WINGREENS,WINGREENS MILD CHUNKY CLASSIC SALSA DIP,GROCERY
20827,CAN CHICKPEAS LOW MANTRA PREMIUM SODIUM,24 MANTRA PREMIUM CHICKPEAS LOW SODIUM CAN,GROCERY
20828,BEANS COOK MANTRA PIN   READY#TO,24 MANTRA PINTO BEANS READY TO COOK,GROCERY
20829,BEANS CAN COOKED MANTRA PINTO PRE,24 MANTRA PRE COOKED PINTO BEANS CAN,GROCERY
20830,CORN CORNITOS KING SIZE TORTILLAS YELLOW,CORNITOS YELLOW CORN TORTILLAS KING SIZE,GROCERY
20832,CORNITOS TORTILLA WHEAT WHOLE WRAPS,CORNITOS WHOLE WHEAT TORTILLA WRAPS,GROCERY
20831,CORNITOS HERB SPINACH TORTILLA WRAPS,CORNITOS SPINACH HERB TORTILLA WRAPS,GROCERY
20833,CORN CORNITOS SHELLS TACO YELLOW,CORNITOS YELLOW CORN TACO SHELLS,GROCERY
20834,CORN CORNITOS OF PACK SHELLS TACO YELLOW,CORNITOS YELLOW CORN TACO SHELLS PACK OF 12,GROCERY
20835,CORN CORNITOS MINI SHELLS SLIDER TACO YELLOW,CORNITOS MINI TACO SLIDER YELLOW CORN SHELLS,GROCERY
20857,CARE  FRESH  SAFE WET  FLUSHABLE#PEE#WIPES,PEE SAFE FLUSHABLE WET WIPES FRESH CARE,GROCERY
20858,ALOE  GENTLE  SAFE VERA WET  WITH FLUSHABLE#PEE#WIPES,PEE SAFE GENTLE FLUSHABLE WET WIPES WITH ALOE VERA,GROCERY
20859,CARE  FRESH PACK  REFILL SAFE WET  FLUSHABLE#PEE#WIPES,PEE SAFE FRESH CARE FLUSHABLE WET WIPES REFILL PACK,GROCERY
20860, ORIGAMI PACK PAPER ROLLS  WHITE KITCHEN#TOWELS,ORIGAMI KITCHEN PAPER TOWELS WHITE PACK 12 ROLLS,GROCERY
20861,DOUBLE  ORIGAMI PACK PAPER ROLL  WHITE KITCHEN#TOWELS,ORIGAMI KITCHEN PAPER TOWELS WHITE DOUBLE ROLL PACK,GROCERY
20862, ORIGAMI PACK PAPER ROLLS  WHITE KITCHEN#TOWELS,ORIGAMI KITCHEN PAPER TOWELS WHITE PACK 8 ROLLS,GROCERY
20863,BOWLS CELLO DESIGNER DISPOSABLE OUNCE,CELLO DESIGNER DISPOSABLE BOWLS 10 OUNCE,GROCERY
20864,ASSORTED CELLO CUTLERY PLASTIC PREMIUM SET,CELLO PREMIUM ASSORTED PLASTIC CUTLERY SET,GROCERY
20869,CLEANING DISH FRESH PLATINUM POWERWASH SCENT SPRAY VIM,VIM PLATINUM POWERWASH DISH CLEANING SPRAY FRESH SCENT,GROCERY
20870,DISHWASH FRAGRANCE GEL LIQUID OCEAN VIM,VIM LIQUID DISHWASH GEL OCEAN FRAGRANCE,GROCERY
20872, BABY CARE DETERGENT LAUNDRY LIQUID  ACTIVE#MEE,MEE MEE BABY LAUNDRY LIQUID DETERGENT ACTIVE CARE,GROCERY
20876,BLEACH DOMEX FRAGRANCE FRESH LINEN LIQUID,DOMEX BLEACH LIQUID FRESH LINEN FRAGRANCE,GROCERY
20877,BLEACH CLEANER DOMEX LIQUID REGULAR,DOMEX REGULAR BLEACH LIQUID CLEANER,GROCERY
20875,ACTION BLEACH FABRIC GHADI TRIPLE,GHADI TRIPLE ACTION FABRIC BLEACH ,GROCERY
20880,COMFORT CONDITIONER FABRIC FRAGRANCE LAVENDER SCENT,COMFORT FABRIC CONDITIONER SCENT LAVENDER FRAGRANCE,GROCERY
20878,COMFORT CONDITIONER FABRIC FRAGRANCE LIQUID ULTRA,COMFORT ULTRA LIQUID FABRIC CONDITIONER  FRAGRANCE,GROCERY
20879,CARE COMFORT CONDITIONER FABRIC FREE GENTLE LIQUID ULTRA,COMFORT ULTRA LIQUID FABRIC CONDITIONER FREE & GENTLE CARE,GROCERY
20881,ACTION CLEANER ODOUR OXI POWDER   VANISH REMOVER#STAIN,VANISH OXI ACTION POWDER ODOUR REMOVER & STAIN CLEANER,GROCERY
20882,FABRIC LIQUID REVIVE VANISH WHITE WHITENER,VANISH WHITE REVIVE LIQUID FABRIC WHITENER,GROCERY
20883,COLOUR FABRIC FRAGRANCE LIQUID ORIGINAL   UJALA REMOVER#STAIN,UJALA LIQUID COLOUR FABRIC STAIN REMOVER ORIGINAL FRAGRANCE,GROCERY
20884,CARROT CHICKEN DOG DROOLS FOOD PATE TOMATO WET,DROOLS WET DOG FOOD CHICKEN TOMATO & CARROT PATE,GROCERY
20886,CHEESEBURGER DOG FLAVOUR FOOD MEAL PUREPET WET,PUREPET WET DOG FOOD CHEESEBURGER FLAVOUR MEAL,GROCERY
20890,CHICKEN DOG DROOLS FLAVOUR TRAINING TREATS,DROOLS CHICKEN FLAVOUR DOG TRAINING TREATS,GROCERY
20891,BACON DOG DROOLS FLAVOUR SNACKS,DROOLS BACON FLAVOUR DOG SNACKS,GROCERY
20892,BITES DOG MEATY PEDIGREE TRAINING TREATS,PEDIGREE DOG TRAINING TREATS MEATY BITES,GROCERY
20896,CAT COMPLETE DRY FOOD NUTRITION WHISKAS,WHISKAS COMPLETE NUTRITION DRY CAT FOOD,GROCERY
20897,ADULT CAT COMPLETE DRY FOOD FORMULA NUTRITION WHISKAS,WHISKAS COMPLETE NUTRITION DRY CAT FOOD ADULT FORMULA,GROCERY
20898,BLEND CAT DRY FOOD ME O PREMIUM SALMON TUNA,ME-O PREMIUM DRY CAT FOOD SALMON & TUNA BLEND,GROCERY
20904,CAT CLUMPING LITTER NON PUREPET UNSCENTED,PUREPET UNSCENTED NON-CLUMPING CAT LITTER,GROCERY
20908,BIRD BLOCK FEED NUT SEED SMORGASBORD VITAPOL WILD,VITAPOL WILD BIRD FEED NUT & SEED SMORGASBORD BLOCK,GROCERY
20909,BIRD CRITTER CRUNCH FEED MIX VITAPOL WILD,VITAPOL WILD BIRD FEED CRITTER CRUNCH MIX,GROCERY
20910,BIRDS FOR NUTTY SUET TREAT VITAPOL WILD,VITAPOL NUTTY SUET TREAT FOR WILD BIRDS,GROCERY
20911,CHICKEN DOG DROOLS FOOD FRESH RECIPE RICE,DROOLS FRESH DOG FOOD CHICKEN & RICE RECIPE,GROCERY
20913,CHICKEN DOG DROOLS FOOD FRESH JOY TREATS,DROOLS FRESH DOG FOOD CHICKEN JOY TREATS,GROCERY
20914,BARBECUE BRIQUETTES CHARCOAL FOR GRILLING PRESTIGE,PRESTIGE CHARCOAL BRIQUETTES FOR BARBECUE GRILLING,GROCERY
20915,BBQ FOR GRILLING LB PACK PELLETS SELECT WOOD,BBQ SELECT WOOD PELLETS 30 LB PACK FOR GRILLING,GROCERY
20916,BARBECUE FOR GRILLS HICKORY PELLETS WEBER WOOD,WEBER HICKORY WOOD PELLETS FOR BARBECUE GRILLS,GROCERY
20918,CHARCOAL FIRE FLUID FOR IGNITION LIGHTER STOVEKRAFT,STOVEKRAFT LIGHTER FLUID FOR CHARCOAL & FIRE IGNITION,GROCERY
20917,BARBECUE CUBES FIRE FIREPLACE FOR OAK ROYAL STARTER,ROYAL OAK FIRE STARTER CUBES FOR BARBECUE & FIREPLACE,GROCERY
20919,BLOCKS FAST FIRE FOR IGNITION QUICK STARTER,FAST FIRE STARTER BLOCKS FOR QUICK IGNITION,GROCERY
20920,ALL   FIRE   NATURAL BURN#HOUR ECOFLAME#LOG,ECOFLAME ALL NATURAL FIRE LOG 3 HOUR BURN,GROCERY
20921,ALL   FIRE   NATURAL PACK BURN#HOUR ECOFLAME#LOG,ECOFLAME ALL NATURAL FIRE LOG 3 HOUR BURN PACK,GROCERY
20922, DURAFLAME FIRE  LOGS MULTI PACK BURN#HOUR,DURAFLAME FIRE LOGS MULTI PACK 4 HOUR BURN,GROCERY
20923,BUNDLE FIREWOOD FOR HOT INDOOR OUTDOOR USE WOOD,HOT WOOD FIREWOOD BUNDLE FOR INDOOR & OUTDOOR USE,GROCERY
20924,CLASSIC  EZ   PACK REACH CRICKET#GAS#LIGHTER,CRICKET EZ REACH CLASSIC GAS LIGHTER 2 PACK,GROCERY
20925,BOLD    POCKET CRICKET#GAS#LIGHTER,CRICKET BOLD POCKET GAS LIGHTER,GROCERY
20926, FLEXIBLE   MULTI PURPOSE UTILITY CRICKET#GAS#LIGHTER,CRICKET MULTI PURPOSE FLEXIBLE UTILITY GAS LIGHTER,GROCERY
20927,PELLETS SALT SOFTENER TATA WATER,TATA WATER SOFTENER SALT PELLETS,GROCERY
20928,FOR HARD MORTON PELLETS SALT SOFTENER TREATMENT WATER,MORTON WATER SOFTENER SALT PELLETS FOR HARD WATER TREATMENT,GROCERY
20929,PELLETS PLUS SALT SOFTENER SURESOFT WATER,SURESOFT PLUS WATER SOFTENER SALT PELLETS,GROCERY
20930,CRYSTALS FOR ICE  PREMIUM REMOVAL SNOW  MELT#SPLASH,SPLASH PREMIUM ICE MELT CRYSTALS FOR SNOW & ICE REMOVAL,GROCERY
20931,FOR GRANULES ICE  OUTDOOR PET SAFE  SURFACES MELT#SPLASH,SPLASH PET SAFE ICE MELT GRANULES FOR OUTDOOR SURFACES,GROCERY
20975,BABY CERELAC FOR FRUIT NESTL   TODDLERS YOGURT POUCH#PUREE,NESTL├® CERELAC FRUIT & YOGURT BABY PUREE POUCH FOR TODDLERS,GROCERY
20976,BABY CARROT FOOD ORGANIC PEAR   RASPBERRY SQUASH POUCH#PUREE,ORGANIC BABY FOOD PEAR CARROT SQUASH & RASPBERRY PUREE POUCH,GROCERY
20974,BABY MELTS NESTL SNACK STRAWBERRY YOGURT,NESTL├® YOGURT MELTS STRAWBERRY BABY SNACK,GROCERY
20977,COMFORT   MILK POWDER  TOTAL FORMULA#INFANT#SIMILAC,SIMILAC TOTAL COMFORT INFANT MILK FORMULA POWDER,GROCERY
20978,BOTTLE FEED   OUNCE PACK    FORMULA#INFANT#SIMILAC READY#TO,SIMILAC READY TO FEED INFANT FORMULA 8 OUNCE BOTTLE 6 PACK,GROCERY
20979,  IRON SENSITIVE  WITH FORMULA#INFANT#SIMILAC,SIMILAC SENSITIVE INFANT FORMULA WITH IRON,GROCERY
20980,EASE ENFAGROW GENTLE MILK POWDER PREMIUM TODDLER,ENFAGROW PREMIUM GENTLE EASE TODDLER MILK POWDER,GROCERY
20981,ENFAGROW FOR MILK NATURAL POWDER PREMIUM TODDLERS,ENFAGROW PREMIUM NATURAL MILK POWDER FOR TODDLERS,GROCERY
20982,BEVERAGE EXCELLA GOLD MILK NESTL NIDO POWDER TODDLER,NESTL├® NIDO EXCELLA GOLD TODDLER MILK BEVERAGE POWDER,GROCERY
20983,BABIES ELECTRAL ELECTROLYTE FLAVOUR FOR SOLUTION STRAWBERRY,ELECTRAL STRAWBERRY FLAVOUR ELECTROLYTE SOLUTION FOR BABIES,GROCERY
20984,ADVANCED BERRY DRINK ELECTRAL ELECTROLYTE FROST,ELECTRAL ADVANCED BERRY FROST ELECTROLYTE DRINK,GROCERY
20985,BABIES DRINK ELECTROLYTE FOR FRUIT MIXED PEDIALYTE,PEDIALYTE MIXED FRUIT ELECTROLYTE DRINK FOR BABIES,GROCERY
20986,BABY BISLERI DRINKING FLUORIDE PURIFIED WATER WITH,BISLERI BABY PURIFIED DRINKING WATER WITH FLUORIDE,GROCERY
20988,BABY BISLERI DRINKING PURIFIED WATER,BISLERI BABY PURIFIED DRINKING WATER,GROCERY
20987,BABY BISLERI DRINKING FLUORIDE PURIFIED WATER WITHOUT,BISLERI BABY PURIFIED DRINKING WATER WITHOUT FLUORIDE,GROCERY
21001,BAGS GALA GALLON GARBAGE STRONG ULTRA,GALA ULTRA STRONG  GARBAGE BAGS 13 GALLON,GROCERY
21002,BAGS BURST CLEAN GALA GALLON STRONG ULTRA,GALA ULTRA STRONG CLEAN BURST BAGS 13 GALLON,GROCERY
21003,BAGS GALA KITCHEN STRONG TALL ULTRA WASTE,GALA ULTRA STRONG TALL KITCHEN WASTE BAGS,GROCERY
21004,ALUMINIUM FEET FOIL NON REYNOLDS ROLL SQUARE STICK,REYNOLDS NON STICK ALUMINIUM FOIL ROLL 50 SQUARE FEET,GROCERY
20786,CHING FRY NOODLES RICE S STIR,CHING'S STIR FRY RICE NOODLES,GROCERY
20788,BORGES GNOCCHI PASTA POTATO,BORGES POTATO GNOCCHI PASTA,GROCERY
20800,BAMBINO FREE NOODLES YOLK,BAMBINO YOLK FREE NOODLES,GROCERY
20801,DEL MONTE PASTA RIGATONI,DEL MONTE RIGATONI PASTA,GROCERY
20802,ANGEL DEL HAIR MONTE PASTA,DEL MONTE ANGEL HAIR PASTA,GROCERY
20803,GARLIC PASTA ROASTED SAUCE VEEBA,VEEBA ROASTED GARLIC PASTA SAUCE,GROCERY
20805,CHEESE DEL MONTE PASTA SAUCE THREE,DEL MONTE THREE CHEESE PASTA SAUCE,GROCERY
20808,COOKING EL ENCHILADA HOT OLD PASO RED SAUCE,OLD EL PASO HOT RED ENCHILADA COOKING SAUCE,GROCERY
20809, DE DEVOTIONAL GUADALUPE PRAYER VIRGEN  WHITE CANDLE#WAX,DEVOTIONAL WHITE WAX PRAYER CANDLE VIRGEN DE GUADALUPE,GROCERY
20810, GREEN  PRAYER SCENTED   CANDLE#WAX JUDE#ST,ST JUDE SCENTED GREEN WAX PRAYER CANDLE,GROCERY
20811, DEVOTIONAL  MIRACLE OF  TEPEYAC  WHITE CANDLE#WAX JUDE#ST,ST JUDE MIRACLE OF TEPEYAC WHITE WAX DEVOTIONAL CANDLE,GROCERY
20818,BEANS FAT FREE   REFRIED#ROSARITA,ROSARITA FAT FREE REFRIED BEANS,GROCERY
20819,BEANS   VEGETARIAN REFRIED#ROSARITA,ROSARITA VEGETARIAN REFRIED BEANS,GROCERY
20820,BEANS BLACK FAT LOW   REFRIED#ROSARITA,ROSARITA LOW FAT REFRIED BLACK BEANS,GROCERY
20823,BADIA CALIFORNIA CHILLIES DRIED OUNCE RED,BADIA CALIFORNIA DRIED RED CHILLIES 3 OUNCE,GROCERY
20865,CUPS DISPOSABLE OUNCE PARTY RED SOLO SQUARE,SOLO SQUARE DISPOSABLE PARTY CUPS 18 OUNCE RED,GROCERY
20866,BOX  LOTION PLUS PUFFS SOFT  FACIAL#TISSUE,PUFFS PLUS LOTION SOFT FACIAL TISSUE BOX,GROCERY
20867,BOX  KLEENEX LOTION  UPRIGHT FACIAL#TISSUE,KLEENEX LOTION FACIAL TISSUE UPRIGHT BOX,GROCERY
20868,BOX CUBE  PUFFS  FACIAL#TISSUE,PUFFS CUBE FACIAL TISSUE BOX,GROCERY
20871,COUNT   POWERBALL TABLETS DISHWASHER#FINISH,FINISH POWERBALL DISHWASHER TABLETS 62 COUNT,GROCERY
20873, BURST CLEAN DETERGENT FRESH  LIQUID OXI WITH ARM#HAMMER,ARM & HAMMER LIQUID DETERGENT WITH OXI CLEAN FRESH BURST,GROCERY
20874, CLEAR DETERGENT FREE  LIQUID SENSITIVE SKIN ARM#HAMMER,ARM & HAMMER SENSITIVE SKIN LIQUID DETERGENT FREE & CLEAR,GROCERY
20888,ADULT BONUS CHICKEN DOG DRY FLAVOUR FOOD PACK PEDIGREE,PEDIGREE ADULT DRY DOG FOOD CHICKEN FLAVOUR BONUS PACK,GROCERY
20887,BROWN CHICKEN DOG DROOLS DRY FOOD PREMIUM RECIPE RICE,DROOLS PREMIUM DRY DOG FOOD CHICKEN & BROWN RICE RECIPE,GROCERY
20889,DOG DRY FOOD POTATO PUREPET SALMON SUPREME SWEET,PUREPET SUPREME DRY DOG FOOD SALMON & SWEET POTATO,GROCERY
20893,CAT CHICKEN FANCY FEAST FOOD GRAVY LOVERS PURINA WET,PURINA FANCY FEAST GRAVY LOVERS CHICKEN WET CAT FOOD,GROCERY
20895,CAT FOOD FRISKIES PURINA SALMON SAVORY SHREDDED WET,PURINA FRISKIES SAVORY SHREDDED SALMON WET CAT FOOD,GROCERY
20894,ADULT BLUE BUFFALO CAT CHICKEN FOOD WET WILDERNESS,BLUE BUFFALO WILDERNESS ADULT CHICKEN WET CAT FOOD,GROCERY
20900,CAT CHICKEN DELECTABLES HARTZ SQUEEZE TREAT UP,HARTZ DELECTABLES SQUEEZE UP CHICKEN CAT TREAT,GROCERY
20899,CAT CRUNCHY FRISKIES MIX NATURAL PARTY PURINA TREATS YUMS,PURINA FRISKIES PARTY MIX NATURAL YUMS CRUNCHY CAT TREATS,GROCERY
20901,CAT FLAVOUR PACK SALMON TEMPTATIONS TREATS VALUE WHISKAS,WHISKAS TEMPTATIONS SALMON FLAVOUR CAT TREATS VALUE PACK,GROCERY
20902,CAT  CLEAN CLUMPING FREE LITTER PURINA  UNSCENTED CATS#TIDY,PURINA TIDY CATS FREE & CLEAN UNSCENTED CLUMPING CAT LITTER,GROCERY
20903,ACTION CAT  INSTANT LITTER PURINA SCOOPABLE  CATS#TIDY,PURINA TIDY CATS INSTANT ACTION SCOOPABLE CAT LITTER,GROCERY
20905,DOG FUN GOOD N STICKS TREAT,GOOD 'N' FUN DOG TREAT STICKS,GROCERY
20906,CHEW DOG FUN GOOD N ROLLS WRAPPED,GOOD 'N' FUN WRAPPED DOG CHEW ROLLS,GROCERY
20907,CARE DOG EXTRA LARGE PADS PET SUPER TRAINING,SUPER PET CARE EXTRA LARGE DOG TRAINING PADS,GROCERY
21005,BAGS GALLON HEFTY SIZE SLIDER STORAGE VACUUM,HEFTY SLIDER VACUUM STORAGE BAGS GALLON SIZE,GROCERY
21006,BAGS FOOD QUART SIZE STORAGE ZIPLOC,ZIPLOC FOOD STORAGE BAGS QUART SIZE,GROCERY
20000,CHEESE DEL FAMILY FILLED MONTE PACK SIZE TORTELLINI,DEL MONTE CHEESE FILLED TORTELLINI FAMILY SIZE PACK,READY TO EAT & DELI
20001,CHICKEN FILLING GARLIC PASTA RANA RAVIOLI ROASTED WITH,RANA RAVIOLI PASTA WITH CHICKEN & ROASTED GARLIC FILLING,READY TO EAT & DELI
20002,DEL FILLING ITALIAN MONTE PASTA SAUSAGE TORTELLONI WITH,DEL MONTE TORTELLONI PASTA WITH ITALIAN SAUSAGE FILLING,READY TO EAT & DELI
20003,FILLED FRESH MUSHROOM PASTA RANA RAVIOLI,RANA MUSHROOM FILLED RAVIOLI FRESH PASTA,READY TO EAT & DELI
20004, DEL MONTE PASTA  SAUCE BASIL#PESTO,DEL MONTE PESTO BASIL PASTA SAUCE,READY TO EAT & DELI
20005,COLD CUT DRY FRESHO ITALIAN SALAMI SLICES,FRESHO ITALIAN DRY SALAMI COLD CUT SLICES,READY TO EAT & DELI
20007,MOUNT MOZZARELLA OLIVE PACK READY SNACK SOPPRESSATA,MOUNT OLIVE SOPPRESSATA & MOZZARELLA READY SNACK PACK,READY TO EAT & DELI
20008,ANTIPASTO ITALIANO SALAMI SELECTION TRIO VERONI,VERONI ANTIPASTO ITALIANO TRIO SALAMI SELECTION,READY TO EAT & DELI
20009,GODREJ HAM PACK SMOKED VACUUM,GODREJ SMOKED HAM VACUUM PACK,READY TO EAT & DELI
20011,BLOCK BRITANNIA CARAMELIZED CHEESE JACK ONION,BRITANNIA CARAMELIZED ONION JACK CHEESE BLOCK,READY TO EAT & DELI
20012,ALMOND BALL CHEDDAR CHEESE KAUKAUNA SHARP SPREAD WITH,KAUKAUNA SHARP CHEDDAR CHEESE SPREAD WITH ALMOND BALL,READY TO EAT & DELI
20013,BABY BRIE CHEESE EIFFEL ROUNDS TOWER,EIFFEL TOWER BABY BRIE CHEESE ROUNDS,READY TO EAT & DELI
20014,CHEESE CUBES PRIMO SWISS TAGLIO,PRIMO TAGLIO SWISS CHEESE CUBES,READY TO EAT & DELI
20015,CLASSIC DELI FRESH MACARONI SALAD,CLASSIC MACARONI FRESH DELI SALAD,READY TO EAT & DELI
20016,SALAD SLAW SUMMER VEGETABLE,SUMMER SLAW VEGETABLE SALAD,READY TO EAT & DELI
20017,BACON BOWL CHEESY MIXED RANCH SALAD,CHEESY BACON RANCH MIXED SALAD BOWL,READY TO EAT & DELI
20018,CHEESE GERRY MRS PASTA S SALAD TORTELLINI,MRS GERRY'S CHEESE TORTELLINI PASTA SALAD,READY TO EAT & DELI
20019,BOWTIE CAESAR CHICKEN PASTA SALAD,CAESAR CHICKEN BOWTIE PASTA SALAD,READY TO EAT & DELI
20020,LOADED POTATO SALAD SELF SERVE,LOADED POTATO SELF SERVE SALAD,READY TO EAT & DELI
20021,GERRY MRS PASTA ROTELLI S SALAD SELF SERVE,MRS GERRY'S ROTELLI PASTA SELF SERVE SALAD,READY TO EAT & DELI
20022,DEVILED EGG MACARONI SALAD SELF SERVE,DEVILED EGG MACARONI SELF SERVE SALAD,READY TO EAT & DELI
20023,CLASSIC POTATO SALAD SIGNATURE,SIGNATURE CLASSIC POTATO SALAD,READY TO EAT & DELI
20024,CLASSIC ORIGINAL POTATO SALAD,ORIGINAL CLASSIC POTATO SALAD,READY TO EAT & DELI
20025,BUNS BURGER COUNT   SLICED SLIDER GOLD#HARVEST,HARVEST GOLD SLICED SLIDER BURGER BUNS 9 COUNT,READY TO EAT & DELI
20026,COUNT DINNER   ORIGINAL ROLLS SWEET GOLD#HARVEST,HARVEST GOLD ORIGINAL SWEET DINNER ROLLS 24 COUNT,READY TO EAT & DELI
20027,CRISPS EVERYTHING FLAVOUR NAAN STONEFIRE,STONEFIRE EVERYTHING FLAVOUR NAAN CRISPS,READY TO EAT & DELI
20028,DIPPERS NAAN ORIGINAL STONEFIRE,STONEFIRE ORIGINAL NAAN DIPPERS,READY TO EAT & DELI
20029,BUTTER DINNER   ROLLS SAVOURY GOLD#HARVEST,HARVEST GOLD SAVOURY BUTTER DINNER ROLLS,READY TO EAT & DELI
20030,CLUB FRESH SANDWICH SNACK TRAY,FRESH CLUB SANDWICH SNACK TRAY,READY TO EAT & DELI
20032,CROISSANT FRESH SANDWICH SNACK TRAY,FRESH CROISSANT SANDWICH SNACK TRAY,READY TO EAT & DELI
20033,ASSORTED PARTY SNACK TRAY,ASSORTED SNACK PARTY TRAY,READY TO EAT & DELI
20034,FRESH FRUIT INCH MIXED TRAY,FRESH MIXED FRUIT TRAY 16 INCH,READY TO EAT & DELI
20035,CHEESE CHICKEN FRESH PACK SALAD SNACK WITH,FRESH CHICKEN SALAD WITH CHEESE SNACK PACK,READY TO EAT & DELI
20036,CLASSIC HUMMUS PACK SNACK,CLASSIC HUMMUS SNACK PACK,READY TO EAT & DELI
20037,CREAMY DIP PACK SNACK SPINACH,CREAMY SPINACH DIP SNACK PACK,READY TO EAT & DELI
20038,AND CHEESE FRESH PACK SNACK TUNA,FRESH TUNA AND CHEESE SNACK PACK,READY TO EAT & DELI
20040,CLASSIC CRISPS HUMMUS PRETZEL VEEBA WITH,VEEBA CLASSIC HUMMUS WITH PRETZEL CRISPS,READY TO EAT & DELI
20041,ARTICHOKE CREAMY DIP JALAPENO SELECT SIGNATURE,SIGNATURE SELECT ARTICHOKE JALAPENO CREAMY DIP,READY TO EAT & DELI
20042,HUMMUS PEPPER SELECT SIGNATURE SPICY THREE,SIGNATURE SELECT SPICY THREE PEPPER HUMMUS,READY TO EAT & DELI
20043,AND FIRE ROASTED SALSA SMOKY SWEET VEEBA,VEEBA FIRE ROASTED SWEET AND SMOKY SALSA,READY TO EAT & DELI
20044,CLASSIC DIP HUMMUS WINGREENS,WINGREENS CLASSIC HUMMUS DIP,READY TO EAT & DELI
20045,BRITANNIA CRACKERS TRADITIONAL WATER,BRITANNIA TRADITIONAL WATER CRACKERS,READY TO EAT & DELI
20046,CHIPS PITA SALTED SIMPLY   TOO#YUMM,TOO YUMM SIMPLY SALTED PITA CHIPS,READY TO EAT & DELI
20047,CRISPS ORIGINAL PRETZEL   TOO#YUMM,TOO YUMM ORIGINAL PRETZEL CRISPS,READY TO EAT & DELI
20048,CHIPS RESTAURANT SELECT SIGNATURE STYLE TORTILLA,SIGNATURE SELECT RESTAURANT STYLE TORTILLA CHIPS,READY TO EAT & DELI
20049,BRITANNIA CRACKERS MINI TOAST,BRITANNIA MINI TOAST CRACKERS,READY TO EAT & DELI
20050,COUPON DELI DISCOUNT STORE,DELI STORE DISCOUNT COUPON,READY TO EAT & DELI
20190,APPLES FRESH FUJI LARGE,FRESH FUJI APPLES LARGE,PRODUCE
20191,APPLES FRESH LADY LARGE PINK,FRESH PINK LADY APPLES LARGE,PRODUCE
20192,APPLES FRESH  LARGE  GRANNY#SMITH,FRESH GRANNY SMITH APPLES LARGE,PRODUCE
20193,APPLES FRESH SUGARBEE,FRESH SUGARBEE APPLES,PRODUCE
20194,APPLES COSMIC CRISP FRESH,FRESH COSMIC CRISP APPLES,PRODUCE
20195,AVOCADOS BAG HASS PACK SELECT SIGNATURE,SIGNATURE SELECT HASS AVOCADOS BAG PACK,PRODUCE
20196,AVOCADOS FRESH HASS MEDIUM,FRESH HASS AVOCADOS MEDIUM,PRODUCE
20197,AVOCADOS FRESH HASS LARGE,FRESH HASS AVOCADOS LARGE,PRODUCE
20198,AVOCADOS HASS LARGE PREMIUM,PREMIUM HASS AVOCADOS LARGE,PRODUCE
20199,AVOCADOS FARM FRESH HASS LARGE,FARM FRESH HASS AVOCADOS LARGE,PRODUCE
20200,BANANAS FRESH PLANTAIN RAW,FRESH RAW PLANTAIN BANANAS,PRODUCE
20201,BANANAS ECONOMY FRESH PACK,FRESH BANANAS ECONOMY PACK,PRODUCE
20202,BANANAS FRESH RED,FRESH RED BANANAS,PRODUCE
20203,BANANAS FRESH ORGANIC,ORGANIC FRESH BANANAS,PRODUCE
20204,BANANAS FRESH GREEN,FRESH GREEN BANANAS,PRODUCE
20205,FRESH LB PACK STRAWBERRIES,FRESH STRAWBERRIES 2 LB PACK,PRODUCE
20206,BLACKBERRIES FRESH ORGANIC OUNCE PACK,ORGANIC FRESH BLACKBERRIES 6 OUNCE PACK,PRODUCE
20207,BLUEBERRIES FRESH JUMBO,FRESH JUMBO BLUEBERRIES,PRODUCE
20208,FRESH LB PACK STRAWBERRIES,FRESH STRAWBERRIES 2 LB PACK,PRODUCE
20209,BLUEBERRIES JUMBO PREMIUM,PREMIUM JUMBO BLUEBERRIES,PRODUCE
20210,FRESH MEDIUM   NAVEL#ORANGES,FRESH NAVEL ORANGES MEDIUM,PRODUCE
20211,FRESH GRAPEFRUIT LARGE RED,FRESH RED GRAPEFRUIT LARGE,PRODUCE
20212,GRAPEFRUIT LARGE PREMIUM RED,PREMIUM RED GRAPEFRUIT LARGE,PRODUCE
20213,FRESH LARGE   NAVEL#ORANGES,FRESH LARGE NAVEL ORANGES,PRODUCE
20214,BAG   ORGANIC PACK NAVEL#ORANGES,ORGANIC NAVEL ORANGES BAG PACK,PRODUCE
20215,FRESH GRAPES GREEN SEEDLESS,FRESH GREEN SEEDLESS GRAPES,PRODUCE
20216,GRAPES RED SEEDLESS SELECT SIGNATURE,SIGNATURE SELECT RED SEEDLESS GRAPES,PRODUCE
20217,BLACK FRESH GRAPES SEEDLESS,FRESH BLACK SEEDLESS GRAPES,PRODUCE
20218,GRAPES PREMIUM RED SEEDLESS,PREMIUM RED SEEDLESS GRAPES,PRODUCE
20219,FARM FRESH GRAPES RED SEEDLESS,FARM FRESH RED SEEDLESS GRAPES,PRODUCE
20220,FRESH RED SEEDLESS WATERMELON,FRESH RED SEEDLESS WATERMELON,PRODUCE
20221,FRESH   HONEYDEW#MELON,FRESH HONEYDEW MELON,PRODUCE
20222,  PREMIUM HONEYDEW#MELON,PREMIUM HONEYDEW MELON,PRODUCE
20223,FARM FRESH   HONEYDEW#MELON,FARM FRESH HONEYDEW MELON,PRODUCE
20224,FRESH RED SEEDLESS WATERMELON,FRESH SEEDLESS RED WATERMELON,PRODUCE
20226,BARTLETT LARGE PEARS,LARGE BARTLETT PEARS,PRODUCE
20227,ANJOU D FRESH PEARS RIPE,FRESH RIPE D'ANJOU PEARS,PRODUCE
20228,BARTLETT FARM FRESH PEARS,FARM FRESH BARTLETT PEARS,PRODUCE
20229,ANJOU D FRESH PEARS RIPE,FRESH RIPE D'ANJOU PEARS,PRODUCE
20230,FRESH LARGE PEACHES YELLOW,FRESH LARGE YELLOW PEACHES,PRODUCE
20231,LARGE PEACHES PREMIUM,PREMIUM LARGE PEACHES,PRODUCE
20232,FRESH LARGE PEACHES YELLOW,FRESH LARGE YELLOW PEACHES,PRODUCE
20233,FRESH PEACHES WHITE,FRESH WHITE PEACHES,PRODUCE
20234,BLACK FRESH PLUMS,FRESH BLACK PLUMS,PRODUCE
20235,FRUIT GOLD KIWI PREMIUM,PREMIUM GOLD KIWI FRUIT,PRODUCE
20236,CLAMSHELL FRUIT GREEN KIWI ORGANIC PACK,ORGANIC GREEN KIWI FRUIT CLAMSHELL PACK,PRODUCE
20237,CLAMSHELL FRESH FRUIT KIWI PACK,FRESH KIWI FRUIT CLAMSHELL PACK,PRODUCE
20238,FRESH POMEGRANATES,FRESH POMEGRANATES,PRODUCE
20239,CHERIMOYA FRESH FRUIT,FRESH CHERIMOYA FRUIT,PRODUCE
20240,FRESH ORGANIC PINEAPPLE,ORGANIC FRESH PINEAPPLE,PRODUCE
20241,GOLD PINEAPPLE PREMIUM,PREMIUM GOLD PINEAPPLE,PRODUCE
20242,DEL MONTE PINEAPPLE PINKGLOW PREMIUM,DEL MONTE PINKGLOW PREMIUM PINEAPPLE,PRODUCE
20243,FRESH GOLD PINEAPPLE,FRESH GOLD PINEAPPLE,PRODUCE
20244,FARM FRESH GOLD PINEAPPLE,FARM FRESH GOLD PINEAPPLE,PRODUCE
20245,CHERRIES PREMIUM RAINIER,PREMIUM RAINIER CHERRIES,PRODUCE
20246,CHERRIES FRESH RAINIER,FRESH RAINIER CHERRIES,PRODUCE
20248,CHERRIES FRESH RED SWEET,FRESH SWEET RED CHERRIES,PRODUCE
20249,CHERRIES PREMIUM RAINIER,PREMIUM RAINIER CHERRIES,PRODUCE
20250, ORGANIC  BUTTERNUT#SQUASH,ORGANIC BUTTERNUT SQUASH,PRODUCE
20251, FRESH ORGANIC  BUTTERNUT#SQUASH,FRESH ORGANIC BUTTERNUT SQUASH,PRODUCE
20252,BEETROOTS BUNCHED FRESH ORGANIC,ORGANIC FRESH BUNCHED BEETROOTS,PRODUCE
20253,FRESH GREENS KALE ORGANIC,ORGANIC FRESH KALE GREENS,PRODUCE
20254,BABY BROCCOLI FRESH,FRESH BABY BROCCOLI,PRODUCE
20255,BAG CHRISTOPHER GARLIC PEELED RANCH,CHRISTOPHER RANCH PEELED GARLIC BAG,PRODUCE
20256,GARLIC INDIA JAR MINCED ORGANIC,ORGANIC INDIA MINCED GARLIC JAR,PRODUCE
20257,BOTTLE GARLIC MINCED SPICE SQUEEZE WORLD,SPICE WORLD MINCED GARLIC SQUEEZE BOTTLE,PRODUCE
20258,ELEPHANT FRESH GARLIC,FRESH ELEPHANT GARLIC,PRODUCE
20259,BULBS FRESH GARLIC SMALL,FRESH SMALL GARLIC BULBS,PRODUCE
20260,CUCUMBERS ENGLISH LONG ORGANIC,ORGANIC LONG ENGLISH CUCUMBERS,PRODUCE
20261,LETTUCE ORGANIC ROMAINE,ORGANIC ROMAINE LETTUCE,PRODUCE
20262,CUCUMBERS FRESH ORGANIC,ORGANIC FRESH CUCUMBERS,PRODUCE
20263,CUCUMBERS ENGLISH HOT HOUSE LONG ORGANIC,ORGANIC LONG ENGLISH HOT HOUSE CUCUMBERS,PRODUCE
20264,BUTTER FARMS HYDROPONIC LETTUCE SIGNATURE,SIGNATURE FARMS HYDROPONIC BUTTER LETTUCE,PRODUCE
20265,FARMS HALVES SIGNATURE SUNDRIED TOMATO,SIGNATURE FARMS SUNDRIED TOMATO HALVES,PRODUCE
20266,CHRISTOPHER GINGER JAR PASTE RANCH,CHRISTOPHER RANCH GINGER PASTE JAR,PRODUCE
20267,EASY ONION PASTE SPICE WORLD,SPICE WORLD EASY ONION PASTE,PRODUCE
20268,BOTTLE GINGER PASTE SPICE SQUEEZE WORLD,SPICE WORLD GINGER PASTE SQUEEZE BOTTLE,PRODUCE
20269,CHILI CRUNCH MIX ONION SPICE WORLD,SPICE WORLD CHILI ONION CRUNCH MIX,PRODUCE
20270,ASPARAGUS FRESH GREEN,FRESH GREEN ASPARAGUS,PRODUCE
20271,ASPARAGUS GREEN PREMIUM,PREMIUM GREEN ASPARAGUS,PRODUCE
20272,ASPARAGUS FARM FRESH GREEN,FARM FRESH GREEN ASPARAGUS,PRODUCE
20273,ASPARAGUS FRESH GREEN TENDER,FRESH TENDER GREEN ASPARAGUS,PRODUCE
20274,ASPARAGUS FRESH GREEN PREMIUM,PREMIUM FRESH GREEN ASPARAGUS,PRODUCE
20275,BROCCOLI CROWNS FRESH,FRESH BROCCOLI CROWNS,PRODUCE
20276,BROCCOLINI BUNCH FARMS SIGNATURE,SIGNATURE FARMS BROCCOLINI BUNCH,PRODUCE
20277,CABBAGE FRESH RED,FRESH RED CABBAGE,PRODUCE
20278,CABBAGE FRESH GREEN SAVOY,FRESH SAVOY GREEN CABBAGE,PRODUCE
20279,CABBAGE FRESH GREEN,FRESH GREEN CABBAGE,PRODUCE
20280,CORN FRESH SWEET YELLOW,FRESH YELLOW SWEET CORN,PRODUCE
20281,CORN FRESH SWEET WHITE,FRESH WHITE SWEET CORN,PRODUCE
20282,FRESH TOMATILLOS,FRESH TOMATILLOS,PRODUCE
20283,DAIKON FRESH RADISH,FRESH DAIKON RADISH,PRODUCE
20284,FRESH GINGER ROOT,FRESH GINGER ROOT,PRODUCE
20285,ALOE FRESH LEAVES VERA,FRESH ALOE VERA LEAVES,PRODUCE
20286,  FRESH BOK#CHOY,FRESH BOK CHOY,PRODUCE
20287,ITALIAN ORGANIC PARSLEY,ORGANIC ITALIAN PARSLEY,PRODUCE
20288,BUNCH FRESH ITALIAN PARSLEY,FRESH ITALIAN PARSLEY BUNCH,PRODUCE
20289,CORIANDER FRESH LEAVES ORGANIC,ORGANIC FRESH CORIANDER LEAVES,PRODUCE
20290,CORIANDER FRESH INDIA LEAVES ORGANIC,ORGANIC INDIA FRESH CORIANDER LEAVES,PRODUCE
20291,BAY INDIA LEAVES ORGANIC PACK,ORGANIC INDIA BAY LEAVES PACK,PRODUCE
20292,FRESH MUSHROOMS OYSTER,FRESH OYSTER MUSHROOMS,PRODUCE
20293,BABY BELLA INDIA MUSHROOMS ORGANIC OUNCE PACK SLICED,ORGANIC INDIA SLICED BABY BELLA MUSHROOMS 8 OUNCE PACK,PRODUCE
20294,CRIMINI FRESH MUSHROOMS WHOLE,FRESH WHOLE CRIMINI MUSHROOMS,PRODUCE
20295,MUSHROOMS PORTOBELLO SELECT SIGNATURE WHOLE,SIGNATURE SELECT WHOLE PORTOBELLO MUSHROOMS,PRODUCE
20296,BUTTON FRESH LARGE MUSHROOMS WHITE,FRESH LARGE WHITE BUTTON MUSHROOMS,PRODUCE
20297,JUMBO ONIONS ORGANIC YELLOW,ORGANIC JUMBO YELLOW ONIONS,PRODUCE
20298,FRESH JUMBO ONIONS ORGANIC YELLOW,FRESH ORGANIC JUMBO YELLOW ONIONS,PRODUCE
20299,LOOSE ONION ORGANIC RED,ORGANIC RED ONION LOOSE,PRODUCE
20300,LOOSE ONION SWEET YELLOW,SWEET YELLOW ONION LOOSE,PRODUCE
20301,LOOSE ONION YELLOW,YELLOW ONION LOOSE,PRODUCE
20302,BHAVNAGRI CHILLI FRESH GREEN LOOSE,FRESH BHAVNAGRI GREEN CHILLI LOOSE,PRODUCE
20303,CAPSICUM GREEN LOOSE ORGANIC,ORGANIC GREEN CAPSICUM LOOSE,PRODUCE
20304,CAPSICUM LOOSE RED,RED CAPSICUM LOOSE,PRODUCE
20305,CAPSICUM LOOSE ORGANIC RED,ORGANIC RED CAPSICUM LOOSE,PRODUCE
20306,CAPSICUM MINI ORGANIC PACK SWEET,ORGANIC SWEET MINI CAPSICUM PACK,PRODUCE
20307,BABY GOLDEN PACK POTATO,BABY GOLDEN POTATO PACK,PRODUCE
20308,BABY PACK POTATO RED,BABY RED POTATO PACK,PRODUCE
20309,LOOSE ORANGE ORGANIC POTATO SWEET,ORGANIC ORANGE SWEET POTATO LOOSE,PRODUCE
20310,BABY ORGANIC PACK POTATO RED,ORGANIC BABY RED POTATO PACK,PRODUCE
20311,ORGANIC PACK POTATO SWEET,ORGANIC SWEET POTATO PACK,PRODUCE
20312,LOOSE PUMPKIN RED,RED PUMPKIN LOOSE,PRODUCE
20313,GREEN LOOSE PUMPKIN,GREEN PUMPKIN LOOSE,PRODUCE
20314,KADDU LOOSE PUMPKIN,KADDU PUMPKIN LOOSE,PRODUCE
20315,LOOSE PUMPKIN RED,RED PUMPKIN LOOSE,PRODUCE
20316,FRESH LOOSE PUMPKIN,FRESH PUMPKIN LOOSE,PRODUCE
20317,HYDROPONIC LARGE LOOSE TOMATO,HYDROPONIC TOMATO LARGE LOOSE,PRODUCE
20318,HYDROPONIC LARGE LOOSE TOMATO,HYDROPONIC TOMATO LARGE LOOSE,PRODUCE
20320,LARGE LOOSE RIPE TOMATO VINE,VINE RIPE TOMATO LARGE LOOSE,PRODUCE
20321,CLUSTER LOOSE TOMATO VINE,VINE CLUSTER TOMATO LOOSE,PRODUCE
20322,CAESAR FRESH KIT PACK SALAD SIMPLY,SIMPLY FRESH CAESAR SALAD KIT PACK,PRODUCE
20323,BABY LEAF MIX PACK SALAD SPRING,BABY LEAF SPRING MIX SALAD PACK,PRODUCE
20324,COLESLAW CUT FRESH MIX PACK VEGETABLE,FRESH CUT COLESLAW VEGETABLE MIX PACK,PRODUCE
20325,FRESH HERB MIX ORGANIC PACK SALAD,ORGANIC FRESH HERB SALAD MIX PACK,PRODUCE
20326,AND ARUGULA LETTUCE MIX ORGANIC PACK RED,ORGANIC RED LETTUCE AND ARUGULA MIX PACK,PRODUCE
20327,MEDLEY MIXED PACK VEGETABLE,MIXED VEGETABLE MEDLEY PACK,PRODUCE
20328,BROCCOLI FAMILY FLORETS PACK,BROCCOLI FLORETS FAMILY PACK,PRODUCE
20329,CUBES CUT FRESH PACK PUMPKIN,FRESH CUT PUMPKIN CUBES PACK,PRODUCE
20330,FAMILY MEDLEY PACK VEGETABLE,VEGETABLE MEDLEY FAMILY PACK,PRODUCE
20331,CAULIFLOWER FAMILY FLORETS PACK,CAULIFLOWER FLORETS FAMILY PACK,PRODUCE
20332,FRESH MIXED MOONG PACK SPROUTS,FRESH MIXED MOONG SPROUTS PACK,PRODUCE
20333,FRESH HEALTHY MIXED PACK SPROUTS,FRESH HEALTHY MIXED SPROUTS PACK,PRODUCE
20334,BEAN FRESH MOONG PACK SPROUTS,FRESH MOONG BEAN SPROUTS PACK,PRODUCE
20335,FRESH GRAM GREEN PACK SPROUTS,FRESH GREEN GRAM SPROUTS PACK,PRODUCE
20336,FRESH MOONG PACK SPROUTS,FRESH MOONG SPROUTS PACK,PRODUCE
20337,ARILS CUP FRESH GRAM POMEGRANATE,FRESH POMEGRANATE ARILS CUP 200 GRAM,PRODUCE
20338,CUP DEL FRUIT GRAPEFRUIT IN LIGHT MONTE RED SYRUP,DEL MONTE RED GRAPEFRUIT FRUIT CUP IN LIGHT SYRUP,PRODUCE
20339,CUP DEL FRUIT IN LIGHT MANDARIN MONTE ORANGE SYRUP,DEL MONTE MANDARIN ORANGE FRUIT CUP IN LIGHT SYRUP,PRODUCE
20340,APPLE FRESH PACK SLICES SNACK SWEET,FRESH SWEET APPLE SLICES SNACK PACK,PRODUCE
20341,CUP DEL FRUIT IN JUICE MIXED MONTE PACK,DEL MONTE MIXED FRUIT CUP IN JUICE PACK,PRODUCE
20342,COATED PACK PRETZELS YOGURT,YOGURT COATED PRETZELS PACK,PRODUCE
20343, CUP FRUIT MIXED  SNACK BOAT#PAPER,PAPER BOAT MIXED FRUIT SNACK CUP,PRODUCE
20344,AND PACK PEANUTS ROASTED SALTED,ROASTED AND SALTED PEANUTS PACK,PRODUCE
20345,BARBECUE NO PACK   WONDERFUL PISTACHIOS#SHELL,WONDERFUL BARBECUE PISTACHIOS NO SHELL PACK,PRODUCE
20346,AND IN PACK  ROASTED SALTED  PISTACHIOS#SHELL,ROASTED AND SALTED PISTACHIOS IN SHELL PACK,PRODUCE
20347,BAR BUTTER GRAM MAX PACK PEANUT PROTEIN RITEBITE,RITEBITE MAX PROTEIN PEANUT BUTTER BAR 50 GRAM PACK,PRODUCE
20348,BAR BUTTER GRAM PACK PEANUT PROTEIN YOGA,YOGA BAR PEANUT BUTTER PROTEIN BAR 60 GRAM PACK,PRODUCE
20349,BANANA BERRY FARM GRAM PACK   SLURRP POUCH#PUREE,SLURRP FARM BANANA BERRY PUREE POUCH 90 GRAM PACK,PRODUCE
20350,BAR COCONUT GRAM PACK PROTEIN YOGA,YOGA BAR COCONUT PROTEIN BAR 50 GRAM PACK,PRODUCE
20351,BAR BUTTER GRAM MAX PACK PEANUT PROTEIN RITEBITE,RITEBITE MAX PROTEIN PEANUT BUTTER BAR 50 GRAM PACK,PRODUCE
20352,CUBES EAT FRESH PACK   WATERMELON READY#TO,FRESH WATERMELON CUBES READY TO EAT PACK,PRODUCE
20353,CUP EPIGAMIA GRAM PACK STRAWBERRY YOGURT,EPIGAMIA STRAWBERRY YOGURT CUP 90 GRAM PACK,PRODUCE
20354,AND BOX CHEESE FRESH FRUIT PACK SNACK,FRESH FRUIT AND CHEESE SNACK BOX PACK,PRODUCE
20355,DIP GRAM JAR MEXICAN SALSA VEEBA,VEEBA MEXICAN SALSA DIP 250 GRAM JAR,PRODUCE
20356,DIP FRESH PACK SNACK VEGGIE WITH,FRESH VEGGIE SNACK PACK WITH DIP,PRODUCE
20357,DRIED FAMILY HAPPILO MANGO PACK SLICES,HAPPILO DRIED MANGO SLICES FAMILY PACK,PRODUCE
20358,COATED MAID PACK RAISINS SUN YOGURT,SUN-MAID YOGURT COATED RAISINS PACK,PRODUCE
20359,CRANBERRIES DRIED HAPPILO PACK,HAPPILO DRIED CRANBERRIES PACK,PRODUCE
20360,DRIED HAPPILO MANGO PACK SLICES,HAPPILO DRIED MANGO SLICES PACK,PRODUCE
20361,CANISTER PACK PRUNES SEEDLESS SUNSWEET,SUNSWEET SEEDLESS PRUNES CANISTER PACK,PRODUCE
20362,CHOCOLATE DIP PACK VEEBA,VEEBA CHOCOLATE DIP PACK,PRODUCE
20363,BOTTLE CARAMEL DESSERT GRAM TOPPING VEEBA,VEEBA CARAMEL DESSERT TOPPING 250 GRAM BOTTLE,PRODUCE
20364,CLASSIC DIP  GRAM HUMMUS TUB  FARMS#WINGREENS,WINGREENS FARMS CLASSIC HUMMUS DIP 150 GRAM TUB,PRODUCE
20365,DIP  GRAM HUMMUS PEPPER RED ROASTED TUB  FARMS#WINGREENS,WINGREENS FARMS ROASTED RED PEPPER HUMMUS DIP 150 GRAM TUB,PRODUCE
20366,CHEESY DIP  GRAM JALAPENO PACK  FARMS#WINGREENS,WINGREENS FARMS CHEESY JALAPENO DIP 150 GRAM PACK,PRODUCE
20367,MOMOS PACK PRASUMA SHEETS WRAPPER,PRASUMA MOMOS WRAPPER SHEETS PACK,PRODUCE
20368,HOME PACK PASTRY ROLL SPRING,SPRING HOME SPRING ROLL PASTRY PACK,PRODUCE
20369,BOMBUCHA GM ORIGINAL SAUERKRAUT,BOMBUCHA ORIGINAL SAUERKRAUT 450GM,PRODUCE
20370,CABBAGE COMPANY FERMENTED JAR KIMCHI THE,THE KIMCHI COMPANY KIMCHI FERMENTED CABBAGE JAR,PRODUCE
20371,GRAM JAR PACK PLATTER SAUERKRAUT URBAN,URBAN PLATTER SAUERKRAUT JAR 350 GRAM PACK,PRODUCE
20372,GINGER IMMUNITY LEMON ML PRESSERY RAW SHOT,RAW PRESSERY GINGER LEMON IMMUNITY SHOT 60 ML,PRODUCE
20373,ATMOSPHERE BOTTLE DRINK KOMBUCHA ML ORIGINAL,ATMOSPHERE ORIGINAL KOMBUCHA DRINK 300 ML BOTTLE,PRODUCE
20374, CAN COCO DE DRINK NATA  SPARKLING BOAT#PAPER,PAPER BOAT NATA DE COCO SPARKLING DRINK CAN,PRODUCE
20375,BLAST BLUEBERRY BOTTLE JUICE ML PRESSERY RAW,RAW PRESSERY BLUEBERRY BLAST JUICE 250 ML BOTTLE,PRODUCE
20376,ATMOSPHERE BERRY CAN DRINK KOMBUCHA ML,ATMOSPHERE BERRY KOMBUCHA DRINK 300 ML CAN,PRODUCE
20377,CAESAR CROUTONS GARLIC GRAM PACK VEEBA,VEEBA CAESAR GARLIC CROUTONS 100 GRAM PACK,PRODUCE
20378,BUTTER CROUTONS GARLIC GRAM PACK WINGREENS,WINGREENS BUTTER GARLIC CROUTONS 100 GRAM PACK,PRODUCE
20379,CROUTON FRESHO GARLIC HERB INDYA SIGNATURE,INDYA FRESHO SIGNATURE GARLIC HERB CROUTON,PRODUCE
20380,CROSTINI G HERBED SORRENTINA,SORRENTINA HERBED CROSTINI 90 G,PRODUCE
20381,BITES CROUTONS FRESHO G PAPRIKA SIGNATURE SPICY,FRESHO! SIGNATURE SPICY PAPRIKA CROUTONS BITES 100 G,PRODUCE
20382,BOTTLE COLESLAW DRESSING GRAM VEEBA,VEEBA COLESLAW DRESSING 300 GRAM BOTTLE,PRODUCE
20383,ASIAN BOTTLE CHILLI DRESSING GRAM SALAD VEEBA,VEEBA ASIAN CHILLI SALAD DRESSING 250 GRAM BOTTLE,PRODUCE
20384,BOTTLE DRESSING GRAM ISLAND THOUSAND VEEBA,VEEBA THOUSAND ISLAND DRESSING 300 GRAM BOTTLE,PRODUCE
20385,BOTTLE DRESSING FRENCH GRAM SALAD SWEET VEEBA,VEEBA SWEET FRENCH SALAD DRESSING 300 GRAM BOTTLE,PRODUCE
20386,BOTTLE DRESSING GRAM ITALIAN VEEBA VINAIGRETTE,VEEBA ITALIAN VINAIGRETTE DRESSING 250 GRAM BOTTLE,PRODUCE
20387,BOTTLE JUICE LIME ML ORGANIC SICILIA,SICILIA ORGANIC LIME JUICE 200 ML BOTTLE,PRODUCE
20388,BAKER CAKE FRUIT GRAM MIX PACK S,BAKER'S FRUIT CAKE MIX 250 GRAM PACK,PRODUCE
20389,BAKER CANDIED GRAM ORANGE PACK PEEL S,BAKER'S CANDIED ORANGE PEEL 100 GRAM PACK,PRODUCE
20390,CHERRIES DEL GLAZED GRAM MONTE PACK RED,DEL MONTE GLAZED RED CHERRIES 100 GRAM PACK,PRODUCE
20391,CORNMEAL GRAM PACK PLATTER POLENTA URBAN,URBAN PLATTER POLENTA CORNMEAL 500 GRAM PACK,PRODUCE
20392,GRAM HERB MIX PACK PLATTER POLENTA URBAN,URBAN PLATTER HERB POLENTA MIX 250 GRAM PACK,PRODUCE
20528,BUNS BURGER   PACK PIECES WHEAT WHOLE GOLD#HARVEST,HARVEST GOLD WHOLE WHEAT BURGER BUNS 4 PIECES PACK,BAKERY PKGD OUTSIDE
20542,BRITANNIA CAKE CHOCO CREME PACK,BRITANNIA CHOCO CREME CAKE PACK,BAKERY PKGD OUTSIDE
20541,CAKES DEBBIE LITTLE PACK SNACK VANILLA,LITTLE DEBBIE VANILLA SNACK CAKES PACK,BAKERY PKGD OUTSIDE
20539,CAKES DEBBIE LITTLE PACK SNACK STRAWBERRY,LITTLE DEBBIE STRAWBERRY SNACK CAKES PACK,BAKERY PKGD OUTSIDE
20549,BLUEBERRY MONGINIS MUFFIN PACK,MONGINIS BLUEBERRY MUFFIN PACK,BAKERY PKGD OUTSIDE
20551,CHIP CHOCOLATE MONGINIS MUFFIN PACK,MONGINIS CHOCOLATE CHIP MUFFIN PACK,BAKERY PKGD OUTSIDE
20548,ASSORTED BOX DONUT DONUTS   PACK PIECES MAD#OVER,MAD OVER DONUTS ASSORTED DONUT BOX 6 PIECES PACK,BAKERY PKGD OUTSIDE
20537,BRITANNIA CROISSANT PACK TREAT VANILLA,BRITANNIA TREAT CROISSANT VANILLA PACK,BAKERY PKGD OUTSIDE
20524,BREAD  GRAM  MILK PACK GOLD#HARVEST,HARVEST GOLD MILK BREAD 400 GRAM PACK,BAKERY PKGD OUTSIDE
20525,BREAD GRAM MODERN MULTIGRAIN PACK,MODERN MULTIGRAIN BREAD 400 GRAM PACK,BAKERY PKGD OUTSIDE
20518,ENGLISH MUFFINS OVEN PACK,ENGLISH OVEN ENGLISH MUFFINS PACK,BAKERY PKGD OUTSIDE
20521,ENGLISH MUFFINS OVEN PACK WHEAT WHOLE,ENGLISH OVEN WHOLE WHEAT ENGLISH MUFFINS PACK,BAKERY PKGD OUTSIDE
20529,BAKER BUNS BURGER DOZEN MULTIGRAIN PACK S THE,THE BAKER'S DOZEN MULTIGRAIN BURGER BUNS PACK,BAKERY PKGD OUTSIDE
20531,BAKER BUNS BURGER DOZEN PACK S SOURDOUGH THE,THE BAKER'S DOZEN SOURDOUGH BURGER BUNS PACK,BAKERY PKGD OUTSIDE
20519,BAGELS BAKER DOZEN PACK PLAIN S THE,THE BAKER'S DOZEN PLAIN BAGELS PACK,BAKERY PKGD OUTSIDE
20550,DANISH MONGINIS PACK PASTRY,MONGINIS DANISH PASTRY PACK,BAKERY PKGD OUTSIDE
20547,BRITANNIA CAKE PACK ROLL SWISS,BRITANNIA SWISS ROLL CAKE PACK,BAKERY PKGD OUTSIDE
20520,ENGLISH MUFFINS OVEN PACK WHEAT,ENGLISH OVEN WHEAT ENGLISH MUFFINS PACK,BAKERY PKGD OUTSIDE
20533,CINNAMON PACK ROLL THEOBROMA,THEOBROMA CINNAMON ROLL PACK,BAKERY PKGD OUTSIDE
20532,CINNAMON DONUTS   PACK SUGAR MAD#OVER,MAD OVER DONUTS CINNAMON SUGAR DONUTS PACK,BAKERY PKGD OUTSIDE
20534,CAKE CREAM MONGINIS PACK SLICE,MONGINIS CREAM CAKE SLICE PACK,BAKERY PKGD OUTSIDE
20540,BOX CHOCOLATE DONUT DONUTS   PIECES MAD#OVER,MAD OVER DONUTS CHOCOLATE DONUT BOX 6 PIECES,BAKERY PKGD OUTSIDE
20522,BAKER BREAD BRIOCHE DOZEN LOAF S THE,THE BAKER'S DOZEN BRIOCHE BREAD LOAF,BAKERY PKGD OUTSIDE
20523,CLASSIC ENGLISH MUFFINS OVEN PACK,ENGLISH OVEN CLASSIC ENGLISH MUFFINS PACK,BAKERY PKGD OUTSIDE
20530,BAKER BREAD DOZEN LOAF PACK RYE S THE,THE BAKER'S DOZEN RYE BREAD LOAF PACK,BAKERY PKGD OUTSIDE
20517,ENGLISH MUFFINS OVEN PACK WHEAT WHOLE,ENGLISH OVEN WHOLE WHEAT ENGLISH MUFFINS PACK,BAKERY PKGD OUTSIDE
20526,BAKER BREAD DOZEN LOAF PACK RYE S THE,THE BAKER'S DOZEN RYE BREAD LOAF PACK,BAKERY PKGD OUTSIDE
20527,CORNITOS ORIGINAL PACK TORTILLA WRAPS,CORNITOS ORIGINAL TORTILLA WRAPS PACK,BAKERY PKGD OUTSIDE
20544,CAKE CHOCO LAVA MONGINIS PACK,MONGINIS CHOCO LAVA CAKE PACK,BAKERY PKGD OUTSIDE
20546,BRITANNIA CAKE FRUIT MULTI PACK,BRITANNIA FRUIT CAKE MULTI PACK,BAKERY PKGD OUTSIDE
20545,BOX DONUTS  MINI  PACK MAD#OVER,MAD OVER DONUTS MINI DONUTS BOX PACK,BAKERY PKGD OUTSIDE
20538,BRITANNIA CAKE FRUIT MULTI PACK,BRITANNIA FRUIT CAKE MULTI PACK,BAKERY PKGD OUTSIDE
20543,BRITANNIA CAKE PACK SLICE VANILLA,BRITANNIA VANILLA CAKE SLICE PACK,BAKERY PKGD OUTSIDE
20536,CADBURY CAKES CHOCO CHOCOBAKES LAYERED PACK,CADBURY CHOCOBAKES CHOCO LAYERED CAKES PACK,BAKERY PKGD OUTSIDE
20535,CADBURY CHIP CHOCO CHOCOBAKES COOKIES PACK,CADBURY CHOCOBAKES COOKIES CHOCO CHIP PACK,BAKERY PKGD OUTSIDE
20393,BONELESS BREAST CHICKEN CUBES GRAM LICIOUS PACK,LICIOUS CHICKEN BREAST BONELESS CUBES 250 GRAM PACK,MEAT
20394,BONELESS CHICKEN PIECES SATAY,CHICKEN SATAY BONELESS PIECES,MEAT
20395,CHICKEN CUT PIECES SATAY THIN,CHICKEN SATAY THIN CUT PIECES,MEAT
20396,CHICKEN CUT PIECES ROAST,CHICKEN ROAST CUT PIECES,MEAT
20397,BONELESS BREAST CHICKEN CHUNKS,BONELESS CHICKEN BREAST CHUNKS,MEAT
20398,CHICKEN FILLET PREMIUM STEAK,PREMIUM CHICKEN FILLET STEAK,MEAT
20399,BONELESS CHICKEN CUT STEAK,BONELESS CHICKEN STEAK CUT,MEAT
20400,CHICKEN FILLET PREMIUM STRIP,PREMIUM CHICKEN STRIP FILLET,MEAT
20401,BREAST CHICKEN FILLET PREMIUM,PREMIUM CHICKEN BREAST FILLET,MEAT
20402,BONELESS CHICKEN FILLET STEAK,BONELESS CHICKEN FILLET STEAK,MEAT
20403,CHICKEN SAUSAGE SLICES SMOKED,SMOKED CHICKEN SAUSAGE SLICES,MEAT
20404,CHICKEN MARINATED SATAY TERIYAKI,TERIYAKI MARINATED CHICKEN SATAY,MEAT
20405,CHICKEN KABAB KALBI STYLE,CHICKEN KALBI STYLE KABAB,MEAT
20406,BONELESS CHICKEN CHOPS MARINATED,BONELESS MARINATED CHICKEN CHOPS,MEAT
20407,BONELESS CHICKEN PIECES TIKKA,CHICKEN TIKKA BONELESS PIECES,MEAT
20408,CHICKEN FILLET SLICES SMOKED,SMOKED CHICKEN FILLET SLICES,MEAT
20409,CHICKEN FILLET GARLIC HERB,GARLIC HERB CHICKEN FILLET,MEAT
20410,BONELESS BREAST CHICKEN LEMON PEPPER,LEMON PEPPER CHICKEN BREAST BONELESS,MEAT
20411,CHICKEN PEPPERCORN TENDERLOIN,PEPPERCORN CHICKEN TENDERLOIN,MEAT
20412,BBQ CHICKEN CHINESE STYLE,CHINESE STYLE BBQ CHICKEN,MEAT
20413,BURGER CHICKEN PATTIES POUND QUARTER,CHICKEN BURGER PATTIES QUARTER POUND,MEAT
20414,BURGER CHICKEN PATTIES PREMIUM,PREMIUM CHICKEN BURGER PATTIES,MEAT
20415,BLEND CHICKEN FRESH KEEMA,FRESH CHICKEN KEEMA 80-20 BLEND,MEAT
20416,BURGER CHICKEN FAMILY PACK PATTIES,CHICKEN BURGER PATTIES FAMILY PACK,MEAT
20417,CHICKEN FRESH KEEMA LEAN PACK,LEAN CHICKEN KEEMA FRESH PACK,MEAT
20418,CHOPS CUT FRENCHED LAMB PREMIUM RIB,PREMIUM LAMB RIB CHOPS FRENCHED CUT,MEAT
20419,BONELESS IMPORTED LAMB LEG SEMI,IMPORTED SEMI BONELESS LAMB LEG,MEAT
20420,CENTER CUT FRESH LAMB LEG,FRESH LAMB LEG CENTER CUT,MEAT
20421,CURRY CUT FRESH MUTTON,FRESH MUTTON CURRY CUT,MEAT
20422,CHOPS IMPORTED LAMB PREMIUM RIB,IMPORTED LAMB RIB CHOPS PREMIUM,MEAT
20423,BONELESS CHICKEN CUT DRUMSTICK,CHICKEN DRUMSTICK BONELESS CUT,MEAT
20424,BONELESS BREAST CHICKEN FILLET,BONELESS CHICKEN BREAST FILLET,MEAT
20425,CHICKEN CUT FROZEN SPICY WINGS,FROZEN CHICKEN WINGS SPICY CUT,MEAT
20426,CHICKEN PACK PARTY WINGS,CHICKEN WINGS PARTY PACK,MEAT
20427,CHICKEN CUT DRUMSTICK FRESH,FRESH CHICKEN DRUMSTICK CUT,MEAT
20428,BONES GOAT MARROW SOUP,GOAT MARROW SOUP BONES,MEAT
20429,BONE CUT FRESH GOAT MARROW,FRESH GOAT MARROW BONE CUT,MEAT
20430,CHICKEN FROZEN GIZZARD PACK,FROZEN CHICKEN GIZZARD PACK,MEAT
20431,BONE CHEW DOG JUMBO TREAT,JUMBO DOG CHEW BONE TREAT,MEAT
20432,BONE CHEW DOG NATURAL TREAT,NATURAL DOG CHEW BONE TREAT,MEAT
20433,BONELESS CHICKEN TERIYAKI THIGHS,TERIYAKI BONELESS CHICKEN THIGHS,MEAT
20434,CHICKEN MARINATED WINGS,MARINATED CHICKEN WINGS,MEAT
20435,BONELESS CHICKEN MONTEREY SAVORY THIGHS,SAVORY MONTEREY CHICKEN THIGHS BONELESS,MEAT
20436,CHICKEN PARTY TRAY WINGS,CHICKEN WINGS PARTY TRAY,MEAT
20437,CHICKEN FAMILY LEG PACK QUARTER,CHICKEN LEG QUARTER FAMILY PACK,MEAT
20438,BONELESS CHICKEN FROZEN TENDERLOIN,FROZEN CHICKEN TENDERLOIN BONELESS,MEAT
20439,CHICKEN FRESH FROZEN LIVER,FRESH FROZEN CHICKEN LIVER,MEAT
20440,CHICKEN FROZEN GIZZARDS PACK,FROZEN CHICKEN GIZZARDS PACK,MEAT
20441,CHICKEN CURRY CUT FROZEN GIZZARD,FROZEN CHICKEN GIZZARD CURRY CUT,MEAT
20442,BONELESS BREAST CHICKEN FROZEN SKINLESS,FROZEN BONELESS SKINLESS CHICKEN BREAST,MEAT
20443,CHICKEN FRESH MINCE,FRESH CHICKEN MINCE,MEAT
20444,CHICKEN MINCE NATURAL,NATURAL CHICKEN MINCE,MEAT
20445,CHICKEN FAMILY KEEMA LEAN PACK,LEAN CHICKEN KEEMA FAMILY PACK,MEAT
20446,CHICKEN COOK MINCE   READY#TO,READY TO COOK CHICKEN MINCE,MEAT
20447,CHICKEN CORNISH PACK TWIN,CORNISH CHICKEN TWIN PACK,MEAT
20448,DUCK FRESH PACK WHOLE,WHOLE DUCK FRESH PACK,MEAT
20449,CHICKEN CORNISH WHOLE,WHOLE CORNISH CHICKEN,MEAT
20450,BISON EXOTIC GROUND MEAT,EXOTIC GROUND BISON MEAT,MEAT
20451,ELK GROUND MEAT PREMIUM,PREMIUM GROUND ELK MEAT,MEAT
20452,BONELESS ELK MEAT STEW,ELK STEW BONELESS MEAT,MEAT
20453,BISON GROUND MEAT PREMIUM,GROUND BISON MEAT PREMIUM,MEAT
20454,BONE HAM IN SMOKED STEAK,BONE IN SMOKED HAM STEAK,MEAT
20455,BONELESS HAM STYLE TAVERN,BONELESS TAVERN STYLE HAM,MEAT
20456,BLACK FOREST HAM SLICED,BLACK FOREST SLICED HAM,MEAT
20457,HAM JUICES NATURAL SMOKED STEAK WITH,SMOKED HAM STEAK WITH NATURAL JUICES,MEAT
20458,BLACK FOREST HAM PACK SLICED,BLACK FOREST HAM SLICED PACK,MEAT
20459,CHEESE JALAPENO PEPPERONI SNACK STICKS,PEPPERONI JALAPENO CHEESE SNACK STICKS,MEAT
20460,CLASSIC JERKY MEAT SNACK STICKS,CLASSIC MEAT JERKY SNACK STICKS,MEAT
20461,CHICKEN JERKY STRIPS TERIYAKI,TERIYAKI CHICKEN JERKY STRIPS,MEAT
20462,CHEESE CHICKEN JALAPENO SNACK STICKS,JALAPENO CHEESE CHICKEN SNACK STICKS,MEAT
20463,CHICKEN SAUSAGES SMOKED SNACK,SMOKED CHICKEN SNACK SAUSAGES,MEAT
20464,CHICKEN ROPE SAUSAGE SMOKED,SMOKED CHICKEN SAUSAGE ROPE,MEAT
20465,CHICKEN SAUSAGE SMOKED,SMOKED CHICKEN SAUSAGE,MEAT
20466,BRATWURST CHICKEN SAUSAGE SMOKED,SMOKED CHICKEN BRATWURST SAUSAGE,MEAT
20467,CHEDDAR CHICKEN SAUSAGE SMOKED,SMOKED CHICKEN CHEDDAR SAUSAGE,MEAT
20468,BRATWURST CHICKEN SAUSAGE,CHICKEN BRATWURST SAUSAGE,MEAT
20469,BACON CHICKEN LOW SLICES SODIUM,LOW SODIUM CHICKEN BACON SLICES,MEAT
20470,BACON CHICKEN   COOKED#FULLY,FULLY COOKED CHICKEN BACON,MEAT
20471,BACON CHICKEN SMOKED STRIPS,SMOKED CHICKEN BACON STRIPS,MEAT
20472,BACON CHICKEN PACK VALUE,CHICKEN BACON VALUE PACK,MEAT
20473,BACON CHICKEN EXTRA THICK,EXTRA THICK CHICKEN BACON,MEAT
20474,CHICKEN DOG FRANKS HOT REGULAR,REGULAR CHICKEN HOT DOG FRANKS,MEAT
20475,CHICKEN FRANKS PREMIUM,PREMIUM CHICKEN FRANKS,MEAT
20476,CHICKEN FRANK PACK SAUSAGES VALUE,CHICKEN FRANK SAUSAGES VALUE PACK,MEAT
20477,CHICKEN FRANKS JUMBO,JUMBO CHICKEN FRANKS,MEAT
20478,CHICKEN FRANKS NATURAL,NATURAL CHICKEN FRANKS,MEAT
20479,BUFFALO CHICKEN STRIPS,BUFFALO CHICKEN STRIPS,MEAT
20480,CHICKEN HAM HONEY SLICES,HONEY CHICKEN HAM SLICES,MEAT
20481,CHICKEN DELI SLICES SMOKED,SMOKED CHICKEN DELI SLICES,MEAT
20482,CHICKEN FAT REDUCED SALAMI,REDUCED FAT CHICKEN SALAMI,MEAT
20483,CHICKEN SNACK STICKS,CHICKEN SNACK STICKS,MEAT
20484,BREAKFAST CHICKEN REGULAR SAUSAGE,REGULAR CHICKEN BREAKFAST SAUSAGE,MEAT
20485,CHICKEN FLAVOUR LINKS MAPLE SAUSAGE,MAPLE FLAVOUR CHICKEN SAUSAGE LINKS,MEAT
20486,BREAKFAST CHICKEN LINKS SAUSAGE,CHICKEN BREAKFAST SAUSAGE LINKS,MEAT
20487,CHICKEN CHORIZO SAUSAGE,CHICKEN CHORIZO SAUSAGE,MEAT
20488,CHICKEN LINKS MAPLE SAUSAGE,MAPLE CHICKEN SAUSAGE LINKS,MEAT
20489,BOX CHEESE CHICKEN CRACKER SNACK,CHICKEN & CHEESE CRACKER SNACK BOX,MEAT
20490,CHEESE CHICKEN CRACKER PACK SNACK,CHICKEN CHEESE CRACKER SNACK PACK,MEAT
20491,CHEESY CHICKEN EXTRA KIT PIZZA SNACK,EXTRA CHEESY CHICKEN PIZZA SNACK KIT,MEAT
20492,BITES CHEESE CHICKEN SALAMI,CHICKEN SALAMI CHEESE BITES,MEAT
20493,CHEESE DIP NACHOS SALSA WITH,NACHOS WITH CHEESE DIP & SALSA,MEAT
20494,BBQ CHICKEN COOK CUBES   READY#TO,READY TO COOK BBQ CHICKEN CUBES,MEAT
20495,CHICKEN COCONUT CURRY STYLE THAI,THAI STYLE COCONUT CHICKEN CURRY,MEAT
20496,CHICKEN HICKORY PULLED SWEET,SWEET HICKORY PULLED CHICKEN,MEAT
20497,CHICKEN SLICED STEAK THIN,THIN SLICED CHICKEN STEAK,MEAT
20498,CHICKEN CILANTRO LIME,CILANTRO LIME CHICKEN,MEAT
20499,CHICKEN   NUGGETS COOKED#FULLY,FULLY COOKED CHICKEN NUGGETS,MEAT
20500,CHICKEN CORN DOGS FROZEN MINI PACK,MINI CHICKEN CORN DOGS FROZEN PACK,MEAT
20501,CHICKEN CORN DOGS FROZEN,FROZEN CHICKEN CORN DOGS,MEAT
20502,CHICKEN COUNTRY CUTLET FRIED GRAVY STYLE WITH,COUNTRY STYLE CHICKEN FRIED CUTLET WITH GRAVY,MEAT
20503,BATTERED CHICKEN HONEY TENDERS,HONEY BATTERED CHICKEN TENDERS,MEAT
20504, BURGER PATTY  VEG BASED#PLANT,PLANT BASED VEG BURGER PATTY,MEAT
20505, PATTY  PROTEIN VEG BASED#PLANT,PLANT BASED VEG PROTEIN PATTY,MEAT
20506, BURGER PATTY  VEG BASED#PLANT,PLANT BASED VEG BURGER PATTY,MEAT
20507,BARBECUE GRILL MASALA SEASONING,BARBECUE GRILL SEASONING MASALA,MEAT
20508,MIX ROAST ROSEMARY SEASONING,ROSEMARY ROAST SEASONING MIX,MEAT
20509,BARBECUE MASALA RUB SMOKY,SMOKY BARBECUE RUB MASALA,MEAT
20510,BARBECUE GRILL MIX SEASONING,GRILL & BARBECUE SEASONING MIX,MEAT
20511,GARLIC MARINADE MEDITERRANEAN SAUCE,MEDITERRANEAN GARLIC MARINADE SAUCE,MEAT
20512,BAKED BITES CHEESE DOUBLE POTATO,DOUBLE CHEESE BAKED POTATO BITES,MEAT
20513,BAKED CREAMY POTATOES SCALLOPED,CREAMY SCALLOPED BAKED POTATOES,MEAT
20514,CREAMY MASHED POTATOES,CREAMY MASHED POTATOES,MEAT
20515,BOWL CHEESE MACARONI PASTA,MACARONI & CHEESE PASTA BOWL,MEAT
20516,BUTTERMILK CREAM MASHED POTATOES SOUR,BUTTERMILK SOUR CREAM MASHED POTATOES,MEAT
20051,B CAGE EGGS FARM FREE GRADE,CAGE FREE GRADE B FARM EGGS,DAIRY
20052,BROWN EGGS FREE LARGE RANGE,BROWN FREE RANGE LARGE EGGS,DAIRY
20053,BROWN CAGE EGGS EXTRA FED FREE LARGE VEG,BROWN VEG FED CAGE FREE EXTRA LARGE EGGS,DAIRY
20054,EGGS FARM ORGANIC   PASTURE#RAISED,ORGANIC PASTURE RAISED FARM EGGS,DAIRY
20055,EGGS ENRICHED LARGE OMEGA,OMEGA 3 ENRICHED LARGE EGGS,DAIRY
20056,CAGE EGG FREE LIQUID WHITES,CAGE FREE LIQUID EGG WHITES,DAIRY
20057, EGG LIQUID MIX  BASED#PLANT,PLANT BASED LIQUID EGG MIX,DAIRY
20058,AMUL CAGE EGGS FREE LIQUID WHOLE,AMUL CAGE FREE LIQUID WHOLE EGGS,DAIRY
20059,BRITANNIA EGG LIQUID WHITES,BRITANNIA LIQUID EGG WHITES,DAIRY
20060,EGG INDIA LIQUID ORGANIC WHITES,ORGANIC INDIA LIQUID EGG WHITES,DAIRY
20061, EAT EGGS FREE  RANGE    BOILED#HARD#SUGUNA READY#TO,SUGUNA READY TO EAT HARD BOILED FREE RANGE EGGS,DAIRY
20062,BRITANNIA EGG ORIGINAL WHITE WRAPS,BRITANNIA ORIGINAL EGG WHITE WRAPS,DAIRY
20063, EAT EGGS     BOILED#HARD#SUGUNA READY#TO,SUGUNA READY TO EAT HARD BOILED EGGS,DAIRY
20064,AMUL FAT FREE LACTOSE LOW MILK PERCENT,AMUL LACTOSE FREE LOW FAT MILK 1 PERCENT,DAIRY
20065,ALMOND MILK ORIGINAL SOFIT UNSWEETENED,SOFIT UNSWEETENED ORIGINAL ALMOND MILK,DAIRY
20066,MILK PLAIN SOFIT SOY,SOFIT PLAIN SOY MILK,DAIRY
20067,AND DHA FAT INDIA MILK OMEGA ORGANIC REDUCED WITH,ORGANIC INDIA REDUCED FAT MILK WITH DHA AND OMEGA,DAIRY
20068,ALMOND MILK PRESSERY RAW UNSWEETENED,RAW PRESSERY UNSWEETENED ALMOND MILK,DAIRY
20069,AMUL CHOCOLATE  FAT FLAVOURED LOW MILK  FASHIONED#OLD,AMUL OLD FASHIONED CHOCOLATE FLAVOURED LOW FAT MILK,DAIRY
20070,CHOCOLATE DRINK EPIGAMIA GRAM MILK PROTEIN,EPIGAMIA CHOCOLATE PROTEIN MILK DRINK 30 GRAM PROTEIN,DAIRY
20071,AMUL FAT FRESH LOW MILK,AMUL LOW FAT FRESH MILK,DAIRY
20072,AMUL BEVERAGE DAIRY EGGNOG UHT,AMUL UHT EGGNOG DAIRY BEVERAGE,DAIRY
20073,DRINK EGGNOG HERITAGE TRADITIONAL UHT,HERITAGE TRADITIONAL UHT EGGNOG DRINK,DAIRY
20074,AMUL CREAMER FREE ITALIAN STYLE SUGAR SWEET,AMUL SUGAR FREE ITALIAN STYLE SWEET CREAMER,DAIRY
20075,AND CREAMER CREAMY DAIRY NESTLE SWEET,NESTLE SWEET AND CREAMY DAIRY CREAMER,DAIRY
20076,CREAMER EPIGAMIA SUGAR SWEET ZERO,EPIGAMIA ZERO SUGAR SWEET CREAMER,DAIRY
20077,COCONUT COFFEE CREAMER FLAVOURED LIME NESTLE,NESTLE COCONUT LIME FLAVOURED COFFEE CREAMER,DAIRY
20078,CAKE COFFEE CREAMER FLAVOURED MILK OAT OATLY,OATLY COFFEE CAKE FLAVOURED OAT MILK CREAMER,DAIRY
20079, CREAM EPIGAMIA  SOUR BASED#PLANT,EPIGAMIA PLANT BASED SOUR CREAM,DAIRY
20080,CREAM DAIRY FREE PRESSERY RAW SOUR,RAW PRESSERY DAIRY FREE SOUR CREAM,DAIRY
20081,AMUL CREAM FRESH SOUR,AMUL FRESH SOUR CREAM,DAIRY
20082,AND CREAM DAIRY MOTHER NATURAL PURE SOUR,MOTHER DAIRY PURE AND NATURAL SOUR CREAM,DAIRY
20083,BRITANNIA CREAM FRESH SOUR,BRITANNIA FRESH SOUR CREAM,DAIRY
20084,AMUL CHEESE COTTAGE FAT LOW ORGANIC,AMUL ORGANIC LOW FAT COTTAGE CHEESE,DAIRY
20085,BRITANNIA CHEESE COTTAGE FAT LOW,BRITANNIA LOW FAT COTTAGE CHEESE,DAIRY
20086,AMUL CHEESE COTTAGE FAT LOW PERCENT,AMUL LOW FAT COTTAGE CHEESE 1 PERCENT,DAIRY
20087,AMUL CHEESE COTTAGE CURD FAT FULL PERCENT SMALL,AMUL FULL FAT SMALL CURD COTTAGE CHEESE 4 PERCENT,DAIRY
20088,CHEESE COTTAGE DAIRY FRESH MOTHER,MOTHER DAIRY FRESH COTTAGE CHEESE,DAIRY
20089,APPLE BABIES EPIGAMIA FOR MONTHS PLUS YOGURT,EPIGAMIA APPLE YOGURT FOR BABIES 7 PLUS MONTHS,DAIRY
20090,BRITANNIA KIDS STRAWBERRY WATERMELON YOGURT,BRITANNIA STRAWBERRY WATERMELON KIDS YOGURT,DAIRY
20091,AMUL KIWI SMOOTHIE STRAWBERRY YOGURT,AMUL STRAWBERRY KIWI YOGURT SMOOTHIE,DAIRY
20092,EPIGAMIA FAT GREEK NON STRAWBERRY YOGURT,EPIGAMIA NON FAT GREEK YOGURT STRAWBERRY,DAIRY
20093,COOKIE DOUGH EPIGAMIA FLIP GREEK YOGURT,EPIGAMIA GREEK YOGURT COOKIE DOUGH FLIP,DAIRY
20094,CREAMY DIP FRENCH ONION VEEBA,VEEBA FRENCH ONION CREAMY DIP,DAIRY
20095,CREAMY DIP SEAFOOD STYLE WINGREENS,WINGREENS SEAFOOD STYLE CREAMY DIP,DAIRY
20096,DIP FRENCH ONION VEEBA,VEEBA FRENCH ONION DIP,DAIRY
20097,CHEDDAR CHEESE DIP JALAPENO VEEBA,VEEBA JALAPENO CHEDDAR CHEESE DIP,DAIRY
20098,CREAMY DIP FRENCH ONION WINGREENS,WINGREENS FRENCH ONION CREAMY DIP,DAIRY
20099,CHEESE COLBY INDIA JACK ORGANIC SLICES,ORGANIC INDIA COLBY JACK CHEESE SLICES,DAIRY
20100,AMERICAN BRITANNIA CHEESE NATURAL SLICES,BRITANNIA NATURAL AMERICAN CHEESE SLICES,DAIRY
20101,AMUL CHEDDAR CHEESE MEDIUM SLICES SMOKED YELLOW,AMUL SMOKED MEDIUM YELLOW CHEDDAR CHEESE SLICES,DAIRY
20102,CHEDDAR CHEESE INDIA ORGANIC SLICES WHITE,ORGANIC INDIA WHITE CHEDDAR CHEESE SLICES,DAIRY
20103,AMUL CHEDDAR CHEESE FAMILY PACK SHARP SLICES,AMUL SHARP CHEDDAR CHEESE SLICES FAMILY PACK,DAIRY
20104,CHEESE FINE INDIA MOZZARELLA ORGANIC SHREDS,ORGANIC INDIA MOZZARELLA CHEESE FINE SHREDS,DAIRY
20105,AND BRITANNIA CHEESE MOZZARELLA PROVOLONE SHREDS SMOKED,BRITANNIA MOZZARELLA AND SMOKED PROVOLONE CHEESE SHREDS,DAIRY
20106,BRITANNIA CHEESE QUESADILLA SHREDS STYLE,BRITANNIA QUESADILLA STYLE CHEESE SHREDS,DAIRY
20107,BRITANNIA CHEDDAR CHEESE FINE MILD SHREDS,BRITANNIA FINE MILD CHEDDAR CHEESE SHREDS,DAIRY
20108,AMUL CHEESE FINE MOZZARELLA SHREDS,AMUL MOZZARELLA CHEESE FINE SHREDS,DAIRY
20109,AMUL BLOCK CHEDDAR CHEESE EXTRA SHARP,AMUL EXTRA SHARP CHEDDAR CHEESE BLOCK,DAIRY
20110,AMUL BLOCK CHEDDAR CHEESE FAT PERCENT SHARP,AMUL SHARP CHEDDAR CHEESE BLOCK 2 PERCENT FAT,DAIRY
20111,AMUL BLOCK CHEESE SWISS,AMUL SWISS CHEESE BLOCK,DAIRY
20112,BLOCK BRITANNIA CHEDDAR CHEESE EXTRA SHARP WHITE,BRITANNIA EXTRA SHARP WHITE CHEDDAR CHEESE BLOCK,DAIRY
20113,BLOCK CHEDDAR CHEESE INDIA ORGANIC WHITE,ORGANIC INDIA WHITE CHEDDAR CHEESE BLOCK,DAIRY
20114,AMERICAN BRITANNIA CHEESE MILK PERCENT SLICES WITH,BRITANNIA AMERICAN CHEESE SLICES WITH 2 PERCENT MILK,DAIRY
20115,AMUL BLOCKS CHEESE MINI PROCESSED,AMUL MINI PROCESSED CHEESE BLOCKS,DAIRY
20116,AMERICAN AMUL BLOCK CHEESE MELTING SMOOTH STYLE,AMUL AMERICAN STYLE SMOOTH MELTING CHEESE BLOCK,DAIRY
20117,AMERICAN AMUL CHEESE SINGLES SLICES,AMUL AMERICAN CHEESE SINGLES SLICES,DAIRY
20118,AMERICAN BRITANNIA CHEESE SLICES,BRITANNIA AMERICAN CHEESE SLICES,DAIRY
20119,BRITANNIA CHEESE CREAM FAT REDUCED SPREAD,BRITANNIA REDUCED FAT CREAM CHEESE SPREAD,DAIRY
20120,BRITANNIA CHEESE CREAM GARLIC HERB SPREAD WHIPPED,BRITANNIA GARLIC HERB WHIPPED CREAM CHEESE SPREAD,DAIRY
20121,BRITANNIA CHEESE CREAM SALMON SMOKED SPREAD,BRITANNIA SMOKED SALMON CREAM CHEESE SPREAD,DAIRY
20122,BRITANNIA CHEESE CREAM GARDEN SPREAD VEGETABLE,BRITANNIA GARDEN VEGETABLE CREAM CHEESE SPREAD,DAIRY
20123,BRITANNIA CHEESE CREAM HONEY PECAN SPREAD,BRITANNIA HONEY PECAN CREAM CHEESE SPREAD,DAIRY
20124,AMUL CHEESE CRUMBLED CUP DELI FETA,AMUL CRUMBLED FETA CHEESE DELI CUP,DAIRY
20125,AMUL CHEESE GRATED PARMESAN,AMUL GRATED PARMESAN CHEESE,DAIRY
20126,BRITANNIA CHEESE PART RICOTTA SKIM,BRITANNIA PART SKIM RICOTTA CHEESE,DAIRY
20127,AMUL CHEESE FRESH RANCHERO STYLE,AMUL FRESH RANCHERO STYLE CHEESE,DAIRY
20128,BRITANNIA CHEESE GRATED PARMESAN,BRITANNIA GRATED PARMESAN CHEESE,DAIRY
20129,AMUL CHEDDAR CHEESE CRACKER CUTS SHARP,AMUL SHARP CHEDDAR CHEESE CRACKER CUTS,DAIRY
20130,BRITANNIA CHEESE COLBY JACK NATURAL SNACK STICKS,BRITANNIA NATURAL COLBY JACK CHEESE SNACK STICKS,DAIRY
20131,AMUL CHEDDAR CHEESE CRACKER CUTS EXTRA SHARP,AMUL EXTRA SHARP CHEDDAR CHEESE CRACKER CUTS,DAIRY
20132,ALMONDS BRITANNIA CHEDDAR CHEESE SNACKS WHITE WITH,BRITANNIA WHITE CHEDDAR CHEESE SNACKS WITH ALMONDS,DAIRY
20133,BRITANNIA CHEDDAR CHEESE NATURAL SHARP STICKS,BRITANNIA NATURAL SHARP CHEDDAR CHEESE STICKS,DAIRY
20134,CHEESE CINNAMON CREAM FILLING PILLSBURY ROLLS WITH,PILLSBURY CINNAMON ROLLS WITH CREAM CHEESE FILLING,DAIRY
20135,BISCUITS BUTTERMILK DOUGH PILLSBURY,PILLSBURY BUTTERMILK BISCUITS DOUGH,DAIRY
20136,BAKE COOKIE DOUGH MONSTER PILLSBURY   READY#TO,PILLSBURY READY TO BAKE MONSTER COOKIE DOUGH,DAIRY
20137,BAKE COOKIE DOUGH PILLSBURY  SUGAR  READY#TO,PILLSBURY READY TO BAKE SUGAR COOKIE DOUGH,DAIRY
20138,CORNBREAD PILLSBURY SWEET SWIRLS,PILLSBURY SWEET CORNBREAD SWIRLS,DAIRY
20139,BRITANNIA CHOCOLATE DESSERT PUDDING,BRITANNIA CHOCOLATE PUDDING DESSERT,DAIRY
20140,BRITANNIA DESSERT PUDDING TAPIOCA,BRITANNIA TAPIOCA PUDDING DESSERT,DAIRY
20141,BRITANNIA FREE PUDDING SNACKS SUGAR VANILLA,BRITANNIA SUGAR FREE VANILLA PUDDING SNACKS,DAIRY
20142,COBBLER CREAMY DESSERT EPIGAMIA PEACH,EPIGAMIA PEACH COBBLER CREAMY DESSERT,DAIRY
20143,AMUL CHOCOLATE FAT LOW PUDDING,AMUL LOW FAT CHOCOLATE PUDDING,DAIRY
20144,BROWN HASH MCCAIN POTATOES SOUTHWEST STYLE,MCCAIN SOUTHWEST STYLE HASH BROWN POTATOES,DAIRY
20145,BRITANNIA ENGLISH MUFFINS SOURDOUGH,BRITANNIA SOURDOUGH ENGLISH MUFFINS,DAIRY
20146,DICED MCCAIN POTATOES SEASONED SIGNATURE,MCCAIN SIGNATURE SEASONED DICED POTATOES,DAIRY
20147,DICED MCCAIN PLAIN POTATOES,MCCAIN PLAIN DICED POTATOES,DAIRY
20148,BREAKFAST CLASSIC EGG ITC KIT SCRAMBLED,ITC CLASSIC BREAKFAST SCRAMBLED EGG KIT,DAIRY
20149,AMUL BUTTER OIL ORIGINAL SPRAY,AMUL ORIGINAL BUTTER OIL SPRAY,DAIRY
20150,AMUL AND BROWN BUTTER MAPLE SPREAD SUGAR,AMUL MAPLE AND BROWN SUGAR BUTTER SPREAD,DAIRY
20151,AMUL BUTTER FREE LACTOSE SPREADABLE,AMUL LACTOSE FREE SPREADABLE BUTTER,DAIRY
20152,AMUL BLOCK BUTTER UNSALTED,AMUL UNSALTED BUTTER BLOCK,DAIRY
20153, BUTTER NUTRALITE OIL OLIVE  WITH BASED#PLANT,NUTRALITE PLANT BASED BUTTER WITH OLIVE OIL,DAIRY
20154,DILL KOSHER MOTHER PICKLES RECIPE S STYLE,MOTHER'S RECIPE KOSHER STYLE DILL PICKLES,DAIRY
20155,DILL HALVES KOSHER PICKLE PRIYA,PRIYA KOSHER DILL PICKLE HALVES,DAIRY
20156,DILL KOSHER PICKLE PRIYA SANDWICH SLICES,PRIYA KOSHER DILL SANDWICH PICKLE SLICES,DAIRY
20157,CHIPS PICKLE SELECT SIGNATURE SPICY,SIGNATURE SELECT SPICY PICKLE CHIPS,DAIRY
20158,PICKLE SELECT SIGNATURE SPEARS,SIGNATURE SELECT PICKLE SPEARS,DAIRY
20159,JUICE NO ORANGE PERCENT PREMIUM PULP REAL,REAL PREMIUM 100 PERCENT ORANGE JUICE NO PULP,DAIRY
20160,FRESH JUICE MEDIUM ORANGE PULP TROPICANA,TROPICANA FRESH ORANGE JUICE MEDIUM PULP,DAIRY
20161,JUICE ORANGE PREMIUM PULP REAL SOME WITH,REAL PREMIUM ORANGE JUICE WITH SOME PULP,DAIRY
20162,BEVERAGE   NO ORANGE PULP MAID#MINUTE,MINUTE MAID ORANGE BEVERAGE NO PULP,DAIRY
20163,CALORIE JUICE LOW ORANGE TROPICANA,TROPICANA LOW CALORIE ORANGE JUICE,DAIRY
20164,APPLE CIDER JUICE REAL,REAL APPLE CIDER JUICE,DAIRY
20165,GRAPEFRUIT JUICE NATURAL TROPICANA,TROPICANA NATURAL GRAPEFRUIT JUICE,DAIRY
20166,FRUIT JUICE MIXED ORANGE PINEAPPLE REAL,REAL PINEAPPLE ORANGE MIXED FRUIT JUICE,DAIRY
20167,BANANA FRUIT JUICE MIXED ORANGE PINEAPPLE REAL,REAL PINEAPPLE ORANGE BANANA MIXED FRUIT JUICE,DAIRY
20168,APPLE JUICE PRESSED PURE TROPICANA,TROPICANA PURE PRESSED APPLE JUICE,DAIRY
20169,FRUIT   PUNCH SUGAR ZERO MAID#MINUTE,MINUTE MAID ZERO SUGAR FRUIT PUNCH,DAIRY
20170,DRINK FRUIT JUICE PUNCH TROPICANA,TROPICANA FRUIT PUNCH JUICE DRINK,DAIRY
20171,DRINK JUICE LEMONADE LIGHT   MAID#MINUTE,MINUTE MAID LIGHT LEMONADE JUICE DRINK,DAIRY
20172,BLEND FRUIT JUICE NATURAL STRAWBERRY TROPICANA,TROPICANA NATURAL STRAWBERRY FRUIT JUICE BLEND,DAIRY
20173,BLEND JUICE MANGO NATURAL TROPICANA,TROPICANA NATURAL MANGO JUICE BLEND,DAIRY
20174,FLAVOURED ICED LIPTON RASPBERRY TEA,LIPTON RASPBERRY FLAVOURED ICED TEA,DAIRY
20175,DIET ICED LIPTON TEA,LIPTON DIET ICED TEA,DAIRY
20176,BLACK ICED LIPTON TEA UNSWEETENED,LIPTON UNSWEETENED BLACK ICED TEA,DAIRY
20177,BLACK ICED LIPTON SWEETENED TEA,LIPTON SWEETENED BLACK ICED TEA,DAIRY
20178,DRINK ICED LEMON LIPTON TEA,LIPTON LEMON ICED TEA DRINK,DAIRY
20179,COFFEE ICED STARBUCKS UNSWEETENED,STARBUCKS UNSWEETENED ICED COFFEE,DAIRY
20180,CAFE COFFEE DAY ICED VANILLA,CAFE COFFEE DAY VANILLA ICED COFFEE,DAIRY
20181,BREW COFFEE COLD LIGHT  ROAST  OWL#SLEEPY,SLEEPY OWL LIGHT ROAST COLD BREW COFFEE,DAIRY
20182,BLACK BLUE BRAZILIAN COFFEE COLD PURE TOKAI,BLUE TOKAI BRAZILIAN PURE BLACK COLD COFFEE,DAIRY
20183,BLEND BREW COFFEE COLD ESPRESSO   OWL#SLEEPY,SLEEPY OWL ESPRESSO BLEND COLD BREW COFFEE,DAIRY
20184,FREE JUICE ORANGE PULP TROPICANA,TROPICANA ORANGE JUICE PULP FREE,DAIRY
20185,COCKTAIL CRANBERRY JUICE NATURAL REAL,REAL NATURAL CRANBERRY COCKTAIL JUICE,DAIRY
20186,APPLE JUICE PRESSED PURE TROPICANA,TROPICANA PURE PRESSED APPLE JUICE,DAIRY
20187,JUICE ORANGE PREMIUM PULP REAL SOME WITH,REAL PREMIUM ORANGE JUICE WITH SOME PULP,DAIRY
20188,ALMOND BEAN  COFFEE LATTE MILK  VANILLA BOAT#PAPER,PAPER BOAT ALMOND MILK COFFEE LATTE VANILLA BEAN,DAIRY
20189,BOTTLE DEPOSIT MILK,DEPOSIT MILK BOTTLE,DAIRY
20561,AND CHICKPEAS DRY GREEN MIX ORGANIC PEAS TATTVA,ORGANIC TATTVA DRY CHICKPEAS AND GREEN PEAS MIX,GROCERY
20562,BEANS DRY PINTO PREMIUM QUALITY SAMPANN TATA,TATA SAMPANN DRY PINTO BEANS PREMIUM QUALITY,GROCERY
20563,BEAN BLEND MANTRA MIXED ORGANIC PACK SOUP VARIETY,24 MANTRA ORGANIC MIXED BEAN SOUP BLEND 15 VARIETY PACK,GROCERY
20564,BASMATI GATE INDIA RICE,INDIA GATE BASMATI RICE,GROCERY
20565,DAAWAT JASMINE PREMIUM RICE,DAAWAT PREMIUM JASMINE RICE,GROCERY
20566,INDIA ORGANIC QUINOA WHITE,ORGANIC INDIA ORGANIC WHITE QUINOA,GROCERY
20567,CHICKEN FLAVOURED MIX MTR RICE,MTR CHICKEN FLAVOURED RICE MIX,GROCERY
20568,EAT MASALA MTR  RICE  READY#TO,MTR READY TO EAT MASALA RICE,GROCERY
20569,CORIANDER EAT LIME MTR  RICE  READY#TO,MTR READY TO EAT CORIANDER LIME RICE,GROCERY
20570,BITES BREAKFAST CEREAL KELLOGG MINI S WHEAT,KELLOGG'S MINI WHEAT BITES BREAKFAST CEREAL,GROCERY
20571,ALMOND BAR FLAX GRANOLA HONEY YOGA,YOGA BAR HONEY ALMOND FLAX GRANOLA,GROCERY
20572,AND BROWN INSTANT MAPLE OATMEAL QUAKER SUGAR,QUAKER INSTANT OATMEAL MAPLE AND BROWN SUGAR,GROCERY
20573,BROWN INSTANT MAPLE OATMEAL OATS SAFFOLA SUGAR,SAFFOLA OATS MAPLE BROWN SUGAR INSTANT OATMEAL,GROCERY
20574,AND APPLE CINNAMON INSTANT OATS PROTEIN QUAKER,QUAKER PROTEIN INSTANT OATS APPLE AND CINNAMON,GROCERY
20575,CEREAL COOKING HOT OATS QUAKER QUICK,QUAKER QUICK COOKING OATS HOT CEREAL,GROCERY
20576,BAR BIRTHDAY CAKE CHOCOLATE DRIZZLE GRANOLA YOGA,YOGA BAR BIRTHDAY CAKE CHOCOLATE DRIZZLE GRANOLA BAR,GROCERY
20577,AND BAR ENERGY FRUIT MIX NUT RITEBITE TRAIL,RITEBITE FRUIT AND NUT TRAIL MIX ENERGY BAR,GROCERY
20578,BARS CHOCOLATE CHUNK ENERGY YOGABAR,YOGABAR ENERGY BARS CHOCOLATE CHUNK,GROCERY
20579,BERRIES  JUICE MIXED  BOAT#PAPER,PAPER BOAT MIXED BERRIES JUICE,GROCERY
20580,CAKE CAKES FRUIT FUIT MIXED SLICED SUNFEAST,SUNFEAST CAKES CAKES SLICED MIXED FUIT MIXED FRUIT CAKE,GROCERY
20581, FRUIT MIXED PACK  ROLLUPS VALUE BOAT#PAPER,PAPER BOAT MIXED FRUIT ROLLUPS VALUE PACK,GROCERY
20582,AMUL CHOCOLATE CUP DESSERT PUDDING,AMUL CHOCOLATE DESSERT PUDDING CUP,GROCERY
20583,AMUL BUTTERSCOTCH CUP DESSERT PUDDING,AMUL BUTTERSCOTCH DESSERT PUDDING CUP,GROCERY
20584,DAIRY DESSERT MOTHER PUDDING TAPIOCA,MOTHER DAIRY TAPIOCA DESSERT PUDDING,GROCERY
20585,AND CHOCOLATE MIX PIE PUDDING WEIKFIELD,WEIKFIELD CHOCOLATE PUDDING AND PIE MIX,GROCERY
20586,CHOCOLATE FREE INSTANT MIX PUDDING SUGAR WEIKFIELD,WEIKFIELD SUGAR FREE CHOCOLATE INSTANT PUDDING MIX,GROCERY
20587,CRYSTALS JELLY MIX STRAWBERRY WEIKFIELD,WEIKFIELD STRAWBERRY JELLY CRYSTALS MIX,GROCERY
20588,AND DESSERT FILLING PIE STRAWBERRY TOPPING WEIKFIELD,WEIKFIELD STRAWBERRY PIE FILLING AND DESSERT TOPPING,GROCERY
20589,FILLING ORGANIC PUMPKIN PURE PUREE TATTVA,ORGANIC TATTVA PURE PUMPKIN PUREE FILLING,GROCERY
20590,AND FILLING FRUIT PEACH PIE TOPPING WEIKFIELD,WEIKFIELD PEACH PIE FILLING AND FRUIT TOPPING,GROCERY
20591,BAKING CRUST MIX PIE PILLSBURY,PILLSBURY PIE CRUST BAKING MIX,GROCERY
20592,BISCUIT BRITANNIA CRUST GRAHAM PIE STYLE,BRITANNIA GRAHAM STYLE BISCUIT PIE CRUST,GROCERY
20593,CHOCOLATE CRUST CRUSTS INCH KEEBLER PIE READY,KEEBLER READY CRUST 9-INCH CHOCOLATE PIE CRUSTS ,GROCERY
20594,AMUL CARAMEL SYRUP,AMUL CARAMEL SYRUP,GROCERY
20595,CARAMEL FLAVORED HERSHEY LIQUID S SYRUP,HERSHEY'S CARAMEL FLAVORED LIQUID SYRUP,GROCERY
20596,BROWNIE CHOCO DESSERT FROZEN FUDGE KWALITY S WALL,KWALITY WALL'S CHOCO BROWNIE FUDGE FROZEN DESSERT,GROCERY
20597,CONES CREAM ICE SUGAR VADILAL,VADILAL SUGAR ICE CREAM CONES,GROCERY
20598,CREAM CUPS DESSERT ICE VADILAL,VADILAL ICE CREAM DESSERT CUPS,GROCERY
20599,CLASSIC CONES CREAM CREAMBELL ICE OF PACK WAFFLE,CREAMBELL CLASSIC WAFFLE ICE CREAM CONES PACK OF 12,GROCERY
20600,BROWNIE CHOCOLATE MILK MIX PILLSBURY,PILLSBURY MILK CHOCOLATE BROWNIE MIX,GROCERY
20601, BROWNIE    FUDGE MIX BETTY#CROCKER CHOCOLATE#DARK,BETTY CROCKER DARK CHOCOLATE FUDGE BROWNIE MIX,GROCERY
20602, CAKE CLASSIC  MIX WHITE BETTY#CROCKER,BETTY CROCKER CLASSIC WHITE CAKE MIX,GROCERY
20603,CHOCOLATE CREAMY FROSTING MILK PILLSBURY SUPREME,PILLSBURY CREAMY SUPREME MILK CHOCOLATE FROSTING,GROCERY
20604, CREAMY  FROSTING RICH BETTY#CROCKER,BETTY CROCKER RICH & CREAMY FROSTING,GROCERY
20605,COOKIE DECORATION FUNFOODS GREEN ICING,FUNFOODS GREEN COOKIE ICING DECORATION,GROCERY
20606,AMUL BAKING CHIPS CHOCOLATE FOR MINI,AMUL MINI CHOCOLATE CHIPS FOR BAKING,GROCERY
20607,BAKING BAR CHOCOLATE CO MASON WHITE,MASON & CO WHITE CHOCOLATE BAKING BAR,GROCERY
20608,BAKING CADBURY COCOA POWDER UNSWEETENED,CADBURY UNSWEETENED BAKING COCOA POWDER,GROCERY
20609,BREW CAKE FUNFOODS SPRINKLES TUB WITCHES,FUNFOODS WITCHES BREW CAKE SPRINKLES TUB,GROCERY
20610,CAKE DECORATION JIMMIES PURAMATE RAINBOW SPRINKLES,PURAMATE RAINBOW JIMMIES CAKE DECORATION SPRINKLES,GROCERY
20611,BOX CAKE FUNFOODS SPRINKLES THEME WINTER,FUNFOODS WINTER THEME CAKE SPRINKLES BOX,GROCERY
20612, MILK  SKIMMED AMUL#POWDER,AMUL SKIMMED MILK POWDER,GROCERY
20613,CONDENSED MILK MILKMAID NESTL SWEETENED,NESTL├® MILKMAID SWEETENED CONDENSED MILK,GROCERY
20614,CARNATION EVAPORATED MILK NESTL,NESTL├® CARNATION EVAPORATED MILK,GROCERY
20615,EXTRACT PURE VANILLA WEIKFIELD,WEIKFIELD PURE VANILLA EXTRACT,GROCERY
20616,BAKER ESSENCE PURE S VANILLA,BAKER'S PURE VANILLA ESSENCE,GROCERY
20617,BAKER ESSENCE FLAVOUR S VANILLA,BAKER'S VANILLA FLAVOUR ESSENCE,GROCERY
20618,AJANTA COLOUR FOOD GREEN NATURAL,AJANTA NATURAL GREEN FOOD COLOUR,GROCERY
20619,AJANTA ASSORTED COLOUR FOOD KIT,AJANTA ASSORTED FOOD COLOUR KIT,GROCERY
20620,ASSORTED BAKER COLOUR FOOD PACK S,BAKER'S ASSORTED FOOD COLOUR PACK,GROCERY
20621,CATCH CHILI POWDER PREMIUM,CATCH PREMIUM CHILI POWDER,GROCERY
20622,KEYA PAPRIKA SEASONING SMOKED,KEYA SMOKED PAPRIKA SEASONING,GROCERY
20623,NUTRITIONAL PLATTER SEASONING URBAN YEAST,URBAN PLATTER NUTRITIONAL YEAST SEASONING,GROCERY
20624,CATCH GARLIC POWDER,CATCH GARLIC POWDER,GROCERY
20625,CREOLE EVEREST MIX SEASONING STYLE,EVEREST CREOLE STYLE SEASONING MIX,GROCERY
20626,KEYA MIX PIZZA SEASONING,KEYA PIZZA SEASONING MIX,GROCERY
20646,AMUL COW GHEE PURE,AMUL PURE COW GHEE,GROCERY
20671,CANE DHAMPURE NATURAL RAW SUGAR,DHAMPURE NATURAL RAW CANE SUGAR,GROCERY
20692,BLEND COFFEE GROUND HOUSE MEDIUM ROAST TATA,TATA COFFEE HOUSE BLEND MEDIUM ROAST GROUND COFFEE,GROCERY
20693,BLUE COFFEE GROUND ITALIAN ROAST TOKAI,BLUE TOKAI ITALIAN ROAST GROUND COFFEE,GROCERY
20696,GREEN INDIA ORGANIC TEA,ORGANIC INDIA GREEN TEA,GROCERY
20698,CADBURY CHOCOLATE DRINK HOT SACHETS,CADBURY HOT CHOCOLATE DRINK SACHETS,GROCERY
20699,CADBURY  COCOA  HOT MIX CHOCOLATE#DARK,CADBURY DARK CHOCOLATE HOT COCOA MIX,GROCERY
20700,FLAVOURED HERSHEY S STRAWBERRY SYRUP,HERSHEY'S STRAWBERRY FLAVOURED SYRUP,GROCERY
20715,CHERRY CRANBERRY DIET DRINK JUICE REAL,REAL CRANBERRY CHERRY DIET JUICE DRINK,GROCERY
20722, JUICE LIME  BOAT#PAPER,PAPER BOAT LIME JUICE,GROCERY
20723,CHERRY JUICE PRESSERY RAW TART,RAW PRESSERY TART CHERRY JUICE,GROCERY
20724,APPLE INDIA JUICE ORGANIC UNFILTERED,ORGANIC INDIA UNFILTERED APPLE JUICE,GROCERY
20734,APPLE CUPS KISSAN NATURAL SAUCE,KISSAN NATURAL APPLE SAUCE CUPS,GROCERY
20737,CRACKERS OCEAN PACK SALAD SECRET SNACK TUNA WITH,OCEAN SECRET TUNA SALAD SNACK PACK WITH CRACKERS,GROCERY
20738,IN OCEAN SECRET SOLID TUNA WATER WHITE,OCEAN SECRET SOLID WHITE TUNA IN WATER,GROCERY
20739,CHUNK IN LIGHT OCEAN SECRET TUNA WATER,OCEAN SECRET CHUNK LIGHT TUNA IN WATER,GROCERY
20746,BAKED BEANS BOURBON BROWN HEINZ SUGAR,HEINZ BOURBON BROWN SUGAR BAKED BEANS,GROCERY
20747,ADDED BAKED BEANS HEINZ NO SUGAR,HEINZ NO ADDED SUGAR BAKED BEANS,GROCERY
20749,BEANS CHING CURRY RAJMA S SPICY,CHING'S SPICY RAJMA BEANS CURRY,GROCERY
20752,EAT PASTA  RINGS SUNFEAST  MA READY#TO,SUNFEAST READY TO EAT TOMATO PASTA RINGS,GROCERY
20753,   MEATBALLS SPAGHETTI WITH CHEF#ITC#MASTER,ITC MASTER CHEF SPAGHETTI WITH MEATBALLS,GROCERY
20754,ALPHABET MEATBALLS PASTA SUNFEAST WITH,SUNFEAST ALPHABET PASTA WITH MEATBALLS,GROCERY
20764,BROTH CHICKEN KNORR LOW SODIUM,KNORR LOW SODIUM CHICKEN BROTH,GROCERY
20766,BROTH KNORR VEGETABLE VEGETARIAN,KNORR VEGETARIAN VEGETABLE BROTH,GROCERY
20770,CHEDDAR PASTA SHELLS WHITE WINGREENS,WINGREENS WHITE CHEDDAR PASTA SHELLS,GROCERY
20771,AND BAMBINO CHEESE FREE GLUTEN MACARONI MIX,BAMBINO GLUTEN FREE MACARONI AND CHEESE MIX,GROCERY
20772,AND CHEESE MAC MIX RANCH STYLE WINGREENS,WINGREENS RANCH STYLE MAC AND CHEESE MIX,GROCERY
20935,CHERRY FRUIT KISSAN PRESERVE,KISSAN CHERRY FRUIT PRESERVE,GROCERY
20936,FRUIT MALA PRESERVE RASPBERRY RED S,MALA'S RED RASPBERRY FRUIT PRESERVE,GROCERY
20937,JAM MAPRO RASPBERRY RED SEEDLESS,MAPRO SEEDLESS RED RASPBERRY JAM,GROCERY
20944,CREAMY DILL MUSTARD SAUCE VEEBA,VEEBA CREAMY DILL MUSTARD SAUCE,GROCERY
20948,CHING FRY S SAUCE SECRET STIR TERIYAKI,CHING'S SECRET TERIYAKI STIR FRY SAUCE,GROCERY
20950,KEYA MILD MIX SEASONING TACO,KEYA MILD TACO SEASONING MIX,GROCERY
20951,KEYA LOW MIX SEASONING SODIUM TACO,KEYA LOW SODIUM TACO SEASONING MIX,GROCERY
20968,BUTTERMILK DRESSING MIX ORIGINAL SALAD VEEBA,VEEBA ORIGINAL BUTTERMILK SALAD DRESSING MIX,GROCERY
20969,DRESSING SALAD SOUTHERN STYLE VEEBA,VEEBA SOUTHERN STYLE SALAD DRESSING,GROCERY
20973,CLASSIC CROUTONS SEASONED WINGREENS,WINGREENS CLASSIC SEASONED CROUTONS,GROCERY
20989,BABY DEL DILL MONTE PICKLES SALT SEA WITH,DEL MONTE BABY DILL PICKLES WITH SEA SALT,GROCERY
20990,DEL GHERKIN MONTE PICKLES SWEET,DEL MONTE SWEET GHERKIN PICKLES,GROCERY
20995,JALAPENO PEPPERS SLICED VEEBA,VEEBA SLICED JALAPENO PEPPERS,GROCERY
20996,DEL JALAPENO MONTE PEPPER RINGS,DEL MONTE JALAPENO PEPPER RINGS,GROCERY
20997,ONIONS PICKLED RED VEEBA,VEEBA PICKLED RED ONIONS,GROCERY
21009,CHERRY COCA COLA DRINK FLAVOURED SOFT,COCA-COLA CHERRY FLAVOURED SOFT DRINK,GROCERY
21010,DRINK PREBIOTIC PRESSERY RASPBERRY RAW SPARKLING,RAW PRESSERY PREBIOTIC RASPBERRY SPARKLING DRINK,GROCERY
21011,BEER DRINK FLAVOURED ROOT SOFT SOSYO,SOSYO ROOT BEER FLAVOURED SOFT DRINK,GROCERY
21013,CUCUMBER FLAVOUR HIMALAYAN MELON SPARKLING WATER,HIMALAYAN SPARKLING WATER CUCUMBER MELON FLAVOUR,GROCERY
21014,HIMALAYAN NATURAL SPARKLING WATER,HIMALAYAN NATURAL SPARKLING WATER,GROCERY
21019,BINGO CHEESE CHIPS POTATO QUESO,BINGO QUESO CHEESE POTATO CHIPS,GROCERY
21020,AND OIL OLIVE POPCORN SALT SEA,SEA SALT AND OLIVE OIL POPCORN,GROCERY
21021,CHEESE CHEETOS PUFFS,CHEETOS CHEESE PUFFS,GROCERY
21022,ACT  KERNELS  YELLOW II#POPCORN,ACT II YELLOW POPCORN KERNELS,GROCERY
21023,ACT BUTTER EXTRA  MICROWAVE  II#POPCORN,ACT II EXTRA BUTTER MICROWAVE POPCORN,GROCERY
21024,ACT BUTTER  MOVIE  STYLE THEATRE II#POPCORN,ACT II MOVIE THEATRE STYLE BUTTER POPCORN,GROCERY
21025,HAPPILO MIX MOUNTAIN TRAIL,HAPPILO MOUNTAIN TRAIL MIX,GROCERY
21026,AND COCKTAIL NUTRAJ PEANUTS ROASTED SALTED,NUTRAJ ROASTED AND SALTED COCKTAIL PEANUTS,GROCERY
20010,AGED BLOCK CHEESE GOURMET KODAI,KODAI AGED GOURMET CHEESE BLOCK,READY TO EAT & DELI
