,cic,new_cic_dsc,old_cic_dsc,dept
0,10438,CRACKERS GRAM ORIGINAL PACK RITZ,RITZ ORIGINAL CRACKERS 150 GRAM PACK,GROCERY
1,10434,ALMOND COOKIES CRANBERRY GRAM PACK UNIBIC,UNIBIC CRANBERRY ALMOND COOKIES 150 GRAM PACK,GROCERY
2,10435,BRITANNIA BUTTER COOKIES CREAMY DAY GOOD GRAM PACK,BRITANNIA GOOD DAY CREAMY BUTTER COOKIES 75 GRAM PACK,GROCERY
3,10436,BRITANNIA CASHEW COOKIES DAY GOOD,BRITANNIA GOOD DAY CASHEW COOKIES,GROCERY
4,10437,BRITANNIA HEARTS LITTLE,BRITANNIA LITTLE HEARTS,GROCERY
5,10438,CRACKERS GRAM ORIGINAL PACK RITZ,RITZ ORIGINAL CRACKERS 150 GRAM PACK,GROCERY
6,10439,CRACKERS FARM GOLDFISH GRAM PACK PEPPERIDGE PIZZA,PEPPERIDGE FARM GOLDFISH PIZZA CRACKERS 180 GRAM PACK,GROCERY
7,10440,BUTTER CAKES CORN FLAVOUR GRAM PACK QUAKER,QUAKER CORN CAKES BUTTER FLAVOUR 100 GRAM PACK,GROCERY
8,10441,BUTTER COOKIES NUTTER PEANUT SANDWICH,NUTTER BUTTER PEANUT BUTTER SANDWICH COOKIES,GROCERY
9,10442,BRITANNIA CLASSIC CRACKERS LITTLE,BRITANNIA LITTLE CRACKERS CLASSIC,GROCERY
10,10143,BISLERI BOTTLE DRINKING ML PACKAGED WATER,BISLERI PACKAGED DRINKING WATER BOTTLE 500 ML,GROCERY
11,10929,ALKALINE DRINKING HIMALAYAN MINERAL NATURAL WATER,HIMALAYAN NATURAL MINERAL WATER ALKALINE DRINKING WATER,GROCERY
12,10930,COFFEE DOUBLE DRINK ESPRESSO SHOT OWL#SLEEPY READY#TO,SLEEPY OWL DOUBLE SHOT ESPRESSO READY TO DRINK COFFEE,GROCERY
13,10931,BEVERAGE BULL CALORIE DRINK ENERGY FREE LOW RED SUGAR,RED BULL SUGAR FREE ENERGY DRINK LOW CALORIE BEVERAGE,GROCERY
14,10932,DRINK FLAVOUR STRAWBERRY BOAT#PAPER LEMONADE#REFRESHING,PAPER BOAT STRAWBERRY LEMONADE FLAVOURED REFRESHING DRINK,GROCERY
15,10933,BEVERAGE BULL COSMIC DRINK ENERGY FLAVOUR FUNCTIONAL RED,RED BULL ENERGY DRINK COSMIC FLAVOUR FUNCTIONAL BEVERAGE,GROCERY
16,10934,BEVERAGE DRINK ELECTROLYTE FLAVOUR LEMON GATORADE#SPORTS,GATORADE LEMON FLAVOURED SPORTS DRINK ELECTROLYTE BEVERAGE,GROCERY
17,10935,DRINK GOLD ICED SUGAR SWEET TATA TEA ZERO READY#TO,TATA TEA GOLD SWEET ICED TEA ZERO SUGAR READY TO DRINK,GROCERY
18,10936,BEVERAGE BLUEBERRY DIET FLAVOUR GREEN TEA BOAT#PAPER,PAPER BOAT GREEN TEA BLUEBERRY FLAVOURED DIET BEVERAGE,GROCERY
19,10937,DRINK FLAVOUR ICED LIPN PEACH SWEETENED TEA READY#TO,LIPTON PEACH FLAVOURED ICED TEA SWEETENED READY TO DRINK,GROCERY
20,10760,DABUR HONEY NATURAL ORGANIC PURE SWEETENED,DABUR ORGANIC HONEY NATURAL PURE SWEETENER,GROCERY
21,10761,FRUIT JAM KISSAN SPREAD STRAWBERRY SWEET,KISSAN STRAWBERRY JAM SWEET FRUIT SPREAD,GROCERY
22,10762,FRUIT MANTRA ORGANIC SPREAD STRAWBERRY,24 MANTRA ORGANIC STRAWBERRY FRUIT SPREAD,GROCERY
23,10053,CHILLI CHIPOTLE SAUCE SMOKY SPICY VEEBA,VEEBA CHIPOTLE SAUCE SMOKY SPICY CHILLI SAUCE,GROCERY
24,10054,COOKIES FLAVOUR HICKORY LIQUID MARINADE SMOKY VEEBA,VEEBA LIQUID SMOKE HICKORY FLAVOUR COOKING MARINADE,GROCERY
25,10559,BLEND FREE GLUTEN KEYA MIX SEASONING SPICY TATA,KEYA TACO SEASONING MIX GLUTEN FREE SPICE BLEND,GROCERY
26,10560,CHILLI EXTRA HABANERO HOT SAUCE SPICY VEEBA,VEEBA HABANERO CHILLI SAUCE EXTRA SPICY HOT SAUCE,GROCERY
27,10561,FLAVOUR GROUND HORSERADISH MUSTARD STONE VEEBA WITH,VEEBA STONE GROUND MUSTARD WITH HORSERADISH FLAVOUR,GROCERY
28,10562,AND FLAVOUR HEARTS RICH SAUCE STEAK THICK VEEBA,VEEBA THICK AND HEARTY STEAK SAUCE RICH FLAVOUR,GROCERY
29,10102,DIP KEYA MIX RANCH,KEYA RANCH DIP MIX,GROCERY
30,10763,LIME MAYONNAISE VEEBA,VEEBA MAYONNAISE LIME,GROCERY
31,10764,DRESSING RANCH VEEBA,VEEBA RANCH DRESSING,GROCERY
32,10765,DRESSING KEYA MIX RANCH,KEYA RANCH DRESSING MIX,GROCERY
33,10766,DRESSING KEYA MIX RANCH,KEYA RANCH DRESSING MIX,GROCERY
34,10767,BORGES CAESAR CROUTONS,BORGES CROUTONS CAESAR,GROCERY
35,10768,BORGES CHEESE CROUTONS,BORGES CROUTONS CHEESE,GROCERY
36,10147,JALAPENO PEPPERS PICKLED SLICED SPICY VEEBA VEGETABLE,VEEBA SLICED JALAPENO PEPPERS SPICY PICKLED VEGETABLE,GROCERY
37,10989,DICED MILD PEPPERS PICKLED PIMENTO VEEBA VEGETABLE,VEEBA DICED PIMENTO PEPPERS MILD PICKLED VEGETABLE,GROCERY
38,10990,OKRA PICKLED PRESERVED SPICY TANGY VEEBA VEGETABLE,VEEBA PICKLED OKRA SPICY TANGY PRESERVED VEGETABLE,GROCERY
39,10991,BABY CRUNCHY CUCUMBERS DEL DILL MONTE PICKLED PRESERVED TANGY,DEL MONTE BABY DILL PICKLES CRUNCHY TANGY PRESERVED CUCUMBERS,GROCERY
40,10992,BABY CRUNCHY CUCUMBERS DEL DEL DILL MONTE PICKLED STYLE,DEL MONTE BABY DILL PICKLES DELI STYLE CRUNCHY CUCUMBERS,GROCERY
41,10004,BERRY DRINK FLAVOUR REFRESHING SPARKLING WATER BOAT#PAPER,PAPER BOAT SPARKLING WATER BERRY FLAVOUR REFRESHING DRINK,GROCERY
42,10254,CANS COKE DIET DRINK FRIDGE PACK SOFT,DIET COKE SOFT DRINK FRIDGE PACK 12 CANS,GROCERY
43,10255,BOTTLE DRINK FLAVOUR LEMON PACK SOFT UP,7UP LEMON FLAVOURED SOFT DRINK BOTTLE PACK,GROCERY
44,10256,COLA DRINK FLAVOUR SPARKLING SUGAR VANILLA ZERO BOAT#PAPER,PAPER BOAT ZERO SUGAR SPARKLING COLA DRINK VANILLA FLAVOUR,GROCERY
45,10257,CANS CARBONATED DRINK FLAVOUR PEPSI SOFT VANILLA,PEPSI VANILLA FLAVOURED CARBONATED SOFT DRINK CAN,GROCERY
46,11117,CHIPS LAY POTATO S SALT SEA,LAY'S POTATO CHIPS SEA SALT,GROCERY
47,11118,CHEESE CORN PUFF TOO#YUMM,TOO YUMM CHEESE PUFF CORN,GROCERY
48,11119,ACT CORN KETTLE II#POPCORN,ACT II POPCORN KETTLE CORN,GROCERY
49,11120,CHIPS CORN CREAMY ONION SOUR TOO#YUMM,TOO YUMM CORN CHIPS SOUR CREAM ONION,GROCERY
50,11121,CHIPS CORN JALAPENO TOO#YUMM,TOO YUMM CORN CHIPS JALAPENO,GROCERY
51,11122,KURKURE MASALA MIX SNACK,KURKURE SNACK MIX MASALA,GROCERY
52,11123,CHIPS FLAVOUR LAY S SPICY WAVY,LAY'S WAVY CHIPS SPICY FLAVOUR,GROCERY
53,11124,CHIPS DORITOS LIME TORTILLA,DORITOS TORTILLA CHIPS LIME,GROCERY
54,11125,CHIPS DORITOS SCOOPS TORTILLA,DORITOS TORTILLA CHIPS SCOOPS,GROCERY
55,11126,CHIPS STRIPS TORTILLA TOO#YUMM,TOO YUMM TORTILLA CHIPS STRIPS,GROCERY
56,11127,ALMOND HAPPILO MEXICAN SPICY,HAPPILO ALMONDS MEXICAN SPICE,GROCERY
57,11128,CASHEW HAPPILO SALTED,HAPPILO CASHEWS SALTED,GROCERY
58,11129,HALDIRAM PEANUT ROASTED S SALTED,HALDIRAM'S PEANUTS ROASTED SALTED,GROCERY
59,11130,ALMOND HAPPILO SMOKE,HAPPILO ALMONDS SMOKED,GROCERY
60,11131,ACT SALT SEA II#POPCORN,ACT II POPCORN SEA SALT,GROCERY
61,11132,ACT KERNELS WHITE II#POPCORN,ACT II POPCORN KERNELS WHITE,GROCERY
62,11112,COUSCOUS KEYA PEARL,KEYA PEARL COUSCOUS,GROCERY
63,11113,CAJUN KEYA SEASONING,KEYA CAJUN SEASONING,GROCERY
64,11114,BROWN MANTRA ORGANIC RICH,24 MANTRA ORGANIC ORGANIC BROWN RICE,GROCERY
65,10258,AND BAR CASHEW MAX NUT PROTEIN RITEBITE SALT SNACK SWEET,RITEBITE MAX PROTEIN NUT BAR SWEET AND SALTY CASHEW SNACK,GROCERY
66,10259,AND BAR BLUEBERRY FIBRE FIG FRUIT NATURAL SNACK YOGA,YOGA BAR BLUEBERRY FIG BAR NATURAL FRUIT AND FIBRE SNACK,GROCERY
67,10260,BAR BREAKFAST FLAVOUR GRAIN KELLOGGS NUTRI STRAWBERRY,KELLOGGS NUTRI GRAIN BREAKFAST BAR STRAWBERRY FLAVOUR,GROCERY
68,10261,FLAVOUR FRUIT MIXED PACK ROLLS SNACK BOAT#PAPER,PAPER BOAT FRUIT ROLLS MIXED FRUIT FLAVOUR SNACK PACK,GROCERY
69,10262,BAR FRUIT NATURAL PACK ROLLS SNACK STRAWBERRY YOGA,YOGA BAR STRAWBERRY FRUIT ROLLS NATURAL SNACK PACK,GROCERY
70,10263,BREAKFAST FIBRE HIGH INSTANT OATS PLAIN QUAKER REGULAR,QUAKER INSTANT OATS REGULAR PLAIN HIGH FIBRE BREAKFAST,GROCERY
71,10264,AND BREAKFAST CEREAL HONEY K KELLOGGS MULTIGRAIN OATS SPECIAL,KELLOGGS SPECIAL K MULTIGRAIN OATS AND HONEY BREAKFAST CEREAL,GROCERY
72,10265,AND BREAKFAST CEREAL FRUIT KELLOGGS MUESLI NUT SEEDS,KELLOGGS MUESLI FRUIT NUT AND SEEDS BREAKFAST CEREAL,GROCERY
73,10266,BREAKFAST CEREAL CUP FROOT KELLOGGS LOOPS,KELLOGGS FROOT LOOPS BREAKFAST CEREAL CUP,GROCERY
74,10542,CUSTARD DESSERT MIX POWDER VANILLA WEIKFIELD,WEIKFIELD VANILLA CUSTARD POWDER DESSERT MIX,GROCERY
75,10543,AND BUTTERSCOTCH CREAMY DESSERT FOR HERSHEYS ICED SYRUP,HERSHEYS BUTTERSCOTCH SYRUP FOR ICE CREAM AND DESSERTS,GROCERY
76,10002,BAKING BIRD BLUE DRY INGREDIENT INSTANT YEAST,BLUE BIRD INSTANT DRY YEAST BAKING INGREDIENT,GROCERY
77,10003,APPLE BAKE CINNAMON MIX MUFFIN PILLSBURY READY#TO,PILLSBURY APPLE CINNAMON MUFFIN MIX READY TO BAKE,GROCERY
78,10248,CADBURY COCOA FLAVOUR HOT MARSHMALLOW MIX WITH,CADBURY HOT COCOA MIX WITH MARSHMALLOW FLAVOUR,GROCERY
79,10249,BAKE CORNBREAD MIX MUFFIN PILLSBURY READY#TO,PILLSBURY CORNBREAD MUFFIN MIX READY TO BAKE,GROCERY
80,10250,BAKE CHIPS CHOCOLATE MIX MUFFIN PILLSBURY READY#TO,PILLSBURY CHOCOLATE CHIP MUFFIN MIX READY TO BAKE,GROCERY
81,11231,BLEND EVEREST PREMIUM SEEDS SESAME SPICY TOASTED,EVEREST TOASTED SESAME SEEDS PREMIUM SPICE BLEND,GROCERY
82,11147,COCONUT COOKIES MANTRA OIL ORGANIC REFINED,24 MANTRA ORGANIC REFINED COCONUT COOKING OIL,GROCERY
83,11148,COOKIES MANTRA OIL ORGANIC SESAME TOASTED,24 MANTRA ORGANIC TOASTED SESAME COOKING OIL,GROCERY
84,10574,AASHIRVAAD BAKING FLOUR ORGANIC PREMIUM WHEAT,AASHIRVAAD ORGANIC WHEAT FLOUR PREMIUM BAKING FLOUR,GROCERY
85,10575,DHAMPURE NATURAL RAW SUGAR SWEETENED UNREFINED,DHAMPURE RAW SUGAR NATURAL UNREFINED SWEETENER,GROCERY
86,10012,BLEND CALM HERBAL INDIA ORGANIC RELAXATION TEA,ORGANIC INDIA HERBAL TEA CALM RELAXATION BLEND,GROCERY
87,10312,AROMA BLEND BRU COFFEE FRENCH GROUND ROASTED STRONG,BRU FRENCH ROAST GROUND COFFEE STRONG AROMA BLEND,GROCERY
88,10313,BLEND COFFEE FLAVOUR GROUND HOUSE RICH TATA,TATA COFFEE HOUSE BLEND GROUND COFFEE RICH FLAVOUR,GROCERY
89,10314,BUTTERSCOTCH COFFEE CONTINENTAL FLAVOUR GROUND TOFFEE,CONTINENTAL COFFEE BUTTERSCOTCH TOFFEE FLAVOURED GROUND COFFEE,GROCERY
90,10315,BLONDE COFFEE ESPRESSO PODS ROASTED OWL#SLEEPY,SLEEPY OWL ESPRESSO COFFEE PODS BLONDE ROAST,GROCERY
91,10316,CAPPUCCINO COFFEE FLAVOUR FRENCH PODS VANILLA OWL#SLEEPY,SLEEPY OWL CAPPUCCINO COFFEE PODS FRENCH VANILLA FLAVOUR,GROCERY
92,10317,BLEND CLASSIC COFFEE DONUT PODS SHOT OWL#SLEEPY,SLEEPY OWL COFFEE PODS CLASSIC DONUT SHOP BLEND,GROCERY
93,10318,AROMA BLEND COFFEE DARK PODS ROASTED STRONG OWL#SLEEPY,SLEEPY OWL DARK ROAST COFFEE PODS STRONG AROMA BLEND,GROCERY
94,10319,AROMA COFFEE COLOMBIA GROUND RICH TATA,TATA COFFEE COLOMBIA GROUND COFFEE RICH AROMA,GROCERY
95,10320,BLEND BLUE COFFEE GROUND GUATEMALAN ORGANIC TOKAI,BLUE TOKAI ORGANIC COFFEE GROUND GUATEMALAN BLEND,GROCERY
96,10321,BRU CHOCOLATE COFFEE FLAVOUR GROUND MOCHA RICH TASTE,BRU MOCHA FLAVOURED GROUND COFFEE RICH CHOCOLATE TASTE,GROCERY
97,10322,BASED BEVERAGE CADBURY CHOCOLATE COCOA DRINK MIX POWDER,CADBURY CHOCOLATE DRINK POWDER COCOA BASED BEVERAGE MIX,GROCERY
98,10323,BEVERAGE CADBURY CANISTER CHOCOLATE COCOA DRINK MIX POWDER,CADBURY CHOCOLATE DRINK POWDER CANISTER COCOA BEVERAGE MIX,GROCERY
99,10324,BEVERAGE CADBURY CHOCOLATE COCOA DRINK MINT MIX POWDER RICH,CADBURY MINT CHOCOLATE DRINK POWDER RICH COCOA BEVERAGE MIX,GROCERY
100,10181,AMUL MILD UHT,AMUL UHT MILK,GROCERY
101,11142,CRANBERRY JUICE RASPBERRY REAL,REAL CRANBERRY RASPBERRY JUICE,GROCERY
102,11143,ACTIV JUICE LOW REAL SODIUM VEGETABLE,REAL ACTIV VEGETABLE JUICE LOW SODIUM,GROCERY
103,11144,APPLE PEARL SPARKLING BOAT#PAPER,PAPER BOAT SPARKLING APPLE PEAR,GROCERY
104,11145,CHOCOLATE FAT LOW MILD NESTLE,NESTLE CHOCOLATE MILK LOW FAT,GROCERY
105,11146,ACTIV CRANBERRY JUICE REAL,REAL ACTIV CRANBERRY JUICE,GROCERY
106,10976,BORGES COOKIES DURUM FOR PASTA PENNE RIGATE WHEAT,BORGES PENNE RIGATE PASTA DURUM WHEAT PASTA FOR COOKING,GROCERY
107,10977,KISSAN PASTA SAUCE TOMATO,KISSAN TOMATO PASTA SAUCE,GROCERY
108,10978,CREAMY DEL MONTE PASTA SAUCE,DEL MONTE CREAMY PASTA SAUCE,GROCERY
109,10979,BORGES PASTA SAUCE WITH BASIL#PESTO,BORGES PESTO PASTA SAUCE WITH BASIL,GROCERY
110,10183,NAVNEET NOTEBOOK PRIMARY WRITING,NAVNEET WRITING NOTEBOOK PRIMARY,GROCERY
111,10184,BASIL CALCULATOR CASIO,CASIO CALCULATOR BASIC,GROCERY
112,10185,CLIPS JUMBO KANGARO PAPER,KANGARO PAPER CLIPS JUMBO,GROCERY
113,10252,CHUNKS TUNA WATER JOHN#WEST,JOHN WEST TUNA CHUNKS WATER,GROCERY
114,10253,LIGHT TUNA WATER JOHN#WEST,JOHN WEST TUNA LIGHT WATER,GROCERY
115,10001,GLOVES LARGE LEATHER STANLEY,STANLEY LEATHER GLOVES LARGE,GROCERY
116,10145,CUP DISPOSABLE DRINKING FOAM ORIGAMI OUNCE,ORIGAMI FOAM CUPS 8.5 OUNCE DISPOSABLE DRINKING CUPS,GROCERY
117,10973,BOX ORIGAMI PULLS SOFT ULTRA FACIAL#TISSUE,ORIGAMI ULTRA SOFT FACIAL TISSUE BOX 60 PULLS,GROCERY
118,10974,CLEAR CUP ORIGAMI OUNCE PARTY PLASTIC RECYCLABLE,ORIGAMI CLEAR PLASTIC CUPS 18 OUNCE RECYCLABLE PARTY CUPS,GROCERY
119,10975,DISPOSABLE INCH ORIGAMI PARTY PLATES USE,ORIGAMI DISPOSABLE PLATES 10 INCH PARTY USE PLATES,GROCERY
120,10759,ANT BAIT CONTROL EFFECTIVE GOODKNIGHT PESTO SOLUTION TRAP,GOODKNIGHT ANT BAIT TRAP EFFECTIVE PEST CONTROL SOLUTION,GROCERY
121,10182,BASED COOKIES CREAMY CREAMY KNORR MIX MUSHROOM OF SOUR,KNORR CREAM OF MUSHROOM SOUP MIX CREAMY COOKING BASE,GROCERY
122,11228,ASEPTIC BROTH CHICKEN COOKIES KNORR PACK REDUCED SALT STOCK,KNORR CHICKEN BROTH REDUCED SALT ASEPTIC PACK COOKING STOCK,GROCERY
123,11229,AND CHICKEN CREAMY HEARTS KNORR RICH SERVE SOUR READY#TO,KNORR CREAMY CHICKEN SOUP READY TO SERVE RICH AND HEARTY,GROCERY
124,11230,CHICKEN COKE INSTANT KNORR MIX NOODLE SOUR READY#TO,KNORR CHICKEN NOODLE SOUP MIX INSTANT READY TO COOK,GROCERY
125,10187,BOTTLE DRINK FOR PACK SOFT CHARGE#DEPOSIT,SOFT DRINK BOTTLE DEPOSIT CHARGE FOR 6 PACK,GROCERY
126,10188,BOTTLE DRINK SINGLE SOFT UNIT CHARGE#DEPOSIT,SOFT DRINK BOTTLE DEPOSIT CHARGE SINGLE UNIT,GROCERY
127,10189,BOTTLE DRINK FOOD NON SERVICE SINGLE SOFT UNIT CHARGE#DEPOSIT,SOFT DRINK BOTTLE DEPOSIT CHARGE SINGLE UNIT NON FOOD SERVICE,GROCERY
128,10190,BOTTLE DRINK FOR PACK SOFT CHARGE#DEPOSIT,SOFT DRINK BOTTLE DEPOSIT CHARGE FOR 12 PACK,GROCERY
129,10193,CODE DIGITAL REDEMPTION COUPON#DISCOUNT#GROCERY,GROCERY DISCOUNT COUPON DIGITAL REDEMPTION CODE,GROCERY
130,10194,CODE COUPON#DISCOUNT#GROCERY,GROCERY DISCOUNT COUPON CODE 92916,GROCERY
131,10195,CODE COUPON#DISCOUNT#GROCERY,GROCERY DISCOUNT COUPON CODE 92541,GROCERY
132,10196,CODE COUPON#DISCOUNT#GROCERY,GROCERY DISCOUNT COUPON CODE 77006,GROCERY
133,10197,DIGITAL OFFER COUPON#DISCOUNT#GROCERY,GROCERY DISCOUNT COUPON DIGITAL OFFER,GROCERY
134,10198,CODE COUPON#DISCOUNT#GROCERY,GROCERY DISCOUNT COUPON CODE 92931,GROCERY
135,10199,CODE COUPON#DISCOUNT#GROCERY,GROCERY DISCOUNT COUPON CODE 78056,GROCERY
136,10200,CODE COUPON#DISCOUNT#GROCERY,GROCERY DISCOUNT COUPON CODE 78308,GROCERY
137,10201,CODE COUPON#DISCOUNT#GROCERY,GROCERY DISCOUNT COUPON CODE 92339,GROCERY
138,10202,DIGITAL OFFER COUPON#DISCOUNT#GROCERY,GROCERY DISCOUNT COUPON DIGITAL OFFER,GROCERY
139,10146,AND CAT FOOD POTATO PUREPET SWEET TUNA WET,PUREPET TUNA AND SWEET POTATO WET CAT FOOD,GROCERY
140,10980,CAT CLUMPING FRAGRANCE FRESH LITTER MULTI SAVIC STRONG,SAVIC MULTI CAT CLUMPING LITTER STRONG FRESH FRAGRANCE,GROCERY
141,10981,CAT CRUNCHY DROOLS FLAVOUR SEAFOOD TREATS,DROOLS CRUNCHY SEAFOOD FLAVOUR CAT TREATS,GROCERY
142,10982,BROTH CAT CHICKEN CREAMY FOOD PUREPET SERVE SINGLE WET,PUREPET CREAMY BROTH CHICKEN WET CAT FOOD SINGLE SERVE,GROCERY
143,10983,ADULT DOG DRY FLAVOUR FOOD PEDIGREE SALMON WITH,PEDIGREE ADULT DRY DOG FOOD WITH SALMON FLAVOUR,GROCERY
144,10984,CHUNKS DOG DROOLS DRY FOOD HEALTH MINT PROACTIVE,DROOLS PROACTIVE HEALTH DRY DOG FOOD MINI CHUNKS,GROCERY
145,10985,AND CLEANING DOG HIMALAYAN ODOUR SPRAY REMOVER#STAIN,HIMALAYA DOG STAIN AND ODOUR REMOVER CLEANING SPRAY,GROCERY
146,10986,AND CAT CHICKEN DROOLS FOOD KITTEN PACK SALMON VARIETY WET,DROOLS KITTEN WET CAT FOOD CHICKEN AND SALMON VARIETY PACK,GROCERY
147,10987,CAT CHICKEN DROOLS FOOD GRAVY IN PREMIUM QUALITY WET,DROOLS CHICKEN IN GRAVY WET CAT FOOD PREMIUM QUALITY,GROCERY
148,10988,CHICKEN DOG FOOD PREMIUM PUREPET RECIPE WET,PUREPET CHICKEN RECIPE WET DOG FOOD PREMIUM,GROCERY
149,10544,AUTOMATIC DETERGENT DISHWASHER FOR GEL LEMON MACHINES VIM,VIM LEMON DISHWASHER GEL DETERGENT FOR AUTOMATIC MACHINES,GROCERY
150,10545,AID IN LIQUID RINSE DISHWASHER#FINISH,FINISH 3 IN 1 DISHWASHER RINSE AID LIQUID,GROCERY
151,10546,ALL FRAGRANCE FRESH IN ONE TABLETS DISHWASHER#FINISH,FINISH ALL IN ONE DISHWASHER TABLETS FRESH FRAGRANCE,GROCERY
152,10547,DETERGENT FRESH SCENT TABLETS DISHWASHER#FINISH,FINISH DISHWASHER DETERGENT TABLETS FRESH SCENT,GROCERY
153,10548,COMFORT DRYER FABRIC FRAGRANCE FREE SHEETS SOFTENER,COMFORT FABRIC SOFTENER DRYER SHEETS FRAGRANCE FREE,GROCERY
154,10549,DETERGENT FOR LIQUID MACHINES ORIGINAL WASH EXCEL#SURF,SURF EXCEL LIQUID DETERGENT ORIGINAL FOR MACHINE WASH,GROCERY
155,10550,AND CLEAR DETERGENT FREE LIQUID DUTY#HEAVY EXCEL#SURF,SURF EXCEL LIQUID DETERGENT HEAVY DUTY FREE AND CLEAR,GROCERY
156,10755,BAGS FREEZER PIGEON QUART SIZE SLIDER STORAGE,PIGEON SLIDER FREEZER STORAGE BAGS QUART SIZE,GROCERY
157,10756,AIRTIGHT BAGS GALLON PIGEON SIZE SLIDER STORAGE,PIGEON SLIDER STORAGE BAGS GALLON SIZE AIRTIGHT,GROCERY
158,10757,ALUMINIUM LARGE PAN PRESTIGE ROASTED SIZE,PRESTIGE ALUMINIUM ROASTER PAN LARGE SIZE,GROCERY
159,10758,BAKING LARGE LOAF NON PAN PRESTIGE STICK,PRESTIGE NON STICK LOAF BAKING PAN LARGE,GROCERY
160,10097,AER AUTOMATIC GODREJ REFILL TROPICAL AIR#FRESHENER,GODREJ AER AUTOMATIC AIR FRESHENER REFILL TROPICAL,GROCERY
161,10098,DETTOL DISINFECTANT FRESH SPRAY,DETTOL DISINFECTANT SPRAY FRESH,GROCERY
162,10099,BOTTLE MILTON SPRAY,MILTON SPRAY BOTTLE,GROCERY
163,10742,AER GODREJ IN LAVENDER PLUG AIR#FRESHENER,GODREJ AER PLUG-IN AIR FRESHENER LAVENDER,GROCERY
164,10743,APPLE BLOCK CINNAMON ODONIL AIR#FRESHENER,ODONIL AIR FRESHENER BLOCK APPLE CINNAMON,GROCERY
165,10744,CLEANER FLOOR LAVENDER LIZOL,LIZOL FLOOR CLEANER LAVENDER,GROCERY
166,10745,BAGS GALA GARBAGE DUTY#HEAVY,GALA GARBAGE BAGS HEAVY DUTY,GROCERY
167,10746,BRITE SCOTCH SCRUB SPONGE DUTY#HEAVY,SCOTCH-BRITE HEAVY DUTY SCRUB SPONGE,GROCERY
168,10747,BRITE SCOTCH SCRUB SPONGE,SCOTCH-BRITE SCRUB SPONGE,GROCERY
169,10144,ALMOND BAR PROTEIN RITEBITE CHOCOLATE#DARK,RITEBITE DARK CHOCOLATE ALMOND PROTEIN BAR,GROCERY
170,10938,CHOCOLATE DOUBLE GOLD NUTRITION OPTIMUM PROTEIN STANDARD WHEY,OPTIMUM NUTRITION GOLD STANDARD WHEY PROTEIN DOUBLE CHOCOLATE,GROCERY
171,10939,CHOCOLATE ENSURE PROTEIN SHAKE,ENSURE PROTEIN SHAKE CHOCOLATE,GROCERY
172,10940,BAR CHOCOLATE PROTEIN RITEBITE,RITEBITE CHOCOLATE PROTEIN BAR,GROCERY
173,10941,JUICE REAL STRAWBERRY WATERMELON,REAL STRAWBERRY WATERMELON JUICE,GROCERY
174,10942,BAR BUTTER GRANOLA PEANUT YOGA,YOGA BAR PEANUT BUTTER GRANOLA BAR,GROCERY
175,10055,PLATES POLENTA URBAN,URBAN PLATTER POLENTA,GROCERY
176,10563,COCONUT DABUR HOMMADE MILD,DABUR HOMMADE COCONUT MILK,GROCERY
177,10564,CHING CHOW MEIN NOODLE S,CHINGÆS CHOW MEIN NOODLES,GROCERY
178,10565,CHESTNUTS DEL MONTE WATER,DEL MONTE WATER CHESTNUTS,GROCERY
179,10148,CHEESE CHEETOS FLAMIN HOT MAC,CHEETOS MAC & CHEESE FLAMIN HOT,GROCERY
180,10993,CHEESE KRAFT PASTA SHELLS,KRAFT CHEESY PASTA SHELLS,GROCERY
181,10100,KEYA MEXICAN SEASONING,KEYA MEXICAN SEASONING,GROCERY
182,10101,CANDLE JESUS MOKSH PRAYER,MOKSH JESUS PRAYER CANDLE,GROCERY
183,10748,REFRIED BEANS#DEL#MONTE,DEL MONTE REFRIED BEANS,GROCERY
184,10749,BEANS DIP MEXICAN WINGREENS,WINGREENS MEXICAN BEAN DIP,GROCERY
185,10750,FIERY HOT SAUCE VEEBA,VEEBA FIERY HOT SAUCE,GROCERY
186,10751,HOT MEXICAN SAUCE VEEBA,VEEBA MEXICAN HOT SAUCE,GROCERY
187,10752,CHIPOTLE SAUCE SOUTHWEST FARMS#WINGREENS,WINGREENS FARMS CHIPOTLE SOUTHWEST SAUCE,GROCERY
188,10753,ENCHILADA KEYA MEXICAN SAUCE TATA,KEYA MEXICAN TACO & ENCHILADA SAUCE,GROCERY
189,10754,CATCH CHILLI RED WHOLE,CATCH WHOLE RED CHILLI,GROCERY
190,10994,BEANS CHILLI MIX RAJMA VEEBA,VEEBA RAJMA CHILLI BEAN MIX,GROCERY
191,10995,BAKE IN SAUCE TOMATO BEANS#DEL#MONTE,DEL MONTE BAKED BEANS IN TOMATO SAUCE,GROCERY
192,10996,CHICKEN EAT PRASUMA RAVIOLI READY#TO,PRASUMA READY TO EAT CHICKEN RAVIOLI,GROCERY
193,10997,CHANA KABULI ORGANIC TATTVA,ORGANIC TATTVA ORGANIC KABULI CHANA,GROCERY
194,10998,MANTRA ORGANIC RAJMA,24 MANTRA ORGANIC ORGANIC RAJMA,GROCERY
195,10251,APPLE FARM SLURRP POUCH#PUREE,SLURRP FARM APPLE PUREE POUCH,GROCERY
196,10105,CHICKEN COKE FROZEN GODREJ POTSTICKERS SNACK YUMMIEZ READY#TO,GODREJ YUMMIEZ CHICKEN POTSTICKERS FROZEN READY TO COOK SNACK,MEAT
197,10106,CHICKEN COKE FROZEN GODREJ ITALIAN MEATBALLS STYLE YUMMIEZ READY#TO,GODREJ YUMMIEZ ITALIAN STYLE CHICKEN MEATBALLS FROZEN READY TO COOK,MEAT
198,10107,BURGER CHICKEN COKE FROZEN GODREJ JUICE PATTY YUMMIEZ READY#TO,GODREJ YUMMIEZ CHICKEN BURGER PATTY FROZEN JUICY READY TO COOK,MEAT
199,10108,CHEESE CHICKEN CRISPY FROZEN JALAPENO NUGGETS S SNACK VENKY,VENKYÆS CHEESY JALAPENO CHICKEN NUGGETS CRISPY FROZEN SNACK,MEAT
200,10806,CHICKEN FINGERS FROZEN GRAVY MEAL STEAK WITH CHEF#ITC#MASTER,ITC MASTER CHEF CHICKEN STEAK FINGERS WITH GRAVY FROZEN MEAL,MEAT
201,10807,CHICKEN CORN DOG FROZEN GODREJ MINT PACK SNACK YUMMIEZ,GODREJ YUMMIEZ MINI CHICKEN CORN DOGS FROZEN SNACK PACK,MEAT
202,10808,CHICKEN CORN DOG FROZEN PRETZEL SNACK STYLE CHEF#ITC#MASTER,ITC MASTER CHEF PRETZEL STYLE CHICKEN CORN DOG FROZEN SNACK,MEAT
203,10809,BITE CHICKEN FROZEN GODREJ ITALIAN MEATBALLS SIZE STYLE YUMMIEZ,GODREJ YUMMIEZ ITALIAN STYLE CHICKEN MEATBALLS BITE SIZE FROZEN,MEAT
204,10810,CHICKEN COKE FROZEN ITALIAN MEATBALLS STYLE CHEF#ITC#MASTER READY#TO,ITC MASTER CHEF CHICKEN MEATBALLS ITALIAN STYLE FROZEN READY TO COOK,MEAT
205,10811,CHICKEN FROZEN ITALIAN MEATBALLS S SNACK STYLE VENKY,VENKYÆS CHICKEN MEATBALLS ITALIAN STYLE FROZEN SNACK,MEAT
206,10812,CHICKEN COKE FROZEN HOMESTYLE MEATBALLS S VENKY READY#TO,VENKYÆS HOMESTYLE CHICKEN MEATBALLS FROZEN READY TO COOK,MEAT
207,10813,BITE BONELESS BUFFALO CHICKEN FROZEN GODREJ SNACK STYLE YUMMIEZ,GODREJ YUMMIEZ CHICKEN BITES BUFFALO STYLE BONELESS FROZEN SNACK,MEAT
208,10814,CHICKEN CRISPY FROZEN FRY STRIPS CHEF#ITC#MASTER READY#TO,ITC MASTER CHEF CRISPY CHICKEN STRIPS FROZEN READY TO FRY,MEAT
209,10815,CHICKEN FROZEN GODREJ HEAT PATTIES YUMMIEZ COOKED#FULLY READY#TO,GODREJ YUMMIEZ FULLY COOKED CHICKEN PATTIES FROZEN READY TO HEAT,MEAT
210,10816,BUFFALO CHICKEN FROZEN GODREJ SNACK SPICY STYLE WINGS YUMMIEZ,GODREJ YUMMIEZ BUFFALO STYLE CHICKEN WINGS FROZEN SPICY SNACK,MEAT
211,10817,AIR CHICKEN CRISPY FROZEN FRYER READY WINGS CHEF#ITC#MASTER,ITC MASTER CHEF AIR FRYER READY CRISPY CHICKEN WINGS FROZEN,MEAT
212,10818,CHICKEN COKE FROZEN GODREJ MEAL ORANGE SAUCE YUMMIEZ READY#TO,GODREJ YUMMIEZ CHICKEN ORANGE SAUCE FROZEN READY TO COOK MEAL,MEAT
213,10819,CHICKEN FROZEN LOADED NUGGETS PIE POT S SNACK VENKY,VENKYÆS CHICKEN POT PIE LOADED NUGGETS FROZEN SNACK,MEAT
214,10820,BLEU CHICKEN COKE CORDON CUTLETS FROZEN GODREJ STUFFED YUMMIEZ READY#TO,GODREJ YUMMIEZ CHICKEN CORDON BLEU STUFFED CUTLETS FROZEN READY TO COOK,MEAT
215,10821,BITE BREAST CHICKEN CRISPY FROZEN S SNACK VENKY COOKED#FULLY,VENKYÆS CRISPY CHICKEN BREAST BITES FROZEN FULLY COOKED SNACK,MEAT
216,10125,BURGER CHEDDAR CHICKEN GODREJ MINT PATTIES SLIDER STYLE YUMMIEZ,GODREJ YUMMIEZ CHICKEN CHEDDAR STYLE CHICKEN SLIDERS MINI BURGER PATTIES,MEAT
217,10126,AND BURGER CHEESE COKE GOURMET PATTY SPICE WITH CHEF#ITC#MASTER READY#TO,ITC MASTER CHEF GOURMET BURGER PATTY WITH CHEESE AND SPICES READY TO COOK,MEAT
218,10127,CHICKEN COKE CUTS LICIOUS MARINADE SPICY TANDOORI WINGS READY#TO,LICIOUS TANDOORI MARINATED CHICKEN WINGS READY TO COOK SPICY CUTS,MEAT
219,10128,CUTS FRESH LAMB LEG LICIOUS MEAL PREMIUM SHORT TENDER,LICIOUS FRESH LAMB LEG SHORT CUT TENDER PREMIUM MEAT,MEAT
220,10129,APPLE BAKE DESSERT EMPANADA SNACK SWEET CHEF#ITC#MASTER,ITC MASTER CHEF BAKED APPLE EMPANADA SWEET DESSERT SNACK,MEAT
221,10130,BABY BACK CHICKEN CUTS FRESH GODREJ MARINADE RAW RIBS YUMMIEZ,GODREJ YUMMIEZ CHICKEN BABY BACK RIBS FRESH RAW MARINATED CUTS,MEAT
222,10131,CHICKEN COKE KABOBS LICIOUS SKEWERS VEGETABLE WITH READY#TO,LICIOUS CHICKEN KABOBS WITH VEGETABLES READY TO COOK SKEWERS,MEAT
223,10132,CHICKEN COUNTRY FRESH LINKS S SAUSAGE SPICE STYLE VENKY,VENKYÆS COUNTRY STYLE CHICKEN SAUSAGE FRESH SPICED LINKS,MEAT
224,10133,CHICKEN FROZEN GODREJ ITALIAN LINKS MILD SAUSAGE SPICE STYLE YUMMIEZ,GODREJ YUMMIEZ ITALIAN STYLE CHICKEN SAUSAGE LINKS MILD SPICED FROZEN,MEAT
225,10134,CHICKEN FLAVOUR GODREJ LINKS PAPRIKA SAUSAGE SMOKE SPICY YUMMIEZ,GODREJ YUMMIEZ SMOKED PAPRIKA CHICKEN SAUSAGE LINKS SPICY FLAVOURED,MEAT
226,10899,CUTS FRESH GOAT LICIOUS PREMIUM ROASTED,LICIOUS FRESH GOAT ROAST PREMIUM CUT,MEAT
227,10900,AND BURGER CHEESE COKE MUSHROOM PATTY CHEF#ITC#MASTER READY#TO,ITC MASTER CHEF MUSHROOM AND CHEESE BURGER PATTY READY TO COOK,MEAT
228,10901,BELLY BONELESS CHICKEN CUTS LICIOUS PREMIUM,LICIOUS CHICKEN BELLY BONELESS PREMIUM CUT,MEAT
229,10902,BONELESS BREAST CHICKEN FRESH HAND LICIOUS SKINLESS TRIMMED,LICIOUS BONELESS SKINLESS CHICKEN BREAST FRESH HAND TRIMMED,MEAT
230,10903,BONELESS BREAST CHICKEN COKE FRESH LICIOUS SLICED THIN READY#TO,LICIOUS THIN SLICED BONELESS CHICKEN BREAST FRESH READY TO COOK,MEAT
231,10904,BREAKFAST CHICKEN FRESH GODREJ GROUND MIX SAUSAGE SPICE YUMMIEZ,GODREJ YUMMIEZ GROUND CHICKEN BREAKFAST SAUSAGE FRESH SPICED MIX,MEAT
232,10135,BONES CHICKEN COOKIES CUTS FRESH LICIOUS NECK SMOKE TRADITIONAL,LICIOUS SMOKED CHICKEN NECK BONES FRESH TRADITIONAL COOKING CUTS,MEAT
233,10906,CHICKEN EAT GODREJ HAM SLICED SMOKE STYLE YUMMIEZ READY#TO,GODREJ YUMMIEZ CHICKEN SLICED SMOKED HAM STYLE READY TO EAT,MEAT
234,10907,BROWN CHICKEN EAT GLAZED GODREJ HAM QUART STYLE SUGAR YUMMIEZ READY#TO,GODREJ YUMMIEZ CHICKEN QUARTER HAM STYLE BROWN SUGAR GLAZED READY TO EAT,MEAT
235,10908,CHICKEN CUTS HALF HAM LICIOUS PREMIUM SMOKE STYLE,LICIOUS CHICKEN HAM STYLE HALF CUT PREMIUM SMOKED,MEAT
236,10909,CHICKEN GLAZED GODREJ HAM HONEY SERVE STYLE YUMMIEZ READY#TO,GODREJ YUMMIEZ CHICKEN HONEY GLAZED HAM STYLE READY TO SERVE,MEAT
237,10910,CHICKEN CUTS EAT GODREJ HALF HAM MINT SMOKE STYLE YUMMIEZ READY#TO,GODREJ YUMMIEZ CHICKEN MINI HAM STYLE HALF CUT SMOKED READY TO EAT,MEAT
238,10911,CHICKEN CUTS HAM LICIOUS PREMIUM SMOKE STYLE WHOLE,LICIOUS CHICKEN WHOLE HAM STYLE PREMIUM SMOKED CUT,MEAT
239,10912,CHICKEN GODREJ HAM QUART SERVE SLICED SPIRAL STYLE YUMMIEZ READY#TO,GODREJ YUMMIEZ CHICKEN SPIRAL SLICED HAM STYLE QUARTER READY TO SERVE,MEAT
240,10913,CHICKEN COOKIES DICED GODREJ HAM HICKORY INGREDIENT SMOKE STYLE YUMMIEZ,GODREJ YUMMIEZ CHICKEN HICKORY SMOKED DICED HAM STYLE COOKING INGREDIENT,MEAT
241,10914,CHICKEN COKE DICED GODREJ HAM INGREDIENT STYLE YUMMIEZ READY#TO,GODREJ YUMMIEZ CHICKEN DICED HAM STYLE READY TO COOK INGREDIENT,MEAT
242,10915,BREAKFAST CHICKEN COKE CUTS HAM LICIOUS STYLE THIN READY#TO,LICIOUS CHICKEN BREAKFAST HAM STYLE THIN CUT READY TO COOK,MEAT
243,10916,CHICKEN EAT S SMOKE SNACK STICK VENKY READY#TO,VENKYÆS CHICKEN SNACK STICKS SMOKED READY TO EAT,MEAT
244,10917,CHICKEN CUTS GODREJ HAM HONEY PREMIUM SMOKE STEAK STYLE YUMMIEZ,GODREJ YUMMIEZ CHICKEN HONEY HAM STYLE STEAK PREMIUM SMOKED CUT,MEAT
245,10124,CHICKEN COOKIES CUTS GIZZARD LICIOUS STOMACH TRADITIONAL,LICIOUS CHICKEN STOMACH (GIZZARD) TRADITIONAL COOKING CUT,MEAT
246,10778,BASED BONES GOAT LICIOUS MARROW RICH SOUR,LICIOUS GOAT MARROW BONES RICH SOUP BASE,MEAT
247,10779,FRESH GOAT LICIOUS LIVER MEAL ORGANIC,LICIOUS GOAT LIVER FRESH ORGAN MEAT,MEAT
248,10780,BONES GOAT INGREDIENT LICIOUS RICH SOUR STOCK,LICIOUS GOAT SOUP BONES RICH STOCK INGREDIENT,MEAT
249,10781,BONES CUTS GOAT LICIOUS MARROW PREMIUM SOUR,LICIOUS GOAT MARROW BONES PREMIUM SOUP CUT,MEAT
250,10889,APPLE ASIAN FRESH KIT MIX PACK SALAD STYLE READY#TO,FRESH PACK ASIAN STYLE APPLE SALAD KIT READY TO MIX,MEAT
251,10769,BITE CHICKEN SALAMI FRESHLY#PREPARED,FRESHLY PREPARED CHICKEN SALAMI BITES,MEAT
252,10770,AND CHEESE CHICKEN PLATES SALAMI SNACK FRESHLY#PREPARED,FRESHLY PREPARED CHICKEN SALAMI AND CHEESE SNACK PLATTER,MEAT
253,10771,CHICKEN MOZZARELLA SNACK FRESHLY#PREPARED,FRESHLY PREPARED CHICKEN MOZZARELLA SNACK,MEAT
254,10834,AND CHEESE CHICKEN CRACKERS SNACK WITH FRESHLY#PREPARED,FRESHLY PREPARED CHICKEN AND CHEESE SNACK WITH CRACKERS,MEAT
255,10835,AND CHEESE CHICKEN SNACK STACKERS FRESHLY#PREPARED,FRESHLY PREPARED CHICKEN AND CHEESE SNACK STACKERS,MEAT
256,10836,CHICKEN NUGGETS FRESHLY#PREPARED,FRESHLY PREPARED CHICKEN NUGGETS,MEAT
257,10837,CHEESE DIP NACHOS WITH FRESHLY#PREPARED,FRESHLY PREPARED NACHOS WITH CHEESE DIP,MEAT
258,10838,CHICKEN PEPPERS PIZZA SNACK STYLE FRESHLY#PREPARED,FRESHLY PREPARED CHICKEN PEPPERONI STYLE PIZZA SNACK,MEAT
259,10839,CHICKEN SNACK FRESHLY#PREPARED,FRESHLY PREPARED CHICKEN SNACK,MEAT
260,10840,CHICKEN PACK PIZZA SNACK FRESHLY#PREPARED,FRESHLY PREPARED CHICKEN PIZZA SNACK PACK,MEAT
261,10841,AND CHICKEN CRACKERS SNACK FRESHLY#PREPARED,FRESHLY PREPARED CHICKEN AND CRACKER SNACK,MEAT
262,10842,AND CHEESE CHICKEN FRESHLY#PREPARED,FRESHLY PREPARED CHICKEN AND CHEESE,MEAT
263,10843,CHICKEN PEPPERS PIZZA STYLE FRESHLY#PREPARED,FRESHLY PREPARED CHICKEN PEPPERONI STYLE PIZZA,MEAT
264,10136,AND BACK CHICKEN CUTS FRESH FROZEN PIECES,FRESH CHICKEN BACK PIECES CUT AND FROZEN,MEAT
265,10137,CHICKEN CUTS FRESH FROZEN PACK PIECES WINGS,FRESH CHICKEN WINGS CUT PIECES FROZEN PACK,MEAT
266,10138,CHICKEN CUTS FRESH FROZEN PACK PIECES THIGH,FRESH CHICKEN THIGH PIECES CUT FROZEN PACK,MEAT
267,10139,BACK CHICKEN FRESH PIECES,FRESH CHICKEN BACK PIECES,MEAT
268,10140,CHICKEN FRESH PIECES RAW THIGH,FRESH CHICKEN THIGH PIECES RAW,MEAT
269,10141,CHICKEN FRESH SMOKE WINGS,FRESH SMOKED CHICKEN WINGS,MEAT
270,10918,AND BONELESS BREAST CHICKEN DARK FRESH MEAL MIX WHITE,FRESH BONELESS CHICKEN BREAST WHITE AND DARK MEAT MIX,MEAT
271,10919,BREAST CHICKEN CUTS FRESH QUART SLICED,FRESH SLICED CHICKEN BREAST QUARTER CUTS,MEAT
272,10920,CHICKEN FRESH FROZEN WHOLE,FRESH WHOLE CHICKEN FROZEN,MEAT
273,10921,CHICKEN FRESH FROZEN LARGE SIZE WHOLE,FRESH WHOLE CHICKEN LARGE SIZE FROZEN,MEAT
274,10922,CHICKEN EXTRA FRESH LARGE PACK SIZE WHOLE,FRESH WHOLE CHICKEN EXTRA LARGE SIZE PACK,MEAT
275,10772,BACON CHICKEN FRESH MEAL SLICED SMOKE STYLE THICK,FRESH CHICKEN BACON STYLE THICK SLICED SMOKED MEAT,MEAT
276,10773,BACON CHICKEN FRESH REGULAR SLICED STYLE,FRESH CHICKEN BACON STYLE REGULAR SLICES,MEAT
277,10774,BACON CHICKEN FRESH MEAL SLICED SMOKE STYLE,FRESH CHICKEN BACON STYLE SLICED SMOKED MEAT,MEAT
278,10775,APPLEWOOD BACON CHICKEN FRESH SLICED SMOKE STYLE,FRESH CHICKEN BACON STYLE APPLEWOOD SMOKED SLICES,MEAT
279,10776,BACON CHICKEN DOUBLE FLAVOUR FRESH PEPPERS SMOKE STYLE,FRESH CHICKEN BACON STYLE DOUBLE SMOKED PEPPER FLAVOUR,MEAT
280,10777,AND BACON CHICKEN CUTS ENDS FRESH PIECES STYLE UNCURED,FRESH CHICKEN BACON STYLE CUTS ENDS AND PIECES UNCURED,MEAT
281,10825,CHICKEN FRESH KEEMA MINCE S VENKY,VENKY'S FRESH CHICKEN MINCE (KEEMA),MEAT
282,10844,BONELESS CUTS FRESH LAMB LEG MEAL PREMIUM TENDER,FRESH BONELESS LAMB LEG PREMIUM TENDER MEAT CUT,MEAT
283,10845,CHOPS CUTS FRENCH FRESH LAMB MEAL PREMIUM RIBS,FRESH LAMB RIB CHOPS FRENCH CUT PREMIUM MEAT,MEAT
284,10804,BONELESS BREAST CHICKEN CUBES FROZEN GODREJ GOOD REAL SKINLESS,GODREJ REAL GOOD FROZEN BONELESS CHICKEN BREAST CUBES SKINLESS,MEAT
285,10805,CHICKEN COKE FROZEN S TENDERLOINS VENKY READY#TO,VENKY'S FROZEN CHICKEN TENDERLOINS READY TO COOK,MEAT
286,10894,CHICKEN COKE FRESH LEG LEMON LICIOUS MARINADE PEPPERS QUART READY#TO,LICIOUS FRESH CHICKEN LEG QUARTER LEMON PEPPER MARINATED READY TO COOK,MEAT
287,10895,CHICKEN COOKIES CUTS FOR FRESH LEG LICIOUS PLAIN QUART READY,LICIOUS FRESH CHICKEN LEG QUARTER PLAIN CUT READY FOR COOKING,MEAT
288,10826,BBQ BURNT CHICKEN ENDS IN KANSAS LICIOUS SAUCE STYLE,LICIOUS CHICKEN BURNT ENDS IN KANSAS STYLE BBQ SAUCE,MEAT
289,10827,CARNITAS CHICKEN COKE LICIOUS READY#TO,LICIOUS READY TO COOK CHICKEN CARNITAS,MEAT
290,10828,CHICKEN CHIPOTLE LICIOUS LIME MARINADE THIGH,LICIOUS CHIPOTLE LIME MARINATED CHICKEN THIGHS,MEAT
291,10829,BBQ CHICKEN DICED KOREAN LICIOUS STYLE,LICIOUS KOREAN BBQ STYLE DICED CHICKEN,MEAT
292,10831,CHICKEN CHILE CHILLI GRAVY GREEN IN LICIOUS STYLE VERDE,LICIOUS CHICKEN IN GREEN CHILLI GRAVY CHILE VERDE STYLE,MEAT
293,10832,BABY BACK BBQ CHICKEN LICIOUS MARINADE RIBS WITH,LICIOUS BABY BACK CHICKEN RIBS WITH BBQ MARINADE,MEAT
294,10833,BBQ CHICKEN EAT IN LICIOUS PULLED SAUCE READY#TO,LICIOUS READY TO EAT PULLED CHICKEN IN BBQ SAUCE,MEAT
295,10873,CREAMY FAMILY MASHED PACK POTATO CHEF#ITC#MASTER,ITC MASTER CHEF CREAMY MASHED POTATOES FAMILY PACK,MEAT
296,10874,AND BLACK PEPPERS POTATO ROASTED SALT SEA WITH CHEF#ITC#MASTER,ITC MASTER CHEF ROASTED POTATOES WITH SEA SALT AND BLACK PEPPER,MEAT
297,10875,AND GARLIC POTATO ROASTED ROSEMARY WITH CHEF#ITC#MASTER,ITC MASTER CHEF ROASTED POTATOES WITH GARLIC AND ROSEMARY,MEAT
298,10876,EAT MEXICAN RICH STYLE CHEF#ITC#MASTER READY#TO,ITC MASTER CHEF READY TO EAT MEXICAN STYLE RICE,MEAT
299,10905,CHICKEN FLAVOUR LICIOUS PEPPERS SNACK SPICY STICK STYLE,LICIOUS CHICKEN PEPPERONI STYLE SNACK STICKS SPICY FLAVOUR,MEAT
300,10112,CHICKEN GODREJ GRAM KEBAB PACK SEEKH YUMMIEZ,GODREJ YUMMIEZ CHICKEN SEEKH KEBAB 240 GRAM PACK,MEAT
301,10113,CHICKEN GRAM PACK TIKKA CHEF#ITC#MASTER,ITC MASTER CHEF CHICKEN TIKKA 250 GRAM PACK,MEAT
302,10114,BONELESS BREAST CHICKEN GRAM LICIOUS PACK,LICIOUS CHICKEN BONELESS BREAST 500 GRAM PACK,MEAT
303,10115,CHICKEN GODREJ GRAM NUGGETS PACK YUMMIEZ,GODREJ YUMMIEZ CHICKEN NUGGETS 400 GRAM PACK,MEAT
304,10116,CHICKEN GODREJ GRAM PACK WINGS YUMMIEZ,GODREJ YUMMIEZ CHICKEN WINGS 400 GRAM PACK,MEAT
305,10117,CHICKEN GRAM MALAI PACK TIKKA CHEF#ITC#MASTER,ITC MASTER CHEF CHICKEN MALAI TIKKA 250 GRAM PACK,MEAT
306,10867,CURRY CUTS GRAM LICIOUS MUTTON PACK,LICIOUS MUTTON CURRY CUT 500 GRAM PACK,MEAT
307,10868,BONELESS BREAST CHICKEN FRESHTOHOME GRAM PACK,FRESHTOHOME CHICKEN BONELESS BREAST 500 GRAM PACK,MEAT
308,10869,CHICKEN GODREJ GRAM PACK SAUSAGE YUMMIEZ,GODREJ YUMMIEZ CHICKEN SAUSAGES 250 GRAM PACK,MEAT
309,10870,CHICKEN GRAM LICIOUS PACK TENDERLOINS,LICIOUS CHICKEN TENDERLOIN 250 GRAM PACK,MEAT
310,10871,BONELESS CHICKEN FRESHTOHOME GRAM PACK THIGH,FRESHTOHOME CHICKEN THIGH BONELESS 500 GRAM PACK,MEAT
311,10872,BONELESS CHICKEN FRESHTOHOME GRAM PACK THIGH,FRESHTOHOME CHICKEN THIGH BONELESS 500 GRAM PACK,MEAT
312,10928,CHICKEN GODREJ GRAM PACK POPCORN YUMMIEZ,GODREJ YUMMIEZ CHICKEN POPCORN 400 GRAM PACK,MEAT
313,10103,CHICKEN KG LEG PACK PIECES RAW SKINLESS WHOLE,CHICKEN WHOLE LEG PIECE SKINLESS RAW 1 KG PACK,MEAT
314,10104,CHICKEN COKE GRAM PACK SATAY SKEWERS READY#TO,CHICKEN SATAY SKEWERS READY TO COOK 250 GRAM PACK,MEAT
315,10792,BONELESS BREAST CHICKEN CUTS FILLET GRAM PACK THIN,CHICKEN BREAST FILLET BONELESS THIN CUT 500 GRAM PACK,MEAT
316,10793,BONELESS CHICKEN FILLET GRAM PACK THIGH,CHICKEN THIGH BONELESS FILLET 500 GRAM PACK,MEAT
317,10794,CHICKEN CURRY CUTS KG PACK SKINLESS WHOLE,CHICKEN WHOLE CURRY CUT SKINLESS 1 KG PACK,MEAT
318,10795,CHICKEN CURRY CUTS GRAM PACK PIECES SKINLESS SMALL,CHICKEN CURRY CUT SMALL PIECES SKINLESS 500 GRAM PACK,MEAT
319,10796,CHICKEN CURRY CUTS DRUMSTICK GRAM PACK SKINLESS,CHICKEN DRUMSTICK SKINLESS CURRY CUT 500 GRAM PACK,MEAT
320,10797,BONELESS BREAST CHICKEN FILLET GRAM PACK,CHICKEN BREAST BONELESS FILLET 500 GRAM PACK,MEAT
321,10798,BONELESS CHICKEN CUTS GRAM PACK THIGH THIN,CHICKEN THIGH BONELESS THIN CUT 500 GRAM PACK,MEAT
322,10799,BREAST CHICKEN CUTS FILLET GRAM PACK THIN,CHICKEN BREAST FILLET THIN CUT 500 GRAM PACK,MEAT
323,10800,BACK BONES CHICKEN GRAM NECK PACK PIECES SOUR,CHICKEN SOUP BONES (BACK & NECK PIECES) 500 GRAM PACK,MEAT
324,10866,BARBECUE BOTTLE GRAM MARINADE SAUCE VEEBA,VEEBA BARBECUE MARINADE SAUCE 300 GRAM BOTTLE,MEAT
325,10896,CATCH FISH GRAM MASALA PACK SEASONING,CATCH FISH SEASONING MASALA 100 GRAM PACK,MEAT
326,10897,BARBECUE CATCH GRAM MASALA PACK SEASONING,CATCH BARBECUE SEASONING MASALA 100 GRAM PACK,MEAT
327,10898,CATCH CHICKEN GRAM MASALA PACK POWDER,CATCH CHICKEN MASALA POWDER 100 GRAM PACK,MEAT
328,10109,BURGER CHICKEN GODREJ GRAM PACK PATTY YUMMIEZ,GODREJ YUMMIEZ CHICKEN BURGER PATTY 360 GRAM PACK,MEAT
329,10822,CHICKEN FRESHTOHOME GRAM MINCE PACK,FRESHTOHOME CHICKEN MINCE 500 GRAM PACK,MEAT
330,10823,BURGER CHICKEN GODREJ GRAM MINT PACK PATTIES YUMMIEZ,GODREJ YUMMIEZ CHICKEN MINI BURGER PATTIES 240 GRAM PACK,MEAT
331,10824,BURGER CHICKEN GRAM PACK PATTIES CHEF#ITC#MASTER,ITC MASTER CHEF CHICKEN BURGER PATTIES 300 GRAM PACK,MEAT
332,10877,CHICKEN GOODDOT GRAM MINCE PACK VEG BASED#PLANT,GOODDOT VEG CHICKEN PLANT BASED MINCE 200 GRAM PACK,MEAT
333,10110,CHICKEN S SAUSAGE VENKY,VENKYÆS CHICKEN SAUSAGE,MEAT
334,10111,CHICKEN GODREJ GOOD REAL SAUSAGE,GODREJ REAL GOOD CHICKEN SAUSAGE,MEAT
335,10846,CHICKEN S SALAMI VENKY,VENKYÆS CHICKEN SALAMI,MEAT
336,10847,BITE CHICKEN GODREJ GOOD REAL SAUSAGE,GODREJ REAL GOOD CHICKEN SAUSAGE BITES,MEAT
337,10848,CHICKEN S SAUSAGE VENKY,VENKYÆS CHICKEN SAUSAGE,MEAT
338,10849,CHICKEN GODREJ GOOD REAL SALAMI,GODREJ REAL GOOD CHICKEN SALAMI,MEAT
339,10850,CHICKEN S SAUSAGE VENKY,VENKYÆS CHICKEN SAUSAGE,MEAT
340,10851,CHICKEN SAUSAGE ZORABIAN,ZORABIAN CHICKEN SAUSAGE,MEAT
341,10852,CHICKEN GODREJ GOOD REAL SALAMI,GODREJ REAL GOOD CHICKEN SALAMI,MEAT
342,10853,CHICKEN GODREJ GOOD HAM REAL,GODREJ REAL GOOD CHICKEN HAM,MEAT
343,10854,CHICKEN S SALAMI VENKY,VENKYÆS CHICKEN SALAMI,MEAT
344,10855,CHICKEN GODREJ GOOD REAL SALAMI,GODREJ REAL GOOD CHICKEN SALAMI,MEAT
345,10856,CHICKEN SALAMI ZORABIAN,ZORABIAN CHICKEN SALAMI,MEAT
346,10857,CHICKEN GODREJ GOOD REAL SAUSAGE SMOKE,GODREJ REAL GOOD CHICKEN SMOKED SAUSAGE,MEAT
347,10858,CHICKEN S SAUSAGE VENKY,VENKYÆS CHICKEN SAUSAGE,MEAT
348,10859,CHICKEN HAM ZORABIAN,ZORABIAN CHICKEN HAM,MEAT
349,10860,CHICKEN PRASUMA SAUSAGE,PRASUMA CHICKEN SAUSAGE,MEAT
350,10861,CHICKEN GODREJ SAUSAGE YUMMIEZ,GODREJ YUMMIEZ CHICKEN SAUSAGE,MEAT
351,10862,CHICKEN SAUSAGE ZORABIAN,ZORABIAN CHICKEN SAUSAGE,MEAT
352,10863,CHICKEN GODREJ GOOD REAL SALAMI,GODREJ REAL GOOD CHICKEN SALAMI,MEAT
353,10864,CHICKEN S SALAMI VENKY,VENKYÆS CHICKEN SALAMI,MEAT
354,10865,CHICKEN HAM ZORABIAN,ZORABIAN CHICKEN HAM,MEAT
355,10118,BONELESS BREAST CHICKEN PRASUMA,PRASUMA CHICKEN BREAST BONELESS,MEAT
356,10119,BONES CHICKEN CURRY CUTS IN LICIOUS,LICIOUS CHICKEN CURRY CUT BONE-IN,MEAT
357,10120,CHICKEN FROZEN PRASUMA WINGS,PRASUMA CHICKEN WINGS FROZEN,MEAT
358,10121,CHICKEN LICIOUS WINGLETS,LICIOUS CHICKEN WINGLETS,MEAT
359,10122,CHICKEN DRUMSTICK PACK PRASUMA VALUE,PRASUMA CHICKEN DRUMSTICKS VALUE PACK,MEAT
360,10123,BONELESS CHICKEN LICIOUS THIGH,LICIOUS CHICKEN THIGH BONELESS,MEAT
361,10878,BONELESS BREAST CHICKEN FILLET LICIOUS,LICIOUS CHICKEN BREAST FILLET BONELESS,MEAT
362,10879,BREAST CHICKEN CUTS PRASUMA THIN,PRASUMA CHICKEN BREAST THIN CUT,MEAT
363,10880,BREAST CHICKEN LICIOUS STRIPS,LICIOUS CHICKEN BREAST STRIPS,MEAT
364,10881,BBQ CHICKEN CUTS PRASUMA WINGS,PRASUMA CHICKEN WINGS BBQ CUT,MEAT
365,10882,BBQ CHICKEN LICIOUS STYLE WINGS,LICIOUS CHICKEN WINGS BBQ STYLE,MEAT
366,10883,BONELESS CHICKEN LEG PRASUMA,PRASUMA CHICKEN LEG BONELESS,MEAT
367,10884,CHICKEN CURRY CUTS LICIOUS WHOLE,LICIOUS WHOLE CHICKEN CURRY CUT,MEAT
368,10885,CHICKEN CUTS PRASUMA ROASTED,PRASUMA CHICKEN ROAST CUT,MEAT
369,10886,BONELESS CHICKEN CURRY CUTS LICIOUS,LICIOUS CHICKEN CURRY CUT BONELESS,MEAT
370,10887,BREAST CHICKEN CUTS PIECES PRASUMA,PRASUMA CHICKEN BREAST CUT PIECES,MEAT
371,10888,BONELESS CHICKEN CUBES LICIOUS,LICIOUS CHICKEN BONELESS CUBES,MEAT
372,10142,CHICKEN GARLIC PRASUMA SAUSAGE,PRASUMA GARLIC CHICKEN SAUSAGE,MEAT
373,10784,BLACK CHICKEN LICIOUS PEPPERS SAUSAGE SMOKE,LICIOUS SMOKED CHICKEN SAUSAGE BLACK PEPPER,MEAT
374,10785,CHICKEN PRASUMA SAUSAGE SMOKE SPICY,PRASUMA SMOKED CHICKEN SAUSAGE SPICY,MEAT
375,10786,CHEESE CHICKEN CHILLI LICIOUS SAUSAGE,LICIOUS CHEESE & CHILLI CHICKEN SAUSAGE,MEAT
376,10787,CHICKEN FRESH GARLIC SAUSAGE,FRESHO! CHICKEN GARLIC SAUSAGE,MEAT
377,10788,CHICKEN MILD PRASUMA SAUSAGE SMOKE,PRASUMA SMOKED CHICKEN SAUSAGE MILD,MEAT
378,10789,CHICKEN MEATIGO SAUSAGE SMOKY STYLE SWEET,MEATIGO CHICKEN SAUSAGE SWEET SMOKY STYLE,MEAT
379,10790,CHICKEN LICIOUS PEPPERS ROASTED SAUSAGE,LICIOUS ROASTED PEPPER CHICKEN SAUSAGE,MEAT
380,10791,CHICKEN GODREJ SAUSAGE SLICED YUMMIEZ,GODREJ YUMMIEZ CHICKEN SAUSAGE SLICES,MEAT
381,10923,BRATWURST CHICKEN LICIOUS,LICIOUS CHICKEN BRATWURST,MEAT
382,10924,CHICKEN CLASSIC PRASUMA SAUSAGE,PRASUMA CLASSIC CHICKEN SAUSAGE,MEAT
383,10925,CHICKEN ITALIAN MEATIGO SAUSAGE SPICY,MEATIGO SPICY ITALIAN CHICKEN SAUSAGE,MEAT
384,10926,CHICKEN PRASUMA SAUSAGE SPICY,PRASUMA SPICY CHICKEN SAUSAGE,MEAT
385,10927,CHICKEN LICIOUS SAUSAGE SMOKE,LICIOUS SMOKED CHICKEN SAUSAGE,MEAT
386,10890,BONELESS BREAST CHICKEN LICIOUS PREMIUM,LICIOUS CHICKEN BREAST BONELESS PREMIUM,MEAT
387,10891,BREAST CHICKEN PRASUMA FILLET#PERI,PRASUMA PERI PERI CHICKEN BREAST FILLET,MEAT
388,10892,BREAST CHICKEN FILLET TENDERCUTS,TENDERCUTS CHICKEN BREAST FILLET,MEAT
389,10893,BONELESS BREAST CHICKEN FRESHTOHOME PREMIUM,FRESHTOHOME PREMIUM CHICKEN BREAST BONELESS,MEAT
390,10782,BREAKFAST CHICKEN PRASUMA SAUSAGE,PRASUMA BREAKFAST CHICKEN SAUSAGE,MEAT
391,10783,CHICKEN G PRASUMA SAUSAGE,PRASUMA CHICKEN SAUSAGE 250G,MEAT
392,10016,BAGELS BREAD BREAKFAST MODERN PUMPKIN SOFT SPICY,MODERN PUMPKIN SPICE BAGELS SOFT BREAKFAST BREAD,BAKERY PKGD OUTSIDE
393,10017,BAGELS BREAD BREAKFAST CINNAMON MODERN SOFT SWIRL,MODERN CINNAMON SWIRL BAGELS SOFT BREAKFAST BREAD,BAKERY PKGD OUTSIDE
394,10018,BAGELS BREAD EVERYTHING MODERN OF PACK SOFT,MODERN EVERYTHING BAGELS PACK OF 6 SOFT BREAD,BAKERY PKGD OUTSIDE
395,10019,BAGELS BLUEBERRY BREAD MODERN OF PACK SOFT,MODERN BLUEBERRY BAGELS PACK OF 6 SOFT BREAD,BAKERY PKGD OUTSIDE
396,10337,BAGELS BREAD BREAKFAST FLAVOUR MODERN PIZZA SAVOURY,MODERN PIZZA FLAVOURED BAGELS SAVOURY BREAKFAST BREAD,BAKERY PKGD OUTSIDE
397,10338,BAGELS BREAD CHEDDAR CHEESE FLAVOUR JALAPENO MODERN SPICY,MODERN JALAPENO CHEDDAR BAGELS SPICY CHEESE FLAVOURED BREAD,BAKERY PKGD OUTSIDE
398,10339,BAGELS BREAD BRITANNIA EVERYTHING MIXED SAVOURY SEEDS,BRITANNIA EVERYTHING BAGELS MIXED SEEDS SAVOURY BREAD,BAKERY PKGD OUTSIDE
399,10340,BAGELS BREAD BRITANNIA OF PACK PLAIN SOFT,BRITANNIA PLAIN BAGELS PACK OF 6 SOFT BREAD,BAKERY PKGD OUTSIDE
400,10341,BAGELS BREAD BREAKFAST FREE GLUTEN PLAIN SCHAR SOFT,SCHAR GLUTEN FREE PLAIN BAGELS SOFT BREAKFAST BREAD,BAKERY PKGD OUTSIDE
401,10342,BAGELS BREAD BRITANNIA CLASSIC OF PACK PLAIN SOFT,BRITANNIA CLASSIC PLAIN BAGELS PACK OF 5 SOFT BREAD,BAKERY PKGD OUTSIDE
402,10343,BAGELS BREAD FLAVOUR MODERN ONION SAVOURY,MODERN ONION BAGELS SAVOURY FLAVOURED BREAD,BAKERY PKGD OUTSIDE
403,10344,BAGELS BREAD HAWAIIAN MODERN SOFT SWEET,MODERN HAWAIIAN BAGELS SWEET SOFT BREAD,BAKERY PKGD OUTSIDE
404,10335,BAGELS BLUEBERRY BREAD BREAKFAST MINT MODERN SOFT SWEET,MODERN MINI BLUEBERRY BAGELS SOFT SWEET BREAKFAST BREAD,BAKERY PKGD OUTSIDE
405,10336,BAGELS BREAD HAWAIIAN MINT MODERN SOFT SWEET,MODERN MINI HAWAIIAN BAGELS SOFT SWEET BREAD,BAKERY PKGD OUTSIDE
406,10013,BRITANNIA ENGLISH MUFFIN OF PACK PLAIN,BRITANNIA ENGLISH MUFFINS PLAIN PACK OF 10,BAKERY PKGD OUTSIDE
407,10325,BREAD BREAKFAST BRITANNIA ENGLISH MUFFIN RAISIN SWEET,BRITANNIA RAISIN ENGLISH MUFFINS SWEET BREAKFAST BREAD,BAKERY PKGD OUTSIDE
408,10326,BREAD BREAKFAST BRITANNIA ENGLISH MUFFIN SOFT SOURDOUGH,BRITANNIA SOURDOUGH ENGLISH MUFFINS SOFT BREAKFAST BREAD,BAKERY PKGD OUTSIDE
409,10327,BREAD BREAKFAST BRITANNIA ENGLISH MUFFIN PLAIN SOFT,BRITANNIA ENGLISH MUFFINS PLAIN SOFT BREAKFAST BREAD,BAKERY PKGD OUTSIDE
410,10328,BREAD BREAKFAST BRITANNIA ENGLISH LOW MUFFIN CARB#KETO,BRITANNIA KETO ENGLISH MUFFINS LOW CARB BREAKFAST BREAD,BAKERY PKGD OUTSIDE
411,10329,BREAD BREAKFAST BRITANNIA ENGLISH MUFFIN ORIGINAL SOFT,BRITANNIA ENGLISH MUFFINS ORIGINAL SOFT BREAKFAST BREAD,BAKERY PKGD OUTSIDE
412,10014,BREAD BREAKFAST BRITANNIA BROWN CINNAMON LOAF OATS SOFT SUGAR,BRITANNIA BROWN SUGAR CINNAMON OATS BREAD SOFT BREAKFAST LOAF,BAKERY PKGD OUTSIDE
413,10015,BLUEBERRY BREAD BREAKFAST BRITANNIA LOAF OATS SOFT,BRITANNIA BLUEBERRY OATS BREAD SOFT BREAKFAST LOAF,BAKERY PKGD OUTSIDE
414,10330,BREAD BREAKFAST BRITANNIA CINNAMON FREE GLUTEN LOAF RAISIN SWEET,BRITANNIA CINNAMON RAISIN BREAD GLUTEN FREE SWEET BREAKFAST LOAF,BAKERY PKGD OUTSIDE
415,10331,BREAD SLICED SOFT TEXAS THICK TOASTED GOLD#HARVEST,HARVEST GOLD TEXAS TOAST THICK SLICED SOFT BREAD,BAKERY PKGD OUTSIDE
416,10332,BREAD BREAKFAST BRITANNIA FLAVOUR LOAF SEASONING SPECIAL,BRITANNIA SEASONAL BREAKFAST BREAD SPECIAL FLAVOUR LOAF,BAKERY PKGD OUTSIDE
417,10333,BREAD BREAKFAST BRITANNIA CINNAMON LOAF SWEET SWIRL,BRITANNIA CINNAMON SWIRL BREAD SWEET BREAKFAST LOAF,BAKERY PKGD OUTSIDE
418,10334,BREAD BREAKFAST CINNAMON LOAF RAISIN SWEET SWIRL GOLD#HARVEST,HARVEST GOLD CINNAMON RAISIN SWIRL BREAD SWEET BREAKFAST LOAF,BAKERY PKGD OUTSIDE
419,10029,BREAD BRITANNIA HOMESTYLE LOAF SMALL WHITE,BRITANNIA HOMESTYLE WHITE BREAD SMALL LOAF,BAKERY PKGD OUTSIDE
420,10383,BREAD BRITANNIA FREE GLUTEN HAWAIIAN LOAF SOFT SWEET,BRITANNIA GLUTEN FREE HAWAIIAN BREAD SWEET SOFT LOAF,BAKERY PKGD OUTSIDE
421,10384,BREAD BRITANNIA CLASSIC LOAF PREMIUM SOFT WHITE,BRITANNIA CLASSIC WHITE BREAD PREMIUM SOFT LOAF,BAKERY PKGD OUTSIDE
422,10027,BREAD HALF LOAF SANDWICH SOFT SOURDOUGH GOLD#HARVEST,HARVEST GOLD SOURDOUGH BREAD HALF LOAF SOFT SANDWICH BREAD,BAKERY PKGD OUTSIDE
423,10367,BREAD CRACKERS LOAF RUSTIC SANDWICH SOURDOUGH STYLE WHEAT GOLD#HARVEST,HARVEST GOLD SOURDOUGH CRACKED WHEAT BREAD RUSTIC STYLE SANDWICH LOAF,BAKERY PKGD OUTSIDE
424,10368,BREAD HEALTH LOAF PERCENT SANDWICH SOFT WHEAT WHOLE GOLD#HARVEST,HARVEST GOLD 100 PERCENT WHOLE WHEAT BREAD SOFT HEALTHY SANDWICH LOAF,BAKERY PKGD OUTSIDE
425,10369,BREAD BRITANNIA DAILY LOAF SANDWICH SOFT WHEAT,BRITANNIA WHEAT BREAD SOFT DAILY SANDWICH LOAF,BAKERY PKGD OUTSIDE
426,10370,BREAD LOAF MULTIGRAIN SANDWICH SEEDS SLICED GOLD#HARVEST,HARVEST GOLD SEEDED BREAD SLICED MULTIGRAIN SANDWICH LOAF,BAKERY PKGD OUTSIDE
427,10371,BREAD BRITANNIA CLASSIC LOAF SANDWICH SOFT WHITE,BRITANNIA CLASSIC WHITE BREAD SOFT SANDWICH LOAF,BAKERY PKGD OUTSIDE
428,10372,BREAD LOAF ORGANIC SANDWICH SOFT WHITE GOLD#HARVEST,HARVEST GOLD ORGANIC WHITE BREAD SOFT SANDWICH LOAF,BAKERY PKGD OUTSIDE
429,10373,BREAD BRITANNIA BUTTER LOAF RICH SANDWICH SOFT,BRITANNIA BUTTER BREAD SOFT RICH SANDWICH LOAF,BAKERY PKGD OUTSIDE
430,10374,BREAD HEALTH LOAF MULTISEED ORGANIC SANDWICH GOLD#HARVEST,HARVEST GOLD ORGANIC MULTISEED BREAD HEALTHY SANDWICH LOAF,BAKERY PKGD OUTSIDE
431,10375,BREAD HEALTH LOAF MULTISEED ORGANIC SLICED THIN GOLD#HARVEST,HARVEST GOLD ORGANIC MULTISEED BREAD THIN SLICED HEALTHY LOAF,BAKERY PKGD OUTSIDE
432,10376,BREAD GRAIN HEALTH LOAF ORGANIC SANDWICH SPROUTED GOLD#HARVEST,HARVEST GOLD ORGANIC SPROUTED GRAIN BREAD HEALTHY SANDWICH LOAF,BAKERY PKGD OUTSIDE
433,10377,BREAD HONEY LOAF SANDWICH SOFT SWEET WHEAT GOLD#HARVEST,HARVEST GOLD HONEY WHEAT BREAD SOFT SWEET SANDWICH LOAF,BAKERY PKGD OUTSIDE
434,10378,BREAD FREE GLUTEN HEALTH LOAF MULTISEED SANDWICH GOLD#HARVEST,HARVEST GOLD GLUTEN FREE MULTISEED BREAD HEALTHY SANDWICH LOAF,BAKERY PKGD OUTSIDE
435,10379,BREAD BRITANNIA HAWAIIAN LOAF SANDWICH SOFT STYLE SWEET,BRITANNIA HAWAIIAN STYLE BREAD SWEET SOFT SANDWICH LOAF,BAKERY PKGD OUTSIDE
436,10028,BREAD BRIOCHE BRITANNIA LOAF PREMIUM SOFT,BRITANNIA BRIOCHE BREAD SOFT PREMIUM LOAF,BAKERY PKGD OUTSIDE
437,10381,BAKERY BREAD LOAF MULTIGRAIN PREMIUM SMOOTH GOLD#HARVEST,HARVEST GOLD MULTIGRAIN SMOOTH BREAD PREMIUM BAKERY LOAF,BAKERY PKGD OUTSIDE
438,10382,BAKERY BREAD BRITANNIA LOAF POTATO SOFT STYLE,BRITANNIA POTATO BREAD SOFT BAKERY STYLE LOAF,BAKERY PKGD OUTSIDE
439,10365,BAKERY BREAD FRENCH LOAF MODERN SLICED SOFT,MODERN FRENCH BREAD SLICED SOFT BAKERY LOAF,BAKERY PKGD OUTSIDE
440,10366,BREAD CRACKERS LOAF RUSTIC SOURDOUGH STYLE WHEAT GOLD#HARVEST,HARVEST GOLD CRACKED WHEAT SOURDOUGH BREAD RUSTIC STYLE LOAF,BAKERY PKGD OUTSIDE
441,10380,BAKERY BREAD LOAF ORGANIC RUSTIC SOURDOUGH GOLD#HARVEST,HARVEST GOLD ORGANIC SOURDOUGH BREAD RUSTIC BAKERY LOAF,BAKERY PKGD OUTSIDE
442,10021,BAKERY BRITANNIA BUNS CHICKEN ROLLS SAUSAGE SOFT,BRITANNIA CHICKEN SAUSAGE BUNS SOFT BAKERY ROLLS,BAKERY PKGD OUTSIDE
443,10022,BREAD DINNER MULTIGRAIN ROLLS SOFT GOLD#HARVEST,HARVEST GOLD MULTIGRAIN DINNER ROLLS SOFT BREAD,BAKERY PKGD OUTSIDE
444,10023,BAKERY BREAD CLASSIC DINNER ROLLS SOFT GOLD#HARVEST,HARVEST GOLD CLASSIC DINNER ROLLS SOFT BAKERY BREAD,BAKERY PKGD OUTSIDE
445,10024,BREAD BRITANNIA CROUTONS CUBES FOR SALAD SEASONING,BRITANNIA SEASONED CROUTONS BREAD CUBES FOR SALADS,BAKERY PKGD OUTSIDE
446,10349,BREAD BUNS BURGER MODERN OF PACK PUB SOFT STYLE,MODERN PUB STYLE BURGER BUNS PACK OF 8 SOFT BREAD,BAKERY PKGD OUTSIDE
447,10350,BREAD BUNS FLAVOUR HAMBURGER ONION SOFT GOLD#HARVEST,HARVEST GOLD ONION FLAVOURED HAMBURGER BUNS SOFT BREAD,BAKERY PKGD OUTSIDE
448,10351,BAKE BASED BRITANNIA INCH PIZZA THIN ULTRA READY#TO,BRITANNIA ULTRA THIN PIZZA BASE 12 INCH READY TO BAKE,BAKERY PKGD OUTSIDE
449,10352,BRITANNIA BUNS DOG HOT LOW ROLLS SOFT CARB#KETO,BRITANNIA KETO HOT DOG BUNS LOW CARB SOFT ROLLS,BAKERY PKGD OUTSIDE
450,10353,BAKERY BREAD CIABATTA FREE GLUTEN ROLLS SCHAR SOFT,SCHAR GLUTEN FREE CIABATTA ROLLS SOFT BAKERY BREAD,BAKERY PKGD OUTSIDE
451,10025,BRITANNIA BUNS HAWAIIAN MINT OF PACK SWEET,BRITANNIA MINI SWEET HAWAIIAN BUNS PACK OF 8,BAKERY PKGD OUTSIDE
452,10026,BRITANNIA BUNS MINT OF PACK ROLLS SESAME SOFT,BRITANNIA MINI SESAME BUNS PACK OF 8 SOFT ROLLS,BAKERY PKGD OUTSIDE
453,10354,BRITANNIA BUNS DOG HOT OF PACK ROLLS SOFT,BRITANNIA HOT DOG BUNS PACK OF 16 SOFT ROLLS,BAKERY PKGD OUTSIDE
454,10355,BREAD BRIOCHE BUNS DOG HOT OF PACK SOFT GOLD#HARVEST,HARVEST GOLD BRIOCHE HOT DOG BUNS PACK OF 8 SOFT BREAD,BAKERY PKGD OUTSIDE
455,10356,BAKERY BREAD BRITANNIA BUNS CLASSIC HAMBURGER SOFT,BRITANNIA CLASSIC HAMBURGER BUNS SOFT BAKERY BREAD,BAKERY PKGD OUTSIDE
456,10357,BREAD BUNS HAMBURGER SESAME SOFT GOLD#HARVEST,HARVEST GOLD SESAME HAMBURGER BUNS SOFT BREAD,BAKERY PKGD OUTSIDE
457,10358,BRIOCHE BUNS BURGER OF PACK PREMIUM ROLLS SOFT GOLD#HARVEST,HARVEST GOLD BRIOCHE BURGER BUNS PREMIUM SOFT ROLLS PACK OF 8,BAKERY PKGD OUTSIDE
458,10359,BRITANNIA BUNS DOG HOT LOW OF PACK ROLLS CARB#KETO,BRITANNIA KETO HOT DOG BUNS PACK OF 8 LOW CARB ROLLS,BAKERY PKGD OUTSIDE
459,10360,BAKERY BUNS DOG HOT MODERN ROLLS SOFT,MODERN HOT DOG BUNS SOFT BAKERY ROLLS,BAKERY PKGD OUTSIDE
460,10361,BUNS HAMBURGER LOW OF PACK CARB#KETO GOLD#HARVEST,HARVEST GOLD KETO HAMBURGER BUNS LOW CARB PACK OF 8,BAKERY PKGD OUTSIDE
461,10362,BREAD BRITANNIA BUNS HAMBURGER OF PACK SOFT,BRITANNIA HAMBURGER BUNS PACK OF 12 SOFT BREAD,BAKERY PKGD OUTSIDE
462,10363,BAKERY BREAD OF PACK ROLLS SOFT GOLD#HARVEST,HARVEST GOLD BAKERY ROLLS PACK OF 12 SOFT BREAD,BAKERY PKGD OUTSIDE
463,10364,BREAD FLAT FRENCH MODERN PACK ROLLS SOFT,MODERN FRENCH ROLLS FLAT PACK SOFT BREAD,BAKERY PKGD OUTSIDE
464,10345,BREAD BRITANNIA FLATBREAD FOR PITA SOFT WHITE WRAPS,BRITANNIA WHITE PITA BREAD SOFT FLATBREAD FOR WRAPS,BAKERY PKGD OUTSIDE
465,10346,BREAD HEALTH MULTIGRAIN SANDWICH THIN GOLD#HARVEST,HARVEST GOLD MULTIGRAIN SANDWICH THINS HEALTHY BREAD,BAKERY PKGD OUTSIDE
466,10347,BREAD HEALTH PERCENT SANDWICH THIN WHEAT WHOLE GOLD#HARVEST,HARVEST GOLD 100 PERCENT WHOLE WHEAT SANDWICH THINS HEALTHY BREAD,BAKERY PKGD OUTSIDE
467,10348,BREAD BRITANNIA BUNS BURGER GRAIN HEALTH MULTIGRAIN,BRITANNIA MULTIGRAIN BURGER BUNS 21 GRAIN HEALTHY BREAD,BAKERY PKGD OUTSIDE
468,10020,AND BAKE BREADSTICKS BRITANNIA SERVE SNACK SOFT STICK,BRITANNIA BAKE AND SERVE BREADSTICKS SOFT SNACK STICKS,BAKERY PKGD OUTSIDE
469,10033,ASSORTED BITE BRITANNIA CREAMY FILLET LITTLE MUFFIN,BRITANNIA LITTLE MUFFINS ASSORTED CREAM FILLED BITES,BAKERY PKGD OUTSIDE
470,10403,BAKE BRITANNIA BUTTER COOKIES FRESH PACK PEANUT,BRITANNIA PEANUT BUTTER COOKIES FRESH BAKED PACK,BAKERY PKGD OUTSIDE
471,10034,BRITANNIA BUNDT CAKES FESTIVE MINT OF PACK,BRITANNIA MINI BUNDT CAKES FESTIVE PACK OF 8,BAKERY PKGD OUTSIDE
472,10035,BRITANNIA CUPCAKES FLAVOUR ICED LEMON OF PACK,BRITANNIA LEMON FLAVOURED ICED CUPCAKES PACK OF 8,BAKERY PKGD OUTSIDE
473,10036,CAKES DESSERT MONGINIS PUMPKIN SLICED SOFT SPICY,MONGINIS PUMPKIN SPICE CAKE SLICES SOFT DESSERT,BAKERY PKGD OUTSIDE
474,10037,BRITANNIA CHOCOLATE CUPCAKES FLAVOUR OF PACK,BRITANNIA CHOCOLATE FLAVOURED CUPCAKES PACK OF 8,BAKERY PKGD OUTSIDE
475,10404,BRITANNIA CAKES CHOCOLATE CREAMY FILLET MULTIPACK ROLLS,BRITANNIA CHOCOLATE CREAM FILLED CAKE ROLLS MULTIPACK,BAKERY PKGD OUTSIDE
476,10409,BRITANNIA COOKIES CREAMY OATMEAL PACK SANDWICH,BRITANNIA OATMEAL CREAM SANDWICH COOKIES PACK,BAKERY PKGD OUTSIDE
477,10044,ASSORTED BRITANNIA CAKES CREAMY ICED PACK VANILLA,BRITANNIA VANILLA CREAM ICED CAKES ASSORTED PACK,BAKERY PKGD OUTSIDE
478,10045,BRITANNIA CAKES FLAVOUR ICED LEMON SNACK,BRITANNIA LEMON FLAVOURED ICED SNACK CAKES,BAKERY PKGD OUTSIDE
479,10046,BRITANNIA CAKES FLAVOUR ICED SNACK STRAWBERRY,BRITANNIA STRAWBERRY FLAVOURED ICED SNACK CAKES,BAKERY PKGD OUTSIDE
480,10047,BRITANNIA CAKES CHOCOLATE FLAVOUR ICED SNACK,BRITANNIA CHOCOLATE FLAVOURED ICED SNACK CAKES,BAKERY PKGD OUTSIDE
481,10412,BAR BRITANNIA CAKES CREAMY FILLET VANILLA,BRITANNIA VANILLA CREAM FILLED CAKE BARS,BAKERY PKGD OUTSIDE
482,10413,BRITANNIA CAKES CREAMY FESTIVE PACK SNACK VANILLA,BRITANNIA VANILLA CREAM SNACK CAKES FESTIVE PACK,BAKERY PKGD OUTSIDE
483,10414,BAR BRITANNIA CAKES CHOCOLATE CREAMY FILLET,BRITANNIA CHOCOLATE CREAM FILLED CAKE BARS,BAKERY PKGD OUTSIDE
484,10415,BRITANNIA CAKES CHOCOLATE CREAMY MULTIPACK ROLLS,BRITANNIA CHOCOLATE CREAM ROLL CAKES MULTIPACK,BAKERY PKGD OUTSIDE
485,10416,BRITANNIA CAKES CHOCOLATE PACK ROLLS SWISS,BRITANNIA CHOCOLATE SWISS ROLL CAKES PACK,BAKERY PKGD OUTSIDE
486,10417,BRITANNIA CHOCOLATE CUPCAKES FAMILY PACK PIECES,BRITANNIA CHOCOLATE CUPCAKES FAMILY PACK 14 PIECES,BAKERY PKGD OUTSIDE
487,10418,BAR BRITANNIA CAKES CREAMY FILLET RASPBERRY,BRITANNIA RASPBERRY CREAM FILLED CAKE BARS,BAKERY PKGD OUTSIDE
488,10419,BITE BRITANNIA BROWN CANDY CHOCOLATE TOPPINGS WITH,BRITANNIA CHOCOLATE BROWNIE BITES WITH CANDY TOPPINGS,BAKERY PKGD OUTSIDE
489,10420,BRITANNIA CAKES CREAMY FAMILY FILLET PACK PIECES SPONGE,BRITANNIA CREAM FILLED SPONGE CAKES FAMILY PACK 16 PIECES,BAKERY PKGD OUTSIDE
490,10421,BALLS BRITANNIA CHOCOLATE COCONUT CREAMY MULTIPACK SNACK,BRITANNIA CHOCOLATE COCONUT CREAM SNACK BALLS MULTIPACK,BAKERY PKGD OUTSIDE
491,10042,BRITANNIA COOKIES CUPCAKES FLAVOUR OF PACK SUGAR,BRITANNIA SUGAR COOKIE FLAVOURED CUPCAKES PACK OF 8,BAKERY PKGD OUTSIDE
492,10043,BRITANNIA CUPCAKES FLAVOUR MULTIPACK STRAWBERRY,BRITANNIA STRAWBERRY FLAVOURED CUPCAKES MULTIPACK,BAKERY PKGD OUTSIDE
493,10410,BRITANNIA CHOCOLATE CUPCAKES MINT MULTIPACK,BRITANNIA CHOCOLATE MINI CUPCAKES MULTIPACK,BAKERY PKGD OUTSIDE
494,10411,BRITANNIA CHOCOLATE CREAMY CUPCAKES FILLET MULTIPACK,BRITANNIA CHOCOLATE CREAM FILLED CUPCAKES MULTIPACK,BAKERY PKGD OUTSIDE
495,10038,ASSORTED BRITANNIA CAKES FILLET MARSHMALLOW PACK PUFF,BRITANNIA MARSHMALLOW FILLED CAKE PUFFS ASSORTED PACK,BAKERY PKGD OUTSIDE
496,10039,BRITANNIA CAKES CHIPS CHOCOLATE CREAMY SANDWICH,BRITANNIA CHOCOLATE CHIP CREAM SANDWICH CAKES,BAKERY PKGD OUTSIDE
497,10040,CAKES CLASSIC DONUT MONGINIS OF PACK WHITE,MONGINIS CLASSIC WHITE CAKE DONUTS PACK OF 6,BAKERY PKGD OUTSIDE
498,10041,ASSORTED BRITANNIA CAKES CHOCOLATE CREAMY FILLET PACK SNACK,BRITANNIA CHOCOLATE CREAM FILLED SNACK CAKES ASSORTED PACK,BAKERY PKGD OUTSIDE
499,10405,BRITANNIA CAKES CREAMY FILLET MULTIPACK SNACK SPONGE,BRITANNIA CREAM FILLED SPONGE SNACK CAKES MULTIPACK,BAKERY PKGD OUTSIDE
500,10406,BRITANNIA CHIPS CHOCOLATE MINT MUFFIN PACK SNACK,BRITANNIA CHOCOLATE CHIP MINI MUFFINS SNACK PACK,BAKERY PKGD OUTSIDE
501,10407,BRITANNIA CHOCOLATE CREAMY FILLET ROLLS SNACK WAFER,BRITANNIA CHOCOLATE WAFER ROLLS CREAM FILLED SNACK,BAKERY PKGD OUTSIDE
502,10408,ASSORTED BRITANNIA CAKES FLAVOUR MINT MUFFIN PACK PARTY,BRITANNIA PARTY CAKE MINI MUFFINS ASSORTED FLAVOUR PACK,BAKERY PKGD OUTSIDE
503,10048,BRITANNIA CAKES CHOCOLATE CREAMY FILLET SERVE SINGLE,BRITANNIA CHOCOLATE CREAM FILLED CAKE SINGLE SERVE,BAKERY PKGD OUTSIDE
504,10049,BRITANNIA BUNDT CAKES DRIZZLE LEMON MINT SERVE SINGLE,BRITANNIA LEMON DRIZZLE MINI BUNDT CAKE SINGLE SERVE,BAKERY PKGD OUTSIDE
505,10425,BRITANNIA CAKES CHOCOLATE COATED COCONUT CREAMY SERVE SINGLE,BRITANNIA CHOCOLATE CREAM COCONUT COATED CAKE SINGLE SERVE,BAKERY PKGD OUTSIDE
506,10426,BRITANNIA CAKES CHOCOLATE CREAMY FILLET SERVE SINGLE,BRITANNIA CHOCOLATE CREAM FILLED CAKE SINGLE SERVE,BAKERY PKGD OUTSIDE
507,10052,BRITANNIA BUNDT CAKES CHOCOLATE DESSERT MINT SOFT,BRITANNIA CHOCOLATE MINI BUNDT CAKE SOFT DESSERT,BAKERY PKGD OUTSIDE
508,10050,FLAVOUR LEMON MONGINIS PIE SERVE SINGLE SNACK,MONGINIS LEMON FLAVOURED SNACK PIE SINGLE SERVE,BAKERY PKGD OUTSIDE
509,10051,CHOCOLATE CREAMY FILLET MONGINIS PIE SNACK,MONGINIS CHOCOLATE CREAM FILLED SNACK PIE,BAKERY PKGD OUTSIDE
510,10427,CHERRY FRUIT MONGINIS PIE SERVE SINGLE,MONGINIS CHERRY FRUIT PIE SINGLE SERVE,BAKERY PKGD OUTSIDE
511,10428,CHERRY FLAVOUR MONGINIS PIE SERVE SINGLE SNACK,MONGINIS CHERRY FLAVOURED SNACK PIE SINGLE SERVE,BAKERY PKGD OUTSIDE
512,10429,BLACKBERRY FLAVOUR MONGINIS PIE SERVE SINGLE SNACK,MONGINIS BLACKBERRY FLAVOURED SNACK PIE SINGLE SERVE,BAKERY PKGD OUTSIDE
513,10430,APPLE FLAVOUR MONGINIS PIE SNACK,MONGINIS APPLE FLAVOURED SNACK PIE,BAKERY PKGD OUTSIDE
514,10431,BLACKBERRY FLAVOUR MONGINIS PIE SNACK,MONGINIS BLACKBERRY FLAVOURED SNACK PIE,BAKERY PKGD OUTSIDE
515,10432,APPLE FLAVOUR MONGINIS PIE SERVE SINGLE SNACK,MONGINIS APPLE FLAVOURED SNACK PIE SINGLE SERVE,BAKERY PKGD OUTSIDE
516,10433,APPLE FRUIT MONGINIS PIE SERVE SINGLE,MONGINIS APPLE FRUIT PIE SINGLE SERVE,BAKERY PKGD OUTSIDE
517,10422,BRITANNIA CHOCOLATE DONUT FROSTED MINT OF PACK,BRITANNIA CHOCOLATE FROSTED MINI DONUTS PACK OF 6,BAKERY PKGD OUTSIDE
518,10423,BRITANNIA CAKES CREAMY FILLET SERVE SINGLE SPONGE,BRITANNIA CREAM FILLED SPONGE CAKE SINGLE SERVE,BAKERY PKGD OUTSIDE
519,10424,BRITANNIA DONUT MINT OF PACK POWDER SUGAR,BRITANNIA POWDERED SUGAR MINI DONUTS PACK OF 6,BAKERY PKGD OUTSIDE
520,10386,CHEESE CREAMY DANISH MONGINIS PASTRY,MONGINIS CREAM CHEESE DANISH PASTRY,BAKERY PKGD OUTSIDE
521,10387,BREAKFAST BRITANNIA CLAW DANISH PASTRY SWEET,BRITANNIA SWEET BREAKFAST CLAW DANISH PASTRY,BAKERY PKGD OUTSIDE
522,10388,AND APPLE DANISH FRUIT MONGINIS PASTRY RASPBERRY,MONGINIS APPLE AND RASPBERRY FRUIT DANISH PASTRY,BAKERY PKGD OUTSIDE
523,10031,DONUT FLAVOUR MONGINIS PUMPKIN SOFT,MONGINIS PUMPKIN FLAVOURED SOFT DONUTS,BAKERY PKGD OUTSIDE
524,10032,APPLE CIDER DONUT FLAVOUR MONGINIS,MONGINIS APPLE CIDER FLAVOURED DONUTS,BAKERY PKGD OUTSIDE
525,10393,CHOCOLATE DONUT MONGINIS OF PACK FASHIONED#OLD,MONGINIS CHOCOLATE OLD FASHIONED DONUTS PACK OF 6,BAKERY PKGD OUTSIDE
526,10394,CINNAMON DONUT FILLET MONGINIS OF PACK SUGAR,MONGINIS CINNAMON SUGAR FILLED DONUTS PACK OF 6,BAKERY PKGD OUTSIDE
527,10395,ASSORTED CAKES DONUT MONGINIS OF PACK WHITE,MONGINIS ASSORTED WHITE CAKE DONUTS PACK OF 6,BAKERY PKGD OUTSIDE
528,10396,BRITANNIA CHOCOLATE DONUT FROSTED RICH,BRITANNIA RICH FROSTED CHOCOLATE DONUT,BAKERY PKGD OUTSIDE
529,10397,DONUT FILLET MONGINIS POWDER RASPBERRY,MONGINIS POWDERED RASPBERRY FILLED DONUTS,BAKERY PKGD OUTSIDE
530,10398,DONUT FLAVOUR LEMON MONGINIS OF PACK,MONGINIS LEMON FLAVOURED DONUTS PACK OF 6,BAKERY PKGD OUTSIDE
531,10399,BUTTERMILK DONUT MONGINIS OF PACK SOFT,MONGINIS BUTTERMILK SOFT DONUTS PACK OF 6,BAKERY PKGD OUTSIDE
532,10400,CLASSIC DONUT MONGINIS FASHIONED#OLD,MONGINIS CLASSIC OLD FASHIONED DONUTS,BAKERY PKGD OUTSIDE
533,10401,BLUEBERRY DONUT FLAVOUR MONGINIS OF PACK FASHIONED#OLD,MONGINIS BLUEBERRY FLAVOURED OLD FASHIONED DONUTS PACK OF 6,BAKERY PKGD OUTSIDE
534,10402,ASSORTED DONUT FLAVOUR MONGINIS OF PACK SEASONING,MONGINIS ASSORTED SEASONAL FLAVOURED DONUTS PACK OF 6,BAKERY PKGD OUTSIDE
535,10030,BRITANNIA DONUT GLAZED HEARTS LITTLE MINT STRAWBERRY,BRITANNIA LITTLE HEARTS MINI STRAWBERRY GLAZED DONUTS,BAKERY PKGD OUTSIDE
536,10389,BRITANNIA DONUT MINT PACK POWDER SNACK SUGAR,BRITANNIA POWDERED SUGAR MINI DONUTS SNACK PACK,BAKERY PKGD OUTSIDE
537,10390,BRITANNIA CRUNCHY DONUT MINT PACK SNACK,BRITANNIA CRUNCHY MINI DONUTS SNACK PACK,BAKERY PKGD OUTSIDE
538,10391,BRITANNIA BUNS DONUT HONEY SOFT STYLE,BRITANNIA HONEY BUN STYLE SOFT DONUTS,BAKERY PKGD OUTSIDE
539,10392,BRITANNIA CHOCOLATE DONUT FROSTED MINT PACK SNACK,BRITANNIA CHOCOLATE FROSTED MINI DONUTS SNACK PACK,BAKERY PKGD OUTSIDE
540,10385,BREAKFAST CLAW MONGINIS PASTRY SWEET,MONGINIS SWEET BREAKFAST CLAW PASTRY,BAKERY PKGD OUTSIDE
541,10060,APPLE FRESH GALA ORGANIC PREMIUM QUALITY,ORGANIC GALA APPLES FRESH PREMIUM QUALITY,PRODUCE
542,10581,AND APPLE CRISPY FRESH ORGANIC GRANNY#SMITH,ORGANIC GRANNY SMITH APPLES FRESH AND CRISP,PRODUCE
543,10582,APPLE FRESH GALA ORGANIC PREMIUM QUALITY,ORGANIC GALA APPLES FRESH PREMIUM QUALITY,PRODUCE
544,10061,APPLE FRESH LADY LARGE PINK PREMIUM SIZE,FRESH PINK LADY APPLES LARGE SIZE PREMIUM,PRODUCE
545,10583,AND APPLE FRESH JUICE SWEET SWEETANGO VARIETY,FRESH SWEETANGO APPLES SWEET AND JUICY VARIETY,PRODUCE
546,10584,APPLE EUROPEAN EXTRA FANCY FRESH OPAL VARIETY,FRESH OPAL APPLES EXTRA FANCY EUROPEAN VARIETY,PRODUCE
547,10585,APPLE CRISPY FRESH GLO LUCY SWEET VARIETY,FRESH LUCY GLO APPLES SWEET CRISP VARIETY,PRODUCE
548,10586,APPLE AUTUMN EUROPEAN FRESH GLORY PREMIUM VARIETY,FRESH AUTUMN GLORY APPLES PREMIUM EUROPEAN VARIETY,PRODUCE
549,10587,AND APPLE FRESH JUICE NATURAL SUGARBEE SWEET,FRESH SUGARBEE APPLES NATURALLY SWEET AND JUICY,PRODUCE
550,10056,APPLE DELICIOUS FRESH LARGE RED SIZE,FRESH RED DELICIOUS APPLES LARGE SIZE,PRODUCE
551,10057,APPLE DELICIOUS FRESH LARGE RED SIZE,FRESH RED DELICIOUS APPLES LARGE SIZE,PRODUCE
552,10058,APPLE DELICIOUS FRESH RED SIZE SMALL,FRESH RED DELICIOUS APPLES SMALL SIZE,PRODUCE
553,10059,APPLE DELICIOUS FRESH RED SIZE SMALL,FRESH RED DELICIOUS APPLES SMALL SIZE,PRODUCE
554,10576,AND APPLE COSMIC CRISPY FRESH JUICE SWEET,FRESH COSMIC CRISP APPLES SWEET AND JUICY,PRODUCE
555,10577,APPLE FRESH LARGE SIZE GRANNY#SMITH,FRESH GRANNY SMITH APPLES LARGE SIZE,PRODUCE
556,10578,APPLE FRESH LARGE SIZE GRANNY#SMITH,FRESH GRANNY SMITH APPLES LARGE SIZE,PRODUCE
557,10579,APPLE DELICIOUS FRESH LARGE RED SIZE,FRESH RED DELICIOUS APPLES LARGE SIZE,PRODUCE
558,10580,APPLE DELICIOUS FRESH LARGE RED SIZE,FRESH RED DELICIOUS APPLES LARGE SIZE,PRODUCE
559,10063,AVOCADO FRESH FRUIT HASS INDIA ORGANIC SIZE SMALL,ORGANIC INDIA HASS AVOCADO SMALL SIZE FRESH ORGANIC FRUIT,PRODUCE
560,10062,AVOCADO FRESH FRUIT HASS MEDIUM RELIANCE SIZE,RELIANCE FRESH HASS AVOCADO MEDIUM SIZE FRESH FRUIT,PRODUCE
561,10588,AVOCADO FRESH FRUIT HASS MEDIUM RELIANCE SIZE,RELIANCE FRESH HASS AVOCADO MEDIUM SIZE FRESH FRUIT,PRODUCE
562,10589,AVOCADO FRESH FRUIT HASS MEDIUM RELIANCE SIZE,RELIANCE FRESH HASS AVOCADO MEDIUM SIZE FRESH FRUIT,PRODUCE
563,10590,AVOCADO FRESH FRUIT HASS MEDIUM RELIANCE SIZE,RELIANCE FRESH HASS AVOCADO MEDIUM SIZE FRESH FRUIT,PRODUCE
564,10591,AVOCADO FRESH FRUIT HASS MEDIUM RELIANCE SIZE,RELIANCE FRESH HASS AVOCADO MEDIUM SIZE FRESH FRUIT,PRODUCE
565,10592,AVOCADO FRESH FRUIT HASS LARGE RELIANCE SIZE,RELIANCE FRESH HASS AVOCADO LARGE SIZE FRESH FRUIT,PRODUCE
566,10593,AVOCADO FRESH FRUIT HASS LARGE RELIANCE SIZE,RELIANCE FRESH HASS AVOCADO LARGE SIZE FRESH FRUIT,PRODUCE
567,10594,AVOCADO FRESH FRUIT HASS LARGE RELIANCE SIZE,RELIANCE FRESH HASS AVOCADO LARGE SIZE FRESH FRUIT,PRODUCE
568,10595,AVOCADO FRESH FRUIT HASS MEDIUM RELIANCE SIZE,RELIANCE FRESH HASS AVOCADO MEDIUM SIZE FRESH FRUIT,PRODUCE
569,10596,AVOCADO FRESH FRUIT HASS LARGE RELIANCE SIZE,RELIANCE FRESH HASS AVOCADO LARGE SIZE FRESH FRUIT,PRODUCE
570,10601,FRESH PACK RASPBERRY,FRESHO RASPBERRIES PACK,PRODUCE
571,10602,FRESH PACK STRAWBERRY,FRESHO STRAWBERRIES PACK,PRODUCE
572,10600,CRANBERRY DRIED NUTRAJ,NUTRAJ DRIED CRANBERRIES,PRODUCE
573,10598,BLUEBERRY FRESH PACK,FRESHO BLUEBERRIES PACK,PRODUCE
574,10599,BLUEBERRY FRESH PACK,FRESHO BLUEBERRIES PACK,PRODUCE
575,10603,FRESH PACK RASPBERRY,FRESHO RASPBERRIES PACK,PRODUCE
576,10604,FRESH PACK RASPBERRY,FRESHO RASPBERRIES PACK,PRODUCE
577,10605,FRESH PACK STRAWBERRY,FRESHO STRAWBERRIES PACK,PRODUCE
578,10613,AND FRESH JUICE KG LEMON ORGANIC PACK,ORGANIC LEMONS 2 KG PACK FRESH AND JUICY,PRODUCE
579,10070,FRESH LEMON MEDIUM SIZE,FRESH LEMONS MEDIUM SIZE,PRODUCE
580,10608,FRESH KG LEMON PACK SEEDLESS,FRESH SEEDLESS LEMONS 1 KG PACK,PRODUCE
581,10071,FRESH SIZE SMALL NAVEL#ORANGES,FRESH NAVEL ORANGES SMALL SIZE,PRODUCE
582,10072,BULL FRESH MEDIUM PACK SIZE NAVEL#ORANGES,FRESH NAVEL ORANGES MEDIUM SIZE BULK PACK,PRODUCE
583,10609,CARB FRESH SWEET VARIETY NAVEL#ORANGES,FRESH CARA CARA NAVEL ORANGES SWEET VARIETY,PRODUCE
584,10610,FRESH KG PACK VALUE NAVEL#ORANGES,FRESH NAVEL ORANGES 3 KG VALUE PACK,PRODUCE
585,10611,FRESH KG PACK VALUE NAVEL#ORANGES,FRESH NAVEL ORANGES 3 KG VALUE PACK,PRODUCE
586,10612,AND FRESH JUICE PREMIUM SWEET NAVEL#ORANGES,FRESH PREMIUM NAVEL ORANGES SWEET AND JUICY,PRODUCE
587,10607,FRESH GRAPEFRUIT LARGE RED SIZE,FRESH RED GRAPEFRUIT LARGE SIZE,PRODUCE
588,10652,CANDY COTTON GRAPES,COTTON CANDY GRAPES,PRODUCE
589,10653,DROP GRAPES MOON,MOON DROP GRAPES,PRODUCE
590,10642,GRAPES GREEN SEEDLESS,GREEN GRAPES SEEDLESS,PRODUCE
591,10643,GRAPES GREEN SEEDLESS,GREEN GRAPES SEEDLESS,PRODUCE
592,10644,GRAPES GREEN SEEDLESS,GREEN GRAPES SEEDLESS,PRODUCE
593,10645,GRAPES GREEN SEEDLESS,GREEN GRAPES SEEDLESS,PRODUCE
594,10646,GRAPES GREEN SEEDLESS,GREEN GRAPES SEEDLESS,PRODUCE
595,10647,GRAPES GREEN SEEDLESS,GREEN GRAPES SEEDLESS,PRODUCE
596,10648,AUTUMN CRISPY GRAPES GREEN,GREEN GRAPES AUTUMN CRISP,PRODUCE
597,10649,GRAPES RED SEEDLESS,RED GRAPES SEEDLESS,PRODUCE
598,10650,GRAPES RED SEEDLESS,RED GRAPES SEEDLESS,PRODUCE
599,10651,GRAPES RED SEEDLESS,RED GRAPES SEEDLESS,PRODUCE
600,10659,FRESH FRUIT RED RELIANCE SEEDLESS WATERMELON,RELIANCE FRESH RED SEEDLESS WATERMELON FRESH FRUIT,PRODUCE
601,10083,BARTLETT LOOSE ORGANIC PEARL,ORGANIC BARTLETT PEARS LOOSE,PRODUCE
602,10668,BARTLETT LOOSE ORGANIC PEARL,ORGANIC BARTLETT PEARS LOOSE,PRODUCE
603,10080,BOSC FRESH LOOSE PEARL,FRESH BOSC PEARS LOOSE,PRODUCE
604,10081,BOSC FRESH LOOSE PEARL,FRESH BOSC PEARS LOOSE,PRODUCE
605,10082,ANJOU FRESH GREEN LOOSE PEARL,FRESH GREEN ANJOU PEARS LOOSE,PRODUCE
606,10079,BARTLETT FRESH LOOSE PEARL,FRESH BARTLETT PEARS LOOSE,PRODUCE
607,10667,BARTLETT FRESH LOOSE PEARL,FRESH BARTLETT PEARS LOOSE,PRODUCE
608,10728,PLUMS YELLOW,YELLOW PLUMS,PRODUCE
609,10726,APRICOTS FRESH,FRESH APRICOTS,PRODUCE
610,10092,LARGE PEACH YELLOW,YELLOW PEACHES LARGE,PRODUCE
611,10727,LARGE PEACH YELLOW,YELLOW PEACHES LARGE,PRODUCE
612,10733,DRAGON EXOTIC FRESH FRUIT IN NUTRIENTS RICH TROPICAL,FRESH DRAGON FRUIT EXOTIC TROPICAL FRUIT RICH IN NUTRIENTS,PRODUCE
613,10095,ALPHANSO FRESH FRUIT MANGO SEASONING SIZE SMALL SWEET,FRESH ALPHANSO MANGO SMALL SIZE SEASONAL SWEET FRUIT,PRODUCE
614,10734,AND FRESH JUICE LARGE MANGO PREMIUM QUALITY SIZE SWEET,FRESH MANGO LARGE SIZE JUICY AND SWEET PREMIUM QUALITY,PRODUCE
615,10735,FRESH FRUIT JUICE MANGO SEASONING SIZE SMALL,FRESH MANGO SMALL SIZE JUICY SEASONAL FRUIT,PRODUCE
616,10094,FRESH FRUIT IMPORTED KIWI PREMIUM QUALITY,FRESH IMPORTED KIWI FRUIT PREMIUM QUALITY,PRODUCE
617,10606,CHERRIES FRESH PREMIUM QUALITY RED SWEET,FRESH RED SWEET CHERRIES PREMIUM QUALITY,PRODUCE
618,10074,FRESH PUMPKIN YELLOW,FRESHO YELLOW PUMPKIN,PRODUCE
619,10075,FRESH PUMPKIN YELLOW,FRESHO YELLOW PUMPKIN,PRODUCE
620,10621,BEETROOT FRESH,FRESHO BEETROOT,PRODUCE
621,10622,CABBAGE FRESH RED,FRESHO RED CABBAGE,PRODUCE
622,10623,FRESH PUMPKIN,FRESHO PUMPKIN,PRODUCE
623,10624,BOTTLE FRESH GOURD,FRESHO BOTTLE GOURD,PRODUCE
624,10625,BOTTLE FRESH GOURD,FRESHO BOTTLE GOURD,PRODUCE
625,10626,CELERY FRESH STALK,FRESHO CELERY STALK,PRODUCE
626,10627,BUNCH CARROT FRESH,FRESHO CARROT BUNCH,PRODUCE
627,10620,FRESH ONION SPRING,FRESHO SPRING ONION,PRODUCE
628,10073,FRESH LEAVES SPINACH,FRESHO SPINACH LEAVES,PRODUCE
629,10619,CELERY FRESH STALK,FRESHO CELERY STALK,PRODUCE
630,10641,BULBS FARM FRESH GARLIC NATURAL ORGANIC PRODUCE,ORGANIC FRESH GARLIC BULBS NATURAL FARM PRODUCE,PRODUCE
631,10089,BUNCH FRESH GREEN ONION ORGANIC SALAD SPRING VEGETABLE,ORGANIC SPRING ONION BUNCH FRESH GREEN SALAD VEGETABLE,PRODUCE
632,10703,CUCUMBERS ENGLISH FRESH HOT HOUSE LONG ORGANIC SALAD VEGETABLE,ORGANIC LONG ENGLISH CUCUMBER HOT HOUSE FRESH SALAD VEGETABLE,PRODUCE
633,10704,CRUNCHY CUCUMBERS FRESH ORGANIC SALAD VEGETABLE,ORGANIC CUCUMBER FRESH CRUNCHY SALAD VEGETABLE,PRODUCE
634,10705,CUCUMBERS ENGLISH FARM FRESH LONG ORGANIC PRODUCE,ORGANIC LONG ENGLISH CUCUMBER FRESH FARM PRODUCE,PRODUCE
635,10706,FRESH LEAF LETTUCE ORGANIC RED SALAD TENDER VEGETABLE,ORGANIC RED LEAF LETTUCE FRESH TENDER SALAD VEGETABLE,PRODUCE
636,10707,CRISPY FRESH ICEBERG LEAF LETTUCE ORGANIC VEGETABLE,ORGANIC ICEBERG LETTUCE FRESH CRISP LEAFY VEGETABLE,PRODUCE
637,10708,BUNCH CRISPY FRESH RADISH RED ROOT SALAD VEGETABLE,FRESH RED RADISH BUNCH CRISP ROOT SALAD VEGETABLE,PRODUCE
638,10701,CRISPY CUCUMBERS ENGLISH FRESH HOT HOUSE LONG SALAD VEGETABLE,FRESH LONG ENGLISH CUCUMBER HOT HOUSE CRISP SALAD VEGETABLE,PRODUCE
639,10702,CUCUMBERS ENGLISH FRESH HOT HOUSE LONG PREMIUM QUALITY,FRESH LONG ENGLISH CUCUMBER HOT HOUSE PREMIUM QUALITY,PRODUCE
640,10088,CRISPY FRESH ICEBERG LEAF LETTUCE SALAD VEGETABLE,FRESH ICEBERG LETTUCE CRISP LEAFY SALAD VEGETABLE,PRODUCE
641,10729,DEL DRIED MONTE SUN TOMATO,DEL MONTE SUN DRIED TOMATOES,PRODUCE
642,10090,ASIAN BABY FRESH GREEN TENDER BOK#CHOY,FRESH BABY BOK CHOY TENDER ASIAN GREENS,PRODUCE
643,10091,ASIAN FRESH LEAF VEGETABLE BOK#CHOY,FRESH BOK CHOY ASIAN LEAFY VEGETABLE,PRODUCE
644,10658,BLEND COOKIES GARLIC HERB INGREDIENT PASTA USE READY#TO,GARLIC HERB PASTE BLEND READY TO USE COOKING INGREDIENT,PRODUCE
645,10656,BLEND CORIANDER DRIED HERB LIGHT SEASONING,LIGHTLY DRIED CORIANDER HERB SEASONING BLEND,PRODUCE
646,10076,AUTOMATIC FRESH HERB ITALIAN ORGANIC PARSLEY,ORGANIC ITALIAN PARSLEY FRESH AROMATIC HERB,PRODUCE
647,10654,AUTOMATIC CORIANDER FRESH HERB LEAVES ORGANIC,ORGANIC FRESH CORIANDER LEAVES AROMATIC HERB,PRODUCE
648,10655,AUTOMATIC BUNCH CURLY FRESH HERB PARSLEY,FRESH CURLY PARSLEY BUNCH AROMATIC HERB,PRODUCE
649,10077,AUTOMATIC BUNCH COOKIES FRESH HERB ITALIAN PARSLEY,FRESH ITALIAN PARSLEY BUNCH AROMATIC COOKING HERB,PRODUCE
650,10657,AUTOMATIC FRESH HERB LEAVES ORGANIC SAGE,ORGANIC FRESH SAGE LEAVES AROMATIC HERB,PRODUCE
651,10661,BABY BELLY FRESH MUSHROOM ORGANIC PACK WHOLE,ORGANIC BABY BELLA MUSHROOMS WHOLE FRESH PACK,PRODUCE
652,10660,FRESH MUSHROOM PORTOBELLO PREMIUM QUALITY SLICED,FRESH SLICED PORTOBELLO MUSHROOMS PREMIUM QUALITY,PRODUCE
653,10078,FRESH JUMBO ONION ORGANIC SIZE YELLOW,ORGANIC YELLOW ONIONS JUMBO SIZE FRESH,PRODUCE
654,10662,FRESH ONION ORGANIC PREMIUM QUALITY SWEET,ORGANIC SWEET ONIONS FRESH PREMIUM QUALITY,PRODUCE
655,10665,FLAVOUR FRESH MILD ONION SWEET YELLOW,FRESH SWEET YELLOW ONIONS MILD FLAVOUR,PRODUCE
656,10663,FRESH MEDIUM ONION RED SIZE,FRESH RED ONIONS MEDIUM SIZE,PRODUCE
657,10664,FRESH ONION PREMIUM QUALITY RED,FRESH RED ONIONS PREMIUM QUALITY,PRODUCE
658,10670,BELLY FRESH ORANGE ORGANIC PEPPERS PREMIUM QUALITY,ORGANIC ORANGE BELL PEPPERS FRESH PREMIUM QUALITY,PRODUCE
659,10671,BELLY FRESH ORGANIC PEPPERS PREMIUM QUALITY YELLOW,ORGANIC YELLOW BELL PEPPERS FRESH PREMIUM QUALITY,PRODUCE
660,10064,FRESH HOT HOUSE ORANGE PEPPERS BELL#GROWN,FRESH ORANGE BELL PEPPERS HOT HOUSE GROWN,PRODUCE
661,10065,FRESH HOT HOUSE ORANGE PEPPERS BELL#GROWN,FRESH ORANGE BELL PEPPERS HOT HOUSE GROWN,PRODUCE
662,10066,FRESH GREENHOUSE HYDROPONIC ORANGE PEPPERS BELL#GROWN,FRESH ORANGE BELL PEPPERS HYDROPONIC GREENHOUSE GROWN,PRODUCE
663,10067,FRESH GREENHOUSE HYDROPONIC ORANGE PEPPERS BELL#GROWN,FRESH ORANGE BELL PEPPERS HYDROPONIC GREENHOUSE GROWN,PRODUCE
664,10068,FRESH GREENHOUSE HYDROPONIC PEPPERS RED BELL#GROWN,FRESH RED BELL PEPPERS HYDROPONIC GREENHOUSE GROWN,PRODUCE
665,10069,FRESH GREENHOUSE HYDROPONIC PEPPERS YELLOW BELL#GROWN,FRESH YELLOW BELL PEPPERS HYDROPONIC GREENHOUSE GROWN,PRODUCE
666,10597,FRESH GREENHOUSE HYDROPONIC PEPPERS RED BELL#GROWN,FRESH RED BELL PEPPERS HYDROPONIC GREENHOUSE GROWN,PRODUCE
667,10084,ANAHEIM CHILLI FRESH GREEN MILD PEPPERS SPICY,FRESH ANAHEIM GREEN CHILLI PEPPERS MILD SPICE,PRODUCE
668,10085,CHILLI FRESH MEDIUM MILD PEPPERS POBLANO SPICY TO,FRESH POBLANO CHILLI PEPPERS MILD TO MEDIUM SPICE,PRODUCE
669,10086,AND CHILLI FRESH GREEN HOT PEPPERS SERRANO SPICY,FRESH SERRANO GREEN CHILLI PEPPERS HOT AND SPICY,PRODUCE
670,10669,CHILLI EXTRA FRESH HABANERO HOT PEPPERS VARIETY,FRESH HABANERO CHILLI PEPPERS EXTRA HOT VARIETY,PRODUCE
671,10672,EXOTIC FRESH POTATO PURPLE VARIETY,FRESH PURPLE POTATOES EXOTIC VARIETY,PRODUCE
672,10087,FARM FRESH ORGANIC POTATO PRODUCE SWEET,ORGANIC SWEET POTATOES FRESH FARM PRODUCE,PRODUCE
673,10673,BABY FRESH GOLDEN ORGANIC POTATO PREMIUM QUALITY,ORGANIC BABY GOLDEN POTATOES FRESH PREMIUM QUALITY,PRODUCE
674,10674,FRESH KG ORGANIC PACK POTATO RED,ORGANIC RED POTATOES 3 KG PACK FRESH,PRODUCE
675,10691,AND COOKIES DECORATIVE FRESH PUMPKIN USE WARTED,FRESH WARTED PUMPKIN DECORATIVE AND COOKING USE,PRODUCE
676,10692,AND FRESH NUTRITION PUMPKIN RED SWEET VEGETABLE,FRESH RED PUMPKIN SWEET AND NUTRITIOUS VEGETABLE,PRODUCE
677,10093,FRESH RED RELIANCE RIPE TOMATO VEGETABLE VINE,RELIANCE FRESH VINE RIPE TOMATOES FRESH RED VEGETABLE,PRODUCE
678,10730,FRESH HOT HOUSE LARGE PRODUCE RELIANCE TOMATO,RELIANCE FRESH LARGE HOT HOUSE TOMATOES FRESH PRODUCE,PRODUCE
679,10731,CLUSTER FRESH HARVEST RELIANCE TOMATO VINE,RELIANCE FRESH CLUSTER TOMATOES FRESH VINE HARVESTED,PRODUCE
680,10732,FRESH PACKAGED PIECES PRODUCE RELIANCE TOMATO,RELIANCE FRESH PACKAGED TOMATOES 6 PIECES FRESH PRODUCE,PRODUCE
681,10709,BOWL CHICKEN EAT FRESH MEAL SALAD SPICY STYLE READY#TO,READY TO EAT SALAD BOWL SPICY CHICKEN STYLE FRESH MEAL,PRODUCE
682,10710,AND BLEND FRESH GREEN LEAVES LETTUCE RED SALAD,FRESH LETTUCE RED AND GREEN BLEND SALAD LEAVES,PRODUCE
683,10711,FRESH GREEN LEAVES MIXED ORGANIC SALAD SUPER,ORGANIC MIXED SUPER GREENS FRESH SALAD LEAVES,PRODUCE
684,10712,BABY FRESH LEAF ORGANIC SALAD SPINACH VEGETABLE,ORGANIC BABY SPINACH FRESH LEAFY SALAD VEGETABLE,PRODUCE
685,10713,COOKIES FOR FRESH PIE PUMPKIN SWEET VEGETABLE,FRESH PUMPKIN FOR PIE SWEET COOKING VEGETABLE,PRODUCE
686,10618,BRUSSELS FRESH SPROUTED,FRESHO BRUSSELS SPROUTS,PRODUCE
687,10616,FRESH OKRA,FRESHO OKRA,PRODUCE
688,10617,BROCCOLI FRESH MIX,FRESHO BROCCOLI MIX,PRODUCE
689,10614,CUP FRESH FRUIT GRAPEFRUIT IN LIGHT RED SYRUP,FRESH RED GRAPEFRUIT FRUIT CUP IN LIGHT SYRUP,PRODUCE
690,10615,ADDED CUP FRESH FRUIT GRAPEFRUIT NO RED SUGAR,FRESH RED GRAPEFRUIT FRUIT CUP NO ADDED SUGAR,PRODUCE
691,10714,HAPPILO PECANS PREMIUM,HAPPILO PREMIUM PECANS,PRODUCE
692,10715,PECANS PREMIUM PROV,PROV PREMIUM PECANS,PRODUCE
693,10716,APRICOTS NUTRAJ TURKISH,NUTRAJ TURKISH APRICOTS,PRODUCE
694,10717,ALMOND OPEN SECRET CHOCOLATE#DARK,OPEN SECRET DARK CHOCOLATE ALMONDS,PRODUCE
695,10718,MIX ROSTAA SPICY TRAIL,ROSTAA SPICY TRAIL MIX,PRODUCE
696,10719,BAR MIX NUT ROAD ROCKY YOGA,YOGA BAR ROCKY ROAD NUT MIX,PRODUCE
697,10720,FARMLEY MIX TRAIL TROPICAL,FARMLEY TROPICAL TRAIL MIX,PRODUCE
698,10721,BITE CHERRY SOKLET CHOCOLATE#DARK,SOKLET DARK CHOCOLATE CHERRY BITES,PRODUCE
699,10722,FARMLEY PECANS RAW,FARMLEY RAW PECANS,PRODUCE
700,10723,CALIFORNIA KERNELS ROSTAA WALNUT,ROSTAA CALIFORNIA WALNUT KERNELS,PRODUCE
701,10724,COATED PRETZEL SNACKIBLE YOGURT,SNACKIBLE YOGURT COATED PRETZELS,PRODUCE
702,10725,BUTTER GRITTIES NUTTY PEANUT TOFFEE,NUTTY GRITTIES BUTTER TOFFEE PEANUTS,PRODUCE
703,10675,BAR BUTTER GRAM PACK PEANUT PROTEIN RITEBITE,RITEBITE PEANUT BUTTER PROTEIN BAR 50 GRAM PACK,PRODUCE
704,10676,BAR BUTTER GRAM PACK PEANUT PROTEIN YOGA CHOCOLATE#DARK,YOGA BAR DARK CHOCOLATE PEANUT BUTTER PROTEIN BAR 60 GRAM PACK,PRODUCE
705,10636,AND BROCCOLI CARROT CELERY CUTS DIP FRESH PACK RANCH SNACK WITH,FRESH CUT BROCCOLI CARROT AND CELERY SNACK PACK WITH RANCH DIP,PRODUCE
706,10637,CUP CUTS EAT FRESH MA VEGETABLE READY#TO,FRESH TOMATO CUP READY TO EAT CUT VEGETABLE,PRODUCE
707,10638,CAULIFLOWER COKE CUTS FRESH PIECES VEGETABLE READY#TO,FRESH CAULIFLOWER CUT PIECES READY TO COOK VEGETABLE,PRODUCE
708,10639,COKE CUTS FRESH PIECES VEGETABLE BUTTERNUT#SQUASH READY#TO,FRESH BUTTERNUT SQUASH CUT PIECES READY TO COOK VEGETABLE,PRODUCE
709,10640,ASSORTED FRESH MIXED MUSHROOM PACK PIECES VARIETY,FRESH MIXED MUSHROOMS PACK ASSORTED VARIETY 6 PIECES,PRODUCE
710,10632,BERRY CUP CUTS EAT FRESH FRUIT MIXED READY#TO,FRESH MIXED BERRY CUP READY TO EAT CUT FRUIT,PRODUCE
711,10633,EAT FRESH FRUIT PACK STRAWBERRY READY#TO,FRESH STRAWBERRY PACK READY TO EAT FRUIT,PRODUCE
712,10634,CANTALOUPE CUP CUTS EAT FRESH FRUIT READY#TO,FRESH CANTALOUPE FRUIT CUP READY TO EAT CUT FRUIT,PRODUCE
713,10635,CUP EAT FRESH FRUIT PIECES PINEAPPLE SWEET READY#TO,FRESH PINEAPPLE FRUIT CUP READY TO EAT SWEET PIECES,PRODUCE
714,10666,CHIPS GRAM HOT PACK POTATO SWEET TOO#YUMM,TOO YUMM! HOT & SWEET POTATO CHIPS 100 GRAM PACK,PRODUCE
715,10628,BLUEBERRY DRIED GRAM HAPPILO PACK,HAPPILO DRIED BLUEBERRIES 100 GRAM PACK,PRODUCE
716,10629,CRANBERRY DRIED GRAM HAPPILO PACK,HAPPILO DRIED CRANBERRIES 100 GRAM PACK,PRODUCE
717,10630,CRANBERRY DRIED GRAM PACK ROSTAA,ROSTAA DRIED CRANBERRIES 100 GRAM PACK,PRODUCE
718,10631,DRIED GRAM PACK PINEAPPLE ROSTAA SLICED,ROSTAA DRIED PINEAPPLE SLICES 100 GRAM PACK,PRODUCE
719,10687,GINGER PRESERVED RAW SHOT WELLNESS,RAW PRESSERY GINGER WELLNESS SHOT,PRODUCE
720,10688,IMMUNITY KAPIVA SHOT,KAPIVA IMMUNITY SHOT,PRODUCE
721,10689,CAYENNE IMMUNITY PRESERVED RAW SHOT,RAW PRESSERY IMMUNITY SHOT CAYENNE,PRODUCE
722,10690,BOOSTER IMMUNITY KAPIVA,KAPIVA IMMUNITY BOOSTER,PRODUCE
723,10686,DRINK GRAPES SPARKLING BOAT#PAPER,PAPER BOAT SPARKLING DRINK GRAPE,PRODUCE
724,10677,APPLE HAPPYBOOCH KOMBUCHA,HAPPYBOOCH KOMBUCHA APPLE,PRODUCE
725,10678,ATMOSPHERE HERBAL KOMBUCHA,ATMOSPHERE KOMBUCHA KOMBUCHA HERBAL,PRODUCE
726,10679,HAPPYBOOCH KOMBUCHA SEASONING,HAPPYBOOCH KOMBUCHA SEASONAL,PRODUCE
727,10680,CITRUS HAPPYBOOCH KOMBUCHA PASSION,HAPPYBOOCH KOMBUCHA PASSION CITRUS,PRODUCE
728,10681,BERRY HAPPYBOOCH KOMBUCHA LEMON,HAPPYBOOCH KOMBUCHA BERRY LEMON,PRODUCE
729,10682,ATMOSPHERE BERRY KOMBUCHA MIXED,ATMOSPHERE KOMBUCHA KOMBUCHA MIXED BERRY,PRODUCE
730,10683,BERRY HAPPYBOOCH KOMBUCHA LEMON,HAPPYBOOCH KOMBUCHA LEMON BERRY,PRODUCE
731,10684,BANANA CHOCOLATE DRINK PRESERVED PROTEIN RAW,RAW PRESSERY PROTEIN DRINK CHOCOLATE BANANA,PRODUCE
732,10685,JUICE LEMON REAL,REAL LEMON JUICE,PRODUCE
733,10696,DRESSING POPPY SEEDS FARMS#WINGREENS,WINGREENS FARMS POPPY SEED DRESSING,PRODUCE
734,10694,DRESSING RANCH VEEBA,VEEBA RANCH DRESSING,PRODUCE
735,10695,DIP DR FUNFOODS JALAPENO MAYO OETKER,DR. OETKER FUNFOODS JALAPENO MAYO DIP,PRODUCE
736,10697,BALSAMIC VEEBA VINAIGRETTE,VEEBA BALSAMIC VINAIGRETTE,PRODUCE
737,10698,CHEESE CREAMY DRESSING FARMS#WINGREENS,WINGREENS FARMS CREAMY CHEESE DRESSING,PRODUCE
738,10699,CHEESE DRESSING JALAPENO VEEBA,VEEBA CHEESY JALAPENO DRESSING,PRODUCE
739,10700,CAESAR CREMICA DRESSING SALAD,CREMICA CAESAR SALAD DRESSING,PRODUCE
740,11352,FREE GLUTEN GNOCCHERIA GNOCCHI LA PASTA POTATO,LA GNOCCHERIA POTATO GNOCCHI GLUTEN FREE PASTA,READY TO EAT & DELI
741,11353,CHEESE PEPPERS RAVIOLI ROASTED,ROASTED PEPPER & CHEESE RAVIOLI,READY TO EAT & DELI
742,11354,ACASA PASTA RAVIOLI,ACASA RAVIOLI PASTA,READY TO EAT & DELI
743,11355,RAVIOLI RICOTTA SPINACH STYLPASTA,STYLPASTA RAVIOLI RICOTTA SPINACH,READY TO EAT & DELI
744,11356,PESTO POPO RAVIOLI RICOTTA S,POPOÆS RAVIOLI PESTO RICOTTA,READY TO EAT & DELI
745,11357,CULINARIA PACK TORTELLINI,CULINARIA TORTELLINI PACK,READY TO EAT & DELI
746,11358,BORGES PASTA TORTELLINI,BORGES TORTELLINI PASTA,READY TO EAT & DELI
747,11359,DISANO PACK PASTA,DISANO PASTA PACK,READY TO EAT & DELI
748,11360,DEL MONTE PACK PASTA,DEL MONTE PASTA PACK,READY TO EAT & DELI
749,11361,BORGES FUSILLI PASTA,BORGES FUSILLI PASTA,READY TO EAT & DELI
750,11362,BORGES PASTA PENNE,BORGES PENNE PASTA,READY TO EAT & DELI
751,11363,BORGES FETTUCCINE PASTA,BORGES FETTUCCINE PASTA,READY TO EAT & DELI
752,11364,BORGES LINGUINE PASTA,BORGES LINGUINE PASTA,READY TO EAT & DELI
753,11365,ALFREDO DEL MONTE PASTA SAUCE,DEL MONTE ALFREDO PASTA SAUCE,READY TO EAT & DELI
754,11366,DEL MARINADE MONTE SAUCE,DEL MONTE MARINARA SAUCE,READY TO EAT & DELI
755,11367,SAUCE VEEBA BASIL#PESTO,VEEBA BASIL PESTO SAUCE,READY TO EAT & DELI
756,11368,FAMILY PACK SAUCE VEEBA BASIL#PESTO,VEEBA BASIL PESTO SAUCE FAMILY PACK,READY TO EAT & DELI
757,10206,CHICKEN HAM PRASUMA SLICED,PRASUMA CHICKEN HAM SLICES,READY TO EAT & DELI
758,10207,MEATIGO MILANO SALAMI,MEATIGO MILANO SALAMI,READY TO EAT & DELI
759,10208,CHICKEN DEL MEATIGO SLICED SMOKE,MEATIGO SMOKED CHICKEN DELI SLICES,READY TO EAT & DELI
760,10209,CHICKEN HAM PRASUMA SMOKE,PRASUMA SMOKED CHICKEN HAM,READY TO EAT & DELI
761,10210,CHICKEN COLA CUTS HAM LICIOUS SMOKE,LICIOUS SMOKED CHICKEN HAM COLD CUTS,READY TO EAT & DELI
762,10211,CHICKEN ENGLISH HAM PRASUMA SMOKE,PRASUMA ENGLISH SMOKED CHICKEN HAM,READY TO EAT & DELI
763,10212,GLAZED HAM HONEY MEATIGO,MEATIGO HONEY GLAZED HAM,READY TO EAT & DELI
764,10213,BLACK FOREST HAM MEATIGO,MEATIGO BLACK FOREST HAM,READY TO EAT & DELI
765,10214,BREAST CHICKEN MEATIGO SLICED SMOKE,MEATIGO SMOKED CHICKEN BREAST SLICES,READY TO EAT & DELI
766,10215,BOX CHEESE PRASUMA SALAMI SNACK,PRASUMA SALAMI & CHEESE SNACK BOX,READY TO EAT & DELI
767,11256,CHICKEN GODREJ LOAF SLICED,GODREJ CHICKEN LOAF SLICES,READY TO EAT & DELI
768,11257,CHICKEN GRILLED PRASUMA SLICED,PRASUMA GRILLED CHICKEN SLICES,READY TO EAT & DELI
769,11258,CURED HAM HONEY MEATIGO,MEATIGO HONEY CURED HAM,READY TO EAT & DELI
770,11259,GLAZED HAM MAPLE MEATIGO,MEATIGO MAPLE GLAZED HAM,READY TO EAT & DELI
771,11260,CHICKEN PEPPERS PRASUMA PREMIUM,PRASUMA CHICKEN PEPPERONI PREMIUM,READY TO EAT & DELI
772,11261,CHICKEN PEPPERS PRASUMA SLICED,PRASUMA CHICKEN PEPPERONI SLICES,READY TO EAT & DELI
773,11262,CHEESE PACK PRASUMA SALAMI SNACK,PRASUMA SALAMI & CHEESE SNACK PACK,READY TO EAT & DELI
774,11263,MEATIGO MILANO SALAMI,MEATIGO MILANO SALAMI,READY TO EAT & DELI
775,11264,CHICKEN MEATIGO PACK SAUSAGE SNACK,MEATIGO CHICKEN SAUSAGE SNACK PACK,READY TO EAT & DELI
776,11265,CHICKEN PRASUMA SALAMI,PRASUMA CHICKEN SALAMI,READY TO EAT & DELI
777,11266,CHICKEN PRASUMA SALAMI,PRASUMA CHICKEN SALAMI,READY TO EAT & DELI
778,11267,CHICKEN PRASUMA SALAMI,PRASUMA CHICKEN SALAMI,READY TO EAT & DELI
779,11268,BULL CHICKEN PACK PRASUMA SALAMI,PRASUMA CHICKEN SALAMI BULK PACK,READY TO EAT & DELI
780,11269,CHICKEN GODREJ SALAMI,GODREJ CHICKEN SALAMI,READY TO EAT & DELI
781,11270,CHEESE COMBO HAM MEATIGO,MEATIGO HAM & CHEESE COMBO,READY TO EAT & DELI
782,11271,CHICKEN CHILLI PRASUMA SALAMI,PRASUMA CHICKEN CHILLI SALAMI,READY TO EAT & DELI
783,11272,CHEESE HAM LICIOUS SAUSAGE,LICIOUS HAM & CHEESE SAUSAGE,READY TO EAT & DELI
784,11273,GOURMET MEAL PACK PRASUMA,PRASUMA GOURMET MEAT PACK,READY TO EAT & DELI
785,11274,COMBO MEATIGO PACK,MEATIGO COMBO PACK,READY TO EAT & DELI
786,11275,CHICKEN GODREJ SALAMI,GODREJ CHICKEN SALAMI,READY TO EAT & DELI
787,10216,AMUL CHEESE HAVARTI SLICED,AMUL HAVARTI CHEESE SLICES,READY TO EAT & DELI
788,10222,BRITANNIA CHEESE SLICED,BRITANNIA CHEESE SLICES,READY TO EAT & DELI
789,10223,BRITANNIA CHEESE SLICED,BRITANNIA CHEESE SLICES,READY TO EAT & DELI
790,10224,AMUL CHEESE JALAPENO SLICED,AMUL JALAPENO CHEESE SLICES,READY TO EAT & DELI
791,10225,AMUL CHEESE JACK PEPPERS,AMUL PEPPER JACK CHEESE,READY TO EAT & DELI
792,10226,AMUL BLOCK CHEESE FRESH,AMUL FRESH CHEESE BLOCK,READY TO EAT & DELI
793,10227,AMUL CHEESE PROVOLONE,AMUL PROVOLONE CHEESE,READY TO EAT & DELI
794,10235,CHEESE GO SLICED SWISS,GO CHEESE SWISS SLICES,READY TO EAT & DELI
795,10236,AMUL CHEESE MOZZARELLA STRING,AMUL MOZZARELLA STRING CHEESE,READY TO EAT & DELI
796,10239,BRITANNIA CHEESE PACK SLICED,BRITANNIA CHEESE SLICES PACK,READY TO EAT & DELI
797,11293,AMUL BLOCK CHEDDAR,AMUL CHEDDAR BLOCK,READY TO EAT & DELI
798,11294,CHEESE GO SWISS,GO CHEESE SWISS CHEESE,READY TO EAT & DELI
799,11326,AMUL CAMEMBERT CHEESE,AMUL CAMEMBERT CHEESE,READY TO EAT & DELI
800,11327,AMUL BRIE CHEESE,AMUL BRIE CHEESE,READY TO EAT & DELI
801,11328,AMUL BLOCK BRIE CHEESE,AMUL BRIE CHEESE BLOCK,READY TO EAT & DELI
802,11329,BITE BRIE CHEESE GO,GO CHEESE BRIE BITES,READY TO EAT & DELI
803,11330,AMUL CHEESE CHUNKS GOAT,AMUL GOAT CHEESE CHUNK,READY TO EAT & DELI
804,11331,AMUL CHEDDAR SMOKE,AMUL SMOKED CHEDDAR,READY TO EAT & DELI
805,11332,AMUL CHEDDAR PREMIUM,AMUL PREMIUM CHEDDAR,READY TO EAT & DELI
806,11333,AMUL CHEESE CUBES,AMUL CHEESE CUBES,READY TO EAT & DELI
807,11334,AMUL BLUEBERRY CHEESE GOAT,AMUL GOAT CHEESE BLUEBERRY,READY TO EAT & DELI
808,11335,AMUL CHEESE GOAT SPREAD,AMUL GOAT CHEESE SPREAD,READY TO EAT & DELI
809,11336,AMUL BALLS MOZZARELLA,AMUL MOZZARELLA BALLS,READY TO EAT & DELI
810,11337,AMUL GOUDA SMOKE,AMUL SMOKED GOUDA,READY TO EAT & DELI
811,11338,CHEESE GO GOUDA WEDGES,GO CHEESE GOUDA WEDGES,READY TO EAT & DELI
812,11339,AGED AMUL GOUDA,AMUL AGED GOUDA,READY TO EAT & DELI
813,11340,BRITANNIA CHEESE SPREAD,BRITANNIA CHEESE SPREAD,READY TO EAT & DELI
814,11341,CHEESE EPIGAMIA SPREAD,EPIGAMIA CHEESE SPREAD,READY TO EAT & DELI
815,11342,CHEESE EPIGAMIA SPREAD,EPIGAMIA CHEESE SPREAD,READY TO EAT & DELI
816,11349,BRITANNIA CHEESE SLICED,BRITANNIA CHEESE SLICES,READY TO EAT & DELI
817,10240,GODREJ SALAD SEAFOOD YUMMIEZ,GODREJ YUMMIEZ SEAFOOD SALAD,READY TO EAT & DELI
818,11232,CAESAR CHICKEN GODREJ SALAD YUMMIEZ,GODREJ YUMMIEZ CHICKEN CAESAR SALAD,READY TO EAT & DELI
819,11350,PASTA ROTINI SALAD VEEBA,VEEBA PASTA SALAD ROTINI,READY TO EAT & DELI
820,11351,BEANS SALAD THREE VEEBA,VEEBA THREE BEAN SALAD,READY TO EAT & DELI
821,11369,POTATO SALAD VEEBA,VEEBA POTATO SALAD,READY TO EAT & DELI
822,11381,PASTA PLATES SALAD URBAN,URBAN PLATTER PASTA SALAD,READY TO EAT & DELI
823,11382,KALE MANGO PLATES SALAD URBAN,URBAN PLATTER KALE MANGO SALAD,READY TO EAT & DELI
824,11383,ENERGY PLATES SALAD URBAN,URBAN PLATTER ENERGY SALAD,READY TO EAT & DELI
825,11384,CHICKEN GODREJ SALAD YUMMIEZ,GODREJ YUMMIEZ CHICKEN SALAD,READY TO EAT & DELI
826,11385,SALAD TUSCAN VEEBA,VEEBA TUSCAN SALAD,READY TO EAT & DELI
827,10218,CRYSTALS JELLICE JELLY,JELLICE JELLY CRYSTALS,READY TO EAT & DELI
828,10219,DESSERT MOUSSE PUMPKIN SMOOR,SMOOR PUMPKIN DESSERT MOUSSE,READY TO EAT & DELI
829,10220,CHEESE PASTA SALAD WINGREENS,WINGREENS CHEESY PASTA SALAD,READY TO EAT & DELI
830,10221,HERBED POTATO SALAD WINGREENS,WINGREENS HERBED POTATO SALAD,READY TO EAT & DELI
831,11280,BERRY DESSERT NOTO YOGURT,NOTO BERRY YOGURT DESSERT,READY TO EAT & DELI
832,11281,BASKIN DESSERT RASPBERRY ROBBINS,BASKIN ROBBINS RASPBERRY DESSERT,READY TO EAT & DELI
833,11282,AMUL PISTACHIO SHRIKHAND,AMUL PISTACHIO SHRIKHAND,READY TO EAT & DELI
834,11283,CREAMY CREAMBELL DESSERT FRUIT,CREAMBELL FRUIT & CREAM DESSERT,READY TO EAT & DELI
835,11284,RUSSIAN SALAD WINGREENS,WINGREENS RUSSIAN SALAD,READY TO EAT & DELI
836,11285,MACARONI SALAD WINGREENS,WINGREENS MACARONI SALAD,READY TO EAT & DELI
837,11286,GARDEN PASTA SALAD WINGREENS,WINGREENS GARDEN PASTA SALAD,READY TO EAT & DELI
838,11287,MUSTARD POTATO SALAD WINGREENS,WINGREENS MUSTARD POTATO SALAD,READY TO EAT & DELI
839,11288,MUSTARD POTATO SALAD WINGREENS,WINGREENS MUSTARD POTATO SALAD,READY TO EAT & DELI
840,11289,DEL FILLING MONTE SALAD,DEL MONTE SALAD FILLING,READY TO EAT & DELI
841,11290,AMERICAN DIP MUSTARD WINGREENS,WINGREENS AMERICAN MUSTARD DIP,READY TO EAT & DELI
842,11291,HERBED POTATO SALAD WINGREENS,WINGREENS HERBED POTATO SALAD,READY TO EAT & DELI
843,11292,POTATO SALAD WINGREENS,WINGREENS POTATO SALAD,READY TO EAT & DELI
844,11233,BRITANNIA BUNS PRETZEL SLIDER,BRITANNIA PRETZEL SLIDER BUNS,READY TO EAT & DELI
845,11234,BRITANNIA BUNS HAMBURGER PACK,BRITANNIA HAMBURGER BUNS PACK,READY TO EAT & DELI
846,11235,BRITANNIA BUTTER ROLLS,BRITANNIA BUTTER ROLLS,READY TO EAT & DELI
847,11236,BRITANNIA BUNS BURGER PRETZEL,BRITANNIA PRETZEL BURGER BUNS,READY TO EAT & DELI
848,11237,BRITANNIA ROLLS SWEET,BRITANNIA SWEET ROLLS,READY TO EAT & DELI
849,11238,DIPPERS HALDIRAM NAAN S,HALDIRAM'S NAAN DIPPERS,READY TO EAT & DELI
850,11239,CRISPY HALDIRAM NAAN S,HALDIRAM'S NAAN CRISPS,READY TO EAT & DELI
851,11370,CHEESE CHICKEN FRESH MEAL PLATES RELIANCE,RELIANCE FRESH CHICKEN MEAT & CHEESE PLATTER,READY TO EAT & DELI
852,11371,CHEESE FRESH FRUIT PLATES RELIANCE,RELIANCE FRESH FRUIT & CHEESE PLATTER,READY TO EAT & DELI
853,11372,CHICKEN GODREJ PARTY SALAMI TRAP YUMMIEZ,GODREJ YUMMIEZ CHICKEN SALAMI PARTY TRAY,READY TO EAT & DELI
854,11373,CHEESE CLASSIC FRESH MEAL PLATES RELIANCE,RELIANCE FRESH CLASSIC MEAT & CHEESE PLATTER,READY TO EAT & DELI
855,11374,CHEESE CLASSIC FRESH MEAL PLATES RELIANCE,RELIANCE FRESH CLASSIC MEAT & CHEESE PLATTER,READY TO EAT & DELI
856,11375,DEL FRESH PACK PARTY RELIANCE,RELIANCE FRESH DELI PARTY PACK,READY TO EAT & DELI
857,11376,CHICKEN FRESH PLATES RELIANCE SANDWICH,RELIANCE FRESH CHICKEN SANDWICH PLATTER,READY TO EAT & DELI
858,11377,BAGUETTE CHICKEN FRESH PLATES RELIANCE,RELIANCE FRESH CHICKEN BAGUETTE PLATTER,READY TO EAT & DELI
859,11378,CHICKEN FRESH PARTY PLATES RELIANCE ROLLS,RELIANCE FRESH CHICKEN PARTY ROLL PLATTER,READY TO EAT & DELI
860,11379,FRESH PLATES RELIANCE VEG,RELIANCE FRESH VEG PLATTER,READY TO EAT & DELI
861,11380,FRESH PLATES RELIANCE VEG,RELIANCE FRESH VEG PLATTER,READY TO EAT & DELI
862,11386,CHEESE GODREJ PLATES SAUSAGE YUMMIEZ,GODREJ YUMMIEZ SAUSAGE & CHEESE PLATTER,READY TO EAT & DELI
863,11387,CHICKEN COLA CUTS FRESH PLATES RELIANCE,RELIANCE FRESH CHICKEN COLD CUTS PLATTER,READY TO EAT & DELI
864,11388,FRESH PARTY PLATES RELIANCE SNACK,RELIANCE FRESH PARTY SNACK PLATTER,READY TO EAT & DELI
865,11389,FRESH PLATES PREMIUM RELIANCE SNACK,RELIANCE FRESH PREMIUM SNACK PLATTER,READY TO EAT & DELI
866,11390,GODREJ PEPPERS SNACK TRAP YUMMIEZ,GODREJ YUMMIEZ PEPPERONI SNACK TRAY,READY TO EAT & DELI
867,11391,CHICKEN GODREJ SNACK TRAP YUMMIEZ,GODREJ YUMMIEZ CHICKEN SNACK TRAY,READY TO EAT & DELI
868,10228,SNACK TUNA NIBBLES#TASTY,TASTY NIBBLES TUNA SNACK,READY TO EAT & DELI
869,11295,AMUL CHEESE PACK SNACK,AMUL CHEESE SNACK PACK,READY TO EAT & DELI
870,11296,BRITANNIA CHEESE PACK SNACK,BRITANNIA CHEESE SNACK PACK,READY TO EAT & DELI
871,11297,AMUL CHEESE SLICED SNACK,AMUL CHEESE SLICES SNACK,READY TO EAT & DELI
872,11298,BISCUIT BRITANNIA PACK SNACK,BRITANNIA BISCUIT SNACK PACK,READY TO EAT & DELI
873,11299,AMUL CHEESE CUBES PACK,AMUL CHEESE CUBES PACK,READY TO EAT & DELI
874,11300,BRITANNIA CHEESE PACK SNACK,BRITANNIA CHEESE SNACK PACK,READY TO EAT & DELI
875,11301,CHICKEN PACK S SNACK VENKY,VENKYÆS CHICKEN SNACK PACK,READY TO EAT & DELI
876,11302,SNACK TUNA NIBBLES#TASTY,TASTY NIBBLES TUNA SNACK,READY TO EAT & DELI
877,11303,CHICKEN LICIOUS PACK SNACK,LICIOUS CHICKEN SNACK PACK,READY TO EAT & DELI
878,11304,PACK TUNA NIBBLES#TASTY,TASTY NIBBLES TUNA PACK,READY TO EAT & DELI
879,11305,KELLOGG PACK S SNACK,KELLOGGÆS SNACK PACK,READY TO EAT & DELI
880,11306,AMUL PIZZA SNACK,AMUL PIZZA SNACK,READY TO EAT & DELI
881,11307,CHICKEN GODREJ PACK SNACK,GODREJ CHICKEN SNACK PACK,READY TO EAT & DELI
882,11308,CHICKEN SNACK ZORABIAN,ZORABIAN CHICKEN SNACK,READY TO EAT & DELI
883,11309,SNACK TUNA NIBBLES#TASTY,TASTY NIBBLES TUNA SNACK,READY TO EAT & DELI
884,11310,PACK TUNA NIBBLES#TASTY,TASTY NIBBLES TUNA PACK,READY TO EAT & DELI
885,11311,CHICKEN LICIOUS PACK,LICIOUS CHICKEN PACK,READY TO EAT & DELI
886,11312,CHICKEN LICIOUS SNACK,LICIOUS CHICKEN SNACK,READY TO EAT & DELI
887,10203,CHILLI DIP GHOST SPICY VEEBA,VEEBA SPICY GHOST CHILLI DIP,READY TO EAT & DELI
888,10204,AMUL CHEESE DIP SPREAD,AMUL CHEESE SPREAD DIP,READY TO EAT & DELI
889,10205,DESSERT DIP EPIGAMIA LEMON,EPIGAMIA LEMON DESSERT DIP,READY TO EAT & DELI
890,10217,DESSERT DIP PUMPKIN WINGREENS,WINGREENS PUMPKIN DESSERT DIP,READY TO EAT & DELI
891,11240,DIP SANDWICH SAUCE VEEBA,VEEBA SANDWICH SAUCE DIP,READY TO EAT & DELI
892,11241,BUFFALO DIP SAUCE VEEBA,VEEBA BUFFALO SAUCE DIP,READY TO EAT & DELI
893,11242,DIP MEXICAN WINGREENS,WINGREENS MEXICALI DIP,READY TO EAT & DELI
894,11243,DIP ONION VEEBA,VEEBA ONION DIP,READY TO EAT & DELI
895,11244,CHIPOTLE DIP VEEBA,VEEBA CHIPOTLE DIP,READY TO EAT & DELI
896,11245,AMUL CHEESE DIP,AMUL CHEESE DIP,READY TO EAT & DELI
897,11246,DIP GUACAMOLE WINGREENS,WINGREENS GUACAMOLE DIP,READY TO EAT & DELI
898,11247,CHOCOLATE EPIGAMIA HUMMUS,EPIGAMIA CHOCOLATE HUMMUS,READY TO EAT & DELI
899,11248,HUMMUS SPICY WINGREENS,WINGREENS SPICY HUMMUS,READY TO EAT & DELI
900,11249,CAPSICUM HUMMUS ROASTED WINGREENS,WINGREENS ROASTED CAPSICUM HUMMUS,READY TO EAT & DELI
901,11250,HUMMUS VEEBA,VEEBA HUMMUS,READY TO EAT & DELI
902,11251,HUMMUS LEMON WINGREENS,WINGREENS LEMON HUMMUS,READY TO EAT & DELI
903,11252,HUMMUS MANTRA,24 MANTRA HUMMUS,READY TO EAT & DELI
904,11253,HUMMUS MANGO WINGREENS,WINGREENS MANGO HUMMUS,READY TO EAT & DELI
905,11254,CLASSIC HUMMUS MANTRA,24 MANTRA CLASSIC HUMMUS,READY TO EAT & DELI
906,11255,HUMMUS PACK SNACK WINGREENS,WINGREENS HUMMUS SNACK PACK,READY TO EAT & DELI
907,11276,DIP SALT VEEBA,VEEBA SALSA DIP,READY TO EAT & DELI
908,11277,DIP SALT WINGREENS,WINGREENS SALSA DIP,READY TO EAT & DELI
909,11278,SALT TOMATO VEEBA,VEEBA TOMATO SALSA,READY TO EAT & DELI
910,11279,GREEN SALT WINGREENS,WINGREENS GREEN SALSA,READY TO EAT & DELI
911,10229,BORGES KALAMATA OLIVES,BORGES KALAMATA OLIVES,READY TO EAT & DELI
912,10230,FIGARO GREEN OLIVES,FIGARO GREEN OLIVES,READY TO EAT & DELI
913,10231,OLIVES PLATES URBAN,URBAN PLATTER OLIVES,READY TO EAT & DELI
914,10232,BORGES GRILLED OLIVES,BORGES GRILLED OLIVES,READY TO EAT & DELI
915,10233,PICKLED PRAVIN,PRAVIN PICKLE,READY TO EAT & DELI
916,10234,CHIPS NEO PICKLED,NEO PICKLE CHIPS,READY TO EAT & DELI
917,10237,CRACKERS UNIBIC,UNIBIC CRACKERS,READY TO EAT & DELI
918,10238,BINGO CHIPS TORTILLA,BINGO TORTILLA CHIPS,READY TO EAT & DELI
919,11313,AMUL CHEESE PLATES,AMUL CHEESE PLATTER,READY TO EAT & DELI
920,11314,BRUSCHETTA VEEBA,VEEBA BRUSCHETTA,READY TO EAT & DELI
921,11315,FIGARO MIXED OLIVES,FIGARO MIXED OLIVES,READY TO EAT & DELI
922,11316,PLATES SAUERKRAUT URBAN,URBAN PLATTER SAUERKRAUT,READY TO EAT & DELI
923,11317,PICKLED PRAVIN SPEARS,PRAVIN PICKLE SPEARS,READY TO EAT & DELI
924,11318,GHERKINS PICKLED PLATES URBAN,URBAN PLATTER PICKLED GHERKINS,READY TO EAT & DELI
925,11319,BITE NEO PICKLED,NEO PICKLE BITES,READY TO EAT & DELI
926,11320,BRITANNIA CRACKERS,BRITANNIA CRACKERS,READY TO EAT & DELI
927,11321,BRITANNIA CRACKERS MINT,BRITANNIA MINI CRACKERS,READY TO EAT & DELI
928,11322,BRITANNIA CRACKERS,BRITANNIA CRACKERS,READY TO EAT & DELI
929,11323,CHIPS TOO#YUMM,TOO YUMM CHIPS,READY TO EAT & DELI
930,11324,BRITANNIA CRACKERS,BRITANNIA CRACKERS,READY TO EAT & DELI
931,11325,BITE PRETZEL TOO#YUMM,TOO YUMM PRETZEL BITES,READY TO EAT & DELI
932,11343,CRISPY PLATES URBAN,URBAN PLATTER CRISPS,READY TO EAT & DELI
933,11344,CHIPS PITA TOO#YUMM,TOO YUMM PITA CHIPS,READY TO EAT & DELI
934,11345,CHIPS PITA TOO#YUMM,TOO YUMM PITA CHIPS,READY TO EAT & DELI
935,11346,CHIPS PITA PLATES URBAN,URBAN PLATTER PITA CHIPS,READY TO EAT & DELI
936,11347,CHIPS THIN TOO#YUMM,TOO YUMM THIN CHIPS,READY TO EAT & DELI
937,11348,CRISPY PRETZEL TOO#YUMM,TOO YUMM PRETZEL CRISPS,READY TO EAT & DELI
938,10192,COUPON DISCOUNT STORE,STORE COUPON DISCOUNT,READY TO EAT & DELI
939,10951,MINT PRONAMEL SENSODYNE TOOTHPASTE,SENSODYNE PRONAMEL MINT TOOTHPASTE,GM/HBC
940,10950,ENAMEL FOR INTENSIVE PROTECTION REPAIR SENSITIVE SENSODYNE TEETH TOOTHPASTE,SENSODYNE INTENSIVE ENAMEL REPAIR TOOTHPASTE FOR SENSITIVE TEETH PROTECTION,GM/HBC
941,10946,CARB ENAMEL FLAVOUR FOR FRESH PRONAMEL SENSODYNE TOOTHPASTE WAVY WITH,SENSODYNE PRONAMEL TOOTHPASTE WITH FRESH WAVE FLAVOUR FOR ENAMEL CARE,GM/HBC
942,10949,INTENSIVE PRONAMEL REPAIR SENSODYNE TOOTHPASTE,SENSODYNE PRONAMEL INTENSIVE REPAIR TOOTHPASTE,GM/HBC
943,10947,GENTLE PRONAMEL SENSODYNE TOOTHPASTE WHITENING,SENSODYNE PRONAMEL GENTLE WHITENING TOOTHPASTE,GM/HBC
944,10948,FRESH PRONAMEL SENSODYNE TOOTHPASTE WAVY,SENSODYNE PRONAMEL FRESH WAVE TOOTHPASTE,GM/HBC
945,10945,ACTION MULTI PRONAMEL SENSODYNE TOOTHPASTE,SENSODYNE PRONAMEL MULTI-ACTION TOOTHPASTE,GM/HBC
946,10952,FRESH MINT PRONAMEL SENSODYNE TOOTHPASTE,SENSODYNE PRONAMEL FRESH MINT TOOTHPASTE,GM/HBC
947,10953,PARODONTAX TOOTHPASTE WHITENING,PARODONTAX WHITENING TOOTHPASTE,GM/HBC
948,10954,CLEAR COLGATE DEEP MINT TOOTHPASTE TOTAL,COLGATE TOTAL DEEP CLEAN MINT TOOTHPASTE,GM/HBC
949,10956,HERBAL HIMALAYAN SPARKLING TOOTHPASTE WHITE,HIMALAYA SPARKLING WHITE HERBAL TOOTHPASTE,GM/HBC
950,10957,TOOTHPASTE WHITE COLGATE#VISIBLE,COLGATE VISIBLE WHITE TOOTHPASTE,GM/HBC
951,10958,PACK TOOTHPASTE TWIN WHITE COLGATE#VISIBLE,COLGATE VISIBLE WHITE TOOTHPASTE TWIN PACK,GM/HBC
952,10967,CLEAR GUM SENSITIVE SENSODYNE TOOTHPASTE,SENSODYNE SENSITIVITY & GUM CLEAN TOOTHPASTE,GM/HBC
953,10959,EXTRA PACK SENSODYNE TOOTHPASTE TWIN WHITENING,SENSODYNE EXTRA WHITENING TOOTHPASTE TWIN PACK,GM/HBC
954,10964,CARB GUM SENSITIVE SENSODYNE TOOTHPASTE,SENSODYNE SENSITIVITY & GUM CARE TOOTHPASTE,GM/HBC
955,10966,SENSITIVE SENSODYNE TOOTHPASTE WHITENING,SENSODYNE SENSITIVITY WHITENING TOOTHPASTE,GM/HBC
956,10963,SENSITIVE SENSODYNE TEETH TOOTHPASTE WHITENING,SENSODYNE SENSITIVE TEETH WHITENING TOOTHPASTE,GM/HBC
957,10962,PROTEIN REPAIR SENSODYNE TOOTHPASTE WHITENING,SENSODYNE REPAIR & PROTECT WHITENING TOOTHPASTE,GM/HBC
958,10960,COMPLETE EXTRA FRESH PROTECTION SENSODYNE TOOTHPASTE,SENSODYNE COMPLETE PROTECTION EXTRA FRESH TOOTHPASTE,GM/HBC
959,10965,COMPLETE PROTECTION SENSODYNE TOOTHPASTE,SENSODYNE COMPLETE PROTECTION TOOTHPASTE,GM/HBC
960,10961,MINT SENSODYNE TOOTHPASTE,SENSODYNE MINT TOOTHPASTE,GM/HBC
961,10968,O TOOTHPASTE WHITE COLGATE#VISIBLE,COLGATE VISIBLE WHITE O2 TOOTHPASTE,GM/HBC
962,10969,TOOTHPASTE WHITE COLGATE#VISIBLE,COLGATE VISIBLE WHITE TOOTHPASTE,GM/HBC
963,10970,ACTIV CHARCOAL COLGATE SALT TOOTHPASTE,COLGATE ACTIVE SALT CHARCOAL TOOTHPASTE,GM/HBC
964,10971,TOOTHPASTE WHITE COLGATE#VISIBLE,COLGATE VISIBLE WHITE TOOTHPASTE,GM/HBC
965,10972,PRONAMEL SENSODYNE TOOTHPASTE WHITENING,SENSODYNE PRONAMEL WHITENING TOOTHPASTE,GM/HBC
966,11109,BALM CHERRY HIMALAYAN LIP,HIMALAYA LIP BALM CHERRY,GM/HBC
967,11110,ANTISEPTIC BOROLINE CREAMY,BOROLINE ANTISEPTIC CREAM,GM/HBC
968,11108,BALM CARB LIP NIVEA OF ORIGINAL PACK STICK,NIVEA LIP BALM ORIGINAL CARE STICK PACK OF 3,GM/HBC
969,11111,CHYAWANPRASH DABUR GUMMIES,DABUR CHYAWANPRASH GUMMIES,GM/HBC
970,11133,ALOE GEL GILLETTE SENSITIVE SHAVING SKIN,GILLETTE SENSITIVE SKIN SHAVING GEL ALOE,GM/HBC
971,11141,GEL GILLETTE SENSITIVE SHAVING SKIN,GILLETTE SENSITIVE SKIN SHAVING GEL,GM/HBC
972,11139,GEL GILLETTE SENSITIVE SHAVING ULTRA,GILLETTE ULTRA SENSITIVE SHAVING GEL,GM/HBC
973,11138,GEL GILLETTE MOISTURIZING SHAVING,GILLETTE MOISTURIZING SHAVING GEL,GM/HBC
974,11140,GEL SHAVING TEA TREE AVENUE#PARK,PARK AVENUE TEA TREE SHAVING GEL,GM/HBC
975,11137,ALOE GEL GILLETTE SHAVING VERA,GILLETTE ALOE VERA SHAVING GEL,GM/HBC
976,11136,BUTTER CEDARWOOD GEL SHAVING SHEA AVENUE#PARK,PARK AVENUE CEDARWOOD & SHEA BUTTER SHAVING GEL,GM/HBC
977,11150,BATH KHADI LAVENDER NATURAL SALT,KHADI NATURAL LAVENDER BATH SALT,GM/HBC
978,11149,BATH KHADI NATURAL SALT SEA,KHADI NATURAL SEA SALT BATH SALT,GM/HBC
979,11154,BATH HIMALAYAN PATANJALI SALT,PATANJALI HIMALAYAN BATH SALT,GM/HBC
980,11155,BATH EUCALYPTUS SALT SOULFLOWER,SOULFLOWER EUCALYPTUS BATH SALT,GM/HBC
981,11153,BATH KHADI NATURAL SALT SLEEP#THERAPY,KHADI NATURAL SLEEP THERAPY BATH SALT,GM/HBC
982,11152,BATH PATANJALI RELIEF SALT STRESS,PATANJALI STRESS RELIEF BATH SALT,GM/HBC
983,11151,AROMAHPURE BATH LAVENDER NATURAL SALT,AROMAHPURE NATURAL LAVENDER BATH SALT,GM/HBC
984,11156,BATH EUCALYPTUS SALT SOULFLOWER,SOULFLOWER EUCALYPTUS BATH SALT,GM/HBC
985,11158,BATH BUBBLE KHADI LAVENDER NATURAL,KHADI NATURAL LAVENDER BUBBLE BATH,GM/HBC
986,11157,BATH BUBBLE KHADI NATURAL RELAXING,KHADI NATURAL RELAXING BUBBLE BATH,GM/HBC
987,11160,BATH BUBBLE CO ELDERBERRY LOVE THE,THE LOVE CO ELDERBERRY BUBBLE BATH,GM/HBC
988,11159,BATH BUBBLE KHADI LAVENDER NATURAL SLEEP#THERAPY,KHADI NATURAL LAVENDER SLEEP THERAPY BUBBLE BATH,GM/HBC
989,11162,BODY CARB DOVE EXTRA FRESH MEN WASH,DOVE MEN+CARE EXTRA FRESH BODY WASH,GM/HBC
990,11161,BODY CARB DOVE EXTRA FRESH MEN WASH,DOVE MEN+CARE EXTRA FRESH BODY WASH,GM/HBC
991,11163,DEEP GEL IMPACT MEN NIVEA SHOWER,NIVEA MEN DEEP IMPACT SHOWER GEL,GM/HBC
992,11166,BODY DOVE SENSITIVE SKIN WASH,DOVE SENSITIVE SKIN BODY WASH,GM/HBC
993,11164,BODY DEEPLY DOVE NOURISHING WASH,DOVE DEEPLY NOURISHING BODY WASH,GM/HBC
994,11165,BODY COCONUT JOJOBA NIVEA OIL WASH,NIVEA COCONUT & JOJOBA OIL BODY WASH,GM/HBC
995,11167,BODY CARB DOVE RELAXING WASH,DOVE RELAXING CARE BODY WASH,GM/HBC
996,11168,GEL TOTAL HAND#LIFEBUOY#SANITIZER,LIFEBUOY TOTAL HAND SANITIZER GEL,GM/HBC
997,11169,GEL TOTAL HAND#LIFEBUOY#SANITIZER,LIFEBUOY TOTAL 10 HAND SANITIZER GEL,GM/HBC
998,11170,BOTTLE PUMP HAND#LIFEBUOY#SANITIZER,LIFEBUOY HAND SANITIZER PUMP BOTTLE,GM/HBC
999,11171,ADVANCED BODY OIL PARACHUTE,PARACHUTE ADVANCED BODY OIL,GM/HBC
1000,11172,BODY DAILY FRAGRANCE FREE LOTION MOISTURIZING VASELINE,VASELINE DAILY MOISTURIZING BODY LOTION FRAGRANCE FREE,GM/HBC
1001,11173,BALM LIP NIVEA FRUITY#SHINE,NIVEA FRUITY SHINE LIP BALM,GM/HBC
1002,11174,BALM LIP NIVEA FRUITY#SHINE,NIVEA FRUITY SHINE LIP BALM,GM/HBC
1003,11175,BALM CARB LIP NIVEA ORIGINAL SPF,NIVEA ORIGINAL CARE LIP BALM SPF 15,GM/HBC
1004,11176,BALM LAKME LIP LOVE STRAWBERRY,LAKME LIP LOVE LIP BALM STRAWBERRY,GM/HBC
1005,11177,NEUTROGENA SHEER SPF SUNSCREEN ULTRA,NEUTROGENA ULTRA SHEER SUNSCREEN SPF 50,GM/HBC
1006,11178,LOTION MOISTURE NIVEA PROTEIN SPF SUN,NIVEA SUN PROTECT & MOISTURE SPF 50 LOTION,GM/HBC
1007,11179,HERBAL LOTUS SAFE SPF SPORTS SUN SUNSCREEN,LOTUS HERBALS SAFE SUN SPORT SPF 30 SUNSCREEN,GM/HBC
1008,11181,CETAPHIL LOTION MOISTURIZING,CETAPHIL MOISTURISING LOTION,GM/HBC
1009,11180,CETAPHIL CLEANER GENTLE SKIN,CETAPHIL GENTLE SKIN CLEANSER,GM/HBC
1010,11182,CLEANER GEL NEUTROGENA WATER BOOST#HYDRO,NEUTROGENA HYDRO BOOST WATER GEL CLEANSER,GM/HBC
1011,11184,GEL NEUTROGENA WATER BOOST#HYDRO,NEUTROGENA HYDRO BOOST WATER GEL,GM/HBC
1012,11183,CETAPHIL CLEANER GENTLE SKIN,CETAPHIL GENTLE SKIN CLEANSER,GM/HBC
1013,11393,CAPSULES D IU K SOFTGEL VITAMIN CARBAMIDE#FORTE,CARBAMIDE FORTE VITAMIN D3 60K IU SOFTGEL CAPSULES,GM/HBC
1014,11395,CAPSULES PROBIOTIC STRAIN CARBAMIDE#FORTE,CARBAMIDE FORTE PROBIOTIC 14 STRAIN CAPSULES,GM/HBC
1015,11396,MELATONIN MG TABLETS CARBAMIDE#FORTE,CARBAMIDE FORTE MELATONIN 3 MG TABLETS,GM/HBC
1016,11397,MELATONIN MG TABLETS CARBAMIDE#FORTE,CARBAMIDE FORTE MELATONIN 3 MG TABLETS,GM/HBC
1017,11398,FISH FLAVOUR HEALTHKART LEMON MG OIL SOFTGEL,HEALTHKART FISH OIL 1200 MG LEMON FLAVOUR SOFTGELS,GM/HBC
1018,10242,BABY BODY HIMALAYAN LAVENDER SHAMPOO WASH,HIMALAYA BABY SHAMPOO & BODY WASH LAVENDER,GM/HBC
1019,10241,BABY CONDITIONER HIMALAYAN LAVENDER,HIMALAYA BABY CONDITIONER LAVENDER,GM/HBC
1020,10243,BABY HIMALAYAN LAVENDER LOTION,HIMALAYA BABY LOTION LAVENDER,GM/HBC
1021,10244,BABY BODY HIMALAYAN SENSITIVE SHAMPOO WASH,HIMALAYA BABY SHAMPOO & BODY WASH SENSITIVE,GM/HBC
1022,10245,BABY BODY COMFORT CREAMY HIMALAYAN SHAMPOO SWEET WASH,HIMALAYA BABY SHAMPOO & BODY WASH SWEET CREAM COMFORT,GM/HBC
1023,10246,ALMOND BABY BODY HIMALAYAN SWEET WASH,HIMALAYA BABY BODY WASH SWEET ALMOND,GM/HBC
1024,10247,BABY CREAMY DIAPER HIMALAYAN RASH,HIMALAYA BABY DIAPER RASH CREAM,GM/HBC
1025,10445,FACE HIMALAYAN NEEM PURIFYING STICK WASH,HIMALAYA PURIFYING NEEM FACE WASH STICK,GM/HBC
1026,10450,FIT FOUNDATION MAPLE MAYBELLINE ME STICK,MAYBELLINE FIT ME FOUNDATION STICK MAPLE,GM/HBC
1027,10452,FINISH FOUNDATION INVISIBLE IVORY LAKM,LAKMΘ INVISIBLE FINISH FOUNDATION IVORY,GM/HBC
1028,10443,COSMETICS FACE MAKEUP OAK STICK SUGAR,SUGAR COSMETICS FACE MAKEUP STICK OAK,GM/HBC
1029,10449,BEIGE CREAMY FOUNDATION STICK CANADA#FACES,FACES CANADA FOUNDATION STICK CREAMY BEIGE,GM/HBC
1030,10454,DEW FROSTED HIGHLIGHTER LAKM LIQUID,LAKMΘ LIQUID HIGHLIGHTER DEW FROST,GM/HBC
1031,10459,FIT FOUNDATION MAYBELLINE ME TATA,MAYBELLINE FIT ME FOUNDATION TAN,GM/HBC
1032,10446,BISQUE COLORBAR FOUNDATION STICK,COLORBAR FOUNDATION STICK BISQUE,GM/HBC
1033,10460,COSMETICS FOUNDATION STICK SUGAR WALNUT,SUGAR COSMETICS FOUNDATION STICK WALNUT,GM/HBC
1034,10448,FOUNDATION IVORY STICK CANADA#FACES,FACES CANADA FOUNDATION STICK IVORY,GM/HBC
1035,10451,FOUNDATION LAKM NUDE STICK,LAKMΘ FOUNDATION STICK NUDE,GM/HBC
1036,10453,FLORAL FOUNDATION MAYBELLINE STICK TONE,MAYBELLINE FOUNDATION STICK FLORAL TONE,GM/HBC
1037,10447,COLORBAR FOUNDATION PORCELAIN,COLORBAR FOUNDATION PORCELAIN,GM/HBC
1038,10444,BEIGE COSMETICS FOUNDATION PERFECT SUGAR,SUGAR COSMETICS FOUNDATION PERFECT BEIGE,GM/HBC
1039,10457,FOUNDATION NUDE STICK CANADA#FACES,FACES CANADA FOUNDATION STICK NUDE,GM/HBC
1040,10458,FOUNDATION LAKM PORCELAIN,LAKMΘ FOUNDATION PORCELAIN,GM/HBC
1041,10455,FOUNDATION MAYBELLINE NATURAL,MAYBELLINE FOUNDATION NATURAL,GM/HBC
1042,10456,COLORBAR MAKEUP PEACH STICK,COLORBAR MAKEUP STICK PEACH,GM/HBC
1043,10468,ENRICH LAKM VIOLET LIPSTICK#MATTE,LAKMΘ ENRICH MATTE LIPSTICK VIOLET,GM/HBC
1044,10471,COLORBAR LINER LIP LUMBER PARTNER,COLORBAR LIP LINER LUMBER PARTNER,GM/HBC
1045,10463,COFFEE CRAVE CREAMY MAYBELLINE LIPSTICK#MATTE NEW#YORK,MAYBELLINE NEW YORK CREAMY MATTE LIPSTICK COFFEE CRAVE,GM/HBC
1046,10461,LINER LIP ROSEWOOD CANADA#FACES,FACES CANADA LIP LINER ROSEWOOD,GM/HBC
1047,10467,ENRICH LAKM SPELLBOUND LIPSTICK#MATTE,LAKMΘ ENRICH MATTE LIPSTICK SPELLBOUND,GM/HBC
1048,10472,A COSMETICS FIRE LIT SUGAR LIPSTICK#MATTE,SUGAR COSMETICS MATTE LIPSTICK LIT A FIRE,GM/HBC
1049,10464,CREAMY DE MAYBELLINE DULCE#LECHE LIPSTICK#MATTE NEW#YORK,MAYBELLINE NEW YORK CREAMY MATTE LIPSTICK DULCE DE LECHE,GM/HBC
1050,10474,LINER LIP ROSEWOOD CANADA#FACES,FACES CANADA LIP LINER ROSEWOOD,GM/HBC
1051,10469,BLUSH ENRICH LAKM SWEETHEART LIPSTICK#MATTE,LAKMΘ ENRICH MATTE LIPSTICK SWEETHEART BLUSH,GM/HBC
1052,10462,COSMETICS HOT SUGAR LIPSTICK#MATTE,SUGAR COSMETICS MATTE LIPSTICK HOT,GM/HBC
1053,10470,COLORBAR GARNET LINER LIP RED,COLORBAR LIP LINER GARNET RED,GM/HBC
1054,10465,CREAMY MAYBELLINE SCARLET LIPSTICK#MATTE NEW#YORK,MAYBELLINE NEW YORK CREAMY MATTE LIPSTICK SCARLET,GM/HBC
1055,10466,ENRICH LAKM SIENNA LIPSTICK#MATTE,LAKMΘ ENRICH MATTE LIPSTICK SIENNA,GM/HBC
1056,10475,LINER LIP NUDE CANADA#FACES,FACES CANADA LIP LINER NUDE,GM/HBC
1057,10473,CREAMY MAUVE MAYBELLINE ROMANCE LIPSTICK#MATTE NEW#YORK,MAYBELLINE NEW YORK CREAMY MATTE LIPSTICK ROMANCE MAUVE,GM/HBC
1058,10476,A AT COLOR DAWN LAKM NAIL ROSE,LAKMΘ NAIL COLOR A ROSE AT DAWN,GM/HBC
1059,10481,COLORBAR COZUMELTED IN LACQUER NAIL SUN THE,COLORBAR NAIL LACQUER COZUMELTED IN THE SUN,GM/HBC
1060,10478,COLOR COSMETICS NAIL NOLA SUGAR WAY,SUGAR COSMETICS NAIL COLOR NOLA WAY,GM/HBC
1061,10479,AURORA BERRY ENAMEL NAIL CANADA#FACES,FACES CANADA NAIL ENAMEL AURORA BERRY,GM/HBC
1062,10480,BATH BUBBLE COLOR LAKM NAIL,LAKMΘ NAIL COLOR BUBBLE BATH,GM/HBC
1063,10482,APPLE BIG COLORBAR LACQUER NAIL RED,COLORBAR NAIL LACQUER BIG APPLE RED,GM/HBC
1064,10477,BOSSA COLOR COSMETICS DON ME NAIL NOVA SUGAR T,SUGAR COSMETICS NAIL COLOR DONÆT BOSSA NOVA ME,GM/HBC
1065,10495,BLACK EYELINER LAKM LIQUID FELT#TIP,LAKMΘ LIQUID EYELINER FELT TIP BLACK,GM/HBC
1066,10485,ASH BROWN EYEBROW KIT CANADA#FACES,FACES CANADA EYEBROW KIT ASH BROWN,GM/HBC
1067,10492,BLACK MAYBELLINE MASCARA#VERY NEW#YORK,MAYBELLINE NEW YORK MASCARA VERY BLACK,GM/HBC
1068,10493,BLACK EYELINER LAKM LIQUID WATERPROOF,LAKMΘ WATERPROOF LIQUID EYELINER BLACK,GM/HBC
1069,10491,BROWN DARK EYELINER LIQUID CANADA#FACES FELT#TIP,FACES CANADA LIQUID EYELINER FELT TIP DARK BROWN,GM/HBC
1070,10494,COSMETICS EYELINER LIQUID PURPLE SUGAR,SUGAR COSMETICS LIQUID EYELINER PURPLE,GM/HBC
1071,10488,BLUE COLORBAR KAJAL PENCIL,COLORBAR KAJAL PENCIL BLUE,GM/HBC
1072,10489,BLUE EYELINER LAKM LIGHT LIQUID,LAKMΘ LIQUID EYELINER LIGHT BLUE,GM/HBC
1073,10484,BROWN DARK EYEBROW KIT CANADA#FACES,FACES CANADA EYEBROW KIT DARK BROWN,GM/HBC
1074,10487,BLACK MAYBELLINE WATERPROOF MASCARA#VERY NEW#YORK,MAYBELLINE NEW YORK WATERPROOF MASCARA VERY BLACK,GM/HBC
1075,10496,CHARCOAL COLORBAR EYELINER PENCIL,COLORBAR EYELINER PENCIL CHARCOAL,GM/HBC
1076,10486,BROWN COSMETICS DARK EYELINER LIQUID SUGAR,SUGAR COSMETICS LIQUID EYELINER DARK BROWN,GM/HBC
1077,10490,BLACK EYELINER LAKM PENCIL,LAKMΘ EYELINER PENCIL BLACK,GM/HBC
1078,10483,BLACK EYELINER LIQUID MAYBELLINE NEW#YORK,MAYBELLINE NEW YORK LIQUID EYELINER BLACK,GM/HBC
1079,10497,CRYSTALS DEODORANT FRESH NIVEA ON ROLLS,NIVEA DEODORANT ROLL-ON CRYSTAL FRESH,GM/HBC
1080,10499,BAY DEODORANT LIME ON ROLLS RUM STONE WILD,WILD STONE DEODORANT ROLL-ON BAY RUM LIME,GM/HBC
1081,10498,BOURBON DEODORANT ON ROLLS STONE VETIVER WILD,WILD STONE DEODORANT ROLL-ON BOURBON VETIVER,GM/HBC
1082,10501,DEODORANT DOVE EXTRA FRESH MEN ON ROLLS,DOVE MEN DEODORANT ROLL-ON EXTRA FRESH,GM/HBC
1083,10500,CLEAR COMFORT DEODORANT DOVE MEN STICK,DOVE MEN DEODORANT STICK CLEAN COMFORT,GM/HBC
1084,10502,CLEAR COMFORT DEODORANT DOVE MEN ON ROLLS,DOVE MEN DEODORANT ROLL-ON CLEAN COMFORT,GM/HBC
1085,10505,BLACK DEODORANT MEN NIVEA SPRAY WHITE,NIVEA MEN DEODORANT SPRAY BLACK & WHITE,GM/HBC
1086,10506,BLACK DEODORANT FRESH MEN NIVEA SPRAY WHITE,NIVEA MEN DEODORANT SPRAY BLACK & WHITE FRESH,GM/HBC
1087,10504,COLA DEODORANT FRESH MEN NIVEA SPRAY,NIVEA MEN DEODORANT SPRAY COOL FRESH,GM/HBC
1088,10508,ADVENTURE DEODORANT FOGG MEN SPRAY,FOGG MEN DEODORANT SPRAY ADVENTURE,GM/HBC
1089,10507,DEODORANT DOVE FRESH MEN SPRAY,DOVE MEN DEODORANT SPRAY FRESH,GM/HBC
1090,10510,BODY SHEA SPRAY STONE VANILLA WILD,WILD STONE BODY SPRAY VANILLA & SHEA,GM/HBC
1091,10509,ALOE DEODORANT ENGAGE MEN RAIN SPRAY,ENGAGE MEN DEODORANT SPRAY ALOE RAIN,GM/HBC
1092,10511,BLACK DEODORANT MEN NIVEA PLUS STICK,NIVEA MEN DEODORANT STICK BLACK PLUS,GM/HBC
1093,10512,DEODORANT DOVE MEN SENSITIVE SHIELD STICK,DOVE MEN DEODORANT STICK SENSITIVE SHIELD,GM/HBC
1094,10513,CARB COASTAL DEODORANT DOVE MEN STICK,DOVE MEN DEODORANT STICK COASTAL CARE,GM/HBC
1095,10514,DEODORANT DOVE MEN SANDALWOOD STICK,DOVE MEN DEODORANT STICK SANDALWOOD,GM/HBC
1096,10516,DEODORANT FIJI MEN PACK STICK STONE TWIN WILD,WILD STONE MEN DEODORANT STICK FIJI TWIN PACK,GM/HBC
1097,10515,DEODORANT FIJI MEN PACK STICK STONE TWIN WILD,WILD STONE MEN DEODORANT STICK FIJI TWIN PACK,GM/HBC
1098,10521,DEODORANT DOVE EXTRA FRESH MEN STICK,DOVE MEN DEODORANT STICK EXTRA FRESH,GM/HBC
1099,10517,CLEAR COMFORT DEODORANT DOVE MEN STICK,DOVE MEN DEODORANT STICK CLEAN COMFORT,GM/HBC
1100,10518,DEODORANT DOVE EXTRA FRESH MEN STICK,DOVE MEN DEODORANT STICK EXTRA FRESH,GM/HBC
1101,10519,CLEAR COMFORT DEODORANT DOVE MEN STICK,DOVE MEN DEODORANT STICK CLEAN COMFORT,GM/HBC
1102,10520,COLA DEODORANT FRESH MEN NIVEA STICK,NIVEA MEN DEODORANT STICK COOL FRESH,GM/HBC
1103,10523,CLEAR DEODORANT FRESH MEN NIVEA STICK,NIVEA MEN DEODORANT STICK CLEAN FRESH,GM/HBC
1104,10522,DEODORANT DOVE EXTRA FRESH MEN STICK,DOVE MEN DEODORANT STICK EXTRA FRESH,GM/HBC
1105,10524,BODY DEODORANT SHEA STICK STONE VANILLA WILD,WILD STONE BODY DEODORANT STICK VANILLA & SHEA,GM/HBC
1106,10525,BODY DEODORANT MARINARA SANDALWOOD STICK STONE WILD,WILD STONE BODY DEODORANT STICK MANDARIN & SANDALWOOD,GM/HBC
1107,10526,DEODORANT MEN NIVEA ON PACK ROLLS TWIN UNSCENTED,NIVEA MEN DEODORANT ROLL-ON UNSCENTED TWIN PAC,GM/HBC
1108,10528,DEODORANT FRESH NIVEA ON PACK ROLLS SHOWER TWIN WOMEN,NIVEA WOMEN DEODORANT ROLL-ON SHOWER FRESH TWIN PACK,GM/HBC
1109,10527,DEODORANT DOVE LAVENDER ON ROLLS WOMEN,DOVE WOMEN DEODORANT ROLL-ON LAVENDER,GM/HBC
1110,10529,DEODORANT NATURAL NIVEA OCEAN STICK WOMEN,NIVEA WOMEN NATURAL DEODORANT STICK OCEAN,GM/HBC
1111,10530,DEODORANT NATURAL NIVEA PEACH STICK WOMEN,NIVEA WOMEN NATURAL DEODORANT STICK PEACH,GM/HBC
1112,10533,ALMOND DEODORANT ENGAGE HONEY SPRAY WOMEN,ENGAGE WOMEN DEODORANT SPRAY ALMOND HONEY,GM/HBC
1113,10532,DEODORANT ENGAGE ROSE SPRAY WATER WOMEN,ENGAGE WOMEN DEODORANT SPRAY ROSE WATER,GM/HBC
1114,10534,DEODORANT ENGAGE JASMINE SPRAY TEA WHITE WOMEN,ENGAGE WOMEN DEODORANT SPRAY WHITE TEA JASMINE,GM/HBC
1115,10531,BLACK DEODORANT NIVEA SPRAY WHITE WOMEN,NIVEA WOMEN DEODORANT SPRAY BLACK & WHITE,GM/HBC
1116,10535,DEODORANT DOVE FRESH SPRAY WOMEN,DOVE WOMEN DEODORANT SPRAY FRESH,GM/HBC
1117,10536,DEODORANT DOVE ROSE STICK WATER WOMEN,DOVE WOMEN DEODORANT STICK ROSE WATER,GM/HBC
1118,10537,DEODORANT FRESH NIVEA PACK POWDER STICK TWIN WOMEN,NIVEA WOMEN DEODORANT STICK POWDER FRESH TWIN PACK,GM/HBC
1119,10539,CLEAR COMFORT CREAMY DEODORANT DOVE WOMEN,DOVE WOMEN DEODORANT CREAM CLEAN COMFORT,GM/HBC
1120,10541,CLEAR COMFORT DEODORANT DOVE STICK WOMEN,DOVE WOMEN DEODORANT STICK CLEAN COMFORT,GM/HBC
1121,10538,CREAMY DEODORANT PEACH VANILLA WOMEN YARDLEY,YARDLEY WOMEN DEODORANT CREAM PEACH VANILLA,GM/HBC
1122,10540,DEODORANT PEACH STICK VANILLA WOMEN YARDLEY,YARDLEY WOMEN DEODORANT STICK PEACH VANILLA,GM/HBC
1123,10736,GEL HAIR HOLD MAX SET STYLING WET,SET WET HAIR STYLING GEL MAX HOLD,GM/HBC
1124,10737,COCONUT CONDITIONER DOVE HAIR HYDRATION,DOVE HAIR CONDITIONER COCONUT & HYDRATION,GM/HBC
1125,10739,DAMAGED DRY HAIR SHAMPOO HEAD#SHOULDERS,HEAD & SHOULDERS SHAMPOO DRY & DAMAGED HAIR,GM/HBC
1126,10741,OIL SCALP SHAMPOO HEAD#SHOULDERS,HEAD & SHOULDERS SHAMPOO OILY SCALP,GM/HBC
1127,10740,CONDITIONER DAMAGED DOVE DRY HAIR,DOVE HAIR CONDITIONER DRY & DAMAGED HAIR,GM/HBC
1128,10738,CONDITIONER DOVE HAIR OIL,DOVE HAIR CONDITIONER OILY HAIR,GM/HBC
1129,10943,TOOTHPASTE WHITE COLGATE#VISIBLE,COLGATE VISIBLE WHITE TOOTHPASTE,GM/HBC
1130,10944,CLOSE TOOTHPASTE UP WHITENING,CLOSE-UP WHITENING TOOTHPASTE,GM/HBC
1131,10179,BEVERAGE DRINK FLAVOUR FRUIT JUICE ORANGE ORIGINAL POWER REAL TANGY,REAL FRUIT POWER ORANGE DRINK TANGY ORIGINAL FLAVOURED JUICE BEVERAGE,DAIRY
1132,10180,BEVERAGE DRINK FLAVOUR FRUIT JUICE ORANGE ORIGINAL POWER REAL TANGY,REAL FRUIT POWER ORANGE DRINK TANGY ORIGINAL FLAVOURED JUICE BEVERAGE,DAIRY
1133,11089,CITRUS DRINK FRESH JUICE NO ORANGE PERCENT PULP REAL,REAL 100 PERCENT ORANGE JUICE NO PULP FRESH CITRUS DRINK,DAIRY
1134,11090,CITRUS DRINK FRESH HIGH JUICE NATURAL ORANGE PULP WITH BOAT#PAPER,PAPER BOAT ORANGE JUICE WITH HIGH PULP FRESH NATURAL CITRUS DRINK,DAIRY
1135,11091,AND CALCIUM D JUICE NO ORANGE PERCENT PULP VITAMIN WITH BOAT#PAPER,PAPER BOAT 100 PERCENT ORANGE JUICE NO PULP WITH CALCIUM AND VITAMIN D,DAIRY
1136,11092,ACTIV ADDED CALCIUM DRINK FRESH HEALTH JUICE ORANGE REAL WITH,REAL ACTIV ORANGE JUICE WITH ADDED CALCIUM FRESH HEALTH DRINK,DAIRY
1137,11093,CARAMEL COFFEE DRINK FLAVOUR ICED MACCHIA TATA READY#TO,TATA COFFEE ICED COFFEE CARAMEL MACCHIATO FLAVOURED READY TO DRINK,DAIRY
1138,11094,BLACK COFFEE DRINK ESPRESSO ICED TATA UNSWEETENED READY#TO,TATA COFFEE ICED ESPRESSO BLACK UNSWEETENED READY TO DRINK COFFEE,DAIRY
1139,11095,COFFEE COLA FLAVOUR ICED MOCHA PREMIUM RAGE,RAGE COFFEE ICED COFFEE MOCHA FLAVOURED PREMIUM COLD COFFEE,DAIRY
1140,11096,ALL BEVERAGE FRUIT GRAPES JUICE NATURAL REAL,REAL GRAPE JUICE ALL NATURAL FRUIT BEVERAGE,DAIRY
1141,11097,COCKTAIL CORDON DRINK FRUIT GRAPES JUICE REAL SWEET,REAL CONCORD GRAPE JUICE COCKTAIL SWEET FRUIT DRINK,DAIRY
1142,11098,COCKTAIL DRINK FRUIT JUICE PASSION REAL TROPICAL,REAL PASSION FRUIT JUICE COCKTAIL TROPICAL FRUIT DRINK,DAIRY
1143,11099,CITRUS DRINK PINK SUGAR ZERO LEMONADE#REFRESHING MAID#MINUTE,MINUTE MAID PINK LEMONADE ZERO SUGAR REFRESHING CITRUS DRINK,DAIRY
1144,11100,DRINK FRUIT JUICE RASPBERRY REAL LEMONADE#REFRESHING,REAL RASPBERRY LEMONADE REFRESHING FRUIT JUICE DRINK,DAIRY
1145,11101,DRINK LIGHT LOW RASPBERRY REAL SUGAR WITH LEMONADE#REFRESHING,REAL LIGHT LEMONADE WITH RASPBERRY LOW SUGAR REFRESHING DRINK,DAIRY
1146,11102,CITRUS CLASSIC DRINK FRESH REAL LEMONADE#REFRESHING,REAL CLASSIC LEMONADE FRESH CITRUS REFRESHING DRINK,DAIRY
1147,11103,BEVERAGE FRUIT MIXED PREMIUM PUNCH MAID#MINUTE,MINUTE MAID FRUIT PUNCH PREMIUM MIXED FRUIT BEVERAGE,DAIRY
1148,11104,CITRUS DRINK FRUIT JUICE PUNCH REAL REFRESHING SMOOTH STYLE,REAL CITRUS FRUIT PUNCH SMOOTH STYLE REFRESHING JUICE DRINK,DAIRY
1149,11105,BEVERAGE CHILLI DRINK GOLD ICED SWEET TATA TEA READY#TO,TATA TEA GOLD SWEET ICED TEA CHILLED READY TO DRINK BEVERAGE,DAIRY
1150,11106,BLACK CHILLI DRINK GOLD SWEETENED TATA TEA READY#TO,TATA TEA GOLD BLACK TEA SWEETENED CHILLED READY TO DRINK,DAIRY
1151,11107,BAKRI BEVERAGE BLACK CHILLI DRINK SWEETENED TEA WAGH READY#TO,WAGH BAKRI SWEETENED BLACK TEA READY TO DRINK CHILLED BEVERAGE,DAIRY
1152,10005,AMUL BLOCK CHEESE PROCESSED,AMUL PROCESSED CHEESE BLOCK,DAIRY
1153,10006,CHEESE FRESH GO PANEER SOFT STYLE,GO CHEESE FRESH PANEER STYLE SOFT CHEESE,DAIRY
1154,10007,BRITANNIA CHEESE CLASSIC PROCESSED SLICED,BRITANNIA CHEESE SLICES CLASSIC PROCESSED CHEESE,DAIRY
1155,10008,AMUL CHEESE CUBES PACK SNACK,AMUL CHEESE CUBES SNACK PACK,DAIRY
1156,10009,AMUL CHEDDAR CHEESE CUBES NATURAL,AMUL CHEESE CUBES NATURAL CHEDDAR,DAIRY
1157,10010,AMUL CHEDDAR CHEESE CUBES PACK SNACK,AMUL CHEDDAR CHEESE CUBES SNACK PACK,DAIRY
1158,10011,CHEESE FAT GO MOZZARELLA PACK REDUCED SNACK STICK,GO CHEESE MOZZARELLA CHEESE STICKS REDUCED FAT SNACK PACK,DAIRY
1159,10267,AMUL BLOCK CHEDDAR CHEESE PROCESSED YELLOW,AMUL CHEDDAR CHEESE BLOCK YELLOW PROCESSED CHEESE,DAIRY
1160,10268,AMUL BLOCK CHEDDAR CHEESE PROCESSED WHITE,AMUL CHEDDAR CHEESE BLOCK WHITE PROCESSED CHEESE,DAIRY
1161,10269,BLOCK CHEESE FREE GO LACTOSE MOZZARELLA VARIANT,GO CHEESE MOZZARELLA CHEESE BLOCK LACTOSE FREE VARIANT,DAIRY
1162,10270,AMUL BLOCK CHEESE FRESH PANEER SOFT,AMUL FRESH PANEER SOFT CHEESE BLOCK,DAIRY
1163,10271,BRITANNIA CHEESE CREAMY FRESH SPREAD,BRITANNIA CREAMY FRESH CHEESE SPREAD,DAIRY
1164,10272,AND CHEESE FOR GRATED PARMESAN PASTA PIZZA AMUL#POWDER,AMUL GRATED PARMESAN CHEESE POWDER FOR PASTA AND PIZZA,DAIRY
1165,10273,CHEESE FAT GO LOW RICOTTA SOFT,GO CHEESE RICOTTA CHEESE LOW FAT SOFT CHEESE,DAIRY
1166,10274,CHEESE GO PARTY RICOTTA SKIMMED SOFT,GO CHEESE RICOTTA CHEESE PART SKIMMED SOFT CHEESE,DAIRY
1167,10275,AMUL BLEND CHEESE PIZZA SHREDDED,AMUL PIZZA CHEESE SHREDDED BLEND,DAIRY
1168,10276,BLEND CHEESE GO ITALIAN SHAVED,GO CHEESE ITALIAN BLEND SHAVED CHEESE,DAIRY
1169,10277,CHEESE DAIRY FREE MEXICAN PLATES SHREDDED STYLE URBAN VEGAN,URBAN PLATTER VEGAN CHEESE SHREDS MEXICAN STYLE DAIRY FREE,DAIRY
1170,10278,CHEESE INDIA ORGANIC PARMESAN SHREDDED,ORGANIC INDIA PARMESAN CHEESE SHREDDED,DAIRY
1171,10279,AMUL CHEESE LOW MOISTURE MOZZARELLA PARTY SHREDDED SKIN,AMUL MOZZARELLA CHEESE SHREDDED LOW MOISTURE PART SKIM,DAIRY
1172,10280,BLEND CHEDDAR CHEESE GO MIX SHREDDED,GO CHEESE CHEDDAR BLEND SHREDDED CHEESE MIX,DAIRY
1173,10281,BLEND CHEDDAR CHEESE GO JACK SHREDDED,GO CHEESE CHEDDAR JACK SHREDDED CHEESE BLEND,DAIRY
1174,10282,AMUL CHEDDAR CHEESE EXTRA SHARP SHREDDED,AMUL EXTRA SHARP CHEDDAR CHEESE SHREDDED,DAIRY
1175,10283,AMUL CHEESE MOZZARELLA SHREDDED,AMUL MOZZARELLA CHEESE SHREDDED,DAIRY
1176,10284,AMUL BLEND CHEESE FLAVOUR PIZZA SHREDDED SPICY,AMUL PIZZA CHEESE SHREDDED BLEND SPICY FLAVOUR,DAIRY
1177,10285,BLEND CHEESE GO ITALIAN MIX SHREDDED,GO CHEESE ITALIAN BLEND SHREDDED CHEESE MIX,DAIRY
1178,10286,CHEESE GO PARMESAN SHREDDED,GO CHEESE PARMESAN SHREDDED CHEESE,DAIRY
1179,10287,BLEND CHEESE GO MEXICAN SHREDDED STYLE,GO CHEESE MEXICAN STYLE SHREDDED CHEESE BLEND,DAIRY
1180,10288,BRITANNIA CHEESE SLICED SMOKE,BRITANNIA SMOKED CHEESE SLICES,DAIRY
1181,10289,AMUL CHEESE FAT LOW PROCESSED SLICED VARIANT,AMUL PROCESSED CHEESE SLICES LOW FAT VARIANT,DAIRY
1182,10290,CHEESE DAIRY FLAVOUR FREE PLATES SLICED SMOKE URBAN VEGAN,URBAN PLATTER VEGAN CHEESE SLICES SMOKED FLAVOUR DAIRY FREE,DAIRY
1183,10291,BRITANNIA CHEESE CREAMY FLAVOUR PEPPERS SLICED TEXTURE,BRITANNIA PEPPER FLAVOURED CHEESE SLICES CREAMY TEXTURE,DAIRY
1184,10292,AMUL CHEESE COLBY PROCESSED SLICED STYLE,AMUL CHEESE SLICES COLBY STYLE PROCESSED CHEESE,DAIRY
1185,10293,BRITANNIA CHEDDAR CHEESE FOR SANDWICH SLICED SMOKE,BRITANNIA SMOKED CHEDDAR CHEESE SLICES FOR SANDWICH,DAIRY
1186,10294,AMUL CHEDDAR CHEESE CUTS FLAVOUR SLICED THIN,AMUL CHEESE SLICES THIN CUT CHEDDAR FLAVOUR,DAIRY
1187,10295,BRITANNIA CHEESE SLICED STYLE SWISS,BRITANNIA CHEESE SLICES SWISS STYLE,DAIRY
1188,10296,AMUL CHEESE CLASSIC PROCESSED SLICED,AMUL CHEESE SLICES CLASSIC PROCESSED CHEESE,DAIRY
1189,10297,AMUL CHEDDAR CHEESE CUBES,AMUL CHEDDAR CHEESE CUBES,DAIRY
1190,10298,AMUL CHEESE CUBES MIXED,AMUL CHEESE CUBES MIXED CHEESE,DAIRY
1191,10299,AMUL CHEDDAR CHEESE CUBES FLAVOUR MEDIUM,AMUL CHEDDAR CHEESE CUBES MEDIUM FLAVOUR,DAIRY
1192,10300,CHEESE CUBES GO MOZZARELLA PACK SNACK,GO CHEESE MOZZARELLA CHEESE CUBES SNACK PACK,DAIRY
1193,10301,AMUL CHEDDAR CHEESE CUBES FLAVOUR MILD,AMUL CHEDDAR CHEESE CUBES MILD FLAVOUR,DAIRY
1194,10302,AMUL CHEESE CRACKERS CUBES WITH,AMUL CHEESE CUBES WITH CRACKERS,DAIRY
1195,10303,CHEESE GO MOZZARELLA,GO CHEESE MOZZARELLA CHEESE,DAIRY
1196,10304,CHEESE FLAVOUR GO PEPPERS,GO CHEESE PEPPER FLAVOUR CHEESE,DAIRY
1197,10305,CHEESE GO MOZZARELLA PACK SNACK STICK,GO CHEESE MOZZARELLA CHEESE STICKS SNACK PACK,DAIRY
1198,10306,CHEESE GO MOZZARELLA STICK,GO CHEESE MOZZARELLA CHEESE STICKS,DAIRY
1199,10307,BRITANNIA CHEESE CREAMY LIGHT SOFT SPREAD TEXTURE,BRITANNIA CREAM CHEESE SPREAD LIGHT SOFT TEXTURE,DAIRY
1200,10308,BRITANNIA CHEESE CREAMY SPREAD STRAWBERRY,BRITANNIA STRAWBERRY CREAM CHEESE SPREAD,DAIRY
1201,10309,BRITANNIA CHEESE CREAMY SMOOTH SPREAD TEXTURE WHIPPED,BRITANNIA CREAM CHEESE WHIPPED SPREAD SMOOTH TEXTURE,DAIRY
1202,10310,AMUL CHEESE CUTS FOR PROCESSED SANDWICH SLICED THICK,AMUL PROCESSED CHEESE SLICES THICK CUT FOR SANDWICH,DAIRY
1203,10311,AMUL CHEESE DELUXE FOR PACK PROCESSED SANDWICH SLICED,AMUL PROCESSED CHEESE SLICES DELUXE PACK FOR SANDWICH,DAIRY
1204,10149,AMUL CHEESE COTTAGE FAT FRESH FULLY PANEER SOFT,AMUL FRESH PANEER SOFT FULL FAT COTTAGE CHEESE,DAIRY
1205,10150,AMUL COFFEE COOKIES CREAMY FRESH UHT,AMUL FRESH CREAM UHT COOKING & COFFEE CREAM,DAIRY
1206,10151,COFFEE CREAMY FREE FRENCH MATTE NESTLE SUGAR VANILLA,NESTLE COFFEE MATE SUGAR FREE FRENCH VANILLA CREAMER,DAIRY
1207,10152,COFFEE CREAMY FLAVOUR GINGERBREAD MATTE NESTLE,NESTLE COFFEE MATE GINGERBREAD FLAVOURED CREAMER,DAIRY
1208,10153,COFFEE CREAMY GINGERBREAD MATTE NESTLE,NESTLE COFFEE MATE GINGERBREAD CREAMER,DAIRY
1209,10154,COFFEE CREAMY FLAVOUR MATTE MOCHA NESTLE PEPPERMINT,NESTLE COFFEE MATE PEPPERMINT MOCHA FLAVOURED CREAMER,DAIRY
1210,10155,AMUL CHOCOLATE DRINK FAT LOW MILD READY#TO,AMUL CHOCOLATE MILK LOW FAT READY TO DRINK,DAIRY
1211,10156,AMUL BLEND CREAMY FRESH HALF MILD,AMUL FRESH CREAM HALF & HALF MILK CREAM BLEND,DAIRY
1212,10157,AMUL CHOCOLATE DRINK EGGNOG FESTIVE MILD RICH STYLE,AMUL CHOCOLATE MILK RICH FESTIVE DRINK (EGGNOG STYLE),DAIRY
1213,10158,AMUL CREAMY DRINK FESTIVE MILD SPECIAL SWEET,AMUL CREAMY MILK FESTIVE SPECIAL SWEET DRINK,DAIRY
1214,10159,AMUL BEVERAGE DAIRY MILD RICH SWEET,AMUL DAIRY RICH SWEET MILK BEVERAGE,DAIRY
1215,10160,ALTERNATIVE DAIRY MILD OATS OATLY BASED#PLANT,OATLY OAT MILK PLANT BASED DAIRY ALTERNATIVE,DAIRY
1216,10161,EPIGAMIA FAT GREEN RASPBERRY YOGURT ZERO,EPIGAMIA GREEK YOGURT RASPBERRY ZERO FAT,DAIRY
1217,10162,EPIGAMIA FAT GREEN LOW STRAWBERRY YOGURT,EPIGAMIA GREEK YOGURT STRAWBERRY LOW FAT,DAIRY
1218,10163,BLACK CHERRY EPIGAMIA FAT GREEN YOGURT ZERO,EPIGAMIA GREEK YOGURT BLACK CHERRY ZERO FAT,DAIRY
1219,10164,CREAMY EPIGAMIA FLAVOUR GREEN HONEY YOGURT,EPIGAMIA GREEK YOGURT HONEY FLAVOUR CREAMY,DAIRY
1220,10165,EPIGAMIA FAT GREEN VANILLA YOGURT ZERO,EPIGAMIA GREEK YOGURT VANILLA ZERO FAT,DAIRY
1221,10166,BLACKBERRY EPIGAMIA FAT GREEN LOW YOGURT,EPIGAMIA GREEK YOGURT BLACKBERRY LOW FAT,DAIRY
1222,10167,CREAMY DESSERT EPIGAMIA STYLE VANILLA YOGURT,EPIGAMIA CREAMY YOGURT VANILLA DESSERT STYLE,DAIRY
1223,10168,AMUL BANANA DAHI FLAVOUR KIDS MASTI STRAWBERRY YOGURT,AMUL MASTI DAHI KIDS STRAWBERRY BANANA FLAVOURED YOGURT,DAIRY
1224,10169,A FAT LOW NESTLE VANILLA YOGURT,NESTLE A+ VANILLA YOGURT LOW FAT,DAIRY
1225,10170,EPIGAMIA FLAVOUR KIWI STRAWBERRY YOGURT,EPIGAMIA STRAWBERRY KIWI FLAVOURED YOGURT,DAIRY
1226,10171,AMUL FAT FRESH MILD REDUCED TAAZA,AMUL TAAZA MILK 2% REDUCED FAT FRESH MILK,DAIRY
1227,10999,AMUL CREAMY FLAVOUR PEPPERMINT SPRAY WHIPPED,AMUL WHIPPED CREAM PEPPERMINT FLAVOUR SPRAY,DAIRY
1228,11000,CREAMY RICH S SUGAR TOPPINGS WHIPPED ZERO,RICHÆS WHIPPED CREAM ZERO SUGAR TOPPING,DAIRY
1229,11001,AMUL CHEESE COTTAGE FRESH PANEER SOFT,AMUL FRESH PANEER SOFT COTTAGE CHEESE,DAIRY
1230,11002,AMUL DAIRY FLAVOUR FRESH PANEER STRAWBERRY,AMUL FLAVOURED PANEER STRAWBERRY FRESH DAIRY,DAIRY
1231,11003,CHEESE COTTAGE MILK MIST PEACH,MILKY MIST COTTAGE CHEESE 4% PEACH,DAIRY
1232,11004,CHEESE COTTAGE DAIRY FAT FREE MOTHER,MOTHER DAIRY COTTAGE CHEESE FAT FREE,DAIRY
1233,11005,COFFEE CREAMY FLAVOUR MATTE NESTLE,NESTLE COFFEE MATE COFFEE FLAVOURED CREAMER,DAIRY
1234,11006,AMUL CREAMY CREAMY FLAVOUR FRESH VANILLA,AMUL FRESH CREAM VANILLA FLAVOURED CREAMER,DAIRY
1235,11007,CREAMY DAIRY EPIGAMIA FLAVOUR ROTATIONAL,EPIGAMIA DAIRY CREAMER ROTATIONAL FLAVOUR,DAIRY
1236,11008,ALMOND BEVERAGE DAIRY FREE MILD SOFIT VANILLA,SOFIT ALMOND MILK VANILLA DAIRY FREE BEVERAGE,DAIRY
1237,11009,ALMOND CREAMY MILD PLATES URBAN VANILLA,URBAN PLATTER ALMOND MILK VANILLA CREAMER,DAIRY
1238,11010,ALMOND BEVERAGE COOKIES DAIRY FLAVOUR FREE MILD PRESERVED RAW,RAW PRESSERY ALMOND MILK COOKIE FLAVOUR DAIRY FREE BEVERAGE,DAIRY
1239,11011,ALMOND CHOCOLATE FLAVOUR MILD MINT PRESERVED RAW,RAW PRESSERY ALMOND MILK CHOCOLATE MINT FLAVOUR,DAIRY
1240,11012,CARAMEL COFFEE CREAMY FLAVOUR FREE MATTE NESTLE SUGAR,NESTLE COFFEE MATE CARAMEL FLAVOURED SUGAR FREE CREAMER,DAIRY
1241,11013,COFFEE CREAMY FREE FRENCH MATTE NESTLE SUGAR VANILLA,NESTLE COFFEE MATE FRENCH VANILLA SUGAR FREE CREAMER,DAIRY
1242,11014,CINNAMON COFFEE ENHANCER FLAVOUR HERSHEY S,HERSHEYÆS COFFEE ENHANCER CINNAMON FLAVOUR,DAIRY
1243,11015,COFFEE CREAMY FLAVOUR FREE MATTE NESTLE PUMPKIN SPICY SUGAR,NESTLE COFFEE MATE PUMPKIN SPICE FLAVOURED SUGAR FREE CREAMER,DAIRY
1244,11016,CARAMEL COFFEE DESSERT HERSHEY S SYRUP TOPPINGS,HERSHEYÆS CARAMEL SYRUP COFFEE & DESSERT TOPPING,DAIRY
1245,11017,COFFEE CREAMY FLAVOUR MATTE NESTLE PUMPKIN SPICY,NESTLE COFFEE MATE PUMPKIN SPICE FLAVOURED CREAMER,DAIRY
1246,11018,AMUL DRINK FLAVOUR KOOL MILD CHOCOLATE#DARK READY#TO,AMUL KOOL DARK CHOCOLATE FLAVOURED MILK READY TO DRINK,DAIRY
1247,11019,BEVERAGE BRITANNIA CHOCOLATE COW FLAVOUR MILD RICH WINKIN,BRITANNIA WINKIN COW RICH CHOCOLATE FLAVOURED MILK BEVERAGE,DAIRY
1248,11020,CAVIN CHOCOLATE CREAMY DRINK FULLY MILKSHAKE S READY#TO,CAVIN'S CHOCOLATE MILKSHAKE FULL CREAM READY TO DRINK,DAIRY
1249,11021,ADDED AMUL CALCIUM FAT FREE LACTOSE MILD REDUCED WITH,AMUL LACTOSE FREE MILK REDUCED FAT WITH ADDED CALCIUM,DAIRY
1250,11022,AMUL DIGEST EASY FAT FREE LACTOSE MILD SKIMMED TO,AMUL LACTOSE FREE SKIMMED MILK FAT FREE EASY TO DIGEST,DAIRY
1251,11023,FAT FREE LIFE LONG MANTRA MILD ORGANIC PACK TONE UHT,24 MANTRA ORGANIC UHT TONED MILK FAT FREE LONG LIFE PACK,DAIRY
1252,11024,ALMOND BEVERAGE FLAVOUR HONEY MILD SOFIT VANILLA BASED#PLANT,SOFIT ALMOND MILK HONEY VANILLA FLAVOURED PLANT BASED BEVERAGE,DAIRY
1253,11025,ALMOND DAIRY DRINK FREE MILD PRESERVED RAW UNSWEETENED VANILLA,RAW PRESSERY ALMOND MILK VANILLA UNSWEETENED DAIRY FREE DRINK,DAIRY
1254,11026,ALMOND BEVERAGE EPIGAMIA FLAVOUR MILD VANILLA BASED#PLANT,EPIGAMIA ALMOND MILK VANILLA FLAVOURED PLANT BASED BEVERAGE,DAIRY
1255,11027,DAIRY DRINK FREE MILD OATS PRESERVED RAW VANILLA BASED#PLANT,RAW PRESSERY OAT MILK VANILLA DAIRY FREE PLANT BASED DRINK,DAIRY
1256,11028,BEVERAGE CHOCOLATE DAIRY EPIGAMIA HIGH MILD PROTEIN,EPIGAMIA CHOCOLATE PROTEIN MILK HIGH PROTEIN DAIRY BEVERAGE,DAIRY
1257,11029,AMUL DAIRY DRINK FILTERED FRESH HIGH MILD PROTEIN ULTRA,AMUL HIGH PROTEIN MILK ULTRA FILTERED FRESH DAIRY DRINK,DAIRY
1258,11030,AMUL AND BLEND CREAMY FRESH HALF MILD,AMUL FRESH CREAM HALF AND HALF MILK AND CREAM BLEND,DAIRY
1259,11031,AMUL BEVERAGE DAIRY EGGNOG FLAVOUR MILD STYLE SWEET TRADITIONAL,AMUL EGGNOG STYLE FLAVOURED MILK TRADITIONAL SWEET DAIRY BEVERAGE,DAIRY
1260,11032,BEVERAGE DAIRY FLAVOUR HERITAGE LIFE LONG MILD UHT VANILLA,HERITAGE VANILLA FLAVOURED MILK UHT LONG LIFE DAIRY BEVERAGE,DAIRY
1261,11033,AMUL BEVERAGE CLASSIC DAIRY FLAVOUR MILD RICH SWEET,AMUL CLASSIC SWEET FLAVOURED MILK RICH DAIRY BEVERAGE,DAIRY
1262,11034,A CHOCOLATE DRINK FAT LOW MILD NESTLE READY#TO,NESTLE A+ CHOCOLATE MILK LOW FAT READY TO DRINK,DAIRY
1263,11035,AMUL CREAMY DAIRY FRESH FULLY MILD PASTEURISED,AMUL FULL CREAM MILK FRESH PASTEURISED DAIRY MILK,DAIRY
1264,11036,CHOCOLATE DRINK EPIGAMIA GRAM MILKSHAKE PROTEIN,EPIGAMIA CHOCOLATE PROTEIN MILKSHAKE 30 GRAM PROTEIN DRINK,DAIRY
1265,11037,CREAMY DIP EAT FRENCH ONION SPREAD VEEBA READY#TO,VEEBA FRENCH ONION DIP CREAMY READY TO EAT SPREAD,DAIRY
1266,11038,CREAMY DIP FRENCH ONION SMOOTH SNACK VEEBA,VEEBA FRENCH ONION DIP SMOOTH CREAMY SNACK DIP,DAIRY
1267,11039,CREAMY DIP FLAVOUR HERB RANCH SPREAD STYLE VEEBA,VEEBA RANCH STYLE DIP CREAMY HERB FLAVOURED SPREAD,DAIRY
1268,11040,CREAMY DIP DRESSING EAT RANCH FARMS#WINGREENS READY#TO,WINGREENS FARMS RANCH DIP CREAMY READY TO EAT DRESSING,DAIRY
1269,11041,CUP DIGESTIVE EPIGAMIA FLAVOUR HEALTH PEACH PROBIOTIC YOGURT,EPIGAMIA PROBIOTIC YOGURT PEACH FLAVOUR DIGESTIVE HEALTH CUP,DAIRY
1270,11042,EPIGAMIA FLAVOUR FRUIT GREEN HIGH PROTEIN TROPICAL YOGURT,EPIGAMIA GREEK YOGURT TROPICAL FRUIT FLAVOUR HIGH PROTEIN,DAIRY
1271,11043,AND BEVERAGE COOKIES CREAMY DRINK EPIGAMIA GREEN HIGH PROTEIN YOGURT,EPIGAMIA GREEK YOGURT DRINK COOKIES AND CREAM HIGH PROTEIN BEVERAGE,DAIRY
1272,11044,CUP EPIGAMIA GREEN HIGH LEMON PROTEIN RASPBERRY YOGURT,EPIGAMIA GREEK YOGURT RASPBERRY LEMON HIGH PROTEIN CUP,DAIRY
1273,11045,ADDED CARAMEL EPIGAMIA GREEN HIGH PROTEIN SALTED SUGAR YOGURT ZERO,EPIGAMIA GREEK YOGURT SALTED CARAMEL ZERO ADDED SUGAR HIGH PROTEIN,DAIRY
1274,11046,CHEESECAKE DESSERT EPIGAMIA GREEN STRAWBERRY STYLE SUGAR YOGURT ZERO,EPIGAMIA GREEK YOGURT STRAWBERRY CHEESECAKE ZERO SUGAR DESSERT STYLE,DAIRY
1275,11047,ADDED CHERRY EPIGAMIA FLAVOUR GREEN HIGH NO PROTEIN SUGAR YOGURT,EPIGAMIA GREEK YOGURT CHERRY FLAVOUR HIGH PROTEIN NO ADDED SUGAR,DAIRY
1276,11048,CUP EPIGAMIA FAT GREEN HIGH LOW PROTEIN STRAWBERRY YOGURT,EPIGAMIA GREEK YOGURT STRAWBERRY LOW FAT HIGH PROTEIN CUP,DAIRY
1277,11049,EPIGAMIA FAT FLAVOUR GREEN LOW RASPBERRY YOGURT LEMONADE#REFRESHING,EPIGAMIA GREEK YOGURT RASPBERRY LEMONADE LOW FAT REFRESHING FLAVOUR,DAIRY
1278,11050,DESSERT EPIGAMIA FAT GREEN KEYA LIGHT LIME LOW STYLE YOGURT,EPIGAMIA GREEK YOGURT KEY LIME LIGHT LOW FAT DESSERT STYLE,DAIRY
1279,11051,BLEND EPIGAMIA FAT GREEN LEMON REDUCED SMOOTH TEXTURE YOGURT,EPIGAMIA GREEK YOGURT LEMON BLEND REDUCED FAT SMOOTH TEXTURE,DAIRY
1280,11052,BEANS CREAMY CREAMY DESSERT EPIGAMIA FULLY RICH VANILLA YOGURT,EPIGAMIA CREAMY YOGURT VANILLA BEAN FULL CREAM RICH DESSERT,DAIRY
1281,11053,CHEESECAKE CHERRY CREAMY DESSERT EPIGAMIA GREEN STYLE YOGURT,EPIGAMIA GREEK YOGURT CHERRY CHEESECAKE CREAMY DESSERT STYLE,DAIRY
1282,11054,CREAMY CREAMY CUP DESSERT EPIGAMIA FLAVOUR FULLY MANGO YOGURT,EPIGAMIA CREAMY YOGURT MANGO FLAVOUR FULL CREAM DESSERT CUP,DAIRY
1283,11055,AMUL BLUEBERRY FLAVOUR KIDS MIXED STRAWBERRY VANILLA YOGURT,AMUL KIDS YOGURT BLUEBERRY STRAWBERRY VANILLA MIXED FLAVOURS,DAIRY
1284,11056,AMUL CANDY CHOCOLATE CREAMY TOPPINGS VANILLA WITH YOGURT,AMUL CREAMY YOGURT VANILLA WITH CHOCOLATE CANDY TOPPINGS,DAIRY
1285,11057,FED GRASS GREEN MANTRA MILD NATURAL ORGANIC PLAIN YOGURT,24 MANTRA ORGANIC GREEK YOGURT PLAIN NATURAL GRASS FED MILK,DAIRY
1286,11058,CHAMOMILE COCONUT DAIRY EPIGAMIA FREE MILD VANILLA YOGURT,EPIGAMIA COCONUT MILK YOGURT VANILLA CHAMOMILE DAIRY FREE,DAIRY
1287,11059,AMUL CUP FAT FLAVOUR KEYA LIGHT LIME LOW YOGURT,AMUL YOGURT KEY LIME FLAVOUR LIGHT LOW FAT CUP,DAIRY
1288,11060,AMUL AND CREAMY FLAVOUR RASPBERRY SMOOTH YOGURT,AMUL YOGURT RASPBERRY FLAVOUR SMOOTH AND CREAMY,DAIRY
1289,11061,AMUL AND BASED COOKIES CREAMY CREAMY DIP SOUR THICK,AMUL SOUR CREAM THICK AND CREAMY COOKING AND DIP BASE,DAIRY
1290,11062,AMUL FAT FRESH MILD PASTEURISED PERCENT TONE ULTRA,AMUL TONED MILK 1 PERCENT FAT ULTRA PASTEURISED FRESH MILK,DAIRY
1291,11063,AMUL AND CREAMY DAIRY FRESH FULLY MILD PASTEURISED RICH,AMUL FULL CREAM MILK RICH AND FRESH PASTEURISED DAIRY MILK,DAIRY
1292,10186,BOTTLE CONTINENTAL MILD SINGLE UNIT CHARGE#DEPOSIT,MILK BOTTLE CONTAINER DEPOSIT SINGLE UNIT CHARGE,DAIRY
1293,10553,EAT EGGS PEELED BOILED#HARD#SUGUNA READY#TO,SUGUNA READY TO EAT HARD BOILED EGGS PEELED,DAIRY
1294,10554,BAGELS EGGS EGGOZ EVERYTHING PROTEIN STYLE WHITE WRAPS,EGGOZ EGG WHITE PROTEIN WRAPS EVERYTHING BAGEL STYLE,DAIRY
1295,10555,AMUL CAGE EGGS FREE LIQUID PASTEURISED,AMUL LIQUID EGGS CAGE FREE PASTEURISED,DAIRY
1296,10556,EGGS EGGOZ EGGS LIQUID PERCENT REAL WHITE,EGGOZ LIQUID EGG WHITES 100 PERCENT REAL EGGS,DAIRY
1297,10557,EGGOZ EGGS LIQUID SEASONING SOUTHWEST STYLE,EGGOZ LIQUID EGGS SOUTHWEST STYLE SEASONED,DAIRY
1298,10558,EGGOZ EGGS EXTRA FARM FRESH LARGE PASTURE#RAISED,EGGOZ FARM FRESH PASTURE RAISED EGGS EXTRA LARGE,DAIRY
1299,10172,AMUL BUTTER GARLIC HERB,AMUL GARLIC & HERB BUTTER,DAIRY
1300,10173,BAKE COOKIES FESTIVE FROSTED KIT MAKING BETTY#CROCKER READY#TO,BETTY CROCKER FESTIVE FROSTED COOKIE MAKING KIT READY TO BAKE,DAIRY
1301,10174,BUTTER EUROPEAN PLATES SPREAD STYLE URBAN VEGAN,URBAN PLATTER EUROPEAN STYLE VEGAN BUTTER SPREAD,DAIRY
1302,10175,AMUL GRAM PACK SHRIKHAND,AMUL SHRIKHAND 200 GRAM PACK,DAIRY
1303,10176,CARAMEL FLAT MILD PUDDING,CARAMEL PUDDING MILK-PUDDING FLAN,DAIRY
1304,10177,DRY EAT FOOD INSTANT KHEER PUDDING RICH READY#TO,DRYM FOODS READY-TO-EAT KHEER Û INSTANT RICE PUDDING,DAIRY
1305,10178,AMUL EAT GRAM KHEER PACK READY#TO,AMUL KHEER READY TO EAT 200 GRAM PACK,DAIRY
1306,11064,BAKE CRESCENT DOUGH PILLSBURY ROLLS SHEETS READY#TO,PILLSBURY READY TO BAKE CRESCENT ROLL DOUGH SHEET,DAIRY
1307,11065,BREAD ENGLISH OVEN WHEAT WHOLE,ENGLISH OVEN WHOLE WHEAT BREAD,DAIRY
1308,11066,AND COKE EGGS KIT MEAL SCRAMBLE VEGETABLE WITH READY#TO,READY TO COOK EGG SCRAMBLE KIT WITH MEAT AND VEGETABLES,DAIRY
1309,11067,BROWN FROZEN GRAM HASS MCCAIN PACK,MCCAIN HASH BROWNS FROZEN 400 GRAM PACK,DAIRY
1310,11068,AMUL BUTTER GRAM PACK,AMUL BUTTER 500 GRAM PACK,DAIRY
1311,11069,BUTTER CARTON GRAM PRESIDENT SALTED,PRESIDENT SALTED BUTTER 100 GRAM CARTON,DAIRY
1312,11070,BRITANNIA BUTTER GRAM PACK SALTED,BRITANNIA SALTED BUTTER 100 GRAM PACK,DAIRY
1313,11071,BUTTER DAIRY GRAM MOTHER PACK SALTED,MOTHER DAIRY SALTED BUTTER 100 GRAM PACK,DAIRY
1314,11072,BUTTER GOVARDHAN GRAM PACK,GOVARDHAN BUTTER 100 GRAM PACK,DAIRY
1315,11073,BUTTER GRAM PACK PRESIDENT UNSALTED,PRESIDENT UNSALTED BUTTER 500 GRAM PACK,DAIRY
1316,11074,AMUL BUTTER CARTON GRAM UNSALTED,AMUL UNSALTED BUTTER 100 GRAM CARTON,DAIRY
1317,11075,BRITANNIA BUTTER GRAM PACK UNSALTED,BRITANNIA UNSALTED BUTTER 100 GRAM PACK,DAIRY
1318,11076,AMUL AND BUTTER GARLIC GRAM HERB SPREAD,AMUL GARLIC AND HERB BUTTER SPREAD 100 GRAM,DAIRY
1319,11077,AMUL BUTTER GRAM SPREAD TUB,AMUL BUTTER SPREAD 500 GRAM TUB,DAIRY
1320,11078,COCOSUTRA COOKIES DOUGH MIX,COCOSUTRA COOKIE DOUGH MIX,DAIRY
1321,11079,CHIPS CHOCOLATE COOKIES DOUGH GRAM PACK PILLSBURY,PILLSBURY CHOCOLATE CHIP COOKIE DOUGH 200 GRAM PACK,DAIRY
1322,11080,BUTTER COOKIES DOUGH GRAM PACK PEANUT PILLSBURY,PILLSBURY PEANUT BUTTER COOKIE DOUGH 200 GRAM PACK,DAIRY
1323,11081,CHOCOLATE COOKIES DOUGH GOBBLERIGHT PREMIUM,GOBBLERIGHT CHOCOLATE COOKIE DOUGH PREMIX,DAIRY
1324,11082,BUTTER NUTRALITE SPREAD VEGAN,NUTRALITE VEGAN BUTTER SPREAD,DAIRY
1325,11083,AMUL BUTTER GRAM PACK UNSALTED,AMUL UNSALTED BUTTER 100 GRAM PACK,DAIRY
1326,11084,BUTTER FAT GRAM LOW NUTRALITE SPREAD TUB,NUTRALITE LOW FAT BUTTER SPREAD 500 GRAM TUB,DAIRY
1327,11085,BUTTER DEL GRAM MONTE SPREAD TUB,DEL MONTE BUTTER SPREAD 200 GRAM TUB,DAIRY
1328,11086,AMERICAN DILL GARDEN JAR PICKLED,AMERICAN GARDEN DILL PICKLE JAR,DAIRY
1329,11087,CUCUMBERS DEL DILL GRAM JAR MONTE PICKLED SLICED,DEL MONTE CUCUMBER DILL PICKLE SLICES 350 GRAM JAR,DAIRY
1330,11088,CHOCOLATE CUP DESSERT EPIGAMIA GRAM PUDDING,EPIGAMIA CHOCOLATE DESSERT PUDDING 90 GRAM CUP,DAIRY
1331,20553,ALPENLIEBE BUTTER CARAMEL CREAMFILLS TOFFEE,ALPENLIEBE CREAMFILLS BUTTER CARAMEL TOFFEE,GROCERY
1332,20554,ASSORTED CANDY CENTRE FILLET FLAVOUR PULLS TANGY,PULSE CANDY ASSORTED FLAVOURS TANGY CENTRE FILLED CANDY,GROCERY
1333,20552,BUTTON CADBURY CANDY CHOCOLATE COATED GEMS,CADBURY GEMS CHOCOLATE BUTTON COATED CANDY,GROCERY
1334,20555,FRESH GUM MENTOS PURE SPEARMINT,MENTOS PURE FRESH GUM SPEARMINT,GROCERY
1335,20556,EUCALYPTUS FRESH MINT O,MINT-O FRESH EUCALYPTUS,GROCERY
1336,20557,CHLORMINT LOZENGES MINT STRONG,CHLORMINT STRONG MINT LOZENGES,GROCERY
1337,20559,BUTTER CUP HERSHEY PEANUT REESE S,HERSHEYÔÇÖS REESEÔÇÖS PEANUT BUTTER CUPS,GROCERY
1338,20560,BAR EXCELLENCE INTENSIVE LINDT MINT CHOCOLATE#DARK,LINDT EXCELLENCE DARK MINT INTENSE CHOCOLATE BAR,GROCERY
1339,20558,CHUPA CHUPA LOLLIPOPS MINT,CHUPA CHUPS MINI LOLLIPOPS,GROCERY
1340,20701,BRITANNIA BUTTER COOKIES DAY GOOD,BRITANNIA GOOD DAY BUTTER COOKIES,GROCERY
1341,20702,COCOA COOKIES DARK FANTASY FILLS SUNFEAST,SUNFEAST DARK FANTASY CHOCO FILLS COOKIES,GROCERY
1342,20703,BRITANNIA CREAMY TREATS VANILLA WAFER,BRITANNIA TREAT VANILLA CREAM WAFERS,GROCERY
1343,20705,BRITANNIA BUTTER CHOCOLATE COOKIES ICING STRIPES WITH,BRITANNIA CHOCOLATE BUTTER COOKIES WITH ICING STRIPES,GROCERY
1344,20704,BRITANNIA CHEESE CRACKERS,BRITANNIA CHEESE CRACKERS,GROCERY
1345,20706,CHEESE CRACKERS FARMLITE MULTIGRAIN SUNFEAST,SUNFEAST FARMLITE MULTIGRAIN CHEESE CRACKERS,GROCERY
1346,20709,BAKERY CRACKERS EVERYTHING MULTIGRAIN SEASONING MAHAL#TAJ,TAJ MAHAL BAKERY MULTIGRAIN EVERYTHING SEASONING CRACKERS,GROCERY
1347,20707,BISCUIT BRITANNIA CRACKERS CREAMY ORIGINAL SALTED,BRITANNIA CREAM CRACKER ORIGINAL SALTED BISCUITS,GROCERY
1348,20708,CHEESE CRISPY FLAVOUR ONION POTATO PRINGLES,PRINGLES CHEESE & ONION FLAVOURED POTATO CRISPS,GROCERY
1349,20710,BROWN CAKES ORGANIC RICH PINTOLA#WHOLEGRAIN,PINTOLA ORGANIC WHOLEGRAIN BROWN RICE CAKES,GROCERY
1350,20711,BROWN CAKES ORGANIC RICH UNSALTED PINTOLA#WHOLEGRAIN,PINTOLA ORGANIC WHOLEGRAIN BROWN RICE CAKES UNSALTED,GROCERY
1351,20712,CHIPS FLAVOUR MULTIGRAIN PERI TOO#YUMM,TOO YUMM MULTIGRAIN CHIPS PERI PERI FLAVOUR,GROCERY
1352,20836,BLACK BREW COFFEE COLA OWL#SLEEPY,SLEEPY OWL COLD BREW BLACK COFFEE,GROCERY
1353,20838,COFFEE COLA MOCHA TATA,TATA COFFEE COLD COFFEE MOCHA,GROCERY
1354,20837,ENERGY JAVA MONSTER,MONSTER ENERGY JAVA MONSTER,GROCERY
1355,20841,GREEN TEA TEAFIT UNSWEETENED,TEAFIT UNSWEETENED GREEN TEA,GROCERY
1356,20839,BERRY BREW ICED TEAME WILD,TEAME WILD BERRY ICE BREW,GROCERY
1357,20840,LEMON LIPTON SUGAR ZERO,LIPTON ZERO SUGAR LEMON,GROCERY
1358,20843,BISLERI DRINKING JAR LITRE PACKAGED WATER,BISLERI 20 LITRE PACKAGED DRINKING WATER JAR,GROCERY
1359,20842,DRINKING JAR LITRE PACKAGED PARRY S WATER,PARRYÔÇÖS 20 LITRE PACKAGED DRINKING WATER JAR,GROCERY
1360,20844,ALKALINE BLACK EVOCUS WATER,EVOCUS BLACK ALKALINE WATER,GROCERY
1361,20845,DRINKING KINLEY PACKAGED WATER,KINLEY PACKAGED DRINKING WATER,GROCERY
1362,20846,HIMALAYAN SPRING VEDICA WATER,VEDICA HIMALAYAN SPRING WATER,GROCERY
1363,20847,HIMALAYAN MINERAL NATURAL TATA WATER,TATA HIMALAYAN NATURAL MINERAL WATER,GROCERY
1364,20848,COCOFIT FLAVOUR LEMON LIME VITAMIN WATER,COCOFIT VITAMIN WATER LEMON & LIME FLAVOUR,GROCERY
1365,20850,BLUEBERRY FLAVOUR KOMBUCHA MINT PRESERVED RAW,RAW PRESSERY KOMBUCHA BLUEBERRY & MINT FLAVOUR,GROCERY
1366,20849,CHILLI DRINK ENERGY FLAVOUR KAPIVA LEMON SATTU,KAPIVA SATTU ENERGY DRINK LEMON & CHILLI FLAVOUR,GROCERY
1367,20852,DRINK POWDER GATORADE#SPORTS,GATORADE SPORTS DRINK POWDER,GROCERY
1368,20851,ELECTROLYTE FAST RELOAD UP,FAST&UP RELOAD ELECTROLYTES,GROCERY
1369,20853,ELECTRAL ORS POWDER,ELECTRAL ORS POWDER,GROCERY
1370,20855,DRINK ENERGY PREDATOR,PREDATOR ENERGY DRINK,GROCERY
1371,20854,ENERGY MONSTER SUGAR ULTRA WATERMELON ZERO,MONSTER ENERGY ULTRA WATERMELON ZERO SUGAR,GROCERY
1372,20856,APPLE BODY DRINK ENERGY FUEL REIGN SOUR TOTAL,REIGN TOTAL BODY FUEL SOUR APPLE ENERGY DRINK,GROCERY
1373,20932,HONEY KAPIVA RAW,KAPIVA RAW HONEY,GROCERY
1374,20933,HOT INFUSED MIKES WITH CHILI#HONEY,MIKES HOT HONEY HONEY INFUSED WITH CHILI,GROCERY
1375,20934,APIS HONEY INDIA,APIS INDIA HONEY,GROCERY
1376,20940,BUTTER CHOCOLATE CRUNCHY MYFITNESS PEANUT PROTEIN,MYFITNESS PEANUT BUTTER CHOCOLATE CRUNCHY 26% PROTEIN,GROCERY
1377,20938,COCOA DR FUNFOODS HAZELNUT NUTTY OETKER SPREAD,DR. OETKER FUNFOODS NUTTY HAZELNUT COCOA SPREAD,GROCERY
1378,20939,ALPINO BUTTER CREAMY NATURAL PEANUT UNSWEETENED,ALPINO NATURAL PEANUT BUTTER CREAMY UNSWEETENED,GROCERY
1379,20941,JONES KETCHUP SMITH TOMATO,SMITH & JONES TOMATO KETCHUP,GROCERY
1380,20942,DEL KETCHUP MONTE TOMATO,DEL MONTE TOMATO KETCHUP,GROCERY
1381,20943,FRESH KETCHUP KISSAN TOMATO,KISSAN FRESH TOMATO KETCHUP,GROCERY
1382,20945,EASY GARDEN MERICAN MUSTARD SQUEEZE YELLOW,MERICAN GARDEN EASY SQUEEZE YELLOW MUSTARD,GROCERY
1383,20946,AMERICAN MUSTARD UNFOODS,UNFOODS AMERICAN MUSTARD,GROCERY
1384,20947,BARBECUE HONEY SAUCE VEEBA,VEEBA HONEY BARBEQUE SAUCE,GROCERY
1385,20949,BARBECUE KRAFT ORIGINAL SAUCE SIMMERED SLOW,KRAFT ORIGINAL SLOW-SIMMERED BARBECUE SAUCE,GROCERY
1386,20952,CHILLI DEL MEXICAN MONTE SEASONING,DEL MONTE MEXICAN SEASONING CHILI,GROCERY
1387,20953,BUTTER CHICKEN GRAVY GRAVYMATTER,GRAVYMATTER BUTTER CHICKEN GRAVY,GROCERY
1388,20954,BASED BROWN GRAVY MAGGI PROFESSIONAL,MAGGI PROFESSIONAL BROWN BASE GRAVY,GROCERY
1389,20955,CHICKEN GRAVY MASALA SARAS,SARAS CHICKEN MASALA GRAVY,GROCERY
1390,20956,PLATES RED URBAN VINEGAR WINE,URBAN PLATTER RED WINE VINEGAR,GROCERY
1391,20957,TOPS VINEGAR WHITE,TOPS WHITE VINEGAR,GROCERY
1392,20958,BALSAMIC DRESSING PONTI VINEGAR WHITE,PONTI WHITE BALSAMIC DRESSING VINEGAR,GROCERY
1393,20959,COOKIES WINE MAHAL#TAJ,TAJ MAHAL COOKING WINE,GROCERY
1394,20960,COOKIES RED STYLE SUNDROP WINE,SUNDROP COOKING WINE (RED WINE STYLE),GROCERY
1395,20961,BORGES RED VINEGAR WINE,BORGES RED WINE VINEGAR,GROCERY
1396,20962,BY CLASSIC DR DRESSING FUNFOODS MAYO OETKER SANDWICH SPREAD TANGY,FUNFOODS BY DR. OETKER SANDWICH SPREAD ÔÇÔ CLASSIC MAYO & TANGY DRESSING,GROCERY
1397,20963,CREMICA EGGLESS MAYONNAISE SANDWICH SPREAD STYLE,CREMICA SANDWICH SPREAD ÔÇÔ EGGLESS MAYONNAISE STYLE SPREAD,GROCERY
1398,20964,CREAMY EGGLESS MAYONNAISE SANDWICH SPREAD TANGY VEEBA,VEEBA EGGLESS MAYONNAISE ÔÇÔ CREAMY & TANGY SANDWICH SPREAD,GROCERY
1399,20966,DEL EGGLESS LIGHT MAYONNAISE MONTE,DEL MONTE EGGLESS LIGHT MAYONNAISE,GROCERY
1400,20967,DR FUNFOODS MAYONNAISE OETKER SQUEEZE VEG,DR. OETKER FUNFOODS VEG MAYONNAISE SQUEEZY,GROCERY
1401,20965,GRABENORD MAYONNAISE ORGANIC VEGAN,GRABENORD VEGAN ORGANIC MAYONNAISE,GROCERY
1402,20970,DRESSING HOUSE ITALIAN KEN LIT NORTHERN S SALAD STEAK,KEN'S STEAK HOUSE LITE NORTHERN ITALIAN SALAD DRESSING,GROCERY
1403,20971,CHIPOTLE KRAFT MAYO SPREAD,KRAFT CHIPOTLE MAYO SPREAD,GROCERY
1404,20972,CHEESE CHEESE RINGS TOO#YUMM,TOO YUMM CHEESY CHEESE RINGS,GROCERY
1405,20991,CHIPS DELMONTE HEAT SWEET,DELMONTE SWEET HEAT CHIPS,GROCERY
1406,20993,MANGO MOTHER RECIPE S SWEET,MOTHERÔÇÖS RECIPE SWEET MANGO,GROCERY
1407,20992,RELISH SAUCE SWEET TANGY TOPS,TOPS SWEET & TANGY RELISH SAUCE,GROCERY
1408,20994,DRIED SUN TOMATO FARMS#WINGREENS,WINGREENS FARMS SUN DRIED TOMATO,GROCERY
1409,20998,BLACK DEL MONTE OLIVES SLICED,DEL MONTE SLICED BLACK OLIVES,GROCERY
1410,21000,BLACK BORGES OLIVES PITTED,BORGES BLACK PITTED OLIVES,GROCERY
1411,20999,BLACK FIGARO OLIVES SLICED,FIGARO BLACK SLICED OLIVES,GROCERY
1412,21007,CHERRY DRINK PEPSI SOFT SUGAR WILD ZERO,PEPSI WILD CHERRY ZERO SUGAR SOFT DRINK,GROCERY
1413,21008,CHERRY DRINK PEPSI SOFT SUGAR WILD ZERO,PEPSI ZERO SUGAR WILD CHERRY SOFT DRINK,GROCERY
1414,21012,DRINK SOFT UP,7UP SOFT DRINK,GROCERY
1415,21015,FANTASY MIX SODA STRAWBERRY,FANTA STRAWBERRY + SODA MIX,GROCERY
1416,21017,BISLERI CLUB#SODA,BISLERI SODA CLUB SODA,GROCERY
1417,21016,SCHWEPPES WATER INDIAN#TONIC,SCHWEPPES INDIAN TONIC WATER,GROCERY
1418,21018,EASY IMPERIAL WATER INDIAN#TONIC,EAST IMPERIAL INDIAN TONIC WATER,GROCERY
1419,21027,BAR MIX SEEDS SNACK SUPER YOGA,YOGA BAR MIX SEED SUPER SNACK,GROCERY
1420,21028,CHICKEN DOKI JERKY MASALA SMOKE,DOKI SMOKEY MASALA CHICKEN JERKY,GROCERY
1421,21029,BUFFALO DOKI GOCHUJANG JERKY KOREAN,DOKI KOREAN GOCHUJANG BUFFALO JERKY,GROCERY
1422,21030,DOKI JERKY PEPPERS TELLICHERRY,DOKI TELLICHERRY PEPPER JERKY,GROCERY
1423,20627,GARLIC POWDER SAMPANN TATA,TATA SAMPANN GARLIC POWDER,GROCERY
1424,20628,BLACK EVEREST PEPPERS POWDER,EVEREST BLACK PEPPER POWDER,GROCERY
1425,20629,CINNAMON POWDER SAMPANN TATA,TATA SAMPANN CINNAMON POWDER,GROCERY
1426,20630,CHILLI EVEREST FLAKES RED SEASONING,EVEREST RED CHILLI FLAKES SEASONING,GROCERY
1427,20631,BASIL DRIED LEAVES PLATES URBAN,URBAN PLATTER DRIED BASIL LEAVES,GROCERY
1428,20632,ITALIAN MIX ORIKA SEASONING,ORIKA ITALIAN SEASONING MIX,GROCERY
1429,20635,ATA COARSE CRYSTALS SALT,ATA SALT COARSE CRYSTAL SALT,GROCERY
1430,20633,HIMALAYAN ROCKY SALT TATA,TATA HIMALAYAN ROCK SALT,GROCERY
1431,20634,IODISED NATURELAND ORGANIC SALT SEA,NATURELAND ORGANICS SEA SALT IODISED,GROCERY
1432,20636,BLACK GRINDER MALABAR ORIKA PEPPERS,ORIKA MALABAR BLACK PEPPER GRINDER,GROCERY
1433,20638,BLACK GRINDER MCCORMICK PEPPERCORN,MCCORMICK BLACK PEPPERCORN GRINDER,GROCERY
1434,20637,BLACK EVEREST PEPPERS POWDER,EVEREST BLACK PEPPER POWDER,GROCERY
1435,20641,CHICKEN EVEREST MASALA TANDOORI,EVEREST TANDOORI CHICKEN MASALA,GROCERY
1436,20639,CHOPS EVEREST MASALA STEAK,EVEREST STEAK & CHOPS MASALA,GROCERY
1437,20640,CHICKEN MASALA MDH TANDOORI,MDH TANDOORI CHICKEN MASALA,GROCERY
1438,20642,DALDA OIL REFINED VANASPATI VEGETABLE,DALDA VANASPATI REFINED VEGETABLE OIL,GROCERY
1439,20643,AMUL BAKERY BUTTER FLAVOUR MARINADE,AMUL BAKERY MARGARINE (BUTTER FLAVOUR),GROCERY
1440,20644,BAKERY MARINADE STICK VIJAY,VIJAY BAKERY MARGARINE STICKS,GROCERY
1441,20647,FORTUNE OIL REFINED VEGETABLE,FORTUNE REFINED VEGETABLE OIL,GROCERY
1442,20645,CANOLA FORTUNE OIL,FORTUNE CANOLA OIL,GROCERY
1443,20650,BORGES EXTRA LIGHT,BORGES EXTRA LIGHT,GROCERY
1444,20648,BORGES EXTRA VIRGIN,BORGES EXTRA VIRGIN,GROCERY
1445,20649,BETTER EVOO SIMPLY TATA,TATA SIMPLY BETTER EVOO,GROCERY
1446,20651,AVOCADO NUTRITION OIL PURE SPRAY VIRGIN,PURE NUTRITION VIRGIN AVOCADO OIL SPRAY,GROCERY
1447,20653,AVOCADO CHEFSPRAY OIL SPRAY,CHEFSPRAY AVOCADO OIL SPRAY,GROCERY
1448,20652,HOFFMAN OIL SPRAY SUNFLOWER,HOFFMAN SUNFLOWER OIL SPRAY,GROCERY
1449,20655,BAGRRY DRINK OATS S BASED#PLANT,BAGRRY'S PLANT BASED OAT DRINK,GROCERY
1450,20654,ALMOND BEVERAGE COCONUT GOOD SO BASED#PLANT,SO GOOD PLANT BASED ALMOND COCONUT BEVERAGE,GROCERY
1451,20656,ALMOND MILD MILKLAB BASED#PLANT,MILKLAB PLANT BASED ALMOND MILK,GROCERY
1452,20657,MILD AMUL#POWDER INSTANT#SKIMMED,AMUL INSTANT SKIMMED MILK POWDER,GROCERY
1453,20658,BUTTERMILK AMUL#POWDER,AMUL BUTTERMILK POWDER,GROCERY
1454,20659,MILD AMUL#POWDER INSTANT#SKIMMED,AMUL INSTANT SKIMMED MILK POWDER,GROCERY
1455,20660,AMUL COW MILD UHT,AMUL COW UHT MILK,GROCERY
1456,20661,AMUL HOMOGENISED MILD TAAZA TONE,AMUL TAAZA HOMOGENISED TONED MILK,GROCERY
1457,20664,AMUL HOMOGENISED MILD TAAZA TONE,AMUL TAAZA HOMOGENISED TONED MILK,GROCERY
1458,20662,ARROWHEAD CORNMEAL MILLS ORGANIC YELLOW,ARROWHEAD MILLS ORGANIC YELLOW CORNMEAL,GROCERY
1459,20663,ATTA CORN DAIVIK FLOUR MAIZE MAKKI ORGANIC,DAIVIK ORGANIC MAIZE FLOUR MAKKI ATTA CORN FLOUR,GROCERY
1460,20665,ALL FLOUR NATURAL PURPOSE TATA,TARU NATURAL ALL PURPOSE FLOUR,GROCERY
1461,20666,AASHIRVAAD BREAD FLOUR MAKING UNBLEACHED WHEAT,AASHIRVAAD UNBLEACHED BREAD MAKING WHEAT FLOUR,GROCERY
1462,20667,BAKING FLOUR FREE GLUTEN MIX PLATES TO URBAN,URBAN PLATTER GLUTEN FREE BAKING FLOUR 1 TO 1 MIX,GROCERY
1463,20668,BAR HEALTH HEARTS HEMP MIX ORGANIC SEEDS YOGA,YOGA BAR ORGANIC HEMP HEARTS HEALTHY SEED MIX,GROCERY
1464,20670,HEARTS HEMP NATURAL PLATES SEEDS SUPER URBAN,URBAN PLATTER HEMP HEARTS NATURAL SUPER SEEDS,GROCERY
1465,20669,FLAXSEED MEAL ORGANIC PLATES POWDER URBAN,URBAN PLATTER ORGANIC FLAXSEED MEAL POWDER,GROCERY
1466,20672,CANS DHAMPURE GRANULATED PURE SUGAR WHITE,DHAMPURE PURE CANE WHITE GRANULATED SUGAR,GROCERY
1467,20673,FINE GRANULATED MADHUR SUGAR WHITE,MADHUR FINE GRANULATED WHITE SUGAR,GROCERY
1468,20676,BAKING BROWN DARK DHAMPURE FOR SUGAR,DHAMPURE DARK BROWN SUGAR FOR BAKING,GROCERY
1469,20674,BROWN LIGHT MANTRA ORGANIC SUGAR,24 MANTRA ORGANIC LIGHT BROWN SUGAR,GROCERY
1470,20675,CANS CRYSTALS INDIA NATURAL ORGANIC SUGAR,ORGANIC INDIA NATURAL CANE SUGAR CRYSTALS,GROCERY
1471,20677,AND BAKING FOR ICING MADHUR POWDER SUGAR,MADHUR POWDERED SUGAR FOR ICING AND BAKING,GROCERY
1472,20679,DESSERT DHAMPURE FINE FOR POWDER SUGAR,DHAMPURE FINE POWDERED SUGAR FOR DESSERTS,GROCERY
1473,20678,MANTRA ORGANIC POWDER SUGAR,24 MANTRA ORGANIC POWDERED SUGAR,GROCERY
1474,20680,CALORIE FREE NATURAL SACHETS SUGAR SWEETENED ZERO,SUGAR FREE NATURA ZERO CALORIE SWEETENER SACHETS,GROCERY
1475,20681,CALORIE FREE GOLD LOW POWDER SUGAR SWEETENED,SUGAR FREE GOLD LOW CALORIE SWEETENER POWDER,GROCERY
1476,20682,FRUIT LAKANTO MOON NATURAL POUCH SWEETENED,LAKANTO NATURAL MONK FRUIT SWEETENER POUCH,GROCERY
1477,20683,AGAVE BLUE MANTRA ORGANIC SYRUP,24 MANTRA ORGANIC BLUE AGAVE SYRUP,GROCERY
1478,20684,BOTTLE DATE INDIA NATURAL NECTAR ORGANIC SWEETENED,ORGANIC INDIA DATE NECTAR NATURAL SWEETENER BOTTLE,GROCERY
1479,20685,AGAVE BLUE NATURAL ORGANIC PLATES SWEETENED URBAN,URBAN PLATTER ORGANIC BLUE AGAVE NATURAL SWEETENER,GROCERY
1480,20686,AND BREAKFAST KISSAN ORIGINAL PANCAKE SYRUP,KISSAN ORIGINAL PANCAKE AND BREAKFAST SYRUP,GROCERY
1481,20687,AGED BARREL BOURBON MANTRA MAPLE ORGANIC SYRUP,24 MANTRA ORGANIC MAPLE SYRUP BOURBON BARREL AGED,GROCERY
1482,20688,MANTRA MAPLE ORGANIC PERCENT PURE SYRUP,24 MANTRA ORGANIC PURE MAPLE SYRUP 100 PERCENT,GROCERY
1483,20691,BUTTERMILK COMPLETE MIX PANCAKE PILLSBURY,PILLSBURY COMPLETE BUTTERMILK PANCAKE MIX,GROCERY
1484,20689,AND FREE GLUTEN MIX PANCAKE PLATES URBAN WAFFLE,URBAN PLATTER GLUTEN FREE PANCAKE AND WAFFLE MIX,GROCERY
1485,20690,BAR HIGH MIX PANCAKE PROTEIN YOGA,YOGA BAR HIGH PROTEIN PANCAKE MIX,GROCERY
1486,20694,BRU CAPPUCCINO COFFEE DOUBLE INSTANT MIX MOCHA,BRU DOUBLE MOCHA CAPPUCCINO INSTANT COFFEE MIX,GROCERY
1487,20697,AND BLACK ORANGE PREMIUM SPICY TATA TEA,TATA TEA PREMIUM ORANGE AND SPICE BLACK TEA,GROCERY
1488,20695,CHAI CONCENTRATE GIRNAR LATTE ORIGINAL TEA,GIRNAR ORIGINAL CHAI TEA LATTE CONCENTRATE,GROCERY
1489,20713,CLASSIC DRINK BOAT#PAPER LEMONADE#REFRESHING,PAPER BOAT CLASSIC LEMONADE REFRESHING DRINK,GROCERY
1490,20714,CONCENTRATE JUICE LEMON REAL RECONSTITUTED,REAL LEMON JUICE RECONSTITUTED CONCENTRATE,GROCERY
1491,20718,DRINK FOR FRUIT JUICE KIDS PUNCH REAL,REAL FRUIT PUNCH JUICE DRINK FOR KIDS,GROCERY
1492,20716,DRINK JUICE LEMONADE STRAWBERRY BOAT#PAPER READY#TO,PAPER BOAT STRAWBERRY LEMONADE READY TO DRINK JUICE,GROCERY
1493,20717,COOLER DRINK FRUIT JUICE MIXED BOAT#PAPER,PAPER BOAT MIXED FRUIT COOLER JUICE DRINK,GROCERY
1494,20719,DRINK ICED INSTANT MIX PEACH RASNA TEA,RASNA PEACH ICED TEA INSTANT DRINK MIX,GROCERY
1495,20720,ENHANCER LIQUID MANGO MAPRO PINEAPPLE WATER,MAPRO PINEAPPLE MANGO LIQUID WATER ENHANCER,GROCERY
1496,20721,ENERGY ENHANCER FUSION LIQUID MAPRO TROPICAL WATER,MAPRO TROPICAL FUSION ENERGY LIQUID WATER ENHANCER,GROCERY
1497,20726,COKE CUTS GREEN BEANS#DEL#MONTE READY#TO,DEL MONTE CUT GREEN BEANS READY TO COOK,GROCERY
1498,20725,BEANS CUTS GREEN MANTRA ORGANIC,24 MANTRA ORGANIC CUT GREEN BEANS,GROCERY
1499,20727,ARTICHOKE CANS DEL HEARTS MONTE OUNCE WHOLE,DEL MONTE WHOLE ARTICHOKE HEARTS 14 OUNCE CAN,GROCERY
1500,20728,COOKIES KISSAN SAUCE TOMATO,KISSAN TOMATO COOKING SAUCE,GROCERY
1501,20729,DEL DICED MONTE PETITE TOMATO,DEL MONTE PETITE DICED TOMATOES,GROCERY
1502,20730,DICED MANTRA ORGANIC TOMATO,24 MANTRA ORGANIC DICED TOMATOES,GROCERY
1503,20731,APRICOTS DEL HALVES HEAVY IN MONTE SYRUP,DEL MONTE APRICOT HALVES IN HEAVY SYRUP,GROCERY
1504,20732,BARTLETT DEL HALVES IN JUICE MONTE PEARL,DEL MONTE BARTLETT PEAR HALVES IN JUICE,GROCERY
1505,20733,CRANBERRY JELLICE KISSAN SAUCE,KISSAN JELLIED CRANBERRY SAUCE,GROCERY
1506,20735,APPLE KISSAN SAUCE UNSWEETENED,KISSAN UNSWEETENED APPLE SAUCE,GROCERY
1507,20736,APPLE CUP KISSAN SAUCE UNSWEETENED,KISSAN UNSWEETENED APPLE SAUCE CUPS,GROCERY
1508,20740,CHICKEN LICIOUS PACK SAUSAGE STYLE VIENNA,LICIOUS VIENNA STYLE CHICKEN SAUSAGES PACK,GROCERY
1509,20741,BREAST CHICKEN CHUNKS IN S VENKY WATER,VENKY'S CHICKEN BREAST CHUNKS IN WATER,GROCERY
1510,20743,BAJA BEANS BLACK MANTRA ORGANIC STYLE,24 MANTRA ORGANIC BAJA STYLE BLACK BEANS,GROCERY
1511,20745,ADDED BEANS BLACK MANTRA NO ORGANIC SALT,24 MANTRA ORGANIC BLACK BEANS NO SALT ADDED,GROCERY
1512,20744,BEANS CHICKPEA COCONUT CURRY MANTRA ORGANIC,24 MANTRA ORGANIC CHICKPEA COCONUT CURRY BEANS,GROCERY
1513,20748,BAKE BEANS HEINZ IN SAUCE TOMATO VEGETARIAN,HEINZ VEGETARIAN BAKED BEANS IN TOMATO SAUCE,GROCERY
1514,20750,BEANS CHILLI EAT HOT SAUCE VEEBA WITHOUT READY#TO,VEEBA HOT CHILLI READY TO EAT SAUCE WITHOUT BEANS,GROCERY
1515,20751,BEANS CHILLI CLASSIC EAT SAUCE VEEBA WITHOUT READY#TO,VEEBA CLASSIC CHILLI READY TO EAT SAUCE WITHOUT BEANS,GROCERY
1516,20755,COOKIES FILLING KISSAN SANDWICH SAUCE,KISSAN SANDWICH FILLING COOKING SAUCE,GROCERY
1517,20758,CONDENSED CREAMY KNORR MUSHROOM OF SOUR,KNORR CREAM OF MUSHROOM CONDENSED SOUP,GROCERY
1518,20759,CHICKEN CONDENSED CREAMY KNORR OF SOUR,KNORR CREAM OF CHICKEN CONDENSED SOUP,GROCERY
1519,20760,CONDENSED FAMILY KNORR PACK SOUR TOMATO,KNORR TOMATO CONDENSED SOUP FAMILY PACK,GROCERY
1520,20762,CHICKEN FLAVOUR NISSIN NOODLE RAMEN SOUR TOPS,NISSIN TOP RAMEN CHICKEN FLAVOUR NOODLE SOUP,GROCERY
1521,20765,BROTH CHICKEN KNORR LIQUID ORGANIC STOCK,KNORR ORGANIC CHICKEN STOCK LIQUID BROTH,GROCERY
1522,20768,AND LENTIL LOW SAFFOLA SODIUM SOUR VEGETABLE,SAFFOLA LENTIL AND VEGETABLE SOUP LOW SODIUM,GROCERY
1523,20769,CLAW ENGLAND HOMESTYLE KNORR NEW SOUR,KNORR HOMESTYLE NEW ENGLAND CLAM SOUP,GROCERY
1524,20773,ANGEL BAMBINO HAIR PARMESAN PASTA SEASONING WITH,BAMBINO ANGEL HAIR PASTA WITH PARMESAN SEASONING,GROCERY
1525,20774,BAMBINO FETTUCCINE MIX PASTA READY,BAMBINO FETTUCCINE PASTA READY MIX,GROCERY
1526,20775,AND BAMBINO BUTTER GARLIC MIX PASTA,BAMBINO BUTTER AND GARLIC PASTA MIX,GROCERY
1527,20776,FILLING MEATLESS MIX PLATES STREET TATA URBAN,URBAN PLATTER MEATLESS STREET TACO FILLING MIX,GROCERY
1528,20777,GARLIC MASHED MIX POTATO ROASTED CHEF#ITC#MASTER,ITC MASTER CHEF ROASTED GARLIC MASHED POTATOES MIX,GROCERY
1529,20778,BABY FLAVOUR MASHED POTATO RED CHEF#ITC#MASTER,ITC MASTER CHEF BABY RED FLAVOURED MASHED POTATOES,GROCERY
1530,20779,BABY FAMILY MASHED PACK POTATO RED CHEF#ITC#MASTER,ITC MASTER CHEF BABY RED MASHED POTATOES FAMILY PACK,GROCERY
1531,20780,BASED BRITANNIA CRUST INCH PIZZA THIN,BRITANNIA THIN CRUST PIZZA BASE 12 INCH,GROCERY
1532,20781,BASED BRITANNIA INCH PERSONAL PIZZA,BRITANNIA PERSONAL PIZZA BASE 8 INCH,GROCERY
1533,20782,BASED BRITANNIA CRUST ORIGINAL PIZZA,BRITANNIA ORIGINAL PIZZA CRUST BASE,GROCERY
1534,20783,FREE GLUTEN GRAIN PLATES TORTILLA URBAN WHOLE WRAPS,URBAN PLATTER WHOLE GRAIN GLUTEN FREE TORTILLA WRAPS,GROCERY
1535,20784,CRUST GRAIN INCH PIZZA PLATES SPROUTED URBAN,URBAN PLATTER SPROUTED GRAIN PIZZA CRUST 12 INCH,GROCERY
1536,20785,BIG BOWL BULDAK CARBONATED NOODLE SAMYANG SPICY,SAMYANG BULDAK CARBONARA SPICY NOODLES BIG BOWL,GROCERY
1537,20787,CHICKEN CUP FLAVOUR ICHIBAN NOODLE SAPPORO,SAPPORO ICHIBAN CHICKEN FLAVOUR CUP NOODLES,GROCERY
1538,20789,BEANS LUPINI MEDITERRANEAN STYLE ZIYAD,ZIYAD LUPINI BEANS MEDITERRANEAN STYLE,GROCERY
1539,20790,DOLMA GREEN LEAVES STUFFED STYLE VINE WINGREENS,WINGREENS GREEK STYLE DOLMA STUFFED VINE LEAVES,GROCERY
1540,20791,AND DOLMA MEDITERRANEAN SNACK SPICY SWEET WINGREENS,WINGREENS SWEET AND SPICY DOLMAS MEDITERRANEAN SNACK,GROCERY
1541,20794,AND CLEAR FISH GADRE PIKE PREPARATION WHITEFISH,GADRE WHITEFISH AND PIKE CLEAR FISH PREPARATION,GROCERY
1542,20792,BURNING CANDLE LONG MEMORIAL YEHUDA,YEHUDA MEMORIAL CANDLE LONG BURNING,GROCERY
1543,20793,BUCKWHEAT FREE GLUTEN KASHA PLATES ROASTED URBAN,URBAN PLATTER ROASTED BUCKWHEAT KASHA GLUTEN FREE,GROCERY
1544,20795,CARIBBEAN HONEY JERKY SAUCE SEASONING VEEBA,VEEBA HONEY JERK CARIBBEAN SEASONING SAUCE,GROCERY
1545,20796,CHHOLE CURRY EAT MTR PUNJABI READY#TO,MTR PUNJABI CHHOLE READY TO EAT CURRY,GROCERY
1546,20797,CURRY MASALA PATAK S SAUCE SIMMER TIKKA,PATAK'S TIKKA MASALA CURRY SIMMER SAUCE,GROCERY
1547,20798,BUTTER CHICKEN COOKIES PATAK S SAUCE,PATAK'S BUTTER CHICKEN COOKING SAUCE,GROCERY
1548,20799,BAR CHIP NATURAL SEEDS SUPERFOOD YOGA,YOGA BAR NATURAL CHIA SEEDS SUPERFOOD,GROCERY
1549,20804,ALFREDO DEL GARLIC MONTE PASTA SAUCE,DEL MONTE GARLIC ALFREDO PASTA SAUCE,GROCERY
1550,20806,CHILLI DICED GREEN MEXICAN STYLE VEEBA,VEEBA DICED GREEN CHILLIES MEXICAN STYLE,GROCERY
1551,20807,CHILLI DICED GREEN MEXICAN MILD STYLE VEEBA,VEEBA MILD DICED GREEN CHILLIES MEXICAN STYLE,GROCERY
1552,20812,BEVERAGE FRUIT MANGO NECTAR REAL,REAL MANGO NECTAR FRUIT BEVERAGE,GROCERY
1553,20813,BEVERAGE COCONUT NECTAR PINEAPPLE REAL,REAL PINEAPPLE COCONUT NECTAR BEVERAGE,GROCERY
1554,20814,BEVERAGE FRUIT NECTAR PINEAPPLE REAL,REAL PINEAPPLE NECTAR FRUIT BEVERAGE,GROCERY
1555,20815,DE DESSERT MILKMAID NESTLE SPREAD DULCE#LECHE,NESTLE MILKMAID DULCE DE LECHE DESSERT SPREAD,GROCERY
1556,20816,COOKIES CREAMY CREMA MEDIA NESTLE,NESTLE MEDIA CREMA COOKING CREAM,GROCERY
1557,20817,CARAMEL CUSTARD DESSERT FLAT MIX WEIKFIELD,WEIKFIELD CARAMEL CUSTARD FLAN DESSERT MIX,GROCERY
1558,20821,MIX SEASONING SPICY TATA VEEBA,VEEBA TACO SEASONING SPICE MIX,GROCERY
1559,20822,MEXICAN MIX SEASONING TATA VEEBA,VEEBA MEXICAN TACO SEASONING MIX,GROCERY
1560,20824,AND CHUNKS DIP MEDIUM SALT THICK WINGREENS,WINGREENS THICK AND CHUNKY MEDIUM SALSA DIP,GROCERY
1561,20825,CASERA DIP MEDIUM SALT STYLE WINGREENS,WINGREENS CASERA STYLE MEDIUM SALSA DIP,GROCERY
1562,20826,CHUNKS CLASSIC DIP MILD SALT WINGREENS,WINGREENS MILD CHUNKY CLASSIC SALSA DIP,GROCERY
1563,20827,CANS CHICKPEA LOW MANTRA PREMIUM SODIUM,24 MANTRA PREMIUM CHICKPEAS LOW SODIUM CAN,GROCERY
1564,20828,BEANS COKE MANTRA PIN READY#TO,24 MANTRA PINTO BEANS READY TO COOK,GROCERY
1565,20829,BEANS CANS COOKED MANTRA PINTOLA PRE,24 MANTRA PRE COOKED PINTO BEANS CAN,GROCERY
1566,20830,CORN CORNITOS KING SIZE TORTILLA YELLOW,CORNITOS YELLOW CORN TORTILLAS KING SIZE,GROCERY
1567,20832,CORNITOS TORTILLA WHEAT WHOLE WRAPS,CORNITOS WHOLE WHEAT TORTILLA WRAPS,GROCERY
1568,20831,CORNITOS HERB SPINACH TORTILLA WRAPS,CORNITOS SPINACH HERB TORTILLA WRAPS,GROCERY
1569,20833,CORN CORNITOS SHELLS TATA YELLOW,CORNITOS YELLOW CORN TACO SHELLS,GROCERY
1570,20834,CORN CORNITOS OF PACK SHELLS TATA YELLOW,CORNITOS YELLOW CORN TACO SHELLS PACK OF 12,GROCERY
1571,20835,CORN CORNITOS MINT SHELLS SLIDER TATA YELLOW,CORNITOS MINI TACO SLIDER YELLOW CORN SHELLS,GROCERY
1572,20857,CARB FRESH SAFE WET FLUSHABLE#PEE#WIPES,PEE SAFE FLUSHABLE WET WIPES FRESH CARE,GROCERY
1573,20858,ALOE GENTLE SAFE VERA WET WITH FLUSHABLE#PEE#WIPES,PEE SAFE GENTLE FLUSHABLE WET WIPES WITH ALOE VERA,GROCERY
1574,20859,CARB FRESH PACK REFILL SAFE WET FLUSHABLE#PEE#WIPES,PEE SAFE FRESH CARE FLUSHABLE WET WIPES REFILL PACK,GROCERY
1575,20860,ORIGAMI PACK PAPER ROLLS WHITE KITCHEN#TOWELS,ORIGAMI KITCHEN PAPER TOWELS WHITE PACK 12 ROLLS,GROCERY
1576,20861,DOUBLE ORIGAMI PACK PAPER ROLLS WHITE KITCHEN#TOWELS,ORIGAMI KITCHEN PAPER TOWELS WHITE DOUBLE ROLL PACK,GROCERY
1577,20862,ORIGAMI PACK PAPER ROLLS WHITE KITCHEN#TOWELS,ORIGAMI KITCHEN PAPER TOWELS WHITE PACK 8 ROLLS,GROCERY
1578,20863,BOWL CELLO DESIGNER DISPOSABLE OUNCE,CELLO DESIGNER DISPOSABLE BOWLS 10 OUNCE,GROCERY
1579,20864,ASSORTED CELLO CUTLETS PLASTIC PREMIUM SET,CELLO PREMIUM ASSORTED PLASTIC CUTLERY SET,GROCERY
1580,20869,CLEANING DISH FRESH PLATINUM POWERWASH SCENT SPRAY VIM,VIM PLATINUM POWERWASH DISH CLEANING SPRAY FRESH SCENT,GROCERY
1581,20870,DISHWASHER FRAGRANCE GEL LIQUID OCEAN VIM,VIM LIQUID DISHWASH GEL OCEAN FRAGRANCE,GROCERY
1582,20872,BABY CARB DETERGENT LAUNDRY LIQUID ACTIVE#MEE,MEE MEE BABY LAUNDRY LIQUID DETERGENT ACTIVE CARE,GROCERY
1583,20876,BLEACH DOMEX FRAGRANCE FRESH LINER LIQUID,DOMEX BLEACH LIQUID FRESH LINEN FRAGRANCE,GROCERY
1584,20877,BLEACH CLEANER DOMEX LIQUID REGULAR,DOMEX REGULAR BLEACH LIQUID CLEANER,GROCERY
1585,20875,ACTION BLEACH FABRIC GHADI TRIPLE,GHADI TRIPLE ACTION FABRIC BLEACH ,GROCERY
1586,20880,COMFORT CONDITIONER FABRIC FRAGRANCE LAVENDER SCENT,COMFORT FABRIC CONDITIONER SCENT LAVENDER FRAGRANCE,GROCERY
1587,20878,COMFORT CONDITIONER FABRIC FRAGRANCE LIQUID ULTRA,COMFORT ULTRA LIQUID FABRIC CONDITIONER  FRAGRANCE,GROCERY
1588,20879,CARB COMFORT CONDITIONER FABRIC FREE GENTLE LIQUID ULTRA,COMFORT ULTRA LIQUID FABRIC CONDITIONER FREE & GENTLE CARE,GROCERY
1589,20881,ACTION CLEANER ODOUR OXI POWDER VANISH REMOVER#STAIN,VANISH OXI ACTION POWDER ODOUR REMOVER & STAIN CLEANER,GROCERY
1590,20882,FABRIC LIQUID REVIVE VANISH WHITE WHITENING,VANISH WHITE REVIVE LIQUID FABRIC WHITENER,GROCERY
1591,20883,COLOUR FABRIC FRAGRANCE LIQUID ORIGINAL UJALA REMOVER#STAIN,UJALA LIQUID COLOUR FABRIC STAIN REMOVER ORIGINAL FRAGRANCE,GROCERY
1592,20884,CARROT CHICKEN DOG DROOLS FOOD PATE TOMATO WET,DROOLS WET DOG FOOD CHICKEN TOMATO & CARROT PATE,GROCERY
1593,20886,CHEESEBURGER DOG FLAVOUR FOOD MEAL PUREPET WET,PUREPET WET DOG FOOD CHEESEBURGER FLAVOUR MEAL,GROCERY
1594,20890,CHICKEN DOG DROOLS FLAVOUR TRAINING TREATS,DROOLS CHICKEN FLAVOUR DOG TRAINING TREATS,GROCERY
1595,20891,BACON DOG DROOLS FLAVOUR SNACK,DROOLS BACON FLAVOUR DOG SNACKS,GROCERY
1596,20892,BITE DOG MEAT PEDIGREE TRAINING TREATS,PEDIGREE DOG TRAINING TREATS MEATY BITES,GROCERY
1597,20896,CAT COMPLETE DRY FOOD NUTRITION WHISKAS,WHISKAS COMPLETE NUTRITION DRY CAT FOOD,GROCERY
1598,20897,ADULT CAT COMPLETE DRY FOOD FORMULA NUTRITION WHISKAS,WHISKAS COMPLETE NUTRITION DRY CAT FOOD ADULT FORMULA,GROCERY
1599,20898,BLEND CAT DRY FOOD ME O PREMIUM SALMON TUNA,ME-O PREMIUM DRY CAT FOOD SALMON & TUNA BLEND,GROCERY
1600,20904,CAT CLUMPING LITTER NON PUREPET UNSCENTED,PUREPET UNSCENTED NON-CLUMPING CAT LITTER,GROCERY
1601,20908,BIRD BLOCK FED NUT SEEDS SMORGASBORD VITAPOL WILD,VITAPOL WILD BIRD FEED NUT & SEED SMORGASBORD BLOCK,GROCERY
1602,20909,BIRD CRITTER CRUNCHY FED MIX VITAPOL WILD,VITAPOL WILD BIRD FEED CRITTER CRUNCH MIX,GROCERY
1603,20910,BIRD FOR NUTTY SUET TREATS VITAPOL WILD,VITAPOL NUTTY SUET TREAT FOR WILD BIRDS,GROCERY
1604,20911,CHICKEN DOG DROOLS FOOD FRESH RECIPE RICH,DROOLS FRESH DOG FOOD CHICKEN & RICE RECIPE,GROCERY
1605,20913,CHICKEN DOG DROOLS FOOD FRESH JOY TREATS,DROOLS FRESH DOG FOOD CHICKEN JOY TREATS,GROCERY
1606,20914,BARBECUE BRIQUETTES CHARCOAL FOR GRILLING PRESTIGE,PRESTIGE CHARCOAL BRIQUETTES FOR BARBECUE GRILLING,GROCERY
1607,20915,BBQ FOR GRILLING LB PACK PELLETS SELECT WOOD,BBQ SELECT WOOD PELLETS 30 LB PACK FOR GRILLING,GROCERY
1608,20916,BARBECUE FOR GRILLED HICKORY PELLETS WEBER WOOD,WEBER HICKORY WOOD PELLETS FOR BARBECUE GRILLS,GROCERY
1609,20918,CHARCOAL FIRE FLUID FOR IGNITION LIGHT STOVEKRAFT,STOVEKRAFT LIGHTER FLUID FOR CHARCOAL & FIRE IGNITION,GROCERY
1610,20917,BARBECUE CUBES FIRE FIREPLACE FOR OAK ROYAL STARTER,ROYAL OAK FIRE STARTER CUBES FOR BARBECUE & FIREPLACE,GROCERY
1611,20919,BLOCK FAST FIRE FOR IGNITION QUICK STARTER,FAST FIRE STARTER BLOCKS FOR QUICK IGNITION,GROCERY
1612,20920,ALL FIRE NATURAL BURN#HOUR ECOFLAME#LOG,ECOFLAME ALL NATURAL FIRE LOG 3 HOUR BURN,GROCERY
1613,20921,ALL FIRE NATURAL PACK BURN#HOUR ECOFLAME#LOG,ECOFLAME ALL NATURAL FIRE LOG 3 HOUR BURN PACK,GROCERY
1614,20922,DURAFLAME FIRE LOG MULTI PACK BURN#HOUR,DURAFLAME FIRE LOGS MULTI PACK 4 HOUR BURN,GROCERY
1615,20923,BUNDLE FIREWOOD FOR HOT INDOOR OUTDOOR USE WOOD,HOT WOOD FIREWOOD BUNDLE FOR INDOOR & OUTDOOR USE,GROCERY
1616,20924,CLASSIC EZ PACK REACH CRICKET#GAS#LIGHTER,CRICKET EZ REACH CLASSIC GAS LIGHTER 2 PACK,GROCERY
1617,20925,BOLD POCKET CRICKET#GAS#LIGHTER,CRICKET BOLD POCKET GAS LIGHTER,GROCERY
1618,20926,FLEXIBLE MULTI PURPOSE UTILITY CRICKET#GAS#LIGHTER,CRICKET MULTI PURPOSE FLEXIBLE UTILITY GAS LIGHTER,GROCERY
1619,20927,PELLETS SALT SOFTENER TATA WATER,TATA WATER SOFTENER SALT PELLETS,GROCERY
1620,20928,FOR HARD MORTON PELLETS SALT SOFTENER TREATMENT WATER,MORTON WATER SOFTENER SALT PELLETS FOR HARD WATER TREATMENT,GROCERY
1621,20929,PELLETS PLUS SALT SOFTENER SURESOFT WATER,SURESOFT PLUS WATER SOFTENER SALT PELLETS,GROCERY
1622,20930,CRYSTALS FOR ICED PREMIUM REMOVER SNOW MELT#SPLASH,SPLASH PREMIUM ICE MELT CRYSTALS FOR SNOW & ICE REMOVAL,GROCERY
1623,20931,FOR GRANULES ICED OUTDOOR PET SAFE SURFACES MELT#SPLASH,SPLASH PET SAFE ICE MELT GRANULES FOR OUTDOOR SURFACES,GROCERY
1624,20975,BABY CERELAC FOR FRUIT NESTL TODDLERS YOGURT POUCH#PUREE,NESTL├® CERELAC FRUIT & YOGURT BABY PUREE POUCH FOR TODDLERS,GROCERY
1625,20976,BABY CARROT FOOD ORGANIC PEARL RASPBERRY SQUASH POUCH#PUREE,ORGANIC BABY FOOD PEAR CARROT SQUASH & RASPBERRY PUREE POUCH,GROCERY
1626,20974,BABY MELT NESTL SNACK STRAWBERRY YOGURT,NESTL├® YOGURT MELTS STRAWBERRY BABY SNACK,GROCERY
1627,20977,COMFORT MILD POWDER TOTAL FORMULA#INFANT#SIMILAC,SIMILAC TOTAL COMFORT INFANT MILK FORMULA POWDER,GROCERY
1628,20978,BOTTLE FED OUNCE PACK FORMULA#INFANT#SIMILAC READY#TO,SIMILAC READY TO FEED INFANT FORMULA 8 OUNCE BOTTLE 6 PACK,GROCERY
1629,20979,IRON SENSITIVE WITH FORMULA#INFANT#SIMILAC,SIMILAC SENSITIVE INFANT FORMULA WITH IRON,GROCERY
1630,20980,EASY ENFAGROW GENTLE MILD POWDER PREMIUM TODDLERS,ENFAGROW PREMIUM GENTLE EASE TODDLER MILK POWDER,GROCERY
1631,20981,ENFAGROW FOR MILD NATURAL POWDER PREMIUM TODDLERS,ENFAGROW PREMIUM NATURAL MILK POWDER FOR TODDLERS,GROCERY
1632,20982,BEVERAGE EXCEL GOLD MILD NESTL NIDO POWDER TODDLERS,NESTL├® NIDO EXCELLA GOLD TODDLER MILK BEVERAGE POWDER,GROCERY
1633,20983,BABIES ELECTRAL ELECTROLYTE FLAVOUR FOR SOLUTION STRAWBERRY,ELECTRAL STRAWBERRY FLAVOUR ELECTROLYTE SOLUTION FOR BABIES,GROCERY
1634,20984,ADVANCED BERRY DRINK ELECTRAL ELECTROLYTE FROSTED,ELECTRAL ADVANCED BERRY FROST ELECTROLYTE DRINK,GROCERY
1635,20985,BABIES DRINK ELECTROLYTE FOR FRUIT MIXED PEDIALYTE,PEDIALYTE MIXED FRUIT ELECTROLYTE DRINK FOR BABIES,GROCERY
1636,20986,BABY BISLERI DRINKING FLUORIDE PURIFIED WATER WITH,BISLERI BABY PURIFIED DRINKING WATER WITH FLUORIDE,GROCERY
1637,20988,BABY BISLERI DRINKING PURIFIED WATER,BISLERI BABY PURIFIED DRINKING WATER,GROCERY
1638,20987,BABY BISLERI DRINKING FLUORIDE PURIFIED WATER WITHOUT,BISLERI BABY PURIFIED DRINKING WATER WITHOUT FLUORIDE,GROCERY
1639,21001,BAGS GALA GALLON GARBAGE STRONG ULTRA,GALA ULTRA STRONG  GARBAGE BAGS 13 GALLON,GROCERY
1640,21002,BAGS BURST CLEAR GALA GALLON STRONG ULTRA,GALA ULTRA STRONG CLEAN BURST BAGS 13 GALLON,GROCERY
1641,21003,BAGS GALA KITCHEN STRONG TATA ULTRA WASTE,GALA ULTRA STRONG TALL KITCHEN WASTE BAGS,GROCERY
1642,21004,ALUMINIUM FEED FOIL NON REYNOLDS ROLLS SQUARE STICK,REYNOLDS NON STICK ALUMINIUM FOIL ROLL 50 SQUARE FEET,GROCERY
1643,20786,CHING FRY NOODLE RICH S STIR,CHING'S STIR FRY RICE NOODLES,GROCERY
1644,20788,BORGES GNOCCHI PASTA POTATO,BORGES POTATO GNOCCHI PASTA,GROCERY
1645,20800,BAMBINO FREE NOODLE YOLK,BAMBINO YOLK FREE NOODLES,GROCERY
1646,20801,DEL MONTE PASTA RIGATONI,DEL MONTE RIGATONI PASTA,GROCERY
1647,20802,ANGEL DEL HAIR MONTE PASTA,DEL MONTE ANGEL HAIR PASTA,GROCERY
1648,20803,GARLIC PASTA ROASTED SAUCE VEEBA,VEEBA ROASTED GARLIC PASTA SAUCE,GROCERY
1649,20805,CHEESE DEL MONTE PASTA SAUCE THREE,DEL MONTE THREE CHEESE PASTA SAUCE,GROCERY
1650,20808,COOKIES EL ENCHILADA HOT OLD PASO RED SAUCE,OLD EL PASO HOT RED ENCHILADA COOKING SAUCE,GROCERY
1651,20809,DE DEVOTIONAL GUADALUPE PRAYER VIRGEN WHITE CANDLE#WAX,DEVOTIONAL WHITE WAX PRAYER CANDLE VIRGEN DE GUADALUPE,GROCERY
1652,20810,GREEN PRAYER SCENT CANDLE#WAX JUDE#ST,ST JUDE SCENTED GREEN WAX PRAYER CANDLE,GROCERY
1653,20811,DEVOTIONAL MIRACLE OF TEPEYAC WHITE CANDLE#WAX JUDE#ST,ST JUDE MIRACLE OF TEPEYAC WHITE WAX DEVOTIONAL CANDLE,GROCERY
1654,20818,BEANS FAT FREE REFRIED#ROSARITA,ROSARITA FAT FREE REFRIED BEANS,GROCERY
1655,20819,BEANS VEGETARIAN REFRIED#ROSARITA,ROSARITA VEGETARIAN REFRIED BEANS,GROCERY
1656,20820,BEANS BLACK FAT LOW REFRIED#ROSARITA,ROSARITA LOW FAT REFRIED BLACK BEANS,GROCERY
1657,20823,BADIA CALIFORNIA CHILLI DRIED OUNCE RED,BADIA CALIFORNIA DRIED RED CHILLIES 3 OUNCE,GROCERY
1658,20865,CUP DISPOSABLE OUNCE PARTY RED SOLO SQUARE,SOLO SQUARE DISPOSABLE PARTY CUPS 18 OUNCE RED,GROCERY
1659,20866,BOX LOTION PLUS PUFF SOFT FACIAL#TISSUE,PUFFS PLUS LOTION SOFT FACIAL TISSUE BOX,GROCERY
1660,20867,BOX KLEENEX LOTION UPRIGHT FACIAL#TISSUE,KLEENEX LOTION FACIAL TISSUE UPRIGHT BOX,GROCERY
1661,20868,BOX CUBES PUFF FACIAL#TISSUE,PUFFS CUBE FACIAL TISSUE BOX,GROCERY
1662,20871,COUNTRY POWERBALL TABLETS DISHWASHER#FINISH,FINISH POWERBALL DISHWASHER TABLETS 62 COUNT,GROCERY
1663,20873,BURST CLEAR DETERGENT FRESH LIQUID OXI WITH ARM#HAMMER,ARM & HAMMER LIQUID DETERGENT WITH OXI CLEAN FRESH BURST,GROCERY
1664,20874,CLEAR DETERGENT FREE LIQUID SENSITIVE SKIN ARM#HAMMER,ARM & HAMMER SENSITIVE SKIN LIQUID DETERGENT FREE & CLEAR,GROCERY
1665,20888,ADULT BONUS CHICKEN DOG DRY FLAVOUR FOOD PACK PEDIGREE,PEDIGREE ADULT DRY DOG FOOD CHICKEN FLAVOUR BONUS PACK,GROCERY
1666,20887,BROWN CHICKEN DOG DROOLS DRY FOOD PREMIUM RECIPE RICH,DROOLS PREMIUM DRY DOG FOOD CHICKEN & BROWN RICE RECIPE,GROCERY
1667,20889,DOG DRY FOOD POTATO PUREPET SALMON SUPREME SWEET,PUREPET SUPREME DRY DOG FOOD SALMON & SWEET POTATO,GROCERY
1668,20893,CAT CHICKEN FANCY FEAST FOOD GRAVY LOVERS PURINA WET,PURINA FANCY FEAST GRAVY LOVERS CHICKEN WET CAT FOOD,GROCERY
1669,20895,CAT FOOD FRISKIES PURINA SALMON SAVOURY SHREDDED WET,PURINA FRISKIES SAVORY SHREDDED SALMON WET CAT FOOD,GROCERY
1670,20894,ADULT BLUE BUFFALO CAT CHICKEN FOOD WET WILDERNESS,BLUE BUFFALO WILDERNESS ADULT CHICKEN WET CAT FOOD,GROCERY
1671,20900,CAT CHICKEN DELECTABLES HARTZ SQUEEZE TREATS UP,HARTZ DELECTABLES SQUEEZE UP CHICKEN CAT TREAT,GROCERY
1672,20899,CAT CRUNCHY FRISKIES MIX NATURAL PARTY PURINA TREATS YUMM,PURINA FRISKIES PARTY MIX NATURAL YUMS CRUNCHY CAT TREATS,GROCERY
1673,20901,CAT FLAVOUR PACK SALMON TEMPTATIONS TREATS VALUE WHISKAS,WHISKAS TEMPTATIONS SALMON FLAVOUR CAT TREATS VALUE PACK,GROCERY
1674,20902,CAT CLEAR CLUMPING FREE LITTER PURINA UNSCENTED CATS#TIDY,PURINA TIDY CATS FREE & CLEAN UNSCENTED CLUMPING CAT LITTER,GROCERY
1675,20903,ACTION CAT INSTANT LITTER PURINA SCOOPABLE CATS#TIDY,PURINA TIDY CATS INSTANT ACTION SCOOPABLE CAT LITTER,GROCERY
1676,20905,DOG FUN GOOD N STICK TREATS,GOOD 'N' FUN DOG TREAT STICKS,GROCERY
1677,20906,CHEF DOG FUN GOOD N ROLLS WRAPPED,GOOD 'N' FUN WRAPPED DOG CHEW ROLLS,GROCERY
1678,20907,CARB DOG EXTRA LARGE PADS PET SUPER TRAINING,SUPER PET CARE EXTRA LARGE DOG TRAINING PADS,GROCERY
1679,21005,BAGS GALLON HEFTY SIZE SLIDER STORAGE VACUUM,HEFTY SLIDER VACUUM STORAGE BAGS GALLON SIZE,GROCERY
1680,21006,BAGS FOOD QUART SIZE STORAGE ZIPLOC,ZIPLOC FOOD STORAGE BAGS QUART SIZE,GROCERY
1681,20000,CHEESE DEL FAMILY FILLET MONTE PACK SIZE TORTELLINI,DEL MONTE CHEESE FILLED TORTELLINI FAMILY SIZE PACK,READY TO EAT & DELI
1682,20001,CHICKEN FILLING GARLIC PASTA RANA RAVIOLI ROASTED WITH,RANA RAVIOLI PASTA WITH CHICKEN & ROASTED GARLIC FILLING,READY TO EAT & DELI
1683,20002,DEL FILLING ITALIAN MONTE PASTA SAUSAGE TORTELLINI WITH,DEL MONTE TORTELLONI PASTA WITH ITALIAN SAUSAGE FILLING,READY TO EAT & DELI
1684,20003,FILLET FRESH MUSHROOM PASTA RANA RAVIOLI,RANA MUSHROOM FILLED RAVIOLI FRESH PASTA,READY TO EAT & DELI
1685,20004,DEL MONTE PASTA SAUCE BASIL#PESTO,DEL MONTE PESTO BASIL PASTA SAUCE,READY TO EAT & DELI
1686,20005,COLA CUTS DRY FRESH ITALIAN SALAMI SLICED,FRESHO ITALIAN DRY SALAMI COLD CUT SLICES,READY TO EAT & DELI
1687,20007,MOUNT MOZZARELLA OLIVES PACK READY SNACK SOPPRESSATA,MOUNT OLIVE SOPPRESSATA & MOZZARELLA READY SNACK PACK,READY TO EAT & DELI
1688,20008,ANTIPASTO ITALIAN SALAMI SELECTION TRIO VERONI,VERONI ANTIPASTO ITALIANO TRIO SALAMI SELECTION,READY TO EAT & DELI
1689,20009,GODREJ HAM PACK SMOKE VACUUM,GODREJ SMOKED HAM VACUUM PACK,READY TO EAT & DELI
1690,20011,BLOCK BRITANNIA CARAMELIZED CHEESE JACK ONION,BRITANNIA CARAMELIZED ONION JACK CHEESE BLOCK,READY TO EAT & DELI
1691,20012,ALMOND BALLS CHEDDAR CHEESE KAUKAUNA SHARP SPREAD WITH,KAUKAUNA SHARP CHEDDAR CHEESE SPREAD WITH ALMOND BALL,READY TO EAT & DELI
1692,20013,BABY BRIE CHEESE EIFFEL ROUNDS TOWER,EIFFEL TOWER BABY BRIE CHEESE ROUNDS,READY TO EAT & DELI
1693,20014,CHEESE CUBES PRIMO SWISS TAGLIO,PRIMO TAGLIO SWISS CHEESE CUBES,READY TO EAT & DELI
1694,20015,CLASSIC DEL FRESH MACARONI SALAD,CLASSIC MACARONI FRESH DELI SALAD,READY TO EAT & DELI
1695,20016,SALAD SLAW SUMMER VEGETABLE,SUMMER SLAW VEGETABLE SALAD,READY TO EAT & DELI
1696,20017,BACON BOWL CHEESE MIXED RANCH SALAD,CHEESY BACON RANCH MIXED SALAD BOWL,READY TO EAT & DELI
1697,20018,CHEESE GERRY MRS PASTA S SALAD TORTELLINI,MRS GERRY'S CHEESE TORTELLINI PASTA SALAD,READY TO EAT & DELI
1698,20019,BOWTIE CAESAR CHICKEN PASTA SALAD,CAESAR CHICKEN BOWTIE PASTA SALAD,READY TO EAT & DELI
1699,20020,LOADED POTATO SALAD SELF SERVE,LOADED POTATO SELF SERVE SALAD,READY TO EAT & DELI
1700,20021,GERRY MRS PASTA ROTELLI S SALAD SELF SERVE,MRS GERRY'S ROTELLI PASTA SELF SERVE SALAD,READY TO EAT & DELI
1701,20022,DEVILED EGGS MACARONI SALAD SELF SERVE,DEVILED EGG MACARONI SELF SERVE SALAD,READY TO EAT & DELI
1702,20023,CLASSIC POTATO SALAD SIGNATURE,SIGNATURE CLASSIC POTATO SALAD,READY TO EAT & DELI
1703,20024,CLASSIC ORIGINAL POTATO SALAD,ORIGINAL CLASSIC POTATO SALAD,READY TO EAT & DELI
1704,20025,BUNS BURGER COUNTRY SLICED SLIDER GOLD#HARVEST,HARVEST GOLD SLICED SLIDER BURGER BUNS 9 COUNT,READY TO EAT & DELI
1705,20026,COUNTRY DINNER ORIGINAL ROLLS SWEET GOLD#HARVEST,HARVEST GOLD ORIGINAL SWEET DINNER ROLLS 24 COUNT,READY TO EAT & DELI
1706,20027,CRISPY EVERYTHING FLAVOUR NAAN STONEFIRE,STONEFIRE EVERYTHING FLAVOUR NAAN CRISPS,READY TO EAT & DELI
1707,20028,DIPPERS NAAN ORIGINAL STONEFIRE,STONEFIRE ORIGINAL NAAN DIPPERS,READY TO EAT & DELI
1708,20029,BUTTER DINNER ROLLS SAVOURY GOLD#HARVEST,HARVEST GOLD SAVOURY BUTTER DINNER ROLLS,READY TO EAT & DELI
1709,20030,CLUB FRESH SANDWICH SNACK TRAP,FRESH CLUB SANDWICH SNACK TRAY,READY TO EAT & DELI
1710,20032,CROISSANT FRESH SANDWICH SNACK TRAP,FRESH CROISSANT SANDWICH SNACK TRAY,READY TO EAT & DELI
1711,20033,ASSORTED PARTY SNACK TRAP,ASSORTED SNACK PARTY TRAY,READY TO EAT & DELI
1712,20034,FRESH FRUIT INCH MIXED TRAP,FRESH MIXED FRUIT TRAY 16 INCH,READY TO EAT & DELI
1713,20035,CHEESE CHICKEN FRESH PACK SALAD SNACK WITH,FRESH CHICKEN SALAD WITH CHEESE SNACK PACK,READY TO EAT & DELI
1714,20036,CLASSIC HUMMUS PACK SNACK,CLASSIC HUMMUS SNACK PACK,READY TO EAT & DELI
1715,20037,CREAMY DIP PACK SNACK SPINACH,CREAMY SPINACH DIP SNACK PACK,READY TO EAT & DELI
1716,20038,AND CHEESE FRESH PACK SNACK TUNA,FRESH TUNA AND CHEESE SNACK PACK,READY TO EAT & DELI
1717,20040,CLASSIC CRISPY HUMMUS PRETZEL VEEBA WITH,VEEBA CLASSIC HUMMUS WITH PRETZEL CRISPS,READY TO EAT & DELI
1718,20041,ARTICHOKE CREAMY DIP JALAPENO SELECT SIGNATURE,SIGNATURE SELECT ARTICHOKE JALAPENO CREAMY DIP,READY TO EAT & DELI
1719,20042,HUMMUS PEPPERS SELECT SIGNATURE SPICY THREE,SIGNATURE SELECT SPICY THREE PEPPER HUMMUS,READY TO EAT & DELI
1720,20043,AND FIRE ROASTED SALT SMOKY SWEET VEEBA,VEEBA FIRE ROASTED SWEET AND SMOKY SALSA,READY TO EAT & DELI
1721,20044,CLASSIC DIP HUMMUS WINGREENS,WINGREENS CLASSIC HUMMUS DIP,READY TO EAT & DELI
1722,20045,BRITANNIA CRACKERS TRADITIONAL WATER,BRITANNIA TRADITIONAL WATER CRACKERS,READY TO EAT & DELI
1723,20046,CHIPS PITA SALTED SIMPLY TOO#YUMM,TOO YUMM SIMPLY SALTED PITA CHIPS,READY TO EAT & DELI
1724,20047,CRISPY ORIGINAL PRETZEL TOO#YUMM,TOO YUMM ORIGINAL PRETZEL CRISPS,READY TO EAT & DELI
1725,20048,CHIPS RESTAURANT SELECT SIGNATURE STYLE TORTILLA,SIGNATURE SELECT RESTAURANT STYLE TORTILLA CHIPS,READY TO EAT & DELI
1726,20049,BRITANNIA CRACKERS MINT TOASTED,BRITANNIA MINI TOAST CRACKERS,READY TO EAT & DELI
1727,20050,COUPON DEL DISCOUNT STORE,DELI STORE DISCOUNT COUPON,READY TO EAT & DELI
1728,20190,APPLE FRESH FUJI LARGE,FRESH FUJI APPLES LARGE,PRODUCE
1729,20191,APPLE FRESH LADY LARGE PINK,FRESH PINK LADY APPLES LARGE,PRODUCE
1730,20192,APPLE FRESH LARGE GRANNY#SMITH,FRESH GRANNY SMITH APPLES LARGE,PRODUCE
1731,20193,APPLE FRESH SUGARBEE,FRESH SUGARBEE APPLES,PRODUCE
1732,20194,APPLE COSMIC CRISPY FRESH,FRESH COSMIC CRISP APPLES,PRODUCE
1733,20195,AVOCADO BAGS HASS PACK SELECT SIGNATURE,SIGNATURE SELECT HASS AVOCADOS BAG PACK,PRODUCE
1734,20196,AVOCADO FRESH HASS MEDIUM,FRESH HASS AVOCADOS MEDIUM,PRODUCE
1735,20197,AVOCADO FRESH HASS LARGE,FRESH HASS AVOCADOS LARGE,PRODUCE
1736,20198,AVOCADO HASS LARGE PREMIUM,PREMIUM HASS AVOCADOS LARGE,PRODUCE
1737,20199,AVOCADO FARM FRESH HASS LARGE,FARM FRESH HASS AVOCADOS LARGE,PRODUCE
1738,20200,BANANA FRESH PLANTAIN RAW,FRESH RAW PLANTAIN BANANAS,PRODUCE
1739,20201,BANANA ECONOMY FRESH PACK,FRESH BANANAS ECONOMY PACK,PRODUCE
1740,20202,BANANA FRESH RED,FRESH RED BANANAS,PRODUCE
1741,20203,BANANA FRESH ORGANIC,ORGANIC FRESH BANANAS,PRODUCE
1742,20204,BANANA FRESH GREEN,FRESH GREEN BANANAS,PRODUCE
1743,20205,FRESH LB PACK STRAWBERRY,FRESH STRAWBERRIES 2 LB PACK,PRODUCE
1744,20206,BLACKBERRY FRESH ORGANIC OUNCE PACK,ORGANIC FRESH BLACKBERRIES 6 OUNCE PACK,PRODUCE
1745,20207,BLUEBERRY FRESH JUMBO,FRESH JUMBO BLUEBERRIES,PRODUCE
1746,20208,FRESH LB PACK STRAWBERRY,FRESH STRAWBERRIES 2 LB PACK,PRODUCE
1747,20209,BLUEBERRY JUMBO PREMIUM,PREMIUM JUMBO BLUEBERRIES,PRODUCE
1748,20210,FRESH MEDIUM NAVEL#ORANGES,FRESH NAVEL ORANGES MEDIUM,PRODUCE
1749,20211,FRESH GRAPEFRUIT LARGE RED,FRESH RED GRAPEFRUIT LARGE,PRODUCE
1750,20212,GRAPEFRUIT LARGE PREMIUM RED,PREMIUM RED GRAPEFRUIT LARGE,PRODUCE
1751,20213,FRESH LARGE NAVEL#ORANGES,FRESH LARGE NAVEL ORANGES,PRODUCE
1752,20214,BAGS ORGANIC PACK NAVEL#ORANGES,ORGANIC NAVEL ORANGES BAG PACK,PRODUCE
1753,20215,FRESH GRAPES GREEN SEEDLESS,FRESH GREEN SEEDLESS GRAPES,PRODUCE
1754,20216,GRAPES RED SEEDLESS SELECT SIGNATURE,SIGNATURE SELECT RED SEEDLESS GRAPES,PRODUCE
1755,20217,BLACK FRESH GRAPES SEEDLESS,FRESH BLACK SEEDLESS GRAPES,PRODUCE
1756,20218,GRAPES PREMIUM RED SEEDLESS,PREMIUM RED SEEDLESS GRAPES,PRODUCE
1757,20219,FARM FRESH GRAPES RED SEEDLESS,FARM FRESH RED SEEDLESS GRAPES,PRODUCE
1758,20220,FRESH RED SEEDLESS WATERMELON,FRESH RED SEEDLESS WATERMELON,PRODUCE
1759,20221,FRESH HONEYDEW#MELON,FRESH HONEYDEW MELON,PRODUCE
1760,20222,PREMIUM HONEYDEW#MELON,PREMIUM HONEYDEW MELON,PRODUCE
1761,20223,FARM FRESH HONEYDEW#MELON,FARM FRESH HONEYDEW MELON,PRODUCE
1762,20224,FRESH RED SEEDLESS WATERMELON,FRESH SEEDLESS RED WATERMELON,PRODUCE
1763,20226,BARTLETT LARGE PEARL,LARGE BARTLETT PEARS,PRODUCE
1764,20227,ANJOU D FRESH PEARL RIPE,FRESH RIPE D'ANJOU PEARS,PRODUCE
1765,20228,BARTLETT FARM FRESH PEARL,FARM FRESH BARTLETT PEARS,PRODUCE
1766,20229,ANJOU D FRESH PEARL RIPE,FRESH RIPE D'ANJOU PEARS,PRODUCE
1767,20230,FRESH LARGE PEACH YELLOW,FRESH LARGE YELLOW PEACHES,PRODUCE
1768,20231,LARGE PEACH PREMIUM,PREMIUM LARGE PEACHES,PRODUCE
1769,20232,FRESH LARGE PEACH YELLOW,FRESH LARGE YELLOW PEACHES,PRODUCE
1770,20233,FRESH PEACH WHITE,FRESH WHITE PEACHES,PRODUCE
1771,20234,BLACK FRESH PLUMS,FRESH BLACK PLUMS,PRODUCE
1772,20235,FRUIT GOLD KIWI PREMIUM,PREMIUM GOLD KIWI FRUIT,PRODUCE
1773,20236,CLAMSHELL FRUIT GREEN KIWI ORGANIC PACK,ORGANIC GREEN KIWI FRUIT CLAMSHELL PACK,PRODUCE
1774,20237,CLAMSHELL FRESH FRUIT KIWI PACK,FRESH KIWI FRUIT CLAMSHELL PACK,PRODUCE
1775,20238,FRESH POMEGRANATES,FRESH POMEGRANATES,PRODUCE
1776,20239,CHERIMOYA FRESH FRUIT,FRESH CHERIMOYA FRUIT,PRODUCE
1777,20240,FRESH ORGANIC PINEAPPLE,ORGANIC FRESH PINEAPPLE,PRODUCE
1778,20241,GOLD PINEAPPLE PREMIUM,PREMIUM GOLD PINEAPPLE,PRODUCE
1779,20242,DEL MONTE PINEAPPLE PINKGLOW PREMIUM,DEL MONTE PINKGLOW PREMIUM PINEAPPLE,PRODUCE
1780,20243,FRESH GOLD PINEAPPLE,FRESH GOLD PINEAPPLE,PRODUCE
1781,20244,FARM FRESH GOLD PINEAPPLE,FARM FRESH GOLD PINEAPPLE,PRODUCE
1782,20245,CHERRIES PREMIUM RAINIER,PREMIUM RAINIER CHERRIES,PRODUCE
1783,20246,CHERRIES FRESH RAINIER,FRESH RAINIER CHERRIES,PRODUCE
1784,20248,CHERRIES FRESH RED SWEET,FRESH SWEET RED CHERRIES,PRODUCE
1785,20249,CHERRIES PREMIUM RAINIER,PREMIUM RAINIER CHERRIES,PRODUCE
1786,20250,ORGANIC BUTTERNUT#SQUASH,ORGANIC BUTTERNUT SQUASH,PRODUCE
1787,20251,FRESH ORGANIC BUTTERNUT#SQUASH,FRESH ORGANIC BUTTERNUT SQUASH,PRODUCE
1788,20252,BEETROOT BUNCH FRESH ORGANIC,ORGANIC FRESH BUNCHED BEETROOTS,PRODUCE
1789,20253,FRESH GREEN KALE ORGANIC,ORGANIC FRESH KALE GREENS,PRODUCE
1790,20254,BABY BROCCOLI FRESH,FRESH BABY BROCCOLI,PRODUCE
1791,20255,BAGS CHRISTOPHER GARLIC PEELED RANCH,CHRISTOPHER RANCH PEELED GARLIC BAG,PRODUCE
1792,20256,GARLIC INDIA JAR MINCE ORGANIC,ORGANIC INDIA MINCED GARLIC JAR,PRODUCE
1793,20257,BOTTLE GARLIC MINCE SPICY SQUEEZE WORLD,SPICE WORLD MINCED GARLIC SQUEEZE BOTTLE,PRODUCE
1794,20258,ELEPHANT FRESH GARLIC,FRESH ELEPHANT GARLIC,PRODUCE
1795,20259,BULBS FRESH GARLIC SMALL,FRESH SMALL GARLIC BULBS,PRODUCE
1796,20260,CUCUMBERS ENGLISH LONG ORGANIC,ORGANIC LONG ENGLISH CUCUMBERS,PRODUCE
1797,20261,LETTUCE ORGANIC ROMAINE,ORGANIC ROMAINE LETTUCE,PRODUCE
1798,20262,CUCUMBERS FRESH ORGANIC,ORGANIC FRESH CUCUMBERS,PRODUCE
1799,20263,CUCUMBERS ENGLISH HOT HOUSE LONG ORGANIC,ORGANIC LONG ENGLISH HOT HOUSE CUCUMBERS,PRODUCE
1800,20264,BUTTER FARM HYDROPONIC LETTUCE SIGNATURE,SIGNATURE FARMS HYDROPONIC BUTTER LETTUCE,PRODUCE
1801,20265,FARM HALVES SIGNATURE SUNDRIED TOMATO,SIGNATURE FARMS SUNDRIED TOMATO HALVES,PRODUCE
1802,20266,CHRISTOPHER GINGER JAR PASTA RANCH,CHRISTOPHER RANCH GINGER PASTE JAR,PRODUCE
1803,20267,EASY ONION PASTA SPICY WORLD,SPICE WORLD EASY ONION PASTE,PRODUCE
1804,20268,BOTTLE GINGER PASTA SPICY SQUEEZE WORLD,SPICE WORLD GINGER PASTE SQUEEZE BOTTLE,PRODUCE
1805,20269,CHILLI CRUNCHY MIX ONION SPICY WORLD,SPICE WORLD CHILI ONION CRUNCH MIX,PRODUCE
1806,20270,ASPARAGUS FRESH GREEN,FRESH GREEN ASPARAGUS,PRODUCE
1807,20271,ASPARAGUS GREEN PREMIUM,PREMIUM GREEN ASPARAGUS,PRODUCE
1808,20272,ASPARAGUS FARM FRESH GREEN,FARM FRESH GREEN ASPARAGUS,PRODUCE
1809,20273,ASPARAGUS FRESH GREEN TENDER,FRESH TENDER GREEN ASPARAGUS,PRODUCE
1810,20274,ASPARAGUS FRESH GREEN PREMIUM,PREMIUM FRESH GREEN ASPARAGUS,PRODUCE
1811,20275,BROCCOLI CROWNS FRESH,FRESH BROCCOLI CROWNS,PRODUCE
1812,20276,BROCCOLI BUNCH FARM SIGNATURE,SIGNATURE FARMS BROCCOLINI BUNCH,PRODUCE
1813,20277,CABBAGE FRESH RED,FRESH RED CABBAGE,PRODUCE
1814,20278,CABBAGE FRESH GREEN SAVOY,FRESH SAVOY GREEN CABBAGE,PRODUCE
1815,20279,CABBAGE FRESH GREEN,FRESH GREEN CABBAGE,PRODUCE
1816,20280,CORN FRESH SWEET YELLOW,FRESH YELLOW SWEET CORN,PRODUCE
1817,20281,CORN FRESH SWEET WHITE,FRESH WHITE SWEET CORN,PRODUCE
1818,20282,FRESH TOMATILLOS,FRESH TOMATILLOS,PRODUCE
1819,20283,DAIKON FRESH RADISH,FRESH DAIKON RADISH,PRODUCE
1820,20284,FRESH GINGER ROOT,FRESH GINGER ROOT,PRODUCE
1821,20285,ALOE FRESH LEAVES VERA,FRESH ALOE VERA LEAVES,PRODUCE
1822,20286,FRESH BOK#CHOY,FRESH BOK CHOY,PRODUCE
1823,20287,ITALIAN ORGANIC PARSLEY,ORGANIC ITALIAN PARSLEY,PRODUCE
1824,20288,BUNCH FRESH ITALIAN PARSLEY,FRESH ITALIAN PARSLEY BUNCH,PRODUCE
1825,20289,CORIANDER FRESH LEAVES ORGANIC,ORGANIC FRESH CORIANDER LEAVES,PRODUCE
1826,20290,CORIANDER FRESH INDIA LEAVES ORGANIC,ORGANIC INDIA FRESH CORIANDER LEAVES,PRODUCE
1827,20291,BAY INDIA LEAVES ORGANIC PACK,ORGANIC INDIA BAY LEAVES PACK,PRODUCE
1828,20292,FRESH MUSHROOM OYSTER,FRESH OYSTER MUSHROOMS,PRODUCE
1829,20293,BABY BELLY INDIA MUSHROOM ORGANIC OUNCE PACK SLICED,ORGANIC INDIA SLICED BABY BELLA MUSHROOMS 8 OUNCE PACK,PRODUCE
1830,20294,CRIMINI FRESH MUSHROOM WHOLE,FRESH WHOLE CRIMINI MUSHROOMS,PRODUCE
1831,20295,MUSHROOM PORTOBELLO SELECT SIGNATURE WHOLE,SIGNATURE SELECT WHOLE PORTOBELLO MUSHROOMS,PRODUCE
1832,20296,BUTTON FRESH LARGE MUSHROOM WHITE,FRESH LARGE WHITE BUTTON MUSHROOMS,PRODUCE
1833,20297,JUMBO ONION ORGANIC YELLOW,ORGANIC JUMBO YELLOW ONIONS,PRODUCE
1834,20298,FRESH JUMBO ONION ORGANIC YELLOW,FRESH ORGANIC JUMBO YELLOW ONIONS,PRODUCE
1835,20299,LOOSE ONION ORGANIC RED,ORGANIC RED ONION LOOSE,PRODUCE
1836,20300,LOOSE ONION SWEET YELLOW,SWEET YELLOW ONION LOOSE,PRODUCE
1837,20301,LOOSE ONION YELLOW,YELLOW ONION LOOSE,PRODUCE
1838,20302,BHAVNAGRI CHILLI FRESH GREEN LOOSE,FRESH BHAVNAGRI GREEN CHILLI LOOSE,PRODUCE
1839,20303,CAPSICUM GREEN LOOSE ORGANIC,ORGANIC GREEN CAPSICUM LOOSE,PRODUCE
1840,20304,CAPSICUM LOOSE RED,RED CAPSICUM LOOSE,PRODUCE
1841,20305,CAPSICUM LOOSE ORGANIC RED,ORGANIC RED CAPSICUM LOOSE,PRODUCE
1842,20306,CAPSICUM MINT ORGANIC PACK SWEET,ORGANIC SWEET MINI CAPSICUM PACK,PRODUCE
1843,20307,BABY GOLDEN PACK POTATO,BABY GOLDEN POTATO PACK,PRODUCE
1844,20308,BABY PACK POTATO RED,BABY RED POTATO PACK,PRODUCE
1845,20309,LOOSE ORANGE ORGANIC POTATO SWEET,ORGANIC ORANGE SWEET POTATO LOOSE,PRODUCE
1846,20310,BABY ORGANIC PACK POTATO RED,ORGANIC BABY RED POTATO PACK,PRODUCE
1847,20311,ORGANIC PACK POTATO SWEET,ORGANIC SWEET POTATO PACK,PRODUCE
1848,20312,LOOSE PUMPKIN RED,RED PUMPKIN LOOSE,PRODUCE
1849,20313,GREEN LOOSE PUMPKIN,GREEN PUMPKIN LOOSE,PRODUCE
1850,20314,KADDU LOOSE PUMPKIN,KADDU PUMPKIN LOOSE,PRODUCE
1851,20315,LOOSE PUMPKIN RED,RED PUMPKIN LOOSE,PRODUCE
1852,20316,FRESH LOOSE PUMPKIN,FRESH PUMPKIN LOOSE,PRODUCE
1853,20317,HYDROPONIC LARGE LOOSE TOMATO,HYDROPONIC TOMATO LARGE LOOSE,PRODUCE
1854,20318,HYDROPONIC LARGE LOOSE TOMATO,HYDROPONIC TOMATO LARGE LOOSE,PRODUCE
1855,20320,LARGE LOOSE RIPE TOMATO VINE,VINE RIPE TOMATO LARGE LOOSE,PRODUCE
1856,20321,CLUSTER LOOSE TOMATO VINE,VINE CLUSTER TOMATO LOOSE,PRODUCE
1857,20322,CAESAR FRESH KIT PACK SALAD SIMPLY,SIMPLY FRESH CAESAR SALAD KIT PACK,PRODUCE
1858,20323,BABY LEAF MIX PACK SALAD SPRING,BABY LEAF SPRING MIX SALAD PACK,PRODUCE
1859,20324,COLESLAW CUTS FRESH MIX PACK VEGETABLE,FRESH CUT COLESLAW VEGETABLE MIX PACK,PRODUCE
1860,20325,FRESH HERB MIX ORGANIC PACK SALAD,ORGANIC FRESH HERB SALAD MIX PACK,PRODUCE
1861,20326,AND ARUGULA LETTUCE MIX ORGANIC PACK RED,ORGANIC RED LETTUCE AND ARUGULA MIX PACK,PRODUCE
1862,20327,MEDLEY MIXED PACK VEGETABLE,MIXED VEGETABLE MEDLEY PACK,PRODUCE
1863,20328,BROCCOLI FAMILY FLORETS PACK,BROCCOLI FLORETS FAMILY PACK,PRODUCE
1864,20329,CUBES CUTS FRESH PACK PUMPKIN,FRESH CUT PUMPKIN CUBES PACK,PRODUCE
1865,20330,FAMILY MEDLEY PACK VEGETABLE,VEGETABLE MEDLEY FAMILY PACK,PRODUCE
1866,20331,CAULIFLOWER FAMILY FLORETS PACK,CAULIFLOWER FLORETS FAMILY PACK,PRODUCE
1867,20332,FRESH MIXED MOON PACK SPROUTED,FRESH MIXED MOONG SPROUTS PACK,PRODUCE
1868,20333,FRESH HEALTH MIXED PACK SPROUTED,FRESH HEALTHY MIXED SPROUTS PACK,PRODUCE
1869,20334,BEANS FRESH MOON PACK SPROUTED,FRESH MOONG BEAN SPROUTS PACK,PRODUCE
1870,20335,FRESH GRAM GREEN PACK SPROUTED,FRESH GREEN GRAM SPROUTS PACK,PRODUCE
1871,20336,FRESH MOON PACK SPROUTED,FRESH MOONG SPROUTS PACK,PRODUCE
1872,20337,ARILS CUP FRESH GRAM POMEGRANATES,FRESH POMEGRANATE ARILS CUP 200 GRAM,PRODUCE
1873,20338,CUP DEL FRUIT GRAPEFRUIT IN LIGHT MONTE RED SYRUP,DEL MONTE RED GRAPEFRUIT FRUIT CUP IN LIGHT SYRUP,PRODUCE
1874,20339,CUP DEL FRUIT IN LIGHT MARINARA MONTE ORANGE SYRUP,DEL MONTE MANDARIN ORANGE FRUIT CUP IN LIGHT SYRUP,PRODUCE
1875,20340,APPLE FRESH PACK SLICED SNACK SWEET,FRESH SWEET APPLE SLICES SNACK PACK,PRODUCE
1876,20341,CUP DEL FRUIT IN JUICE MIXED MONTE PACK,DEL MONTE MIXED FRUIT CUP IN JUICE PACK,PRODUCE
1877,20342,COATED PACK PRETZEL YOGURT,YOGURT COATED PRETZELS PACK,PRODUCE
1878,20343,CUP FRUIT MIXED SNACK BOAT#PAPER,PAPER BOAT MIXED FRUIT SNACK CUP,PRODUCE
1879,20344,AND PACK PEANUT ROASTED SALTED,ROASTED AND SALTED PEANUTS PACK,PRODUCE
1880,20345,BARBECUE NO PACK WONDERFUL PISTACHIOS#SHELL,WONDERFUL BARBECUE PISTACHIOS NO SHELL PACK,PRODUCE
1881,20346,AND IN PACK ROASTED SALTED PISTACHIOS#SHELL,ROASTED AND SALTED PISTACHIOS IN SHELL PACK,PRODUCE
1882,20347,BAR BUTTER GRAM MAX PACK PEANUT PROTEIN RITEBITE,RITEBITE MAX PROTEIN PEANUT BUTTER BAR 50 GRAM PACK,PRODUCE
1883,20348,BAR BUTTER GRAM PACK PEANUT PROTEIN YOGA,YOGA BAR PEANUT BUTTER PROTEIN BAR 60 GRAM PACK,PRODUCE
1884,20349,BANANA BERRY FARM GRAM PACK SLURRP POUCH#PUREE,SLURRP FARM BANANA BERRY PUREE POUCH 90 GRAM PACK,PRODUCE
1885,20350,BAR COCONUT GRAM PACK PROTEIN YOGA,YOGA BAR COCONUT PROTEIN BAR 50 GRAM PACK,PRODUCE
1886,20351,BAR BUTTER GRAM MAX PACK PEANUT PROTEIN RITEBITE,RITEBITE MAX PROTEIN PEANUT BUTTER BAR 50 GRAM PACK,PRODUCE
1887,20352,CUBES EAT FRESH PACK WATERMELON READY#TO,FRESH WATERMELON CUBES READY TO EAT PACK,PRODUCE
1888,20353,CUP EPIGAMIA GRAM PACK STRAWBERRY YOGURT,EPIGAMIA STRAWBERRY YOGURT CUP 90 GRAM PACK,PRODUCE
1889,20354,AND BOX CHEESE FRESH FRUIT PACK SNACK,FRESH FRUIT AND CHEESE SNACK BOX PACK,PRODUCE
1890,20355,DIP GRAM JAR MEXICAN SALT VEEBA,VEEBA MEXICAN SALSA DIP 250 GRAM JAR,PRODUCE
1891,20356,DIP FRESH PACK SNACK VEGGIE WITH,FRESH VEGGIE SNACK PACK WITH DIP,PRODUCE
1892,20357,DRIED FAMILY HAPPILO MANGO PACK SLICED,HAPPILO DRIED MANGO SLICES FAMILY PACK,PRODUCE
1893,20358,COATED MAID PACK RAISIN SUN YOGURT,SUN-MAID YOGURT COATED RAISINS PACK,PRODUCE
1894,20359,CRANBERRY DRIED HAPPILO PACK,HAPPILO DRIED CRANBERRIES PACK,PRODUCE
1895,20360,DRIED HAPPILO MANGO PACK SLICED,HAPPILO DRIED MANGO SLICES PACK,PRODUCE
1896,20361,CANISTER PACK PRUNES SEEDLESS SUNSWEET,SUNSWEET SEEDLESS PRUNES CANISTER PACK,PRODUCE
1897,20362,CHOCOLATE DIP PACK VEEBA,VEEBA CHOCOLATE DIP PACK,PRODUCE
1898,20363,BOTTLE CARAMEL DESSERT GRAM TOPPINGS VEEBA,VEEBA CARAMEL DESSERT TOPPING 250 GRAM BOTTLE,PRODUCE
1899,20364,CLASSIC DIP GRAM HUMMUS TUB FARMS#WINGREENS,WINGREENS FARMS CLASSIC HUMMUS DIP 150 GRAM TUB,PRODUCE
1900,20365,DIP GRAM HUMMUS PEPPERS RED ROASTED TUB FARMS#WINGREENS,WINGREENS FARMS ROASTED RED PEPPER HUMMUS DIP 150 GRAM TUB,PRODUCE
1901,20366,CHEESE DIP GRAM JALAPENO PACK FARMS#WINGREENS,WINGREENS FARMS CHEESY JALAPENO DIP 150 GRAM PACK,PRODUCE
1902,20367,MOMOS PACK PRASUMA SHEETS WRAPPED,PRASUMA MOMOS WRAPPER SHEETS PACK,PRODUCE
1903,20368,HOME PACK PASTRY ROLLS SPRING,SPRING HOME SPRING ROLL PASTRY PACK,PRODUCE
1904,20369,BOMBUCHA GM ORIGINAL SAUERKRAUT,BOMBUCHA ORIGINAL SAUERKRAUT 450GM,PRODUCE
1905,20370,CABBAGE COMPANY FERMENTED JAR KIMCHI THE,THE KIMCHI COMPANY KIMCHI FERMENTED CABBAGE JAR,PRODUCE
1906,20371,GRAM JAR PACK PLATES SAUERKRAUT URBAN,URBAN PLATTER SAUERKRAUT JAR 350 GRAM PACK,PRODUCE
1907,20372,GINGER IMMUNITY LEMON ML PRESERVED RAW SHOT,RAW PRESSERY GINGER LEMON IMMUNITY SHOT 60 ML,PRODUCE
1908,20373,ATMOSPHERE BOTTLE DRINK KOMBUCHA ML ORIGINAL,ATMOSPHERE ORIGINAL KOMBUCHA DRINK 300 ML BOTTLE,PRODUCE
1909,20374,CANS COCOA DE DRINK NATA SPARKLING BOAT#PAPER,PAPER BOAT NATA DE COCO SPARKLING DRINK CAN,PRODUCE
1910,20375,BLAST BLUEBERRY BOTTLE JUICE ML PRESERVED RAW,RAW PRESSERY BLUEBERRY BLAST JUICE 250 ML BOTTLE,PRODUCE
1911,20376,ATMOSPHERE BERRY CANS DRINK KOMBUCHA ML,ATMOSPHERE BERRY KOMBUCHA DRINK 300 ML CAN,PRODUCE
1912,20377,CAESAR CROUTONS GARLIC GRAM PACK VEEBA,VEEBA CAESAR GARLIC CROUTONS 100 GRAM PACK,PRODUCE
1913,20378,BUTTER CROUTONS GARLIC GRAM PACK WINGREENS,WINGREENS BUTTER GARLIC CROUTONS 100 GRAM PACK,PRODUCE
1914,20379,CROUTONS FRESH GARLIC HERB INDYA SIGNATURE,INDYA FRESHO SIGNATURE GARLIC HERB CROUTON,PRODUCE
1915,20380,CROSTINI G HERBED SORRENTINA,SORRENTINA HERBED CROSTINI 90 G,PRODUCE
1916,20381,BITE CROUTONS FRESH G PAPRIKA SIGNATURE SPICY,FRESHO! SIGNATURE SPICY PAPRIKA CROUTONS BITES 100 G,PRODUCE
1917,20382,BOTTLE COLESLAW DRESSING GRAM VEEBA,VEEBA COLESLAW DRESSING 300 GRAM BOTTLE,PRODUCE
1918,20383,ASIAN BOTTLE CHILLI DRESSING GRAM SALAD VEEBA,VEEBA ASIAN CHILLI SALAD DRESSING 250 GRAM BOTTLE,PRODUCE
1919,20384,BOTTLE DRESSING GRAM ISLAND THOUSAND VEEBA,VEEBA THOUSAND ISLAND DRESSING 300 GRAM BOTTLE,PRODUCE
1920,20385,BOTTLE DRESSING FRENCH GRAM SALAD SWEET VEEBA,VEEBA SWEET FRENCH SALAD DRESSING 300 GRAM BOTTLE,PRODUCE
1921,20386,BOTTLE DRESSING GRAM ITALIAN VEEBA VINAIGRETTE,VEEBA ITALIAN VINAIGRETTE DRESSING 250 GRAM BOTTLE,PRODUCE
1922,20387,BOTTLE JUICE LIME ML ORGANIC SICILIA,SICILIA ORGANIC LIME JUICE 200 ML BOTTLE,PRODUCE
1923,20388,BAKER CAKES FRUIT GRAM MIX PACK S,BAKER'S FRUIT CAKE MIX 250 GRAM PACK,PRODUCE
1924,20389,BAKER CANDIED GRAM ORANGE PACK PEE S,BAKER'S CANDIED ORANGE PEEL 100 GRAM PACK,PRODUCE
1925,20390,CHERRIES DEL GLAZED GRAM MONTE PACK RED,DEL MONTE GLAZED RED CHERRIES 100 GRAM PACK,PRODUCE
1926,20391,CORNMEAL GRAM PACK PLATES POLENTA URBAN,URBAN PLATTER POLENTA CORNMEAL 500 GRAM PACK,PRODUCE
1927,20392,GRAM HERB MIX PACK PLATES POLENTA URBAN,URBAN PLATTER HERB POLENTA MIX 250 GRAM PACK,PRODUCE
1928,20528,BUNS BURGER PACK PIECES WHEAT WHOLE GOLD#HARVEST,HARVEST GOLD WHOLE WHEAT BURGER BUNS 4 PIECES PACK,BAKERY PKGD OUTSIDE
1929,20542,BRITANNIA CAKES COCOA CREMA PACK,BRITANNIA CHOCO CREME CAKE PACK,BAKERY PKGD OUTSIDE
1930,20541,CAKES DEBBIE LITTLE PACK SNACK VANILLA,LITTLE DEBBIE VANILLA SNACK CAKES PACK,BAKERY PKGD OUTSIDE
1931,20539,CAKES DEBBIE LITTLE PACK SNACK STRAWBERRY,LITTLE DEBBIE STRAWBERRY SNACK CAKES PACK,BAKERY PKGD OUTSIDE
1932,20549,BLUEBERRY MONGINIS MUFFIN PACK,MONGINIS BLUEBERRY MUFFIN PACK,BAKERY PKGD OUTSIDE
1933,20551,CHIPS CHOCOLATE MONGINIS MUFFIN PACK,MONGINIS CHOCOLATE CHIP MUFFIN PACK,BAKERY PKGD OUTSIDE
1934,20548,ASSORTED BOX DONUT DONUT PACK PIECES MAD#OVER,MAD OVER DONUTS ASSORTED DONUT BOX 6 PIECES PACK,BAKERY PKGD OUTSIDE
1935,20537,BRITANNIA CROISSANT PACK TREATS VANILLA,BRITANNIA TREAT CROISSANT VANILLA PACK,BAKERY PKGD OUTSIDE
1936,20524,BREAD GRAM MILD PACK GOLD#HARVEST,HARVEST GOLD MILK BREAD 400 GRAM PACK,BAKERY PKGD OUTSIDE
1937,20525,BREAD GRAM MODERN MULTIGRAIN PACK,MODERN MULTIGRAIN BREAD 400 GRAM PACK,BAKERY PKGD OUTSIDE
1938,20518,ENGLISH MUFFIN OVEN PACK,ENGLISH OVEN ENGLISH MUFFINS PACK,BAKERY PKGD OUTSIDE
1939,20521,ENGLISH MUFFIN OVEN PACK WHEAT WHOLE,ENGLISH OVEN WHOLE WHEAT ENGLISH MUFFINS PACK,BAKERY PKGD OUTSIDE
1940,20529,BAKER BUNS BURGER DOZEN MULTIGRAIN PACK S THE,THE BAKER'S DOZEN MULTIGRAIN BURGER BUNS PACK,BAKERY PKGD OUTSIDE
1941,20531,BAKER BUNS BURGER DOZEN PACK S SOURDOUGH THE,THE BAKER'S DOZEN SOURDOUGH BURGER BUNS PACK,BAKERY PKGD OUTSIDE
1942,20519,BAGELS BAKER DOZEN PACK PLAIN S THE,THE BAKER'S DOZEN PLAIN BAGELS PACK,BAKERY PKGD OUTSIDE
1943,20550,DANISH MONGINIS PACK PASTRY,MONGINIS DANISH PASTRY PACK,BAKERY PKGD OUTSIDE
1944,20547,BRITANNIA CAKES PACK ROLLS SWISS,BRITANNIA SWISS ROLL CAKE PACK,BAKERY PKGD OUTSIDE
1945,20520,ENGLISH MUFFIN OVEN PACK WHEAT,ENGLISH OVEN WHEAT ENGLISH MUFFINS PACK,BAKERY PKGD OUTSIDE
1946,20533,CINNAMON PACK ROLLS THEOBROMA,THEOBROMA CINNAMON ROLL PACK,BAKERY PKGD OUTSIDE
1947,20532,CINNAMON DONUT PACK SUGAR MAD#OVER,MAD OVER DONUTS CINNAMON SUGAR DONUTS PACK,BAKERY PKGD OUTSIDE
1948,20534,CAKES CREAMY MONGINIS PACK SLICED,MONGINIS CREAM CAKE SLICE PACK,BAKERY PKGD OUTSIDE
1949,20540,BOX CHOCOLATE DONUT DONUT PIECES MAD#OVER,MAD OVER DONUTS CHOCOLATE DONUT BOX 6 PIECES,BAKERY PKGD OUTSIDE
1950,20522,BAKER BREAD BRIOCHE DOZEN LOAF S THE,THE BAKER'S DOZEN BRIOCHE BREAD LOAF,BAKERY PKGD OUTSIDE
1951,20523,CLASSIC ENGLISH MUFFIN OVEN PACK,ENGLISH OVEN CLASSIC ENGLISH MUFFINS PACK,BAKERY PKGD OUTSIDE
1952,20530,BAKER BREAD DOZEN LOAF PACK RYE S THE,THE BAKER'S DOZEN RYE BREAD LOAF PACK,BAKERY PKGD OUTSIDE
1953,20517,ENGLISH MUFFIN OVEN PACK WHEAT WHOLE,ENGLISH OVEN WHOLE WHEAT ENGLISH MUFFINS PACK,BAKERY PKGD OUTSIDE
1954,20526,BAKER BREAD DOZEN LOAF PACK RYE S THE,THE BAKER'S DOZEN RYE BREAD LOAF PACK,BAKERY PKGD OUTSIDE
1955,20527,CORNITOS ORIGINAL PACK TORTILLA WRAPS,CORNITOS ORIGINAL TORTILLA WRAPS PACK,BAKERY PKGD OUTSIDE
1956,20544,CAKES COCOA LAVA MONGINIS PACK,MONGINIS CHOCO LAVA CAKE PACK,BAKERY PKGD OUTSIDE
1957,20546,BRITANNIA CAKES FRUIT MULTI PACK,BRITANNIA FRUIT CAKE MULTI PACK,BAKERY PKGD OUTSIDE
1958,20545,BOX DONUT MINT PACK MAD#OVER,MAD OVER DONUTS MINI DONUTS BOX PACK,BAKERY PKGD OUTSIDE
1959,20538,BRITANNIA CAKES FRUIT MULTI PACK,BRITANNIA FRUIT CAKE MULTI PACK,BAKERY PKGD OUTSIDE
1960,20543,BRITANNIA CAKES PACK SLICED VANILLA,BRITANNIA VANILLA CAKE SLICE PACK,BAKERY PKGD OUTSIDE
1961,20536,CADBURY CAKES COCOA CHOCOBAKES LAYERED PACK,CADBURY CHOCOBAKES CHOCO LAYERED CAKES PACK,BAKERY PKGD OUTSIDE
1962,20535,CADBURY CHIPS COCOA CHOCOBAKES COOKIES PACK,CADBURY CHOCOBAKES COOKIES CHOCO CHIP PACK,BAKERY PKGD OUTSIDE
1963,20393,BONELESS BREAST CHICKEN CUBES GRAM LICIOUS PACK,LICIOUS CHICKEN BREAST BONELESS CUBES 250 GRAM PACK,MEAT
1964,20394,BONELESS CHICKEN PIECES SATAY,CHICKEN SATAY BONELESS PIECES,MEAT
1965,20395,CHICKEN CUTS PIECES SATAY THIN,CHICKEN SATAY THIN CUT PIECES,MEAT
1966,20396,CHICKEN CUTS PIECES ROASTED,CHICKEN ROAST CUT PIECES,MEAT
1967,20397,BONELESS BREAST CHICKEN CHUNKS,BONELESS CHICKEN BREAST CHUNKS,MEAT
1968,20398,CHICKEN FILLET PREMIUM STEAK,PREMIUM CHICKEN FILLET STEAK,MEAT
1969,20399,BONELESS CHICKEN CUTS STEAK,BONELESS CHICKEN STEAK CUT,MEAT
1970,20400,CHICKEN FILLET PREMIUM STRIPS,PREMIUM CHICKEN STRIP FILLET,MEAT
1971,20401,BREAST CHICKEN FILLET PREMIUM,PREMIUM CHICKEN BREAST FILLET,MEAT
1972,20402,BONELESS CHICKEN FILLET STEAK,BONELESS CHICKEN FILLET STEAK,MEAT
1973,20403,CHICKEN SAUSAGE SLICED SMOKE,SMOKED CHICKEN SAUSAGE SLICES,MEAT
1974,20404,CHICKEN MARINADE SATAY TERIYAKI,TERIYAKI MARINATED CHICKEN SATAY,MEAT
1975,20405,CHICKEN KABAB KALBI STYLE,CHICKEN KALBI STYLE KABAB,MEAT
1976,20406,BONELESS CHICKEN CHOPS MARINADE,BONELESS MARINATED CHICKEN CHOPS,MEAT
1977,20407,BONELESS CHICKEN PIECES TIKKA,CHICKEN TIKKA BONELESS PIECES,MEAT
1978,20408,CHICKEN FILLET SLICED SMOKE,SMOKED CHICKEN FILLET SLICES,MEAT
1979,20409,CHICKEN FILLET GARLIC HERB,GARLIC HERB CHICKEN FILLET,MEAT
1980,20410,BONELESS BREAST CHICKEN LEMON PEPPERS,LEMON PEPPER CHICKEN BREAST BONELESS,MEAT
1981,20411,CHICKEN PEPPERCORN TENDERLOINS,PEPPERCORN CHICKEN TENDERLOIN,MEAT
1982,20412,BBQ CHICKEN CHINESE STYLE,CHINESE STYLE BBQ CHICKEN,MEAT
1983,20413,BURGER CHICKEN PATTIES POUND QUART,CHICKEN BURGER PATTIES QUARTER POUND,MEAT
1984,20414,BURGER CHICKEN PATTIES PREMIUM,PREMIUM CHICKEN BURGER PATTIES,MEAT
1985,20415,BLEND CHICKEN FRESH KEEMA,FRESH CHICKEN KEEMA 80-20 BLEND,MEAT
1986,20416,BURGER CHICKEN FAMILY PACK PATTIES,CHICKEN BURGER PATTIES FAMILY PACK,MEAT
1987,20417,CHICKEN FRESH KEEMA LEAF PACK,LEAN CHICKEN KEEMA FRESH PACK,MEAT
1988,20418,CHOPS CUTS FRENCH LAMB PREMIUM RIBS,PREMIUM LAMB RIB CHOPS FRENCHED CUT,MEAT
1989,20419,BONELESS IMPORTED LAMB LEG SEMI,IMPORTED SEMI BONELESS LAMB LEG,MEAT
1990,20420,CENTER CUTS FRESH LAMB LEG,FRESH LAMB LEG CENTER CUT,MEAT
1991,20421,CURRY CUTS FRESH MUTTON,FRESH MUTTON CURRY CUT,MEAT
1992,20422,CHOPS IMPORTED LAMB PREMIUM RIBS,IMPORTED LAMB RIB CHOPS PREMIUM,MEAT
1993,20423,BONELESS CHICKEN CUTS DRUMSTICK,CHICKEN DRUMSTICK BONELESS CUT,MEAT
1994,20424,BONELESS BREAST CHICKEN FILLET,BONELESS CHICKEN BREAST FILLET,MEAT
1995,20425,CHICKEN CUTS FROZEN SPICY WINGS,FROZEN CHICKEN WINGS SPICY CUT,MEAT
1996,20426,CHICKEN PACK PARTY WINGS,CHICKEN WINGS PARTY PACK,MEAT
1997,20427,CHICKEN CUTS DRUMSTICK FRESH,FRESH CHICKEN DRUMSTICK CUT,MEAT
1998,20428,BONES GOAT MARROW SOUR,GOAT MARROW SOUP BONES,MEAT
1999,20429,BONES CUTS FRESH GOAT MARROW,FRESH GOAT MARROW BONE CUT,MEAT
2000,20430,CHICKEN FROZEN GIZZARD PACK,FROZEN CHICKEN GIZZARD PACK,MEAT
2001,20431,BONES CHEF DOG JUMBO TREATS,JUMBO DOG CHEW BONE TREAT,MEAT
2002,20432,BONES CHEF DOG NATURAL TREATS,NATURAL DOG CHEW BONE TREAT,MEAT
2003,20433,BONELESS CHICKEN TERIYAKI THIGH,TERIYAKI BONELESS CHICKEN THIGHS,MEAT
2004,20434,CHICKEN MARINADE WINGS,MARINATED CHICKEN WINGS,MEAT
2005,20435,BONELESS CHICKEN MONTEREY SAVOURY THIGH,SAVORY MONTEREY CHICKEN THIGHS BONELESS,MEAT
2006,20436,CHICKEN PARTY TRAP WINGS,CHICKEN WINGS PARTY TRAY,MEAT
2007,20437,CHICKEN FAMILY LEG PACK QUART,CHICKEN LEG QUARTER FAMILY PACK,MEAT
2008,20438,BONELESS CHICKEN FROZEN TENDERLOINS,FROZEN CHICKEN TENDERLOIN BONELESS,MEAT
2009,20439,CHICKEN FRESH FROZEN LIVER,FRESH FROZEN CHICKEN LIVER,MEAT
2010,20440,CHICKEN FROZEN GIZZARD PACK,FROZEN CHICKEN GIZZARDS PACK,MEAT
2011,20441,CHICKEN CURRY CUTS FROZEN GIZZARD,FROZEN CHICKEN GIZZARD CURRY CUT,MEAT
2012,20442,BONELESS BREAST CHICKEN FROZEN SKINLESS,FROZEN BONELESS SKINLESS CHICKEN BREAST,MEAT
2013,20443,CHICKEN FRESH MINCE,FRESH CHICKEN MINCE,MEAT
2014,20444,CHICKEN MINCE NATURAL,NATURAL CHICKEN MINCE,MEAT
2015,20445,CHICKEN FAMILY KEEMA LEAF PACK,LEAN CHICKEN KEEMA FAMILY PACK,MEAT
2016,20446,CHICKEN COKE MINCE READY#TO,READY TO COOK CHICKEN MINCE,MEAT
2017,20447,CHICKEN CORNISH PACK TWIN,CORNISH CHICKEN TWIN PACK,MEAT
2018,20448,DUCK FRESH PACK WHOLE,WHOLE DUCK FRESH PACK,MEAT
2019,20449,CHICKEN CORNISH WHOLE,WHOLE CORNISH CHICKEN,MEAT
2020,20450,BISON EXOTIC GROUND MEAL,EXOTIC GROUND BISON MEAT,MEAT
2021,20451,ELK GROUND MEAL PREMIUM,PREMIUM GROUND ELK MEAT,MEAT
2022,20452,BONELESS ELK MEAL STEW,ELK STEW BONELESS MEAT,MEAT
2023,20453,BISON GROUND MEAL PREMIUM,GROUND BISON MEAT PREMIUM,MEAT
2024,20454,BONES HAM IN SMOKE STEAK,BONE IN SMOKED HAM STEAK,MEAT
2025,20455,BONELESS HAM STYLE TAVERN,BONELESS TAVERN STYLE HAM,MEAT
2026,20456,BLACK FOREST HAM SLICED,BLACK FOREST SLICED HAM,MEAT
2027,20457,HAM JUICE NATURAL SMOKE STEAK WITH,SMOKED HAM STEAK WITH NATURAL JUICES,MEAT
2028,20458,BLACK FOREST HAM PACK SLICED,BLACK FOREST HAM SLICED PACK,MEAT
2029,20459,CHEESE JALAPENO PEPPERS SNACK STICK,PEPPERONI JALAPENO CHEESE SNACK STICKS,MEAT
2030,20460,CLASSIC JERKY MEAL SNACK STICK,CLASSIC MEAT JERKY SNACK STICKS,MEAT
2031,20461,CHICKEN JERKY STRIPS TERIYAKI,TERIYAKI CHICKEN JERKY STRIPS,MEAT
2032,20462,CHEESE CHICKEN JALAPENO SNACK STICK,JALAPENO CHEESE CHICKEN SNACK STICKS,MEAT
2033,20463,CHICKEN SAUSAGE SMOKE SNACK,SMOKED CHICKEN SNACK SAUSAGES,MEAT
2034,20464,CHICKEN ROPE SAUSAGE SMOKE,SMOKED CHICKEN SAUSAGE ROPE,MEAT
2035,20465,CHICKEN SAUSAGE SMOKE,SMOKED CHICKEN SAUSAGE,MEAT
2036,20466,BRATWURST CHICKEN SAUSAGE SMOKE,SMOKED CHICKEN BRATWURST SAUSAGE,MEAT
2037,20467,CHEDDAR CHICKEN SAUSAGE SMOKE,SMOKED CHICKEN CHEDDAR SAUSAGE,MEAT
2038,20468,BRATWURST CHICKEN SAUSAGE,CHICKEN BRATWURST SAUSAGE,MEAT
2039,20469,BACON CHICKEN LOW SLICED SODIUM,LOW SODIUM CHICKEN BACON SLICES,MEAT
2040,20470,BACON CHICKEN COOKED#FULLY,FULLY COOKED CHICKEN BACON,MEAT
2041,20471,BACON CHICKEN SMOKE STRIPS,SMOKED CHICKEN BACON STRIPS,MEAT
2042,20472,BACON CHICKEN PACK VALUE,CHICKEN BACON VALUE PACK,MEAT
2043,20473,BACON CHICKEN EXTRA THICK,EXTRA THICK CHICKEN BACON,MEAT
2044,20474,CHICKEN DOG FRANKS HOT REGULAR,REGULAR CHICKEN HOT DOG FRANKS,MEAT
2045,20475,CHICKEN FRANKS PREMIUM,PREMIUM CHICKEN FRANKS,MEAT
2046,20476,CHICKEN FRANKS PACK SAUSAGE VALUE,CHICKEN FRANK SAUSAGES VALUE PACK,MEAT
2047,20477,CHICKEN FRANKS JUMBO,JUMBO CHICKEN FRANKS,MEAT
2048,20478,CHICKEN FRANKS NATURAL,NATURAL CHICKEN FRANKS,MEAT
2049,20479,BUFFALO CHICKEN STRIPS,BUFFALO CHICKEN STRIPS,MEAT
2050,20480,CHICKEN HAM HONEY SLICED,HONEY CHICKEN HAM SLICES,MEAT
2051,20481,CHICKEN DEL SLICED SMOKE,SMOKED CHICKEN DELI SLICES,MEAT
2052,20482,CHICKEN FAT REDUCED SALAMI,REDUCED FAT CHICKEN SALAMI,MEAT
2053,20483,CHICKEN SNACK STICK,CHICKEN SNACK STICKS,MEAT
2054,20484,BREAKFAST CHICKEN REGULAR SAUSAGE,REGULAR CHICKEN BREAKFAST SAUSAGE,MEAT
2055,20485,CHICKEN FLAVOUR LINKS MAPLE SAUSAGE,MAPLE FLAVOUR CHICKEN SAUSAGE LINKS,MEAT
2056,20486,BREAKFAST CHICKEN LINKS SAUSAGE,CHICKEN BREAKFAST SAUSAGE LINKS,MEAT
2057,20487,CHICKEN CHORIZO SAUSAGE,CHICKEN CHORIZO SAUSAGE,MEAT
2058,20488,CHICKEN LINKS MAPLE SAUSAGE,MAPLE CHICKEN SAUSAGE LINKS,MEAT
2059,20489,BOX CHEESE CHICKEN CRACKERS SNACK,CHICKEN & CHEESE CRACKER SNACK BOX,MEAT
2060,20490,CHEESE CHICKEN CRACKERS PACK SNACK,CHICKEN CHEESE CRACKER SNACK PACK,MEAT
2061,20491,CHEESE CHICKEN EXTRA KIT PIZZA SNACK,EXTRA CHEESY CHICKEN PIZZA SNACK KIT,MEAT
2062,20492,BITE CHEESE CHICKEN SALAMI,CHICKEN SALAMI CHEESE BITES,MEAT
2063,20493,CHEESE DIP NACHOS SALT WITH,NACHOS WITH CHEESE DIP & SALSA,MEAT
2064,20494,BBQ CHICKEN COKE CUBES READY#TO,READY TO COOK BBQ CHICKEN CUBES,MEAT
2065,20495,CHICKEN COCONUT CURRY STYLE THAI,THAI STYLE COCONUT CHICKEN CURRY,MEAT
2066,20496,CHICKEN HICKORY PULLED SWEET,SWEET HICKORY PULLED CHICKEN,MEAT
2067,20497,CHICKEN SLICED STEAK THIN,THIN SLICED CHICKEN STEAK,MEAT
2068,20498,CHICKEN CILANTRO LIME,CILANTRO LIME CHICKEN,MEAT
2069,20499,CHICKEN NUGGETS COOKED#FULLY,FULLY COOKED CHICKEN NUGGETS,MEAT
2070,20500,CHICKEN CORN DOG FROZEN MINT PACK,MINI CHICKEN CORN DOGS FROZEN PACK,MEAT
2071,20501,CHICKEN CORN DOG FROZEN,FROZEN CHICKEN CORN DOGS,MEAT
2072,20502,CHICKEN COUNTRY CUTLETS FRIED GRAVY STYLE WITH,COUNTRY STYLE CHICKEN FRIED CUTLET WITH GRAVY,MEAT
2073,20503,BATTERED CHICKEN HONEY TENDER,HONEY BATTERED CHICKEN TENDERS,MEAT
2074,20504,BURGER PATTY VEG BASED#PLANT,PLANT BASED VEG BURGER PATTY,MEAT
2075,20505,PATTY PROTEIN VEG BASED#PLANT,PLANT BASED VEG PROTEIN PATTY,MEAT
2076,20506,BURGER PATTY VEG BASED#PLANT,PLANT BASED VEG BURGER PATTY,MEAT
2077,20507,BARBECUE GRILLED MASALA SEASONING,BARBECUE GRILL SEASONING MASALA,MEAT
2078,20508,MIX ROASTED ROSEMARY SEASONING,ROSEMARY ROAST SEASONING MIX,MEAT
2079,20509,BARBECUE MASALA RUB SMOKY,SMOKY BARBECUE RUB MASALA,MEAT
2080,20510,BARBECUE GRILLED MIX SEASONING,GRILL & BARBECUE SEASONING MIX,MEAT
2081,20511,GARLIC MARINADE MEDITERRANEAN SAUCE,MEDITERRANEAN GARLIC MARINADE SAUCE,MEAT
2082,20512,BAKE BITE CHEESE DOUBLE POTATO,DOUBLE CHEESE BAKED POTATO BITES,MEAT
2083,20513,BAKE CREAMY POTATO SCALLOPED,CREAMY SCALLOPED BAKED POTATOES,MEAT
2084,20514,CREAMY MASHED POTATO,CREAMY MASHED POTATOES,MEAT
2085,20515,BOWL CHEESE MACARONI PASTA,MACARONI & CHEESE PASTA BOWL,MEAT
2086,20516,BUTTERMILK CREAMY MASHED POTATO SOUR,BUTTERMILK SOUR CREAM MASHED POTATOES,MEAT
2087,20051,B CAGE EGGS FARM FREE GRADE,CAGE FREE GRADE B FARM EGGS,DAIRY
2088,20052,BROWN EGGS FREE LARGE RANGE,BROWN FREE RANGE LARGE EGGS,DAIRY
2089,20053,BROWN CAGE EGGS EXTRA FED FREE LARGE VEG,BROWN VEG FED CAGE FREE EXTRA LARGE EGGS,DAIRY
2090,20054,EGGS FARM ORGANIC PASTURE#RAISED,ORGANIC PASTURE RAISED FARM EGGS,DAIRY
2091,20055,EGGS ENRICH LARGE OMEGA,OMEGA 3 ENRICHED LARGE EGGS,DAIRY
2092,20056,CAGE EGGS FREE LIQUID WHITE,CAGE FREE LIQUID EGG WHITES,DAIRY
2093,20057,EGGS LIQUID MIX BASED#PLANT,PLANT BASED LIQUID EGG MIX,DAIRY
2094,20058,AMUL CAGE EGGS FREE LIQUID WHOLE,AMUL CAGE FREE LIQUID WHOLE EGGS,DAIRY
2095,20059,BRITANNIA EGGS LIQUID WHITE,BRITANNIA LIQUID EGG WHITES,DAIRY
2096,20060,EGGS INDIA LIQUID ORGANIC WHITE,ORGANIC INDIA LIQUID EGG WHITES,DAIRY
2097,20061,EAT EGGS FREE RANGE BOILED#HARD#SUGUNA READY#TO,SUGUNA READY TO EAT HARD BOILED FREE RANGE EGGS,DAIRY
2098,20062,BRITANNIA EGGS ORIGINAL WHITE WRAPS,BRITANNIA ORIGINAL EGG WHITE WRAPS,DAIRY
2099,20063,EAT EGGS BOILED#HARD#SUGUNA READY#TO,SUGUNA READY TO EAT HARD BOILED EGGS,DAIRY
2100,20064,AMUL FAT FREE LACTOSE LOW MILD PERCENT,AMUL LACTOSE FREE LOW FAT MILK 1 PERCENT,DAIRY
2101,20065,ALMOND MILD ORIGINAL SOFIT UNSWEETENED,SOFIT UNSWEETENED ORIGINAL ALMOND MILK,DAIRY
2102,20066,MILD PLAIN SOFIT SOY,SOFIT PLAIN SOY MILK,DAIRY
2103,20067,AND DHA FAT INDIA MILD OMEGA ORGANIC REDUCED WITH,ORGANIC INDIA REDUCED FAT MILK WITH DHA AND OMEGA,DAIRY
2104,20068,ALMOND MILD PRESERVED RAW UNSWEETENED,RAW PRESSERY UNSWEETENED ALMOND MILK,DAIRY
2105,20069,AMUL CHOCOLATE FAT FLAVOUR LOW MILD FASHIONED#OLD,AMUL OLD FASHIONED CHOCOLATE FLAVOURED LOW FAT MILK,DAIRY
2106,20070,CHOCOLATE DRINK EPIGAMIA GRAM MILD PROTEIN,EPIGAMIA CHOCOLATE PROTEIN MILK DRINK 30 GRAM PROTEIN,DAIRY
2107,20071,AMUL FAT FRESH LOW MILD,AMUL LOW FAT FRESH MILK,DAIRY
2108,20072,AMUL BEVERAGE DAIRY EGGNOG UHT,AMUL UHT EGGNOG DAIRY BEVERAGE,DAIRY
2109,20073,DRINK EGGNOG HERITAGE TRADITIONAL UHT,HERITAGE TRADITIONAL UHT EGGNOG DRINK,DAIRY
2110,20074,AMUL CREAMY FREE ITALIAN STYLE SUGAR SWEET,AMUL SUGAR FREE ITALIAN STYLE SWEET CREAMER,DAIRY
2111,20075,AND CREAMY CREAMY DAIRY NESTLE SWEET,NESTLE SWEET AND CREAMY DAIRY CREAMER,DAIRY
2112,20076,CREAMY EPIGAMIA SUGAR SWEET ZERO,EPIGAMIA ZERO SUGAR SWEET CREAMER,DAIRY
2113,20077,COCONUT COFFEE CREAMY FLAVOUR LIME NESTLE,NESTLE COCONUT LIME FLAVOURED COFFEE CREAMER,DAIRY
2114,20078,CAKES COFFEE CREAMY FLAVOUR MILD OATS OATLY,OATLY COFFEE CAKE FLAVOURED OAT MILK CREAMER,DAIRY
2115,20079,CREAMY EPIGAMIA SOUR BASED#PLANT,EPIGAMIA PLANT BASED SOUR CREAM,DAIRY
2116,20080,CREAMY DAIRY FREE PRESERVED RAW SOUR,RAW PRESSERY DAIRY FREE SOUR CREAM,DAIRY
2117,20081,AMUL CREAMY FRESH SOUR,AMUL FRESH SOUR CREAM,DAIRY
2118,20082,AND CREAMY DAIRY MOTHER NATURAL PURE SOUR,MOTHER DAIRY PURE AND NATURAL SOUR CREAM,DAIRY
2119,20083,BRITANNIA CREAMY FRESH SOUR,BRITANNIA FRESH SOUR CREAM,DAIRY
2120,20084,AMUL CHEESE COTTAGE FAT LOW ORGANIC,AMUL ORGANIC LOW FAT COTTAGE CHEESE,DAIRY
2121,20085,BRITANNIA CHEESE COTTAGE FAT LOW,BRITANNIA LOW FAT COTTAGE CHEESE,DAIRY
2122,20086,AMUL CHEESE COTTAGE FAT LOW PERCENT,AMUL LOW FAT COTTAGE CHEESE 1 PERCENT,DAIRY
2123,20087,AMUL CHEESE COTTAGE CURD FAT FULLY PERCENT SMALL,AMUL FULL FAT SMALL CURD COTTAGE CHEESE 4 PERCENT,DAIRY
2124,20088,CHEESE COTTAGE DAIRY FRESH MOTHER,MOTHER DAIRY FRESH COTTAGE CHEESE,DAIRY
2125,20089,APPLE BABIES EPIGAMIA FOR MONTHS PLUS YOGURT,EPIGAMIA APPLE YOGURT FOR BABIES 7 PLUS MONTHS,DAIRY
2126,20090,BRITANNIA KIDS STRAWBERRY WATERMELON YOGURT,BRITANNIA STRAWBERRY WATERMELON KIDS YOGURT,DAIRY
2127,20091,AMUL KIWI SMOOTH STRAWBERRY YOGURT,AMUL STRAWBERRY KIWI YOGURT SMOOTHIE,DAIRY
2128,20092,EPIGAMIA FAT GREEN NON STRAWBERRY YOGURT,EPIGAMIA NON FAT GREEK YOGURT STRAWBERRY,DAIRY
2129,20093,COOKIES DOUGH EPIGAMIA FLIP GREEN YOGURT,EPIGAMIA GREEK YOGURT COOKIE DOUGH FLIP,DAIRY
2130,20094,CREAMY DIP FRENCH ONION VEEBA,VEEBA FRENCH ONION CREAMY DIP,DAIRY
2131,20095,CREAMY DIP SEAFOOD STYLE WINGREENS,WINGREENS SEAFOOD STYLE CREAMY DIP,DAIRY
2132,20096,DIP FRENCH ONION VEEBA,VEEBA FRENCH ONION DIP,DAIRY
2133,20097,CHEDDAR CHEESE DIP JALAPENO VEEBA,VEEBA JALAPENO CHEDDAR CHEESE DIP,DAIRY
2134,20098,CREAMY DIP FRENCH ONION WINGREENS,WINGREENS FRENCH ONION CREAMY DIP,DAIRY
2135,20099,CHEESE COLBY INDIA JACK ORGANIC SLICED,ORGANIC INDIA COLBY JACK CHEESE SLICES,DAIRY
2136,20100,AMERICAN BRITANNIA CHEESE NATURAL SLICED,BRITANNIA NATURAL AMERICAN CHEESE SLICES,DAIRY
2137,20101,AMUL CHEDDAR CHEESE MEDIUM SLICED SMOKE YELLOW,AMUL SMOKED MEDIUM YELLOW CHEDDAR CHEESE SLICES,DAIRY
2138,20102,CHEDDAR CHEESE INDIA ORGANIC SLICED WHITE,ORGANIC INDIA WHITE CHEDDAR CHEESE SLICES,DAIRY
2139,20103,AMUL CHEDDAR CHEESE FAMILY PACK SHARP SLICED,AMUL SHARP CHEDDAR CHEESE SLICES FAMILY PACK,DAIRY
2140,20104,CHEESE FINE INDIA MOZZARELLA ORGANIC SHREDDED,ORGANIC INDIA MOZZARELLA CHEESE FINE SHREDS,DAIRY
2141,20105,AND BRITANNIA CHEESE MOZZARELLA PROVOLONE SHREDDED SMOKE,BRITANNIA MOZZARELLA AND SMOKED PROVOLONE CHEESE SHREDS,DAIRY
2142,20106,BRITANNIA CHEESE QUESADILLA SHREDDED STYLE,BRITANNIA QUESADILLA STYLE CHEESE SHREDS,DAIRY
2143,20107,BRITANNIA CHEDDAR CHEESE FINE MILD SHREDDED,BRITANNIA FINE MILD CHEDDAR CHEESE SHREDS,DAIRY
2144,20108,AMUL CHEESE FINE MOZZARELLA SHREDDED,AMUL MOZZARELLA CHEESE FINE SHREDS,DAIRY
2145,20109,AMUL BLOCK CHEDDAR CHEESE EXTRA SHARP,AMUL EXTRA SHARP CHEDDAR CHEESE BLOCK,DAIRY
2146,20110,AMUL BLOCK CHEDDAR CHEESE FAT PERCENT SHARP,AMUL SHARP CHEDDAR CHEESE BLOCK 2 PERCENT FAT,DAIRY
2147,20111,AMUL BLOCK CHEESE SWISS,AMUL SWISS CHEESE BLOCK,DAIRY
2148,20112,BLOCK BRITANNIA CHEDDAR CHEESE EXTRA SHARP WHITE,BRITANNIA EXTRA SHARP WHITE CHEDDAR CHEESE BLOCK,DAIRY
2149,20113,BLOCK CHEDDAR CHEESE INDIA ORGANIC WHITE,ORGANIC INDIA WHITE CHEDDAR CHEESE BLOCK,DAIRY
2150,20114,AMERICAN BRITANNIA CHEESE MILD PERCENT SLICED WITH,BRITANNIA AMERICAN CHEESE SLICES WITH 2 PERCENT MILK,DAIRY
2151,20115,AMUL BLOCK CHEESE MINT PROCESSED,AMUL MINI PROCESSED CHEESE BLOCKS,DAIRY
2152,20116,AMERICAN AMUL BLOCK CHEESE MELTING SMOOTH STYLE,AMUL AMERICAN STYLE SMOOTH MELTING CHEESE BLOCK,DAIRY
2153,20117,AMERICAN AMUL CHEESE SINGLE SLICED,AMUL AMERICAN CHEESE SINGLES SLICES,DAIRY
2154,20118,AMERICAN BRITANNIA CHEESE SLICED,BRITANNIA AMERICAN CHEESE SLICES,DAIRY
2155,20119,BRITANNIA CHEESE CREAMY FAT REDUCED SPREAD,BRITANNIA REDUCED FAT CREAM CHEESE SPREAD,DAIRY
2156,20120,BRITANNIA CHEESE CREAMY GARLIC HERB SPREAD WHIPPED,BRITANNIA GARLIC HERB WHIPPED CREAM CHEESE SPREAD,DAIRY
2157,20121,BRITANNIA CHEESE CREAMY SALMON SMOKE SPREAD,BRITANNIA SMOKED SALMON CREAM CHEESE SPREAD,DAIRY
2158,20122,BRITANNIA CHEESE CREAMY GARDEN SPREAD VEGETABLE,BRITANNIA GARDEN VEGETABLE CREAM CHEESE SPREAD,DAIRY
2159,20123,BRITANNIA CHEESE CREAMY HONEY PECANS SPREAD,BRITANNIA HONEY PECAN CREAM CHEESE SPREAD,DAIRY
2160,20124,AMUL CHEESE CRUMBLED CUP DEL FEET,AMUL CRUMBLED FETA CHEESE DELI CUP,DAIRY
2161,20125,AMUL CHEESE GRATED PARMESAN,AMUL GRATED PARMESAN CHEESE,DAIRY
2162,20126,BRITANNIA CHEESE PARTY RICOTTA SKIN,BRITANNIA PART SKIM RICOTTA CHEESE,DAIRY
2163,20127,AMUL CHEESE FRESH RANCHERO STYLE,AMUL FRESH RANCHERO STYLE CHEESE,DAIRY
2164,20128,BRITANNIA CHEESE GRATED PARMESAN,BRITANNIA GRATED PARMESAN CHEESE,DAIRY
2165,20129,AMUL CHEDDAR CHEESE CRACKERS CUTS SHARP,AMUL SHARP CHEDDAR CHEESE CRACKER CUTS,DAIRY
2166,20130,BRITANNIA CHEESE COLBY JACK NATURAL SNACK STICK,BRITANNIA NATURAL COLBY JACK CHEESE SNACK STICKS,DAIRY
2167,20131,AMUL CHEDDAR CHEESE CRACKERS CUTS EXTRA SHARP,AMUL EXTRA SHARP CHEDDAR CHEESE CRACKER CUTS,DAIRY
2168,20132,ALMOND BRITANNIA CHEDDAR CHEESE SNACK WHITE WITH,BRITANNIA WHITE CHEDDAR CHEESE SNACKS WITH ALMONDS,DAIRY
2169,20133,BRITANNIA CHEDDAR CHEESE NATURAL SHARP STICK,BRITANNIA NATURAL SHARP CHEDDAR CHEESE STICKS,DAIRY
2170,20134,CHEESE CINNAMON CREAMY FILLING PILLSBURY ROLLS WITH,PILLSBURY CINNAMON ROLLS WITH CREAM CHEESE FILLING,DAIRY
2171,20135,BISCUIT BUTTERMILK DOUGH PILLSBURY,PILLSBURY BUTTERMILK BISCUITS DOUGH,DAIRY
2172,20136,BAKE COOKIES DOUGH MONSTER PILLSBURY READY#TO,PILLSBURY READY TO BAKE MONSTER COOKIE DOUGH,DAIRY
2173,20137,BAKE COOKIES DOUGH PILLSBURY SUGAR READY#TO,PILLSBURY READY TO BAKE SUGAR COOKIE DOUGH,DAIRY
2174,20138,CORNBREAD PILLSBURY SWEET SWIRL,PILLSBURY SWEET CORNBREAD SWIRLS,DAIRY
2175,20139,BRITANNIA CHOCOLATE DESSERT PUDDING,BRITANNIA CHOCOLATE PUDDING DESSERT,DAIRY
2176,20140,BRITANNIA DESSERT PUDDING TAPIOCA,BRITANNIA TAPIOCA PUDDING DESSERT,DAIRY
2177,20141,BRITANNIA FREE PUDDING SNACK SUGAR VANILLA,BRITANNIA SUGAR FREE VANILLA PUDDING SNACKS,DAIRY
2178,20142,COBBLER CREAMY DESSERT EPIGAMIA PEACH,EPIGAMIA PEACH COBBLER CREAMY DESSERT,DAIRY
2179,20143,AMUL CHOCOLATE FAT LOW PUDDING,AMUL LOW FAT CHOCOLATE PUDDING,DAIRY
2180,20144,BROWN HASS MCCAIN POTATO SOUTHWEST STYLE,MCCAIN SOUTHWEST STYLE HASH BROWN POTATOES,DAIRY
2181,20145,BRITANNIA ENGLISH MUFFIN SOURDOUGH,BRITANNIA SOURDOUGH ENGLISH MUFFINS,DAIRY
2182,20146,DICED MCCAIN POTATO SEASONING SIGNATURE,MCCAIN SIGNATURE SEASONED DICED POTATOES,DAIRY
2183,20147,DICED MCCAIN PLAIN POTATO,MCCAIN PLAIN DICED POTATOES,DAIRY
2184,20148,BREAKFAST CLASSIC EGGS ITC KIT SCRAMBLE,ITC CLASSIC BREAKFAST SCRAMBLED EGG KIT,DAIRY
2185,20149,AMUL BUTTER OIL ORIGINAL SPRAY,AMUL ORIGINAL BUTTER OIL SPRAY,DAIRY
2186,20150,AMUL AND BROWN BUTTER MAPLE SPREAD SUGAR,AMUL MAPLE AND BROWN SUGAR BUTTER SPREAD,DAIRY
2187,20151,AMUL BUTTER FREE LACTOSE SPREADABLE,AMUL LACTOSE FREE SPREADABLE BUTTER,DAIRY
2188,20152,AMUL BLOCK BUTTER UNSALTED,AMUL UNSALTED BUTTER BLOCK,DAIRY
2189,20153,BUTTER NUTRALITE OIL OLIVES WITH BASED#PLANT,NUTRALITE PLANT BASED BUTTER WITH OLIVE OIL,DAIRY
2190,20154,DILL KOSHER MOTHER PICKLED RECIPE S STYLE,MOTHER'S RECIPE KOSHER STYLE DILL PICKLES,DAIRY
2191,20155,DILL HALVES KOSHER PICKLED PRIYA,PRIYA KOSHER DILL PICKLE HALVES,DAIRY
2192,20156,DILL KOSHER PICKLED PRIYA SANDWICH SLICED,PRIYA KOSHER DILL SANDWICH PICKLE SLICES,DAIRY
2193,20157,CHIPS PICKLED SELECT SIGNATURE SPICY,SIGNATURE SELECT SPICY PICKLE CHIPS,DAIRY
2194,20158,PICKLED SELECT SIGNATURE SPEARS,SIGNATURE SELECT PICKLE SPEARS,DAIRY
2195,20159,JUICE NO ORANGE PERCENT PREMIUM PULP REAL,REAL PREMIUM 100 PERCENT ORANGE JUICE NO PULP,DAIRY
2196,20160,FRESH JUICE MEDIUM ORANGE PULP TROPICAL,TROPICANA FRESH ORANGE JUICE MEDIUM PULP,DAIRY
2197,20161,JUICE ORANGE PREMIUM PULP REAL SOME WITH,REAL PREMIUM ORANGE JUICE WITH SOME PULP,DAIRY
2198,20162,BEVERAGE NO ORANGE PULP MAID#MINUTE,MINUTE MAID ORANGE BEVERAGE NO PULP,DAIRY
2199,20163,CALORIE JUICE LOW ORANGE TROPICAL,TROPICANA LOW CALORIE ORANGE JUICE,DAIRY
2200,20164,APPLE CIDER JUICE REAL,REAL APPLE CIDER JUICE,DAIRY
2201,20165,GRAPEFRUIT JUICE NATURAL TROPICAL,TROPICANA NATURAL GRAPEFRUIT JUICE,DAIRY
2202,20166,FRUIT JUICE MIXED ORANGE PINEAPPLE REAL,REAL PINEAPPLE ORANGE MIXED FRUIT JUICE,DAIRY
2203,20167,BANANA FRUIT JUICE MIXED ORANGE PINEAPPLE REAL,REAL PINEAPPLE ORANGE BANANA MIXED FRUIT JUICE,DAIRY
2204,20168,APPLE JUICE PRESERVED PURE TROPICAL,TROPICANA PURE PRESSED APPLE JUICE,DAIRY
2205,20169,FRUIT PUNCH SUGAR ZERO MAID#MINUTE,MINUTE MAID ZERO SUGAR FRUIT PUNCH,DAIRY
2206,20170,DRINK FRUIT JUICE PUNCH TROPICAL,TROPICANA FRUIT PUNCH JUICE DRINK,DAIRY
2207,20171,DRINK JUICE LEMONADE LIGHT MAID#MINUTE,MINUTE MAID LIGHT LEMONADE JUICE DRINK,DAIRY
2208,20172,BLEND FRUIT JUICE NATURAL STRAWBERRY TROPICAL,TROPICANA NATURAL STRAWBERRY FRUIT JUICE BLEND,DAIRY
2209,20173,BLEND JUICE MANGO NATURAL TROPICAL,TROPICANA NATURAL MANGO JUICE BLEND,DAIRY
2210,20174,FLAVOUR ICED LIPTON RASPBERRY TEA,LIPTON RASPBERRY FLAVOURED ICED TEA,DAIRY
2211,20175,DIET ICED LIPTON TEA,LIPTON DIET ICED TEA,DAIRY
2212,20176,BLACK ICED LIPTON TEA UNSWEETENED,LIPTON UNSWEETENED BLACK ICED TEA,DAIRY
2213,20177,BLACK ICED LIPTON SWEETENED TEA,LIPTON SWEETENED BLACK ICED TEA,DAIRY
2214,20178,DRINK ICED LEMON LIPTON TEA,LIPTON LEMON ICED TEA DRINK,DAIRY
2215,20179,COFFEE ICED STARBUCKS UNSWEETENED,STARBUCKS UNSWEETENED ICED COFFEE,DAIRY
2216,20180,CAFE COFFEE DAY ICED VANILLA,CAFE COFFEE DAY VANILLA ICED COFFEE,DAIRY
2217,20181,BREW COFFEE COLA LIGHT ROASTED OWL#SLEEPY,SLEEPY OWL LIGHT ROAST COLD BREW COFFEE,DAIRY
2218,20182,BLACK BLUE BRAZILIAN COFFEE COLA PURE TOKAI,BLUE TOKAI BRAZILIAN PURE BLACK COLD COFFEE,DAIRY
2219,20183,BLEND BREW COFFEE COLA ESPRESSO OWL#SLEEPY,SLEEPY OWL ESPRESSO BLEND COLD BREW COFFEE,DAIRY
2220,20184,FREE JUICE ORANGE PULP TROPICAL,TROPICANA ORANGE JUICE PULP FREE,DAIRY
2221,20185,COCKTAIL CRANBERRY JUICE NATURAL REAL,REAL NATURAL CRANBERRY COCKTAIL JUICE,DAIRY
2222,20186,APPLE JUICE PRESERVED PURE TROPICAL,TROPICANA PURE PRESSED APPLE JUICE,DAIRY
2223,20187,JUICE ORANGE PREMIUM PULP REAL SOME WITH,REAL PREMIUM ORANGE JUICE WITH SOME PULP,DAIRY
2224,20188,ALMOND BEANS COFFEE LATTE MILD VANILLA BOAT#PAPER,PAPER BOAT ALMOND MILK COFFEE LATTE VANILLA BEAN,DAIRY
2225,20189,BOTTLE DEPOSIT MILD,DEPOSIT MILK BOTTLE,DAIRY
2226,20561,AND CHICKPEA DRY GREEN MIX ORGANIC PEAR TATTVA,ORGANIC TATTVA DRY CHICKPEAS AND GREEN PEAS MIX,GROCERY
2227,20562,BEANS DRY PINTOLA PREMIUM QUALITY SAMPANN TATA,TATA SAMPANN DRY PINTO BEANS PREMIUM QUALITY,GROCERY
2228,20563,BEANS BLEND MANTRA MIXED ORGANIC PACK SOUR VARIETY,24 MANTRA ORGANIC MIXED BEAN SOUP BLEND 15 VARIETY PACK,GROCERY
2229,20564,BASMATI GATE INDIA RICH,INDIA GATE BASMATI RICE,GROCERY
2230,20565,DAAWAT JASMINE PREMIUM RICH,DAAWAT PREMIUM JASMINE RICE,GROCERY
2231,20566,INDIA ORGANIC QUINOA WHITE,ORGANIC INDIA ORGANIC WHITE QUINOA,GROCERY
2232,20567,CHICKEN FLAVOUR MIX MTR RICH,MTR CHICKEN FLAVOURED RICE MIX,GROCERY
2233,20568,EAT MASALA MTR RICH READY#TO,MTR READY TO EAT MASALA RICE,GROCERY
2234,20569,CORIANDER EAT LIME MTR RICH READY#TO,MTR READY TO EAT CORIANDER LIME RICE,GROCERY
2235,20570,BITE BREAKFAST CEREAL KELLOGG MINT S WHEAT,KELLOGG'S MINI WHEAT BITES BREAKFAST CEREAL,GROCERY
2236,20571,ALMOND BAR FLAT GRANOLA HONEY YOGA,YOGA BAR HONEY ALMOND FLAX GRANOLA,GROCERY
2237,20572,AND BROWN INSTANT MAPLE OATMEAL QUAKER SUGAR,QUAKER INSTANT OATMEAL MAPLE AND BROWN SUGAR,GROCERY
2238,20573,BROWN INSTANT MAPLE OATMEAL OATS SAFFOLA SUGAR,SAFFOLA OATS MAPLE BROWN SUGAR INSTANT OATMEAL,GROCERY
2239,20574,AND APPLE CINNAMON INSTANT OATS PROTEIN QUAKER,QUAKER PROTEIN INSTANT OATS APPLE AND CINNAMON,GROCERY
2240,20575,CEREAL COOKIES HOT OATS QUAKER QUICK,QUAKER QUICK COOKING OATS HOT CEREAL,GROCERY
2241,20576,BAR BIRTHDAY CAKES CHOCOLATE DRIZZLE GRANOLA YOGA,YOGA BAR BIRTHDAY CAKE CHOCOLATE DRIZZLE GRANOLA BAR,GROCERY
2242,20577,AND BAR ENERGY FRUIT MIX NUT RITEBITE TRAIL,RITEBITE FRUIT AND NUT TRAIL MIX ENERGY BAR,GROCERY
2243,20578,BAR CHOCOLATE CHUNKS ENERGY YOGABAR,YOGABAR ENERGY BARS CHOCOLATE CHUNK,GROCERY
2244,20579,BERRIES JUICE MIXED BOAT#PAPER,PAPER BOAT MIXED BERRIES JUICE,GROCERY
2245,20580,CAKES CAKES FRUIT FUIT MIXED SLICED SUNFEAST,SUNFEAST CAKES CAKES SLICED MIXED FUIT MIXED FRUIT CAKE,GROCERY
2246,20581,FRUIT MIXED PACK ROLLUPS VALUE BOAT#PAPER,PAPER BOAT MIXED FRUIT ROLLUPS VALUE PACK,GROCERY
2247,20582,AMUL CHOCOLATE CUP DESSERT PUDDING,AMUL CHOCOLATE DESSERT PUDDING CUP,GROCERY
2248,20583,AMUL BUTTERSCOTCH CUP DESSERT PUDDING,AMUL BUTTERSCOTCH DESSERT PUDDING CUP,GROCERY
2249,20584,DAIRY DESSERT MOTHER PUDDING TAPIOCA,MOTHER DAIRY TAPIOCA DESSERT PUDDING,GROCERY
2250,20585,AND CHOCOLATE MIX PIE PUDDING WEIKFIELD,WEIKFIELD CHOCOLATE PUDDING AND PIE MIX,GROCERY
2251,20586,CHOCOLATE FREE INSTANT MIX PUDDING SUGAR WEIKFIELD,WEIKFIELD SUGAR FREE CHOCOLATE INSTANT PUDDING MIX,GROCERY
2252,20587,CRYSTALS JELLY MIX STRAWBERRY WEIKFIELD,WEIKFIELD STRAWBERRY JELLY CRYSTALS MIX,GROCERY
2253,20588,AND DESSERT FILLING PIE STRAWBERRY TOPPINGS WEIKFIELD,WEIKFIELD STRAWBERRY PIE FILLING AND DESSERT TOPPING,GROCERY
2254,20589,FILLING ORGANIC PUMPKIN PURE PURE TATTVA,ORGANIC TATTVA PURE PUMPKIN PUREE FILLING,GROCERY
2255,20590,AND FILLING FRUIT PEACH PIE TOPPINGS WEIKFIELD,WEIKFIELD PEACH PIE FILLING AND FRUIT TOPPING,GROCERY
2256,20591,BAKING CRUST MIX PIE PILLSBURY,PILLSBURY PIE CRUST BAKING MIX,GROCERY
2257,20592,BISCUIT BRITANNIA CRUST GRAHAM PIE STYLE,BRITANNIA GRAHAM STYLE BISCUIT PIE CRUST,GROCERY
2258,20593,CHOCOLATE CRUST CRUST INCH KEEBLER PIE READY,KEEBLER READY CRUST 9-INCH CHOCOLATE PIE CRUSTS ,GROCERY
2259,20594,AMUL CARAMEL SYRUP,AMUL CARAMEL SYRUP,GROCERY
2260,20595,CARAMEL FLAVOURED HERSHEY LIQUID S SYRUP,HERSHEY'S CARAMEL FLAVORED LIQUID SYRUP,GROCERY
2261,20596,BROWN COCOA DESSERT FROZEN FUDGE KWALITY S WALL,KWALITY WALL'S CHOCO BROWNIE FUDGE FROZEN DESSERT,GROCERY
2262,20597,CONES CREAMY ICED SUGAR VADILAL,VADILAL SUGAR ICE CREAM CONES,GROCERY
2263,20598,CREAMY CUP DESSERT ICED VADILAL,VADILAL ICE CREAM DESSERT CUPS,GROCERY
2264,20599,CLASSIC CONES CREAMY CREAMBELL ICED OF PACK WAFFLE,CREAMBELL CLASSIC WAFFLE ICE CREAM CONES PACK OF 12,GROCERY
2265,20600,BROWN CHOCOLATE MILD MIX PILLSBURY,PILLSBURY MILK CHOCOLATE BROWNIE MIX,GROCERY
2266,20601,BROWN FUDGE MIX BETTY#CROCKER CHOCOLATE#DARK,BETTY CROCKER DARK CHOCOLATE FUDGE BROWNIE MIX,GROCERY
2267,20602,CAKES CLASSIC MIX WHITE BETTY#CROCKER,BETTY CROCKER CLASSIC WHITE CAKE MIX,GROCERY
2268,20603,CHOCOLATE CREAMY FROSTING MILD PILLSBURY SUPREME,PILLSBURY CREAMY SUPREME MILK CHOCOLATE FROSTING,GROCERY
2269,20604,CREAMY FROSTING RICH BETTY#CROCKER,BETTY CROCKER RICH & CREAMY FROSTING,GROCERY
2270,20605,COOKIES DECORATIVE FUNFOODS GREEN ICING,FUNFOODS GREEN COOKIE ICING DECORATION,GROCERY
2271,20606,AMUL BAKING CHIPS CHOCOLATE FOR MINT,AMUL MINI CHOCOLATE CHIPS FOR BAKING,GROCERY
2272,20607,BAKING BAR CHOCOLATE CO MASON WHITE,MASON & CO WHITE CHOCOLATE BAKING BAR,GROCERY
2273,20608,BAKING CADBURY COCOA POWDER UNSWEETENED,CADBURY UNSWEETENED BAKING COCOA POWDER,GROCERY
2274,20609,BREW CAKES FUNFOODS SPRINKLES TUB WITCHES,FUNFOODS WITCHES BREW CAKE SPRINKLES TUB,GROCERY
2275,20610,CAKES DECORATIVE JIMMIES PURAMATE RAINBOW SPRINKLES,PURAMATE RAINBOW JIMMIES CAKE DECORATION SPRINKLES,GROCERY
2276,20611,BOX CAKES FUNFOODS SPRINKLES THEME WINTER,FUNFOODS WINTER THEME CAKE SPRINKLES BOX,GROCERY
2277,20612,MILD SKIMMED AMUL#POWDER,AMUL SKIMMED MILK POWDER,GROCERY
2278,20613,CONDENSED MILD MILKMAID NESTL SWEETENED,NESTL├® MILKMAID SWEETENED CONDENSED MILK,GROCERY
2279,20614,CARBONARA EVAPORATED MILD NESTL,NESTL├® CARNATION EVAPORATED MILK,GROCERY
2280,20615,EXTRA PURE VANILLA WEIKFIELD,WEIKFIELD PURE VANILLA EXTRACT,GROCERY
2281,20616,BAKER ESSENCE PURE S VANILLA,BAKER'S PURE VANILLA ESSENCE,GROCERY
2282,20617,BAKER ESSENCE FLAVOUR S VANILLA,BAKER'S VANILLA FLAVOUR ESSENCE,GROCERY
2283,20618,AJANTA COLOUR FOOD GREEN NATURAL,AJANTA NATURAL GREEN FOOD COLOUR,GROCERY
2284,20619,AJANTA ASSORTED COLOUR FOOD KIT,AJANTA ASSORTED FOOD COLOUR KIT,GROCERY
2285,20620,ASSORTED BAKER COLOUR FOOD PACK S,BAKER'S ASSORTED FOOD COLOUR PACK,GROCERY
2286,20621,CATCH CHILLI POWDER PREMIUM,CATCH PREMIUM CHILI POWDER,GROCERY
2287,20622,KEYA PAPRIKA SEASONING SMOKE,KEYA SMOKED PAPRIKA SEASONING,GROCERY
2288,20623,NUTRITION PLATES SEASONING URBAN YEAST,URBAN PLATTER NUTRITIONAL YEAST SEASONING,GROCERY
2289,20624,CATCH GARLIC POWDER,CATCH GARLIC POWDER,GROCERY
2290,20625,CREOLE EVEREST MIX SEASONING STYLE,EVEREST CREOLE STYLE SEASONING MIX,GROCERY
2291,20626,KEYA MIX PIZZA SEASONING,KEYA PIZZA SEASONING MIX,GROCERY
2292,20646,AMUL COW GHEE PURE,AMUL PURE COW GHEE,GROCERY
2293,20671,CANS DHAMPURE NATURAL RAW SUGAR,DHAMPURE NATURAL RAW CANE SUGAR,GROCERY
2294,20692,BLEND COFFEE GROUND HOUSE MEDIUM ROASTED TATA,TATA COFFEE HOUSE BLEND MEDIUM ROAST GROUND COFFEE,GROCERY
2295,20693,BLUE COFFEE GROUND ITALIAN ROASTED TOKAI,BLUE TOKAI ITALIAN ROAST GROUND COFFEE,GROCERY
2296,20696,GREEN INDIA ORGANIC TEA,ORGANIC INDIA GREEN TEA,GROCERY
2297,20698,CADBURY CHOCOLATE DRINK HOT SACHETS,CADBURY HOT CHOCOLATE DRINK SACHETS,GROCERY
2298,20699,CADBURY COCOA HOT MIX CHOCOLATE#DARK,CADBURY DARK CHOCOLATE HOT COCOA MIX,GROCERY
2299,20700,FLAVOUR HERSHEY S STRAWBERRY SYRUP,HERSHEY'S STRAWBERRY FLAVOURED SYRUP,GROCERY
2300,20715,CHERRY CRANBERRY DIET DRINK JUICE REAL,REAL CRANBERRY CHERRY DIET JUICE DRINK,GROCERY
2301,20722,JUICE LIME BOAT#PAPER,PAPER BOAT LIME JUICE,GROCERY
2302,20723,CHERRY JUICE PRESERVED RAW TATA,RAW PRESSERY TART CHERRY JUICE,GROCERY
2303,20724,APPLE INDIA JUICE ORGANIC UNFILTERED,ORGANIC INDIA UNFILTERED APPLE JUICE,GROCERY
2304,20734,APPLE CUP KISSAN NATURAL SAUCE,KISSAN NATURAL APPLE SAUCE CUPS,GROCERY
2305,20737,CRACKERS OCEAN PACK SALAD SECRET SNACK TUNA WITH,OCEAN SECRET TUNA SALAD SNACK PACK WITH CRACKERS,GROCERY
2306,20738,IN OCEAN SECRET SOLID TUNA WATER WHITE,OCEAN SECRET SOLID WHITE TUNA IN WATER,GROCERY
2307,20739,CHUNKS IN LIGHT OCEAN SECRET TUNA WATER,OCEAN SECRET CHUNK LIGHT TUNA IN WATER,GROCERY
2308,20746,BAKE BEANS BOURBON BROWN HEINZ SUGAR,HEINZ BOURBON BROWN SUGAR BAKED BEANS,GROCERY
2309,20747,ADDED BAKE BEANS HEINZ NO SUGAR,HEINZ NO ADDED SUGAR BAKED BEANS,GROCERY
2310,20749,BEANS CHING CURRY RAJMA S SPICY,CHING'S SPICY RAJMA BEANS CURRY,GROCERY
2311,20752,EAT PASTA RINGS SUNFEAST MA READY#TO,SUNFEAST READY TO EAT TOMATO PASTA RINGS,GROCERY
2312,20753,MEATBALLS SPAGHETTI WITH CHEF#ITC#MASTER,ITC MASTER CHEF SPAGHETTI WITH MEATBALLS,GROCERY
2313,20754,ALPHABET MEATBALLS PASTA SUNFEAST WITH,SUNFEAST ALPHABET PASTA WITH MEATBALLS,GROCERY
2314,20764,BROTH CHICKEN KNORR LOW SODIUM,KNORR LOW SODIUM CHICKEN BROTH,GROCERY
2315,20766,BROTH KNORR VEGETABLE VEGETARIAN,KNORR VEGETARIAN VEGETABLE BROTH,GROCERY
2316,20770,CHEDDAR PASTA SHELLS WHITE WINGREENS,WINGREENS WHITE CHEDDAR PASTA SHELLS,GROCERY
2317,20771,AND BAMBINO CHEESE FREE GLUTEN MACARONI MIX,BAMBINO GLUTEN FREE MACARONI AND CHEESE MIX,GROCERY
2318,20772,AND CHEESE MAC MIX RANCH STYLE WINGREENS,WINGREENS RANCH STYLE MAC AND CHEESE MIX,GROCERY
2319,20935,CHERRY FRUIT KISSAN PRESERVED,KISSAN CHERRY FRUIT PRESERVE,GROCERY
2320,20936,FRUIT MALA PRESERVED RASPBERRY RED S,MALA'S RED RASPBERRY FRUIT PRESERVE,GROCERY
2321,20937,JAM MAPRO RASPBERRY RED SEEDLESS,MAPRO SEEDLESS RED RASPBERRY JAM,GROCERY
2322,20944,CREAMY DILL MUSTARD SAUCE VEEBA,VEEBA CREAMY DILL MUSTARD SAUCE,GROCERY
2323,20948,CHING FRY S SAUCE SECRET STIR TERIYAKI,CHING'S SECRET TERIYAKI STIR FRY SAUCE,GROCERY
2324,20950,KEYA MILD MIX SEASONING TATA,KEYA MILD TACO SEASONING MIX,GROCERY
2325,20951,KEYA LOW MIX SEASONING SODIUM TATA,KEYA LOW SODIUM TACO SEASONING MIX,GROCERY
2326,20968,BUTTERMILK DRESSING MIX ORIGINAL SALAD VEEBA,VEEBA ORIGINAL BUTTERMILK SALAD DRESSING MIX,GROCERY
2327,20969,DRESSING SALAD SOUTHERN STYLE VEEBA,VEEBA SOUTHERN STYLE SALAD DRESSING,GROCERY
2328,20973,CLASSIC CROUTONS SEASONING WINGREENS,WINGREENS CLASSIC SEASONED CROUTONS,GROCERY
2329,20989,BABY DEL DILL MONTE PICKLED SALT SEA WITH,DEL MONTE BABY DILL PICKLES WITH SEA SALT,GROCERY
2330,20990,DEL GHERKINS MONTE PICKLED SWEET,DEL MONTE SWEET GHERKIN PICKLES,GROCERY
2331,20995,JALAPENO PEPPERS SLICED VEEBA,VEEBA SLICED JALAPENO PEPPERS,GROCERY
2332,20996,DEL JALAPENO MONTE PEPPERS RINGS,DEL MONTE JALAPENO PEPPER RINGS,GROCERY
2333,20997,ONION PICKLED RED VEEBA,VEEBA PICKLED RED ONIONS,GROCERY
2334,21009,CHERRY COCA COLA DRINK FLAVOUR SOFT,COCA-COLA CHERRY FLAVOURED SOFT DRINK,GROCERY
2335,21010,DRINK PROBIOTIC PRESERVED RASPBERRY RAW SPARKLING,RAW PRESSERY PREBIOTIC RASPBERRY SPARKLING DRINK,GROCERY
2336,21011,BEER DRINK FLAVOUR ROOT SOFT SOSYO,SOSYO ROOT BEER FLAVOURED SOFT DRINK,GROCERY
2337,21013,CUCUMBERS FLAVOUR HIMALAYAN MELON SPARKLING WATER,HIMALAYAN SPARKLING WATER CUCUMBER MELON FLAVOUR,GROCERY
2338,21014,HIMALAYAN NATURAL SPARKLING WATER,HIMALAYAN NATURAL SPARKLING WATER,GROCERY
2339,21019,BINGO CHEESE CHIPS POTATO QUESO,BINGO QUESO CHEESE POTATO CHIPS,GROCERY
2340,21020,AND OIL OLIVES POPCORN SALT SEA,SEA SALT AND OLIVE OIL POPCORN,GROCERY
2341,21021,CHEESE CHEETOS PUFF,CHEETOS CHEESE PUFFS,GROCERY
2342,21022,ACT KERNELS YELLOW II#POPCORN,ACT II YELLOW POPCORN KERNELS,GROCERY
2343,21023,ACT BUTTER EXTRA MICROWAVE II#POPCORN,ACT II EXTRA BUTTER MICROWAVE POPCORN,GROCERY
2344,21024,ACT BUTTER MOVIE STYLE TREATS II#POPCORN,ACT II MOVIE THEATRE STYLE BUTTER POPCORN,GROCERY
2345,21025,HAPPILO MIX MOUNTAIN TRAIL,HAPPILO MOUNTAIN TRAIL MIX,GROCERY
2346,21026,AND COCKTAIL NUTRAJ PEANUT ROASTED SALTED,NUTRAJ ROASTED AND SALTED COCKTAIL PEANUTS,GROCERY
2347,20010,AGED BLOCK CHEESE GOURMET KODAI,KODAI AGED GOURMET CHEESE BLOCK,READY TO EAT & DELI
