,0,1,2
0,10438,RITZ ORIGINAL CRACKERS 150 GRAM PACK,CRACKERS GRAM ORIGINAL PACK RITZ
1,10434,UNIBIC CRANBERRY ALMOND COOKIES 150 GRAM PACK,ALMOND COOKIES CRANBERRY GRAM PACK UNIBIC
2,10435,BRITANNIA GOOD DAY CREAMY BUTTER COOKIES 75 GRAM PACK,BRITANNIA BUTTER COOKIES CREAMY DAY GRAM PACK
3,10436,BRITANNIA GOOD DAY CASHEW COOKIES,BRITANNIA CASHEW COOKIES DAY
4,10437,BRITANNIA LITTLE HEARTS,BRITANNIA HEARTS LITTLE
5,10438,RITZ ORIGINAL CRACKERS 150 GRAM PACK,CRACKERS GRAM ORIGINAL PACK RITZ
6,10439,PEPPERIDGE FARM GOLDFISH PIZZA CRACKERS 180 GRAM PACK,CRACKERS FARM GRAM PACK PIZZA
7,10440,QUAKER CORN CAKES BUTTER FLAVOUR 100 GRAM PACK,BUTTER CAKES CORN FLAVOUR GRAM PACK QUAKER
8,10441,NUTTER BUTTER PEANUT BUTTER SANDWICH COOKIES,BUTTER COOKIES PEANUT SANDWICH
9,10442,BRITANNIA LITTLE CRACKERS CLASSIC,BRITANNIA CLASSIC CRACKERS LITTLE
10,10143,BISLERI PACKAGED DRINKING WATER BOTTLE 500 ML,BISLERI BOTTLE DRINKING PACKAGED WATER
11,10929,HIMALAYAN NATURAL MINERAL WATER ALKALINE DRINKING WATER,ALKALINE DRINKING HIMALAYAN MINERAL NATURAL WATER
12,10930,SLEEPY OWL DOUBLE SHOT ESPRESSO READY TO DRINK COFFEE,COFFEE DOUBLE DRINK ESPRESSO OWL READY SHOT SLEEPY
13,10931,RED BULL SUGAR FREE ENERGY DRINK LOW CALORIE BEVERAGE,BEVERAGE BULL CALORIE DRINK ENERGY FREE LOW RED SUGAR
14,10932,PAPER BOAT STRAWBERRY LEMONADE FLAVOURED REFRESHING DRINK,BOAT DRINK FLAVOUR LEMONADE PAPER REFRESHING STRAWBERRY
15,10933,RED BULL ENERGY DRINK COSMIC FLAVOUR FUNCTIONAL BEVERAGE,BEVERAGE BULL COSMIC DRINK ENERGY FLAVOUR RED
16,10934,GATORADE LEMON FLAVOURED SPORTS DRINK ELECTROLYTE BEVERAGE,BEVERAGE DRINK ELECTROLYTE FLAVOUR GATORADE LEMON SPORTS
17,10935,TATA TEA GOLD SWEET ICED TEA ZERO SUGAR READY TO DRINK,DRINK GOLD ICED READY SUGAR SWEET TATA TEA
18,10936,PAPER BOAT GREEN TEA BLUEBERRY FLAVOURED DIET BEVERAGE,BEVERAGE BLUEBERRY BOAT DIET FLAVOUR GREEN PAPER TEA
19,10937,LIPTON PEACH FLAVOURED ICED TEA SWEETENED READY TO DRINK,DRINK FLAVOUR ICED LIPTON PEACH READY SWEETENED TEA
20,10760,DABUR ORGANIC HONEY NATURAL PURE SWEETENER,DABUR HONEY NATURAL ORGANIC PURE SWEETENED
21,10761,KISSAN STRAWBERRY JAM SWEET FRUIT SPREAD,FRUIT JAM KISSAN SPREAD STRAWBERRY SWEET
22,10762,24 MANTRA ORGANIC STRAWBERRY FRUIT SPREAD,FRUIT MANTRA ORGANIC SPREAD STRAWBERRY
23,10053,VEEBA CHIPOTLE SAUCE SMOKY SPICY CHILLI SAUCE,CHILLI CHIPOTLE SAUCE SMOKY SPICY VEEBA
24,10054,VEEBA LIQUID SMOKE HICKORY FLAVOUR COOKING MARINADE,COOKIES FLAVOUR HICKORY LIQUID MARINADE SMOKY VEEBA
25,10559,KEYA TACO SEASONING MIX GLUTEN FREE SPICE BLEND,BLEND FREE GLUTEN KEYA MIX SEASONING SPICY TATA
26,10560,VEEBA HABANERO CHILLI SAUCE EXTRA SPICY HOT SAUCE,CHILLI EXTRA HABANERO HOT SAUCE SPICY VEEBA
27,10561,VEEBA STONE GROUND MUSTARD WITH HORSERADISH FLAVOUR,FLAVOUR GROUND MUSTARD STONE VEEBA
28,10562,VEEBA THICK AND HEARTY STEAK SAUCE RICH FLAVOUR,FLAVOUR HEARTS RICH SAUCE STEAK THICK VEEBA
29,10102,KEYA RANCH DIP MIX,DIP KEYA MIX RANCH
30,10763,VEEBA MAYONNAISE LIME,LIME MAYONNAISE VEEBA
31,10764,VEEBA RANCH DRESSING,DRESSING RANCH VEEBA
32,10765,KEYA RANCH DRESSING MIX,DRESSING KEYA MIX RANCH
33,10766,KEYA RANCH DRESSING MIX,DRESSING KEYA MIX RANCH
34,10767,BORGES CROUTONS CAESAR,BORGES CAESAR CROUTONS
35,10768,BORGES CROUTONS CHEESE,BORGES CHEESE CROUTONS
36,10147,VEEBA SLICED JALAPENO PEPPERS SPICY PICKLED VEGETABLE,JALAPENO PEPPERS PICKLED SLICED SPICY VEEBA VEGETABLE
37,10989,VEEBA DICED PIMENTO PEPPERS MILD PICKLED VEGETABLE,DICED MILD PEPPERS PICKLED VEEBA VEGETABLE
38,10990,VEEBA PICKLED OKRA SPICY TANGY PRESERVED VEGETABLE,OKRA PICKLED PRESERVED SPICY TANGY VEEBA VEGETABLE
39,10991,DEL MONTE BABY DILL PICKLES CRUNCHY TANGY PRESERVED CUCUMBERS,BABY CRUNCHY CUCUMBERS DEL DILL MONTE PICKLED PRESERVED TANGY
40,10992,DEL MONTE BABY DILL PICKLES DELI STYLE CRUNCHY CUCUMBERS,BABY CRUNCHY CUCUMBERS DEL DILL MONTE PICKLED STYLE
41,10004,PAPER BOAT SPARKLING WATER BERRY FLAVOUR REFRESHING DRINK,BERRY BOAT DRINK FLAVOUR PAPER REFRESHING SPARKLING WATER
42,10254,DIET COKE SOFT DRINK FRIDGE PACK 12 CANS,CANS COKE DIET DRINK PACK SOFT
43,10255,7UP LEMON FLAVOURED SOFT DRINK BOTTLE PACK,BOTTLE DRINK FLAVOUR LEMON PACK SOFT
44,10256,PAPER BOAT ZERO SUGAR SPARKLING COLA DRINK VANILLA FLAVOUR,BOAT COLA DRINK FLAVOUR PAPER SPARKLING SUGAR VANILLA
45,10257,PEPSI VANILLA FLAVOURED CARBONATED SOFT DRINK CAN,CANS CARBONATED DRINK FLAVOUR PEPSI SOFT VANILLA
46,11117,LAY'S POTATO CHIPS SEA SALT,CHIPS LAY POTATO SALT SEA
47,11118,TOO YUMM CHEESE PUFF CORN,CHEESE CORN PUFF YUMM
48,11119,ACT II POPCORN KETTLE CORN,ACT CORN POPCORN
49,11120,TOO YUMM CORN CHIPS SOUR CREAM ONION,CHIPS CORN CREAMY ONION SOUR YUMM
50,11121,TOO YUMM CORN CHIPS JALAPENO,CHIPS CORN JALAPENO YUMM
51,11122,KURKURE SNACK MIX MASALA,MASALA MIX SNACK
52,11123,LAY'S WAVY CHIPS SPICY FLAVOUR,CHIPS FLAVOUR LAY SPICY WAVY
53,11124,DORITOS TORTILLA CHIPS LIME,CHIPS DORITOS LIME TORTILLA
54,11125,DORITOS TORTILLA CHIPS SCOOPS,CHIPS DORITOS TORTILLA
55,11126,TOO YUMM TORTILLA CHIPS STRIPS,CHIPS STRIPS TORTILLA YUMM
56,11127,HAPPILO ALMONDS MEXICAN SPICE,ALMOND HAPPILO MEXICAN SPICY
57,11128,HAPPILO CASHEWS SALTED,CASHEW HAPPILO SALTED
58,11129,HALDIRAM'S PEANUTS ROASTED SALTED,HALDIRAM PEANUT ROASTED SALTED
59,11130,HAPPILO ALMONDS SMOKED,ALMOND HAPPILO SMOKE
60,11131,ACT II POPCORN SEA SALT,ACT POPCORN SALT SEA
61,11132,ACT II POPCORN KERNELS WHITE,ACT KERNELS POPCORN WHITE
62,11112,KEYA PEARL COUSCOUS,KEYA PEARL
63,11113,KEYA CAJUN SEASONING,KEYA SEASONING
64,11114,24 MANTRA ORGANIC ORGANIC BROWN RICE,BROWN MANTRA ORGANIC RICH
65,10258,RITEBITE MAX PROTEIN NUT BAR SWEET AND SALTY CASHEW SNACK,BAR CASHEW MAX NUT PROTEIN RITEBITE SALT SNACK SWEET
66,10259,YOGA BAR BLUEBERRY FIG BAR NATURAL FRUIT AND FIBRE SNACK,BAR BLUEBERRY FIBRE FRUIT NATURAL SNACK YOGA
67,10260,KELLOGGS NUTRI GRAIN BREAKFAST BAR STRAWBERRY FLAVOUR,BAR BREAKFAST FLAVOUR GRAIN KELLOGGS STRAWBERRY
68,10261,PAPER BOAT FRUIT ROLLS MIXED FRUIT FLAVOUR SNACK PACK,BOAT FLAVOUR FRUIT MIXED PACK PAPER ROLLS SNACK
69,10262,YOGA BAR STRAWBERRY FRUIT ROLLS NATURAL SNACK PACK,BAR FRUIT NATURAL PACK ROLLS SNACK STRAWBERRY YOGA
70,10263,QUAKER INSTANT OATS REGULAR PLAIN HIGH FIBRE BREAKFAST,BREAKFAST FIBRE HIGH INSTANT OATS PLAIN QUAKER REGULAR
71,10264,KELLOGGS SPECIAL K MULTIGRAIN OATS AND HONEY BREAKFAST CEREAL,BREAKFAST CEREAL HONEY KELLOGGS MULTIGRAIN OATS SPECIAL
72,10265,KELLOGGS MUESLI FRUIT NUT AND SEEDS BREAKFAST CEREAL,BREAKFAST CEREAL FRUIT KELLOGGS NUT SEEDS
73,10266,KELLOGGS FROOT LOOPS BREAKFAST CEREAL CUP,BREAKFAST CEREAL CUP KELLOGGS
74,10542,WEIKFIELD VANILLA CUSTARD POWDER DESSERT MIX,CUSTARD DESSERT MIX POWDER VANILLA WEIKFIELD
75,10543,HERSHEYS BUTTERSCOTCH SYRUP FOR ICE CREAM AND DESSERTS,BUTTERSCOTCH CREAMY DESSERT ICED SYRUP
76,10002,BLUE BIRD INSTANT DRY YEAST BAKING INGREDIENT,BAKING BIRD BLUE DRY INGREDIENT INSTANT YEAST
77,10003,PILLSBURY APPLE CINNAMON MUFFIN MIX READY TO BAKE,APPLE BAKE CINNAMON MIX MUFFIN PILLSBURY READY
78,10248,CADBURY HOT COCOA MIX WITH MARSHMALLOW FLAVOUR,CADBURY COCOA FLAVOUR HOT MARSHMALLOW MIX
79,10249,PILLSBURY CORNBREAD MUFFIN MIX READY TO BAKE,BAKE CORNBREAD MIX MUFFIN PILLSBURY READY
80,10250,PILLSBURY CHOCOLATE CHIP MUFFIN MIX READY TO BAKE,BAKE CHIPS CHOCOLATE MIX MUFFIN PILLSBURY READY
81,11231,EVEREST TOASTED SESAME SEEDS PREMIUM SPICE BLEND,BLEND EVEREST PREMIUM SEEDS SESAME SPICY TOASTED
82,11147,24 MANTRA ORGANIC REFINED COCONUT COOKING OIL,COCONUT COOKIES MANTRA OIL ORGANIC REFINED
83,11148,24 MANTRA ORGANIC TOASTED SESAME COOKING OIL,COOKIES MANTRA OIL ORGANIC SESAME TOASTED
84,10574,AASHIRVAAD ORGANIC WHEAT FLOUR PREMIUM BAKING FLOUR,AASHIRVAAD BAKING FLOUR ORGANIC PREMIUM WHEAT
85,10575,DHAMPURE RAW SUGAR NATURAL UNREFINED SWEETENER,DHAMPURE NATURAL RAW SUGAR SWEETENED
86,10012,ORGANIC INDIA HERBAL TEA CALM RELAXATION BLEND,BLEND HERBAL INDIA ORGANIC TEA
87,10312,BRU FRENCH ROAST GROUND COFFEE STRONG AROMA BLEND,AROMA BLEND BRU COFFEE FRENCH GROUND ROASTED STRONG
88,10313,TATA COFFEE HOUSE BLEND GROUND COFFEE RICH FLAVOUR,BLEND COFFEE FLAVOUR GROUND HOUSE RICH TATA
89,10314,CONTINENTAL COFFEE BUTTERSCOTCH TOFFEE FLAVOURED GROUND COFFEE,BUTTERSCOTCH COFFEE CONTINENTAL FLAVOUR GROUND TOFFEE
90,10315,SLEEPY OWL ESPRESSO COFFEE PODS BLONDE ROAST,COFFEE ESPRESSO OWL PODS ROASTED SLEEPY
91,10316,SLEEPY OWL CAPPUCCINO COFFEE PODS FRENCH VANILLA FLAVOUR,CAPPUCCINO COFFEE FLAVOUR FRENCH OWL PODS SLEEPY VANILLA
92,10317,SLEEPY OWL COFFEE PODS CLASSIC DONUT SHOP BLEND,BLEND CLASSIC COFFEE DONUT OWL PODS SHOT SLEEPY
93,10318,SLEEPY OWL DARK ROAST COFFEE PODS STRONG AROMA BLEND,AROMA BLEND COFFEE DARK OWL PODS ROASTED SLEEPY STRONG
94,10319,TATA COFFEE COLOMBIA GROUND COFFEE RICH AROMA,AROMA COFFEE GROUND RICH TATA
95,10320,BLUE TOKAI ORGANIC COFFEE GROUND GUATEMALAN BLEND,BLEND BLUE COFFEE GROUND ORGANIC TOKAI
96,10321,BRU MOCHA FLAVOURED GROUND COFFEE RICH CHOCOLATE TASTE,BRU CHOCOLATE COFFEE FLAVOUR GROUND MOCHA RICH TASTE
97,10322,CADBURY CHOCOLATE DRINK POWDER COCOA BASED BEVERAGE MIX,BASED BEVERAGE CADBURY CHOCOLATE COCOA DRINK MIX POWDER
98,10323,CADBURY CHOCOLATE DRINK POWDER CANISTER COCOA BEVERAGE MIX,BEVERAGE CADBURY CANISTER CHOCOLATE COCOA DRINK MIX POWDER
99,10324,CADBURY MINT CHOCOLATE DRINK POWDER RICH COCOA BEVERAGE MIX,BEVERAGE CADBURY CHOCOLATE COCOA DRINK MINT MIX POWDER RICH
100,10181,AMUL UHT MILK,AMUL MILD UHT
101,11142,REAL CRANBERRY RASPBERRY JUICE,CRANBERRY JUICE RASPBERRY REAL
102,11143,REAL ACTIV VEGETABLE JUICE LOW SODIUM,ACTIV JUICE LOW REAL SODIUM VEGETABLE
103,11144,PAPER BOAT SPARKLING APPLE PEAR,APPLE BOAT PAPER PEARL SPARKLING
104,11145,NESTLE CHOCOLATE MILK LOW FAT,CHOCOLATE FAT LOW MILD NESTLE
105,11146,REAL ACTIV CRANBERRY JUICE,ACTIV CRANBERRY JUICE REAL
106,10976,BORGES PENNE RIGATE PASTA DURUM WHEAT PASTA FOR COOKING,BORGES COOKIES PASTA PENNE WHEAT
107,10977,KISSAN TOMATO PASTA SAUCE,KISSAN PASTA SAUCE TOMATO
108,10978,DEL MONTE CREAMY PASTA SAUCE,CREAMY DEL MONTE PASTA SAUCE
109,10979,BORGES PESTO PASTA SAUCE WITH BASIL,BASIL BORGES PASTA PESTO SAUCE
110,10183,NAVNEET WRITING NOTEBOOK PRIMARY,
111,10184,CASIO CALCULATOR BASIC,BASIL
112,10185,KANGARO PAPER CLIPS JUMBO,JUMBO PAPER
113,10252,JOHN WEST TUNA CHUNKS WATER,CHUNKS JOHN TUNA WATER WEST
114,10253,JOHN WEST TUNA LIGHT WATER,JOHN LIGHT TUNA WATER WEST
115,10001,STANLEY LEATHER GLOVES LARGE,LARGE
116,10145,ORIGAMI FOAM CUPS 8.5 OUNCE DISPOSABLE DRINKING CUPS,CUP DISPOSABLE DRINKING ORIGAMI
117,10973,ORIGAMI ULTRA SOFT FACIAL TISSUE BOX 60 PULLS,BOX FACIAL ORIGAMI PULLS SOFT TISSUE ULTRA
118,10974,ORIGAMI CLEAR PLASTIC CUPS 18 OUNCE RECYCLABLE PARTY CUPS,CLEAR CUP ORIGAMI PARTY PLASTIC
119,10975,ORIGAMI DISPOSABLE PLATES 10 INCH PARTY USE PLATES,DISPOSABLE ORIGAMI PARTY PLATES USE
120,10759,GOODKNIGHT ANT BAIT TRAP EFFECTIVE PEST CONTROL SOLUTION,PESTO SOLUTION TRAP
121,10182,KNORR CREAM OF MUSHROOM SOUP MIX CREAMY COOKING BASE,BASED COOKIES CREAMY KNORR MIX MUSHROOM SOUR
122,11228,KNORR CHICKEN BROTH REDUCED SALT ASEPTIC PACK COOKING STOCK,BROTH CHICKEN COOKIES KNORR PACK REDUCED SALT STOCK
123,11229,KNORR CREAMY CHICKEN SOUP READY TO SERVE RICH AND HEARTY,CHICKEN CREAMY HEARTS KNORR READY RICH SERVE SOUR
124,11230,KNORR CHICKEN NOODLE SOUP MIX INSTANT READY TO COOK,CHICKEN COKE INSTANT KNORR MIX NOODLE READY SOUR
125,10187,SOFT DRINK BOTTLE DEPOSIT CHARGE FOR 6 PACK,BOTTLE CHARGE DEPOSIT DRINK PACK SOFT
126,10188,SOFT DRINK BOTTLE DEPOSIT CHARGE SINGLE UNIT,BOTTLE CHARGE DEPOSIT DRINK SINGLE SOFT UNIT
127,10189,SOFT DRINK BOTTLE DEPOSIT CHARGE SINGLE UNIT NON FOOD SERVICE,BOTTLE CHARGE DEPOSIT DRINK FOOD NON SINGLE SOFT UNIT
128,10190,SOFT DRINK BOTTLE DEPOSIT CHARGE FOR 12 PACK,BOTTLE CHARGE DEPOSIT DRINK PACK SOFT
129,10193,GROCERY DISCOUNT COUPON DIGITAL REDEMPTION CODE,CODE COUPON DIGITAL DISCOUNT GROCERY
130,10194,GROCERY DISCOUNT COUPON CODE 92916,CODE COUPON DISCOUNT GROCERY
131,10195,GROCERY DISCOUNT COUPON CODE 92541,CODE COUPON DISCOUNT GROCERY
132,10196,GROCERY DISCOUNT COUPON CODE 77006,CODE COUPON DISCOUNT GROCERY
133,10197,GROCERY DISCOUNT COUPON DIGITAL OFFER,COUPON DIGITAL DISCOUNT GROCERY OFFER
134,10198,GROCERY DISCOUNT COUPON CODE 92931,CODE COUPON DISCOUNT GROCERY
135,10199,GROCERY DISCOUNT COUPON CODE 78056,CODE COUPON DISCOUNT GROCERY
136,10200,GROCERY DISCOUNT COUPON CODE 78308,CODE COUPON DISCOUNT GROCERY
137,10201,GROCERY DISCOUNT COUPON CODE 92339,CODE COUPON DISCOUNT GROCERY
138,10202,GROCERY DISCOUNT COUPON DIGITAL OFFER,COUPON DIGITAL DISCOUNT GROCERY OFFER
139,10146,PUREPET TUNA AND SWEET POTATO WET CAT FOOD,CAT FOOD POTATO PUREPET SWEET TUNA WET
140,10980,SAVIC MULTI CAT CLUMPING LITTER STRONG FRESH FRAGRANCE,CAT CLUMPING FRAGRANCE FRESH LITTER MULTI STRONG
141,10981,DROOLS CRUNCHY SEAFOOD FLAVOUR CAT TREATS,CAT CRUNCHY DROOLS FLAVOUR SEAFOOD TREATS
142,10982,PUREPET CREAMY BROTH CHICKEN WET CAT FOOD SINGLE SERVE,BROTH CAT CHICKEN CREAMY FOOD PUREPET SERVE SINGLE WET
143,10983,PEDIGREE ADULT DRY DOG FOOD WITH SALMON FLAVOUR,ADULT DOG DRY FLAVOUR FOOD PEDIGREE SALMON
144,10984,DROOLS PROACTIVE HEALTH DRY DOG FOOD MINI CHUNKS,CHUNKS DOG DROOLS DRY FOOD HEALTH MINT
145,10985,HIMALAYA DOG STAIN AND ODOUR REMOVER CLEANING SPRAY,CLEANING DOG HIMALAYAN ODOUR REMOVER SPRAY STAIN
146,10986,DROOLS KITTEN WET CAT FOOD CHICKEN AND SALMON VARIETY PACK,CAT CHICKEN DROOLS FOOD PACK SALMON VARIETY WET
147,10987,DROOLS CHICKEN IN GRAVY WET CAT FOOD PREMIUM QUALITY,CAT CHICKEN DROOLS FOOD GRAVY PREMIUM QUALITY WET
148,10988,PUREPET CHICKEN RECIPE WET DOG FOOD PREMIUM,CHICKEN DOG FOOD PREMIUM PUREPET RECIPE WET
149,10544,VIM LEMON DISHWASHER GEL DETERGENT FOR AUTOMATIC MACHINES,AUTOMATIC DETERGENT DISHWASHER GEL LEMON MACHINES VIM
150,10545,FINISH 3 IN 1 DISHWASHER RINSE AID LIQUID,DISHWASHER FINISH LIQUID
151,10546,FINISH ALL IN ONE DISHWASHER TABLETS FRESH FRAGRANCE,DISHWASHER FINISH FRAGRANCE FRESH TABLETS
152,10547,FINISH DISHWASHER DETERGENT TABLETS FRESH SCENT,DETERGENT DISHWASHER FINISH FRESH SCENT TABLETS
153,10548,COMFORT FABRIC SOFTENER DRYER SHEETS FRAGRANCE FREE,COMFORT FABRIC FRAGRANCE FREE SHEETS SOFTENER
154,10549,SURF EXCEL LIQUID DETERGENT ORIGINAL FOR MACHINE WASH,DETERGENT EXCEL LIQUID MACHINES ORIGINAL SURF WASH
155,10550,SURF EXCEL LIQUID DETERGENT HEAVY DUTY FREE AND CLEAR,CLEAR DETERGENT DUTY EXCEL FREE HEAVY LIQUID SURF
156,10755,PIGEON SLIDER FREEZER STORAGE BAGS QUART SIZE,BAGS PIGEON QUART SIZE SLIDER STORAGE
157,10756,PIGEON SLIDER STORAGE BAGS GALLON SIZE AIRTIGHT,BAGS GALLON PIGEON SIZE SLIDER STORAGE
158,10757,PRESTIGE ALUMINIUM ROASTER PAN LARGE SIZE,ALUMINIUM LARGE PAN PRESTIGE ROASTED SIZE
159,10758,PRESTIGE NON STICK LOAF BAKING PAN LARGE,BAKING LARGE LOAF NON PAN PRESTIGE STICK
160,10097,GODREJ AER AUTOMATIC AIR FRESHENER REFILL TROPICAL,AER AIR AUTOMATIC FRESHENER GODREJ REFILL TROPICAL
161,10098,DETTOL DISINFECTANT SPRAY FRESH,FRESH SPRAY
162,10099,MILTON SPRAY BOTTLE,BOTTLE SPRAY
163,10742,GODREJ AER PLUG-IN AIR FRESHENER LAVENDER,AER AIR FRESHENER GODREJ LAVENDER
164,10743,ODONIL AIR FRESHENER BLOCK APPLE CINNAMON,AIR APPLE BLOCK CINNAMON FRESHENER
165,10744,LIZOL FLOOR CLEANER LAVENDER,CLEANER LAVENDER
166,10745,GALA GARBAGE BAGS HEAVY DUTY,BAGS DUTY GALA GARBAGE HEAVY
167,10746,SCOTCH-BRITE HEAVY DUTY SCRUB SPONGE,BRITE DUTY HEAVY SCOTCH SCRUB SPONGE
168,10747,SCOTCH-BRITE SCRUB SPONGE,BRITE SCOTCH SCRUB SPONGE
169,10144,RITEBITE DARK CHOCOLATE ALMOND PROTEIN BAR,ALMOND BAR CHOCOLATE DARK PROTEIN RITEBITE
170,10938,OPTIMUM NUTRITION GOLD STANDARD WHEY PROTEIN DOUBLE CHOCOLATE,CHOCOLATE DOUBLE GOLD NUTRITION PROTEIN
171,10939,ENSURE PROTEIN SHAKE CHOCOLATE,CHOCOLATE PROTEIN
172,10940,RITEBITE CHOCOLATE PROTEIN BAR,BAR CHOCOLATE PROTEIN RITEBITE
173,10941,REAL STRAWBERRY WATERMELON JUICE,JUICE REAL STRAWBERRY WATERMELON
174,10942,YOGA BAR PEANUT BUTTER GRANOLA BAR,BAR BUTTER GRANOLA PEANUT YOGA
175,10055,URBAN PLATTER POLENTA,PLATES POLENTA URBAN
176,10563,DABUR HOMMADE COCONUT MILK,COCONUT DABUR MILD
177,10564,CHINGÆS CHOW MEIN NOODLES,CHING CHOW NOODLE
178,10565,DEL MONTE WATER CHESTNUTS,DEL MONTE WATER
179,10148,CHEETOS MAC & CHEESE FLAMIN HOT,CHEESE CHEETOS HOT MAC
180,10993,KRAFT CHEESY PASTA SHELLS,CHEESE KRAFT PASTA SHELLS
181,10100,KEYA MEXICAN SEASONING,KEYA MEXICAN SEASONING
182,10101,MOKSH JESUS PRAYER CANDLE,CANDLE PRAYER
183,10748,DEL MONTE REFRIED BEANS,BEANS DEL MONTE REFRIED
184,10749,WINGREENS MEXICAN BEAN DIP,BEANS DIP MEXICAN WINGREENS
185,10750,VEEBA FIERY HOT SAUCE,HOT SAUCE VEEBA
186,10751,VEEBA MEXICAN HOT SAUCE,HOT MEXICAN SAUCE VEEBA
187,10752,WINGREENS FARMS CHIPOTLE SOUTHWEST SAUCE,CHIPOTLE FARM SAUCE SOUTHWEST WINGREENS
188,10753,KEYA MEXICAN TACO & ENCHILADA SAUCE,ENCHILADA KEYA MEXICAN SAUCE TATA
189,10754,CATCH WHOLE RED CHILLI,CATCH CHILLI RED WHOLE
190,10994,VEEBA RAJMA CHILLI BEAN MIX,BEANS CHILLI MIX RAJMA VEEBA
191,10995,DEL MONTE BAKED BEANS IN TOMATO SAUCE,BAKE BEANS DEL MONTE SAUCE TOMATO
192,10996,PRASUMA READY TO EAT CHICKEN RAVIOLI,CHICKEN EAT PRASUMA RAVIOLI READY
193,10997,ORGANIC TATTVA ORGANIC KABULI CHANA,ORGANIC TATTVA
194,10998,24 MANTRA ORGANIC ORGANIC RAJMA,MANTRA ORGANIC RAJMA
195,10251,SLURRP FARM APPLE PUREE POUCH,APPLE FARM POUCH PURE SLURRP
196,10105,GODREJ YUMMIEZ CHICKEN POTSTICKERS FROZEN READY TO COOK SNACK,CHICKEN COKE FROZEN GODREJ READY SNACK YUMMIEZ
197,10106,GODREJ YUMMIEZ ITALIAN STYLE CHICKEN MEATBALLS FROZEN READY TO COOK,CHICKEN COKE FROZEN GODREJ ITALIAN MEATBALLS READY STYLE YUMMIEZ
198,10107,GODREJ YUMMIEZ CHICKEN BURGER PATTY FROZEN JUICY READY TO COOK,BURGER CHICKEN COKE FROZEN GODREJ JUICE PATTY READY YUMMIEZ
199,10108,VENKYÆS CHEESY JALAPENO CHICKEN NUGGETS CRISPY FROZEN SNACK,CHEESE CHICKEN CRISPY FROZEN JALAPENO NUGGETS SNACK VENKY
200,10806,ITC MASTER CHEF CHICKEN STEAK FINGERS WITH GRAVY FROZEN MEAL,CHEF CHICKEN FROZEN GRAVY ITC MASTER MEAL STEAK
201,10807,GODREJ YUMMIEZ MINI CHICKEN CORN DOGS FROZEN SNACK PACK,CHICKEN CORN DOG FROZEN GODREJ MINT PACK SNACK YUMMIEZ
202,10808,ITC MASTER CHEF PRETZEL STYLE CHICKEN CORN DOG FROZEN SNACK,CHEF CHICKEN CORN DOG FROZEN ITC MASTER PRETZEL SNACK STYLE
203,10809,GODREJ YUMMIEZ ITALIAN STYLE CHICKEN MEATBALLS BITE SIZE FROZEN,BITE CHICKEN FROZEN GODREJ ITALIAN MEATBALLS SIZE STYLE YUMMIEZ
204,10810,ITC MASTER CHEF CHICKEN MEATBALLS ITALIAN STYLE FROZEN READY TO COOK,CHEF CHICKEN COKE FROZEN ITALIAN ITC MASTER MEATBALLS READY STYLE
205,10811,VENKYÆS CHICKEN MEATBALLS ITALIAN STYLE FROZEN SNACK,CHICKEN FROZEN ITALIAN MEATBALLS SNACK STYLE VENKY
206,10812,VENKYÆS HOMESTYLE CHICKEN MEATBALLS FROZEN READY TO COOK,CHICKEN COKE FROZEN HOMESTYLE MEATBALLS READY VENKY
207,10813,GODREJ YUMMIEZ CHICKEN BITES BUFFALO STYLE BONELESS FROZEN SNACK,BITE BONELESS BUFFALO CHICKEN FROZEN GODREJ SNACK STYLE YUMMIEZ
208,10814,ITC MASTER CHEF CRISPY CHICKEN STRIPS FROZEN READY TO FRY,CHEF CHICKEN CRISPY FROZEN FRY ITC MASTER READY STRIPS
209,10815,GODREJ YUMMIEZ FULLY COOKED CHICKEN PATTIES FROZEN READY TO HEAT,CHICKEN COOKED FROZEN FULLY GODREJ HEAT PATTIES READY YUMMIEZ
210,10816,GODREJ YUMMIEZ BUFFALO STYLE CHICKEN WINGS FROZEN SPICY SNACK,BUFFALO CHICKEN FROZEN GODREJ SNACK SPICY STYLE WINGS YUMMIEZ
211,10817,ITC MASTER CHEF AIR FRYER READY CRISPY CHICKEN WINGS FROZEN,AIR CHEF CHICKEN CRISPY FROZEN ITC MASTER READY WINGS
212,10818,GODREJ YUMMIEZ CHICKEN ORANGE SAUCE FROZEN READY TO COOK MEAL,CHICKEN COKE FROZEN GODREJ MEAL ORANGE READY SAUCE YUMMIEZ
213,10819,VENKYÆS CHICKEN POT PIE LOADED NUGGETS FROZEN SNACK,CHICKEN FROZEN LOADED NUGGETS PIE SNACK VENKY
214,10820,GODREJ YUMMIEZ CHICKEN CORDON BLEU STUFFED CUTLETS FROZEN READY TO COOK,CHICKEN COKE CORDON CUTLETS FROZEN GODREJ READY STUFFED YUMMIEZ
215,10821,VENKYÆS CRISPY CHICKEN BREAST BITES FROZEN FULLY COOKED SNACK,BITE BREAST CHICKEN COOKED CRISPY FROZEN FULLY SNACK VENKY
216,10125,GODREJ YUMMIEZ CHICKEN CHEDDAR STYLE CHICKEN SLIDERS MINI BURGER PATTIES,BURGER CHEDDAR CHICKEN GODREJ MINT PATTIES SLIDER STYLE YUMMIEZ
217,10126,ITC MASTER CHEF GOURMET BURGER PATTY WITH CHEESE AND SPICES READY TO COOK,BURGER CHEESE CHEF COKE GOURMET ITC MASTER PATTY READY SPICE
218,10127,LICIOUS TANDOORI MARINATED CHICKEN WINGS READY TO COOK SPICY CUTS,CHICKEN COKE CUTS LICIOUS MARINADE READY SPICY TANDOORI WINGS
219,10128,LICIOUS FRESH LAMB LEG SHORT CUT TENDER PREMIUM MEAT,CUTS FRESH LAMB LEG LICIOUS MEAL PREMIUM TENDER
220,10129,ITC MASTER CHEF BAKED APPLE EMPANADA SWEET DESSERT SNACK,APPLE BAKE CHEF DESSERT ITC MASTER SNACK SWEET
221,10130,GODREJ YUMMIEZ CHICKEN BABY BACK RIBS FRESH RAW MARINATED CUTS,BABY BACK CHICKEN CUTS FRESH GODREJ MARINADE RAW RIBS YUMMIEZ
222,10131,LICIOUS CHICKEN KABOBS WITH VEGETABLES READY TO COOK SKEWERS,CHICKEN COKE LICIOUS READY SKEWERS VEGETABLE
223,10132,VENKYÆS COUNTRY STYLE CHICKEN SAUSAGE FRESH SPICED LINKS,CHICKEN COUNTRY FRESH LINKS SAUSAGE SPICE STYLE VENKY
224,10133,GODREJ YUMMIEZ ITALIAN STYLE CHICKEN SAUSAGE LINKS MILD SPICED FROZEN,CHICKEN FROZEN GODREJ ITALIAN LINKS MILD SAUSAGE SPICE STYLE YUMMIEZ
225,10134,GODREJ YUMMIEZ SMOKED PAPRIKA CHICKEN SAUSAGE LINKS SPICY FLAVOURED,CHICKEN FLAVOUR GODREJ LINKS PAPRIKA SAUSAGE SMOKE SPICY YUMMIEZ
226,10899,LICIOUS FRESH GOAT ROAST PREMIUM CUT,CUTS FRESH GOAT LICIOUS PREMIUM ROASTED
227,10900,ITC MASTER CHEF MUSHROOM AND CHEESE BURGER PATTY READY TO COOK,BURGER CHEESE CHEF COKE ITC MASTER MUSHROOM PATTY READY
228,10901,LICIOUS CHICKEN BELLY BONELESS PREMIUM CUT,BELLY BONELESS CHICKEN CUTS LICIOUS PREMIUM
229,10902,LICIOUS BONELESS SKINLESS CHICKEN BREAST FRESH HAND TRIMMED,BONELESS BREAST CHICKEN FRESH HAND LICIOUS SKINLESS
230,10903,LICIOUS THIN SLICED BONELESS CHICKEN BREAST FRESH READY TO COOK,BONELESS BREAST CHICKEN COKE FRESH LICIOUS READY SLICED THIN
231,10904,GODREJ YUMMIEZ GROUND CHICKEN BREAKFAST SAUSAGE FRESH SPICED MIX,BREAKFAST CHICKEN FRESH GODREJ GROUND MIX SAUSAGE SPICE YUMMIEZ
232,10135,LICIOUS SMOKED CHICKEN NECK BONES FRESH TRADITIONAL COOKING CUTS,BONES CHICKEN COOKIES CUTS FRESH LICIOUS NECK SMOKE TRADITIONAL
233,10906,GODREJ YUMMIEZ CHICKEN SLICED SMOKED HAM STYLE READY TO EAT,CHICKEN EAT GODREJ HAM READY SLICED SMOKE STYLE YUMMIEZ
234,10907,GODREJ YUMMIEZ CHICKEN QUARTER HAM STYLE BROWN SUGAR GLAZED READY TO EAT,BROWN CHICKEN EAT GLAZED GODREJ HAM QUART READY STYLE SUGAR YUMMIEZ
235,10908,LICIOUS CHICKEN HAM STYLE HALF CUT PREMIUM SMOKED,CHICKEN CUTS HALF HAM LICIOUS PREMIUM SMOKE STYLE
236,10909,GODREJ YUMMIEZ CHICKEN HONEY GLAZED HAM STYLE READY TO SERVE,CHICKEN GLAZED GODREJ HAM HONEY READY SERVE STYLE YUMMIEZ
237,10910,GODREJ YUMMIEZ CHICKEN MINI HAM STYLE HALF CUT SMOKED READY TO EAT,CHICKEN CUTS EAT GODREJ HALF HAM MINT READY SMOKE STYLE YUMMIEZ
238,10911,LICIOUS CHICKEN WHOLE HAM STYLE PREMIUM SMOKED CUT,CHICKEN CUTS HAM LICIOUS PREMIUM SMOKE STYLE WHOLE
239,10912,GODREJ YUMMIEZ CHICKEN SPIRAL SLICED HAM STYLE QUARTER READY TO SERVE,CHICKEN GODREJ HAM QUART READY SERVE SLICED STYLE YUMMIEZ
240,10913,GODREJ YUMMIEZ CHICKEN HICKORY SMOKED DICED HAM STYLE COOKING INGREDIENT,CHICKEN COOKIES DICED GODREJ HAM HICKORY INGREDIENT SMOKE STYLE YUMMIEZ
241,10914,GODREJ YUMMIEZ CHICKEN DICED HAM STYLE READY TO COOK INGREDIENT,CHICKEN COKE DICED GODREJ HAM INGREDIENT READY STYLE YUMMIEZ
242,10915,LICIOUS CHICKEN BREAKFAST HAM STYLE THIN CUT READY TO COOK,BREAKFAST CHICKEN COKE CUTS HAM LICIOUS READY STYLE THIN
243,10916,VENKYÆS CHICKEN SNACK STICKS SMOKED READY TO EAT,CHICKEN EAT READY SMOKE SNACK STICK VENKY
244,10917,GODREJ YUMMIEZ CHICKEN HONEY HAM STYLE STEAK PREMIUM SMOKED CUT,CHICKEN CUTS GODREJ HAM HONEY PREMIUM SMOKE STEAK STYLE YUMMIEZ
245,10124,LICIOUS CHICKEN STOMACH (GIZZARD) TRADITIONAL COOKING CUT,CHICKEN COOKIES CUTS GIZZARD LICIOUS TRADITIONAL
246,10778,LICIOUS GOAT MARROW BONES RICH SOUP BASE,BASED BONES GOAT LICIOUS MARROW RICH SOUR
247,10779,LICIOUS GOAT LIVER FRESH ORGAN MEAT,FRESH GOAT LICIOUS LIVER MEAL ORGANIC
248,10780,LICIOUS GOAT SOUP BONES RICH STOCK INGREDIENT,BONES GOAT INGREDIENT LICIOUS RICH SOUR STOCK
249,10781,LICIOUS GOAT MARROW BONES PREMIUM SOUP CUT,BONES CUTS GOAT LICIOUS MARROW PREMIUM SOUR
250,10889,FRESH PACK ASIAN STYLE APPLE SALAD KIT READY TO MIX,APPLE ASIAN FRESH KIT MIX PACK READY SALAD STYLE
251,10769,FRESHLY PREPARED CHICKEN SALAMI BITES,BITE CHICKEN FRESH PREPARED SALAMI
252,10770,FRESHLY PREPARED CHICKEN SALAMI AND CHEESE SNACK PLATTER,CHEESE CHICKEN FRESH PLATES PREPARED SALAMI SNACK
253,10771,FRESHLY PREPARED CHICKEN MOZZARELLA SNACK,CHICKEN FRESH MOZZARELLA PREPARED SNACK
254,10834,FRESHLY PREPARED CHICKEN AND CHEESE SNACK WITH CRACKERS,CHEESE CHICKEN CRACKERS FRESH PREPARED SNACK
255,10835,FRESHLY PREPARED CHICKEN AND CHEESE SNACK STACKERS,CHEESE CHICKEN FRESH PREPARED SNACK
256,10836,FRESHLY PREPARED CHICKEN NUGGETS,CHICKEN FRESH NUGGETS PREPARED
257,10837,FRESHLY PREPARED NACHOS WITH CHEESE DIP,CHEESE DIP FRESH NACHOS PREPARED
258,10838,FRESHLY PREPARED CHICKEN PEPPERONI STYLE PIZZA SNACK,CHICKEN FRESH PEPPERS PIZZA PREPARED SNACK STYLE
259,10839,FRESHLY PREPARED CHICKEN SNACK,CHICKEN FRESH PREPARED SNACK
260,10840,FRESHLY PREPARED CHICKEN PIZZA SNACK PACK,CHICKEN FRESH PACK PIZZA PREPARED SNACK
261,10841,FRESHLY PREPARED CHICKEN AND CRACKER SNACK,CHICKEN CRACKERS FRESH PREPARED SNACK
262,10842,FRESHLY PREPARED CHICKEN AND CHEESE,CHEESE CHICKEN FRESH PREPARED
263,10843,FRESHLY PREPARED CHICKEN PEPPERONI STYLE PIZZA,CHICKEN FRESH PEPPERS PIZZA PREPARED STYLE
264,10136,FRESH CHICKEN BACK PIECES CUT AND FROZEN,BACK CHICKEN CUTS FRESH FROZEN PIECES
265,10137,FRESH CHICKEN WINGS CUT PIECES FROZEN PACK,CHICKEN CUTS FRESH FROZEN PACK PIECES WINGS
266,10138,FRESH CHICKEN THIGH PIECES CUT FROZEN PACK,CHICKEN CUTS FRESH FROZEN PACK PIECES THIGH
267,10139,FRESH CHICKEN BACK PIECES,BACK CHICKEN FRESH PIECES
268,10140,FRESH CHICKEN THIGH PIECES RAW,CHICKEN FRESH PIECES RAW THIGH
269,10141,FRESH SMOKED CHICKEN WINGS,CHICKEN FRESH SMOKE WINGS
270,10918,FRESH BONELESS CHICKEN BREAST WHITE AND DARK MEAT MIX,BONELESS BREAST CHICKEN DARK FRESH MEAL MIX WHITE
271,10919,FRESH SLICED CHICKEN BREAST QUARTER CUTS,BREAST CHICKEN CUTS FRESH QUART SLICED
272,10920,FRESH WHOLE CHICKEN FROZEN,CHICKEN FRESH FROZEN WHOLE
273,10921,FRESH WHOLE CHICKEN LARGE SIZE FROZEN,CHICKEN FRESH FROZEN LARGE SIZE WHOLE
274,10922,FRESH WHOLE CHICKEN EXTRA LARGE SIZE PACK,CHICKEN EXTRA FRESH LARGE PACK SIZE WHOLE
275,10772,FRESH CHICKEN BACON STYLE THICK SLICED SMOKED MEAT,BACON CHICKEN FRESH MEAL SLICED SMOKE STYLE THICK
276,10773,FRESH CHICKEN BACON STYLE REGULAR SLICES,BACON CHICKEN FRESH REGULAR SLICED STYLE
277,10774,FRESH CHICKEN BACON STYLE SLICED SMOKED MEAT,BACON CHICKEN FRESH MEAL SLICED SMOKE STYLE
278,10775,FRESH CHICKEN BACON STYLE APPLEWOOD SMOKED SLICES,BACON CHICKEN FRESH SLICED SMOKE STYLE
279,10776,FRESH CHICKEN BACON STYLE DOUBLE SMOKED PEPPER FLAVOUR,BACON CHICKEN DOUBLE FLAVOUR FRESH PEPPERS SMOKE STYLE
280,10777,FRESH CHICKEN BACON STYLE CUTS ENDS AND PIECES UNCURED,BACON CHICKEN CUTS ENDS FRESH PIECES STYLE
281,10825,VENKY'S FRESH CHICKEN MINCE (KEEMA),CHICKEN FRESH KEEMA MINCE VENKY
282,10844,FRESH BONELESS LAMB LEG PREMIUM TENDER MEAT CUT,BONELESS CUTS FRESH LAMB LEG MEAL PREMIUM TENDER
283,10845,FRESH LAMB RIB CHOPS FRENCH CUT PREMIUM MEAT,CHOPS CUTS FRENCH FRESH LAMB MEAL PREMIUM RIBS
284,10804,GODREJ REAL GOOD FROZEN BONELESS CHICKEN BREAST CUBES SKINLESS,BONELESS BREAST CHICKEN CUBES FROZEN GODREJ REAL SKINLESS
285,10805,VENKY'S FROZEN CHICKEN TENDERLOINS READY TO COOK,CHICKEN COKE FROZEN READY TENDERLOINS VENKY
286,10894,LICIOUS FRESH CHICKEN LEG QUARTER LEMON PEPPER MARINATED READY TO COOK,CHICKEN COKE FRESH LEG LEMON LICIOUS MARINADE PEPPERS QUART READY
287,10895,LICIOUS FRESH CHICKEN LEG QUARTER PLAIN CUT READY FOR COOKING,CHICKEN COOKIES CUTS FRESH LEG LICIOUS PLAIN QUART READY
288,10826,LICIOUS CHICKEN BURNT ENDS IN KANSAS STYLE BBQ SAUCE,BBQ BURNT CHICKEN ENDS LICIOUS SAUCE STYLE
289,10827,LICIOUS READY TO COOK CHICKEN CARNITAS,CHICKEN COKE LICIOUS READY
290,10828,LICIOUS CHIPOTLE LIME MARINATED CHICKEN THIGHS,CHICKEN CHIPOTLE LICIOUS LIME MARINADE THIGH
291,10829,LICIOUS KOREAN BBQ STYLE DICED CHICKEN,BBQ CHICKEN DICED KOREAN LICIOUS STYLE
292,10831,LICIOUS CHICKEN IN GREEN CHILLI GRAVY CHILE VERDE STYLE,CHICKEN CHILLI GRAVY GREEN LICIOUS STYLE
293,10832,LICIOUS BABY BACK CHICKEN RIBS WITH BBQ MARINADE,BABY BACK BBQ CHICKEN LICIOUS MARINADE RIBS
294,10833,LICIOUS READY TO EAT PULLED CHICKEN IN BBQ SAUCE,BBQ CHICKEN EAT LICIOUS PULLED READY SAUCE
295,10873,ITC MASTER CHEF CREAMY MASHED POTATOES FAMILY PACK,CHEF CREAMY FAMILY ITC MASHED MASTER PACK POTATO
296,10874,ITC MASTER CHEF ROASTED POTATOES WITH SEA SALT AND BLACK PEPPER,BLACK CHEF ITC MASTER PEPPERS POTATO ROASTED SALT SEA
297,10875,ITC MASTER CHEF ROASTED POTATOES WITH GARLIC AND ROSEMARY,CHEF GARLIC ITC MASTER POTATO ROASTED ROSEMARY
298,10876,ITC MASTER CHEF READY TO EAT MEXICAN STYLE RICE,CHEF EAT ITC MASTER MEXICAN READY RICH STYLE
299,10905,LICIOUS CHICKEN PEPPERONI STYLE SNACK STICKS SPICY FLAVOUR,CHICKEN FLAVOUR LICIOUS PEPPERS SNACK SPICY STICK STYLE
300,10112,GODREJ YUMMIEZ CHICKEN SEEKH KEBAB 240 GRAM PACK,CHICKEN GODREJ GRAM PACK YUMMIEZ
301,10113,ITC MASTER CHEF CHICKEN TIKKA 250 GRAM PACK,CHEF CHICKEN GRAM ITC MASTER PACK TIKKA
302,10114,LICIOUS CHICKEN BONELESS BREAST 500 GRAM PACK,BONELESS BREAST CHICKEN GRAM LICIOUS PACK
303,10115,GODREJ YUMMIEZ CHICKEN NUGGETS 400 GRAM PACK,CHICKEN GODREJ GRAM NUGGETS PACK YUMMIEZ
304,10116,GODREJ YUMMIEZ CHICKEN WINGS 400 GRAM PACK,CHICKEN GODREJ GRAM PACK WINGS YUMMIEZ
305,10117,ITC MASTER CHEF CHICKEN MALAI TIKKA 250 GRAM PACK,CHEF CHICKEN GRAM ITC MASTER PACK TIKKA
306,10867,LICIOUS MUTTON CURRY CUT 500 GRAM PACK,CURRY CUTS GRAM LICIOUS MUTTON PACK
307,10868,FRESHTOHOME CHICKEN BONELESS BREAST 500 GRAM PACK,BONELESS BREAST CHICKEN FRESHTOHOME GRAM PACK
308,10869,GODREJ YUMMIEZ CHICKEN SAUSAGES 250 GRAM PACK,CHICKEN GODREJ GRAM PACK SAUSAGE YUMMIEZ
309,10870,LICIOUS CHICKEN TENDERLOIN 250 GRAM PACK,CHICKEN GRAM LICIOUS PACK TENDERLOINS
310,10871,FRESHTOHOME CHICKEN THIGH BONELESS 500 GRAM PACK,BONELESS CHICKEN FRESHTOHOME GRAM PACK THIGH
311,10872,FRESHTOHOME CHICKEN THIGH BONELESS 500 GRAM PACK,BONELESS CHICKEN FRESHTOHOME GRAM PACK THIGH
312,10928,GODREJ YUMMIEZ CHICKEN POPCORN 400 GRAM PACK,CHICKEN GODREJ GRAM PACK POPCORN YUMMIEZ
313,10103,CHICKEN WHOLE LEG PIECE SKINLESS RAW 1 KG PACK,CHICKEN LEG PACK PIECES RAW SKINLESS WHOLE
314,10104,CHICKEN SATAY SKEWERS READY TO COOK 250 GRAM PACK,CHICKEN COKE GRAM PACK READY SATAY SKEWERS
315,10792,CHICKEN BREAST FILLET BONELESS THIN CUT 500 GRAM PACK,BONELESS BREAST CHICKEN CUTS FILLET GRAM PACK THIN
316,10793,CHICKEN THIGH BONELESS FILLET 500 GRAM PACK,BONELESS CHICKEN FILLET GRAM PACK THIGH
317,10794,CHICKEN WHOLE CURRY CUT SKINLESS 1 KG PACK,CHICKEN CURRY CUTS PACK SKINLESS WHOLE
318,10795,CHICKEN CURRY CUT SMALL PIECES SKINLESS 500 GRAM PACK,CHICKEN CURRY CUTS GRAM PACK PIECES SKINLESS SMALL
319,10796,CHICKEN DRUMSTICK SKINLESS CURRY CUT 500 GRAM PACK,CHICKEN CURRY CUTS DRUMSTICK GRAM PACK SKINLESS
320,10797,CHICKEN BREAST BONELESS FILLET 500 GRAM PACK,BONELESS BREAST CHICKEN FILLET GRAM PACK
321,10798,CHICKEN THIGH BONELESS THIN CUT 500 GRAM PACK,BONELESS CHICKEN CUTS GRAM PACK THIGH THIN
322,10799,CHICKEN BREAST FILLET THIN CUT 500 GRAM PACK,BREAST CHICKEN CUTS FILLET GRAM PACK THIN
323,10800,CHICKEN SOUP BONES (BACK & NECK PIECES) 500 GRAM PACK,BACK BONES CHICKEN GRAM NECK PACK PIECES SOUR
324,10866,VEEBA BARBECUE MARINADE SAUCE 300 GRAM BOTTLE,BARBECUE BOTTLE GRAM MARINADE SAUCE VEEBA
325,10896,CATCH FISH SEASONING MASALA 100 GRAM PACK,CATCH FISH GRAM MASALA PACK SEASONING
326,10897,CATCH BARBECUE SEASONING MASALA 100 GRAM PACK,BARBECUE CATCH GRAM MASALA PACK SEASONING
327,10898,CATCH CHICKEN MASALA POWDER 100 GRAM PACK,CATCH CHICKEN GRAM MASALA PACK POWDER
328,10109,GODREJ YUMMIEZ CHICKEN BURGER PATTY 360 GRAM PACK,BURGER CHICKEN GODREJ GRAM PACK PATTY YUMMIEZ
329,10822,FRESHTOHOME CHICKEN MINCE 500 GRAM PACK,CHICKEN FRESHTOHOME GRAM MINCE PACK
330,10823,GODREJ YUMMIEZ CHICKEN MINI BURGER PATTIES 240 GRAM PACK,BURGER CHICKEN GODREJ GRAM MINT PACK PATTIES YUMMIEZ
331,10824,ITC MASTER CHEF CHICKEN BURGER PATTIES 300 GRAM PACK,BURGER CHEF CHICKEN GRAM ITC MASTER PACK PATTIES
332,10877,GOODDOT VEG CHICKEN PLANT BASED MINCE 200 GRAM PACK,BASED CHICKEN GRAM MINCE PACK PLANT VEG
333,10110,VENKYÆS CHICKEN SAUSAGE,CHICKEN SAUSAGE VENKY
334,10111,GODREJ REAL GOOD CHICKEN SAUSAGE,CHICKEN GODREJ REAL SAUSAGE
335,10846,VENKYÆS CHICKEN SALAMI,CHICKEN SALAMI VENKY
336,10847,GODREJ REAL GOOD CHICKEN SAUSAGE BITES,BITE CHICKEN GODREJ REAL SAUSAGE
337,10848,VENKYÆS CHICKEN SAUSAGE,CHICKEN SAUSAGE VENKY
338,10849,GODREJ REAL GOOD CHICKEN SALAMI,CHICKEN GODREJ REAL SALAMI
339,10850,VENKYÆS CHICKEN SAUSAGE,CHICKEN SAUSAGE VENKY
340,10851,ZORABIAN CHICKEN SAUSAGE,CHICKEN SAUSAGE ZORABIAN
341,10852,GODREJ REAL GOOD CHICKEN SALAMI,CHICKEN GODREJ REAL SALAMI
342,10853,GODREJ REAL GOOD CHICKEN HAM,CHICKEN GODREJ HAM REAL
343,10854,VENKYÆS CHICKEN SALAMI,CHICKEN SALAMI VENKY
344,10855,GODREJ REAL GOOD CHICKEN SALAMI,CHICKEN GODREJ REAL SALAMI
345,10856,ZORABIAN CHICKEN SALAMI,CHICKEN SALAMI ZORABIAN
346,10857,GODREJ REAL GOOD CHICKEN SMOKED SAUSAGE,CHICKEN GODREJ REAL SAUSAGE SMOKE
347,10858,VENKYÆS CHICKEN SAUSAGE,CHICKEN SAUSAGE VENKY
348,10859,ZORABIAN CHICKEN HAM,CHICKEN HAM ZORABIAN
349,10860,PRASUMA CHICKEN SAUSAGE,CHICKEN PRASUMA SAUSAGE
350,10861,GODREJ YUMMIEZ CHICKEN SAUSAGE,CHICKEN GODREJ SAUSAGE YUMMIEZ
351,10862,ZORABIAN CHICKEN SAUSAGE,CHICKEN SAUSAGE ZORABIAN
352,10863,GODREJ REAL GOOD CHICKEN SALAMI,CHICKEN GODREJ REAL SALAMI
353,10864,VENKYÆS CHICKEN SALAMI,CHICKEN SALAMI VENKY
354,10865,ZORABIAN CHICKEN HAM,CHICKEN HAM ZORABIAN
355,10118,PRASUMA CHICKEN BREAST BONELESS,BONELESS BREAST CHICKEN PRASUMA
356,10119,LICIOUS CHICKEN CURRY CUT BONE-IN,BONES CHICKEN CURRY CUTS LICIOUS
357,10120,PRASUMA CHICKEN WINGS FROZEN,CHICKEN FROZEN PRASUMA WINGS
358,10121,LICIOUS CHICKEN WINGLETS,CHICKEN LICIOUS
359,10122,PRASUMA CHICKEN DRUMSTICKS VALUE PACK,CHICKEN DRUMSTICK PACK PRASUMA VALUE
360,10123,LICIOUS CHICKEN THIGH BONELESS,BONELESS CHICKEN LICIOUS THIGH
361,10878,LICIOUS CHICKEN BREAST FILLET BONELESS,BONELESS BREAST CHICKEN FILLET LICIOUS
362,10879,PRASUMA CHICKEN BREAST THIN CUT,BREAST CHICKEN CUTS PRASUMA THIN
363,10880,LICIOUS CHICKEN BREAST STRIPS,BREAST CHICKEN LICIOUS STRIPS
364,10881,PRASUMA CHICKEN WINGS BBQ CUT,BBQ CHICKEN CUTS PRASUMA WINGS
365,10882,LICIOUS CHICKEN WINGS BBQ STYLE,BBQ CHICKEN LICIOUS STYLE WINGS
366,10883,PRASUMA CHICKEN LEG BONELESS,BONELESS CHICKEN LEG PRASUMA
367,10884,LICIOUS WHOLE CHICKEN CURRY CUT,CHICKEN CURRY CUTS LICIOUS WHOLE
368,10885,PRASUMA CHICKEN ROAST CUT,CHICKEN CUTS PRASUMA ROASTED
369,10886,LICIOUS CHICKEN CURRY CUT BONELESS,BONELESS CHICKEN CURRY CUTS LICIOUS
370,10887,PRASUMA CHICKEN BREAST CUT PIECES,BREAST CHICKEN CUTS PIECES PRASUMA
371,10888,LICIOUS CHICKEN BONELESS CUBES,BONELESS CHICKEN CUBES LICIOUS
372,10142,PRASUMA GARLIC CHICKEN SAUSAGE,CHICKEN GARLIC PRASUMA SAUSAGE
373,10784,LICIOUS SMOKED CHICKEN SAUSAGE BLACK PEPPER,BLACK CHICKEN LICIOUS PEPPERS SAUSAGE SMOKE
374,10785,PRASUMA SMOKED CHICKEN SAUSAGE SPICY,CHICKEN PRASUMA SAUSAGE SMOKE SPICY
375,10786,LICIOUS CHEESE & CHILLI CHICKEN SAUSAGE,CHEESE CHICKEN CHILLI LICIOUS SAUSAGE
376,10787,FRESHO! CHICKEN GARLIC SAUSAGE,CHICKEN FRESH GARLIC SAUSAGE
377,10788,PRASUMA SMOKED CHICKEN SAUSAGE MILD,CHICKEN MILD PRASUMA SAUSAGE SMOKE
378,10789,MEATIGO CHICKEN SAUSAGE SWEET SMOKY STYLE,CHICKEN MEATIGO SAUSAGE SMOKY STYLE SWEET
379,10790,LICIOUS ROASTED PEPPER CHICKEN SAUSAGE,CHICKEN LICIOUS PEPPERS ROASTED SAUSAGE
380,10791,GODREJ YUMMIEZ CHICKEN SAUSAGE SLICES,CHICKEN GODREJ SAUSAGE SLICED YUMMIEZ
381,10923,LICIOUS CHICKEN BRATWURST,BRATWURST CHICKEN LICIOUS
382,10924,PRASUMA CLASSIC CHICKEN SAUSAGE,CHICKEN CLASSIC PRASUMA SAUSAGE
383,10925,MEATIGO SPICY ITALIAN CHICKEN SAUSAGE,CHICKEN ITALIAN MEATIGO SAUSAGE SPICY
384,10926,PRASUMA SPICY CHICKEN SAUSAGE,CHICKEN PRASUMA SAUSAGE SPICY
385,10927,LICIOUS SMOKED CHICKEN SAUSAGE,CHICKEN LICIOUS SAUSAGE SMOKE
386,10890,LICIOUS CHICKEN BREAST BONELESS PREMIUM,BONELESS BREAST CHICKEN LICIOUS PREMIUM
387,10891,PRASUMA PERI PERI CHICKEN BREAST FILLET,BREAST CHICKEN FILLET PERI PRASUMA
388,10892,TENDERCUTS CHICKEN BREAST FILLET,BREAST CHICKEN FILLET
389,10893,FRESHTOHOME PREMIUM CHICKEN BREAST BONELESS,BONELESS BREAST CHICKEN FRESHTOHOME PREMIUM
390,10782,PRASUMA BREAKFAST CHICKEN SAUSAGE,BREAKFAST CHICKEN PRASUMA SAUSAGE
391,10783,PRASUMA CHICKEN SAUSAGE 250G,CHICKEN PRASUMA SAUSAGE
392,10016,MODERN PUMPKIN SPICE BAGELS SOFT BREAKFAST BREAD,BAGELS BREAD BREAKFAST MODERN PUMPKIN SOFT SPICY
393,10017,MODERN CINNAMON SWIRL BAGELS SOFT BREAKFAST BREAD,BAGELS BREAD BREAKFAST CINNAMON MODERN SOFT SWIRL
394,10018,MODERN EVERYTHING BAGELS PACK OF 6 SOFT BREAD,BAGELS BREAD EVERYTHING MODERN PACK SOFT
395,10019,MODERN BLUEBERRY BAGELS PACK OF 6 SOFT BREAD,BAGELS BLUEBERRY BREAD MODERN PACK SOFT
396,10337,MODERN PIZZA FLAVOURED BAGELS SAVOURY BREAKFAST BREAD,BAGELS BREAD BREAKFAST FLAVOUR MODERN PIZZA SAVOURY
397,10338,MODERN JALAPENO CHEDDAR BAGELS SPICY CHEESE FLAVOURED BREAD,BAGELS BREAD CHEDDAR CHEESE FLAVOUR JALAPENO MODERN SPICY
398,10339,BRITANNIA EVERYTHING BAGELS MIXED SEEDS SAVOURY BREAD,BAGELS BREAD BRITANNIA EVERYTHING MIXED SAVOURY SEEDS
399,10340,BRITANNIA PLAIN BAGELS PACK OF 6 SOFT BREAD,BAGELS BREAD BRITANNIA PACK PLAIN SOFT
400,10341,SCHAR GLUTEN FREE PLAIN BAGELS SOFT BREAKFAST BREAD,BAGELS BREAD BREAKFAST FREE GLUTEN PLAIN SCHAR SOFT
401,10342,BRITANNIA CLASSIC PLAIN BAGELS PACK OF 5 SOFT BREAD,BAGELS BREAD BRITANNIA CLASSIC PACK PLAIN SOFT
402,10343,MODERN ONION BAGELS SAVOURY FLAVOURED BREAD,BAGELS BREAD FLAVOUR MODERN ONION SAVOURY
403,10344,MODERN HAWAIIAN BAGELS SWEET SOFT BREAD,BAGELS BREAD HAWAIIAN MODERN SOFT SWEET
404,10335,MODERN MINI BLUEBERRY BAGELS SOFT SWEET BREAKFAST BREAD,BAGELS BLUEBERRY BREAD BREAKFAST MINT MODERN SOFT SWEET
405,10336,MODERN MINI HAWAIIAN BAGELS SOFT SWEET BREAD,BAGELS BREAD HAWAIIAN MINT MODERN SOFT SWEET
406,10013,BRITANNIA ENGLISH MUFFINS PLAIN PACK OF 10,BRITANNIA ENGLISH MUFFIN PACK PLAIN
407,10325,BRITANNIA RAISIN ENGLISH MUFFINS SWEET BREAKFAST BREAD,BREAD BREAKFAST BRITANNIA ENGLISH MUFFIN RAISIN SWEET
408,10326,BRITANNIA SOURDOUGH ENGLISH MUFFINS SOFT BREAKFAST BREAD,BREAD BREAKFAST BRITANNIA ENGLISH MUFFIN SOFT SOURDOUGH
409,10327,BRITANNIA ENGLISH MUFFINS PLAIN SOFT BREAKFAST BREAD,BREAD BREAKFAST BRITANNIA ENGLISH MUFFIN PLAIN SOFT
410,10328,BRITANNIA KETO ENGLISH MUFFINS LOW CARB BREAKFAST BREAD,BREAD BREAKFAST BRITANNIA CARB ENGLISH KETO LOW MUFFIN
411,10329,BRITANNIA ENGLISH MUFFINS ORIGINAL SOFT BREAKFAST BREAD,BREAD BREAKFAST BRITANNIA ENGLISH MUFFIN ORIGINAL SOFT
412,10014,BRITANNIA BROWN SUGAR CINNAMON OATS BREAD SOFT BREAKFAST LOAF,BREAD BREAKFAST BRITANNIA BROWN CINNAMON LOAF OATS SOFT SUGAR
413,10015,BRITANNIA BLUEBERRY OATS BREAD SOFT BREAKFAST LOAF,BLUEBERRY BREAD BREAKFAST BRITANNIA LOAF OATS SOFT
414,10330,BRITANNIA CINNAMON RAISIN BREAD GLUTEN FREE SWEET BREAKFAST LOAF,BREAD BREAKFAST BRITANNIA CINNAMON FREE GLUTEN LOAF RAISIN SWEET
415,10331,HARVEST GOLD TEXAS TOAST THICK SLICED SOFT BREAD,BREAD GOLD HARVEST SLICED SOFT THICK TOASTED
416,10332,BRITANNIA SEASONAL BREAKFAST BREAD SPECIAL FLAVOUR LOAF,BREAD BREAKFAST BRITANNIA FLAVOUR LOAF SEASONING SPECIAL
417,10333,BRITANNIA CINNAMON SWIRL BREAD SWEET BREAKFAST LOAF,BREAD BREAKFAST BRITANNIA CINNAMON LOAF SWEET SWIRL
418,10334,HARVEST GOLD CINNAMON RAISIN SWIRL BREAD SWEET BREAKFAST LOAF,BREAD BREAKFAST CINNAMON GOLD HARVEST LOAF RAISIN SWEET SWIRL
419,10029,BRITANNIA HOMESTYLE WHITE BREAD SMALL LOAF,BREAD BRITANNIA HOMESTYLE LOAF SMALL WHITE
420,10383,BRITANNIA GLUTEN FREE HAWAIIAN BREAD SWEET SOFT LOAF,BREAD BRITANNIA FREE GLUTEN HAWAIIAN LOAF SOFT SWEET
421,10384,BRITANNIA CLASSIC WHITE BREAD PREMIUM SOFT LOAF,BREAD BRITANNIA CLASSIC LOAF PREMIUM SOFT WHITE
422,10027,HARVEST GOLD SOURDOUGH BREAD HALF LOAF SOFT SANDWICH BREAD,BREAD GOLD HALF HARVEST LOAF SANDWICH SOFT SOURDOUGH
423,10367,HARVEST GOLD SOURDOUGH CRACKED WHEAT BREAD RUSTIC STYLE SANDWICH LOAF,BREAD CRACKERS GOLD HARVEST LOAF RUSTIC SANDWICH SOURDOUGH STYLE WHEAT
424,10368,HARVEST GOLD 100 PERCENT WHOLE WHEAT BREAD SOFT HEALTHY SANDWICH LOAF,BREAD GOLD HARVEST HEALTH LOAF PERCENT SANDWICH SOFT WHEAT WHOLE
425,10369,BRITANNIA WHEAT BREAD SOFT DAILY SANDWICH LOAF,BREAD BRITANNIA DAILY LOAF SANDWICH SOFT WHEAT
426,10370,HARVEST GOLD SEEDED BREAD SLICED MULTIGRAIN SANDWICH LOAF,BREAD GOLD HARVEST LOAF MULTIGRAIN SANDWICH SEEDS SLICED
427,10371,BRITANNIA CLASSIC WHITE BREAD SOFT SANDWICH LOAF,BREAD BRITANNIA CLASSIC LOAF SANDWICH SOFT WHITE
428,10372,HARVEST GOLD ORGANIC WHITE BREAD SOFT SANDWICH LOAF,BREAD GOLD HARVEST LOAF ORGANIC SANDWICH SOFT WHITE
429,10373,BRITANNIA BUTTER BREAD SOFT RICH SANDWICH LOAF,BREAD BRITANNIA BUTTER LOAF RICH SANDWICH SOFT
430,10374,HARVEST GOLD ORGANIC MULTISEED BREAD HEALTHY SANDWICH LOAF,BREAD GOLD HARVEST HEALTH LOAF MULTISEED ORGANIC SANDWICH
431,10375,HARVEST GOLD ORGANIC MULTISEED BREAD THIN SLICED HEALTHY LOAF,BREAD GOLD HARVEST HEALTH LOAF MULTISEED ORGANIC SLICED THIN
432,10376,HARVEST GOLD ORGANIC SPROUTED GRAIN BREAD HEALTHY SANDWICH LOAF,BREAD GOLD GRAIN HARVEST HEALTH LOAF ORGANIC SANDWICH SPROUTED
433,10377,HARVEST GOLD HONEY WHEAT BREAD SOFT SWEET SANDWICH LOAF,BREAD GOLD HARVEST HONEY LOAF SANDWICH SOFT SWEET WHEAT
434,10378,HARVEST GOLD GLUTEN FREE MULTISEED BREAD HEALTHY SANDWICH LOAF,BREAD FREE GLUTEN GOLD HARVEST HEALTH LOAF MULTISEED SANDWICH
435,10379,BRITANNIA HAWAIIAN STYLE BREAD SWEET SOFT SANDWICH LOAF,BREAD BRITANNIA HAWAIIAN LOAF SANDWICH SOFT STYLE SWEET
436,10028,BRITANNIA BRIOCHE BREAD SOFT PREMIUM LOAF,BREAD BRIOCHE BRITANNIA LOAF PREMIUM SOFT
437,10381,HARVEST GOLD MULTIGRAIN SMOOTH BREAD PREMIUM BAKERY LOAF,BAKERY BREAD GOLD HARVEST LOAF MULTIGRAIN PREMIUM SMOOTH
438,10382,BRITANNIA POTATO BREAD SOFT BAKERY STYLE LOAF,BAKERY BREAD BRITANNIA LOAF POTATO SOFT STYLE
439,10365,MODERN FRENCH BREAD SLICED SOFT BAKERY LOAF,BAKERY BREAD FRENCH LOAF MODERN SLICED SOFT
440,10366,HARVEST GOLD CRACKED WHEAT SOURDOUGH BREAD RUSTIC STYLE LOAF,BREAD CRACKERS GOLD HARVEST LOAF RUSTIC SOURDOUGH STYLE WHEAT
441,10380,HARVEST GOLD ORGANIC SOURDOUGH BREAD RUSTIC BAKERY LOAF,BAKERY BREAD GOLD HARVEST LOAF ORGANIC RUSTIC SOURDOUGH
442,10021,BRITANNIA CHICKEN SAUSAGE BUNS SOFT BAKERY ROLLS,BAKERY BRITANNIA BUNS CHICKEN ROLLS SAUSAGE SOFT
443,10022,HARVEST GOLD MULTIGRAIN DINNER ROLLS SOFT BREAD,BREAD DINNER GOLD HARVEST MULTIGRAIN ROLLS SOFT
444,10023,HARVEST GOLD CLASSIC DINNER ROLLS SOFT BAKERY BREAD,BAKERY BREAD CLASSIC DINNER GOLD HARVEST ROLLS SOFT
445,10024,BRITANNIA SEASONED CROUTONS BREAD CUBES FOR SALADS,BREAD BRITANNIA CROUTONS CUBES SALAD SEASONING
446,10349,MODERN PUB STYLE BURGER BUNS PACK OF 8 SOFT BREAD,BREAD BUNS BURGER MODERN PACK SOFT STYLE
447,10350,HARVEST GOLD ONION FLAVOURED HAMBURGER BUNS SOFT BREAD,BREAD BUNS FLAVOUR GOLD HAMBURGER HARVEST ONION SOFT
448,10351,BRITANNIA ULTRA THIN PIZZA BASE 12 INCH READY TO BAKE,BAKE BASED BRITANNIA PIZZA READY THIN ULTRA
449,10352,BRITANNIA KETO HOT DOG BUNS LOW CARB SOFT ROLLS,BRITANNIA BUNS CARB DOG HOT KETO LOW ROLLS SOFT
450,10353,SCHAR GLUTEN FREE CIABATTA ROLLS SOFT BAKERY BREAD,BAKERY BREAD FREE GLUTEN ROLLS SCHAR SOFT
451,10025,BRITANNIA MINI SWEET HAWAIIAN BUNS PACK OF 8,BRITANNIA BUNS HAWAIIAN MINT PACK SWEET
452,10026,BRITANNIA MINI SESAME BUNS PACK OF 8 SOFT ROLLS,BRITANNIA BUNS MINT PACK ROLLS SESAME SOFT
453,10354,BRITANNIA HOT DOG BUNS PACK OF 16 SOFT ROLLS,BRITANNIA BUNS DOG HOT PACK ROLLS SOFT
454,10355,HARVEST GOLD BRIOCHE HOT DOG BUNS PACK OF 8 SOFT BREAD,BREAD BRIOCHE BUNS DOG GOLD HARVEST HOT PACK SOFT
455,10356,BRITANNIA CLASSIC HAMBURGER BUNS SOFT BAKERY BREAD,BAKERY BREAD BRITANNIA BUNS CLASSIC HAMBURGER SOFT
456,10357,HARVEST GOLD SESAME HAMBURGER BUNS SOFT BREAD,BREAD BUNS GOLD HAMBURGER HARVEST SESAME SOFT
457,10358,HARVEST GOLD BRIOCHE BURGER BUNS PREMIUM SOFT ROLLS PACK OF 8,BRIOCHE BUNS BURGER GOLD HARVEST PACK PREMIUM ROLLS SOFT
458,10359,BRITANNIA KETO HOT DOG BUNS PACK OF 8 LOW CARB ROLLS,BRITANNIA BUNS CARB DOG HOT KETO LOW PACK ROLLS
459,10360,MODERN HOT DOG BUNS SOFT BAKERY ROLLS,BAKERY BUNS DOG HOT MODERN ROLLS SOFT
460,10361,HARVEST GOLD KETO HAMBURGER BUNS LOW CARB PACK OF 8,BUNS CARB GOLD HAMBURGER HARVEST KETO LOW PACK
461,10362,BRITANNIA HAMBURGER BUNS PACK OF 12 SOFT BREAD,BREAD BRITANNIA BUNS HAMBURGER PACK SOFT
462,10363,HARVEST GOLD BAKERY ROLLS PACK OF 12 SOFT BREAD,BAKERY BREAD GOLD HARVEST PACK ROLLS SOFT
463,10364,MODERN FRENCH ROLLS FLAT PACK SOFT BREAD,BREAD FLAT FRENCH MODERN PACK ROLLS SOFT
464,10345,BRITANNIA WHITE PITA BREAD SOFT FLATBREAD FOR WRAPS,BREAD BRITANNIA PITA SOFT WHITE WRAPS
465,10346,HARVEST GOLD MULTIGRAIN SANDWICH THINS HEALTHY BREAD,BREAD GOLD HARVEST HEALTH MULTIGRAIN SANDWICH THIN
466,10347,HARVEST GOLD 100 PERCENT WHOLE WHEAT SANDWICH THINS HEALTHY BREAD,BREAD GOLD HARVEST HEALTH PERCENT SANDWICH THIN WHEAT WHOLE
467,10348,BRITANNIA MULTIGRAIN BURGER BUNS 21 GRAIN HEALTHY BREAD,BREAD BRITANNIA BUNS BURGER GRAIN HEALTH MULTIGRAIN
468,10020,BRITANNIA BAKE AND SERVE BREADSTICKS SOFT SNACK STICKS,BAKE BRITANNIA SERVE SNACK SOFT STICK
469,10033,BRITANNIA LITTLE MUFFINS ASSORTED CREAM FILLED BITES,ASSORTED BITE BRITANNIA CREAMY FILLET LITTLE MUFFIN
470,10403,BRITANNIA PEANUT BUTTER COOKIES FRESH BAKED PACK,BAKE BRITANNIA BUTTER COOKIES FRESH PACK PEANUT
471,10034,BRITANNIA MINI BUNDT CAKES FESTIVE PACK OF 8,BRITANNIA BUNDT CAKES FESTIVE MINT PACK
472,10035,BRITANNIA LEMON FLAVOURED ICED CUPCAKES PACK OF 8,BRITANNIA CUPCAKES FLAVOUR ICED LEMON PACK
473,10036,MONGINIS PUMPKIN SPICE CAKE SLICES SOFT DESSERT,CAKES DESSERT MONGINIS PUMPKIN SLICED SOFT SPICY
474,10037,BRITANNIA CHOCOLATE FLAVOURED CUPCAKES PACK OF 8,BRITANNIA CHOCOLATE CUPCAKES FLAVOUR PACK
475,10404,BRITANNIA CHOCOLATE CREAM FILLED CAKE ROLLS MULTIPACK,BRITANNIA CAKES CHOCOLATE CREAMY FILLET MULTIPACK ROLLS
476,10409,BRITANNIA OATMEAL CREAM SANDWICH COOKIES PACK,BRITANNIA COOKIES CREAMY OATMEAL PACK SANDWICH
477,10044,BRITANNIA VANILLA CREAM ICED CAKES ASSORTED PACK,ASSORTED BRITANNIA CAKES CREAMY ICED PACK VANILLA
478,10045,BRITANNIA LEMON FLAVOURED ICED SNACK CAKES,BRITANNIA CAKES FLAVOUR ICED LEMON SNACK
479,10046,BRITANNIA STRAWBERRY FLAVOURED ICED SNACK CAKES,BRITANNIA CAKES FLAVOUR ICED SNACK STRAWBERRY
480,10047,BRITANNIA CHOCOLATE FLAVOURED ICED SNACK CAKES,BRITANNIA CAKES CHOCOLATE FLAVOUR ICED SNACK
481,10412,BRITANNIA VANILLA CREAM FILLED CAKE BARS,BAR BRITANNIA CAKES CREAMY FILLET VANILLA
482,10413,BRITANNIA VANILLA CREAM SNACK CAKES FESTIVE PACK,BRITANNIA CAKES CREAMY FESTIVE PACK SNACK VANILLA
483,10414,BRITANNIA CHOCOLATE CREAM FILLED CAKE BARS,BAR BRITANNIA CAKES CHOCOLATE CREAMY FILLET
484,10415,BRITANNIA CHOCOLATE CREAM ROLL CAKES MULTIPACK,BRITANNIA CAKES CHOCOLATE CREAMY MULTIPACK ROLLS
485,10416,BRITANNIA CHOCOLATE SWISS ROLL CAKES PACK,BRITANNIA CAKES CHOCOLATE PACK ROLLS SWISS
486,10417,BRITANNIA CHOCOLATE CUPCAKES FAMILY PACK 14 PIECES,BRITANNIA CHOCOLATE CUPCAKES FAMILY PACK PIECES
487,10418,BRITANNIA RASPBERRY CREAM FILLED CAKE BARS,BAR BRITANNIA CAKES CREAMY FILLET RASPBERRY
488,10419,BRITANNIA CHOCOLATE BROWNIE BITES WITH CANDY TOPPINGS,BITE BRITANNIA BROWN CANDY CHOCOLATE TOPPINGS
489,10420,BRITANNIA CREAM FILLED SPONGE CAKES FAMILY PACK 16 PIECES,BRITANNIA CAKES CREAMY FAMILY FILLET PACK PIECES SPONGE
490,10421,BRITANNIA CHOCOLATE COCONUT CREAM SNACK BALLS MULTIPACK,BALLS BRITANNIA CHOCOLATE COCONUT CREAMY MULTIPACK SNACK
491,10042,BRITANNIA SUGAR COOKIE FLAVOURED CUPCAKES PACK OF 8,BRITANNIA COOKIES CUPCAKES FLAVOUR PACK SUGAR
492,10043,BRITANNIA STRAWBERRY FLAVOURED CUPCAKES MULTIPACK,BRITANNIA CUPCAKES FLAVOUR MULTIPACK STRAWBERRY
493,10410,BRITANNIA CHOCOLATE MINI CUPCAKES MULTIPACK,BRITANNIA CHOCOLATE CUPCAKES MINT MULTIPACK
494,10411,BRITANNIA CHOCOLATE CREAM FILLED CUPCAKES MULTIPACK,BRITANNIA CHOCOLATE CREAMY CUPCAKES FILLET MULTIPACK
495,10038,BRITANNIA MARSHMALLOW FILLED CAKE PUFFS ASSORTED PACK,ASSORTED BRITANNIA CAKES FILLET MARSHMALLOW PACK PUFF
496,10039,BRITANNIA CHOCOLATE CHIP CREAM SANDWICH CAKES,BRITANNIA CAKES CHIPS CHOCOLATE CREAMY SANDWICH
497,10040,MONGINIS CLASSIC WHITE CAKE DONUTS PACK OF 6,CAKES CLASSIC DONUT MONGINIS PACK WHITE
498,10041,BRITANNIA CHOCOLATE CREAM FILLED SNACK CAKES ASSORTED PACK,ASSORTED BRITANNIA CAKES CHOCOLATE CREAMY FILLET PACK SNACK
499,10405,BRITANNIA CREAM FILLED SPONGE SNACK CAKES MULTIPACK,BRITANNIA CAKES CREAMY FILLET MULTIPACK SNACK SPONGE
500,10406,BRITANNIA CHOCOLATE CHIP MINI MUFFINS SNACK PACK,BRITANNIA CHIPS CHOCOLATE MINT MUFFIN PACK SNACK
501,10407,BRITANNIA CHOCOLATE WAFER ROLLS CREAM FILLED SNACK,BRITANNIA CHOCOLATE CREAMY FILLET ROLLS SNACK WAFER
502,10408,BRITANNIA PARTY CAKE MINI MUFFINS ASSORTED FLAVOUR PACK,ASSORTED BRITANNIA CAKES FLAVOUR MINT MUFFIN PACK PARTY
503,10048,BRITANNIA CHOCOLATE CREAM FILLED CAKE SINGLE SERVE,BRITANNIA CAKES CHOCOLATE CREAMY FILLET SERVE SINGLE
504,10049,BRITANNIA LEMON DRIZZLE MINI BUNDT CAKE SINGLE SERVE,BRITANNIA BUNDT CAKES DRIZZLE LEMON MINT SERVE SINGLE
505,10425,BRITANNIA CHOCOLATE CREAM COCONUT COATED CAKE SINGLE SERVE,BRITANNIA CAKES CHOCOLATE COATED COCONUT CREAMY SERVE SINGLE
506,10426,BRITANNIA CHOCOLATE CREAM FILLED CAKE SINGLE SERVE,BRITANNIA CAKES CHOCOLATE CREAMY FILLET SERVE SINGLE
507,10052,BRITANNIA CHOCOLATE MINI BUNDT CAKE SOFT DESSERT,BRITANNIA BUNDT CAKES CHOCOLATE DESSERT MINT SOFT
508,10050,MONGINIS LEMON FLAVOURED SNACK PIE SINGLE SERVE,FLAVOUR LEMON MONGINIS PIE SERVE SINGLE SNACK
509,10051,MONGINIS CHOCOLATE CREAM FILLED SNACK PIE,CHOCOLATE CREAMY FILLET MONGINIS PIE SNACK
510,10427,MONGINIS CHERRY FRUIT PIE SINGLE SERVE,CHERRY FRUIT MONGINIS PIE SERVE SINGLE
511,10428,MONGINIS CHERRY FLAVOURED SNACK PIE SINGLE SERVE,CHERRY FLAVOUR MONGINIS PIE SERVE SINGLE SNACK
512,10429,MONGINIS BLACKBERRY FLAVOURED SNACK PIE SINGLE SERVE,BLACKBERRY FLAVOUR MONGINIS PIE SERVE SINGLE SNACK
513,10430,MONGINIS APPLE FLAVOURED SNACK PIE,APPLE FLAVOUR MONGINIS PIE SNACK
514,10431,MONGINIS BLACKBERRY FLAVOURED SNACK PIE,BLACKBERRY FLAVOUR MONGINIS PIE SNACK
515,10432,MONGINIS APPLE FLAVOURED SNACK PIE SINGLE SERVE,APPLE FLAVOUR MONGINIS PIE SERVE SINGLE SNACK
516,10433,MONGINIS APPLE FRUIT PIE SINGLE SERVE,APPLE FRUIT MONGINIS PIE SERVE SINGLE
517,10422,BRITANNIA CHOCOLATE FROSTED MINI DONUTS PACK OF 6,BRITANNIA CHOCOLATE DONUT FROSTED MINT PACK
518,10423,BRITANNIA CREAM FILLED SPONGE CAKE SINGLE SERVE,BRITANNIA CAKES CREAMY FILLET SERVE SINGLE SPONGE
519,10424,BRITANNIA POWDERED SUGAR MINI DONUTS PACK OF 6,BRITANNIA DONUT MINT PACK POWDER SUGAR
520,10386,MONGINIS CREAM CHEESE DANISH PASTRY,CHEESE CREAMY DANISH MONGINIS PASTRY
521,10387,BRITANNIA SWEET BREAKFAST CLAW DANISH PASTRY,BREAKFAST BRITANNIA CLAW DANISH PASTRY SWEET
522,10388,MONGINIS APPLE AND RASPBERRY FRUIT DANISH PASTRY,APPLE DANISH FRUIT MONGINIS PASTRY RASPBERRY
523,10031,MONGINIS PUMPKIN FLAVOURED SOFT DONUTS,DONUT FLAVOUR MONGINIS PUMPKIN SOFT
524,10032,MONGINIS APPLE CIDER FLAVOURED DONUTS,APPLE CIDER DONUT FLAVOUR MONGINIS
525,10393,MONGINIS CHOCOLATE OLD FASHIONED DONUTS PACK OF 6,CHOCOLATE DONUT FASHIONED MONGINIS OLD PACK
526,10394,MONGINIS CINNAMON SUGAR FILLED DONUTS PACK OF 6,CINNAMON DONUT FILLET MONGINIS PACK SUGAR
527,10395,MONGINIS ASSORTED WHITE CAKE DONUTS PACK OF 6,ASSORTED CAKES DONUT MONGINIS PACK WHITE
528,10396,BRITANNIA RICH FROSTED CHOCOLATE DONUT,BRITANNIA CHOCOLATE DONUT FROSTED RICH
529,10397,MONGINIS POWDERED RASPBERRY FILLED DONUTS,DONUT FILLET MONGINIS POWDER RASPBERRY
530,10398,MONGINIS LEMON FLAVOURED DONUTS PACK OF 6,DONUT FLAVOUR LEMON MONGINIS PACK
531,10399,MONGINIS BUTTERMILK SOFT DONUTS PACK OF 6,BUTTERMILK DONUT MONGINIS PACK SOFT
532,10400,MONGINIS CLASSIC OLD FASHIONED DONUTS,CLASSIC DONUT FASHIONED MONGINIS OLD
533,10401,MONGINIS BLUEBERRY FLAVOURED OLD FASHIONED DONUTS PACK OF 6,BLUEBERRY DONUT FASHIONED FLAVOUR MONGINIS OLD PACK
534,10402,MONGINIS ASSORTED SEASONAL FLAVOURED DONUTS PACK OF 6,ASSORTED DONUT FLAVOUR MONGINIS PACK SEASONING
535,10030,BRITANNIA LITTLE HEARTS MINI STRAWBERRY GLAZED DONUTS,BRITANNIA DONUT GLAZED HEARTS LITTLE MINT STRAWBERRY
536,10389,BRITANNIA POWDERED SUGAR MINI DONUTS SNACK PACK,BRITANNIA DONUT MINT PACK POWDER SNACK SUGAR
537,10390,BRITANNIA CRUNCHY MINI DONUTS SNACK PACK,BRITANNIA CRUNCHY DONUT MINT PACK SNACK
538,10391,BRITANNIA HONEY BUN STYLE SOFT DONUTS,BRITANNIA BUNS DONUT HONEY SOFT STYLE
539,10392,BRITANNIA CHOCOLATE FROSTED MINI DONUTS SNACK PACK,BRITANNIA CHOCOLATE DONUT FROSTED MINT PACK SNACK
540,10385,MONGINIS SWEET BREAKFAST CLAW PASTRY,BREAKFAST CLAW MONGINIS PASTRY SWEET
541,10060,ORGANIC GALA APPLES FRESH PREMIUM QUALITY,APPLE FRESH GALA ORGANIC PREMIUM QUALITY
542,10581,ORGANIC GRANNY SMITH APPLES FRESH AND CRISP,APPLE CRISPY FRESH GRANNY ORGANIC SMITH
543,10582,ORGANIC GALA APPLES FRESH PREMIUM QUALITY,APPLE FRESH GALA ORGANIC PREMIUM QUALITY
544,10061,FRESH PINK LADY APPLES LARGE SIZE PREMIUM,APPLE FRESH LADY LARGE PINK PREMIUM SIZE
545,10583,FRESH SWEETANGO APPLES SWEET AND JUICY VARIETY,APPLE FRESH JUICE SWEET VARIETY
546,10584,FRESH OPAL APPLES EXTRA FANCY EUROPEAN VARIETY,APPLE EUROPEAN EXTRA FANCY FRESH VARIETY
547,10585,FRESH LUCY GLO APPLES SWEET CRISP VARIETY,APPLE CRISPY FRESH SWEET VARIETY
548,10586,FRESH AUTUMN GLORY APPLES PREMIUM EUROPEAN VARIETY,APPLE AUTUMN EUROPEAN FRESH PREMIUM VARIETY
549,10587,FRESH SUGARBEE APPLES NATURALLY SWEET AND JUICY,APPLE FRESH JUICE NATURAL SUGARBEE SWEET
550,10056,FRESH RED DELICIOUS APPLES LARGE SIZE,APPLE DELICIOUS FRESH LARGE RED SIZE
551,10057,FRESH RED DELICIOUS APPLES LARGE SIZE,APPLE DELICIOUS FRESH LARGE RED SIZE
552,10058,FRESH RED DELICIOUS APPLES SMALL SIZE,APPLE DELICIOUS FRESH RED SIZE SMALL
553,10059,FRESH RED DELICIOUS APPLES SMALL SIZE,APPLE DELICIOUS FRESH RED SIZE SMALL
554,10576,FRESH COSMIC CRISP APPLES SWEET AND JUICY,APPLE COSMIC CRISPY FRESH JUICE SWEET
555,10577,FRESH GRANNY SMITH APPLES LARGE SIZE,APPLE FRESH GRANNY LARGE SIZE SMITH
556,10578,FRESH GRANNY SMITH APPLES LARGE SIZE,APPLE FRESH GRANNY LARGE SIZE SMITH
557,10579,FRESH RED DELICIOUS APPLES LARGE SIZE,APPLE DELICIOUS FRESH LARGE RED SIZE
558,10580,FRESH RED DELICIOUS APPLES LARGE SIZE,APPLE DELICIOUS FRESH LARGE RED SIZE
559,10063,ORGANIC INDIA HASS AVOCADO SMALL SIZE FRESH ORGANIC FRUIT,AVOCADO FRESH FRUIT HASS INDIA ORGANIC SIZE SMALL
560,10062,RELIANCE FRESH HASS AVOCADO MEDIUM SIZE FRESH FRUIT,AVOCADO FRESH FRUIT HASS MEDIUM RELIANCE SIZE
561,10588,RELIANCE FRESH HASS AVOCADO MEDIUM SIZE FRESH FRUIT,AVOCADO FRESH FRUIT HASS MEDIUM RELIANCE SIZE
562,10589,RELIANCE FRESH HASS AVOCADO MEDIUM SIZE FRESH FRUIT,AVOCADO FRESH FRUIT HASS MEDIUM RELIANCE SIZE
563,10590,RELIANCE FRESH HASS AVOCADO MEDIUM SIZE FRESH FRUIT,AVOCADO FRESH FRUIT HASS MEDIUM RELIANCE SIZE
564,10591,RELIANCE FRESH HASS AVOCADO MEDIUM SIZE FRESH FRUIT,AVOCADO FRESH FRUIT HASS MEDIUM RELIANCE SIZE
565,10592,RELIANCE FRESH HASS AVOCADO LARGE SIZE FRESH FRUIT,AVOCADO FRESH FRUIT HASS LARGE RELIANCE SIZE
566,10593,RELIANCE FRESH HASS AVOCADO LARGE SIZE FRESH FRUIT,AVOCADO FRESH FRUIT HASS LARGE RELIANCE SIZE
567,10594,RELIANCE FRESH HASS AVOCADO LARGE SIZE FRESH FRUIT,AVOCADO FRESH FRUIT HASS LARGE RELIANCE SIZE
568,10595,RELIANCE FRESH HASS AVOCADO MEDIUM SIZE FRESH FRUIT,AVOCADO FRESH FRUIT HASS MEDIUM RELIANCE SIZE
569,10596,RELIANCE FRESH HASS AVOCADO LARGE SIZE FRESH FRUIT,AVOCADO FRESH FRUIT HASS LARGE RELIANCE SIZE
570,10601,FRESHO RASPBERRIES PACK,FRESH PACK RASPBERRY
571,10602,FRESHO STRAWBERRIES PACK,FRESH PACK STRAWBERRY
572,10600,NUTRAJ DRIED CRANBERRIES,CRANBERRY DRIED NUTRAJ
573,10598,FRESHO BLUEBERRIES PACK,BLUEBERRY FRESH PACK
574,10599,FRESHO BLUEBERRIES PACK,BLUEBERRY FRESH PACK
575,10603,FRESHO RASPBERRIES PACK,FRESH PACK RASPBERRY
576,10604,FRESHO RASPBERRIES PACK,FRESH PACK RASPBERRY
577,10605,FRESHO STRAWBERRIES PACK,FRESH PACK STRAWBERRY
578,10613,ORGANIC LEMONS 2 KG PACK FRESH AND JUICY,FRESH JUICE LEMON ORGANIC PACK
579,10070,FRESH LEMONS MEDIUM SIZE,FRESH LEMON MEDIUM SIZE
580,10608,FRESH SEEDLESS LEMONS 1 KG PACK,FRESH LEMON PACK SEEDLESS
581,10071,FRESH NAVEL ORANGES SMALL SIZE,FRESH NAVEL ORANGE SIZE SMALL
582,10072,FRESH NAVEL ORANGES MEDIUM SIZE BULK PACK,BULL FRESH MEDIUM NAVEL ORANGE PACK SIZE
583,10609,FRESH CARA CARA NAVEL ORANGES SWEET VARIETY,CARB FRESH NAVEL ORANGE SWEET VARIETY
584,10610,FRESH NAVEL ORANGES 3 KG VALUE PACK,FRESH NAVEL ORANGE PACK VALUE
585,10611,FRESH NAVEL ORANGES 3 KG VALUE PACK,FRESH NAVEL ORANGE PACK VALUE
586,10612,FRESH PREMIUM NAVEL ORANGES SWEET AND JUICY,FRESH JUICE NAVEL ORANGE PREMIUM SWEET
587,10607,FRESH RED GRAPEFRUIT LARGE SIZE,FRESH GRAPEFRUIT LARGE RED SIZE
588,10652,COTTON CANDY GRAPES,CANDY GRAPES
589,10653,MOON DROP GRAPES,GRAPES MOON
590,10642,GREEN GRAPES SEEDLESS,GRAPES GREEN SEEDLESS
591,10643,GREEN GRAPES SEEDLESS,GRAPES GREEN SEEDLESS
592,10644,GREEN GRAPES SEEDLESS,GRAPES GREEN SEEDLESS
593,10645,GREEN GRAPES SEEDLESS,GRAPES GREEN SEEDLESS
594,10646,GREEN GRAPES SEEDLESS,GRAPES GREEN SEEDLESS
595,10647,GREEN GRAPES SEEDLESS,GRAPES GREEN SEEDLESS
596,10648,GREEN GRAPES AUTUMN CRISP,AUTUMN CRISPY GRAPES GREEN
597,10649,RED GRAPES SEEDLESS,GRAPES RED SEEDLESS
598,10650,RED GRAPES SEEDLESS,GRAPES RED SEEDLESS
599,10651,RED GRAPES SEEDLESS,GRAPES RED SEEDLESS
600,10659,RELIANCE FRESH RED SEEDLESS WATERMELON FRESH FRUIT,FRESH FRUIT RED RELIANCE SEEDLESS WATERMELON
601,10083,ORGANIC BARTLETT PEARS LOOSE,BARTLETT LOOSE ORGANIC PEARL
602,10668,ORGANIC BARTLETT PEARS LOOSE,BARTLETT LOOSE ORGANIC PEARL
603,10080,FRESH BOSC PEARS LOOSE,BOSC FRESH LOOSE PEARL
604,10081,FRESH BOSC PEARS LOOSE,BOSC FRESH LOOSE PEARL
605,10082,FRESH GREEN ANJOU PEARS LOOSE,ANJOU FRESH GREEN LOOSE PEARL
606,10079,FRESH BARTLETT PEARS LOOSE,BARTLETT FRESH LOOSE PEARL
607,10667,FRESH BARTLETT PEARS LOOSE,BARTLETT FRESH LOOSE PEARL
608,10728,YELLOW PLUMS,PLUMS YELLOW
609,10726,FRESH APRICOTS,APRICOTS FRESH
610,10092,YELLOW PEACHES LARGE,LARGE PEACH YELLOW
611,10727,YELLOW PEACHES LARGE,LARGE PEACH YELLOW
612,10733,FRESH DRAGON FRUIT EXOTIC TROPICAL FRUIT RICH IN NUTRIENTS,EXOTIC FRESH FRUIT RICH TROPICAL
613,10095,FRESH ALPHANSO MANGO SMALL SIZE SEASONAL SWEET FRUIT,FRESH FRUIT MANGO SEASONING SIZE SMALL SWEET
614,10734,FRESH MANGO LARGE SIZE JUICY AND SWEET PREMIUM QUALITY,FRESH JUICE LARGE MANGO PREMIUM QUALITY SIZE SWEET
615,10735,FRESH MANGO SMALL SIZE JUICY SEASONAL FRUIT,FRESH FRUIT JUICE MANGO SEASONING SIZE SMALL
616,10094,FRESH IMPORTED KIWI FRUIT PREMIUM QUALITY,FRESH FRUIT IMPORTED KIWI PREMIUM QUALITY
617,10606,FRESH RED SWEET CHERRIES PREMIUM QUALITY,CHERRIES FRESH PREMIUM QUALITY RED SWEET
618,10074,FRESHO YELLOW PUMPKIN,FRESH PUMPKIN YELLOW
619,10075,FRESHO YELLOW PUMPKIN,FRESH PUMPKIN YELLOW
620,10621,FRESHO BEETROOT,BEETROOT FRESH
621,10622,FRESHO RED CABBAGE,CABBAGE FRESH RED
622,10623,FRESHO PUMPKIN,FRESH PUMPKIN
623,10624,FRESHO BOTTLE GOURD,BOTTLE FRESH GOURD
624,10625,FRESHO BOTTLE GOURD,BOTTLE FRESH GOURD
625,10626,FRESHO CELERY STALK,CELERY FRESH STALK
626,10627,FRESHO CARROT BUNCH,BUNCH CARROT FRESH
627,10620,FRESHO SPRING ONION,FRESH ONION SPRING
628,10073,FRESHO SPINACH LEAVES,FRESH LEAVES SPINACH
629,10619,FRESHO CELERY STALK,CELERY FRESH STALK
630,10641,ORGANIC FRESH GARLIC BULBS NATURAL FARM PRODUCE,BULBS FARM FRESH GARLIC NATURAL ORGANIC PRODUCE
631,10089,ORGANIC SPRING ONION BUNCH FRESH GREEN SALAD VEGETABLE,BUNCH FRESH GREEN ONION ORGANIC SALAD SPRING VEGETABLE
632,10703,ORGANIC LONG ENGLISH CUCUMBER HOT HOUSE FRESH SALAD VEGETABLE,CUCUMBERS ENGLISH FRESH HOT HOUSE LONG ORGANIC SALAD VEGETABLE
633,10704,ORGANIC CUCUMBER FRESH CRUNCHY SALAD VEGETABLE,CRUNCHY CUCUMBERS FRESH ORGANIC SALAD VEGETABLE
634,10705,ORGANIC LONG ENGLISH CUCUMBER FRESH FARM PRODUCE,CUCUMBERS ENGLISH FARM FRESH LONG ORGANIC PRODUCE
635,10706,ORGANIC RED LEAF LETTUCE FRESH TENDER SALAD VEGETABLE,FRESH LEAF LETTUCE ORGANIC RED SALAD TENDER VEGETABLE
636,10707,ORGANIC ICEBERG LETTUCE FRESH CRISP LEAFY VEGETABLE,CRISPY FRESH ICEBERG LEAF LETTUCE ORGANIC VEGETABLE
637,10708,FRESH RED RADISH BUNCH CRISP ROOT SALAD VEGETABLE,BUNCH CRISPY FRESH RADISH RED ROOT SALAD VEGETABLE
638,10701,FRESH LONG ENGLISH CUCUMBER HOT HOUSE CRISP SALAD VEGETABLE,CRISPY CUCUMBERS ENGLISH FRESH HOT HOUSE LONG SALAD VEGETABLE
639,10702,FRESH LONG ENGLISH CUCUMBER HOT HOUSE PREMIUM QUALITY,CUCUMBERS ENGLISH FRESH HOT HOUSE LONG PREMIUM QUALITY
640,10088,FRESH ICEBERG LETTUCE CRISP LEAFY SALAD VEGETABLE,CRISPY FRESH ICEBERG LEAF LETTUCE SALAD VEGETABLE
641,10729,DEL MONTE SUN DRIED TOMATOES,DEL DRIED MONTE SUN TOMATO
642,10090,FRESH BABY BOK CHOY TENDER ASIAN GREENS,ASIAN BABY BOK CHOW FRESH GREEN TENDER
643,10091,FRESH BOK CHOY ASIAN LEAFY VEGETABLE,ASIAN BOK CHOW FRESH LEAF VEGETABLE
644,10658,GARLIC HERB PASTE BLEND READY TO USE COOKING INGREDIENT,BLEND COOKIES GARLIC HERB INGREDIENT PASTA READY USE
645,10656,LIGHTLY DRIED CORIANDER HERB SEASONING BLEND,BLEND CORIANDER DRIED HERB LIGHT SEASONING
646,10076,ORGANIC ITALIAN PARSLEY FRESH AROMATIC HERB,AUTOMATIC FRESH HERB ITALIAN ORGANIC PARSLEY
647,10654,ORGANIC FRESH CORIANDER LEAVES AROMATIC HERB,AUTOMATIC CORIANDER FRESH HERB LEAVES ORGANIC
648,10655,FRESH CURLY PARSLEY BUNCH AROMATIC HERB,AUTOMATIC BUNCH FRESH HERB PARSLEY
649,10077,FRESH ITALIAN PARSLEY BUNCH AROMATIC COOKING HERB,AUTOMATIC BUNCH COOKIES FRESH HERB ITALIAN PARSLEY
650,10657,ORGANIC FRESH SAGE LEAVES AROMATIC HERB,AUTOMATIC FRESH HERB LEAVES ORGANIC
651,10661,ORGANIC BABY BELLA MUSHROOMS WHOLE FRESH PACK,BABY BELLY FRESH MUSHROOM ORGANIC PACK WHOLE
652,10660,FRESH SLICED PORTOBELLO MUSHROOMS PREMIUM QUALITY,FRESH MUSHROOM PORTOBELLO PREMIUM QUALITY SLICED
653,10078,ORGANIC YELLOW ONIONS JUMBO SIZE FRESH,FRESH JUMBO ONION ORGANIC SIZE YELLOW
654,10662,ORGANIC SWEET ONIONS FRESH PREMIUM QUALITY,FRESH ONION ORGANIC PREMIUM QUALITY SWEET
655,10665,FRESH SWEET YELLOW ONIONS MILD FLAVOUR,FLAVOUR FRESH MILD ONION SWEET YELLOW
656,10663,FRESH RED ONIONS MEDIUM SIZE,FRESH MEDIUM ONION RED SIZE
657,10664,FRESH RED ONIONS PREMIUM QUALITY,FRESH ONION PREMIUM QUALITY RED
658,10670,ORGANIC ORANGE BELL PEPPERS FRESH PREMIUM QUALITY,BELLY FRESH ORANGE ORGANIC PEPPERS PREMIUM QUALITY
659,10671,ORGANIC YELLOW BELL PEPPERS FRESH PREMIUM QUALITY,BELLY FRESH ORGANIC PEPPERS PREMIUM QUALITY YELLOW
660,10064,FRESH ORANGE BELL PEPPERS HOT HOUSE GROWN,BELLY FRESH GROWN HOT HOUSE ORANGE PEPPERS
661,10065,FRESH ORANGE BELL PEPPERS HOT HOUSE GROWN,BELLY FRESH GROWN HOT HOUSE ORANGE PEPPERS
662,10066,FRESH ORANGE BELL PEPPERS HYDROPONIC GREENHOUSE GROWN,BELLY FRESH GREENHOUSE GROWN HYDROPONIC ORANGE PEPPERS
663,10067,FRESH ORANGE BELL PEPPERS HYDROPONIC GREENHOUSE GROWN,BELLY FRESH GREENHOUSE GROWN HYDROPONIC ORANGE PEPPERS
664,10068,FRESH RED BELL PEPPERS HYDROPONIC GREENHOUSE GROWN,BELLY FRESH GREENHOUSE GROWN HYDROPONIC PEPPERS RED
665,10069,FRESH YELLOW BELL PEPPERS HYDROPONIC GREENHOUSE GROWN,BELLY FRESH GREENHOUSE GROWN HYDROPONIC PEPPERS YELLOW
666,10597,FRESH RED BELL PEPPERS HYDROPONIC GREENHOUSE GROWN,BELLY FRESH GREENHOUSE GROWN HYDROPONIC PEPPERS RED
667,10084,FRESH ANAHEIM GREEN CHILLI PEPPERS MILD SPICE,CHILLI FRESH GREEN MILD PEPPERS SPICY
668,10085,FRESH POBLANO CHILLI PEPPERS MILD TO MEDIUM SPICE,CHILLI FRESH MEDIUM MILD PEPPERS SPICY
669,10086,FRESH SERRANO GREEN CHILLI PEPPERS HOT AND SPICY,CHILLI FRESH GREEN HOT PEPPERS SPICY
670,10669,FRESH HABANERO CHILLI PEPPERS EXTRA HOT VARIETY,CHILLI EXTRA FRESH HABANERO HOT PEPPERS VARIETY
671,10672,FRESH PURPLE POTATOES EXOTIC VARIETY,EXOTIC FRESH POTATO PURPLE VARIETY
672,10087,ORGANIC SWEET POTATOES FRESH FARM PRODUCE,FARM FRESH ORGANIC POTATO PRODUCE SWEET
673,10673,ORGANIC BABY GOLDEN POTATOES FRESH PREMIUM QUALITY,BABY FRESH GOLDEN ORGANIC POTATO PREMIUM QUALITY
674,10674,ORGANIC RED POTATOES 3 KG PACK FRESH,FRESH ORGANIC PACK POTATO RED
675,10691,FRESH WARTED PUMPKIN DECORATIVE AND COOKING USE,COOKIES DECORATIVE FRESH PUMPKIN USE
676,10692,FRESH RED PUMPKIN SWEET AND NUTRITIOUS VEGETABLE,FRESH NUTRITION PUMPKIN RED SWEET VEGETABLE
677,10093,RELIANCE FRESH VINE RIPE TOMATOES FRESH RED VEGETABLE,FRESH RED RELIANCE RIPE TOMATO VEGETABLE VINE
678,10730,RELIANCE FRESH LARGE HOT HOUSE TOMATOES FRESH PRODUCE,FRESH HOT HOUSE LARGE PRODUCE RELIANCE TOMATO
679,10731,RELIANCE FRESH CLUSTER TOMATOES FRESH VINE HARVESTED,CLUSTER FRESH HARVEST RELIANCE TOMATO VINE
680,10732,RELIANCE FRESH PACKAGED TOMATOES 6 PIECES FRESH PRODUCE,FRESH PACKAGED PIECES PRODUCE RELIANCE TOMATO
681,10709,READY TO EAT SALAD BOWL SPICY CHICKEN STYLE FRESH MEAL,BOWL CHICKEN EAT FRESH MEAL READY SALAD SPICY STYLE
682,10710,FRESH LETTUCE RED AND GREEN BLEND SALAD LEAVES,BLEND FRESH GREEN LEAVES LETTUCE RED SALAD
683,10711,ORGANIC MIXED SUPER GREENS FRESH SALAD LEAVES,FRESH GREEN LEAVES MIXED ORGANIC SALAD SUPER
684,10712,ORGANIC BABY SPINACH FRESH LEAFY SALAD VEGETABLE,BABY FRESH LEAF ORGANIC SALAD SPINACH VEGETABLE
685,10713,FRESH PUMPKIN FOR PIE SWEET COOKING VEGETABLE,COOKIES FRESH PIE PUMPKIN SWEET VEGETABLE
686,10618,FRESHO BRUSSELS SPROUTS,FRESH SPROUTED
687,10616,FRESHO OKRA,FRESH OKRA
688,10617,FRESHO BROCCOLI MIX,BROCCOLI FRESH MIX
689,10614,FRESH RED GRAPEFRUIT FRUIT CUP IN LIGHT SYRUP,CUP FRESH FRUIT GRAPEFRUIT LIGHT RED SYRUP
690,10615,FRESH RED GRAPEFRUIT FRUIT CUP NO ADDED SUGAR,ADDED CUP FRESH FRUIT GRAPEFRUIT RED SUGAR
691,10714,HAPPILO PREMIUM PECANS,HAPPILO PECANS PREMIUM
692,10715,PROV PREMIUM PECANS,PECANS PREMIUM
693,10716,NUTRAJ TURKISH APRICOTS,APRICOTS NUTRAJ
694,10717,OPEN SECRET DARK CHOCOLATE ALMONDS,ALMOND CHOCOLATE DARK SECRET
695,10718,ROSTAA SPICY TRAIL MIX,MIX ROSTAA SPICY TRAIL
696,10719,YOGA BAR ROCKY ROAD NUT MIX,BAR MIX NUT ROCKY YOGA
697,10720,FARMLEY TROPICAL TRAIL MIX,FARMLEY MIX TRAIL TROPICAL
698,10721,SOKLET DARK CHOCOLATE CHERRY BITES,BITE CHERRY CHOCOLATE DARK
699,10722,FARMLEY RAW PECANS,FARMLEY PECANS RAW
700,10723,ROSTAA CALIFORNIA WALNUT KERNELS,CALIFORNIA KERNELS ROSTAA WALNUT
701,10724,SNACKIBLE YOGURT COATED PRETZELS,COATED PRETZEL YOGURT
702,10725,NUTTY GRITTIES BUTTER TOFFEE PEANUTS,BUTTER NUTTY PEANUT TOFFEE
703,10675,RITEBITE PEANUT BUTTER PROTEIN BAR 50 GRAM PACK,BAR BUTTER GRAM PACK PEANUT PROTEIN RITEBITE
704,10676,YOGA BAR DARK CHOCOLATE PEANUT BUTTER PROTEIN BAR 60 GRAM PACK,BAR BUTTER CHOCOLATE DARK GRAM PACK PEANUT PROTEIN YOGA
705,10636,FRESH CUT BROCCOLI CARROT AND CELERY SNACK PACK WITH RANCH DIP,BROCCOLI CARROT CELERY CUTS DIP FRESH PACK RANCH SNACK
706,10637,FRESH TOMATO CUP READY TO EAT CUT VEGETABLE,CUP CUTS EAT FRESH READY TOMATO VEGETABLE
707,10638,FRESH CAULIFLOWER CUT PIECES READY TO COOK VEGETABLE,CAULIFLOWER COKE CUTS FRESH PIECES READY VEGETABLE
708,10639,FRESH BUTTERNUT SQUASH CUT PIECES READY TO COOK VEGETABLE,BUTTERNUT COKE CUTS FRESH PIECES READY SQUASH VEGETABLE
709,10640,FRESH MIXED MUSHROOMS PACK ASSORTED VARIETY 6 PIECES,ASSORTED FRESH MIXED MUSHROOM PACK PIECES VARIETY
710,10632,FRESH MIXED BERRY CUP READY TO EAT CUT FRUIT,BERRY CUP CUTS EAT FRESH FRUIT MIXED READY
711,10633,FRESH STRAWBERRY PACK READY TO EAT FRUIT,EAT FRESH FRUIT PACK READY STRAWBERRY
712,10634,FRESH CANTALOUPE FRUIT CUP READY TO EAT CUT FRUIT,CUP CUTS EAT FRESH FRUIT READY
713,10635,FRESH PINEAPPLE FRUIT CUP READY TO EAT SWEET PIECES,CUP EAT FRESH FRUIT PIECES PINEAPPLE READY SWEET
714,10666,TOO YUMM! HOT & SWEET POTATO CHIPS 100 GRAM PACK,CHIPS GRAM HOT PACK POTATO SWEET YUMM
715,10628,HAPPILO DRIED BLUEBERRIES 100 GRAM PACK,BLUEBERRY DRIED GRAM HAPPILO PACK
716,10629,HAPPILO DRIED CRANBERRIES 100 GRAM PACK,CRANBERRY DRIED GRAM HAPPILO PACK
717,10630,ROSTAA DRIED CRANBERRIES 100 GRAM PACK,CRANBERRY DRIED GRAM PACK ROSTAA
718,10631,ROSTAA DRIED PINEAPPLE SLICES 100 GRAM PACK,DRIED GRAM PACK PINEAPPLE ROSTAA SLICED
719,10687,RAW PRESSERY GINGER WELLNESS SHOT,GINGER PRESERVED RAW SHOT
720,10688,KAPIVA IMMUNITY SHOT,IMMUNITY KAPIVA SHOT
721,10689,RAW PRESSERY IMMUNITY SHOT CAYENNE,IMMUNITY PRESERVED RAW SHOT
722,10690,KAPIVA IMMUNITY BOOSTER,BOOSTER IMMUNITY KAPIVA
723,10686,PAPER BOAT SPARKLING DRINK GRAPE,BOAT DRINK GRAPES PAPER SPARKLING
724,10677,HAPPYBOOCH KOMBUCHA APPLE,APPLE HAPPYBOOCH KOMBUCHA
725,10678,ATMOSPHERE KOMBUCHA KOMBUCHA HERBAL,ATMOSPHERE HERBAL KOMBUCHA
726,10679,HAPPYBOOCH KOMBUCHA SEASONAL,HAPPYBOOCH KOMBUCHA SEASONING
727,10680,HAPPYBOOCH KOMBUCHA PASSION CITRUS,CITRUS HAPPYBOOCH KOMBUCHA PASSION
728,10681,HAPPYBOOCH KOMBUCHA BERRY LEMON,BERRY HAPPYBOOCH KOMBUCHA LEMON
729,10682,ATMOSPHERE KOMBUCHA KOMBUCHA MIXED BERRY,ATMOSPHERE BERRY KOMBUCHA MIXED
730,10683,HAPPYBOOCH KOMBUCHA LEMON BERRY,BERRY HAPPYBOOCH KOMBUCHA LEMON
731,10684,RAW PRESSERY PROTEIN DRINK CHOCOLATE BANANA,BANANA CHOCOLATE DRINK PRESERVED PROTEIN RAW
732,10685,REAL LEMON JUICE,JUICE LEMON REAL
733,10696,WINGREENS FARMS POPPY SEED DRESSING,DRESSING FARM SEEDS WINGREENS
734,10694,VEEBA RANCH DRESSING,DRESSING RANCH VEEBA
735,10695,DR. OETKER FUNFOODS JALAPENO MAYO DIP,DIP FUNFOODS JALAPENO MAYO OETKER
736,10697,VEEBA BALSAMIC VINAIGRETTE,BALSAMIC VEEBA VINAIGRETTE
737,10698,WINGREENS FARMS CREAMY CHEESE DRESSING,CHEESE CREAMY DRESSING FARM WINGREENS
738,10699,VEEBA CHEESY JALAPENO DRESSING,CHEESE DRESSING JALAPENO VEEBA
739,10700,CREMICA CAESAR SALAD DRESSING,CAESAR CREMICA DRESSING SALAD
740,11352,LA GNOCCHERIA POTATO GNOCCHI GLUTEN FREE PASTA,FREE GLUTEN GNOCCHI PASTA POTATO
741,11353,ROASTED PEPPER & CHEESE RAVIOLI,CHEESE PEPPERS RAVIOLI ROASTED
742,11354,ACASA RAVIOLI PASTA,PASTA RAVIOLI
743,11355,STYLPASTA RAVIOLI RICOTTA SPINACH,RAVIOLI RICOTTA SPINACH
744,11356,POPOÆS RAVIOLI PESTO RICOTTA,PESTO RAVIOLI RICOTTA
745,11357,CULINARIA TORTELLINI PACK,PACK TORTELLINI
746,11358,BORGES TORTELLINI PASTA,BORGES PASTA TORTELLINI
747,11359,DISANO PASTA PACK,PACK PASTA
748,11360,DEL MONTE PASTA PACK,DEL MONTE PACK PASTA
749,11361,BORGES FUSILLI PASTA,BORGES PASTA
750,11362,BORGES PENNE PASTA,BORGES PASTA PENNE
751,11363,BORGES FETTUCCINE PASTA,BORGES FETTUCCINE PASTA
752,11364,BORGES LINGUINE PASTA,BORGES PASTA
753,11365,DEL MONTE ALFREDO PASTA SAUCE,ALFREDO DEL MONTE PASTA SAUCE
754,11366,DEL MONTE MARINARA SAUCE,DEL MARINADE MONTE SAUCE
755,11367,VEEBA BASIL PESTO SAUCE,BASIL PESTO SAUCE VEEBA
756,11368,VEEBA BASIL PESTO SAUCE FAMILY PACK,BASIL FAMILY PACK PESTO SAUCE VEEBA
757,10206,PRASUMA CHICKEN HAM SLICES,CHICKEN HAM PRASUMA SLICED
758,10207,MEATIGO MILANO SALAMI,MEATIGO MILANO SALAMI
759,10208,MEATIGO SMOKED CHICKEN DELI SLICES,CHICKEN DEL MEATIGO SLICED SMOKE
760,10209,PRASUMA SMOKED CHICKEN HAM,CHICKEN HAM PRASUMA SMOKE
761,10210,LICIOUS SMOKED CHICKEN HAM COLD CUTS,CHICKEN COLA CUTS HAM LICIOUS SMOKE
762,10211,PRASUMA ENGLISH SMOKED CHICKEN HAM,CHICKEN ENGLISH HAM PRASUMA SMOKE
763,10212,MEATIGO HONEY GLAZED HAM,GLAZED HAM HONEY MEATIGO
764,10213,MEATIGO BLACK FOREST HAM,BLACK FOREST HAM MEATIGO
765,10214,MEATIGO SMOKED CHICKEN BREAST SLICES,BREAST CHICKEN MEATIGO SLICED SMOKE
766,10215,PRASUMA SALAMI & CHEESE SNACK BOX,BOX CHEESE PRASUMA SALAMI SNACK
767,11256,GODREJ CHICKEN LOAF SLICES,CHICKEN GODREJ LOAF SLICED
768,11257,PRASUMA GRILLED CHICKEN SLICES,CHICKEN GRILLED PRASUMA SLICED
769,11258,MEATIGO HONEY CURED HAM,HAM HONEY MEATIGO
770,11259,MEATIGO MAPLE GLAZED HAM,GLAZED HAM MAPLE MEATIGO
771,11260,PRASUMA CHICKEN PEPPERONI PREMIUM,CHICKEN PEPPERS PRASUMA PREMIUM
772,11261,PRASUMA CHICKEN PEPPERONI SLICES,CHICKEN PEPPERS PRASUMA SLICED
773,11262,PRASUMA SALAMI & CHEESE SNACK PACK,CHEESE PACK PRASUMA SALAMI SNACK
774,11263,MEATIGO MILANO SALAMI,MEATIGO MILANO SALAMI
775,11264,MEATIGO CHICKEN SAUSAGE SNACK PACK,CHICKEN MEATIGO PACK SAUSAGE SNACK
776,11265,PRASUMA CHICKEN SALAMI,CHICKEN PRASUMA SALAMI
777,11266,PRASUMA CHICKEN SALAMI,CHICKEN PRASUMA SALAMI
778,11267,PRASUMA CHICKEN SALAMI,CHICKEN PRASUMA SALAMI
779,11268,PRASUMA CHICKEN SALAMI BULK PACK,BULL CHICKEN PACK PRASUMA SALAMI
780,11269,GODREJ CHICKEN SALAMI,CHICKEN GODREJ SALAMI
781,11270,MEATIGO HAM & CHEESE COMBO,CHEESE COMBO HAM MEATIGO
782,11271,PRASUMA CHICKEN CHILLI SALAMI,CHICKEN CHILLI PRASUMA SALAMI
783,11272,LICIOUS HAM & CHEESE SAUSAGE,CHEESE HAM LICIOUS SAUSAGE
784,11273,PRASUMA GOURMET MEAT PACK,GOURMET MEAL PACK PRASUMA
785,11274,MEATIGO COMBO PACK,COMBO MEATIGO PACK
786,11275,GODREJ CHICKEN SALAMI,CHICKEN GODREJ SALAMI
787,10216,AMUL HAVARTI CHEESE SLICES,AMUL CHEESE SLICED
788,10222,BRITANNIA CHEESE SLICES,BRITANNIA CHEESE SLICED
789,10223,BRITANNIA CHEESE SLICES,BRITANNIA CHEESE SLICED
790,10224,AMUL JALAPENO CHEESE SLICES,AMUL CHEESE JALAPENO SLICED
791,10225,AMUL PEPPER JACK CHEESE,AMUL CHEESE JACK PEPPERS
792,10226,AMUL FRESH CHEESE BLOCK,AMUL BLOCK CHEESE FRESH
793,10227,AMUL PROVOLONE CHEESE,AMUL CHEESE PROVOLONE
794,10235,GO CHEESE SWISS SLICES,CHEESE SLICED SWISS
795,10236,AMUL MOZZARELLA STRING CHEESE,AMUL CHEESE MOZZARELLA
796,10239,BRITANNIA CHEESE SLICES PACK,BRITANNIA CHEESE PACK SLICED
797,11293,AMUL CHEDDAR BLOCK,AMUL BLOCK CHEDDAR
798,11294,GO CHEESE SWISS CHEESE,CHEESE SWISS
799,11326,AMUL CAMEMBERT CHEESE,AMUL CHEESE
800,11327,AMUL BRIE CHEESE,AMUL BRIE CHEESE
801,11328,AMUL BRIE CHEESE BLOCK,AMUL BLOCK BRIE CHEESE
802,11329,GO CHEESE BRIE BITES,BITE BRIE CHEESE
803,11330,AMUL GOAT CHEESE CHUNK,AMUL CHEESE CHUNKS GOAT
804,11331,AMUL SMOKED CHEDDAR,AMUL CHEDDAR SMOKE
805,11332,AMUL PREMIUM CHEDDAR,AMUL CHEDDAR PREMIUM
806,11333,AMUL CHEESE CUBES,AMUL CHEESE CUBES
807,11334,AMUL GOAT CHEESE BLUEBERRY,AMUL BLUEBERRY CHEESE GOAT
808,11335,AMUL GOAT CHEESE SPREAD,AMUL CHEESE GOAT SPREAD
809,11336,AMUL MOZZARELLA BALLS,AMUL BALLS MOZZARELLA
810,11337,AMUL SMOKED GOUDA,AMUL GOUDA SMOKE
811,11338,GO CHEESE GOUDA WEDGES,CHEESE GOUDA
812,11339,AMUL AGED GOUDA,AGED AMUL GOUDA
813,11340,BRITANNIA CHEESE SPREAD,BRITANNIA CHEESE SPREAD
814,11341,EPIGAMIA CHEESE SPREAD,CHEESE EPIGAMIA SPREAD
815,11342,EPIGAMIA CHEESE SPREAD,CHEESE EPIGAMIA SPREAD
816,11349,BRITANNIA CHEESE SLICES,BRITANNIA CHEESE SLICED
817,10240,GODREJ YUMMIEZ SEAFOOD SALAD,GODREJ SALAD SEAFOOD YUMMIEZ
818,11232,GODREJ YUMMIEZ CHICKEN CAESAR SALAD,CAESAR CHICKEN GODREJ SALAD YUMMIEZ
819,11350,VEEBA PASTA SALAD ROTINI,PASTA SALAD VEEBA
820,11351,VEEBA THREE BEAN SALAD,BEANS SALAD VEEBA
821,11369,VEEBA POTATO SALAD,POTATO SALAD VEEBA
822,11381,URBAN PLATTER PASTA SALAD,PASTA PLATES SALAD URBAN
823,11382,URBAN PLATTER KALE MANGO SALAD,KALE MANGO PLATES SALAD URBAN
824,11383,URBAN PLATTER ENERGY SALAD,ENERGY PLATES SALAD URBAN
825,11384,GODREJ YUMMIEZ CHICKEN SALAD,CHICKEN GODREJ SALAD YUMMIEZ
826,11385,VEEBA TUSCAN SALAD,SALAD VEEBA
827,10218,JELLICE JELLY CRYSTALS,CRYSTALS JELLICE JELLY
828,10219,SMOOR PUMPKIN DESSERT MOUSSE,DESSERT PUMPKIN
829,10220,WINGREENS CHEESY PASTA SALAD,CHEESE PASTA SALAD WINGREENS
830,10221,WINGREENS HERBED POTATO SALAD,HERBED POTATO SALAD WINGREENS
831,11280,NOTO BERRY YOGURT DESSERT,BERRY DESSERT YOGURT
832,11281,BASKIN ROBBINS RASPBERRY DESSERT,DESSERT RASPBERRY
833,11282,AMUL PISTACHIO SHRIKHAND,AMUL PISTACHIO SHRIKHAND
834,11283,CREAMBELL FRUIT & CREAM DESSERT,CREAMBELL CREAMY DESSERT FRUIT
835,11284,WINGREENS RUSSIAN SALAD,SALAD WINGREENS
836,11285,WINGREENS MACARONI SALAD,MACARONI SALAD WINGREENS
837,11286,WINGREENS GARDEN PASTA SALAD,GARDEN PASTA SALAD WINGREENS
838,11287,WINGREENS MUSTARD POTATO SALAD,MUSTARD POTATO SALAD WINGREENS
839,11288,WINGREENS MUSTARD POTATO SALAD,MUSTARD POTATO SALAD WINGREENS
840,11289,DEL MONTE SALAD FILLING,DEL FILLING MONTE SALAD
841,11290,WINGREENS AMERICAN MUSTARD DIP,AMERICAN DIP MUSTARD WINGREENS
842,11291,WINGREENS HERBED POTATO SALAD,HERBED POTATO SALAD WINGREENS
843,11292,WINGREENS POTATO SALAD,POTATO SALAD WINGREENS
844,11233,BRITANNIA PRETZEL SLIDER BUNS,BRITANNIA BUNS PRETZEL SLIDER
845,11234,BRITANNIA HAMBURGER BUNS PACK,BRITANNIA BUNS HAMBURGER PACK
846,11235,BRITANNIA BUTTER ROLLS,BRITANNIA BUTTER ROLLS
847,11236,BRITANNIA PRETZEL BURGER BUNS,BRITANNIA BUNS BURGER PRETZEL
848,11237,BRITANNIA SWEET ROLLS,BRITANNIA ROLLS SWEET
849,11238,HALDIRAM'S NAAN DIPPERS,DIPPERS HALDIRAM NAAN
850,11239,HALDIRAM'S NAAN CRISPS,CRISPY HALDIRAM NAAN
851,11370,RELIANCE FRESH CHICKEN MEAT & CHEESE PLATTER,CHEESE CHICKEN FRESH MEAL PLATES RELIANCE
852,11371,RELIANCE FRESH FRUIT & CHEESE PLATTER,CHEESE FRESH FRUIT PLATES RELIANCE
853,11372,GODREJ YUMMIEZ CHICKEN SALAMI PARTY TRAY,CHICKEN GODREJ PARTY SALAMI TRAP YUMMIEZ
854,11373,RELIANCE FRESH CLASSIC MEAT & CHEESE PLATTER,CHEESE CLASSIC FRESH MEAL PLATES RELIANCE
855,11374,RELIANCE FRESH CLASSIC MEAT & CHEESE PLATTER,CHEESE CLASSIC FRESH MEAL PLATES RELIANCE
856,11375,RELIANCE FRESH DELI PARTY PACK,DEL FRESH PACK PARTY RELIANCE
857,11376,RELIANCE FRESH CHICKEN SANDWICH PLATTER,CHICKEN FRESH PLATES RELIANCE SANDWICH
858,11377,RELIANCE FRESH CHICKEN BAGUETTE PLATTER,CHICKEN FRESH PLATES RELIANCE
859,11378,RELIANCE FRESH CHICKEN PARTY ROLL PLATTER,CHICKEN FRESH PARTY PLATES RELIANCE ROLLS
860,11379,RELIANCE FRESH VEG PLATTER,FRESH PLATES RELIANCE VEG
861,11380,RELIANCE FRESH VEG PLATTER,FRESH PLATES RELIANCE VEG
862,11386,GODREJ YUMMIEZ SAUSAGE & CHEESE PLATTER,CHEESE GODREJ PLATES SAUSAGE YUMMIEZ
863,11387,RELIANCE FRESH CHICKEN COLD CUTS PLATTER,CHICKEN COLA CUTS FRESH PLATES RELIANCE
864,11388,RELIANCE FRESH PARTY SNACK PLATTER,FRESH PARTY PLATES RELIANCE SNACK
865,11389,RELIANCE FRESH PREMIUM SNACK PLATTER,FRESH PLATES PREMIUM RELIANCE SNACK
866,11390,GODREJ YUMMIEZ PEPPERONI SNACK TRAY,GODREJ PEPPERS SNACK TRAP YUMMIEZ
867,11391,GODREJ YUMMIEZ CHICKEN SNACK TRAY,CHICKEN GODREJ SNACK TRAP YUMMIEZ
868,10228,TASTY NIBBLES TUNA SNACK,NIBBLES SNACK TASTE TUNA
869,11295,AMUL CHEESE SNACK PACK,AMUL CHEESE PACK SNACK
870,11296,BRITANNIA CHEESE SNACK PACK,BRITANNIA CHEESE PACK SNACK
871,11297,AMUL CHEESE SLICES SNACK,AMUL CHEESE SLICED SNACK
872,11298,BRITANNIA BISCUIT SNACK PACK,BISCUIT BRITANNIA PACK SNACK
873,11299,AMUL CHEESE CUBES PACK,AMUL CHEESE CUBES PACK
874,11300,BRITANNIA CHEESE SNACK PACK,BRITANNIA CHEESE PACK SNACK
875,11301,VENKYÆS CHICKEN SNACK PACK,CHICKEN PACK SNACK VENKY
876,11302,TASTY NIBBLES TUNA SNACK,NIBBLES SNACK TASTE TUNA
877,11303,LICIOUS CHICKEN SNACK PACK,CHICKEN LICIOUS PACK SNACK
878,11304,TASTY NIBBLES TUNA PACK,NIBBLES PACK TASTE TUNA
879,11305,KELLOGGÆS SNACK PACK,KELLOGG PACK SNACK
880,11306,AMUL PIZZA SNACK,AMUL PIZZA SNACK
881,11307,GODREJ CHICKEN SNACK PACK,CHICKEN GODREJ PACK SNACK
882,11308,ZORABIAN CHICKEN SNACK,CHICKEN SNACK ZORABIAN
883,11309,TASTY NIBBLES TUNA SNACK,NIBBLES SNACK TASTE TUNA
884,11310,TASTY NIBBLES TUNA PACK,NIBBLES PACK TASTE TUNA
885,11311,LICIOUS CHICKEN PACK,CHICKEN LICIOUS PACK
886,11312,LICIOUS CHICKEN SNACK,CHICKEN LICIOUS SNACK
887,10203,VEEBA SPICY GHOST CHILLI DIP,CHILLI DIP SPICY VEEBA
888,10204,AMUL CHEESE SPREAD DIP,AMUL CHEESE DIP SPREAD
889,10205,EPIGAMIA LEMON DESSERT DIP,DESSERT DIP EPIGAMIA LEMON
890,10217,WINGREENS PUMPKIN DESSERT DIP,DESSERT DIP PUMPKIN WINGREENS
891,11240,VEEBA SANDWICH SAUCE DIP,DIP SANDWICH SAUCE VEEBA
892,11241,VEEBA BUFFALO SAUCE DIP,BUFFALO DIP SAUCE VEEBA
893,11242,WINGREENS MEXICALI DIP,DIP MEXICAN WINGREENS
894,11243,VEEBA ONION DIP,DIP ONION VEEBA
895,11244,VEEBA CHIPOTLE DIP,CHIPOTLE DIP VEEBA
896,11245,AMUL CHEESE DIP,AMUL CHEESE DIP
897,11246,WINGREENS GUACAMOLE DIP,DIP WINGREENS
898,11247,EPIGAMIA CHOCOLATE HUMMUS,CHOCOLATE EPIGAMIA HUMMUS
899,11248,WINGREENS SPICY HUMMUS,HUMMUS SPICY WINGREENS
900,11249,WINGREENS ROASTED CAPSICUM HUMMUS,CAPSICUM HUMMUS ROASTED WINGREENS
901,11250,VEEBA HUMMUS,HUMMUS VEEBA
902,11251,WINGREENS LEMON HUMMUS,HUMMUS LEMON WINGREENS
903,11252,24 MANTRA HUMMUS,HUMMUS MANTRA
904,11253,WINGREENS MANGO HUMMUS,HUMMUS MANGO WINGREENS
905,11254,24 MANTRA CLASSIC HUMMUS,CLASSIC HUMMUS MANTRA
906,11255,WINGREENS HUMMUS SNACK PACK,HUMMUS PACK SNACK WINGREENS
907,11276,VEEBA SALSA DIP,DIP SALT VEEBA
908,11277,WINGREENS SALSA DIP,DIP SALT WINGREENS
909,11278,VEEBA TOMATO SALSA,SALT TOMATO VEEBA
910,11279,WINGREENS GREEN SALSA,GREEN SALT WINGREENS
911,10229,BORGES KALAMATA OLIVES,BORGES OLIVES
912,10230,FIGARO GREEN OLIVES,FIGARO GREEN OLIVES
913,10231,URBAN PLATTER OLIVES,OLIVES PLATES URBAN
914,10232,BORGES GRILLED OLIVES,BORGES GRILLED OLIVES
915,10233,PRAVIN PICKLE,PICKLED PRAVIN
916,10234,NEO PICKLE CHIPS,CHIPS NEO PICKLED
917,10237,UNIBIC CRACKERS,CRACKERS UNIBIC
918,10238,BINGO TORTILLA CHIPS,BINGO CHIPS TORTILLA
919,11313,AMUL CHEESE PLATTER,AMUL CHEESE PLATES
920,11314,VEEBA BRUSCHETTA,VEEBA
921,11315,FIGARO MIXED OLIVES,FIGARO MIXED OLIVES
922,11316,URBAN PLATTER SAUERKRAUT,PLATES SAUERKRAUT URBAN
923,11317,PRAVIN PICKLE SPEARS,PICKLED PRAVIN SPEARS
924,11318,URBAN PLATTER PICKLED GHERKINS,GHERKINS PICKLED PLATES URBAN
925,11319,NEO PICKLE BITES,BITE NEO PICKLED
926,11320,BRITANNIA CRACKERS,BRITANNIA CRACKERS
927,11321,BRITANNIA MINI CRACKERS,BRITANNIA CRACKERS MINT
928,11322,BRITANNIA CRACKERS,BRITANNIA CRACKERS
929,11323,TOO YUMM CHIPS,CHIPS YUMM
930,11324,BRITANNIA CRACKERS,BRITANNIA CRACKERS
931,11325,TOO YUMM PRETZEL BITES,BITE PRETZEL YUMM
932,11343,URBAN PLATTER CRISPS,CRISPY PLATES URBAN
933,11344,TOO YUMM PITA CHIPS,CHIPS PITA YUMM
934,11345,TOO YUMM PITA CHIPS,CHIPS PITA YUMM
935,11346,URBAN PLATTER PITA CHIPS,CHIPS PITA PLATES URBAN
936,11347,TOO YUMM THIN CHIPS,CHIPS THIN YUMM
937,11348,TOO YUMM PRETZEL CRISPS,CRISPY PRETZEL YUMM
938,10192,STORE COUPON DISCOUNT,COUPON DISCOUNT STORE
939,10951,SENSODYNE PRONAMEL MINT TOOTHPASTE,MINT PRONAMEL SENSODYNE TOOTHPASTE
940,10950,SENSODYNE INTENSIVE ENAMEL REPAIR TOOTHPASTE FOR SENSITIVE TEETH PROTECTION,ENAMEL INTENSIVE PROTECTION REPAIR SENSITIVE SENSODYNE TEETH TOOTHPASTE
941,10946,SENSODYNE PRONAMEL TOOTHPASTE WITH FRESH WAVE FLAVOUR FOR ENAMEL CARE,CARB ENAMEL FLAVOUR FRESH PRONAMEL SENSODYNE TOOTHPASTE WAVY
942,10949,SENSODYNE PRONAMEL INTENSIVE REPAIR TOOTHPASTE,INTENSIVE PRONAMEL REPAIR SENSODYNE TOOTHPASTE
943,10947,SENSODYNE PRONAMEL GENTLE WHITENING TOOTHPASTE,GENTLE PRONAMEL SENSODYNE TOOTHPASTE WHITENING
944,10948,SENSODYNE PRONAMEL FRESH WAVE TOOTHPASTE,FRESH PRONAMEL SENSODYNE TOOTHPASTE WAVY
945,10945,SENSODYNE PRONAMEL MULTI-ACTION TOOTHPASTE,ACTION MULTI PRONAMEL SENSODYNE TOOTHPASTE
946,10952,SENSODYNE PRONAMEL FRESH MINT TOOTHPASTE,FRESH MINT PRONAMEL SENSODYNE TOOTHPASTE
947,10953,PARODONTAX WHITENING TOOTHPASTE,TOOTHPASTE WHITENING
948,10954,COLGATE TOTAL DEEP CLEAN MINT TOOTHPASTE,CLEAR COLGATE DEEP MINT TOOTHPASTE TOTAL
949,10956,HIMALAYA SPARKLING WHITE HERBAL TOOTHPASTE,HERBAL HIMALAYAN SPARKLING TOOTHPASTE WHITE
950,10957,COLGATE VISIBLE WHITE TOOTHPASTE,COLGATE TOOTHPASTE VISIBLE WHITE
951,10958,COLGATE VISIBLE WHITE TOOTHPASTE TWIN PACK,COLGATE PACK TOOTHPASTE TWIN VISIBLE WHITE
952,10967,SENSODYNE SENSITIVITY & GUM CLEAN TOOTHPASTE,CLEAR GUM SENSITIVE SENSODYNE TOOTHPASTE
953,10959,SENSODYNE EXTRA WHITENING TOOTHPASTE TWIN PACK,EXTRA PACK SENSODYNE TOOTHPASTE TWIN WHITENING
954,10964,SENSODYNE SENSITIVITY & GUM CARE TOOTHPASTE,CARB GUM SENSITIVE SENSODYNE TOOTHPASTE
955,10966,SENSODYNE SENSITIVITY WHITENING TOOTHPASTE,SENSITIVE SENSODYNE TOOTHPASTE WHITENING
956,10963,SENSODYNE SENSITIVE TEETH WHITENING TOOTHPASTE,SENSITIVE SENSODYNE TEETH TOOTHPASTE WHITENING
957,10962,SENSODYNE REPAIR & PROTECT WHITENING TOOTHPASTE,PROTEIN REPAIR SENSODYNE TOOTHPASTE WHITENING
958,10960,SENSODYNE COMPLETE PROTECTION EXTRA FRESH TOOTHPASTE,COMPLETE EXTRA FRESH PROTECTION SENSODYNE TOOTHPASTE
959,10965,SENSODYNE COMPLETE PROTECTION TOOTHPASTE,COMPLETE PROTECTION SENSODYNE TOOTHPASTE
960,10961,SENSODYNE MINT TOOTHPASTE,MINT SENSODYNE TOOTHPASTE
961,10968,COLGATE VISIBLE WHITE O2 TOOTHPASTE,COLGATE TOOTHPASTE VISIBLE WHITE
962,10969,COLGATE VISIBLE WHITE TOOTHPASTE,COLGATE TOOTHPASTE VISIBLE WHITE
963,10970,COLGATE ACTIVE SALT CHARCOAL TOOTHPASTE,ACTIV CHARCOAL COLGATE SALT TOOTHPASTE
964,10971,COLGATE VISIBLE WHITE TOOTHPASTE,COLGATE TOOTHPASTE VISIBLE WHITE
965,10972,SENSODYNE PRONAMEL WHITENING TOOTHPASTE,PRONAMEL SENSODYNE TOOTHPASTE WHITENING
966,11109,HIMALAYA LIP BALM CHERRY,BALM CHERRY HIMALAYAN LIP
967,11110,BOROLINE ANTISEPTIC CREAM,CREAMY
968,11108,NIVEA LIP BALM ORIGINAL CARE STICK PACK OF 3,BALM CARB LIP NIVEA ORIGINAL PACK STICK
969,11111,DABUR CHYAWANPRASH GUMMIES,DABUR
970,11133,GILLETTE SENSITIVE SKIN SHAVING GEL ALOE,ALOE GEL GILLETTE SENSITIVE SHAVING SKIN
971,11141,GILLETTE SENSITIVE SKIN SHAVING GEL,GEL GILLETTE SENSITIVE SHAVING SKIN
972,11139,GILLETTE ULTRA SENSITIVE SHAVING GEL,GEL GILLETTE SENSITIVE SHAVING ULTRA
973,11138,GILLETTE MOISTURIZING SHAVING GEL,GEL GILLETTE MOISTURIZING SHAVING
974,11140,PARK AVENUE TEA TREE SHAVING GEL,AVENUE GEL PARK SHAVING TEA
975,11137,GILLETTE ALOE VERA SHAVING GEL,ALOE GEL GILLETTE SHAVING VERA
976,11136,PARK AVENUE CEDARWOOD & SHEA BUTTER SHAVING GEL,AVENUE BUTTER GEL PARK SHAVING SHEA
977,11150,KHADI NATURAL LAVENDER BATH SALT,BATH KHADI LAVENDER NATURAL SALT
978,11149,KHADI NATURAL SEA SALT BATH SALT,BATH KHADI NATURAL SALT SEA
979,11154,PATANJALI HIMALAYAN BATH SALT,BATH HIMALAYAN PATANJALI SALT
980,11155,SOULFLOWER EUCALYPTUS BATH SALT,BATH EUCALYPTUS SALT SOULFLOWER
981,11153,KHADI NATURAL SLEEP THERAPY BATH SALT,BATH KHADI NATURAL SALT SLEEPY THERAPY
982,11152,PATANJALI STRESS RELIEF BATH SALT,BATH PATANJALI SALT
983,11151,AROMAHPURE NATURAL LAVENDER BATH SALT,BATH LAVENDER NATURAL SALT
984,11156,SOULFLOWER EUCALYPTUS BATH SALT,BATH EUCALYPTUS SALT SOULFLOWER
985,11158,KHADI NATURAL LAVENDER BUBBLE BATH,BATH BUBBLE KHADI LAVENDER NATURAL
986,11157,KHADI NATURAL RELAXING BUBBLE BATH,BATH BUBBLE KHADI NATURAL RELAXING
987,11160,THE LOVE CO ELDERBERRY BUBBLE BATH,BATH BUBBLE LOVE
988,11159,KHADI NATURAL LAVENDER SLEEP THERAPY BUBBLE BATH,BATH BUBBLE KHADI LAVENDER NATURAL SLEEPY THERAPY
989,11162,DOVE MEN+CARE EXTRA FRESH BODY WASH,BODY CARB DOVE EXTRA FRESH MEN WASH
990,11161,DOVE MEN+CARE EXTRA FRESH BODY WASH,BODY CARB DOVE EXTRA FRESH MEN WASH
991,11163,NIVEA MEN DEEP IMPACT SHOWER GEL,DEEP GEL MEN NIVEA SHOWER
992,11166,DOVE SENSITIVE SKIN BODY WASH,BODY DOVE SENSITIVE SKIN WASH
993,11164,DOVE DEEPLY NOURISHING BODY WASH,BODY DOVE WASH
994,11165,NIVEA COCONUT & JOJOBA OIL BODY WASH,BODY COCONUT NIVEA OIL WASH
995,11167,DOVE RELAXING CARE BODY WASH,BODY CARB DOVE RELAXING WASH
996,11168,LIFEBUOY TOTAL HAND SANITIZER GEL,GEL HAND LIFEBUOY SANITIZER TOTAL
997,11169,LIFEBUOY TOTAL 10 HAND SANITIZER GEL,GEL HAND LIFEBUOY SANITIZER TOTAL
998,11170,LIFEBUOY HAND SANITIZER PUMP BOTTLE,BOTTLE HAND LIFEBUOY SANITIZER
999,11171,PARACHUTE ADVANCED BODY OIL,ADVANCED BODY OIL
1000,11172,VASELINE DAILY MOISTURIZING BODY LOTION FRAGRANCE FREE,BODY DAILY FRAGRANCE FREE LOTION MOISTURIZING
1001,11173,NIVEA FRUITY SHINE LIP BALM,BALM FRUIT LIP NIVEA SHINE
1002,11174,NIVEA FRUITY SHINE LIP BALM,BALM FRUIT LIP NIVEA SHINE
1003,11175,NIVEA ORIGINAL CARE LIP BALM SPF 15,BALM CARB LIP NIVEA ORIGINAL SPF
1004,11176,LAKME LIP LOVE LIP BALM STRAWBERRY,BALM LIP LOVE STRAWBERRY
1005,11177,NEUTROGENA ULTRA SHEER SUNSCREEN SPF 50,NEUTROGENA SPF SUNSCREEN ULTRA
1006,11178,NIVEA SUN PROTECT & MOISTURE SPF 50 LOTION,LOTION MOISTURE NIVEA PROTEIN SPF SUN
1007,11179,LOTUS HERBALS SAFE SUN SPORT SPF 30 SUNSCREEN,HERBAL SAFE SPF SPORTS SUN SUNSCREEN
1008,11181,CETAPHIL MOISTURISING LOTION,CETAPHIL LOTION MOISTURIZING
1009,11180,CETAPHIL GENTLE SKIN CLEANSER,CETAPHIL CLEANER GENTLE SKIN
1010,11182,NEUTROGENA HYDRO BOOST WATER GEL CLEANSER,BOOSTER CLEANER GEL HYDRO NEUTROGENA WATER
1011,11184,NEUTROGENA HYDRO BOOST WATER GEL,BOOSTER GEL HYDRO NEUTROGENA WATER
1012,11183,CETAPHIL GENTLE SKIN CLEANSER,CETAPHIL CLEANER GENTLE SKIN
1013,11393,CARBAMIDE FORTE VITAMIN D3 60K IU SOFTGEL CAPSULES,CAPSULES CARBAMIDE FORTE SOFTGEL VITAMIN
1014,11395,CARBAMIDE FORTE PROBIOTIC 14 STRAIN CAPSULES,CAPSULES CARBAMIDE FORTE PROBIOTIC
1015,11396,CARBAMIDE FORTE MELATONIN 3 MG TABLETS,CARBAMIDE FORTE MELATONIN TABLETS
1016,11397,CARBAMIDE FORTE MELATONIN 3 MG TABLETS,CARBAMIDE FORTE MELATONIN TABLETS
1017,11398,HEALTHKART FISH OIL 1200 MG LEMON FLAVOUR SOFTGELS,FISH FLAVOUR LEMON OIL SOFTGEL
1018,10242,HIMALAYA BABY SHAMPOO & BODY WASH LAVENDER,BABY BODY HIMALAYAN LAVENDER SHAMPOO WASH
1019,10241,HIMALAYA BABY CONDITIONER LAVENDER,BABY CONDITIONER HIMALAYAN LAVENDER
1020,10243,HIMALAYA BABY LOTION LAVENDER,BABY HIMALAYAN LAVENDER LOTION
1021,10244,HIMALAYA BABY SHAMPOO & BODY WASH SENSITIVE,BABY BODY HIMALAYAN SENSITIVE SHAMPOO WASH
1022,10245,HIMALAYA BABY SHAMPOO & BODY WASH SWEET CREAM COMFORT,BABY BODY COMFORT CREAMY HIMALAYAN SHAMPOO SWEET WASH
1023,10246,HIMALAYA BABY BODY WASH SWEET ALMOND,ALMOND BABY BODY HIMALAYAN SWEET WASH
1024,10247,HIMALAYA BABY DIAPER RASH CREAM,BABY CREAMY HIMALAYAN
1025,10445,HIMALAYA PURIFYING NEEM FACE WASH STICK,FACE HIMALAYAN STICK WASH
1026,10450,MAYBELLINE FIT ME FOUNDATION STICK MAPLE,FIT FOUNDATION MAPLE MAYBELLINE STICK
1027,10452,LAKMΘ INVISIBLE FINISH FOUNDATION IVORY,FINISH FOUNDATION IVORY LAKM
1028,10443,SUGAR COSMETICS FACE MAKEUP STICK OAK,COSMETICS FACE MAKEUP OAK STICK SUGAR
1029,10449,FACES CANADA FOUNDATION STICK CREAMY BEIGE,BEIGE CANADA CREAMY FACE FOUNDATION STICK
1030,10454,LAKMΘ LIQUID HIGHLIGHTER DEW FROST,FROSTED LAKM LIQUID
1031,10459,MAYBELLINE FIT ME FOUNDATION TAN,FIT FOUNDATION MAYBELLINE TATA
1032,10446,COLORBAR FOUNDATION STICK BISQUE,COLORBAR FOUNDATION STICK
1033,10460,SUGAR COSMETICS FOUNDATION STICK WALNUT,COSMETICS FOUNDATION STICK SUGAR WALNUT
1034,10448,FACES CANADA FOUNDATION STICK IVORY,CANADA FACE FOUNDATION IVORY STICK
1035,10451,LAKMΘ FOUNDATION STICK NUDE,FOUNDATION LAKM NUDE STICK
1036,10453,MAYBELLINE FOUNDATION STICK FLORAL TONE,FOUNDATION MAYBELLINE STICK TONE
1037,10447,COLORBAR FOUNDATION PORCELAIN,COLORBAR FOUNDATION PORCELAIN
1038,10444,SUGAR COSMETICS FOUNDATION PERFECT BEIGE,BEIGE COSMETICS FOUNDATION SUGAR
1039,10457,FACES CANADA FOUNDATION STICK NUDE,CANADA FACE FOUNDATION NUDE STICK
1040,10458,LAKMΘ FOUNDATION PORCELAIN,FOUNDATION LAKM PORCELAIN
1041,10455,MAYBELLINE FOUNDATION NATURAL,FOUNDATION MAYBELLINE NATURAL
1042,10456,COLORBAR MAKEUP STICK PEACH,COLORBAR MAKEUP PEACH STICK
1043,10468,LAKMΘ ENRICH MATTE LIPSTICK VIOLET,ENRICH LAKM LIPSTICK MATTE
1044,10471,COLORBAR LIP LINER LUMBER PARTNER,COLORBAR LINER LIP
1045,10463,MAYBELLINE NEW YORK CREAMY MATTE LIPSTICK COFFEE CRAVE,COFFEE CREAMY LIPSTICK MATTE MAYBELLINE NEW YORK
1046,10461,FACES CANADA LIP LINER ROSEWOOD,CANADA FACE LINER LIP ROSEWOOD
1047,10467,LAKMΘ ENRICH MATTE LIPSTICK SPELLBOUND,ENRICH LAKM LIPSTICK MATTE
1048,10472,SUGAR COSMETICS MATTE LIPSTICK LIT A FIRE,COSMETICS FIRE LIPSTICK LIT MATTE SUGAR
1049,10464,MAYBELLINE NEW YORK CREAMY MATTE LIPSTICK DULCE DE LECHE,CREAMY DULCE LECHE LIPSTICK MATTE MAYBELLINE NEW YORK
1050,10474,FACES CANADA LIP LINER ROSEWOOD,CANADA FACE LINER LIP ROSEWOOD
1051,10469,LAKMΘ ENRICH MATTE LIPSTICK SWEETHEART BLUSH,ENRICH LAKM LIPSTICK MATTE
1052,10462,SUGAR COSMETICS MATTE LIPSTICK HOT,COSMETICS HOT LIPSTICK MATTE SUGAR
1053,10470,COLORBAR LIP LINER GARNET RED,COLORBAR LINER LIP RED
1054,10465,MAYBELLINE NEW YORK CREAMY MATTE LIPSTICK SCARLET,CREAMY LIPSTICK MATTE MAYBELLINE NEW YORK
1055,10466,LAKMΘ ENRICH MATTE LIPSTICK SIENNA,ENRICH LAKM LIPSTICK MATTE
1056,10475,FACES CANADA LIP LINER NUDE,CANADA FACE LINER LIP NUDE
1057,10473,MAYBELLINE NEW YORK CREAMY MATTE LIPSTICK ROMANCE MAUVE,CREAMY LIPSTICK MATTE MAYBELLINE NEW YORK
1058,10476,LAKMΘ NAIL COLOR A ROSE AT DAWN,COLOR LAKM NAIL ROSE
1059,10481,COLORBAR NAIL LACQUER COZUMELTED IN THE SUN,COLORBAR LACQUER NAIL SUN
1060,10478,SUGAR COSMETICS NAIL COLOR NOLA WAY,COLOR COSMETICS NAIL SUGAR
1061,10479,FACES CANADA NAIL ENAMEL AURORA BERRY,BERRY CANADA ENAMEL FACE NAIL
1062,10480,LAKMΘ NAIL COLOR BUBBLE BATH,BATH BUBBLE COLOR LAKM NAIL
1063,10482,COLORBAR NAIL LACQUER BIG APPLE RED,APPLE BIG COLORBAR LACQUER NAIL RED
1064,10477,SUGAR COSMETICS NAIL COLOR DONÆT BOSSA NOVA ME,COLOR COSMETICS NAIL SUGAR
1065,10495,LAKMΘ LIQUID EYELINER FELT TIP BLACK,BLACK EYELINER FELT LAKM LIQUID TIP
1066,10485,FACES CANADA EYEBROW KIT ASH BROWN,BROWN CANADA EYEBROW FACE KIT
1067,10492,MAYBELLINE NEW YORK MASCARA VERY BLACK,BLACK MASCARA MAYBELLINE NEW VERA YORK
1068,10493,LAKMΘ WATERPROOF LIQUID EYELINER BLACK,BLACK EYELINER LAKM LIQUID WATERPROOF
1069,10491,FACES CANADA LIQUID EYELINER FELT TIP DARK BROWN,BROWN CANADA DARK EYELINER FACE FELT LIQUID TIP
1070,10494,SUGAR COSMETICS LIQUID EYELINER PURPLE,COSMETICS EYELINER LIQUID PURPLE SUGAR
1071,10488,COLORBAR KAJAL PENCIL BLUE,BLUE COLORBAR PENCIL
1072,10489,LAKMΘ LIQUID EYELINER LIGHT BLUE,BLUE EYELINER LAKM LIGHT LIQUID
1073,10484,FACES CANADA EYEBROW KIT DARK BROWN,BROWN CANADA DARK EYEBROW FACE KIT
1074,10487,MAYBELLINE NEW YORK WATERPROOF MASCARA VERY BLACK,BLACK MASCARA MAYBELLINE NEW VERA WATERPROOF YORK
1075,10496,COLORBAR EYELINER PENCIL CHARCOAL,CHARCOAL COLORBAR EYELINER PENCIL
1076,10486,SUGAR COSMETICS LIQUID EYELINER DARK BROWN,BROWN COSMETICS DARK EYELINER LIQUID SUGAR
1077,10490,LAKMΘ EYELINER PENCIL BLACK,BLACK EYELINER LAKM PENCIL
1078,10483,MAYBELLINE NEW YORK LIQUID EYELINER BLACK,BLACK EYELINER LIQUID MAYBELLINE NEW YORK
1079,10497,NIVEA DEODORANT ROLL-ON CRYSTAL FRESH,CRYSTALS DEODORANT FRESH NIVEA ROLLS
1080,10499,WILD STONE DEODORANT ROLL-ON BAY RUM LIME,BAY DEODORANT LIME ROLLS STONE WILD
1081,10498,WILD STONE DEODORANT ROLL-ON BOURBON VETIVER,BOURBON DEODORANT ROLLS STONE WILD
1082,10501,DOVE MEN DEODORANT ROLL-ON EXTRA FRESH,DEODORANT DOVE EXTRA FRESH MEN ROLLS
1083,10500,DOVE MEN DEODORANT STICK CLEAN COMFORT,CLEAR COMFORT DEODORANT DOVE MEN STICK
1084,10502,DOVE MEN DEODORANT ROLL-ON CLEAN COMFORT,CLEAR COMFORT DEODORANT DOVE MEN ROLLS
1085,10505,NIVEA MEN DEODORANT SPRAY BLACK & WHITE,BLACK DEODORANT MEN NIVEA SPRAY WHITE
1086,10506,NIVEA MEN DEODORANT SPRAY BLACK & WHITE FRESH,BLACK DEODORANT FRESH MEN NIVEA SPRAY WHITE
1087,10504,NIVEA MEN DEODORANT SPRAY COOL FRESH,COLA DEODORANT FRESH MEN NIVEA SPRAY
1088,10508,FOGG MEN DEODORANT SPRAY ADVENTURE,DEODORANT MEN SPRAY
1089,10507,DOVE MEN DEODORANT SPRAY FRESH,DEODORANT DOVE FRESH MEN SPRAY
1090,10510,WILD STONE BODY SPRAY VANILLA & SHEA,BODY SHEA SPRAY STONE VANILLA WILD
1091,10509,ENGAGE MEN DEODORANT SPRAY ALOE RAIN,ALOE DEODORANT ENGAGE MEN SPRAY
1092,10511,NIVEA MEN DEODORANT STICK BLACK PLUS,BLACK DEODORANT MEN NIVEA PLUS STICK
1093,10512,DOVE MEN DEODORANT STICK SENSITIVE SHIELD,DEODORANT DOVE MEN SENSITIVE STICK
1094,10513,DOVE MEN DEODORANT STICK COASTAL CARE,CARB DEODORANT DOVE MEN STICK
1095,10514,DOVE MEN DEODORANT STICK SANDALWOOD,DEODORANT DOVE MEN SANDALWOOD STICK
1096,10516,WILD STONE MEN DEODORANT STICK FIJI TWIN PACK,DEODORANT FIJI MEN PACK STICK STONE TWIN WILD
1097,10515,WILD STONE MEN DEODORANT STICK FIJI TWIN PACK,DEODORANT FIJI MEN PACK STICK STONE TWIN WILD
1098,10521,DOVE MEN DEODORANT STICK EXTRA FRESH,DEODORANT DOVE EXTRA FRESH MEN STICK
1099,10517,DOVE MEN DEODORANT STICK CLEAN COMFORT,CLEAR COMFORT DEODORANT DOVE MEN STICK
1100,10518,DOVE MEN DEODORANT STICK EXTRA FRESH,DEODORANT DOVE EXTRA FRESH MEN STICK
1101,10519,DOVE MEN DEODORANT STICK CLEAN COMFORT,CLEAR COMFORT DEODORANT DOVE MEN STICK
1102,10520,NIVEA MEN DEODORANT STICK COOL FRESH,COLA DEODORANT FRESH MEN NIVEA STICK
1103,10523,NIVEA MEN DEODORANT STICK CLEAN FRESH,CLEAR DEODORANT FRESH MEN NIVEA STICK
1104,10522,DOVE MEN DEODORANT STICK EXTRA FRESH,DEODORANT DOVE EXTRA FRESH MEN STICK
1105,10524,WILD STONE BODY DEODORANT STICK VANILLA & SHEA,BODY DEODORANT SHEA STICK STONE VANILLA WILD
1106,10525,WILD STONE BODY DEODORANT STICK MANDARIN & SANDALWOOD,BODY DEODORANT MARINARA SANDALWOOD STICK STONE WILD
1107,10526,NIVEA MEN DEODORANT ROLL-ON UNSCENTED TWIN PAC,DEODORANT MEN NIVEA PACK ROLLS TWIN UNSCENTED
1108,10528,NIVEA WOMEN DEODORANT ROLL-ON SHOWER FRESH TWIN PACK,DEODORANT FRESH NIVEA PACK ROLLS SHOWER TWIN WOMEN
1109,10527,DOVE WOMEN DEODORANT ROLL-ON LAVENDER,DEODORANT DOVE LAVENDER ROLLS WOMEN
1110,10529,NIVEA WOMEN NATURAL DEODORANT STICK OCEAN,DEODORANT NATURAL NIVEA OCEAN STICK WOMEN
1111,10530,NIVEA WOMEN NATURAL DEODORANT STICK PEACH,DEODORANT NATURAL NIVEA PEACH STICK WOMEN
1112,10533,ENGAGE WOMEN DEODORANT SPRAY ALMOND HONEY,ALMOND DEODORANT ENGAGE HONEY SPRAY WOMEN
1113,10532,ENGAGE WOMEN DEODORANT SPRAY ROSE WATER,DEODORANT ENGAGE ROSE SPRAY WATER WOMEN
1114,10534,ENGAGE WOMEN DEODORANT SPRAY WHITE TEA JASMINE,DEODORANT ENGAGE JASMINE SPRAY TEA WHITE WOMEN
1115,10531,NIVEA WOMEN DEODORANT SPRAY BLACK & WHITE,BLACK DEODORANT NIVEA SPRAY WHITE WOMEN
1116,10535,DOVE WOMEN DEODORANT SPRAY FRESH,DEODORANT DOVE FRESH SPRAY WOMEN
1117,10536,DOVE WOMEN DEODORANT STICK ROSE WATER,DEODORANT DOVE ROSE STICK WATER WOMEN
1118,10537,NIVEA WOMEN DEODORANT STICK POWDER FRESH TWIN PACK,DEODORANT FRESH NIVEA PACK POWDER STICK TWIN WOMEN
1119,10539,DOVE WOMEN DEODORANT CREAM CLEAN COMFORT,CLEAR COMFORT CREAMY DEODORANT DOVE WOMEN
1120,10541,DOVE WOMEN DEODORANT STICK CLEAN COMFORT,CLEAR COMFORT DEODORANT DOVE STICK WOMEN
1121,10538,YARDLEY WOMEN DEODORANT CREAM PEACH VANILLA,CREAMY DEODORANT PEACH VANILLA WOMEN YARDLEY
1122,10540,YARDLEY WOMEN DEODORANT STICK PEACH VANILLA,DEODORANT PEACH STICK VANILLA WOMEN YARDLEY
1123,10736,SET WET HAIR STYLING GEL MAX HOLD,GEL HAIR MAX SET WET
1124,10737,DOVE HAIR CONDITIONER COCONUT & HYDRATION,COCONUT CONDITIONER DOVE HAIR
1125,10739,HEAD & SHOULDERS SHAMPOO DRY & DAMAGED HAIR,DAMAGED DRY HAIR HEAT SHAMPOO SHOULDERS
1126,10741,HEAD & SHOULDERS SHAMPOO OILY SCALP,HEAT OIL SHAMPOO SHOULDERS
1127,10740,DOVE HAIR CONDITIONER DRY & DAMAGED HAIR,CONDITIONER DAMAGED DOVE DRY HAIR
1128,10738,DOVE HAIR CONDITIONER OILY HAIR,CONDITIONER DOVE HAIR OIL
1129,10943,COLGATE VISIBLE WHITE TOOTHPASTE,COLGATE TOOTHPASTE VISIBLE WHITE
1130,10944,CLOSE-UP WHITENING TOOTHPASTE,TOOTHPASTE WHITENING
1131,10179,REAL FRUIT POWER ORANGE DRINK TANGY ORIGINAL FLAVOURED JUICE BEVERAGE,BEVERAGE DRINK FLAVOUR FRUIT JUICE ORANGE ORIGINAL POWER REAL TANGY
1132,10180,REAL FRUIT POWER ORANGE DRINK TANGY ORIGINAL FLAVOURED JUICE BEVERAGE,BEVERAGE DRINK FLAVOUR FRUIT JUICE ORANGE ORIGINAL POWER REAL TANGY
1133,11089,REAL 100 PERCENT ORANGE JUICE NO PULP FRESH CITRUS DRINK,CITRUS DRINK FRESH JUICE ORANGE PERCENT PULP REAL
1134,11090,PAPER BOAT ORANGE JUICE WITH HIGH PULP FRESH NATURAL CITRUS DRINK,BOAT CITRUS DRINK FRESH HIGH JUICE NATURAL ORANGE PAPER PULP
1135,11091,PAPER BOAT 100 PERCENT ORANGE JUICE NO PULP WITH CALCIUM AND VITAMIN D,BOAT CALCIUM JUICE ORANGE PAPER PERCENT PULP VITAMIN
1136,11092,REAL ACTIV ORANGE JUICE WITH ADDED CALCIUM FRESH HEALTH DRINK,ACTIV ADDED CALCIUM DRINK FRESH HEALTH JUICE ORANGE REAL
1137,11093,TATA COFFEE ICED COFFEE CARAMEL MACCHIATO FLAVOURED READY TO DRINK,CARAMEL COFFEE DRINK FLAVOUR ICED READY TATA
1138,11094,TATA COFFEE ICED ESPRESSO BLACK UNSWEETENED READY TO DRINK COFFEE,BLACK COFFEE DRINK ESPRESSO ICED READY TATA UNSWEETENED
1139,11095,RAGE COFFEE ICED COFFEE MOCHA FLAVOURED PREMIUM COLD COFFEE,COFFEE COLA FLAVOUR ICED MOCHA PREMIUM
1140,11096,REAL GRAPE JUICE ALL NATURAL FRUIT BEVERAGE,BEVERAGE FRUIT GRAPES JUICE NATURAL REAL
1141,11097,REAL CONCORD GRAPE JUICE COCKTAIL SWEET FRUIT DRINK,COCKTAIL CORDON DRINK FRUIT GRAPES JUICE REAL SWEET
1142,11098,REAL PASSION FRUIT JUICE COCKTAIL TROPICAL FRUIT DRINK,COCKTAIL DRINK FRUIT JUICE PASSION REAL TROPICAL
1143,11099,MINUTE MAID PINK LEMONADE ZERO SUGAR REFRESHING CITRUS DRINK,CITRUS DRINK LEMONADE MAID MINUTE PINK REFRESHING SUGAR
1144,11100,REAL RASPBERRY LEMONADE REFRESHING FRUIT JUICE DRINK,DRINK FRUIT JUICE LEMONADE RASPBERRY REAL REFRESHING
1145,11101,REAL LIGHT LEMONADE WITH RASPBERRY LOW SUGAR REFRESHING DRINK,DRINK LEMONADE LIGHT LOW RASPBERRY REAL REFRESHING SUGAR
1146,11102,REAL CLASSIC LEMONADE FRESH CITRUS REFRESHING DRINK,CITRUS CLASSIC DRINK FRESH LEMONADE REAL REFRESHING
1147,11103,MINUTE MAID FRUIT PUNCH PREMIUM MIXED FRUIT BEVERAGE,BEVERAGE FRUIT MAID MINUTE MIXED PREMIUM PUNCH
1148,11104,REAL CITRUS FRUIT PUNCH SMOOTH STYLE REFRESHING JUICE DRINK,CITRUS DRINK FRUIT JUICE PUNCH REAL REFRESHING SMOOTH STYLE
1149,11105,TATA TEA GOLD SWEET ICED TEA CHILLED READY TO DRINK BEVERAGE,BEVERAGE CHILLI DRINK GOLD ICED READY SWEET TATA TEA
1150,11106,TATA TEA GOLD BLACK TEA SWEETENED CHILLED READY TO DRINK,BLACK CHILLI DRINK GOLD READY SWEETENED TATA TEA
1151,11107,WAGH BAKRI SWEETENED BLACK TEA READY TO DRINK CHILLED BEVERAGE,BEVERAGE BLACK CHILLI DRINK READY SWEETENED TEA
1152,10005,AMUL PROCESSED CHEESE BLOCK,AMUL BLOCK CHEESE PROCESSED
1153,10006,GO CHEESE FRESH PANEER STYLE SOFT CHEESE,CHEESE FRESH PANEER SOFT STYLE
1154,10007,BRITANNIA CHEESE SLICES CLASSIC PROCESSED CHEESE,BRITANNIA CHEESE CLASSIC PROCESSED SLICED
1155,10008,AMUL CHEESE CUBES SNACK PACK,AMUL CHEESE CUBES PACK SNACK
1156,10009,AMUL CHEESE CUBES NATURAL CHEDDAR,AMUL CHEDDAR CHEESE CUBES NATURAL
1157,10010,AMUL CHEDDAR CHEESE CUBES SNACK PACK,AMUL CHEDDAR CHEESE CUBES PACK SNACK
1158,10011,GO CHEESE MOZZARELLA CHEESE STICKS REDUCED FAT SNACK PACK,CHEESE FAT MOZZARELLA PACK REDUCED SNACK STICK
1159,10267,AMUL CHEDDAR CHEESE BLOCK YELLOW PROCESSED CHEESE,AMUL BLOCK CHEDDAR CHEESE PROCESSED YELLOW
1160,10268,AMUL CHEDDAR CHEESE BLOCK WHITE PROCESSED CHEESE,AMUL BLOCK CHEDDAR CHEESE PROCESSED WHITE
1161,10269,GO CHEESE MOZZARELLA CHEESE BLOCK LACTOSE FREE VARIANT,BLOCK CHEESE FREE LACTOSE MOZZARELLA VARIANT
1162,10270,AMUL FRESH PANEER SOFT CHEESE BLOCK,AMUL BLOCK CHEESE FRESH PANEER SOFT
1163,10271,BRITANNIA CREAMY FRESH CHEESE SPREAD,BRITANNIA CHEESE CREAMY FRESH SPREAD
1164,10272,AMUL GRATED PARMESAN CHEESE POWDER FOR PASTA AND PIZZA,AMUL CHEESE GRATED PARMESAN PASTA PIZZA POWDER
1165,10273,GO CHEESE RICOTTA CHEESE LOW FAT SOFT CHEESE,CHEESE FAT LOW RICOTTA SOFT
1166,10274,GO CHEESE RICOTTA CHEESE PART SKIMMED SOFT CHEESE,CHEESE PARTY RICOTTA SKIMMED SOFT
1167,10275,AMUL PIZZA CHEESE SHREDDED BLEND,AMUL BLEND CHEESE PIZZA SHREDDED
1168,10276,GO CHEESE ITALIAN BLEND SHAVED CHEESE,BLEND CHEESE ITALIAN
1169,10277,URBAN PLATTER VEGAN CHEESE SHREDS MEXICAN STYLE DAIRY FREE,CHEESE DAIRY FREE MEXICAN PLATES SHREDDED STYLE URBAN VEGAN
1170,10278,ORGANIC INDIA PARMESAN CHEESE SHREDDED,CHEESE INDIA ORGANIC PARMESAN SHREDDED
1171,10279,AMUL MOZZARELLA CHEESE SHREDDED LOW MOISTURE PART SKIM,AMUL CHEESE LOW MOISTURE MOZZARELLA PARTY SHREDDED SKIN
1172,10280,GO CHEESE CHEDDAR BLEND SHREDDED CHEESE MIX,BLEND CHEDDAR CHEESE MIX SHREDDED
1173,10281,GO CHEESE CHEDDAR JACK SHREDDED CHEESE BLEND,BLEND CHEDDAR CHEESE JACK SHREDDED
1174,10282,AMUL EXTRA SHARP CHEDDAR CHEESE SHREDDED,AMUL CHEDDAR CHEESE EXTRA SHARP SHREDDED
1175,10283,AMUL MOZZARELLA CHEESE SHREDDED,AMUL CHEESE MOZZARELLA SHREDDED
1176,10284,AMUL PIZZA CHEESE SHREDDED BLEND SPICY FLAVOUR,AMUL BLEND CHEESE FLAVOUR PIZZA SHREDDED SPICY
1177,10285,GO CHEESE ITALIAN BLEND SHREDDED CHEESE MIX,BLEND CHEESE ITALIAN MIX SHREDDED
1178,10286,GO CHEESE PARMESAN SHREDDED CHEESE,CHEESE PARMESAN SHREDDED
1179,10287,GO CHEESE MEXICAN STYLE SHREDDED CHEESE BLEND,BLEND CHEESE MEXICAN SHREDDED STYLE
1180,10288,BRITANNIA SMOKED CHEESE SLICES,BRITANNIA CHEESE SLICED SMOKE
1181,10289,AMUL PROCESSED CHEESE SLICES LOW FAT VARIANT,AMUL CHEESE FAT LOW PROCESSED SLICED VARIANT
1182,10290,URBAN PLATTER VEGAN CHEESE SLICES SMOKED FLAVOUR DAIRY FREE,CHEESE DAIRY FLAVOUR FREE PLATES SLICED SMOKE URBAN VEGAN
1183,10291,BRITANNIA PEPPER FLAVOURED CHEESE SLICES CREAMY TEXTURE,BRITANNIA CHEESE CREAMY FLAVOUR PEPPERS SLICED TEXTURE
1184,10292,AMUL CHEESE SLICES COLBY STYLE PROCESSED CHEESE,AMUL CHEESE COLBY PROCESSED SLICED STYLE
1185,10293,BRITANNIA SMOKED CHEDDAR CHEESE SLICES FOR SANDWICH,BRITANNIA CHEDDAR CHEESE SANDWICH SLICED SMOKE
1186,10294,AMUL CHEESE SLICES THIN CUT CHEDDAR FLAVOUR,AMUL CHEDDAR CHEESE CUTS FLAVOUR SLICED THIN
1187,10295,BRITANNIA CHEESE SLICES SWISS STYLE,BRITANNIA CHEESE SLICED STYLE SWISS
1188,10296,AMUL CHEESE SLICES CLASSIC PROCESSED CHEESE,AMUL CHEESE CLASSIC PROCESSED SLICED
1189,10297,AMUL CHEDDAR CHEESE CUBES,AMUL CHEDDAR CHEESE CUBES
1190,10298,AMUL CHEESE CUBES MIXED CHEESE,AMUL CHEESE CUBES MIXED
1191,10299,AMUL CHEDDAR CHEESE CUBES MEDIUM FLAVOUR,AMUL CHEDDAR CHEESE CUBES FLAVOUR MEDIUM
1192,10300,GO CHEESE MOZZARELLA CHEESE CUBES SNACK PACK,CHEESE CUBES MOZZARELLA PACK SNACK
1193,10301,AMUL CHEDDAR CHEESE CUBES MILD FLAVOUR,AMUL CHEDDAR CHEESE CUBES FLAVOUR MILD
1194,10302,AMUL CHEESE CUBES WITH CRACKERS,AMUL CHEESE CRACKERS CUBES
1195,10303,GO CHEESE MOZZARELLA CHEESE,CHEESE MOZZARELLA
1196,10304,GO CHEESE PEPPER FLAVOUR CHEESE,CHEESE FLAVOUR PEPPERS
1197,10305,GO CHEESE MOZZARELLA CHEESE STICKS SNACK PACK,CHEESE MOZZARELLA PACK SNACK STICK
1198,10306,GO CHEESE MOZZARELLA CHEESE STICKS,CHEESE MOZZARELLA STICK
1199,10307,BRITANNIA CREAM CHEESE SPREAD LIGHT SOFT TEXTURE,BRITANNIA CHEESE CREAMY LIGHT SOFT SPREAD TEXTURE
1200,10308,BRITANNIA STRAWBERRY CREAM CHEESE SPREAD,BRITANNIA CHEESE CREAMY SPREAD STRAWBERRY
1201,10309,BRITANNIA CREAM CHEESE WHIPPED SPREAD SMOOTH TEXTURE,BRITANNIA CHEESE CREAMY SMOOTH SPREAD TEXTURE WHIPPED
1202,10310,AMUL PROCESSED CHEESE SLICES THICK CUT FOR SANDWICH,AMUL CHEESE CUTS PROCESSED SANDWICH SLICED THICK
1203,10311,AMUL PROCESSED CHEESE SLICES DELUXE PACK FOR SANDWICH,AMUL CHEESE PACK PROCESSED SANDWICH SLICED
1204,10149,AMUL FRESH PANEER SOFT FULL FAT COTTAGE CHEESE,AMUL CHEESE COTTAGE FAT FRESH FULLY PANEER SOFT
1205,10150,AMUL FRESH CREAM UHT COOKING & COFFEE CREAM,AMUL COFFEE COOKIES CREAMY FRESH UHT
1206,10151,NESTLE COFFEE MATE SUGAR FREE FRENCH VANILLA CREAMER,COFFEE CREAMY FREE FRENCH MATTE NESTLE SUGAR VANILLA
1207,10152,NESTLE COFFEE MATE GINGERBREAD FLAVOURED CREAMER,COFFEE CREAMY FLAVOUR GINGERBREAD MATTE NESTLE
1208,10153,NESTLE COFFEE MATE GINGERBREAD CREAMER,COFFEE CREAMY GINGERBREAD MATTE NESTLE
1209,10154,NESTLE COFFEE MATE PEPPERMINT MOCHA FLAVOURED CREAMER,COFFEE CREAMY FLAVOUR MATTE MOCHA NESTLE PEPPERMINT
1210,10155,AMUL CHOCOLATE MILK LOW FAT READY TO DRINK,AMUL CHOCOLATE DRINK FAT LOW MILD READY
1211,10156,AMUL FRESH CREAM HALF & HALF MILK CREAM BLEND,AMUL BLEND CREAMY FRESH HALF MILD
1212,10157,AMUL CHOCOLATE MILK RICH FESTIVE DRINK (EGGNOG STYLE),AMUL CHOCOLATE DRINK EGGNOG FESTIVE MILD RICH STYLE
1213,10158,AMUL CREAMY MILK FESTIVE SPECIAL SWEET DRINK,AMUL CREAMY DRINK FESTIVE MILD SPECIAL SWEET
1214,10159,AMUL DAIRY RICH SWEET MILK BEVERAGE,AMUL BEVERAGE DAIRY MILD RICH SWEET
1215,10160,OATLY OAT MILK PLANT BASED DAIRY ALTERNATIVE,BASED DAIRY MILD OATLY OATS PLANT
1216,10161,EPIGAMIA GREEK YOGURT RASPBERRY ZERO FAT,EPIGAMIA FAT GREEN RASPBERRY YOGURT
1217,10162,EPIGAMIA GREEK YOGURT STRAWBERRY LOW FAT,EPIGAMIA FAT GREEN LOW STRAWBERRY YOGURT
1218,10163,EPIGAMIA GREEK YOGURT BLACK CHERRY ZERO FAT,BLACK CHERRY EPIGAMIA FAT GREEN YOGURT
1219,10164,EPIGAMIA GREEK YOGURT HONEY FLAVOUR CREAMY,CREAMY EPIGAMIA FLAVOUR GREEN HONEY YOGURT
1220,10165,EPIGAMIA GREEK YOGURT VANILLA ZERO FAT,EPIGAMIA FAT GREEN VANILLA YOGURT
1221,10166,EPIGAMIA GREEK YOGURT BLACKBERRY LOW FAT,BLACKBERRY EPIGAMIA FAT GREEN LOW YOGURT
1222,10167,EPIGAMIA CREAMY YOGURT VANILLA DESSERT STYLE,CREAMY DESSERT EPIGAMIA STYLE VANILLA YOGURT
1223,10168,AMUL MASTI DAHI KIDS STRAWBERRY BANANA FLAVOURED YOGURT,AMUL BANANA FLAVOUR KIDS STRAWBERRY YOGURT
1224,10169,NESTLE A+ VANILLA YOGURT LOW FAT,FAT LOW NESTLE VANILLA YOGURT
1225,10170,EPIGAMIA STRAWBERRY KIWI FLAVOURED YOGURT,EPIGAMIA FLAVOUR KIWI STRAWBERRY YOGURT
1226,10171,AMUL TAAZA MILK 2% REDUCED FAT FRESH MILK,AMUL FAT FRESH MILD REDUCED TAAZA
1227,10999,AMUL WHIPPED CREAM PEPPERMINT FLAVOUR SPRAY,AMUL CREAMY FLAVOUR PEPPERMINT SPRAY WHIPPED
1228,11000,RICHÆS WHIPPED CREAM ZERO SUGAR TOPPING,CREAMY RICH SUGAR TOPPINGS WHIPPED
1229,11001,AMUL FRESH PANEER SOFT COTTAGE CHEESE,AMUL CHEESE COTTAGE FRESH PANEER SOFT
1230,11002,AMUL FLAVOURED PANEER STRAWBERRY FRESH DAIRY,AMUL DAIRY FLAVOUR FRESH PANEER STRAWBERRY
1231,11003,MILKY MIST COTTAGE CHEESE 4% PEACH,CHEESE COTTAGE PEACH
1232,11004,MOTHER DAIRY COTTAGE CHEESE FAT FREE,CHEESE COTTAGE DAIRY FAT FREE MOTHER
1233,11005,NESTLE COFFEE MATE COFFEE FLAVOURED CREAMER,COFFEE CREAMY FLAVOUR MATTE NESTLE
1234,11006,AMUL FRESH CREAM VANILLA FLAVOURED CREAMER,AMUL CREAMY FLAVOUR FRESH VANILLA
1235,11007,EPIGAMIA DAIRY CREAMER ROTATIONAL FLAVOUR,CREAMY DAIRY EPIGAMIA FLAVOUR
1236,11008,SOFIT ALMOND MILK VANILLA DAIRY FREE BEVERAGE,ALMOND BEVERAGE DAIRY FREE MILD SOFIT VANILLA
1237,11009,URBAN PLATTER ALMOND MILK VANILLA CREAMER,ALMOND CREAMY MILD PLATES URBAN VANILLA
1238,11010,RAW PRESSERY ALMOND MILK COOKIE FLAVOUR DAIRY FREE BEVERAGE,ALMOND BEVERAGE COOKIES DAIRY FLAVOUR FREE MILD PRESERVED RAW
1239,11011,RAW PRESSERY ALMOND MILK CHOCOLATE MINT FLAVOUR,ALMOND CHOCOLATE FLAVOUR MILD MINT PRESERVED RAW
1240,11012,NESTLE COFFEE MATE CARAMEL FLAVOURED SUGAR FREE CREAMER,CARAMEL COFFEE CREAMY FLAVOUR FREE MATTE NESTLE SUGAR
1241,11013,NESTLE COFFEE MATE FRENCH VANILLA SUGAR FREE CREAMER,COFFEE CREAMY FREE FRENCH MATTE NESTLE SUGAR VANILLA
1242,11014,HERSHEYÆS COFFEE ENHANCER CINNAMON FLAVOUR,CINNAMON COFFEE ENHANCER FLAVOUR HERSHEY
1243,11015,NESTLE COFFEE MATE PUMPKIN SPICE FLAVOURED SUGAR FREE CREAMER,COFFEE CREAMY FLAVOUR FREE MATTE NESTLE PUMPKIN SPICY SUGAR
1244,11016,HERSHEYÆS CARAMEL SYRUP COFFEE & DESSERT TOPPING,CARAMEL COFFEE DESSERT HERSHEY SYRUP TOPPINGS
1245,11017,NESTLE COFFEE MATE PUMPKIN SPICE FLAVOURED CREAMER,COFFEE CREAMY FLAVOUR MATTE NESTLE PUMPKIN SPICY
1246,11018,AMUL KOOL DARK CHOCOLATE FLAVOURED MILK READY TO DRINK,AMUL CHOCOLATE DARK DRINK FLAVOUR MILD READY
1247,11019,BRITANNIA WINKIN COW RICH CHOCOLATE FLAVOURED MILK BEVERAGE,BEVERAGE BRITANNIA CHOCOLATE COW FLAVOUR MILD RICH
1248,11020,CAVIN'S CHOCOLATE MILKSHAKE FULL CREAM READY TO DRINK,CHOCOLATE CREAMY DRINK FULLY MILKSHAKE READY
1249,11021,AMUL LACTOSE FREE MILK REDUCED FAT WITH ADDED CALCIUM,ADDED AMUL CALCIUM FAT FREE LACTOSE MILD REDUCED
1250,11022,AMUL LACTOSE FREE SKIMMED MILK FAT FREE EASY TO DIGEST,AMUL EASY FAT FREE LACTOSE MILD SKIMMED
1251,11023,24 MANTRA ORGANIC UHT TONED MILK FAT FREE LONG LIFE PACK,FAT FREE LIFE LONG MANTRA MILD ORGANIC PACK TONE UHT
1252,11024,SOFIT ALMOND MILK HONEY VANILLA FLAVOURED PLANT BASED BEVERAGE,ALMOND BASED BEVERAGE FLAVOUR HONEY MILD PLANT SOFIT VANILLA
1253,11025,RAW PRESSERY ALMOND MILK VANILLA UNSWEETENED DAIRY FREE DRINK,ALMOND DAIRY DRINK FREE MILD PRESERVED RAW UNSWEETENED VANILLA
1254,11026,EPIGAMIA ALMOND MILK VANILLA FLAVOURED PLANT BASED BEVERAGE,ALMOND BASED BEVERAGE EPIGAMIA FLAVOUR MILD PLANT VANILLA
1255,11027,RAW PRESSERY OAT MILK VANILLA DAIRY FREE PLANT BASED DRINK,BASED DAIRY DRINK FREE MILD OATS PLANT PRESERVED RAW VANILLA
1256,11028,EPIGAMIA CHOCOLATE PROTEIN MILK HIGH PROTEIN DAIRY BEVERAGE,BEVERAGE CHOCOLATE DAIRY EPIGAMIA HIGH MILD PROTEIN
1257,11029,AMUL HIGH PROTEIN MILK ULTRA FILTERED FRESH DAIRY DRINK,AMUL DAIRY DRINK FRESH HIGH MILD PROTEIN ULTRA
1258,11030,AMUL FRESH CREAM HALF AND HALF MILK AND CREAM BLEND,AMUL BLEND CREAMY FRESH HALF MILD
1259,11031,AMUL EGGNOG STYLE FLAVOURED MILK TRADITIONAL SWEET DAIRY BEVERAGE,AMUL BEVERAGE DAIRY EGGNOG FLAVOUR MILD STYLE SWEET TRADITIONAL
1260,11032,HERITAGE VANILLA FLAVOURED MILK UHT LONG LIFE DAIRY BEVERAGE,BEVERAGE DAIRY FLAVOUR HERITAGE LIFE LONG MILD UHT VANILLA
1261,11033,AMUL CLASSIC SWEET FLAVOURED MILK RICH DAIRY BEVERAGE,AMUL BEVERAGE CLASSIC DAIRY FLAVOUR MILD RICH SWEET
1262,11034,NESTLE A+ CHOCOLATE MILK LOW FAT READY TO DRINK,CHOCOLATE DRINK FAT LOW MILD NESTLE READY
1263,11035,AMUL FULL CREAM MILK FRESH PASTEURISED DAIRY MILK,AMUL CREAMY DAIRY FRESH FULLY MILD PASTEURISED
1264,11036,EPIGAMIA CHOCOLATE PROTEIN MILKSHAKE 30 GRAM PROTEIN DRINK,CHOCOLATE DRINK EPIGAMIA GRAM MILKSHAKE PROTEIN
1265,11037,VEEBA FRENCH ONION DIP CREAMY READY TO EAT SPREAD,CREAMY DIP EAT FRENCH ONION READY SPREAD VEEBA
1266,11038,VEEBA FRENCH ONION DIP SMOOTH CREAMY SNACK DIP,CREAMY DIP FRENCH ONION SMOOTH SNACK VEEBA
1267,11039,VEEBA RANCH STYLE DIP CREAMY HERB FLAVOURED SPREAD,CREAMY DIP FLAVOUR HERB RANCH SPREAD STYLE VEEBA
1268,11040,WINGREENS FARMS RANCH DIP CREAMY READY TO EAT DRESSING,CREAMY DIP DRESSING EAT FARM RANCH READY WINGREENS
1269,11041,EPIGAMIA PROBIOTIC YOGURT PEACH FLAVOUR DIGESTIVE HEALTH CUP,CUP EPIGAMIA FLAVOUR HEALTH PEACH PROBIOTIC YOGURT
1270,11042,EPIGAMIA GREEK YOGURT TROPICAL FRUIT FLAVOUR HIGH PROTEIN,EPIGAMIA FLAVOUR FRUIT GREEN HIGH PROTEIN TROPICAL YOGURT
1271,11043,EPIGAMIA GREEK YOGURT DRINK COOKIES AND CREAM HIGH PROTEIN BEVERAGE,BEVERAGE COOKIES CREAMY DRINK EPIGAMIA GREEN HIGH PROTEIN YOGURT
1272,11044,EPIGAMIA GREEK YOGURT RASPBERRY LEMON HIGH PROTEIN CUP,CUP EPIGAMIA GREEN HIGH LEMON PROTEIN RASPBERRY YOGURT
1273,11045,EPIGAMIA GREEK YOGURT SALTED CARAMEL ZERO ADDED SUGAR HIGH PROTEIN,ADDED CARAMEL EPIGAMIA GREEN HIGH PROTEIN SALTED SUGAR YOGURT
1274,11046,EPIGAMIA GREEK YOGURT STRAWBERRY CHEESECAKE ZERO SUGAR DESSERT STYLE,CHEESECAKE DESSERT EPIGAMIA GREEN STRAWBERRY STYLE SUGAR YOGURT
1275,11047,EPIGAMIA GREEK YOGURT CHERRY FLAVOUR HIGH PROTEIN NO ADDED SUGAR,ADDED CHERRY EPIGAMIA FLAVOUR GREEN HIGH PROTEIN SUGAR YOGURT
1276,11048,EPIGAMIA GREEK YOGURT STRAWBERRY LOW FAT HIGH PROTEIN CUP,CUP EPIGAMIA FAT GREEN HIGH LOW PROTEIN STRAWBERRY YOGURT
1277,11049,EPIGAMIA GREEK YOGURT RASPBERRY LEMONADE LOW FAT REFRESHING FLAVOUR,EPIGAMIA FAT FLAVOUR GREEN LEMONADE LOW RASPBERRY REFRESHING YOGURT
1278,11050,EPIGAMIA GREEK YOGURT KEY LIME LIGHT LOW FAT DESSERT STYLE,DESSERT EPIGAMIA FAT GREEN KEYA LIGHT LIME LOW STYLE YOGURT
1279,11051,EPIGAMIA GREEK YOGURT LEMON BLEND REDUCED FAT SMOOTH TEXTURE,BLEND EPIGAMIA FAT GREEN LEMON REDUCED SMOOTH TEXTURE YOGURT
1280,11052,EPIGAMIA CREAMY YOGURT VANILLA BEAN FULL CREAM RICH DESSERT,BEANS CREAMY DESSERT EPIGAMIA FULLY RICH VANILLA YOGURT
1281,11053,EPIGAMIA GREEK YOGURT CHERRY CHEESECAKE CREAMY DESSERT STYLE,CHEESECAKE CHERRY CREAMY DESSERT EPIGAMIA GREEN STYLE YOGURT
1282,11054,EPIGAMIA CREAMY YOGURT MANGO FLAVOUR FULL CREAM DESSERT CUP,CREAMY CUP DESSERT EPIGAMIA FLAVOUR FULLY MANGO YOGURT
1283,11055,AMUL KIDS YOGURT BLUEBERRY STRAWBERRY VANILLA MIXED FLAVOURS,AMUL BLUEBERRY FLAVOUR KIDS MIXED STRAWBERRY VANILLA YOGURT
1284,11056,AMUL CREAMY YOGURT VANILLA WITH CHOCOLATE CANDY TOPPINGS,AMUL CANDY CHOCOLATE CREAMY TOPPINGS VANILLA YOGURT
1285,11057,24 MANTRA ORGANIC GREEK YOGURT PLAIN NATURAL GRASS FED MILK,FED GREEN MANTRA MILD NATURAL ORGANIC PLAIN YOGURT
1286,11058,EPIGAMIA COCONUT MILK YOGURT VANILLA CHAMOMILE DAIRY FREE,COCONUT DAIRY EPIGAMIA FREE MILD VANILLA YOGURT
1287,11059,AMUL YOGURT KEY LIME FLAVOUR LIGHT LOW FAT CUP,AMUL CUP FAT FLAVOUR KEYA LIGHT LIME LOW YOGURT
1288,11060,AMUL YOGURT RASPBERRY FLAVOUR SMOOTH AND CREAMY,AMUL CREAMY FLAVOUR RASPBERRY SMOOTH YOGURT
1289,11061,AMUL SOUR CREAM THICK AND CREAMY COOKING AND DIP BASE,AMUL BASED COOKIES CREAMY DIP SOUR THICK
1290,11062,AMUL TONED MILK 1 PERCENT FAT ULTRA PASTEURISED FRESH MILK,AMUL FAT FRESH MILD PASTEURISED PERCENT TONE ULTRA
1291,11063,AMUL FULL CREAM MILK RICH AND FRESH PASTEURISED DAIRY MILK,AMUL CREAMY DAIRY FRESH FULLY MILD PASTEURISED RICH
1292,10186,MILK BOTTLE CONTAINER DEPOSIT SINGLE UNIT CHARGE,BOTTLE CHARGE CONTINENTAL DEPOSIT MILD SINGLE UNIT
1293,10553,SUGUNA READY TO EAT HARD BOILED EGGS PEELED,BOILED EAT EGGS HARD PEELED READY SUGUNA
1294,10554,EGGOZ EGG WHITE PROTEIN WRAPS EVERYTHING BAGEL STYLE,BAGELS EGGOZ EGGS EVERYTHING PROTEIN STYLE WHITE WRAPS
1295,10555,AMUL LIQUID EGGS CAGE FREE PASTEURISED,AMUL CAGE EGGS FREE LIQUID PASTEURISED
1296,10556,EGGOZ LIQUID EGG WHITES 100 PERCENT REAL EGGS,EGGOZ EGGS LIQUID PERCENT REAL WHITE
1297,10557,EGGOZ LIQUID EGGS SOUTHWEST STYLE SEASONED,EGGOZ EGGS LIQUID SEASONING SOUTHWEST STYLE
1298,10558,EGGOZ FARM FRESH PASTURE RAISED EGGS EXTRA LARGE,EGGOZ EGGS EXTRA FARM FRESH LARGE PASTURE RAISED
1299,10172,AMUL GARLIC & HERB BUTTER,AMUL BUTTER GARLIC HERB
1300,10173,BETTY CROCKER FESTIVE FROSTED COOKIE MAKING KIT READY TO BAKE,BAKE BETTY COOKIES CRACKER FESTIVE FROSTED KIT MAKING READY
1301,10174,URBAN PLATTER EUROPEAN STYLE VEGAN BUTTER SPREAD,BUTTER EUROPEAN PLATES SPREAD STYLE URBAN VEGAN
1302,10175,AMUL SHRIKHAND 200 GRAM PACK,AMUL GRAM PACK SHRIKHAND
1303,10176,CARAMEL PUDDING MILK-PUDDING FLAN,CARAMEL FLAT MILD PUDDING
1304,10177,DRYM FOODS READY-TO-EAT KHEER Û INSTANT RICE PUDDING,DRY EAT FOOD INSTANT KHEER PUDDING READY RICH
1305,10178,AMUL KHEER READY TO EAT 200 GRAM PACK,AMUL EAT GRAM KHEER PACK READY
1306,11064,PILLSBURY READY TO BAKE CRESCENT ROLL DOUGH SHEET,BAKE DOUGH PILLSBURY READY ROLLS SHEETS
1307,11065,ENGLISH OVEN WHOLE WHEAT BREAD,BREAD ENGLISH OVEN WHEAT WHOLE
1308,11066,READY TO COOK EGG SCRAMBLE KIT WITH MEAT AND VEGETABLES,COKE EGGS KIT MEAL READY SCRAMBLE VEGETABLE
1309,11067,MCCAIN HASH BROWNS FROZEN 400 GRAM PACK,BROWN FROZEN GRAM HASS MCCAIN PACK
1310,11068,AMUL BUTTER 500 GRAM PACK,AMUL BUTTER GRAM PACK
1311,11069,PRESIDENT SALTED BUTTER 100 GRAM CARTON,BUTTER CARTON GRAM PRESIDENT SALTED
1312,11070,BRITANNIA SALTED BUTTER 100 GRAM PACK,BRITANNIA BUTTER GRAM PACK SALTED
1313,11071,MOTHER DAIRY SALTED BUTTER 100 GRAM PACK,BUTTER DAIRY GRAM MOTHER PACK SALTED
1314,11072,GOVARDHAN BUTTER 100 GRAM PACK,BUTTER GRAM PACK
1315,11073,PRESIDENT UNSALTED BUTTER 500 GRAM PACK,BUTTER GRAM PACK PRESIDENT UNSALTED
1316,11074,AMUL UNSALTED BUTTER 100 GRAM CARTON,AMUL BUTTER CARTON GRAM UNSALTED
1317,11075,BRITANNIA UNSALTED BUTTER 100 GRAM PACK,BRITANNIA BUTTER GRAM PACK UNSALTED
1318,11076,AMUL GARLIC AND HERB BUTTER SPREAD 100 GRAM,AMUL BUTTER GARLIC GRAM HERB SPREAD
1319,11077,AMUL BUTTER SPREAD 500 GRAM TUB,AMUL BUTTER GRAM SPREAD TUB
1320,11078,COCOSUTRA COOKIE DOUGH MIX,COOKIES DOUGH MIX
1321,11079,PILLSBURY CHOCOLATE CHIP COOKIE DOUGH 200 GRAM PACK,CHIPS CHOCOLATE COOKIES DOUGH GRAM PACK PILLSBURY
1322,11080,PILLSBURY PEANUT BUTTER COOKIE DOUGH 200 GRAM PACK,BUTTER COOKIES DOUGH GRAM PACK PEANUT PILLSBURY
1323,11081,GOBBLERIGHT CHOCOLATE COOKIE DOUGH PREMIX,CHOCOLATE COOKIES DOUGH PREMIUM
1324,11082,NUTRALITE VEGAN BUTTER SPREAD,BUTTER NUTRALITE SPREAD VEGAN
1325,11083,AMUL UNSALTED BUTTER 100 GRAM PACK,AMUL BUTTER GRAM PACK UNSALTED
1326,11084,NUTRALITE LOW FAT BUTTER SPREAD 500 GRAM TUB,BUTTER FAT GRAM LOW NUTRALITE SPREAD TUB
1327,11085,DEL MONTE BUTTER SPREAD 200 GRAM TUB,BUTTER DEL GRAM MONTE SPREAD TUB
1328,11086,AMERICAN GARDEN DILL PICKLE JAR,AMERICAN DILL GARDEN JAR PICKLED
1329,11087,DEL MONTE CUCUMBER DILL PICKLE SLICES 350 GRAM JAR,CUCUMBERS DEL DILL GRAM JAR MONTE PICKLED SLICED
1330,11088,EPIGAMIA CHOCOLATE DESSERT PUDDING 90 GRAM CUP,CHOCOLATE CUP DESSERT EPIGAMIA GRAM PUDDING
1331,20553,ALPENLIEBE CREAMFILLS BUTTER CARAMEL TOFFEE,BUTTER CARAMEL TOFFEE
1332,20554,PULSE CANDY ASSORTED FLAVOURS TANGY CENTRE FILLED CANDY,ASSORTED CANDY FILLET FLAVOUR PULLS TANGY
1333,20552,CADBURY GEMS CHOCOLATE BUTTON COATED CANDY,BUTTON CADBURY CANDY CHOCOLATE COATED
1334,20555,MENTOS PURE FRESH GUM SPEARMINT,FRESH GUM PURE
1335,20556,MINT-O FRESH EUCALYPTUS,EUCALYPTUS FRESH MINT
1336,20557,CHLORMINT STRONG MINT LOZENGES,MINT STRONG
1337,20559,HERSHEYÔÇÖS REESEÔÇÖS PEANUT BUTTER CUPS,BUTTER CUP HERSHEY PEANUT
1338,20560,LINDT EXCELLENCE DARK MINT INTENSE CHOCOLATE BAR,BAR CHOCOLATE DARK INTENSIVE MINT
1339,20558,CHUPA CHUPS MINI LOLLIPOPS,CHUPA MINT
1340,20701,BRITANNIA GOOD DAY BUTTER COOKIES,BRITANNIA BUTTER COOKIES DAY
1341,20702,SUNFEAST DARK FANTASY CHOCO FILLS COOKIES,COCOA COOKIES DARK FANTASY SUNFEAST
1342,20703,BRITANNIA TREAT VANILLA CREAM WAFERS,BRITANNIA CREAMY TREATS VANILLA WAFER
1343,20705,BRITANNIA CHOCOLATE BUTTER COOKIES WITH ICING STRIPES,BRITANNIA BUTTER CHOCOLATE COOKIES ICING
1344,20704,BRITANNIA CHEESE CRACKERS,BRITANNIA CHEESE CRACKERS
1345,20706,SUNFEAST FARMLITE MULTIGRAIN CHEESE CRACKERS,CHEESE CRACKERS MULTIGRAIN SUNFEAST
1346,20709,TAJ MAHAL BAKERY MULTIGRAIN EVERYTHING SEASONING CRACKERS,BAKERY CRACKERS EVERYTHING MAHAL MULTIGRAIN SEASONING TATA
1347,20707,BRITANNIA CREAM CRACKER ORIGINAL SALTED BISCUITS,BISCUIT BRITANNIA CRACKERS CREAMY ORIGINAL SALTED
1348,20708,PRINGLES CHEESE & ONION FLAVOURED POTATO CRISPS,CHEESE CRISPY FLAVOUR ONION POTATO
1349,20710,PINTOLA ORGANIC WHOLEGRAIN BROWN RICE CAKES,BROWN CAKES ORGANIC PINTOLA RICH WHOLEGRAIN
1350,20711,PINTOLA ORGANIC WHOLEGRAIN BROWN RICE CAKES UNSALTED,BROWN CAKES ORGANIC PINTOLA RICH UNSALTED WHOLEGRAIN
1351,20712,TOO YUMM MULTIGRAIN CHIPS PERI PERI FLAVOUR,CHIPS FLAVOUR MULTIGRAIN PERI YUMM
1352,20836,SLEEPY OWL COLD BREW BLACK COFFEE,BLACK BREW COFFEE COLA OWL SLEEPY
1353,20838,TATA COFFEE COLD COFFEE MOCHA,COFFEE COLA MOCHA TATA
1354,20837,MONSTER ENERGY JAVA MONSTER,ENERGY MONSTER
1355,20841,TEAFIT UNSWEETENED GREEN TEA,GREEN TEA UNSWEETENED
1356,20839,TEAME WILD BERRY ICE BREW,BERRY BREW ICED WILD
1357,20840,LIPTON ZERO SUGAR LEMON,LEMON LIPTON SUGAR
1358,20843,BISLERI 20 LITRE PACKAGED DRINKING WATER JAR,BISLERI DRINKING JAR LITRE PACKAGED WATER
1359,20842,PARRYÔÇÖS 20 LITRE PACKAGED DRINKING WATER JAR,DRINKING JAR LITRE PACKAGED WATER
1360,20844,EVOCUS BLACK ALKALINE WATER,ALKALINE BLACK WATER
1361,20845,KINLEY PACKAGED DRINKING WATER,DRINKING PACKAGED WATER
1362,20846,VEDICA HIMALAYAN SPRING WATER,HIMALAYAN SPRING WATER
1363,20847,TATA HIMALAYAN NATURAL MINERAL WATER,HIMALAYAN MINERAL NATURAL TATA WATER
1364,20848,COCOFIT VITAMIN WATER LEMON & LIME FLAVOUR,FLAVOUR LEMON LIME VITAMIN WATER
1365,20850,RAW PRESSERY KOMBUCHA BLUEBERRY & MINT FLAVOUR,BLUEBERRY FLAVOUR KOMBUCHA MINT PRESERVED RAW
1366,20849,KAPIVA SATTU ENERGY DRINK LEMON & CHILLI FLAVOUR,CHILLI DRINK ENERGY FLAVOUR KAPIVA LEMON
1367,20852,GATORADE SPORTS DRINK POWDER,DRINK GATORADE POWDER SPORTS
1368,20851,FAST&UP RELOAD ELECTROLYTES,ELECTROLYTE FAST
1369,20853,ELECTRAL ORS POWDER,ELECTRAL POWDER
1370,20855,PREDATOR ENERGY DRINK,DRINK ENERGY
1371,20854,MONSTER ENERGY ULTRA WATERMELON ZERO SUGAR,ENERGY MONSTER SUGAR ULTRA WATERMELON
1372,20856,REIGN TOTAL BODY FUEL SOUR APPLE ENERGY DRINK,APPLE BODY DRINK ENERGY SOUR TOTAL
1373,20932,KAPIVA RAW HONEY,HONEY KAPIVA RAW
1374,20933,MIKES HOT HONEY HONEY INFUSED WITH CHILI,CHILLI HONEY HOT
1375,20934,APIS INDIA HONEY,HONEY INDIA
1376,20940,MYFITNESS PEANUT BUTTER CHOCOLATE CRUNCHY 26% PROTEIN,BUTTER CHOCOLATE CRUNCHY PEANUT PROTEIN
1377,20938,DR. OETKER FUNFOODS NUTTY HAZELNUT COCOA SPREAD,COCOA FUNFOODS NUTTY OETKER SPREAD
1378,20939,ALPINO NATURAL PEANUT BUTTER CREAMY UNSWEETENED,BUTTER CREAMY NATURAL PEANUT UNSWEETENED
1379,20941,SMITH & JONES TOMATO KETCHUP,KETCHUP SMITH TOMATO
1380,20942,DEL MONTE TOMATO KETCHUP,DEL KETCHUP MONTE TOMATO
1381,20943,KISSAN FRESH TOMATO KETCHUP,FRESH KETCHUP KISSAN TOMATO
1382,20945,MERICAN GARDEN EASY SQUEEZE YELLOW MUSTARD,EASY GARDEN MUSTARD SQUEEZE YELLOW
1383,20946,UNFOODS AMERICAN MUSTARD,AMERICAN MUSTARD
1384,20947,VEEBA HONEY BARBEQUE SAUCE,BARBECUE HONEY SAUCE VEEBA
1385,20949,KRAFT ORIGINAL SLOW-SIMMERED BARBECUE SAUCE,BARBECUE KRAFT ORIGINAL SAUCE
1386,20952,DEL MONTE MEXICAN SEASONING CHILI,CHILLI DEL MEXICAN MONTE SEASONING
1387,20953,GRAVYMATTER BUTTER CHICKEN GRAVY,BUTTER CHICKEN GRAVY
1388,20954,MAGGI PROFESSIONAL BROWN BASE GRAVY,BASED BROWN GRAVY
1389,20955,SARAS CHICKEN MASALA GRAVY,CHICKEN GRAVY MASALA
1390,20956,URBAN PLATTER RED WINE VINEGAR,PLATES RED URBAN VINEGAR WINE
1391,20957,TOPS WHITE VINEGAR,TOPS VINEGAR WHITE
1392,20958,PONTI WHITE BALSAMIC DRESSING VINEGAR,BALSAMIC DRESSING VINEGAR WHITE
1393,20959,TAJ MAHAL COOKING WINE,COOKIES MAHAL TATA WINE
1394,20960,SUNDROP COOKING WINE (RED WINE STYLE),COOKIES RED STYLE WINE
1395,20961,BORGES RED WINE VINEGAR,BORGES RED VINEGAR WINE
1396,20962,FUNFOODS BY DR. OETKER SANDWICH SPREAD ÔÇÔ CLASSIC MAYO & TANGY DRESSING,CLASSIC DRESSING FUNFOODS MAYO OETKER SANDWICH SPREAD TANGY
1397,20963,CREMICA SANDWICH SPREAD ÔÇÔ EGGLESS MAYONNAISE STYLE SPREAD,CREMICA EGGLESS MAYONNAISE SANDWICH SPREAD STYLE
1398,20964,VEEBA EGGLESS MAYONNAISE ÔÇÔ CREAMY & TANGY SANDWICH SPREAD,CREAMY EGGLESS MAYONNAISE SANDWICH SPREAD TANGY VEEBA
1399,20966,DEL MONTE EGGLESS LIGHT MAYONNAISE,DEL EGGLESS LIGHT MAYONNAISE MONTE
1400,20967,DR. OETKER FUNFOODS VEG MAYONNAISE SQUEEZY,FUNFOODS MAYONNAISE OETKER SQUEEZE VEG
1401,20965,GRABENORD VEGAN ORGANIC MAYONNAISE,MAYONNAISE ORGANIC VEGAN
1402,20970,KEN'S STEAK HOUSE LITE NORTHERN ITALIAN SALAD DRESSING,DRESSING HOUSE ITALIAN LIT SALAD STEAK
1403,20971,KRAFT CHIPOTLE MAYO SPREAD,CHIPOTLE KRAFT MAYO SPREAD
1404,20972,TOO YUMM CHEESY CHEESE RINGS,CHEESE RINGS YUMM
1405,20991,DELMONTE SWEET HEAT CHIPS,CHIPS HEAT SWEET
1406,20993,MOTHERÔÇÖS RECIPE SWEET MANGO,MANGO MOTHER RECIPE SWEET
1407,20992,TOPS SWEET & TANGY RELISH SAUCE,SAUCE SWEET TANGY TOPS
1408,20994,WINGREENS FARMS SUN DRIED TOMATO,DRIED FARM SUN TOMATO WINGREENS
1409,20998,DEL MONTE SLICED BLACK OLIVES,BLACK DEL MONTE OLIVES SLICED
1410,21000,BORGES BLACK PITTED OLIVES,BLACK BORGES OLIVES
1411,20999,FIGARO BLACK SLICED OLIVES,BLACK FIGARO OLIVES SLICED
1412,21007,PEPSI WILD CHERRY ZERO SUGAR SOFT DRINK,CHERRY DRINK PEPSI SOFT SUGAR WILD
1413,21008,PEPSI ZERO SUGAR WILD CHERRY SOFT DRINK,CHERRY DRINK PEPSI SOFT SUGAR WILD
1414,21012,7UP SOFT DRINK,DRINK SOFT
1415,21015,FANTA STRAWBERRY + SODA MIX,FANTASY MIX SODA STRAWBERRY
1416,21017,BISLERI SODA CLUB SODA,BISLERI CLUB SODA
1417,21016,SCHWEPPES INDIAN TONIC WATER,INDIA TONIC WATER
1418,21018,EAST IMPERIAL INDIAN TONIC WATER,EASY INDIA TONIC WATER
1419,21027,YOGA BAR MIX SEED SUPER SNACK,BAR MIX SEEDS SNACK SUPER YOGA
1420,21028,DOKI SMOKEY MASALA CHICKEN JERKY,CHICKEN DOKI JERKY MASALA SMOKE
1421,21029,DOKI KOREAN GOCHUJANG BUFFALO JERKY,BUFFALO DOKI JERKY KOREAN
1422,21030,DOKI TELLICHERRY PEPPER JERKY,DOKI JERKY PEPPERS
1423,20627,TATA SAMPANN GARLIC POWDER,GARLIC POWDER SAMPANN TATA
1424,20628,EVEREST BLACK PEPPER POWDER,BLACK EVEREST PEPPERS POWDER
1425,20629,TATA SAMPANN CINNAMON POWDER,CINNAMON POWDER SAMPANN TATA
1426,20630,EVEREST RED CHILLI FLAKES SEASONING,CHILLI EVEREST RED SEASONING
1427,20631,URBAN PLATTER DRIED BASIL LEAVES,BASIL DRIED LEAVES PLATES URBAN
1428,20632,ORIKA ITALIAN SEASONING MIX,ITALIAN MIX ORIKA SEASONING
1429,20635,ATA SALT COARSE CRYSTAL SALT,CRYSTALS SALT
1430,20633,TATA HIMALAYAN ROCK SALT,HIMALAYAN ROCKY SALT TATA
1431,20634,NATURELAND ORGANICS SEA SALT IODISED,ORGANIC SALT SEA
1432,20636,ORIKA MALABAR BLACK PEPPER GRINDER,BLACK GRINDER ORIKA PEPPERS
1433,20638,MCCORMICK BLACK PEPPERCORN GRINDER,BLACK GRINDER PEPPERCORN
1434,20637,EVEREST BLACK PEPPER POWDER,BLACK EVEREST PEPPERS POWDER
1435,20641,EVEREST TANDOORI CHICKEN MASALA,CHICKEN EVEREST MASALA TANDOORI
1436,20639,EVEREST STEAK & CHOPS MASALA,CHOPS EVEREST MASALA STEAK
1437,20640,MDH TANDOORI CHICKEN MASALA,CHICKEN MASALA TANDOORI
1438,20642,DALDA VANASPATI REFINED VEGETABLE OIL,OIL REFINED VEGETABLE
1439,20643,AMUL BAKERY MARGARINE (BUTTER FLAVOUR),AMUL BAKERY BUTTER FLAVOUR MARINADE
1440,20644,VIJAY BAKERY MARGARINE STICKS,BAKERY MARINADE STICK
1441,20647,FORTUNE REFINED VEGETABLE OIL,FORTUNE OIL REFINED VEGETABLE
1442,20645,FORTUNE CANOLA OIL,FORTUNE OIL
1443,20650,BORGES EXTRA LIGHT,BORGES EXTRA LIGHT
1444,20648,BORGES EXTRA VIRGIN,BORGES EXTRA VIRGIN
1445,20649,TATA SIMPLY BETTER EVOO,SIMPLY TATA
1446,20651,PURE NUTRITION VIRGIN AVOCADO OIL SPRAY,AVOCADO NUTRITION OIL PURE SPRAY VIRGIN
1447,20653,CHEFSPRAY AVOCADO OIL SPRAY,AVOCADO OIL SPRAY
1448,20652,HOFFMAN SUNFLOWER OIL SPRAY,OIL SPRAY
1449,20655,BAGRRY'S PLANT BASED OAT DRINK,BASED DRINK OATS PLANT
1450,20654,SO GOOD PLANT BASED ALMOND COCONUT BEVERAGE,ALMOND BASED BEVERAGE COCONUT PLANT
1451,20656,MILKLAB PLANT BASED ALMOND MILK,ALMOND BASED MILD PLANT
1452,20657,AMUL INSTANT SKIMMED MILK POWDER,AMUL INSTANT MILD POWDER SKIMMED
1453,20658,AMUL BUTTERMILK POWDER,AMUL BUTTERMILK POWDER
1454,20659,AMUL INSTANT SKIMMED MILK POWDER,AMUL INSTANT MILD POWDER SKIMMED
1455,20660,AMUL COW UHT MILK,AMUL COW MILD UHT
1456,20661,AMUL TAAZA HOMOGENISED TONED MILK,AMUL HOMOGENISED MILD TAAZA TONE
1457,20664,AMUL TAAZA HOMOGENISED TONED MILK,AMUL HOMOGENISED MILD TAAZA TONE
1458,20662,ARROWHEAD MILLS ORGANIC YELLOW CORNMEAL,CORNMEAL ORGANIC YELLOW
1459,20663,DAIVIK ORGANIC MAIZE FLOUR MAKKI ATTA CORN FLOUR,CORN FLOUR ORGANIC
1460,20665,TARU NATURAL ALL PURPOSE FLOUR,FLOUR NATURAL PURPOSE TATA
1461,20666,AASHIRVAAD UNBLEACHED BREAD MAKING WHEAT FLOUR,AASHIRVAAD BREAD FLOUR MAKING WHEAT
1462,20667,URBAN PLATTER GLUTEN FREE BAKING FLOUR 1 TO 1 MIX,BAKING FLOUR FREE GLUTEN MIX PLATES URBAN
1463,20668,YOGA BAR ORGANIC HEMP HEARTS HEALTHY SEED MIX,BAR HEALTH HEARTS HEMP MIX ORGANIC SEEDS YOGA
1464,20670,URBAN PLATTER HEMP HEARTS NATURAL SUPER SEEDS,HEARTS HEMP NATURAL PLATES SEEDS SUPER URBAN
1465,20669,URBAN PLATTER ORGANIC FLAXSEED MEAL POWDER,MEAL ORGANIC PLATES POWDER URBAN
1466,20672,DHAMPURE PURE CANE WHITE GRANULATED SUGAR,CANS DHAMPURE GRANULATED PURE SUGAR WHITE
1467,20673,MADHUR FINE GRANULATED WHITE SUGAR,GRANULATED MADHUR SUGAR WHITE
1468,20676,DHAMPURE DARK BROWN SUGAR FOR BAKING,BAKING BROWN DARK DHAMPURE SUGAR
1469,20674,24 MANTRA ORGANIC LIGHT BROWN SUGAR,BROWN LIGHT MANTRA ORGANIC SUGAR
1470,20675,ORGANIC INDIA NATURAL CANE SUGAR CRYSTALS,CANS CRYSTALS INDIA NATURAL ORGANIC SUGAR
1471,20677,MADHUR POWDERED SUGAR FOR ICING AND BAKING,BAKING ICING MADHUR POWDER SUGAR
1472,20679,DHAMPURE FINE POWDERED SUGAR FOR DESSERTS,DESSERT DHAMPURE POWDER SUGAR
1473,20678,24 MANTRA ORGANIC POWDERED SUGAR,MANTRA ORGANIC POWDER SUGAR
1474,20680,SUGAR FREE NATURA ZERO CALORIE SWEETENER SACHETS,CALORIE FREE NATURAL SACHETS SUGAR SWEETENED
1475,20681,SUGAR FREE GOLD LOW CALORIE SWEETENER POWDER,CALORIE FREE GOLD LOW POWDER SUGAR SWEETENED
1476,20682,LAKANTO NATURAL MONK FRUIT SWEETENER POUCH,FRUIT MOON NATURAL POUCH SWEETENED
1477,20683,24 MANTRA ORGANIC BLUE AGAVE SYRUP,AGAVE BLUE MANTRA ORGANIC SYRUP
1478,20684,ORGANIC INDIA DATE NECTAR NATURAL SWEETENER BOTTLE,BOTTLE INDIA NATURAL NECTAR ORGANIC SWEETENED
1479,20685,URBAN PLATTER ORGANIC BLUE AGAVE NATURAL SWEETENER,AGAVE BLUE NATURAL ORGANIC PLATES SWEETENED URBAN
1480,20686,KISSAN ORIGINAL PANCAKE AND BREAKFAST SYRUP,BREAKFAST KISSAN ORIGINAL PANCAKE SYRUP
1481,20687,24 MANTRA ORGANIC MAPLE SYRUP BOURBON BARREL AGED,AGED BOURBON MANTRA MAPLE ORGANIC SYRUP
1482,20688,24 MANTRA ORGANIC PURE MAPLE SYRUP 100 PERCENT,MANTRA MAPLE ORGANIC PERCENT PURE SYRUP
1483,20691,PILLSBURY COMPLETE BUTTERMILK PANCAKE MIX,BUTTERMILK COMPLETE MIX PANCAKE PILLSBURY
1484,20689,URBAN PLATTER GLUTEN FREE PANCAKE AND WAFFLE MIX,FREE GLUTEN MIX PANCAKE PLATES URBAN WAFFLE
1485,20690,YOGA BAR HIGH PROTEIN PANCAKE MIX,BAR HIGH MIX PANCAKE PROTEIN YOGA
1486,20694,BRU DOUBLE MOCHA CAPPUCCINO INSTANT COFFEE MIX,BRU CAPPUCCINO COFFEE DOUBLE INSTANT MIX MOCHA
1487,20697,TATA TEA PREMIUM ORANGE AND SPICE BLACK TEA,BLACK ORANGE PREMIUM SPICY TATA TEA
1488,20695,GIRNAR ORIGINAL CHAI TEA LATTE CONCENTRATE,CONCENTRATE LATTE ORIGINAL TEA
1489,20713,PAPER BOAT CLASSIC LEMONADE REFRESHING DRINK,BOAT CLASSIC DRINK LEMONADE PAPER REFRESHING
1490,20714,REAL LEMON JUICE RECONSTITUTED CONCENTRATE,CONCENTRATE JUICE LEMON REAL
1491,20718,REAL FRUIT PUNCH JUICE DRINK FOR KIDS,DRINK FRUIT JUICE KIDS PUNCH REAL
1492,20716,PAPER BOAT STRAWBERRY LEMONADE READY TO DRINK JUICE,BOAT DRINK JUICE LEMONADE PAPER READY STRAWBERRY
1493,20717,PAPER BOAT MIXED FRUIT COOLER JUICE DRINK,BOAT DRINK FRUIT JUICE MIXED PAPER
1494,20719,RASNA PEACH ICED TEA INSTANT DRINK MIX,DRINK ICED INSTANT MIX PEACH TEA
1495,20720,MAPRO PINEAPPLE MANGO LIQUID WATER ENHANCER,ENHANCER LIQUID MANGO MAPRO PINEAPPLE WATER
1496,20721,MAPRO TROPICAL FUSION ENERGY LIQUID WATER ENHANCER,ENERGY ENHANCER LIQUID MAPRO TROPICAL WATER
1497,20726,DEL MONTE CUT GREEN BEANS READY TO COOK,BEANS COKE CUTS DEL GREEN MONTE READY
1498,20725,24 MANTRA ORGANIC CUT GREEN BEANS,BEANS CUTS GREEN MANTRA ORGANIC
1499,20727,DEL MONTE WHOLE ARTICHOKE HEARTS 14 OUNCE CAN,ARTICHOKE CANS DEL HEARTS MONTE WHOLE
1500,20728,KISSAN TOMATO COOKING SAUCE,COOKIES KISSAN SAUCE TOMATO
1501,20729,DEL MONTE PETITE DICED TOMATOES,DEL DICED MONTE TOMATO
1502,20730,24 MANTRA ORGANIC DICED TOMATOES,DICED MANTRA ORGANIC TOMATO
1503,20731,DEL MONTE APRICOT HALVES IN HEAVY SYRUP,APRICOTS DEL HALVES HEAVY MONTE SYRUP
1504,20732,DEL MONTE BARTLETT PEAR HALVES IN JUICE,BARTLETT DEL HALVES JUICE MONTE PEARL
1505,20733,KISSAN JELLIED CRANBERRY SAUCE,CRANBERRY JELLICE KISSAN SAUCE
1506,20735,KISSAN UNSWEETENED APPLE SAUCE,APPLE KISSAN SAUCE UNSWEETENED
1507,20736,KISSAN UNSWEETENED APPLE SAUCE CUPS,APPLE CUP KISSAN SAUCE UNSWEETENED
1508,20740,LICIOUS VIENNA STYLE CHICKEN SAUSAGES PACK,CHICKEN LICIOUS PACK SAUSAGE STYLE
1509,20741,VENKY'S CHICKEN BREAST CHUNKS IN WATER,BREAST CHICKEN CHUNKS VENKY WATER
1510,20743,24 MANTRA ORGANIC BAJA STYLE BLACK BEANS,BEANS BLACK MANTRA ORGANIC STYLE
1511,20745,24 MANTRA ORGANIC BLACK BEANS NO SALT ADDED,ADDED BEANS BLACK MANTRA ORGANIC SALT
1512,20744,24 MANTRA ORGANIC CHICKPEA COCONUT CURRY BEANS,BEANS CHICKPEA COCONUT CURRY MANTRA ORGANIC
1513,20748,HEINZ VEGETARIAN BAKED BEANS IN TOMATO SAUCE,BAKE BEANS HEINZ SAUCE TOMATO VEGETARIAN
1514,20750,VEEBA HOT CHILLI READY TO EAT SAUCE WITHOUT BEANS,BEANS CHILLI EAT HOT READY SAUCE VEEBA
1515,20751,VEEBA CLASSIC CHILLI READY TO EAT SAUCE WITHOUT BEANS,BEANS CHILLI CLASSIC EAT READY SAUCE VEEBA
1516,20755,KISSAN SANDWICH FILLING COOKING SAUCE,COOKIES FILLING KISSAN SANDWICH SAUCE
1517,20758,KNORR CREAM OF MUSHROOM CONDENSED SOUP,CONDENSED CREAMY KNORR MUSHROOM SOUR
1518,20759,KNORR CREAM OF CHICKEN CONDENSED SOUP,CHICKEN CONDENSED CREAMY KNORR SOUR
1519,20760,KNORR TOMATO CONDENSED SOUP FAMILY PACK,CONDENSED FAMILY KNORR PACK SOUR TOMATO
1520,20762,NISSIN TOP RAMEN CHICKEN FLAVOUR NOODLE SOUP,CHICKEN FLAVOUR NOODLE SOUR TOPS
1521,20765,KNORR ORGANIC CHICKEN STOCK LIQUID BROTH,BROTH CHICKEN KNORR LIQUID ORGANIC STOCK
1522,20768,SAFFOLA LENTIL AND VEGETABLE SOUP LOW SODIUM,LOW SAFFOLA SODIUM SOUR VEGETABLE
1523,20769,KNORR HOMESTYLE NEW ENGLAND CLAM SOUP,CLAW HOMESTYLE KNORR NEW SOUR
1524,20773,BAMBINO ANGEL HAIR PASTA WITH PARMESAN SEASONING,ANGEL BAMBINO HAIR PARMESAN PASTA SEASONING
1525,20774,BAMBINO FETTUCCINE PASTA READY MIX,BAMBINO FETTUCCINE MIX PASTA READY
1526,20775,BAMBINO BUTTER AND GARLIC PASTA MIX,BAMBINO BUTTER GARLIC MIX PASTA
1527,20776,URBAN PLATTER MEATLESS STREET TACO FILLING MIX,FILLING MIX PLATES TATA URBAN
1528,20777,ITC MASTER CHEF ROASTED GARLIC MASHED POTATOES MIX,CHEF GARLIC ITC MASHED MASTER MIX POTATO ROASTED
1529,20778,ITC MASTER CHEF BABY RED FLAVOURED MASHED POTATOES,BABY CHEF FLAVOUR ITC MASHED MASTER POTATO RED
1530,20779,ITC MASTER CHEF BABY RED MASHED POTATOES FAMILY PACK,BABY CHEF FAMILY ITC MASHED MASTER PACK POTATO RED
1531,20780,BRITANNIA THIN CRUST PIZZA BASE 12 INCH,BASED BRITANNIA CRUST PIZZA THIN
1532,20781,BRITANNIA PERSONAL PIZZA BASE 8 INCH,BASED BRITANNIA PIZZA
1533,20782,BRITANNIA ORIGINAL PIZZA CRUST BASE,BASED BRITANNIA CRUST ORIGINAL PIZZA
1534,20783,URBAN PLATTER WHOLE GRAIN GLUTEN FREE TORTILLA WRAPS,FREE GLUTEN GRAIN PLATES TORTILLA URBAN WHOLE WRAPS
1535,20784,URBAN PLATTER SPROUTED GRAIN PIZZA CRUST 12 INCH,CRUST GRAIN PIZZA PLATES SPROUTED URBAN
1536,20785,SAMYANG BULDAK CARBONARA SPICY NOODLES BIG BOWL,BIG BOWL CARBONATED NOODLE SPICY
1537,20787,SAPPORO ICHIBAN CHICKEN FLAVOUR CUP NOODLES,CHICKEN CUP FLAVOUR NOODLE
1538,20789,ZIYAD LUPINI BEANS MEDITERRANEAN STYLE,BEANS MEDITERRANEAN STYLE
1539,20790,WINGREENS GREEK STYLE DOLMA STUFFED VINE LEAVES,DOLMA GREEN LEAVES STUFFED STYLE VINE WINGREENS
1540,20791,WINGREENS SWEET AND SPICY DOLMAS MEDITERRANEAN SNACK,DOLMA MEDITERRANEAN SNACK SPICY SWEET WINGREENS
1541,20794,GADRE WHITEFISH AND PIKE CLEAR FISH PREPARATION,CLEAR FISH
1542,20792,YEHUDA MEMORIAL CANDLE LONG BURNING,CANDLE LONG
1543,20793,URBAN PLATTER ROASTED BUCKWHEAT KASHA GLUTEN FREE,FREE GLUTEN PLATES ROASTED URBAN
1544,20795,VEEBA HONEY JERK CARIBBEAN SEASONING SAUCE,HONEY JERKY SAUCE SEASONING VEEBA
1545,20796,MTR PUNJABI CHHOLE READY TO EAT CURRY,CURRY EAT MTR READY
1546,20797,PATAK'S TIKKA MASALA CURRY SIMMER SAUCE,CURRY MASALA PATAK SAUCE TIKKA
1547,20798,PATAK'S BUTTER CHICKEN COOKING SAUCE,BUTTER CHICKEN COOKIES PATAK SAUCE
1548,20799,YOGA BAR NATURAL CHIA SEEDS SUPERFOOD,BAR NATURAL SEEDS YOGA
1549,20804,DEL MONTE GARLIC ALFREDO PASTA SAUCE,ALFREDO DEL GARLIC MONTE PASTA SAUCE
1550,20806,VEEBA DICED GREEN CHILLIES MEXICAN STYLE,CHILLI DICED GREEN MEXICAN STYLE VEEBA
1551,20807,VEEBA MILD DICED GREEN CHILLIES MEXICAN STYLE,CHILLI DICED GREEN MEXICAN MILD STYLE VEEBA
1552,20812,REAL MANGO NECTAR FRUIT BEVERAGE,BEVERAGE FRUIT MANGO NECTAR REAL
1553,20813,REAL PINEAPPLE COCONUT NECTAR BEVERAGE,BEVERAGE COCONUT NECTAR PINEAPPLE REAL
1554,20814,REAL PINEAPPLE NECTAR FRUIT BEVERAGE,BEVERAGE FRUIT NECTAR PINEAPPLE REAL
1555,20815,NESTLE MILKMAID DULCE DE LECHE DESSERT SPREAD,DESSERT DULCE LECHE MILKMAID NESTLE SPREAD
1556,20816,NESTLE MEDIA CREMA COOKING CREAM,COOKIES CREAMY CREMA NESTLE
1557,20817,WEIKFIELD CARAMEL CUSTARD FLAN DESSERT MIX,CARAMEL CUSTARD DESSERT FLAT MIX WEIKFIELD
1558,20821,VEEBA TACO SEASONING SPICE MIX,MIX SEASONING SPICY TATA VEEBA
1559,20822,VEEBA MEXICAN TACO SEASONING MIX,MEXICAN MIX SEASONING TATA VEEBA
1560,20824,WINGREENS THICK AND CHUNKY MEDIUM SALSA DIP,CHUNKS DIP MEDIUM SALT THICK WINGREENS
1561,20825,WINGREENS CASERA STYLE MEDIUM SALSA DIP,DIP MEDIUM SALT STYLE WINGREENS
1562,20826,WINGREENS MILD CHUNKY CLASSIC SALSA DIP,CHUNKS CLASSIC DIP MILD SALT WINGREENS
1563,20827,24 MANTRA PREMIUM CHICKPEAS LOW SODIUM CAN,CANS CHICKPEA LOW MANTRA PREMIUM SODIUM
1564,20828,24 MANTRA PINTO BEANS READY TO COOK,BEANS COKE MANTRA PINTOLA READY
1565,20829,24 MANTRA PRE COOKED PINTO BEANS CAN,BEANS CANS COOKED MANTRA PINTOLA
1566,20830,CORNITOS YELLOW CORN TORTILLAS KING SIZE,CORN CORNITOS SIZE TORTILLA YELLOW
1567,20832,CORNITOS WHOLE WHEAT TORTILLA WRAPS,CORNITOS TORTILLA WHEAT WHOLE WRAPS
1568,20831,CORNITOS SPINACH HERB TORTILLA WRAPS,CORNITOS HERB SPINACH TORTILLA WRAPS
1569,20833,CORNITOS YELLOW CORN TACO SHELLS,CORN CORNITOS SHELLS TATA YELLOW
1570,20834,CORNITOS YELLOW CORN TACO SHELLS PACK OF 12,CORN CORNITOS PACK SHELLS TATA YELLOW
1571,20835,CORNITOS MINI TACO SLIDER YELLOW CORN SHELLS,CORN CORNITOS MINT SHELLS SLIDER TATA YELLOW
1572,20857,PEE SAFE FLUSHABLE WET WIPES FRESH CARE,CARB FLUSHABLE FRESH PEE SAFE WET WIPES
1573,20858,PEE SAFE GENTLE FLUSHABLE WET WIPES WITH ALOE VERA,ALOE FLUSHABLE GENTLE PEE SAFE VERA WET WIPES
1574,20859,PEE SAFE FRESH CARE FLUSHABLE WET WIPES REFILL PACK,CARB FLUSHABLE FRESH PACK PEE REFILL SAFE WET WIPES
1575,20860,ORIGAMI KITCHEN PAPER TOWELS WHITE PACK 12 ROLLS,KITCHEN ORIGAMI PACK PAPER ROLLS TOWELS WHITE
1576,20861,ORIGAMI KITCHEN PAPER TOWELS WHITE DOUBLE ROLL PACK,DOUBLE KITCHEN ORIGAMI PACK PAPER ROLLS TOWELS WHITE
1577,20862,ORIGAMI KITCHEN PAPER TOWELS WHITE PACK 8 ROLLS,KITCHEN ORIGAMI PACK PAPER ROLLS TOWELS WHITE
1578,20863,CELLO DESIGNER DISPOSABLE BOWLS 10 OUNCE,BOWL CELLO DISPOSABLE
1579,20864,CELLO PREMIUM ASSORTED PLASTIC CUTLERY SET,ASSORTED CELLO CUTLETS PLASTIC PREMIUM SET
1580,20869,VIM PLATINUM POWERWASH DISH CLEANING SPRAY FRESH SCENT,CLEANING FRESH SCENT SPRAY VIM
1581,20870,VIM LIQUID DISHWASH GEL OCEAN FRAGRANCE,DISHWASHER FRAGRANCE GEL LIQUID OCEAN VIM
1582,20872,MEE MEE BABY LAUNDRY LIQUID DETERGENT ACTIVE CARE,ACTIV BABY CARB DETERGENT LIQUID MEE
1583,20876,DOMEX BLEACH LIQUID FRESH LINEN FRAGRANCE,BLEACH DOMEX FRAGRANCE FRESH LINER LIQUID
1584,20877,DOMEX REGULAR BLEACH LIQUID CLEANER,BLEACH CLEANER DOMEX LIQUID REGULAR
1585,20875,GHADI TRIPLE ACTION FABRIC BLEACH ,ACTION BLEACH FABRIC
1586,20880,COMFORT FABRIC CONDITIONER SCENT LAVENDER FRAGRANCE,COMFORT CONDITIONER FABRIC FRAGRANCE LAVENDER SCENT
1587,20878,COMFORT ULTRA LIQUID FABRIC CONDITIONER  FRAGRANCE,COMFORT CONDITIONER FABRIC FRAGRANCE LIQUID ULTRA
1588,20879,COMFORT ULTRA LIQUID FABRIC CONDITIONER FREE & GENTLE CARE,CARB COMFORT CONDITIONER FABRIC FREE GENTLE LIQUID ULTRA
1589,20881,VANISH OXI ACTION POWDER ODOUR REMOVER & STAIN CLEANER,ACTION CLEANER ODOUR OXI POWDER REMOVER STAIN VANISH
1590,20882,VANISH WHITE REVIVE LIQUID FABRIC WHITENER,FABRIC LIQUID VANISH WHITE WHITENING
1591,20883,UJALA LIQUID COLOUR FABRIC STAIN REMOVER ORIGINAL FRAGRANCE,COLOUR FABRIC FRAGRANCE LIQUID ORIGINAL REMOVER STAIN
1592,20884,DROOLS WET DOG FOOD CHICKEN TOMATO & CARROT PATE,CARROT CHICKEN DOG DROOLS FOOD TOMATO WET
1593,20886,PUREPET WET DOG FOOD CHEESEBURGER FLAVOUR MEAL,DOG FLAVOUR FOOD MEAL PUREPET WET
1594,20890,DROOLS CHICKEN FLAVOUR DOG TRAINING TREATS,CHICKEN DOG DROOLS FLAVOUR TRAINING TREATS
1595,20891,DROOLS BACON FLAVOUR DOG SNACKS,BACON DOG DROOLS FLAVOUR SNACK
1596,20892,PEDIGREE DOG TRAINING TREATS MEATY BITES,BITE DOG PEDIGREE TRAINING TREATS
1597,20896,WHISKAS COMPLETE NUTRITION DRY CAT FOOD,CAT COMPLETE DRY FOOD NUTRITION WHISKAS
1598,20897,WHISKAS COMPLETE NUTRITION DRY CAT FOOD ADULT FORMULA,ADULT CAT COMPLETE DRY FOOD FORMULA NUTRITION WHISKAS
1599,20898,ME-O PREMIUM DRY CAT FOOD SALMON & TUNA BLEND,BLEND CAT DRY FOOD PREMIUM SALMON TUNA
1600,20904,PUREPET UNSCENTED NON-CLUMPING CAT LITTER,CAT CLUMPING LITTER NON PUREPET UNSCENTED
1601,20908,VITAPOL WILD BIRD FEED NUT & SEED SMORGASBORD BLOCK,BIRD BLOCK FED NUT SEEDS VITAPOL WILD
1602,20909,VITAPOL WILD BIRD FEED CRITTER CRUNCH MIX,BIRD CRUNCHY FED MIX VITAPOL WILD
1603,20910,VITAPOL NUTTY SUET TREAT FOR WILD BIRDS,BIRD NUTTY TREATS VITAPOL WILD
1604,20911,DROOLS FRESH DOG FOOD CHICKEN & RICE RECIPE,CHICKEN DOG DROOLS FOOD FRESH RECIPE RICH
1605,20913,DROOLS FRESH DOG FOOD CHICKEN JOY TREATS,CHICKEN DOG DROOLS FOOD FRESH TREATS
1606,20914,PRESTIGE CHARCOAL BRIQUETTES FOR BARBECUE GRILLING,BARBECUE CHARCOAL GRILLING PRESTIGE
1607,20915,BBQ SELECT WOOD PELLETS 30 LB PACK FOR GRILLING,BBQ GRILLING PACK PELLETS SELECT WOOD
1608,20916,WEBER HICKORY WOOD PELLETS FOR BARBECUE GRILLS,BARBECUE GRILLED HICKORY PELLETS WOOD
1609,20918,STOVEKRAFT LIGHTER FLUID FOR CHARCOAL & FIRE IGNITION,CHARCOAL FIRE IGNITION LIGHT
1610,20917,ROYAL OAK FIRE STARTER CUBES FOR BARBECUE & FIREPLACE,BARBECUE CUBES FIRE OAK STARTER
1611,20919,FAST FIRE STARTER BLOCKS FOR QUICK IGNITION,BLOCK FAST FIRE IGNITION QUICK STARTER
1612,20920,ECOFLAME ALL NATURAL FIRE LOG 3 HOUR BURN,BURNT ECOFLAME FIRE HOUR LOG NATURAL
1613,20921,ECOFLAME ALL NATURAL FIRE LOG 3 HOUR BURN PACK,BURNT ECOFLAME FIRE HOUR LOG NATURAL PACK
1614,20922,DURAFLAME FIRE LOGS MULTI PACK 4 HOUR BURN,BURNT FIRE HOUR LOG MULTI PACK
1615,20923,HOT WOOD FIREWOOD BUNDLE FOR INDOOR & OUTDOOR USE,HOT OUTDOOR USE WOOD
1616,20924,CRICKET EZ REACH CLASSIC GAS LIGHTER 2 PACK,CLASSIC CRICKET GAS LIGHT PACK
1617,20925,CRICKET BOLD POCKET GAS LIGHTER,CRICKET GAS LIGHT
1618,20926,CRICKET MULTI PURPOSE FLEXIBLE UTILITY GAS LIGHTER,CRICKET GAS LIGHT MULTI PURPOSE
1619,20927,TATA WATER SOFTENER SALT PELLETS,PELLETS SALT SOFTENER TATA WATER
1620,20928,MORTON WATER SOFTENER SALT PELLETS FOR HARD WATER TREATMENT,HARD PELLETS SALT SOFTENER WATER
1621,20929,SURESOFT PLUS WATER SOFTENER SALT PELLETS,PELLETS PLUS SALT SOFTENER WATER
1622,20930,SPLASH PREMIUM ICE MELT CRYSTALS FOR SNOW & ICE REMOVAL,CRYSTALS ICED MELT PREMIUM REMOVER SPLASH
1623,20931,SPLASH PET SAFE ICE MELT GRANULES FOR OUTDOOR SURFACES,ICED MELT OUTDOOR PET SAFE SPLASH
1624,20975,NESTL├® CERELAC FRUIT & YOGURT BABY PUREE POUCH FOR TODDLERS,BABY FRUIT NESTL POUCH PURE TODDLERS YOGURT
1625,20976,ORGANIC BABY FOOD PEAR CARROT SQUASH & RASPBERRY PUREE POUCH,BABY CARROT FOOD ORGANIC PEARL POUCH PURE RASPBERRY SQUASH
1626,20974,NESTL├® YOGURT MELTS STRAWBERRY BABY SNACK,BABY MELT NESTL SNACK STRAWBERRY YOGURT
1627,20977,SIMILAC TOTAL COMFORT INFANT MILK FORMULA POWDER,COMFORT FORMULA INFANT MILD POWDER SIMILAC TOTAL
1628,20978,SIMILAC READY TO FEED INFANT FORMULA 8 OUNCE BOTTLE 6 PACK,BOTTLE FED FORMULA INFANT PACK READY SIMILAC
1629,20979,SIMILAC SENSITIVE INFANT FORMULA WITH IRON,FORMULA INFANT SENSITIVE SIMILAC
1630,20980,ENFAGROW PREMIUM GENTLE EASE TODDLER MILK POWDER,EASY ENFAGROW GENTLE MILD POWDER PREMIUM TODDLERS
1631,20981,ENFAGROW PREMIUM NATURAL MILK POWDER FOR TODDLERS,ENFAGROW MILD NATURAL POWDER PREMIUM TODDLERS
1632,20982,NESTL├® NIDO EXCELLA GOLD TODDLER MILK BEVERAGE POWDER,BEVERAGE EXCEL GOLD MILD NESTL POWDER TODDLERS
1633,20983,ELECTRAL STRAWBERRY FLAVOUR ELECTROLYTE SOLUTION FOR BABIES,BABIES ELECTRAL ELECTROLYTE FLAVOUR SOLUTION STRAWBERRY
1634,20984,ELECTRAL ADVANCED BERRY FROST ELECTROLYTE DRINK,ADVANCED BERRY DRINK ELECTRAL ELECTROLYTE FROSTED
1635,20985,PEDIALYTE MIXED FRUIT ELECTROLYTE DRINK FOR BABIES,BABIES DRINK ELECTROLYTE FRUIT MIXED
1636,20986,BISLERI BABY PURIFIED DRINKING WATER WITH FLUORIDE,BABY BISLERI DRINKING FLUORIDE PURIFIED WATER
1637,20988,BISLERI BABY PURIFIED DRINKING WATER,BABY BISLERI DRINKING PURIFIED WATER
1638,20987,BISLERI BABY PURIFIED DRINKING WATER WITHOUT FLUORIDE,BABY BISLERI DRINKING FLUORIDE PURIFIED WATER
1639,21001,GALA ULTRA STRONG  GARBAGE BAGS 13 GALLON,BAGS GALA GALLON GARBAGE STRONG ULTRA
1640,21002,GALA ULTRA STRONG CLEAN BURST BAGS 13 GALLON,BAGS BURST CLEAR GALA GALLON STRONG ULTRA
1641,21003,GALA ULTRA STRONG TALL KITCHEN WASTE BAGS,BAGS GALA KITCHEN STRONG TATA ULTRA
1642,21004,REYNOLDS NON STICK ALUMINIUM FOIL ROLL 50 SQUARE FEET,ALUMINIUM NON ROLLS SQUARE STICK
1643,20786,CHING'S STIR FRY RICE NOODLES,CHING FRY NOODLE RICH STIR
1644,20788,BORGES POTATO GNOCCHI PASTA,BORGES GNOCCHI PASTA POTATO
1645,20800,BAMBINO YOLK FREE NOODLES,BAMBINO FREE NOODLE
1646,20801,DEL MONTE RIGATONI PASTA,DEL MONTE PASTA
1647,20802,DEL MONTE ANGEL HAIR PASTA,ANGEL DEL HAIR MONTE PASTA
1648,20803,VEEBA ROASTED GARLIC PASTA SAUCE,GARLIC PASTA ROASTED SAUCE VEEBA
1649,20805,DEL MONTE THREE CHEESE PASTA SAUCE,CHEESE DEL MONTE PASTA SAUCE
1650,20808,OLD EL PASO HOT RED ENCHILADA COOKING SAUCE,COOKIES ENCHILADA HOT OLD RED SAUCE
1651,20809,DEVOTIONAL WHITE WAX PRAYER CANDLE VIRGEN DE GUADALUPE,CANDLE DEVOTIONAL PRAYER WAX WHITE
1652,20810,ST JUDE SCENTED GREEN WAX PRAYER CANDLE,CANDLE GREEN JUDE PRAYER SCENT WAX
1653,20811,ST JUDE MIRACLE OF TEPEYAC WHITE WAX DEVOTIONAL CANDLE,CANDLE DEVOTIONAL JUDE WAX WHITE
1654,20818,ROSARITA FAT FREE REFRIED BEANS,BEANS FAT FREE REFRIED ROSARITA
1655,20819,ROSARITA VEGETARIAN REFRIED BEANS,BEANS REFRIED ROSARITA VEGETARIAN
1656,20820,ROSARITA LOW FAT REFRIED BLACK BEANS,BEANS BLACK FAT LOW REFRIED ROSARITA
1657,20823,BADIA CALIFORNIA DRIED RED CHILLIES 3 OUNCE,CALIFORNIA CHILLI DRIED RED
1658,20865,SOLO SQUARE DISPOSABLE PARTY CUPS 18 OUNCE RED,CUP DISPOSABLE PARTY RED SQUARE
1659,20866,PUFFS PLUS LOTION SOFT FACIAL TISSUE BOX,BOX FACIAL LOTION PLUS PUFF SOFT TISSUE
1660,20867,KLEENEX LOTION FACIAL TISSUE UPRIGHT BOX,BOX FACIAL LOTION TISSUE
1661,20868,PUFFS CUBE FACIAL TISSUE BOX,BOX CUBES FACIAL PUFF TISSUE
1662,20871,FINISH POWERBALL DISHWASHER TABLETS 62 COUNT,COUNTRY DISHWASHER FINISH TABLETS
1663,20873,ARM & HAMMER LIQUID DETERGENT WITH OXI CLEAN FRESH BURST,ARM BURST CLEAR DETERGENT FRESH HAMMER LIQUID OXI
1664,20874,ARM & HAMMER SENSITIVE SKIN LIQUID DETERGENT FREE & CLEAR,ARM CLEAR DETERGENT FREE HAMMER LIQUID SENSITIVE SKIN
1665,20888,PEDIGREE ADULT DRY DOG FOOD CHICKEN FLAVOUR BONUS PACK,ADULT CHICKEN DOG DRY FLAVOUR FOOD PACK PEDIGREE
1666,20887,DROOLS PREMIUM DRY DOG FOOD CHICKEN & BROWN RICE RECIPE,BROWN CHICKEN DOG DROOLS DRY FOOD PREMIUM RECIPE RICH
1667,20889,PUREPET SUPREME DRY DOG FOOD SALMON & SWEET POTATO,DOG DRY FOOD POTATO PUREPET SALMON SUPREME SWEET
1668,20893,PURINA FANCY FEAST GRAVY LOVERS CHICKEN WET CAT FOOD,CAT CHICKEN FANCY FOOD GRAVY PURINA WET
1669,20895,PURINA FRISKIES SAVORY SHREDDED SALMON WET CAT FOOD,CAT FOOD FRISKIES PURINA SALMON SAVOURY SHREDDED WET
1670,20894,BLUE BUFFALO WILDERNESS ADULT CHICKEN WET CAT FOOD,ADULT BLUE BUFFALO CAT CHICKEN FOOD WET
1671,20900,HARTZ DELECTABLES SQUEEZE UP CHICKEN CAT TREAT,CAT CHICKEN SQUEEZE TREATS
1672,20899,PURINA FRISKIES PARTY MIX NATURAL YUMS CRUNCHY CAT TREATS,CAT CRUNCHY FRISKIES MIX NATURAL PARTY PURINA TREATS YUMM
1673,20901,WHISKAS TEMPTATIONS SALMON FLAVOUR CAT TREATS VALUE PACK,CAT FLAVOUR PACK SALMON TREATS VALUE WHISKAS
1674,20902,PURINA TIDY CATS FREE & CLEAN UNSCENTED CLUMPING CAT LITTER,CAT CLEAR CLUMPING FREE LITTER PURINA TIDY UNSCENTED
1675,20903,PURINA TIDY CATS INSTANT ACTION SCOOPABLE CAT LITTER,ACTION CAT INSTANT LITTER PURINA TIDY
1676,20905,GOOD 'N' FUN DOG TREAT STICKS,DOG FUN STICK TREATS
1677,20906,GOOD 'N' FUN WRAPPED DOG CHEW ROLLS,CHEF DOG FUN ROLLS WRAPPED
1678,20907,SUPER PET CARE EXTRA LARGE DOG TRAINING PADS,CARB DOG EXTRA LARGE PET SUPER TRAINING
1679,21005,HEFTY SLIDER VACUUM STORAGE BAGS GALLON SIZE,BAGS GALLON SIZE SLIDER STORAGE VACUUM
1680,21006,ZIPLOC FOOD STORAGE BAGS QUART SIZE,BAGS FOOD QUART SIZE STORAGE
1681,20000,DEL MONTE CHEESE FILLED TORTELLINI FAMILY SIZE PACK,CHEESE DEL FAMILY FILLET MONTE PACK SIZE TORTELLINI
1682,20001,RANA RAVIOLI PASTA WITH CHICKEN & ROASTED GARLIC FILLING,CHICKEN FILLING GARLIC PASTA RANA RAVIOLI ROASTED
1683,20002,DEL MONTE TORTELLONI PASTA WITH ITALIAN SAUSAGE FILLING,DEL FILLING ITALIAN MONTE PASTA SAUSAGE TORTELLINI
1684,20003,RANA MUSHROOM FILLED RAVIOLI FRESH PASTA,FILLET FRESH MUSHROOM PASTA RANA RAVIOLI
1685,20004,DEL MONTE PESTO BASIL PASTA SAUCE,BASIL DEL MONTE PASTA PESTO SAUCE
1686,20005,FRESHO ITALIAN DRY SALAMI COLD CUT SLICES,COLA CUTS DRY FRESH ITALIAN SALAMI SLICED
1687,20007,MOUNT OLIVE SOPPRESSATA & MOZZARELLA READY SNACK PACK,MOZZARELLA OLIVES PACK READY SNACK
1688,20008,VERONI ANTIPASTO ITALIANO TRIO SALAMI SELECTION,ITALIAN SALAMI
1689,20009,GODREJ SMOKED HAM VACUUM PACK,GODREJ HAM PACK SMOKE VACUUM
1690,20011,BRITANNIA CARAMELIZED ONION JACK CHEESE BLOCK,BLOCK BRITANNIA CHEESE JACK ONION
1691,20012,KAUKAUNA SHARP CHEDDAR CHEESE SPREAD WITH ALMOND BALL,ALMOND BALLS CHEDDAR CHEESE SHARP SPREAD
1692,20013,EIFFEL TOWER BABY BRIE CHEESE ROUNDS,BABY BRIE CHEESE
1693,20014,PRIMO TAGLIO SWISS CHEESE CUBES,CHEESE CUBES SWISS
1694,20015,CLASSIC MACARONI FRESH DELI SALAD,CLASSIC DEL FRESH MACARONI SALAD
1695,20016,SUMMER SLAW VEGETABLE SALAD,SALAD VEGETABLE
1696,20017,CHEESY BACON RANCH MIXED SALAD BOWL,BACON BOWL CHEESE MIXED RANCH SALAD
1697,20018,MRS GERRY'S CHEESE TORTELLINI PASTA SALAD,CHEESE GERRY MRS PASTA SALAD TORTELLINI
1698,20019,CAESAR CHICKEN BOWTIE PASTA SALAD,CAESAR CHICKEN PASTA SALAD
1699,20020,LOADED POTATO SELF SERVE SALAD,LOADED POTATO SALAD SELF SERVE
1700,20021,MRS GERRY'S ROTELLI PASTA SELF SERVE SALAD,GERRY MRS PASTA SALAD SELF SERVE
1701,20022,DEVILED EGG MACARONI SELF SERVE SALAD,EGGS MACARONI SALAD SELF SERVE
1702,20023,SIGNATURE CLASSIC POTATO SALAD,CLASSIC POTATO SALAD SIGNATURE
1703,20024,ORIGINAL CLASSIC POTATO SALAD,CLASSIC ORIGINAL POTATO SALAD
1704,20025,HARVEST GOLD SLICED SLIDER BURGER BUNS 9 COUNT,BUNS BURGER COUNTRY GOLD HARVEST SLICED SLIDER
1705,20026,HARVEST GOLD ORIGINAL SWEET DINNER ROLLS 24 COUNT,COUNTRY DINNER GOLD HARVEST ORIGINAL ROLLS SWEET
1706,20027,STONEFIRE EVERYTHING FLAVOUR NAAN CRISPS,CRISPY EVERYTHING FLAVOUR NAAN STONEFIRE
1707,20028,STONEFIRE ORIGINAL NAAN DIPPERS,DIPPERS NAAN ORIGINAL STONEFIRE
1708,20029,HARVEST GOLD SAVOURY BUTTER DINNER ROLLS,BUTTER DINNER GOLD HARVEST ROLLS SAVOURY
1709,20030,FRESH CLUB SANDWICH SNACK TRAY,CLUB FRESH SANDWICH SNACK TRAP
1710,20032,FRESH CROISSANT SANDWICH SNACK TRAY,CROISSANT FRESH SANDWICH SNACK TRAP
1711,20033,ASSORTED SNACK PARTY TRAY,ASSORTED PARTY SNACK TRAP
1712,20034,FRESH MIXED FRUIT TRAY 16 INCH,FRESH FRUIT MIXED TRAP
1713,20035,FRESH CHICKEN SALAD WITH CHEESE SNACK PACK,CHEESE CHICKEN FRESH PACK SALAD SNACK
1714,20036,CLASSIC HUMMUS SNACK PACK,CLASSIC HUMMUS PACK SNACK
1715,20037,CREAMY SPINACH DIP SNACK PACK,CREAMY DIP PACK SNACK SPINACH
1716,20038,FRESH TUNA AND CHEESE SNACK PACK,CHEESE FRESH PACK SNACK TUNA
1717,20040,VEEBA CLASSIC HUMMUS WITH PRETZEL CRISPS,CLASSIC CRISPY HUMMUS PRETZEL VEEBA
1718,20041,SIGNATURE SELECT ARTICHOKE JALAPENO CREAMY DIP,ARTICHOKE CREAMY DIP JALAPENO SELECT SIGNATURE
1719,20042,SIGNATURE SELECT SPICY THREE PEPPER HUMMUS,HUMMUS PEPPERS SELECT SIGNATURE SPICY
1720,20043,VEEBA FIRE ROASTED SWEET AND SMOKY SALSA,FIRE ROASTED SALT SMOKY SWEET VEEBA
1721,20044,WINGREENS CLASSIC HUMMUS DIP,CLASSIC DIP HUMMUS WINGREENS
1722,20045,BRITANNIA TRADITIONAL WATER CRACKERS,BRITANNIA CRACKERS TRADITIONAL WATER
1723,20046,TOO YUMM SIMPLY SALTED PITA CHIPS,CHIPS PITA SALTED SIMPLY YUMM
1724,20047,TOO YUMM ORIGINAL PRETZEL CRISPS,CRISPY ORIGINAL PRETZEL YUMM
1725,20048,SIGNATURE SELECT RESTAURANT STYLE TORTILLA CHIPS,CHIPS SELECT SIGNATURE STYLE TORTILLA
1726,20049,BRITANNIA MINI TOAST CRACKERS,BRITANNIA CRACKERS MINT TOASTED
1727,20050,DELI STORE DISCOUNT COUPON,COUPON DEL DISCOUNT STORE
1728,20190,FRESH FUJI APPLES LARGE,APPLE FRESH LARGE
1729,20191,FRESH PINK LADY APPLES LARGE,APPLE FRESH LADY LARGE PINK
1730,20192,FRESH GRANNY SMITH APPLES LARGE,APPLE FRESH GRANNY LARGE SMITH
1731,20193,FRESH SUGARBEE APPLES,APPLE FRESH SUGARBEE
1732,20194,FRESH COSMIC CRISP APPLES,APPLE COSMIC CRISPY FRESH
1733,20195,SIGNATURE SELECT HASS AVOCADOS BAG PACK,AVOCADO BAGS HASS PACK SELECT SIGNATURE
1734,20196,FRESH HASS AVOCADOS MEDIUM,AVOCADO FRESH HASS MEDIUM
1735,20197,FRESH HASS AVOCADOS LARGE,AVOCADO FRESH HASS LARGE
1736,20198,PREMIUM HASS AVOCADOS LARGE,AVOCADO HASS LARGE PREMIUM
1737,20199,FARM FRESH HASS AVOCADOS LARGE,AVOCADO FARM FRESH HASS LARGE
1738,20200,FRESH RAW PLANTAIN BANANAS,BANANA FRESH RAW
1739,20201,FRESH BANANAS ECONOMY PACK,BANANA FRESH PACK
1740,20202,FRESH RED BANANAS,BANANA FRESH RED
1741,20203,ORGANIC FRESH BANANAS,BANANA FRESH ORGANIC
1742,20204,FRESH GREEN BANANAS,BANANA FRESH GREEN
1743,20205,FRESH STRAWBERRIES 2 LB PACK,FRESH PACK STRAWBERRY
1744,20206,ORGANIC FRESH BLACKBERRIES 6 OUNCE PACK,BLACKBERRY FRESH ORGANIC PACK
1745,20207,FRESH JUMBO BLUEBERRIES,BLUEBERRY FRESH JUMBO
1746,20208,FRESH STRAWBERRIES 2 LB PACK,FRESH PACK STRAWBERRY
1747,20209,PREMIUM JUMBO BLUEBERRIES,BLUEBERRY JUMBO PREMIUM
1748,20210,FRESH NAVEL ORANGES MEDIUM,FRESH MEDIUM NAVEL ORANGE
1749,20211,FRESH RED GRAPEFRUIT LARGE,FRESH GRAPEFRUIT LARGE RED
1750,20212,PREMIUM RED GRAPEFRUIT LARGE,GRAPEFRUIT LARGE PREMIUM RED
1751,20213,FRESH LARGE NAVEL ORANGES,FRESH LARGE NAVEL ORANGE
1752,20214,ORGANIC NAVEL ORANGES BAG PACK,BAGS NAVEL ORANGE ORGANIC PACK
1753,20215,FRESH GREEN SEEDLESS GRAPES,FRESH GRAPES GREEN SEEDLESS
1754,20216,SIGNATURE SELECT RED SEEDLESS GRAPES,GRAPES RED SEEDLESS SELECT SIGNATURE
1755,20217,FRESH BLACK SEEDLESS GRAPES,BLACK FRESH GRAPES SEEDLESS
1756,20218,PREMIUM RED SEEDLESS GRAPES,GRAPES PREMIUM RED SEEDLESS
1757,20219,FARM FRESH RED SEEDLESS GRAPES,FARM FRESH GRAPES RED SEEDLESS
1758,20220,FRESH RED SEEDLESS WATERMELON,FRESH RED SEEDLESS WATERMELON
1759,20221,FRESH HONEYDEW MELON,FRESH HONEYDEW MELON
1760,20222,PREMIUM HONEYDEW MELON,HONEYDEW MELON PREMIUM
1761,20223,FARM FRESH HONEYDEW MELON,FARM FRESH HONEYDEW MELON
1762,20224,FRESH SEEDLESS RED WATERMELON,FRESH RED SEEDLESS WATERMELON
1763,20226,LARGE BARTLETT PEARS,BARTLETT LARGE PEARL
1764,20227,FRESH RIPE D'ANJOU PEARS,ANJOU FRESH PEARL RIPE
1765,20228,FARM FRESH BARTLETT PEARS,BARTLETT FARM FRESH PEARL
1766,20229,FRESH RIPE D'ANJOU PEARS,ANJOU FRESH PEARL RIPE
1767,20230,FRESH LARGE YELLOW PEACHES,FRESH LARGE PEACH YELLOW
1768,20231,PREMIUM LARGE PEACHES,LARGE PEACH PREMIUM
1769,20232,FRESH LARGE YELLOW PEACHES,FRESH LARGE PEACH YELLOW
1770,20233,FRESH WHITE PEACHES,FRESH PEACH WHITE
1771,20234,FRESH BLACK PLUMS,BLACK FRESH PLUMS
1772,20235,PREMIUM GOLD KIWI FRUIT,FRUIT GOLD KIWI PREMIUM
1773,20236,ORGANIC GREEN KIWI FRUIT CLAMSHELL PACK,CLAMSHELL FRUIT GREEN KIWI ORGANIC PACK
1774,20237,FRESH KIWI FRUIT CLAMSHELL PACK,CLAMSHELL FRESH FRUIT KIWI PACK
1775,20238,FRESH POMEGRANATES,FRESH POMEGRANATES
1776,20239,FRESH CHERIMOYA FRUIT,FRESH FRUIT
1777,20240,ORGANIC FRESH PINEAPPLE,FRESH ORGANIC PINEAPPLE
1778,20241,PREMIUM GOLD PINEAPPLE,GOLD PINEAPPLE PREMIUM
1779,20242,DEL MONTE PINKGLOW PREMIUM PINEAPPLE,DEL MONTE PINEAPPLE PREMIUM
1780,20243,FRESH GOLD PINEAPPLE,FRESH GOLD PINEAPPLE
1781,20244,FARM FRESH GOLD PINEAPPLE,FARM FRESH GOLD PINEAPPLE
1782,20245,PREMIUM RAINIER CHERRIES,CHERRIES PREMIUM RAINIER
1783,20246,FRESH RAINIER CHERRIES,CHERRIES FRESH RAINIER
1784,20248,FRESH SWEET RED CHERRIES,CHERRIES FRESH RED SWEET
1785,20249,PREMIUM RAINIER CHERRIES,CHERRIES PREMIUM RAINIER
1786,20250,ORGANIC BUTTERNUT SQUASH,BUTTERNUT ORGANIC SQUASH
1787,20251,FRESH ORGANIC BUTTERNUT SQUASH,BUTTERNUT FRESH ORGANIC SQUASH
1788,20252,ORGANIC FRESH BUNCHED BEETROOTS,BEETROOT BUNCH FRESH ORGANIC
1789,20253,ORGANIC FRESH KALE GREENS,FRESH GREEN KALE ORGANIC
1790,20254,FRESH BABY BROCCOLI,BABY BROCCOLI FRESH
1791,20255,CHRISTOPHER RANCH PEELED GARLIC BAG,BAGS CHRISTOPHER GARLIC PEELED RANCH
1792,20256,ORGANIC INDIA MINCED GARLIC JAR,GARLIC INDIA JAR MINCE ORGANIC
1793,20257,SPICE WORLD MINCED GARLIC SQUEEZE BOTTLE,BOTTLE GARLIC MINCE SPICY SQUEEZE WORLD
1794,20258,FRESH ELEPHANT GARLIC,FRESH GARLIC
1795,20259,FRESH SMALL GARLIC BULBS,BULBS FRESH GARLIC SMALL
1796,20260,ORGANIC LONG ENGLISH CUCUMBERS,CUCUMBERS ENGLISH LONG ORGANIC
1797,20261,ORGANIC ROMAINE LETTUCE,LETTUCE ORGANIC
1798,20262,ORGANIC FRESH CUCUMBERS,CUCUMBERS FRESH ORGANIC
1799,20263,ORGANIC LONG ENGLISH HOT HOUSE CUCUMBERS,CUCUMBERS ENGLISH HOT HOUSE LONG ORGANIC
1800,20264,SIGNATURE FARMS HYDROPONIC BUTTER LETTUCE,BUTTER FARM HYDROPONIC LETTUCE SIGNATURE
1801,20265,SIGNATURE FARMS SUNDRIED TOMATO HALVES,FARM HALVES SIGNATURE TOMATO
1802,20266,CHRISTOPHER RANCH GINGER PASTE JAR,CHRISTOPHER GINGER JAR PASTA RANCH
1803,20267,SPICE WORLD EASY ONION PASTE,EASY ONION PASTA SPICY WORLD
1804,20268,SPICE WORLD GINGER PASTE SQUEEZE BOTTLE,BOTTLE GINGER PASTA SPICY SQUEEZE WORLD
1805,20269,SPICE WORLD CHILI ONION CRUNCH MIX,CHILLI CRUNCHY MIX ONION SPICY WORLD
1806,20270,FRESH GREEN ASPARAGUS,ASPARAGUS FRESH GREEN
1807,20271,PREMIUM GREEN ASPARAGUS,ASPARAGUS GREEN PREMIUM
1808,20272,FARM FRESH GREEN ASPARAGUS,ASPARAGUS FARM FRESH GREEN
1809,20273,FRESH TENDER GREEN ASPARAGUS,ASPARAGUS FRESH GREEN TENDER
1810,20274,PREMIUM FRESH GREEN ASPARAGUS,ASPARAGUS FRESH GREEN PREMIUM
1811,20275,FRESH BROCCOLI CROWNS,BROCCOLI FRESH
1812,20276,SIGNATURE FARMS BROCCOLINI BUNCH,BROCCOLI BUNCH FARM SIGNATURE
1813,20277,FRESH RED CABBAGE,CABBAGE FRESH RED
1814,20278,FRESH SAVOY GREEN CABBAGE,CABBAGE FRESH GREEN
1815,20279,FRESH GREEN CABBAGE,CABBAGE FRESH GREEN
1816,20280,FRESH YELLOW SWEET CORN,CORN FRESH SWEET YELLOW
1817,20281,FRESH WHITE SWEET CORN,CORN FRESH SWEET WHITE
1818,20282,FRESH TOMATILLOS,FRESH
1819,20283,FRESH DAIKON RADISH,FRESH RADISH
1820,20284,FRESH GINGER ROOT,FRESH GINGER ROOT
1821,20285,FRESH ALOE VERA LEAVES,ALOE FRESH LEAVES VERA
1822,20286,FRESH BOK CHOY,BOK CHOW FRESH
1823,20287,ORGANIC ITALIAN PARSLEY,ITALIAN ORGANIC PARSLEY
1824,20288,FRESH ITALIAN PARSLEY BUNCH,BUNCH FRESH ITALIAN PARSLEY
1825,20289,ORGANIC FRESH CORIANDER LEAVES,CORIANDER FRESH LEAVES ORGANIC
1826,20290,ORGANIC INDIA FRESH CORIANDER LEAVES,CORIANDER FRESH INDIA LEAVES ORGANIC
1827,20291,ORGANIC INDIA BAY LEAVES PACK,BAY INDIA LEAVES ORGANIC PACK
1828,20292,FRESH OYSTER MUSHROOMS,FRESH MUSHROOM
1829,20293,ORGANIC INDIA SLICED BABY BELLA MUSHROOMS 8 OUNCE PACK,BABY BELLY INDIA MUSHROOM ORGANIC PACK SLICED
1830,20294,FRESH WHOLE CRIMINI MUSHROOMS,FRESH MUSHROOM WHOLE
1831,20295,SIGNATURE SELECT WHOLE PORTOBELLO MUSHROOMS,MUSHROOM PORTOBELLO SELECT SIGNATURE WHOLE
1832,20296,FRESH LARGE WHITE BUTTON MUSHROOMS,BUTTON FRESH LARGE MUSHROOM WHITE
1833,20297,ORGANIC JUMBO YELLOW ONIONS,JUMBO ONION ORGANIC YELLOW
1834,20298,FRESH ORGANIC JUMBO YELLOW ONIONS,FRESH JUMBO ONION ORGANIC YELLOW
1835,20299,ORGANIC RED ONION LOOSE,LOOSE ONION ORGANIC RED
1836,20300,SWEET YELLOW ONION LOOSE,LOOSE ONION SWEET YELLOW
1837,20301,YELLOW ONION LOOSE,LOOSE ONION YELLOW
1838,20302,FRESH BHAVNAGRI GREEN CHILLI LOOSE,CHILLI FRESH GREEN LOOSE
1839,20303,ORGANIC GREEN CAPSICUM LOOSE,CAPSICUM GREEN LOOSE ORGANIC
1840,20304,RED CAPSICUM LOOSE,CAPSICUM LOOSE RED
1841,20305,ORGANIC RED CAPSICUM LOOSE,CAPSICUM LOOSE ORGANIC RED
1842,20306,ORGANIC SWEET MINI CAPSICUM PACK,CAPSICUM MINT ORGANIC PACK SWEET
1843,20307,BABY GOLDEN POTATO PACK,BABY GOLDEN PACK POTATO
1844,20308,BABY RED POTATO PACK,BABY PACK POTATO RED
1845,20309,ORGANIC ORANGE SWEET POTATO LOOSE,LOOSE ORANGE ORGANIC POTATO SWEET
1846,20310,ORGANIC BABY RED POTATO PACK,BABY ORGANIC PACK POTATO RED
1847,20311,ORGANIC SWEET POTATO PACK,ORGANIC PACK POTATO SWEET
1848,20312,RED PUMPKIN LOOSE,LOOSE PUMPKIN RED
1849,20313,GREEN PUMPKIN LOOSE,GREEN LOOSE PUMPKIN
1850,20314,KADDU PUMPKIN LOOSE,LOOSE PUMPKIN
1851,20315,RED PUMPKIN LOOSE,LOOSE PUMPKIN RED
1852,20316,FRESH PUMPKIN LOOSE,FRESH LOOSE PUMPKIN
1853,20317,HYDROPONIC TOMATO LARGE LOOSE,HYDROPONIC LARGE LOOSE TOMATO
1854,20318,HYDROPONIC TOMATO LARGE LOOSE,HYDROPONIC LARGE LOOSE TOMATO
1855,20320,VINE RIPE TOMATO LARGE LOOSE,LARGE LOOSE RIPE TOMATO VINE
1856,20321,VINE CLUSTER TOMATO LOOSE,CLUSTER LOOSE TOMATO VINE
1857,20322,SIMPLY FRESH CAESAR SALAD KIT PACK,CAESAR FRESH KIT PACK SALAD SIMPLY
1858,20323,BABY LEAF SPRING MIX SALAD PACK,BABY LEAF MIX PACK SALAD SPRING
1859,20324,FRESH CUT COLESLAW VEGETABLE MIX PACK,COLESLAW CUTS FRESH MIX PACK VEGETABLE
1860,20325,ORGANIC FRESH HERB SALAD MIX PACK,FRESH HERB MIX ORGANIC PACK SALAD
1861,20326,ORGANIC RED LETTUCE AND ARUGULA MIX PACK,LETTUCE MIX ORGANIC PACK RED
1862,20327,MIXED VEGETABLE MEDLEY PACK,MEDLEY MIXED PACK VEGETABLE
1863,20328,BROCCOLI FLORETS FAMILY PACK,BROCCOLI FAMILY FLORETS PACK
1864,20329,FRESH CUT PUMPKIN CUBES PACK,CUBES CUTS FRESH PACK PUMPKIN
1865,20330,VEGETABLE MEDLEY FAMILY PACK,FAMILY MEDLEY PACK VEGETABLE
1866,20331,CAULIFLOWER FLORETS FAMILY PACK,CAULIFLOWER FAMILY FLORETS PACK
1867,20332,FRESH MIXED MOONG SPROUTS PACK,FRESH MIXED MOON PACK SPROUTED
1868,20333,FRESH HEALTHY MIXED SPROUTS PACK,FRESH HEALTH MIXED PACK SPROUTED
1869,20334,FRESH MOONG BEAN SPROUTS PACK,BEANS FRESH MOON PACK SPROUTED
1870,20335,FRESH GREEN GRAM SPROUTS PACK,FRESH GRAM GREEN PACK SPROUTED
1871,20336,FRESH MOONG SPROUTS PACK,FRESH MOON PACK SPROUTED
1872,20337,FRESH POMEGRANATE ARILS CUP 200 GRAM,CUP FRESH GRAM POMEGRANATES
1873,20338,DEL MONTE RED GRAPEFRUIT FRUIT CUP IN LIGHT SYRUP,CUP DEL FRUIT GRAPEFRUIT LIGHT MONTE RED SYRUP
1874,20339,DEL MONTE MANDARIN ORANGE FRUIT CUP IN LIGHT SYRUP,CUP DEL FRUIT LIGHT MARINARA MONTE ORANGE SYRUP
1875,20340,FRESH SWEET APPLE SLICES SNACK PACK,APPLE FRESH PACK SLICED SNACK SWEET
1876,20341,DEL MONTE MIXED FRUIT CUP IN JUICE PACK,CUP DEL FRUIT JUICE MIXED MONTE PACK
1877,20342,YOGURT COATED PRETZELS PACK,COATED PACK PRETZEL YOGURT
1878,20343,PAPER BOAT MIXED FRUIT SNACK CUP,BOAT CUP FRUIT MIXED PAPER SNACK
1879,20344,ROASTED AND SALTED PEANUTS PACK,PACK PEANUT ROASTED SALTED
1880,20345,WONDERFUL BARBECUE PISTACHIOS NO SHELL PACK,BARBECUE PACK PISTACHIO SHELLS
1881,20346,ROASTED AND SALTED PISTACHIOS IN SHELL PACK,PACK PISTACHIO ROASTED SALTED SHELLS
1882,20347,RITEBITE MAX PROTEIN PEANUT BUTTER BAR 50 GRAM PACK,BAR BUTTER GRAM MAX PACK PEANUT PROTEIN RITEBITE
1883,20348,YOGA BAR PEANUT BUTTER PROTEIN BAR 60 GRAM PACK,BAR BUTTER GRAM PACK PEANUT PROTEIN YOGA
1884,20349,SLURRP FARM BANANA BERRY PUREE POUCH 90 GRAM PACK,BANANA BERRY FARM GRAM PACK POUCH PURE SLURRP
1885,20350,YOGA BAR COCONUT PROTEIN BAR 50 GRAM PACK,BAR COCONUT GRAM PACK PROTEIN YOGA
1886,20351,RITEBITE MAX PROTEIN PEANUT BUTTER BAR 50 GRAM PACK,BAR BUTTER GRAM MAX PACK PEANUT PROTEIN RITEBITE
1887,20352,FRESH WATERMELON CUBES READY TO EAT PACK,CUBES EAT FRESH PACK READY WATERMELON
1888,20353,EPIGAMIA STRAWBERRY YOGURT CUP 90 GRAM PACK,CUP EPIGAMIA GRAM PACK STRAWBERRY YOGURT
1889,20354,FRESH FRUIT AND CHEESE SNACK BOX PACK,BOX CHEESE FRESH FRUIT PACK SNACK
1890,20355,VEEBA MEXICAN SALSA DIP 250 GRAM JAR,DIP GRAM JAR MEXICAN SALT VEEBA
1891,20356,FRESH VEGGIE SNACK PACK WITH DIP,DIP FRESH PACK SNACK
1892,20357,HAPPILO DRIED MANGO SLICES FAMILY PACK,DRIED FAMILY HAPPILO MANGO PACK SLICED
1893,20358,SUN-MAID YOGURT COATED RAISINS PACK,COATED MAID PACK RAISIN SUN YOGURT
1894,20359,HAPPILO DRIED CRANBERRIES PACK,CRANBERRY DRIED HAPPILO PACK
1895,20360,HAPPILO DRIED MANGO SLICES PACK,DRIED HAPPILO MANGO PACK SLICED
1896,20361,SUNSWEET SEEDLESS PRUNES CANISTER PACK,CANISTER PACK SEEDLESS
1897,20362,VEEBA CHOCOLATE DIP PACK,CHOCOLATE DIP PACK VEEBA
1898,20363,VEEBA CARAMEL DESSERT TOPPING 250 GRAM BOTTLE,BOTTLE CARAMEL DESSERT GRAM TOPPINGS VEEBA
1899,20364,WINGREENS FARMS CLASSIC HUMMUS DIP 150 GRAM TUB,CLASSIC DIP FARM GRAM HUMMUS TUB WINGREENS
1900,20365,WINGREENS FARMS ROASTED RED PEPPER HUMMUS DIP 150 GRAM TUB,DIP FARM GRAM HUMMUS PEPPERS RED ROASTED TUB WINGREENS
1901,20366,WINGREENS FARMS CHEESY JALAPENO DIP 150 GRAM PACK,CHEESE DIP FARM GRAM JALAPENO PACK WINGREENS
1902,20367,PRASUMA MOMOS WRAPPER SHEETS PACK,PACK PRASUMA SHEETS WRAPPED
1903,20368,SPRING HOME SPRING ROLL PASTRY PACK,PACK PASTRY ROLLS SPRING
1904,20369,BOMBUCHA ORIGINAL SAUERKRAUT 450GM,ORIGINAL SAUERKRAUT
1905,20370,THE KIMCHI COMPANY KIMCHI FERMENTED CABBAGE JAR,CABBAGE JAR KIMCHI
1906,20371,URBAN PLATTER SAUERKRAUT JAR 350 GRAM PACK,GRAM JAR PACK PLATES SAUERKRAUT URBAN
1907,20372,RAW PRESSERY GINGER LEMON IMMUNITY SHOT 60 ML,GINGER IMMUNITY LEMON PRESERVED RAW SHOT
1908,20373,ATMOSPHERE ORIGINAL KOMBUCHA DRINK 300 ML BOTTLE,ATMOSPHERE BOTTLE DRINK KOMBUCHA ORIGINAL
1909,20374,PAPER BOAT NATA DE COCO SPARKLING DRINK CAN,BOAT CANS COCOA DRINK PAPER SPARKLING
1910,20375,RAW PRESSERY BLUEBERRY BLAST JUICE 250 ML BOTTLE,BLUEBERRY BOTTLE JUICE PRESERVED RAW
1911,20376,ATMOSPHERE BERRY KOMBUCHA DRINK 300 ML CAN,ATMOSPHERE BERRY CANS DRINK KOMBUCHA
1912,20377,VEEBA CAESAR GARLIC CROUTONS 100 GRAM PACK,CAESAR CROUTONS GARLIC GRAM PACK VEEBA
1913,20378,WINGREENS BUTTER GARLIC CROUTONS 100 GRAM PACK,BUTTER CROUTONS GARLIC GRAM PACK WINGREENS
1914,20379,INDYA FRESHO SIGNATURE GARLIC HERB CROUTON,CROUTONS FRESH GARLIC HERB SIGNATURE
1915,20380,SORRENTINA HERBED CROSTINI 90 G,HERBED
1916,20381,FRESHO! SIGNATURE SPICY PAPRIKA CROUTONS BITES 100 G,BITE CROUTONS FRESH PAPRIKA SIGNATURE SPICY
1917,20382,VEEBA COLESLAW DRESSING 300 GRAM BOTTLE,BOTTLE COLESLAW DRESSING GRAM VEEBA
1918,20383,VEEBA ASIAN CHILLI SALAD DRESSING 250 GRAM BOTTLE,ASIAN BOTTLE CHILLI DRESSING GRAM SALAD VEEBA
1919,20384,VEEBA THOUSAND ISLAND DRESSING 300 GRAM BOTTLE,BOTTLE DRESSING GRAM VEEBA
1920,20385,VEEBA SWEET FRENCH SALAD DRESSING 300 GRAM BOTTLE,BOTTLE DRESSING FRENCH GRAM SALAD SWEET VEEBA
1921,20386,VEEBA ITALIAN VINAIGRETTE DRESSING 250 GRAM BOTTLE,BOTTLE DRESSING GRAM ITALIAN VEEBA VINAIGRETTE
1922,20387,SICILIA ORGANIC LIME JUICE 200 ML BOTTLE,BOTTLE JUICE LIME ORGANIC
1923,20388,BAKER'S FRUIT CAKE MIX 250 GRAM PACK,BAKER CAKES FRUIT GRAM MIX PACK
1924,20389,BAKER'S CANDIED ORANGE PEEL 100 GRAM PACK,BAKER GRAM ORANGE PACK PEE
1925,20390,DEL MONTE GLAZED RED CHERRIES 100 GRAM PACK,CHERRIES DEL GLAZED GRAM MONTE PACK RED
1926,20391,URBAN PLATTER POLENTA CORNMEAL 500 GRAM PACK,CORNMEAL GRAM PACK PLATES POLENTA URBAN
1927,20392,URBAN PLATTER HERB POLENTA MIX 250 GRAM PACK,GRAM HERB MIX PACK PLATES POLENTA URBAN
1928,20528,HARVEST GOLD WHOLE WHEAT BURGER BUNS 4 PIECES PACK,BUNS BURGER GOLD HARVEST PACK PIECES WHEAT WHOLE
1929,20542,BRITANNIA CHOCO CREME CAKE PACK,BRITANNIA CAKES COCOA CREMA PACK
1930,20541,LITTLE DEBBIE VANILLA SNACK CAKES PACK,CAKES DEBBIE LITTLE PACK SNACK VANILLA
1931,20539,LITTLE DEBBIE STRAWBERRY SNACK CAKES PACK,CAKES DEBBIE LITTLE PACK SNACK STRAWBERRY
1932,20549,MONGINIS BLUEBERRY MUFFIN PACK,BLUEBERRY MONGINIS MUFFIN PACK
1933,20551,MONGINIS CHOCOLATE CHIP MUFFIN PACK,CHIPS CHOCOLATE MONGINIS MUFFIN PACK
1934,20548,MAD OVER DONUTS ASSORTED DONUT BOX 6 PIECES PACK,ASSORTED BOX DONUT MAD OVEN PACK PIECES
1935,20537,BRITANNIA TREAT CROISSANT VANILLA PACK,BRITANNIA CROISSANT PACK TREATS VANILLA
1936,20524,HARVEST GOLD MILK BREAD 400 GRAM PACK,BREAD GOLD GRAM HARVEST MILD PACK
1937,20525,MODERN MULTIGRAIN BREAD 400 GRAM PACK,BREAD GRAM MODERN MULTIGRAIN PACK
1938,20518,ENGLISH OVEN ENGLISH MUFFINS PACK,ENGLISH MUFFIN OVEN PACK
1939,20521,ENGLISH OVEN WHOLE WHEAT ENGLISH MUFFINS PACK,ENGLISH MUFFIN OVEN PACK WHEAT WHOLE
1940,20529,THE BAKER'S DOZEN MULTIGRAIN BURGER BUNS PACK,BAKER BUNS BURGER DOZEN MULTIGRAIN PACK
1941,20531,THE BAKER'S DOZEN SOURDOUGH BURGER BUNS PACK,BAKER BUNS BURGER DOZEN PACK SOURDOUGH
1942,20519,THE BAKER'S DOZEN PLAIN BAGELS PACK,BAGELS BAKER DOZEN PACK PLAIN
1943,20550,MONGINIS DANISH PASTRY PACK,DANISH MONGINIS PACK PASTRY
1944,20547,BRITANNIA SWISS ROLL CAKE PACK,BRITANNIA CAKES PACK ROLLS SWISS
1945,20520,ENGLISH OVEN WHEAT ENGLISH MUFFINS PACK,ENGLISH MUFFIN OVEN PACK WHEAT
1946,20533,THEOBROMA CINNAMON ROLL PACK,CINNAMON PACK ROLLS
1947,20532,MAD OVER DONUTS CINNAMON SUGAR DONUTS PACK,CINNAMON DONUT MAD OVEN PACK SUGAR
1948,20534,MONGINIS CREAM CAKE SLICE PACK,CAKES CREAMY MONGINIS PACK SLICED
1949,20540,MAD OVER DONUTS CHOCOLATE DONUT BOX 6 PIECES,BOX CHOCOLATE DONUT MAD OVEN PIECES
1950,20522,THE BAKER'S DOZEN BRIOCHE BREAD LOAF,BAKER BREAD BRIOCHE DOZEN LOAF
1951,20523,ENGLISH OVEN CLASSIC ENGLISH MUFFINS PACK,CLASSIC ENGLISH MUFFIN OVEN PACK
1952,20530,THE BAKER'S DOZEN RYE BREAD LOAF PACK,BAKER BREAD DOZEN LOAF PACK RYE
1953,20517,ENGLISH OVEN WHOLE WHEAT ENGLISH MUFFINS PACK,ENGLISH MUFFIN OVEN PACK WHEAT WHOLE
1954,20526,THE BAKER'S DOZEN RYE BREAD LOAF PACK,BAKER BREAD DOZEN LOAF PACK RYE
1955,20527,CORNITOS ORIGINAL TORTILLA WRAPS PACK,CORNITOS ORIGINAL PACK TORTILLA WRAPS
1956,20544,MONGINIS CHOCO LAVA CAKE PACK,CAKES COCOA MONGINIS PACK
1957,20546,BRITANNIA FRUIT CAKE MULTI PACK,BRITANNIA CAKES FRUIT MULTI PACK
1958,20545,MAD OVER DONUTS MINI DONUTS BOX PACK,BOX DONUT MAD MINT OVEN PACK
1959,20538,BRITANNIA FRUIT CAKE MULTI PACK,BRITANNIA CAKES FRUIT MULTI PACK
1960,20543,BRITANNIA VANILLA CAKE SLICE PACK,BRITANNIA CAKES PACK SLICED VANILLA
1961,20536,CADBURY CHOCOBAKES CHOCO LAYERED CAKES PACK,CADBURY CAKES CHOCOBAKES COCOA PACK
1962,20535,CADBURY CHOCOBAKES COOKIES CHOCO CHIP PACK,CADBURY CHIPS CHOCOBAKES COCOA COOKIES PACK
1963,20393,LICIOUS CHICKEN BREAST BONELESS CUBES 250 GRAM PACK,BONELESS BREAST CHICKEN CUBES GRAM LICIOUS PACK
1964,20394,CHICKEN SATAY BONELESS PIECES,BONELESS CHICKEN PIECES SATAY
1965,20395,CHICKEN SATAY THIN CUT PIECES,CHICKEN CUTS PIECES SATAY THIN
1966,20396,CHICKEN ROAST CUT PIECES,CHICKEN CUTS PIECES ROASTED
1967,20397,BONELESS CHICKEN BREAST CHUNKS,BONELESS BREAST CHICKEN CHUNKS
1968,20398,PREMIUM CHICKEN FILLET STEAK,CHICKEN FILLET PREMIUM STEAK
1969,20399,BONELESS CHICKEN STEAK CUT,BONELESS CHICKEN CUTS STEAK
1970,20400,PREMIUM CHICKEN STRIP FILLET,CHICKEN FILLET PREMIUM STRIPS
1971,20401,PREMIUM CHICKEN BREAST FILLET,BREAST CHICKEN FILLET PREMIUM
1972,20402,BONELESS CHICKEN FILLET STEAK,BONELESS CHICKEN FILLET STEAK
1973,20403,SMOKED CHICKEN SAUSAGE SLICES,CHICKEN SAUSAGE SLICED SMOKE
1974,20404,TERIYAKI MARINATED CHICKEN SATAY,CHICKEN MARINADE SATAY TERIYAKI
1975,20405,CHICKEN KALBI STYLE KABAB,CHICKEN STYLE
1976,20406,BONELESS MARINATED CHICKEN CHOPS,BONELESS CHICKEN CHOPS MARINADE
1977,20407,CHICKEN TIKKA BONELESS PIECES,BONELESS CHICKEN PIECES TIKKA
1978,20408,SMOKED CHICKEN FILLET SLICES,CHICKEN FILLET SLICED SMOKE
1979,20409,GARLIC HERB CHICKEN FILLET,CHICKEN FILLET GARLIC HERB
1980,20410,LEMON PEPPER CHICKEN BREAST BONELESS,BONELESS BREAST CHICKEN LEMON PEPPERS
1981,20411,PEPPERCORN CHICKEN TENDERLOIN,CHICKEN PEPPERCORN TENDERLOINS
1982,20412,CHINESE STYLE BBQ CHICKEN,BBQ CHICKEN STYLE
1983,20413,CHICKEN BURGER PATTIES QUARTER POUND,BURGER CHICKEN PATTIES QUART
1984,20414,PREMIUM CHICKEN BURGER PATTIES,BURGER CHICKEN PATTIES PREMIUM
1985,20415,FRESH CHICKEN KEEMA 80-20 BLEND,BLEND CHICKEN FRESH KEEMA
1986,20416,CHICKEN BURGER PATTIES FAMILY PACK,BURGER CHICKEN FAMILY PACK PATTIES
1987,20417,LEAN CHICKEN KEEMA FRESH PACK,CHICKEN FRESH KEEMA LEAF PACK
1988,20418,PREMIUM LAMB RIB CHOPS FRENCHED CUT,CHOPS CUTS FRENCH LAMB PREMIUM RIBS
1989,20419,IMPORTED SEMI BONELESS LAMB LEG,BONELESS IMPORTED LAMB LEG
1990,20420,FRESH LAMB LEG CENTER CUT,CUTS FRESH LAMB LEG
1991,20421,FRESH MUTTON CURRY CUT,CURRY CUTS FRESH MUTTON
1992,20422,IMPORTED LAMB RIB CHOPS PREMIUM,CHOPS IMPORTED LAMB PREMIUM RIBS
1993,20423,CHICKEN DRUMSTICK BONELESS CUT,BONELESS CHICKEN CUTS DRUMSTICK
1994,20424,BONELESS CHICKEN BREAST FILLET,BONELESS BREAST CHICKEN FILLET
1995,20425,FROZEN CHICKEN WINGS SPICY CUT,CHICKEN CUTS FROZEN SPICY WINGS
1996,20426,CHICKEN WINGS PARTY PACK,CHICKEN PACK PARTY WINGS
1997,20427,FRESH CHICKEN DRUMSTICK CUT,CHICKEN CUTS DRUMSTICK FRESH
1998,20428,GOAT MARROW SOUP BONES,BONES GOAT MARROW SOUR
1999,20429,FRESH GOAT MARROW BONE CUT,BONES CUTS FRESH GOAT MARROW
2000,20430,FROZEN CHICKEN GIZZARD PACK,CHICKEN FROZEN GIZZARD PACK
2001,20431,JUMBO DOG CHEW BONE TREAT,BONES CHEF DOG JUMBO TREATS
2002,20432,NATURAL DOG CHEW BONE TREAT,BONES CHEF DOG NATURAL TREATS
2003,20433,TERIYAKI BONELESS CHICKEN THIGHS,BONELESS CHICKEN TERIYAKI THIGH
2004,20434,MARINATED CHICKEN WINGS,CHICKEN MARINADE WINGS
2005,20435,SAVORY MONTEREY CHICKEN THIGHS BONELESS,BONELESS CHICKEN SAVOURY THIGH
2006,20436,CHICKEN WINGS PARTY TRAY,CHICKEN PARTY TRAP WINGS
2007,20437,CHICKEN LEG QUARTER FAMILY PACK,CHICKEN FAMILY LEG PACK QUART
2008,20438,FROZEN CHICKEN TENDERLOIN BONELESS,BONELESS CHICKEN FROZEN TENDERLOINS
2009,20439,FRESH FROZEN CHICKEN LIVER,CHICKEN FRESH FROZEN LIVER
2010,20440,FROZEN CHICKEN GIZZARDS PACK,CHICKEN FROZEN GIZZARD PACK
2011,20441,FROZEN CHICKEN GIZZARD CURRY CUT,CHICKEN CURRY CUTS FROZEN GIZZARD
2012,20442,FROZEN BONELESS SKINLESS CHICKEN BREAST,BONELESS BREAST CHICKEN FROZEN SKINLESS
2013,20443,FRESH CHICKEN MINCE,CHICKEN FRESH MINCE
2014,20444,NATURAL CHICKEN MINCE,CHICKEN MINCE NATURAL
2015,20445,LEAN CHICKEN KEEMA FAMILY PACK,CHICKEN FAMILY KEEMA LEAF PACK
2016,20446,READY TO COOK CHICKEN MINCE,CHICKEN COKE MINCE READY
2017,20447,CORNISH CHICKEN TWIN PACK,CHICKEN CORNISH PACK TWIN
2018,20448,WHOLE DUCK FRESH PACK,FRESH PACK WHOLE
2019,20449,WHOLE CORNISH CHICKEN,CHICKEN CORNISH WHOLE
2020,20450,EXOTIC GROUND BISON MEAT,BISON EXOTIC GROUND MEAL
2021,20451,PREMIUM GROUND ELK MEAT,ELK GROUND MEAL PREMIUM
2022,20452,ELK STEW BONELESS MEAT,BONELESS ELK MEAL
2023,20453,GROUND BISON MEAT PREMIUM,BISON GROUND MEAL PREMIUM
2024,20454,BONE IN SMOKED HAM STEAK,BONES HAM SMOKE STEAK
2025,20455,BONELESS TAVERN STYLE HAM,BONELESS HAM STYLE
2026,20456,BLACK FOREST SLICED HAM,BLACK FOREST HAM SLICED
2027,20457,SMOKED HAM STEAK WITH NATURAL JUICES,HAM JUICE NATURAL SMOKE STEAK
2028,20458,BLACK FOREST HAM SLICED PACK,BLACK FOREST HAM PACK SLICED
2029,20459,PEPPERONI JALAPENO CHEESE SNACK STICKS,CHEESE JALAPENO PEPPERS SNACK STICK
2030,20460,CLASSIC MEAT JERKY SNACK STICKS,CLASSIC JERKY MEAL SNACK STICK
2031,20461,TERIYAKI CHICKEN JERKY STRIPS,CHICKEN JERKY STRIPS TERIYAKI
2032,20462,JALAPENO CHEESE CHICKEN SNACK STICKS,CHEESE CHICKEN JALAPENO SNACK STICK
2033,20463,SMOKED CHICKEN SNACK SAUSAGES,CHICKEN SAUSAGE SMOKE SNACK
2034,20464,SMOKED CHICKEN SAUSAGE ROPE,CHICKEN SAUSAGE SMOKE
2035,20465,SMOKED CHICKEN SAUSAGE,CHICKEN SAUSAGE SMOKE
2036,20466,SMOKED CHICKEN BRATWURST SAUSAGE,BRATWURST CHICKEN SAUSAGE SMOKE
2037,20467,SMOKED CHICKEN CHEDDAR SAUSAGE,CHEDDAR CHICKEN SAUSAGE SMOKE
2038,20468,CHICKEN BRATWURST SAUSAGE,BRATWURST CHICKEN SAUSAGE
2039,20469,LOW SODIUM CHICKEN BACON SLICES,BACON CHICKEN LOW SLICED SODIUM
2040,20470,FULLY COOKED CHICKEN BACON,BACON CHICKEN COOKED FULLY
2041,20471,SMOKED CHICKEN BACON STRIPS,BACON CHICKEN SMOKE STRIPS
2042,20472,CHICKEN BACON VALUE PACK,BACON CHICKEN PACK VALUE
2043,20473,EXTRA THICK CHICKEN BACON,BACON CHICKEN EXTRA THICK
2044,20474,REGULAR CHICKEN HOT DOG FRANKS,CHICKEN DOG FRANKS HOT REGULAR
2045,20475,PREMIUM CHICKEN FRANKS,CHICKEN FRANKS PREMIUM
2046,20476,CHICKEN FRANK SAUSAGES VALUE PACK,CHICKEN FRANKS PACK SAUSAGE VALUE
2047,20477,JUMBO CHICKEN FRANKS,CHICKEN FRANKS JUMBO
2048,20478,NATURAL CHICKEN FRANKS,CHICKEN FRANKS NATURAL
2049,20479,BUFFALO CHICKEN STRIPS,BUFFALO CHICKEN STRIPS
2050,20480,HONEY CHICKEN HAM SLICES,CHICKEN HAM HONEY SLICED
2051,20481,SMOKED CHICKEN DELI SLICES,CHICKEN DEL SLICED SMOKE
2052,20482,REDUCED FAT CHICKEN SALAMI,CHICKEN FAT REDUCED SALAMI
2053,20483,CHICKEN SNACK STICKS,CHICKEN SNACK STICK
2054,20484,REGULAR CHICKEN BREAKFAST SAUSAGE,BREAKFAST CHICKEN REGULAR SAUSAGE
2055,20485,MAPLE FLAVOUR CHICKEN SAUSAGE LINKS,CHICKEN FLAVOUR LINKS MAPLE SAUSAGE
2056,20486,CHICKEN BREAKFAST SAUSAGE LINKS,BREAKFAST CHICKEN LINKS SAUSAGE
2057,20487,CHICKEN CHORIZO SAUSAGE,CHICKEN SAUSAGE
2058,20488,MAPLE CHICKEN SAUSAGE LINKS,CHICKEN LINKS MAPLE SAUSAGE
2059,20489,CHICKEN & CHEESE CRACKER SNACK BOX,BOX CHEESE CHICKEN CRACKERS SNACK
2060,20490,CHICKEN CHEESE CRACKER SNACK PACK,CHEESE CHICKEN CRACKERS PACK SNACK
2061,20491,EXTRA CHEESY CHICKEN PIZZA SNACK KIT,CHEESE CHICKEN EXTRA KIT PIZZA SNACK
2062,20492,CHICKEN SALAMI CHEESE BITES,BITE CHEESE CHICKEN SALAMI
2063,20493,NACHOS WITH CHEESE DIP & SALSA,CHEESE DIP NACHOS SALT
2064,20494,READY TO COOK BBQ CHICKEN CUBES,BBQ CHICKEN COKE CUBES READY
2065,20495,THAI STYLE COCONUT CHICKEN CURRY,CHICKEN COCONUT CURRY STYLE
2066,20496,SWEET HICKORY PULLED CHICKEN,CHICKEN HICKORY PULLED SWEET
2067,20497,THIN SLICED CHICKEN STEAK,CHICKEN SLICED STEAK THIN
2068,20498,CILANTRO LIME CHICKEN,CHICKEN LIME
2069,20499,FULLY COOKED CHICKEN NUGGETS,CHICKEN COOKED FULLY NUGGETS
2070,20500,MINI CHICKEN CORN DOGS FROZEN PACK,CHICKEN CORN DOG FROZEN MINT PACK
2071,20501,FROZEN CHICKEN CORN DOGS,CHICKEN CORN DOG FROZEN
2072,20502,COUNTRY STYLE CHICKEN FRIED CUTLET WITH GRAVY,CHICKEN COUNTRY CUTLETS GRAVY STYLE
2073,20503,HONEY BATTERED CHICKEN TENDERS,CHICKEN HONEY TENDER
2074,20504,PLANT BASED VEG BURGER PATTY,BASED BURGER PATTY PLANT VEG
2075,20505,PLANT BASED VEG PROTEIN PATTY,BASED PATTY PLANT PROTEIN VEG
2076,20506,PLANT BASED VEG BURGER PATTY,BASED BURGER PATTY PLANT VEG
2077,20507,BARBECUE GRILL SEASONING MASALA,BARBECUE GRILLED MASALA SEASONING
2078,20508,ROSEMARY ROAST SEASONING MIX,MIX ROASTED ROSEMARY SEASONING
2079,20509,SMOKY BARBECUE RUB MASALA,BARBECUE MASALA SMOKY
2080,20510,GRILL & BARBECUE SEASONING MIX,BARBECUE GRILLED MIX SEASONING
2081,20511,MEDITERRANEAN GARLIC MARINADE SAUCE,GARLIC MARINADE MEDITERRANEAN SAUCE
2082,20512,DOUBLE CHEESE BAKED POTATO BITES,BAKE BITE CHEESE DOUBLE POTATO
2083,20513,CREAMY SCALLOPED BAKED POTATOES,BAKE CREAMY POTATO
2084,20514,CREAMY MASHED POTATOES,CREAMY MASHED POTATO
2085,20515,MACARONI & CHEESE PASTA BOWL,BOWL CHEESE MACARONI PASTA
2086,20516,BUTTERMILK SOUR CREAM MASHED POTATOES,BUTTERMILK CREAMY MASHED POTATO SOUR
2087,20051,CAGE FREE GRADE B FARM EGGS,CAGE EGGS FARM FREE
2088,20052,BROWN FREE RANGE LARGE EGGS,BROWN EGGS FREE LARGE RANGE
2089,20053,BROWN VEG FED CAGE FREE EXTRA LARGE EGGS,BROWN CAGE EGGS EXTRA FED FREE LARGE VEG
2090,20054,ORGANIC PASTURE RAISED FARM EGGS,EGGS FARM ORGANIC PASTURE RAISED
2091,20055,OMEGA 3 ENRICHED LARGE EGGS,EGGS ENRICH LARGE OMEGA
2092,20056,CAGE FREE LIQUID EGG WHITES,CAGE EGGS FREE LIQUID WHITE
2093,20057,PLANT BASED LIQUID EGG MIX,BASED EGGS LIQUID MIX PLANT
2094,20058,AMUL CAGE FREE LIQUID WHOLE EGGS,AMUL CAGE EGGS FREE LIQUID WHOLE
2095,20059,BRITANNIA LIQUID EGG WHITES,BRITANNIA EGGS LIQUID WHITE
2096,20060,ORGANIC INDIA LIQUID EGG WHITES,EGGS INDIA LIQUID ORGANIC WHITE
2097,20061,SUGUNA READY TO EAT HARD BOILED FREE RANGE EGGS,BOILED EAT EGGS FREE HARD RANGE READY SUGUNA
2098,20062,BRITANNIA ORIGINAL EGG WHITE WRAPS,BRITANNIA EGGS ORIGINAL WHITE WRAPS
2099,20063,SUGUNA READY TO EAT HARD BOILED EGGS,BOILED EAT EGGS HARD READY SUGUNA
2100,20064,AMUL LACTOSE FREE LOW FAT MILK 1 PERCENT,AMUL FAT FREE LACTOSE LOW MILD PERCENT
2101,20065,SOFIT UNSWEETENED ORIGINAL ALMOND MILK,ALMOND MILD ORIGINAL SOFIT UNSWEETENED
2102,20066,SOFIT PLAIN SOY MILK,MILD PLAIN SOFIT
2103,20067,ORGANIC INDIA REDUCED FAT MILK WITH DHA AND OMEGA,FAT INDIA MILD OMEGA ORGANIC REDUCED
2104,20068,RAW PRESSERY UNSWEETENED ALMOND MILK,ALMOND MILD PRESERVED RAW UNSWEETENED
2105,20069,AMUL OLD FASHIONED CHOCOLATE FLAVOURED LOW FAT MILK,AMUL CHOCOLATE FASHIONED FAT FLAVOUR LOW MILD OLD
2106,20070,EPIGAMIA CHOCOLATE PROTEIN MILK DRINK 30 GRAM PROTEIN,CHOCOLATE DRINK EPIGAMIA GRAM MILD PROTEIN
2107,20071,AMUL LOW FAT FRESH MILK,AMUL FAT FRESH LOW MILD
2108,20072,AMUL UHT EGGNOG DAIRY BEVERAGE,AMUL BEVERAGE DAIRY EGGNOG UHT
2109,20073,HERITAGE TRADITIONAL UHT EGGNOG DRINK,DRINK EGGNOG HERITAGE TRADITIONAL UHT
2110,20074,AMUL SUGAR FREE ITALIAN STYLE SWEET CREAMER,AMUL CREAMY FREE ITALIAN STYLE SUGAR SWEET
2111,20075,NESTLE SWEET AND CREAMY DAIRY CREAMER,CREAMY DAIRY NESTLE SWEET
2112,20076,EPIGAMIA ZERO SUGAR SWEET CREAMER,CREAMY EPIGAMIA SUGAR SWEET
2113,20077,NESTLE COCONUT LIME FLAVOURED COFFEE CREAMER,COCONUT COFFEE CREAMY FLAVOUR LIME NESTLE
2114,20078,OATLY COFFEE CAKE FLAVOURED OAT MILK CREAMER,CAKES COFFEE CREAMY FLAVOUR MILD OATLY OATS
2115,20079,EPIGAMIA PLANT BASED SOUR CREAM,BASED CREAMY EPIGAMIA PLANT SOUR
2116,20080,RAW PRESSERY DAIRY FREE SOUR CREAM,CREAMY DAIRY FREE PRESERVED RAW SOUR
2117,20081,AMUL FRESH SOUR CREAM,AMUL CREAMY FRESH SOUR
2118,20082,MOTHER DAIRY PURE AND NATURAL SOUR CREAM,CREAMY DAIRY MOTHER NATURAL PURE SOUR
2119,20083,BRITANNIA FRESH SOUR CREAM,BRITANNIA CREAMY FRESH SOUR
2120,20084,AMUL ORGANIC LOW FAT COTTAGE CHEESE,AMUL CHEESE COTTAGE FAT LOW ORGANIC
2121,20085,BRITANNIA LOW FAT COTTAGE CHEESE,BRITANNIA CHEESE COTTAGE FAT LOW
2122,20086,AMUL LOW FAT COTTAGE CHEESE 1 PERCENT,AMUL CHEESE COTTAGE FAT LOW PERCENT
2123,20087,AMUL FULL FAT SMALL CURD COTTAGE CHEESE 4 PERCENT,AMUL CHEESE COTTAGE FAT FULLY PERCENT SMALL
2124,20088,MOTHER DAIRY FRESH COTTAGE CHEESE,CHEESE COTTAGE DAIRY FRESH MOTHER
2125,20089,EPIGAMIA APPLE YOGURT FOR BABIES 7 PLUS MONTHS,APPLE BABIES EPIGAMIA PLUS YOGURT
2126,20090,BRITANNIA STRAWBERRY WATERMELON KIDS YOGURT,BRITANNIA KIDS STRAWBERRY WATERMELON YOGURT
2127,20091,AMUL STRAWBERRY KIWI YOGURT SMOOTHIE,AMUL KIWI SMOOTH STRAWBERRY YOGURT
2128,20092,EPIGAMIA NON FAT GREEK YOGURT STRAWBERRY,EPIGAMIA FAT GREEN NON STRAWBERRY YOGURT
2129,20093,EPIGAMIA GREEK YOGURT COOKIE DOUGH FLIP,COOKIES DOUGH EPIGAMIA GREEN YOGURT
2130,20094,VEEBA FRENCH ONION CREAMY DIP,CREAMY DIP FRENCH ONION VEEBA
2131,20095,WINGREENS SEAFOOD STYLE CREAMY DIP,CREAMY DIP SEAFOOD STYLE WINGREENS
2132,20096,VEEBA FRENCH ONION DIP,DIP FRENCH ONION VEEBA
2133,20097,VEEBA JALAPENO CHEDDAR CHEESE DIP,CHEDDAR CHEESE DIP JALAPENO VEEBA
2134,20098,WINGREENS FRENCH ONION CREAMY DIP,CREAMY DIP FRENCH ONION WINGREENS
2135,20099,ORGANIC INDIA COLBY JACK CHEESE SLICES,CHEESE COLBY INDIA JACK ORGANIC SLICED
2136,20100,BRITANNIA NATURAL AMERICAN CHEESE SLICES,AMERICAN BRITANNIA CHEESE NATURAL SLICED
2137,20101,AMUL SMOKED MEDIUM YELLOW CHEDDAR CHEESE SLICES,AMUL CHEDDAR CHEESE MEDIUM SLICED SMOKE YELLOW
2138,20102,ORGANIC INDIA WHITE CHEDDAR CHEESE SLICES,CHEDDAR CHEESE INDIA ORGANIC SLICED WHITE
2139,20103,AMUL SHARP CHEDDAR CHEESE SLICES FAMILY PACK,AMUL CHEDDAR CHEESE FAMILY PACK SHARP SLICED
2140,20104,ORGANIC INDIA MOZZARELLA CHEESE FINE SHREDS,CHEESE INDIA MOZZARELLA ORGANIC SHREDDED
2141,20105,BRITANNIA MOZZARELLA AND SMOKED PROVOLONE CHEESE SHREDS,BRITANNIA CHEESE MOZZARELLA PROVOLONE SHREDDED SMOKE
2142,20106,BRITANNIA QUESADILLA STYLE CHEESE SHREDS,BRITANNIA CHEESE SHREDDED STYLE
2143,20107,BRITANNIA FINE MILD CHEDDAR CHEESE SHREDS,BRITANNIA CHEDDAR CHEESE MILD SHREDDED
2144,20108,AMUL MOZZARELLA CHEESE FINE SHREDS,AMUL CHEESE MOZZARELLA SHREDDED
2145,20109,AMUL EXTRA SHARP CHEDDAR CHEESE BLOCK,AMUL BLOCK CHEDDAR CHEESE EXTRA SHARP
2146,20110,AMUL SHARP CHEDDAR CHEESE BLOCK 2 PERCENT FAT,AMUL BLOCK CHEDDAR CHEESE FAT PERCENT SHARP
2147,20111,AMUL SWISS CHEESE BLOCK,AMUL BLOCK CHEESE SWISS
2148,20112,BRITANNIA EXTRA SHARP WHITE CHEDDAR CHEESE BLOCK,BLOCK BRITANNIA CHEDDAR CHEESE EXTRA SHARP WHITE
2149,20113,ORGANIC INDIA WHITE CHEDDAR CHEESE BLOCK,BLOCK CHEDDAR CHEESE INDIA ORGANIC WHITE
2150,20114,BRITANNIA AMERICAN CHEESE SLICES WITH 2 PERCENT MILK,AMERICAN BRITANNIA CHEESE MILD PERCENT SLICED
2151,20115,AMUL MINI PROCESSED CHEESE BLOCKS,AMUL BLOCK CHEESE MINT PROCESSED
2152,20116,AMUL AMERICAN STYLE SMOOTH MELTING CHEESE BLOCK,AMERICAN AMUL BLOCK CHEESE SMOOTH STYLE
2153,20117,AMUL AMERICAN CHEESE SINGLES SLICES,AMERICAN AMUL CHEESE SINGLE SLICED
2154,20118,BRITANNIA AMERICAN CHEESE SLICES,AMERICAN BRITANNIA CHEESE SLICED
2155,20119,BRITANNIA REDUCED FAT CREAM CHEESE SPREAD,BRITANNIA CHEESE CREAMY FAT REDUCED SPREAD
2156,20120,BRITANNIA GARLIC HERB WHIPPED CREAM CHEESE SPREAD,BRITANNIA CHEESE CREAMY GARLIC HERB SPREAD WHIPPED
2157,20121,BRITANNIA SMOKED SALMON CREAM CHEESE SPREAD,BRITANNIA CHEESE CREAMY SALMON SMOKE SPREAD
2158,20122,BRITANNIA GARDEN VEGETABLE CREAM CHEESE SPREAD,BRITANNIA CHEESE CREAMY GARDEN SPREAD VEGETABLE
2159,20123,BRITANNIA HONEY PECAN CREAM CHEESE SPREAD,BRITANNIA CHEESE CREAMY HONEY PECANS SPREAD
2160,20124,AMUL CRUMBLED FETA CHEESE DELI CUP,AMUL CHEESE CUP DEL
2161,20125,AMUL GRATED PARMESAN CHEESE,AMUL CHEESE GRATED PARMESAN
2162,20126,BRITANNIA PART SKIM RICOTTA CHEESE,BRITANNIA CHEESE PARTY RICOTTA SKIN
2163,20127,AMUL FRESH RANCHERO STYLE CHEESE,AMUL CHEESE FRESH STYLE
2164,20128,BRITANNIA GRATED PARMESAN CHEESE,BRITANNIA CHEESE GRATED PARMESAN
2165,20129,AMUL SHARP CHEDDAR CHEESE CRACKER CUTS,AMUL CHEDDAR CHEESE CRACKERS CUTS SHARP
2166,20130,BRITANNIA NATURAL COLBY JACK CHEESE SNACK STICKS,BRITANNIA CHEESE COLBY JACK NATURAL SNACK STICK
2167,20131,AMUL EXTRA SHARP CHEDDAR CHEESE CRACKER CUTS,AMUL CHEDDAR CHEESE CRACKERS CUTS EXTRA SHARP
2168,20132,BRITANNIA WHITE CHEDDAR CHEESE SNACKS WITH ALMONDS,ALMOND BRITANNIA CHEDDAR CHEESE SNACK WHITE
2169,20133,BRITANNIA NATURAL SHARP CHEDDAR CHEESE STICKS,BRITANNIA CHEDDAR CHEESE NATURAL SHARP STICK
2170,20134,PILLSBURY CINNAMON ROLLS WITH CREAM CHEESE FILLING,CHEESE CINNAMON CREAMY FILLING PILLSBURY ROLLS
2171,20135,PILLSBURY BUTTERMILK BISCUITS DOUGH,BISCUIT BUTTERMILK DOUGH PILLSBURY
2172,20136,PILLSBURY READY TO BAKE MONSTER COOKIE DOUGH,BAKE COOKIES DOUGH MONSTER PILLSBURY READY
2173,20137,PILLSBURY READY TO BAKE SUGAR COOKIE DOUGH,BAKE COOKIES DOUGH PILLSBURY READY SUGAR
2174,20138,PILLSBURY SWEET CORNBREAD SWIRLS,CORNBREAD PILLSBURY SWEET SWIRL
2175,20139,BRITANNIA CHOCOLATE PUDDING DESSERT,BRITANNIA CHOCOLATE DESSERT PUDDING
2176,20140,BRITANNIA TAPIOCA PUDDING DESSERT,BRITANNIA DESSERT PUDDING TAPIOCA
2177,20141,BRITANNIA SUGAR FREE VANILLA PUDDING SNACKS,BRITANNIA FREE PUDDING SNACK SUGAR VANILLA
2178,20142,EPIGAMIA PEACH COBBLER CREAMY DESSERT,CREAMY DESSERT EPIGAMIA PEACH
2179,20143,AMUL LOW FAT CHOCOLATE PUDDING,AMUL CHOCOLATE FAT LOW PUDDING
2180,20144,MCCAIN SOUTHWEST STYLE HASH BROWN POTATOES,BROWN HASS MCCAIN POTATO SOUTHWEST STYLE
2181,20145,BRITANNIA SOURDOUGH ENGLISH MUFFINS,BRITANNIA ENGLISH MUFFIN SOURDOUGH
2182,20146,MCCAIN SIGNATURE SEASONED DICED POTATOES,DICED MCCAIN POTATO SEASONING SIGNATURE
2183,20147,MCCAIN PLAIN DICED POTATOES,DICED MCCAIN PLAIN POTATO
2184,20148,ITC CLASSIC BREAKFAST SCRAMBLED EGG KIT,BREAKFAST CLASSIC EGGS ITC KIT SCRAMBLE
2185,20149,AMUL ORIGINAL BUTTER OIL SPRAY,AMUL BUTTER OIL ORIGINAL SPRAY
2186,20150,AMUL MAPLE AND BROWN SUGAR BUTTER SPREAD,AMUL BROWN BUTTER MAPLE SPREAD SUGAR
2187,20151,AMUL LACTOSE FREE SPREADABLE BUTTER,AMUL BUTTER FREE LACTOSE
2188,20152,AMUL UNSALTED BUTTER BLOCK,AMUL BLOCK BUTTER UNSALTED
2189,20153,NUTRALITE PLANT BASED BUTTER WITH OLIVE OIL,BASED BUTTER NUTRALITE OIL OLIVES PLANT
2190,20154,MOTHER'S RECIPE KOSHER STYLE DILL PICKLES,DILL KOSHER MOTHER PICKLED RECIPE STYLE
2191,20155,PRIYA KOSHER DILL PICKLE HALVES,DILL HALVES KOSHER PICKLED PRIYA
2192,20156,PRIYA KOSHER DILL SANDWICH PICKLE SLICES,DILL KOSHER PICKLED PRIYA SANDWICH SLICED
2193,20157,SIGNATURE SELECT SPICY PICKLE CHIPS,CHIPS PICKLED SELECT SIGNATURE SPICY
2194,20158,SIGNATURE SELECT PICKLE SPEARS,PICKLED SELECT SIGNATURE SPEARS
2195,20159,REAL PREMIUM 100 PERCENT ORANGE JUICE NO PULP,JUICE ORANGE PERCENT PREMIUM PULP REAL
2196,20160,TROPICANA FRESH ORANGE JUICE MEDIUM PULP,FRESH JUICE MEDIUM ORANGE PULP TROPICAL
2197,20161,REAL PREMIUM ORANGE JUICE WITH SOME PULP,JUICE ORANGE PREMIUM PULP REAL
2198,20162,MINUTE MAID ORANGE BEVERAGE NO PULP,BEVERAGE MAID MINUTE ORANGE PULP
2199,20163,TROPICANA LOW CALORIE ORANGE JUICE,CALORIE JUICE LOW ORANGE TROPICAL
2200,20164,REAL APPLE CIDER JUICE,APPLE CIDER JUICE REAL
2201,20165,TROPICANA NATURAL GRAPEFRUIT JUICE,GRAPEFRUIT JUICE NATURAL TROPICAL
2202,20166,REAL PINEAPPLE ORANGE MIXED FRUIT JUICE,FRUIT JUICE MIXED ORANGE PINEAPPLE REAL
2203,20167,REAL PINEAPPLE ORANGE BANANA MIXED FRUIT JUICE,BANANA FRUIT JUICE MIXED ORANGE PINEAPPLE REAL
2204,20168,TROPICANA PURE PRESSED APPLE JUICE,APPLE JUICE PRESERVED PURE TROPICAL
2205,20169,MINUTE MAID ZERO SUGAR FRUIT PUNCH,FRUIT MAID MINUTE PUNCH SUGAR
2206,20170,TROPICANA FRUIT PUNCH JUICE DRINK,DRINK FRUIT JUICE PUNCH TROPICAL
2207,20171,MINUTE MAID LIGHT LEMONADE JUICE DRINK,DRINK JUICE LEMONADE LIGHT MAID MINUTE
2208,20172,TROPICANA NATURAL STRAWBERRY FRUIT JUICE BLEND,BLEND FRUIT JUICE NATURAL STRAWBERRY TROPICAL
2209,20173,TROPICANA NATURAL MANGO JUICE BLEND,BLEND JUICE MANGO NATURAL TROPICAL
2210,20174,LIPTON RASPBERRY FLAVOURED ICED TEA,FLAVOUR ICED LIPTON RASPBERRY TEA
2211,20175,LIPTON DIET ICED TEA,DIET ICED LIPTON TEA
2212,20176,LIPTON UNSWEETENED BLACK ICED TEA,BLACK ICED LIPTON TEA UNSWEETENED
2213,20177,LIPTON SWEETENED BLACK ICED TEA,BLACK ICED LIPTON SWEETENED TEA
2214,20178,LIPTON LEMON ICED TEA DRINK,DRINK ICED LEMON LIPTON TEA
2215,20179,STARBUCKS UNSWEETENED ICED COFFEE,COFFEE ICED UNSWEETENED
2216,20180,CAFE COFFEE DAY VANILLA ICED COFFEE,COFFEE DAY ICED VANILLA
2217,20181,SLEEPY OWL LIGHT ROAST COLD BREW COFFEE,BREW COFFEE COLA LIGHT OWL ROASTED SLEEPY
2218,20182,BLUE TOKAI BRAZILIAN PURE BLACK COLD COFFEE,BLACK BLUE COFFEE COLA PURE TOKAI
2219,20183,SLEEPY OWL ESPRESSO BLEND COLD BREW COFFEE,BLEND BREW COFFEE COLA ESPRESSO OWL SLEEPY
2220,20184,TROPICANA ORANGE JUICE PULP FREE,FREE JUICE ORANGE PULP TROPICAL
2221,20185,REAL NATURAL CRANBERRY COCKTAIL JUICE,COCKTAIL CRANBERRY JUICE NATURAL REAL
2222,20186,TROPICANA PURE PRESSED APPLE JUICE,APPLE JUICE PRESERVED PURE TROPICAL
2223,20187,REAL PREMIUM ORANGE JUICE WITH SOME PULP,JUICE ORANGE PREMIUM PULP REAL
2224,20188,PAPER BOAT ALMOND MILK COFFEE LATTE VANILLA BEAN,ALMOND BEANS BOAT COFFEE LATTE MILD PAPER VANILLA
2225,20189,DEPOSIT MILK BOTTLE,BOTTLE DEPOSIT MILD
2226,20561,ORGANIC TATTVA DRY CHICKPEAS AND GREEN PEAS MIX,CHICKPEA DRY GREEN MIX ORGANIC TATTVA
2227,20562,TATA SAMPANN DRY PINTO BEANS PREMIUM QUALITY,BEANS DRY PINTOLA PREMIUM QUALITY SAMPANN TATA
2228,20563,24 MANTRA ORGANIC MIXED BEAN SOUP BLEND 15 VARIETY PACK,BEANS BLEND MANTRA MIXED ORGANIC PACK SOUR VARIETY
2229,20564,INDIA GATE BASMATI RICE,INDIA RICH
2230,20565,DAAWAT PREMIUM JASMINE RICE,JASMINE PREMIUM RICH
2231,20566,ORGANIC INDIA ORGANIC WHITE QUINOA,INDIA ORGANIC WHITE
2232,20567,MTR CHICKEN FLAVOURED RICE MIX,CHICKEN FLAVOUR MIX MTR RICH
2233,20568,MTR READY TO EAT MASALA RICE,EAT MASALA MTR READY RICH
2234,20569,MTR READY TO EAT CORIANDER LIME RICE,CORIANDER EAT LIME MTR READY RICH
2235,20570,KELLOGG'S MINI WHEAT BITES BREAKFAST CEREAL,BITE BREAKFAST CEREAL KELLOGG MINT WHEAT
2236,20571,YOGA BAR HONEY ALMOND FLAX GRANOLA,ALMOND BAR FLAT GRANOLA HONEY YOGA
2237,20572,QUAKER INSTANT OATMEAL MAPLE AND BROWN SUGAR,BROWN INSTANT MAPLE OATMEAL QUAKER SUGAR
2238,20573,SAFFOLA OATS MAPLE BROWN SUGAR INSTANT OATMEAL,BROWN INSTANT MAPLE OATMEAL OATS SAFFOLA SUGAR
2239,20574,QUAKER PROTEIN INSTANT OATS APPLE AND CINNAMON,APPLE CINNAMON INSTANT OATS PROTEIN QUAKER
2240,20575,QUAKER QUICK COOKING OATS HOT CEREAL,CEREAL COOKIES HOT OATS QUAKER QUICK
2241,20576,YOGA BAR BIRTHDAY CAKE CHOCOLATE DRIZZLE GRANOLA BAR,BAR CAKES CHOCOLATE DRIZZLE GRANOLA YOGA
2242,20577,RITEBITE FRUIT AND NUT TRAIL MIX ENERGY BAR,BAR ENERGY FRUIT MIX NUT RITEBITE TRAIL
2243,20578,YOGABAR ENERGY BARS CHOCOLATE CHUNK,BAR CHOCOLATE CHUNKS ENERGY
2244,20579,PAPER BOAT MIXED BERRIES JUICE,BOAT JUICE MIXED PAPER
2245,20580,SUNFEAST CAKES CAKES SLICED MIXED FUIT MIXED FRUIT CAKE,CAKES FRUIT MIXED SLICED SUNFEAST
2246,20581,PAPER BOAT MIXED FRUIT ROLLUPS VALUE PACK,BOAT FRUIT MIXED PACK PAPER VALUE
2247,20582,AMUL CHOCOLATE DESSERT PUDDING CUP,AMUL CHOCOLATE CUP DESSERT PUDDING
2248,20583,AMUL BUTTERSCOTCH DESSERT PUDDING CUP,AMUL BUTTERSCOTCH CUP DESSERT PUDDING
2249,20584,MOTHER DAIRY TAPIOCA DESSERT PUDDING,DAIRY DESSERT MOTHER PUDDING TAPIOCA
2250,20585,WEIKFIELD CHOCOLATE PUDDING AND PIE MIX,CHOCOLATE MIX PIE PUDDING WEIKFIELD
2251,20586,WEIKFIELD SUGAR FREE CHOCOLATE INSTANT PUDDING MIX,CHOCOLATE FREE INSTANT MIX PUDDING SUGAR WEIKFIELD
2252,20587,WEIKFIELD STRAWBERRY JELLY CRYSTALS MIX,CRYSTALS JELLY MIX STRAWBERRY WEIKFIELD
2253,20588,WEIKFIELD STRAWBERRY PIE FILLING AND DESSERT TOPPING,DESSERT FILLING PIE STRAWBERRY TOPPINGS WEIKFIELD
2254,20589,ORGANIC TATTVA PURE PUMPKIN PUREE FILLING,FILLING ORGANIC PUMPKIN PURE TATTVA
2255,20590,WEIKFIELD PEACH PIE FILLING AND FRUIT TOPPING,FILLING FRUIT PEACH PIE TOPPINGS WEIKFIELD
2256,20591,PILLSBURY PIE CRUST BAKING MIX,BAKING CRUST MIX PIE PILLSBURY
2257,20592,BRITANNIA GRAHAM STYLE BISCUIT PIE CRUST,BISCUIT BRITANNIA CRUST PIE STYLE
2258,20593,KEEBLER READY CRUST 9-INCH CHOCOLATE PIE CRUSTS ,CHOCOLATE CRUST PIE READY
2259,20594,AMUL CARAMEL SYRUP,AMUL CARAMEL SYRUP
2260,20595,HERSHEY'S CARAMEL FLAVORED LIQUID SYRUP,CARAMEL HERSHEY LIQUID SYRUP
2261,20596,KWALITY WALL'S CHOCO BROWNIE FUDGE FROZEN DESSERT,BROWN COCOA DESSERT FROZEN FUDGE
2262,20597,VADILAL SUGAR ICE CREAM CONES,CONES CREAMY ICED SUGAR VADILAL
2263,20598,VADILAL ICE CREAM DESSERT CUPS,CREAMY CUP DESSERT ICED VADILAL
2264,20599,CREAMBELL CLASSIC WAFFLE ICE CREAM CONES PACK OF 12,CLASSIC CONES CREAMBELL CREAMY ICED PACK WAFFLE
2265,20600,PILLSBURY MILK CHOCOLATE BROWNIE MIX,BROWN CHOCOLATE MILD MIX PILLSBURY
2266,20601,BETTY CROCKER DARK CHOCOLATE FUDGE BROWNIE MIX,BETTY BROWN CHOCOLATE CRACKER DARK FUDGE MIX
2267,20602,BETTY CROCKER CLASSIC WHITE CAKE MIX,BETTY CAKES CLASSIC CRACKER MIX WHITE
2268,20603,PILLSBURY CREAMY SUPREME MILK CHOCOLATE FROSTING,CHOCOLATE CREAMY FROSTING MILD PILLSBURY SUPREME
2269,20604,BETTY CROCKER RICH & CREAMY FROSTING,BETTY CRACKER CREAMY FROSTING RICH
2270,20605,FUNFOODS GREEN COOKIE ICING DECORATION,COOKIES DECORATIVE FUNFOODS GREEN ICING
2271,20606,AMUL MINI CHOCOLATE CHIPS FOR BAKING,AMUL BAKING CHIPS CHOCOLATE MINT
2272,20607,MASON & CO WHITE CHOCOLATE BAKING BAR,BAKING BAR CHOCOLATE WHITE
2273,20608,CADBURY UNSWEETENED BAKING COCOA POWDER,BAKING CADBURY COCOA POWDER UNSWEETENED
2274,20609,FUNFOODS WITCHES BREW CAKE SPRINKLES TUB,BREW CAKES FUNFOODS SPRINKLES TUB
2275,20610,PURAMATE RAINBOW JIMMIES CAKE DECORATION SPRINKLES,CAKES DECORATIVE SPRINKLES
2276,20611,FUNFOODS WINTER THEME CAKE SPRINKLES BOX,BOX CAKES FUNFOODS SPRINKLES
2277,20612,AMUL SKIMMED MILK POWDER,AMUL MILD POWDER SKIMMED
2278,20613,NESTL├® MILKMAID SWEETENED CONDENSED MILK,CONDENSED MILD MILKMAID NESTL SWEETENED
2279,20614,NESTL├® CARNATION EVAPORATED MILK,MILD NESTL
2280,20615,WEIKFIELD PURE VANILLA EXTRACT,EXTRA PURE VANILLA WEIKFIELD
2281,20616,BAKER'S PURE VANILLA ESSENCE,BAKER ESSENCE PURE VANILLA
2282,20617,BAKER'S VANILLA FLAVOUR ESSENCE,BAKER ESSENCE FLAVOUR VANILLA
2283,20618,AJANTA NATURAL GREEN FOOD COLOUR,AJANTA COLOUR FOOD GREEN NATURAL
2284,20619,AJANTA ASSORTED FOOD COLOUR KIT,AJANTA ASSORTED COLOUR FOOD KIT
2285,20620,BAKER'S ASSORTED FOOD COLOUR PACK,ASSORTED BAKER COLOUR FOOD PACK
2286,20621,CATCH PREMIUM CHILI POWDER,CATCH CHILLI POWDER PREMIUM
2287,20622,KEYA SMOKED PAPRIKA SEASONING,KEYA PAPRIKA SEASONING SMOKE
2288,20623,URBAN PLATTER NUTRITIONAL YEAST SEASONING,NUTRITION PLATES SEASONING URBAN YEAST
2289,20624,CATCH GARLIC POWDER,CATCH GARLIC POWDER
2290,20625,EVEREST CREOLE STYLE SEASONING MIX,EVEREST MIX SEASONING STYLE
2291,20626,KEYA PIZZA SEASONING MIX,KEYA MIX PIZZA SEASONING
2292,20646,AMUL PURE COW GHEE,AMUL COW PURE
2293,20671,DHAMPURE NATURAL RAW CANE SUGAR,CANS DHAMPURE NATURAL RAW SUGAR
2294,20692,TATA COFFEE HOUSE BLEND MEDIUM ROAST GROUND COFFEE,BLEND COFFEE GROUND HOUSE MEDIUM ROASTED TATA
2295,20693,BLUE TOKAI ITALIAN ROAST GROUND COFFEE,BLUE COFFEE GROUND ITALIAN ROASTED TOKAI
2296,20696,ORGANIC INDIA GREEN TEA,GREEN INDIA ORGANIC TEA
2297,20698,CADBURY HOT CHOCOLATE DRINK SACHETS,CADBURY CHOCOLATE DRINK HOT SACHETS
2298,20699,CADBURY DARK CHOCOLATE HOT COCOA MIX,CADBURY CHOCOLATE COCOA DARK HOT MIX
2299,20700,HERSHEY'S STRAWBERRY FLAVOURED SYRUP,FLAVOUR HERSHEY STRAWBERRY SYRUP
2300,20715,REAL CRANBERRY CHERRY DIET JUICE DRINK,CHERRY CRANBERRY DIET DRINK JUICE REAL
2301,20722,PAPER BOAT LIME JUICE,BOAT JUICE LIME PAPER
2302,20723,RAW PRESSERY TART CHERRY JUICE,CHERRY JUICE PRESERVED RAW TATA
2303,20724,ORGANIC INDIA UNFILTERED APPLE JUICE,APPLE INDIA JUICE ORGANIC
2304,20734,KISSAN NATURAL APPLE SAUCE CUPS,APPLE CUP KISSAN NATURAL SAUCE
2305,20737,OCEAN SECRET TUNA SALAD SNACK PACK WITH CRACKERS,CRACKERS OCEAN PACK SALAD SECRET SNACK TUNA
2306,20738,OCEAN SECRET SOLID WHITE TUNA IN WATER,OCEAN SECRET TUNA WATER WHITE
2307,20739,OCEAN SECRET CHUNK LIGHT TUNA IN WATER,CHUNKS LIGHT OCEAN SECRET TUNA WATER
2308,20746,HEINZ BOURBON BROWN SUGAR BAKED BEANS,BAKE BEANS BOURBON BROWN HEINZ SUGAR
2309,20747,HEINZ NO ADDED SUGAR BAKED BEANS,ADDED BAKE BEANS HEINZ SUGAR
2310,20749,CHING'S SPICY RAJMA BEANS CURRY,BEANS CHING CURRY RAJMA SPICY
2311,20752,SUNFEAST READY TO EAT TOMATO PASTA RINGS,EAT PASTA READY RINGS SUNFEAST TOMATO
2312,20753,ITC MASTER CHEF SPAGHETTI WITH MEATBALLS,CHEF ITC MASTER MEATBALLS
2313,20754,SUNFEAST ALPHABET PASTA WITH MEATBALLS,MEATBALLS PASTA SUNFEAST
2314,20764,KNORR LOW SODIUM CHICKEN BROTH,BROTH CHICKEN KNORR LOW SODIUM
2315,20766,KNORR VEGETARIAN VEGETABLE BROTH,BROTH KNORR VEGETABLE VEGETARIAN
2316,20770,WINGREENS WHITE CHEDDAR PASTA SHELLS,CHEDDAR PASTA SHELLS WHITE WINGREENS
2317,20771,BAMBINO GLUTEN FREE MACARONI AND CHEESE MIX,BAMBINO CHEESE FREE GLUTEN MACARONI MIX
2318,20772,WINGREENS RANCH STYLE MAC AND CHEESE MIX,CHEESE MAC MIX RANCH STYLE WINGREENS
2319,20935,KISSAN CHERRY FRUIT PRESERVE,CHERRY FRUIT KISSAN PRESERVED
2320,20936,MALA'S RED RASPBERRY FRUIT PRESERVE,FRUIT PRESERVED RASPBERRY RED
2321,20937,MAPRO SEEDLESS RED RASPBERRY JAM,JAM MAPRO RASPBERRY RED SEEDLESS
2322,20944,VEEBA CREAMY DILL MUSTARD SAUCE,CREAMY DILL MUSTARD SAUCE VEEBA
2323,20948,CHING'S SECRET TERIYAKI STIR FRY SAUCE,CHING FRY SAUCE SECRET STIR TERIYAKI
2324,20950,KEYA MILD TACO SEASONING MIX,KEYA MILD MIX SEASONING TATA
2325,20951,KEYA LOW SODIUM TACO SEASONING MIX,KEYA LOW MIX SEASONING SODIUM TATA
2326,20968,VEEBA ORIGINAL BUTTERMILK SALAD DRESSING MIX,BUTTERMILK DRESSING MIX ORIGINAL SALAD VEEBA
2327,20969,VEEBA SOUTHERN STYLE SALAD DRESSING,DRESSING SALAD STYLE VEEBA
2328,20973,WINGREENS CLASSIC SEASONED CROUTONS,CLASSIC CROUTONS SEASONING WINGREENS
2329,20989,DEL MONTE BABY DILL PICKLES WITH SEA SALT,BABY DEL DILL MONTE PICKLED SALT SEA
2330,20990,DEL MONTE SWEET GHERKIN PICKLES,DEL GHERKINS MONTE PICKLED SWEET
2331,20995,VEEBA SLICED JALAPENO PEPPERS,JALAPENO PEPPERS SLICED VEEBA
2332,20996,DEL MONTE JALAPENO PEPPER RINGS,DEL JALAPENO MONTE PEPPERS RINGS
2333,20997,VEEBA PICKLED RED ONIONS,ONION PICKLED RED VEEBA
2334,21009,COCA-COLA CHERRY FLAVOURED SOFT DRINK,CHERRY COLA DRINK FLAVOUR SOFT
2335,21010,RAW PRESSERY PREBIOTIC RASPBERRY SPARKLING DRINK,DRINK PRESERVED PROBIOTIC RASPBERRY RAW SPARKLING
2336,21011,SOSYO ROOT BEER FLAVOURED SOFT DRINK,DRINK FLAVOUR ROOT SOFT
2337,21013,HIMALAYAN SPARKLING WATER CUCUMBER MELON FLAVOUR,CUCUMBERS FLAVOUR HIMALAYAN MELON SPARKLING WATER
2338,21014,HIMALAYAN NATURAL SPARKLING WATER,HIMALAYAN NATURAL SPARKLING WATER
2339,21019,BINGO QUESO CHEESE POTATO CHIPS,BINGO CHEESE CHIPS POTATO
2340,21020,SEA SALT AND OLIVE OIL POPCORN,OIL OLIVES POPCORN SALT SEA
2341,21021,CHEETOS CHEESE PUFFS,CHEESE CHEETOS PUFF
2342,21022,ACT II YELLOW POPCORN KERNELS,ACT KERNELS POPCORN YELLOW
2343,21023,ACT II EXTRA BUTTER MICROWAVE POPCORN,ACT BUTTER EXTRA POPCORN
2344,21024,ACT II MOVIE THEATRE STYLE BUTTER POPCORN,ACT BUTTER POPCORN STYLE TREATS
2345,21025,HAPPILO MOUNTAIN TRAIL MIX,HAPPILO MIX TRAIL
2346,21026,NUTRAJ ROASTED AND SALTED COCKTAIL PEANUTS,COCKTAIL NUTRAJ PEANUT ROASTED SALTED
2347,20010,KODAI AGED GOURMET CHEESE BLOCK,AGED BLOCK CHEESE GOURMET KODAI
