First_Name,Last_Name,URL,Email_Address,Company,Position,Connected_On
Shalaka Gundi,(IAF Certified Professional Facilitator),https://www.linkedin.com/in/shalakagundicatalyst,,Self-Employed,"Independent OD and HR Consultant, Group Facilitator, Flow Game Host",08-09-2020
Soumya D,(SD),https://www.linkedin.com/in/sd7,,Capgemini,Lead Data Scientist,14-06-2018
Dr. Nitika Vats Doohan,(SMIEEE/ LMCSI/ SMACM/ Secretary IRC-IEEE MP Sec.),https://www.linkedin.com/in/nitika-vats,,"Head Training, Professor at Institute of Advance Computing, SAGE University Indore",Professor,19-04-2018
Deepti,........,https://www.linkedin.com/in/deepti-a0677953,,IT Consltancy,IT Recruiter,02-08-2012
Bhaskar,A,https://www.linkedin.com/in/bhaskar-a-a73870a2,,Technoidentity,Recruitment Manager,08-07-2021
Abhijeet,Aallekar,https://www.linkedin.com/in/abhijeet-aallekar-a9a5295,,Tata Consultancy Services,IOT DE Head TCS LATAM,20-10-2009
Hemant,Adhav,https://www.linkedin.com/in/hemantadhav,,Walmart,Senior Director of Product Management,08-07-2013
Asish,Adhikari,https://www.linkedin.com/in/asishadhikari,,Adani Group,Vice President,17-01-2017
Venugopal,Adooparambil,https://www.linkedin.com/in/venuadooparambil,,UnitedHealth Group,Sr Director - Data Solutions,07-11-2012
Chennakeshav (CK),Adya,https://www.linkedin.com/in/ckadya,,Confidential,Portfolio Management,28-03-2012
Mayank,Agarwal,https://www.linkedin.com/in/mayank-agarwal-6a4757b,,Tata Consultancy Services,Program Manager Business Transformation at Mundra Port and SEZ,28-03-2012
Vivek,Agarwal,https://www.linkedin.com/in/agarwalvivek,,Mphasis,VP of Sales,12-10-2012
Saket,Agashe,https://www.linkedin.com/in/saket-agashe-225a6712,,Accenture,Associate Manager,04-05-2020
Rotarian Pradyumna,Agate,https://www.linkedin.com/in/rotarian-pradyumna-agate-5997373b,,Model Developers And Builders,Partner,06-11-2012
Ameet,Agavekar,https://www.linkedin.com/in/agavekar,,Cognizant,Global Solution Architect,23-07-2008
Bharat,Agrawal,https://www.linkedin.com/in/bharatuk,,Freelance,Sr BI/ETL Consultant ,17-06-2022
Tushar,Agrawal,https://www.linkedin.com/in/tushar-agrawal-a137982,,ScopeSys Innovation Pvt. Ltd,Co-Founder and Director,03-08-2023
Saurabh,Ahiwar,https://www.linkedin.com/in/saurabh-ahiwar-b59a7b17,,Cognizant,Sr. Manager ,20-07-2020
Noor,Ahmed,https://www.linkedin.com/in/noor-ahmed-407a82249,,Degreed,Director of Engineering,10-09-2022
Anuj,Ahuja,https://www.linkedin.com/in/anuj-ahuja-1b39914,,Cognizant,Director,09-04-2012
Puesh,Ajmani,https://www.linkedin.com/in/puesh,,Tata Consulting Engineers,Chief Digital Officer,12-02-2023
Sushil,Akhare,https://www.linkedin.com/in/akharesushil,,Citi,Assistant Vice President Technology,07-05-2018
Amol,Akre,https://www.linkedin.com/in/amol-akre-130b022,,Cognizant,AVP - IOT | Industrial Operations | Digital Manufacturing and Transformation,14-02-2013
Amey S,Alate,https://www.linkedin.com/in/amey-sameer-alate,,Delicious Dabbas Food Chain & co.,Co-Founder & CMO,04-03-2025
Atul,Alatkar,https://www.linkedin.com/in/atul-alatkar,,Nimbus Aerospace,Chief of AI,25-11-2009
Irfan,Ali,https://www.linkedin.com/in/irfanaligce,,Walmart Global Tech,Principal Software Engineer,19-11-2019
Mahesh,Alimchandani,https://www.linkedin.com/in/maheshalimchandani,,Cognizant Technology Solutions,Leader - Smart Manufacturing Consulting,27-07-2012
Swapnil Sanjay,Alkari(He/him),https://www.linkedin.com/in/swapnil-sanjay-alkari-he-him-071b5522,,Capgemini,Technical Architect,18-01-2017
Mathangi,Ananth,https://www.linkedin.com/in/mathangi-ananth-43266867,,Arrow ECS,Senior Data Engineer,28-02-2023
Sheshadri,Ankushagiri,https://www.linkedin.com/in/arsheshadri,,"phData, Inc.",Solution Architect,19-11-2019
Abu Quasim,Ansari,https://www.linkedin.com/in/abu-quasim-ansari-9871a11,,ALSTOM TRANSPORT,Process & Tools Manager,06-08-2018
Mandar,Apate,https://www.linkedin.com/in/mandar-apate-72319711,,Capgemini,Tech Manager,29-11-2018
Rahul,Aphale,https://www.linkedin.com/in/rahul-aphale-14951611,,IBM,Senior SAP Consultant,28-03-2012
Dr. Manoj,Apte,https://www.linkedin.com/in/dr-manoj-apte-a556a93,,Design2Impact Advisory,"Founder, Advisor & Consultant",19-02-2023
Manoj,Apte,https://www.linkedin.com/in/manoj-apte-5833654,,Tata Consultancy Services,Principal Scientist,22-07-2012
Shrish,Apte,https://www.linkedin.com/in/shrish-apte,,Datacom,Practice Manager,18-11-2012
Shubhada,Apte,https://www.linkedin.com/in/shubhada-apte-04466a28,,Tata Consultancy Services,Assistant Manager,29-10-2018
Vaibhav,Aradhye,https://www.linkedin.com/in/vaibhavaradhye,,Infosys,Enterprise Architect,01-04-2012
shyam sundar,aravalli,https://www.linkedin.com/in/shyam-sundar-aravalli-86734963,,Tata Consultancy Services,Associate Consultant,13-06-2019
Brian,Arnold,https://www.linkedin.com/in/brian-arnold-89536120,,Apple,Engineering Manager,05-12-2019
Bharat,Arora,https://www.linkedin.com/in/bharora,,Tech Virtue Solutions,Founder,15-04-2023
Zernisan,Arslan,https://www.linkedin.com/in/zernisan-arslan-916ba314,,Ambiata (subsidiary of IAG),Data Scientist,01-05-2018
Rahul,Asanikar,https://www.linkedin.com/in/rahulasanikar,,Benchmark IT Solutions,Founder and CEO,20-09-2022
Bala,"Asirvatham PCC, SP(EMCC)",https://www.linkedin.com/in/bala-asirvatham,,Vanderlande,"Global Head of Talent, Learning and Leadership CoEs & Global DEI Officer",13-02-2019
Anagha,Asnikar,https://www.linkedin.com/in/anagha-asnikar-58271822,,Universal Software Corporation,Developer,01-04-2012
Dr. Sandeep,Athavale,https://www.linkedin.com/in/sandeepathavale,,Tata Consultancy Services,"Chief Mentor, iON GameLab",17-04-2012
Niraj,Athawale,https://www.linkedin.com/in/nirajathawale,,Walmart Global Tech,Distinguished Software Engineer,22-11-2016
Arvind Balaji,B,https://www.linkedin.com/in/arvindbalaji-baskaran,,Wipro,Solutions Architect,23-08-2021
Deepa,B,https://www.linkedin.com/in/deepa-b-350a921a,,Epsilon,BigData Hadoop Administrator 2,24-09-2018
Devender,Babu,https://www.linkedin.com/in/devenderbabu,,"Shutterfly, Inc.","Enterprise AI Architect, Solutions Engineering, Data Product - DevSecOps, ML Ops",18-08-2012
Avinash,Badave,https://www.linkedin.com/in/avinash-badave-4044341b,,KPIT,Associate Vice President,05-02-2026
Ketan,Badhan,https://www.linkedin.com/in/ketan-badhan,,Krios Info Solutions Pvt.Ltd.,Sr. Business Architect,27-08-2021
Avik,Bagchi,https://www.linkedin.com/in/avik-bagchi,,"KBR, Inc.","Technical Professional Leader - Process, TLIS",22-08-2012
Rahul,Bagdia,https://www.linkedin.com/in/rahulbagdia,,pManifold,Chairman and Managing Director,13-04-2019
Arun,Bahulkar,https://www.linkedin.com/in/arun-bahulkar-6b7306b,,Tata Consultancy Services,Researcher,08-04-2012
â—¾Nitin,Baiswar,https://www.linkedin.com/in/nitinbaiswar,,Zscaler,Staff Data Engineer,09-09-2021
Rohit,Bakhshi,https://www.linkedin.com/in/rohitbakhshi,,Confluent,Product Management,09-04-2018
Anil,Bakshi,https://www.linkedin.com/in/anil-bakshi-coach-mentor,anilbaxi@yahoo.com,Self-employed,"Executive Coach, Mentor, Leadership Engager.",12-04-2021
Mayuresh,Bakshi,https://www.linkedin.com/in/mayureshbakshi,,Proofpoint,Sr. Director (AI Security),01-06-2013
Yogesh,Bakshi,https://www.linkedin.com/in/yogesh-bakshi-7104084,,Nebory,Co-Founder,17-12-2021
Ganesh,Bala,https://www.linkedin.com/in/ganeshba,,Retelzy,CTO,02-10-2022
Vivek,Balaraman,https://www.linkedin.com/in/vivek-balaraman-173a045,,Kolam Projects,Developmental worker,25-11-2009
Maheshkumar,Balshetwar,https://www.linkedin.com/in/maheshintellify,,Intellify Solutions,Founder & CTO,01-04-2022
Vijayanand,Banahatti,https://www.linkedin.com/in/banahatti,,Tata Consultancy Services,Lead Researcher,23-07-2008
Amruta,Bande,https://www.linkedin.com/in/amruta-bande-4073aa49,,Walmart,Principal Software Engineer,06-04-2018
Prathamesh,"Bandekar, Ph.D. ",https://www.linkedin.com/in/prathameshbandekar,,Aligned Incentives,Sustainability Scientist,27-07-2021
Santanu,Banerjee,https://www.linkedin.com/in/santanu-banerjee-40358618,,Capgemini,Senior Director (Solution Integrator - Large Deals),25-01-2013
Rohit,Banerji,https://www.linkedin.com/in/rohit-banerji-8904012,,EY,Partner,01-10-2009
Sneha ,Bankar,https://www.linkedin.com/in/sneha-bankar-aba9a182,,Gusto,Staff Software Engineer,19-10-2013
Amey,Bapat,https://www.linkedin.com/in/amey-bapat-152066104,,Abbott,Commercial Project Manager - CW,11-01-2017
Dr. Prakash,Bapat,https://www.linkedin.com/in/dr-prakash-bapat-41734611,,Self employed,self employed ,05-01-2018
Mandar,Bapat,https://www.linkedin.com/in/mandar-bapat-55492a35,,Cognizant,"Associate Vice President, Cognizant Industry+ (IoT and Engineering)",11-08-2012
Omkar S.,Bapat,https://www.linkedin.com/in/omkarbapat,,Eastern Enterprise,Vice President Delivery,09-04-2018
Tushar,Bapat,https://www.linkedin.com/in/tushar-bapat-aa69305,,Tata Consultancy Services,Head Program Management Office,22-01-2014
Vikas,Bapat,https://www.linkedin.com/in/vikasbapat,,zCon Solutions,Founder Director,26-02-2023
Swayam,Baral,https://www.linkedin.com/in/swayambaral,,Confederation of Indian Industry,Council Member Zonal,28-03-2012
William,Barclay,https://www.linkedin.com/in/williambarclay23,,Oliver James,"AVP, Delivery Manager - Technology",18-04-2018
Sanket,Barge,https://www.linkedin.com/in/sanket-barge-664934143,,Crane India,Planner/Buyer ,24-01-2024
Shane,Bari,https://www.linkedin.com/in/shanebari,,Thryv,Manager - Data Engineering,31-08-2018
Uday,Bari,https://www.linkedin.com/in/uday-bari-dataanalyst,,Krios Info Solutions Pvt.Ltd.,Data Analyst,03-08-2023
Melissa,Barrett,https://www.linkedin.com/in/melissa-barrett-899b9a80,,phData,Senior Solutions Architect,29-11-2019
Sachin,Bartakke,https://www.linkedin.com/in/sachin-bartakke-5403a17,,Mott MacDonald India india Pvt Ltd,Vice President Projects,06-10-2009
Dr Jayesh,Barve,https://www.linkedin.com/in/dr-jayesh-barve-90445323,,GE,"R&D Principal Engineer, Controls & Optimization, Electrical Technologies",21-04-2012
Debarshi,Basak,https://www.linkedin.com/in/debarshi-basak,,Adaptive,Founder & CTO,08-08-2012
Ingrid,Bauer PHRiâ„¢ HRCIÂ®,https://www.linkedin.com/in/ingridbauerfr,,phData,Global Employee Experience Manager I HR Operations & People Strategy,29-07-2019
Sneha,Betharia,https://www.linkedin.com/in/sneha-betharia,,Pertemps Managed Solutions,Recruitment Consultant,06-04-2018
Upendra,Bhagunde,https://www.linkedin.com/in/upendra-bhagunde,,Albertsons Companies,Technical Program Manager,11-04-2025
Mandar R,Bhalerao,https://www.linkedin.com/in/mandar-r-bhalerao-7b8696,,Tata Consultancy Services,Industry Sales Lead,26-08-2022
Sachin,Bhamare,https://www.linkedin.com/in/sachin-bhamare-933bb7b1,,KPIT,Project Manager,21-03-2018
Mukund,Bhandare,https://www.linkedin.com/in/mukund-bhandare-2012565a,,GlobalStep,Associate Project Manager,19-10-2013
Rakesh,Bharadwaj,https://www.linkedin.com/in/rakesh-bharadwaj-a04a9b11b,,"phData, Inc.",Lead DevOps Engineer,17-03-2020
Kedar,Bhasme,https://www.linkedin.com/in/kedar-bhasme-99419376,,Cosmos e-Solutions & Services Pvt Ltd,Consultant,03-07-2013
Ravindra,Bhat,https://www.linkedin.com/in/ravindrabhat,,Accenture,Managing Director,24-11-2009
Mandar,Bhatavdekar,https://www.linkedin.com/in/mandarbhatavdekar,,COEP Technological University,Professor of Business,03-12-2012
Yuvraj,Bhatnagar,https://www.linkedin.com/in/yuvrajbhat,,GlobalLogic,AVP - Talent Acquisition Group - North America,19-03-2014
Deepak,Bhattacharya,https://www.linkedin.com/in/deepakbhattacharya,,PwC India,Director,13-06-2019
Debarshi,Bhattacharyya,https://www.linkedin.com/in/debarshi-bhattacharyya-59082631,,Tata Consultancy Services,Associate Consultant,06-12-2012
Nandkishor,Bhavsar,https://www.linkedin.com/in/nandkishor-bhavsar-3550519,,Cognizant,Lead Analyst,22-11-2016
Sandip,Bhavsar,https://www.linkedin.com/in/sandip-bhavsar-3a600b154,,Synechron,Technology Specialist,10-09-2021
Nilesh,Bhawsar,https://www.linkedin.com/in/nileshbhaw,,Citizens,Engineering leader,06-05-2013
Aniruddha,Bhide,https://www.linkedin.com/in/aniruddha-bhide-9a1b6919,,Tata Consultancy Services,Relationship Manager,28-10-2018
Shubham,Bhirud,https://www.linkedin.com/in/sbhirud95,,Bitwise India,Software Engineer,08-10-2018
Navin,Bhise,https://www.linkedin.com/in/navin-bhise-9242b73,,Tata Consultancy Services,"Head and Solution Architect, CoE Dynamics 365 Customer Engagement",17-04-2015
Sumit Ramesh,Bhiungade,https://www.linkedin.com/in/sumit-ramesh-bhiungade-7a7b7b15a,,Canadian Cancer Society,Senior Salesforce Developer,19-09-2018
Suraj,Bhongale,https://www.linkedin.com/in/suraj-bhongale-19662220,,Tata Consultancy Services,Engagement Manager,03-07-2013
Dhairyasheel,Bhosale,https://www.linkedin.com/in/dhairyasheel-bhosale-7323759,,Renewable Energy and Infrastructure Projects,Independent Consultant,24-11-2009
Karan,Bhosale,https://www.linkedin.com/in/karanbhosale,,Field Flow Sales,Head of Product,26-04-2023
Rohit,Bhosale,https://www.linkedin.com/in/rrbhosale,,Crane ChemPharma & Energy,Assistant Manager IT,24-01-2024
Yogesh,Bhosale,https://www.linkedin.com/in/yogeshsbhosale,yogeshbhosale141175@gmail.com,Emitec Technologies GmbH,Head of Quality Management -Emitec India,24-04-2013
Atul,"Bhosale, CPSMÂ®",https://www.linkedin.com/in/atul-bhosale-cpsm%C2%AE-29aa3b18,,Infosys BPM,Lead-Client Operations and Services,28-03-2012
Rohit,Bibe,https://www.linkedin.com/in/rohit-bibe-3458441b1,,Varroc,Senior Business Intelligence Developer,23-08-2021
Vinod,Bichkar,https://www.linkedin.com/in/vinod-bichkar-48677738,,Govt of India,office assistant,11-04-2012
Jordan,Birdsell,https://www.linkedin.com/in/jordan-birdsell,,phData,VP - Intelligent Enterprise Transformation,27-09-2018
David,Bluml,https://www.linkedin.com/in/david-bluml-94a36b5,,phData,"VP, Global Managed Services",18-08-2020
sumedha,bodas,https://www.linkedin.com/in/sumedha-bodas-ba1ab89a,,Datascan Information Systems,Sottware Developer,02-02-2023
Prashant,Bodhale,https://www.linkedin.com/in/prashant-bodhale-b6b6664,,Coaction Global,Business Analysis Manager,01-10-2009
Ryan,Bosshart,https://www.linkedin.com/in/ryanbosshart,,"phData, Inc.",CEO,14-10-2019
Amita,Brahme,https://www.linkedin.com/in/amita-brahme,,Amazon Lab126,Applied Scientist - Thermal Engineer,22-11-2016
Ravi,Buddaluru,https://www.linkedin.com/in/ravibuddaluru,,Albertsons Companies,Senior Engineering Manager,23-05-2025
Fitz,Bushnell,https://www.linkedin.com/in/fitz-bushnell-69017b2,,SuperValu,Senior Software Engineer,09-05-2018
Fitz,Bushnell,https://www.linkedin.com/in/fitz-bushnell-54a1b02,,United Natural Foods,Data Engineer,04-04-2018
Polson,C,https://www.linkedin.com/in/polson-c-3b57462b,,Nexapp Technologies Private Limited,Talent Acquisition Manager,07-05-2018
Matthew,Carlin,https://www.linkedin.com/in/matthew-carlin-9b694555,,phData,"Director, Solutions Engineering",05-12-2019
Solmar,Cataldi,https://www.linkedin.com/in/solmarcataldi76,,Proventeq,Senior Business Development & Sales Manager ,20-06-2022
Nc,Chakrabarti,https://www.linkedin.com/in/ncchakrabarti,,Reliance Industries Limited,"Vice President, Head Smart Manufacturing Technology",01-10-2009
Manashi,Chakraborty,https://www.linkedin.com/in/manashi-chakraborty-56ba3814,,phData,Senior Director People Operations India,11-02-2021
Bhagyashree,Chandak,https://www.linkedin.com/in/bhagyashreechandak,,Nokia,Sr Manager Talent Acquisition,03-01-2019
Chitra,Chandrakumar,https://www.linkedin.com/in/chitra-chandrakumar,,Databricks,Resident Solutions Architect,10-02-2021
Marilou,Chanrasmi,https://www.linkedin.com/in/mchanrasmi,,The Ahnung Way,Way Finder,07-04-2021
Umesh,Charki PMPÂ®,https://www.linkedin.com/in/umeshcharki,,JEVVRS Business Consulting,Senior Consultant,30-03-2012
Atanu,Chatterjee,https://www.linkedin.com/in/atanu-chatterjee-1367a89,,GSK,Sr. Principal Architect,25-03-2021
Shrikant,Chatur,https://www.linkedin.com/in/shrikant-chatur-3b89233,shrikantchatur@yahoo.co.in,Vanderlande,Sr VP - Development Centre Equipment ,12-01-2022
Anurag,Chaubey,https://www.linkedin.com/in/anurag-chaubey-961a9a7,,LTIMindtree,AVP - Retail and Consumer Goods,14-07-2013
Himali,Chaudhari,https://www.linkedin.com/in/himali-chaudhari-631b867b,,LTIMindtree,Associate Director - Health & LifeScience Business Unit,16-03-2017
Jagdish,Chaudhari,https://www.linkedin.com/in/jagdish-chaudhari-3374459,,Tata Consultancy Services,Head - Special Initiatives (Analytics & Insights),13-08-2020
narendra chaudhari,chaudhari,https://www.linkedin.com/in/narendra-chaudhari-chaudhari-31b4a61a,,TCS,Embedded software / harware design engineer,19-03-2014
Ulhas,Chaudhari,https://www.linkedin.com/in/ulhas-chaudhari-26b12224,,Infosys,Senior Industry Principal,18-04-2018
Ajay,Chauhan,https://www.linkedin.com/in/ajaych,,Proventeq MEA,MD/General Manager,22-06-2022
Jayesh,Chauhan,https://www.linkedin.com/in/jayesh-chauhan-a97573128,,GNR Solution Pvt Ltd,Senior Customer Relation Manager ,11-10-2022
Prajakta,Chavan,https://www.linkedin.com/in/prajakta-chavan-b3733a1a7,,HAWK (Gozoop Group),Online reputation management executive,10-03-2023
Samiksha,Chavan,https://www.linkedin.com/in/samiksha-chavan-a4480818,,Tata Consultancy Services,Engagement Manager,20-06-2013
Ella,Chen,https://www.linkedin.com/in/ella-c-857801ba,,"phData, Inc.",Senior Data Engineer,06-01-2020
Rahul,Chiplunkar,https://www.linkedin.com/in/rahul-chiplunkar,,"Welspun India Limited, Mumbai",AGM - Digital Strategy | Supply Chain,06-12-2021
Abhay,Chitnis,https://www.linkedin.com/in/abhaychitnis,,NiCE,"Director, Talent Acquisition, APAC",28-05-2018
Aniket,Chodankar,https://www.linkedin.com/in/aniket-chodankar-656a9137,,Radhakrishna Foodland Pvt Ltd,Digitization Manager,22-12-2022
Kaushiki,Choubey,https://www.linkedin.com/in/kaushikichoubey,,Lloyds Technology Centre India,Engineering Lead,13-09-2021
Abhijit,Choudhary,https://www.linkedin.com/in/abhijitchoudhary2,,FICO,Principal Software Engineer,04-09-2018
Rohit,Choudhary,https://www.linkedin.com/in/rohit-choudhary-50b972b1,,High Five Business Solutions,Project Manager,11-01-2018
Dr. ANURAG,"CHOURASIA, PhD",https://www.linkedin.com/in/chourasiaanurag,,Hindustan Petroleum Corporation Limited,General Manager Human Resources,04-03-2025
MISHU,CHUGH,https://www.linkedin.com/in/mishu-chugh-463b03bb,,UnitedHealth Group,Lead data engineer,10-07-2023
Michael,Cleveland,https://www.linkedin.com/in/mrcleveland,,phData,President & COO,28-03-2019
Dalton,Conley,https://www.linkedin.com/in/daltonconley,,"Vertical Insure, Inc.",Chief Architect,20-08-2020
Braincraft,Consulting,https://www.linkedin.com/in/braincraft-c-2b30484,,Self-employed,IT business advisor,24-08-2021
Mark,Conway,https://www.linkedin.com/in/marconway,,Scottfree Analytics LLC,Director of Artificial Intelligence,15-04-2015
Robert,Coop,https://www.linkedin.com/in/rcoop,,Quellant,Principal Consultant,19-12-2019
shriram sales,corporation,https://www.linkedin.com/in/shriram-sales-corporation-b521b973,,Shriram Sales Corporation,Partner,29-07-2019
Matt,Cox,https://www.linkedin.com/in/matt-cox-4a52b11,,phData,"Director, Managed Service",23-02-2021
Mason,Crane,https://www.linkedin.com/in/mason-crane-9530a080,,Domo,Sr. Solutions Engineer,04-09-2018
Joseph,Crutsinger,https://www.linkedin.com/in/joseph-crutsinger-5613a13a,,Zions Bancorporation,Sr. Solutions Architect,28-11-2019
Suman,D,https://www.linkedin.com/in/suman-d-95438a216,,Event Industry Awards,Advisor,28-02-2023
Chetan,Dabke,https://www.linkedin.com/in/chetan-dabke-9a560928,,Centaur Pharmaceuticals Pvt. Ltd.,Sr Manager - Marketing,24-01-2024
Nilesh,"Dafe, PMI-ACP, PMPÂ®, CSM, MCTS, MCP",https://www.linkedin.com/in/nileshdafe,,Expleo Group,Principal Solutions Architect,28-03-2012
Mukta,Dahiya,https://www.linkedin.com/in/mukta-dahiya,,Visa,"Sr, Technical Program Manager",12-01-2017
Aniruddha,Damle,https://www.linkedin.com/in/aniruddha-damle-71466616,,KONE,"Product Manager Service Transformation, Americas",25-06-2017
Prasanna,Damle,https://www.linkedin.com/in/prasanna-damle-950b65125,,Roche,Senior Data Engineer,10-06-2019
Sarika,Dandawate,https://www.linkedin.com/in/sarika-dandawate-7378484,,Infosys,Principal - Quality Programs,22-01-2023
Yogesh,Dandawate,https://www.linkedin.com/in/yogeshdandawate,,Yogesh Dandawate ,Virtual CTO AI Consultant,18-12-2012
Jayant,Dani,https://www.linkedin.com/in/jayantdani,,Tata Consultancy Services,Principal Consultant,04-08-2012
Jaydeep,Darekar,https://www.linkedin.com/in/jaydeep-darekar-b5a95814,,FABS International,Project Manager,28-02-2023
Rupam,Das,https://www.linkedin.com/in/rupam-das,,Citi,Data Engineering and Architecture Lead | Credit Risk,11-07-2013
Anirban,Dasgupta,https://www.linkedin.com/in/anirban-dasgupta-7ab3644,,Tata Consultancy Services,Engagement Manager,16-03-2017
Arani,Dasgupta,https://www.linkedin.com/in/arani-dasgupta-a5b4769,,Infosys,Principal Consultant,24-04-2013
Suman,Dasgupta,https://www.linkedin.com/in/sumandasgupta,,Cyient Europe,"Senior Director, Utilities",08-04-2012
Yogesh,Daspute,https://www.linkedin.com/in/yogesh-daspute-577b1815,,Krios Infosolutions Pvt.Ltd.,CFO & Director @ Krios Info Solutions Pvt. Ltd.,27-08-2021
Arun,Daswani,https://www.linkedin.com/in/arun-daswani,,Bajaj Technology Services,Chief Delivery Officer,02-11-2020
STLSOFT,Data Science Training Pune,https://www.linkedin.com/in/stlsoft-data-science-training-pune-a1634780,,www.stlsoft.in,Software Training and Development,19-10-2013
Anuj,Date,https://www.linkedin.com/in/anuj-date-31663653,,Design Fundaz,Director,17-12-2022
ABHIJIT,DATTA,https://www.linkedin.com/in/iamabhijit,,Infosys,Senior Sales Director,10-04-2012
Thomson,D'Cruz,https://www.linkedin.com/in/tfdcruz,,Tata Consultancy Services,Senior Consultant & Enterprise Architect - Data & AI,13-02-2019
Sankha,De,https://www.linkedin.com/in/sankha-de-07364816,,Snowflake,Resident Solutions Architect,18-03-2019
Tami,Decker,https://www.linkedin.com/in/tami-decker-81ab219,,"Supervalu, Inc",SR IT Architect,06-11-2012
Arun,Degaonkar,https://www.linkedin.com/in/arun-degaonkar-11488715,,"KBP College of Engg & Poly, Satara",Professor Mechanical Engg Deptt,08-10-2012
Zhamak,Dehghani,https://www.linkedin.com/in/zhamak-dehghani,zhamakd@gmail.com,Nextdata,CEO and Founder,14-10-2021
Alaethia,"Delke, CSM",https://www.linkedin.com/in/alaethia-delke,,Insight Global,Project Manager,16-09-2020
Dan,Denno,https://www.linkedin.com/in/dandenno,,Clario,VP of R&D Cardiac and Respiratory/Medical Devices/Data and AI,13-08-2021
Nilesh Rohini-Hari,Deo,https://www.linkedin.com/in/nileshharideo,,Tata Motors,"General Manager (CapEx, Infrastructure & Resource Planning) ",19-04-2012
Niraj,Deo,https://www.linkedin.com/in/nirajdeo,,Viridium.AI,Founder and CEO,15-03-2023
Sheetal,Deo,https://www.linkedin.com/in/sheetal-deo,,Altair Holidays Pvt. Ltd.,Business Development Manager - Sales & MICE ,01-04-2012
Siddhesh,Deo,https://www.linkedin.com/in/sdeo24,,Capgemini Invent,Consultant,08-07-2021
Vinit,Deo,https://www.linkedin.com/in/vinitdeo711,,INFINITY LABS IT SERVICES LTD,Software Engineer,11-12-2024
Amy,Deora,https://www.linkedin.com/in/amy-deora-a29883,,DataHub,"VP, Partnerships and Alliances",20-06-2022
Natalie ,DePenning,https://www.linkedin.com/in/natalie-depenning-43b6328,,phData,Senior Vice President of Delivery,28-09-2020
Aditya,Desai,https://www.linkedin.com/in/aditya-desai-7538539,,Tata Consultancy Services,Head of Talent Management,23-07-2013
Pradip,Desai,https://www.linkedin.com/in/pradip-desai,,ToneTag,Service Delivery Manager,18-10-2018
Ragini,Desai,https://www.linkedin.com/in/ragini-desai-26671b113,,"The Shri Ram Universal School, Pune",Human Resources Generalist,19-02-2022
Jayvant,Desale,https://www.linkedin.com/in/consultantjay,,Wellcome Sanger Institute,Principal Data Engineer (Data Architect)  ,19-11-2019
Shekhar,Deshkar,https://www.linkedin.com/in/shekhar-deshkar-92929b1,,Ascava Inc,Consultant,07-01-2020
Shriram,Deshkar,https://www.linkedin.com/in/shriram-deshkar-40310562,,Cognizant,Technology Architect,29-03-2018
MANOJ,DESHMANE,https://www.linkedin.com/in/manoj-deshmane-1a3a6a149,,Qualis Engineers,FOUNDER & CEO at QUALIS ENGINEERS ,18-04-2018
Anand,Deshmukh,https://www.linkedin.com/in/anand-deshmukh-9559252a,,UPTIQ,CTO,26-08-2020
Anup,Deshmukh,https://www.linkedin.com/in/anup-deshmukh-b66aaab,anup_767@yahoo.com,Parker Lord,Country Sales Director- Parker Hannifin India,28-03-2012
Manoj,Deshmukh,https://www.linkedin.com/in/manojdeshmukh,,iConnect Info Solutions ,Founder & CTO,28-03-2012
Rahul,Deshmukh,https://www.linkedin.com/in/rsdeshmukh,,ICONNECT INFO SOLUTIONS PRIVATE LIMITED,Director,05-12-2019
Santosh,Deshmukh,https://www.linkedin.com/in/santosh-deshmukh-11875270,,ISMT limited ,Manager (Operations) ,21-03-2018
Yuvraj,Deshmukh ,https://www.linkedin.com/in/yuvraj-deshmukh-79870720a,,Infosys,Software Quality Engineer,02-02-2023
Ganesh,"Deshmukh, P.E.",https://www.linkedin.com/in/deshganesh,,Bentley Systems,Enterprise Account Manager,21-03-2017
Abhijit,Deshpande,https://www.linkedin.com/in/abhijit-deshpande-8b01314,,Digitate,Global Head - Partners and Alliances Ecosystem at Digitate,20-10-2022
Ajit,Deshpande,https://www.linkedin.com/in/adeshpa1,,Rises Analytics Solutions,CEO,09-04-2012
Chintamani,Deshpande,https://www.linkedin.com/in/chintamani-deshpande-3a51a616,,HSBC,Project Manager,22-11-2016
Gajanan,Deshpande,https://www.linkedin.com/in/gajanan-deshpande1,,Ministry of Justice UK,Technical Lead,31-01-2013
Ishan,Deshpande,https://www.linkedin.com/in/ishandeshpande15,,NCS Group,Senior Data Engineer,24-08-2021
Kaunteya,Deshpande,https://www.linkedin.com/in/kdesh,,SYNERGY MARINE & OFFSHORE SAFETY SOLUTIONS LIMITED,Sr Coating Supervisor - Shipbuilding,18-04-2018
Nishad,Deshpande,https://www.linkedin.com/in/nishad-deshpande-1172791a2,,Philomath Infotech Pvt. Ltd.,Data Engineer,23-01-2024
Rutuja,Deshpande,https://www.linkedin.com/in/rutuja-deshpande-222376195,,ZS,Decision Analytics Associate Consultant,27-11-2021
Sakshi,Deshpande,https://www.linkedin.com/in/sakshi-deshpande-6222b5185,,TalentPundits,Business Development Executive,19-08-2022
Sameer,Deshpande,https://www.linkedin.com/in/samdesh,,SIEMENS TECHNOLOGY AND SERVICES PRIVATE LIMITED,Manager Product Development,18-12-2019
Hanumant,Dethe PMP Â®,https://www.linkedin.com/in/hanumant-dethe-pmp-%C2%AE-7218133b,,Dunamis Systems Engineering Pvt Ltd,Director,06-04-2012
Girish,Deuskar,https://www.linkedin.com/in/girish-deuskar,,Equifax,Senior Delivery Leader,18-03-2019
Anand,Devaraj,https://www.linkedin.com/in/adevaraj,,phData Inc.,President,25-04-2019
Anurag,Devare,https://www.linkedin.com/in/anurag-devare-ab9a89108,,Philomath Infotech Pvt. Ltd.,Lead Data Engineer,04-09-2022
Susan,"Devitt, PhD",https://www.linkedin.com/in/secamerondevitt,,Snowflake,Sr. AI Partnership Development Manager,12-11-2021
Ayan,Dey,https://www.linkedin.com/in/ayan-dey-986a2096,ayan.dey23@hotmail.com,Clinisupplies,Deputy Manager,17-12-2021
Saibal,Dey,https://www.linkedin.com/in/saibal-dey-409b208,,Mindteck,Group Head - Semiconductor,10-07-2023
Praveen,Dhadoti,https://www.linkedin.com/in/praveen-dhadoti,,Western Alliance Bank,Senior Technical Manager,28-07-2012
Prasanna,Dhakulkar,https://www.linkedin.com/in/prasanna-dhakulkar-3a929713,,Tata Consultancy Services,Regional Head - Sales,06-04-2012
Gauri,Dhandarphale,https://www.linkedin.com/in/gauridhongde,,Vagrms Design,Founding Partner & Director,06-12-2021
Hrishikesh,Dhande,https://www.linkedin.com/in/hrishikesh-dhande-25a3956,,Pune International Centre,Deputy Director,12-06-2018
Nitin,Dhane,https://www.linkedin.com/in/nitin-dhane-2b8bb510,,John Deere,Engineering Manager,30-11-2009
Pankaj,Dharia,https://www.linkedin.com/in/pankaj-dharia-2b8627b8,,Fractal,Analytics Consultant,10-11-2021
Harsh,Dhariwal,https://www.linkedin.com/in/harsh-dhariwal-bi,,Salesforce,Senior Business Intelligence Designer,11-04-2018
Rohit,Dharmadhikari,https://www.linkedin.com/in/rohitdharmadhikari,,Walmart Global Tech,Director,30-04-2014
Shyamli,Dhavale,https://www.linkedin.com/in/shyamli-dhavale-62342a112,,Emergys,Associate Consultant,30-11-2022
Pratik,Dhebri,https://www.linkedin.com/in/pratikdhebri,pmdhebri@gmail.com,AvalonBay Communities,"VP, Product Management & Head of Digital Products",30-03-2018
Nilesh,Dhoble,https://www.linkedin.com/in/nilesh-dhoble-865584b,,Intelliglobe,Founder and Director,01-09-2021
Kalyan,Dhokte,https://www.linkedin.com/in/kalyan-dhokte-a443498,,Cognizant,"Practice Head - SRE , Digital Engineering, Pune",20-04-2015
Vidyadhar,Dhumal,https://www.linkedin.com/in/vidyadhar-dhumal-5417476,,HCLTech,Sr. Solution Architect,31-08-2025
Luke,Diliberto,https://www.linkedin.com/in/lukediliberto,,Curai,Staff Machine Learning Engineer & Platform Engineer,20-07-2020
Kunal,Dingane,https://www.linkedin.com/in/kunald28,,Philomath Infotech Pvt. Ltd.,Data Engineer,21-07-2025
Vivek,Diwanji,https://www.linkedin.com/in/vivek-diwanji-59a2103,,Bits In Glass,Vice President of Manufacturing ,11-01-2010
Gaurav,Dixit,https://www.linkedin.com/in/gaurav-dixit-94697115,,Mastercard,Director of Software Engineering,17-04-2015
Tushar,Dixit,https://www.linkedin.com/in/tushardixit,,Drisha Labs,Co-Founder,02-02-2017
Mimoune,Djouallah,https://www.linkedin.com/in/mimounedjouallah,,Microsoft,Senior Program Manager,06-04-2022
Su,Dogra,https://www.linkedin.com/in/su-dogra-4b74b4146,,Snowflake,"Manager, Partner Solution Engineering, SI",02-12-2019
YATIN,DOSHI,https://www.linkedin.com/in/yatin-doshi-1930168,,Doshi Group of Companies,Owner Member-Family Managed Business,19-03-2015
Sharon,D'souza,https://www.linkedin.com/in/dsharon,,Volen Software Services Pvt. Ltd,Human Resources Recruiter,28-04-2014
Shweta,Dubey,https://www.linkedin.com/in/shweta-dubey-5b5a8b9,,CGI,Business Analyst,25-03-2021
Chad,Dvoracek,https://www.linkedin.com/in/chaddvoracek,,phData,Senior Solutions Architect,19-11-2019
Amit,Dwivedi,https://www.linkedin.com/in/amit-dwivedi-006063153,ak3007747@gmail.com,Deloitte,Consultant,18-08-2021
Prateek,Dwivedi,https://www.linkedin.com/in/prateekdwivedi,,Wells Fargo,Head of Technology Analytics India & Philippines,01-02-2013
Omkar,Ekbote,https://www.linkedin.com/in/omkarekbote,,Tata Consultancy Services,Data Analyst,22-11-2016
Dave,Ellering,https://www.linkedin.com/in/dave-ellering-profile,,phData,Solutions Architect,05-12-2019
Rohit,Emmadishetty,https://www.linkedin.com/in/rohitemmadishetty,,Oracle,Senior Member of Technical Staff,16-03-2017
Krista,Evans,https://www.linkedin.com/in/kristaxevans2088,,GitLab,Talent Brand Coordinator,05-07-2021
Amanda,Farris,https://www.linkedin.com/in/amandaelisabethfarris,,Best Buy,Technical Program Manager,17-01-2019
Victor,Ferreira,https://www.linkedin.com/in/victoraferreira,,Genesys,VP IT - Global Platforms & Services,16-01-2018
Anthony,Foerster,https://www.linkedin.com/in/anthony-foerster-2907a04a,,phData (hiring!),Principal Engineer,17-01-2019
Shane,Fogarty,https://www.linkedin.com/in/shanefogarty-8675309,,nVent,Vice President of Data & Analytics,13-10-2019
Adam,Fokken,https://www.linkedin.com/in/adam-fokken-83ba49,,phData,Principal Solutions Architect,23-10-2019
Troy,Fokken,https://www.linkedin.com/in/troy-fokken-592b5116,,phData,Chief Architect - Data Engineering,28-11-2019
Shelley,Ford-Wiseman,https://www.linkedin.com/in/shelley-ford-wiseman-48bba6133,,PwC,Senior Technology Transformation Delivery Manager,08-02-2023
Joshua,Freeman,https://www.linkedin.com/in/jfreem5,,JPMorgan Chase & Co.,Applied AI/ML Lead,19-01-2017
Sujit J.,Fulse,https://www.linkedin.com/in/sujit-j-fulse,,Deutsche Bank,Assistant Vice President,10-03-2021
Chetan,Gadgil,https://www.linkedin.com/in/cgadgil,,Tata Consultancy Services,Head of IT & Procurement North America,30-11-2009
Hemant,Gadgil,https://www.linkedin.com/in/hemant-gadgil-27483b11,,Tata Consultancy Services,Organisation Change Management (OCM) Consultant,25-12-2009
Kapil,Gadgil,https://www.linkedin.com/in/kapil-gadgil-62b735111,,"Progress Rail, A Caterpillar Company",Senior Project Engineer,22-11-2016
Arti,Gagare,https://www.linkedin.com/in/arti-gagare-3293a5116,,Krios Info Solutions Pvt.Ltd.,Junior Software Developer,27-08-2022
Manoj,Gajare,https://www.linkedin.com/in/manoj-gajare-7352854,,Parth Properties,Owner,03-03-2010
Omkar,Gajbare,https://www.linkedin.com/in/omkar-gajbare,,SAAMA Technologies (Unilever),Senior Principal Software Engineer,19-11-2019
Elayne,Gallo  PMP,https://www.linkedin.com/in/elayne-gallo-pmp-15bb6864,,Walmart Global Tech,Managing Director,21-05-2018
Raj,Ganapathiraju,https://www.linkedin.com/in/raj-ganapathiraju-44950615,,The Dotcom Team,Sr HealthCare Data Analyst,23-02-2021
Gaurav,Gandhi,https://www.linkedin.com/in/gauravgandhiaustria,,UIIN,UIIN Ambassador,11-06-2018
Palak,Gandhi,https://www.linkedin.com/in/palakgandhi99,,Target,Lead Engineer,29-01-2014
Ajay,Gangakhedkar,https://www.linkedin.com/in/ajaygangakhedkar,,The Digital Core,Digital Transformation Advisor,12-10-2012
Aniruddha,Ganguly,https://www.linkedin.com/in/aniruddha-ganguly-89115820,,Tata Consultancy Services,Data Solution Architect,21-01-2017
harshada,gangurde,https://www.linkedin.com/in/harshada-gangurde-4a0737147,,Bristlecone,Visualization Specialist - BI,15-12-2021
Kavalpreet,Ganti,https://www.linkedin.com/in/kavalpreetganti,,Visa,"Vice President, Product Engineering - Ecosystem & Operational Risk",06-11-2012
Samir,Ganu,https://www.linkedin.com/in/samir-ganu-3788237,,i-TEK RFID,Senior Vice President,22-07-2012
Anamika,Garg,https://www.linkedin.com/in/anamika-garg-mn,,UnitedHealth Group,Director Data Analytics,03-04-2017
Varun,Gautam,https://www.linkedin.com/in/varun-gautam-4b51932,,Persistent Systems,"Head-Talent Supply Chain (Talent Management, Talent Acquisition and Learning & Development)",19-02-2023
Jessy,George Smith,https://www.linkedin.com/in/jessy-george-smith-99abb420,,Accenture,"Managing Director, Data, Cloud First, ATCi",02-05-2012
HRITIK,GHADAGE,https://www.linkedin.com/in/hritik-ghadage-0087a5164,,Infosys,Digital Specialist Engineer,23-05-2025
Utkarsh,Ghadage,https://www.linkedin.com/in/utkarsh-ghadage-348ba71bb,,Cognizant,Associate,30-11-2022
Vijaya.,Ghegade,https://www.linkedin.com/in/vijaya-ghegade-13b3a613,,IMRB International,Analytic manager,26-11-2012
Mahesh,Ghivari,https://www.linkedin.com/in/mahesh-ghivari-964a303,,KPIT,Associate Vice President (Body Electronics),01-10-2009
Gurunath,Gholap,https://www.linkedin.com/in/gurunathgholap,,Siemens Digital Industries Software,Fellow Solution Architect,12-04-2012
Sourav,Ghosh,https://www.linkedin.com/in/sourav-ghosh-5a876219,,Tata Consultancy Services,Senior Consultant & Enterprise  Architect in the Consumer Business Group,07-10-2012
Rakesh,Ghumatkar,https://www.linkedin.com/in/rakeshghumatkar,,Perfect People Search,Founder and CEO,03-05-2018
Mahesh,Girase,https://www.linkedin.com/in/mngirase,,Capgemini,Senior Manager,22-11-2016
Vishwajit,Girdhari,https://www.linkedin.com/in/vishwajitg,,INTECH,Program Manager - Project Delivery,10-10-2007
Nick,Goble,https://www.linkedin.com/in/nickgoble,,phData,"Sr. Director, Solutions Engineering",02-09-2020
Manohar,Godase,https://www.linkedin.com/in/manohar-godase-3077a942,,Ä€tman â›… Consultants,Technical Lead,18-12-2021
Manish,Godbole,https://www.linkedin.com/in/manish-godbole-8a698a8,,Faiveley Transport,Production support Engineer,31-01-2013
saurabh,godbole,https://www.linkedin.com/in/saurabh-godbole-2996a054,,Sanjay Ghodawat Institute,Assistant Professor,23-07-2012
Vandana,"Gohain, SPHR, SHRM-SCP",https://www.linkedin.com/in/vandana-gohain-sphr-shrm-scp-09491916,,Eaton Mission System Division,Global HR Progam Leader,27-07-2018
Sudhir,Gokhale,https://www.linkedin.com/in/sudhirgokhale,,Tech Prescient,Head of Product,23-07-2012
Preethi,Gopisetty,https://www.linkedin.com/in/preethigopisetty,,Service King Collision,"Sr Manager, Data",29-05-2013
Todd,Grimes,https://www.linkedin.com/in/todd-grimes-57889890,,Albertsons Companies,Data Engineer,13-10-2023
Kristen,Grode,https://www.linkedin.com/in/kristengrode,,Bayer Built Woodworks,Consulting Agile Coach,13-08-2020
Rajgauthaman,GS,https://www.linkedin.com/in/rajgauthaman-gs,,phData,Director - PMO,04-05-2020
Bhim,Gudur,https://www.linkedin.com/in/bhim-gudur-5168816,,Synopsys India,Senior R&D Engineer,22-07-2013
Partha,Guha,https://www.linkedin.com/in/parthguhauk,,Tata Consultancy Services,Engagement Director,12-04-2012
Sagar,Gujar,https://www.linkedin.com/in/sagar-gujar-a9372a1a,,CITEC Engineering India Pvt. Ltd.,Senior Project Manager,25-11-2018
Sandesh,Gujrathi,https://www.linkedin.com/in/sandesh-gujrathi-2887a220,,TCS,Assistant Consultant,02-11-2012
Milind,Gulavani,https://www.linkedin.com/in/milind-gulavani-64bb72b,,Coupang,Senior Director,07-04-2021
Dr.pravin,Gund,https://www.linkedin.com/in/dr-pravin-gund-345a533a,,Rasayu Cancer Clinic - India,Medical Doctor,02-01-2026
Gaurav,Gupta,https://www.linkedin.com/in/guptagaurav2000,,Interac Corp.,Senior Data Platform Administrator ,13-02-2019
Himanshu,Gupta,https://www.linkedin.com/in/himanshu-gupta-755a9019,,Tata Consultancy Services,Project Manager,11-01-2017
Neeraj,Gupta,https://www.linkedin.com/in/neerajggupta,,IBM,"Principal Asset Management Sales Leader, IBM Sustainability Software, Asia Pacific",04-04-2012
Shubhangi,Gupta,https://www.linkedin.com/in/guptashubh12,,AXS,Senior Data Engineer,27-09-2018
Sudhanshu,Gupta,https://www.linkedin.com/in/sudhanshu1978,,Microsoft,Software Engineer II,28-03-2012
Vijay Kumar,Gupta,https://www.linkedin.com/in/vijay-kumar-gupta-57-52978b138,,Contour,Co-Founder & CTO,28-03-2019
Vivek,Gupta,https://www.linkedin.com/in/vivek-gupta-mn,,Blue Cross Blue Shield of Michigan,Director II - Analytics Enablement & Data Engineering,21-09-2018
Sanjay,Gurav,https://www.linkedin.com/in/sanjay-gurav-56586a7,,"Cooper & Associates, LLC.",President,27-05-2014
Nick,Gustafson,https://www.linkedin.com/in/nickjgustafson,,Fitness On Demand,Marketing Director,16-02-2021
Namana,H G,https://www.linkedin.com/in/namana-h-g-398605103,,Thomson Reuters,Senior Site Reliability Engineer,13-02-2019
Ajay,H N,https://www.linkedin.com/in/ajay-h-n-9144a425,,phData,Principal Solutions Architect,15-04-2021
Sandish Kumar,H N,https://www.linkedin.com/in/sandishkumar,,Hewlett Packard Enterprise,"Staff Software Engineer (ML, Distributed Systems)",22-04-2019
Michael T,Hanson,https://www.linkedin.com/in/michael-t-hanson,,PrivatelyHeld LLC,Data Science Consultant / Computational Statistician,17-01-2019
Rajen B.,Harani,https://www.linkedin.com/in/rajen-b-harani-6876855,,"UBS, Credit Suisse, Barclays, TCS, KPCA","Various roles in Banking, Finance, Management Consulting, Sales/Pre-Sales, and IT Deliveries",22-07-2012
Vasishta,Harekal,https://www.linkedin.com/in/vasishta-hd,,Amazon Web Services (AWS),Software Development Engineer 2,06-12-2018
Nicholas,Hauschild,https://www.linkedin.com/in/nicholas-hauschild-89822231,,phData,Principal Solutions Architect,19-07-2021
Harshal,Hayatnagarkar,https://www.linkedin.com/in/harshalhayatnagarkar,,Thoughtworks,Head Scientist at Engineering for Research (e4râ„¢),02-09-2009
Travis,Hegner,https://www.linkedin.com/in/travishegner,,Andesite,Senior Backend Software Engineer,28-11-2019
Ken,Hoffmann,https://www.linkedin.com/in/ken-hoffmann-005a929,,UNFI,Sr. Engineer,16-01-2018
Anikkumar,Hole,https://www.linkedin.com/in/anikkumar-hole-244314168,,Krios Info Solutions Pvt.Ltd.,Data and Analytics Head,27-08-2021
Sahil,Hoval,https://www.linkedin.com/in/sahil-hoval-768782253,,Philomath Infotech Pvt. Ltd.,Data Engineer,11-12-2024
Cindi,Howson,https://www.linkedin.com/in/biscorecard,,ThoughtSpot,Chief Data & AI Strategy Officer,12-03-2021
Sunil,Hulsurkar,https://www.linkedin.com/in/sunilhulsurkar,,KALPATARU PROJECTS INTERNATIONAL LIMITED,Dy General Manager (ESG-Sustainability),27-08-2022
Erik,Hyrkas,https://www.linkedin.com/in/erik-hyrkas-072994,,Thomson Reuters,AI/ML Principal Engineer,17-04-2021
Dhananjay (Jay),Inamdar,https://www.linkedin.com/in/jaythejavaarchitect,,Experian Consumer Services,Software Engineer Manager,26-11-2012
MANISH,INAMDAR,https://www.linkedin.com/in/manish-inamdar-3464281a,,"Sawkar Homoeopathic Medical College, Satara, Maharashtra, India",Reader,19-03-2014
Kishore,Ingale,https://www.linkedin.com/in/kishore-ingale-6a38a86,,Tata Consultancy Services,Branch IRC Head,07-03-2008
Maitreya,Ingale,https://www.linkedin.com/in/maitreya-ingale-72970925b,,EY,Data Scientist,17-01-2023
Charlie,"Isaksson, PhD",https://www.linkedin.com/in/charlieisaksson,,Oportun,Sr. Data Science Manager,19-03-2020
Shiloh,Jackson,https://www.linkedin.com/in/shiloh-jackson-8159842,,CDW,Security Solutions Executive,19-11-2019
Bhausaheb,Jadhav,https://www.linkedin.com/in/bhausaheb-jadhav-22535379,,Capgemini,Consultant,10-03-2023
Chetana,Jadhav,https://www.linkedin.com/in/chetanajadhav3010,,Hexaware Technologies,Information Delivery & Visualization Lead,17-12-2021
Dhairyasheel,Jadhav,https://www.linkedin.com/in/dhairyasheeljadhav,,Embedsys Consultancy Services,Design Consultant (Embedded Software),19-01-2017
Mrunali,Jadhav,https://www.linkedin.com/in/mrunali-jadhav-6884022a5,,Vosyn,Data Analyst,24-01-2024
Ramdas,Jadhav,https://www.linkedin.com/in/ramdas-jadhav-4911a781,,Tata Consultancy Services,IT Analyst,10-12-2021
Sachin,Jadhav,https://www.linkedin.com/in/sachinsss93,,Kyndryl India,Client Technology Advisor,02-10-2009
Sanket,Jadhav,https://www.linkedin.com/in/sanket-jadhav-7a42011a9,,Sandvik Coromant,HR - Compliance Associate ,16-11-2021
Sushant,Jadhav,https://www.linkedin.com/in/sushant-jadhav-7837b0195,,ChotuAI,Founder,03-04-2026
Mangesh,Jadhav CPIM,https://www.linkedin.com/in/mangesh-jadhav-cpim-0a1b856,,GSK Pharmaceuticals India,General Manager (Planning),28-03-2012
Yuvraj,Jagtap,https://www.linkedin.com/in/yuvrajsjagtap,,Bajaj Auto Ltd,Manager,22-11-2016
Anuj,Jain,https://www.linkedin.com/in/anoojjain,,PwC,Senior Director - Data & Analytics ,22-11-2016
Kshitiz,Jain,https://www.linkedin.com/in/kshitiz-jain-b3944115,,Tata Consultancy Services,Data Warehouse Specialist,31-08-2025
Megha,Jain,https://www.linkedin.com/in/megha-jain-015a2a22b,,Barclays UK,Vice President,22-02-2022
Megha,Jain,https://www.linkedin.com/in/megha-jain-154b90a,,Barclays,Assistant Vice President,01-09-2015
Naman,Jain,https://www.linkedin.com/in/datasolutionsarchitect,,Independent Consultant,Data & Cloud Solutions Architect,28-11-2019
Rahul,Jalali,https://www.linkedin.com/in/rahul-jalali-7796113,,Union Pacific Railroad,"Executive Vice President, Chief Information Officer",30-03-2018
Milind,Jalwadi,https://www.linkedin.com/in/milindjalwadi,,T-Systems ICT India Pvt. Ltd.,"Principal Solutions Architect (ORAN, SMO, AI-RAN)",28-03-2012
poorvi,jalwadi,https://www.linkedin.com/in/poorvi-jalwadi-31711123,,Siemens Digital Industries Software,Advanced Software Engineer,03-07-2013
Sanjay,Jambhale,https://www.linkedin.com/in/sanjayjambhale,,Agivant Technologies,Chief Digital Delivery Officer,21-10-2022
Amit,Jambhekar,https://www.linkedin.com/in/amitjambhekar,,Imperial College London,Programme Leader & Mentor | Professional Certificate in ML & AI,23-07-2008
Rohan,Jamdade,https://www.linkedin.com/in/rohan-jamdade-a15964231,,Philomath Infotech Pvt. Ltd.,Data Engineer,02-02-2023
Dilip,Janganure,https://www.linkedin.com/in/dilip-j-59844856,,ICE Mortgage Technology,Director Performance Engineering,18-08-2012
Yogesh,Jategaonkar,https://www.linkedin.com/in/yogesh-jategaonkar,,PNC,Senior Manager- Software Development (Enterprise Data Management Technology),05-05-2018
Eswari,Jayachandran,https://www.linkedin.com/in/eswari-jayachandran-287835,,"GeakMinds, Inc",President,21-09-2018
Himanshu,Jha,https://www.linkedin.com/in/himanshu-jha-14379618,,Walmart,Software Engineer,16-03-2017
Rahul,Jhamtani,https://www.linkedin.com/in/rahul-jhamtani-08aa0b139,,phData,Senior Data Engineer,06-06-2020
Abhijit,Jogdand,https://www.linkedin.com/in/abhijit-jogdand-296b536,,Shell,SAP,05-05-2013
Aditi,Jog-Kakatkar,https://www.linkedin.com/in/aditi-jog-kakatkar-5ba51963,,Worley,Senior Inside Sales Coordinator - Global Inside Sales Team,25-01-2013
Anand,Joglekar,https://www.linkedin.com/in/anand-joglekar-002a881,,Ameya Software,Owner,28-03-2012
Amandeep Singh,Johar,https://www.linkedin.com/in/amandeep-singh-johar,,Fractal,Senior AI Engineer (Big Data & AI),22-11-2021
Eda,Johnson,https://www.linkedin.com/in/eda-johnson-0a2783,,NVIDIA,Principal Technical Product Architect,11-06-2019
Mathai,Joseph,https://www.linkedin.com/in/mathaijoseph,,Tata Consultancy Services (TCS),Advisor,25-04-2018
Abhijeet,Joshi,https://www.linkedin.com/in/abhijeet-joshi-meddevice,,Abbott,Franchise R&D Head (TAVI) - Structural Heart Division,29-10-2009
Ajinkya,Joshi,https://www.linkedin.com/in/ajinkya-joshi-3455a763,,Mastercard,Lead Data Scientist,22-11-2016
Anil,Joshi,https://www.linkedin.com/in/anil-joshi-93871b7,,HCLTech,"Vice President and Europe & UK Head, Life Sciences and Healthcare",10-04-2012
Ankit,Joshi,https://www.linkedin.com/in/joshiankit87,,The University of British Columbia,"Manager, Data Delivery (UDaP)",29-11-2019
Arjun,Joshi,https://www.linkedin.com/in/arjun-joshi-27021324,,Retelzy,Partner,12-10-2022
Dr. Yateen,Joshi,https://www.linkedin.com/in/yateenjoshi,,Manashama | Mind Discipline for Professionals,Founder,28-03-2012
Hemant,Joshi,https://www.linkedin.com/in/hemantj,,Tata Consultancy Services,Head - Data Office and Head BFSI Delivery for Business Analytics,27-10-2012
Hrishikesh,Joshi,https://www.linkedin.com/in/hrishikesh-joshi-99ba8163,,Tata Communications,Senior Solutions Architect,22-11-2016
Kedar,Joshi,https://www.linkedin.com/in/kedar-joshi-nvidia,,NVIDIA,Senior Technical Program Manager,17-01-2023
Madhav,Joshi,https://www.linkedin.com/in/madhavjoshi2005,,GlobalLogic India,Associate Vice President,30-04-2018
Mayuri,Joshi,https://www.linkedin.com/in/mayuri-joshi-76b2409,,Coding With Kids,Instructor,25-05-2022
Narendra,Joshi,https://www.linkedin.com/in/narenjoshi,,Self-employed,Consultant,08-02-2022
Pooja,Joshi,https://www.linkedin.com/in/pooja-a-joshi,,Affirma,Accountant,30-04-2018
Pranav,Joshi,https://www.linkedin.com/in/pranavjoshi-krios,,Krios Info Solutions Pvt.Ltd.,Founder Director & CEO,17-08-2021
prasad,joshi,https://www.linkedin.com/in/prasad-joshi-865b5638,,Bharati Shipyard Ltd,Sr.Mgr.HR & Admin.,08-04-2012
Prasad,Joshi,https://www.linkedin.com/in/prasad-joshi-48345435,,Ushahkal Abhinav speciality Hospital,Senior Human Resources Consultant,28-03-2012
Prashant,Joshi,https://www.linkedin.com/in/prashant-joshi-6969271a,,Jacobs,PRINCIPAL DESIGN ENGINEER-HVAC,16-03-2017
Rahul,Joshi,https://www.linkedin.com/in/rahul-joshi-970ab721,,HSBC,Delivery Head,16-03-2017
Rushikesh,Joshi,https://www.linkedin.com/in/rushikesh-joshi-b31b76194,,JCB India Ltd.,Assistant Manager,08-07-2021
Sagar,Joshi,https://www.linkedin.com/in/sagar-joshi-4158b7168,,Self-employed,"Stand-Up Comic, Host & Improv Facilitator",27-08-2018
Sagar,Joshi,https://www.linkedin.com/in/tosagarjoshi,,CoreWeave,GRC Lead,23-07-2008
Surashree,Joshi,https://www.linkedin.com/in/surashree-kane-0410bb2b,,Arctera.io,Sr Principal Software Engineer ,27-08-2018
Swati,Joshi - Shevade,https://www.linkedin.com/in/swatijoshi,,Persistent Systems,Senior Technical Project Manager,22-02-2022
Ajay,"Joshi, PMP",https://www.linkedin.com/in/ajayjoshi,,Walmart,Sr. Manager,06-05-2013
Mahesh,"Joshi, PMP",https://www.linkedin.com/in/mahesh-joshi-pmp-0616a822,,Fisher & Paykel Appliances,Delivery Lead Connected Ecosystem,28-03-2012
Ramesh,Junnuri,https://www.linkedin.com/in/ramesh-junnuri-3898901,,Carrier India,Associate Director,28-03-2012
Manjunath,K,https://www.linkedin.com/in/manjunath-k-64758a21a,,Virtusa,Consultant Technology,16-11-2021
Aarti,Kadam,https://www.linkedin.com/in/aarti-kadam-8197731ab,,Accenture,BI Engineering Analyst ,21-11-2021
Mahadeo,Kadam,https://www.linkedin.com/in/mahadeo-kadam-898138a,,Walmart,Information Technology Staff,02-03-2021
Pratik,Kadam,https://www.linkedin.com/in/pratik-kadam-76b05a210,,Philomath Infotech Pvt. Ltd.,Data Engineer,17-04-2024
Sachin,Kadam,https://www.linkedin.com/in/sachin-kadam-csp,,The Rockefeller University,"Assistant Director, Laboratory Safety & Environmental Health",30-08-2012
sarang,kadam,https://www.linkedin.com/in/sarang-kadam-a10842140,,NVIDIA,Data Analyst,05-01-2018
Vishwajeet,Kadam,https://www.linkedin.com/in/vishwajeet550,,LTIMindtree,DevSecOps Engineer - AI Platforms,31-08-2025
Rahul,Kakade,https://www.linkedin.com/in/rahulkakade,,Dassault SystÃ¨mes,Senior Solutions Architect at Boeing ,28-03-2012
sarita,kakatkar,https://www.linkedin.com/in/sarita-kakatkar-64b0973a,,Poona hosp And MJM pune,Consutant OBGY,04-08-2012
Alok,"Kakatkar, PMPÂ®",https://www.linkedin.com/in/alok-kakatkar-pmp%C2%AE-5b725831,,Emerson Innovation Center,Technical Lead - Hardware,28-03-2012
Amol,Kale,https://www.linkedin.com/in/amol-kale-4b2141a,,Bajaj Auto Ltd,Asst.manager,01-08-2012
Madhura,Kale,https://www.linkedin.com/in/madhura-kale-97818b221,,Philomath Infotech Pvt. Ltd.,Co-Founder and Director Learning & Development at Philomath Infotech Pvt. Ltd.,10-03-2023
Pawan,Kale,https://www.linkedin.com/in/pawan-kale-1183233,,Cargill,Data & Analytics owner - Asset/Manufacturing at CASc,07-04-2012
Piyush,Kale,https://www.linkedin.com/in/piyush-kale-6ba88520a,,dockyard.co.in,Co-Founder,06-04-2025
Pranav,Kale,https://www.linkedin.com/in/pranavskale,,"Medline Industries, LP",Program Manager,28-03-2019
Prasad,Kale,https://www.linkedin.com/in/prasad-kale-941b2021,,Accenture,Senior Manager,17-04-2015
Shekhar,Kale,https://www.linkedin.com/in/skale1,,Albertsons Companies,Principal Engineer Architect,24-01-2024
Anand,Kamoji,https://www.linkedin.com/in/anand-kamoji-01b36012,,Grasim Industries Limited | Pulp & Fibre,Vice President ( Functional HR Head),30-07-2014
Ekta,Kamra,https://www.linkedin.com/in/ekta-kamra-390aba,,Radium Executive Search,Partner - Executive Search,08-06-2021
Rajasekar,Kandeepan,https://www.linkedin.com/in/rajasekarkandeepan,,ValueLabs,Senior Analyst - SD,13-08-2020
Amit,Kane,https://www.linkedin.com/in/amit-kane-2379b388,,Capgemini,Technical Manager,22-11-2016
Alka,Kanhere,https://www.linkedin.com/in/alka-kanhere-8a969b5a,,Tata Consultancy Services,Senior Agile Coach and Program Manager,13-04-2023
Raj,Kannan,https://www.linkedin.com/in/kdraj,,Tata Consultancy Services,Head - Retail Strategic Initiatives (N.America),31-01-2017
Harshal,Kansara,https://www.linkedin.com/in/harshal-kansara-992bba64,,Panini Technolabs,Founder & Chief Executive Officer,06-04-2025
Nirmal,Kant,https://www.linkedin.com/in/nirmal-kant,,Wipro Limited,"Director, Client Solutions Group, Wipro Digital and Cloud",02-09-2009
Mitesh,Kapadia,https://www.linkedin.com/in/miteshkapadia-datascienceanalyticsleader,,Loylty Rewardz Mngt Pvt Ltd,Vice President - Head of Data Science & Analytics,07-02-2023
Deepika,Kapoor,https://www.linkedin.com/in/deepikakapoor03,,Capgemini,Manager,11-02-2017
Sagar,Kapse,https://www.linkedin.com/in/sagar-kapse-71349818,,"Wachovia, A Wells Fargo Company",Senior Consultant,04-05-2014
Pramod,Karajagi,https://www.linkedin.com/in/pramod-karajagi-0b47092,,Tata Consultancy Services,Manager,22-11-2016
Suhasini,Karale,https://www.linkedin.com/in/suhasini-karale-46b937b2,,Kondana,Project Manager,16-11-2021
Dhananjay,Karandikar,https://www.linkedin.com/in/dhananjay-karandikar-6934393,,TCS,R&D Engineer,06-10-2009
Manasi,Karanjkar,https://www.linkedin.com/in/manasi-karanjkar-9052811a,,Pune Institute of Computer Technology,Student Counselor,15-02-2017
Sarvesh,Karanjkar,https://www.linkedin.com/in/sarvesh-karanjkar,,Stratkalytics Consulting and Advisory Services,Data Engineer and GCP Consultant ,22-08-2021
Dattatray,Karanvad,https://www.linkedin.com/in/dattatray-karanvad-0a8a6117,,Prometteur Solutions Pvt. Ltd.,Senior Manager - Talent Acquisition,22-11-2016
Eric,Karaszewski,https://www.linkedin.com/in/erickaraszewski,,phData,Regional Vice President of Sales,26-03-2021
Rajat,Karmakar,https://www.linkedin.com/in/rajat-karmakar-b2982a4,,Walmart Data Ventures,"Sr Manager II, Product Management",15-06-2015
Nilesh,Karmarkar,https://www.linkedin.com/in/nilesh-karmarkar,,Cognizant,Senior Program Director,03-08-2012
Amit,Karpe,https://www.linkedin.com/in/karpeamit,amitkarpe@gmail.com,StakeWith.Us,Blockchain DevOps,18-12-2012
Lokesh,Kasat,https://www.linkedin.com/in/lokesh-kasat-3a35ba14,,GNR Recycling (India) Pvt Ltd,Director & Co-Founder,15-12-2022
Krishna,Kashyap,https://www.linkedin.com/in/krishnakashyap,,Dhee AI,Founder,05-01-2018
Sudhir,Katke,https://www.linkedin.com/in/sudhir-katke,,IBM,Service Delivery Manager (Essential Management),10-05-2013
Sachin,Katte,https://www.linkedin.com/in/sachin-katte-a2821716,,T-Systems ICT India Pvt. Ltd.,Sr. SAP Consultant,08-04-2012
Trishala,Kaushik,https://www.linkedin.com/in/trishalakaushik-64,,Amazon,Software Development Engineer,22-04-2019
Vibha,Kawatra,https://www.linkedin.com/in/vibhakawatrabringingrevolutionincorporateeducation,,Nice Software Solutions Pvt. Ltd.,"Vice President, Education and Professional Services",01-02-2023
Sachitanand,kedar,https://www.linkedin.com/in/sachitanand-kedar-65b5a426,,Cognizant,Project Manager,02-12-2016
Neeru,Kedia,https://www.linkedin.com/in/neeru-kedia-48a13116,,Tata Consultancy Services,Delivery Partner for Avis Budget Group,18-10-2021
Rebecca,Keefe,https://www.linkedin.com/in/rebecca-keefe-24811b45,,iA,"Sr. Director, People Talent and Systems",01-06-2022
Pramod,Kejriwal,https://www.linkedin.com/in/pramodkejriwal,pramod.kejriwal@gmail.com,Smart Analytica,"Founder and CEO, Smart Analytica",11-01-2018
Devdutta,Kekatpure,https://www.linkedin.com/in/devdutta-kekatpure-05b15819,,Accenture,SAP AI and Innovations Lead,13-07-2018
Purva,Kekatpure,https://www.linkedin.com/in/purva-kekatpure-8898261a,,Konverge AI,Lead Engineer,22-11-2016
Dipali,Kendre,https://www.linkedin.com/in/dipali-kendre-28b47316b,,"phData, Inc.",Sr. DevOps Engineer,11-06-2019
Pravin,Kendre,https://www.linkedin.com/in/pravin-kendre-5b590815,,HARMAN International,Principal Software Engineer,18-01-2017
Sanika,Keskar,https://www.linkedin.com/in/sanika-keskar-304b2b169,,Wipro,Senior Automation Engineer,04-03-2025
Jitendra,Khadilkar,https://www.linkedin.com/in/jitendra-khadilkar-2709861a,,bartakke electrofab pvt ltd,factory incharge,28-03-2012
Hussain,Khamgaonwala,https://www.linkedin.com/in/hussain-khamgaonwala-2b320714,,Impetus,Software Engineering Manager,02-04-2012
Gaurav,Khandelwal,https://www.linkedin.com/in/gauravkhandelwal6,,Google,"Cloud Migration Consultant, Data",15-04-2015
Machchhagandha,Khandeshe,https://www.linkedin.com/in/machchhagandha-khandeshe-0b85a674,,Tata Consultancy Services,Senior Database Architect,23-05-2025
Sagar,Khatal,https://www.linkedin.com/in/sagar-khatal-10407657,,IGT Solutions,Senior Manager-TAG,30-10-2012
Shraddha,Khekale,https://www.linkedin.com/in/shraddha-khekale-072953174,,Deutsche Bank,Senior Big Data Developer,15-11-2022
Nilesh,Kherdikar,https://www.linkedin.com/in/nilesh-kherdikar-5999a99,,Cognizant,Senior Manager Consulting (Product Centric Advisory),28-03-2012
Rahul,Khinvasara,https://www.linkedin.com/in/khinvasararahul,,zCon Solutions Pvt Ltd,Founder and Director,17-07-2018
Ninad,Khirwadkar,https://www.linkedin.com/in/ninadk,,Albertsons Companies,"Sr Director, Supply Chain Intelligence",11-08-2023
Jayendra,Khole,https://www.linkedin.com/in/jayendra-khole-b606a290,,e-Zest â€“ An Accion Labs Company,Senior Technical Lead,02-01-2026
Deepali,Kholkar,https://www.linkedin.com/in/deepali-kholkar,,Freelance,Independent Researcher,28-05-2018
Dinanath,Kholkar,https://www.linkedin.com/in/dinanathkholkar,,Pune International Centre,Director,02-09-2009
Gauri,Kirloskar,https://www.linkedin.com/in/gauri-kirloskar-2154731a,,Kirloskar Oil Engines Limited,Managing Director,16-10-2022
Christian,Klaue,https://www.linkedin.com/in/christian-k-768a48159,,Delivery Hero,Senior Data Scientist,28-11-2018
Abhinav,Kodanda,https://www.linkedin.com/in/abhinavkodanda,,phData,Senior Data Engineer,06-06-2020
Umadevi,Kodari,https://www.linkedin.com/in/umadevi-kodari-20a300116,,Microsoft,software engineer 2,12-03-2020
Aniket,Kolee,https://www.linkedin.com/in/aniketkolee,,Tata Consultancy Services,"Director - Digital, Data, Analytics & AI",04-05-2020
Sourabha,Kolhapure,https://www.linkedin.com/in/sourabhakolhapure,,Mahindra Home Finance,Chief Technology Officer,27-08-2018
Praveen,Kommu,https://www.linkedin.com/in/praveenkommu,,Albertsons Companies,"Sr.Director eCom Demand Forecast, Promise and Pick-up Experience",14-04-2026
Sivakumar,Koodalingam,https://www.linkedin.com/in/sivakumar-koodalingam-4796a961,,"Walmart Stores Inc., (Client); Tata Consultancy Services (Employer)",Technical Lead,28-05-2018
Trupti,Kore,https://www.linkedin.com/in/trupti-kore-16a23534,,Apple,Engineering Manager,16-09-2021
Surendu,Korgaokar,https://www.linkedin.com/in/surendukorgaokar,,Freelance,Consultant,10-10-2007
Ajinkya,Kotewar,https://www.linkedin.com/in/ajinkya-kotewar-04882a161,,Kantar,Technical Specialist,01-09-2021
Prasad,Kothawade,https://www.linkedin.com/in/prasad-kothawade-8856a024b,,Volkswagen Group Technology Solutions India,Senior Software Engineer,17-02-2023
Bob,"Kraft, PhD",https://www.linkedin.com/in/bob-kraft-phd,,phData,Senior Machine Learning Engineer,10-02-2021
Makarand,Kramit,https://www.linkedin.com/in/makarand-kramit-948b9413,,Tata Consultancy Services,Delivery Lead,27-04-2012
Anand,Krishan,https://www.linkedin.com/in/anand-krishan-19703520,,Tata Consultancy Services,Manager @ Pacific Gas & Electric,19-04-2012
Indu,Krishnadas,https://www.linkedin.com/in/indu-krishnadas7923,,Infoblox,Human Resources Business Partner-II,02-07-2018
Vani,Krishnamurthy,https://www.linkedin.com/in/vani-krishnamurthy-70baa29b,,IDFL India,HR Manager,05-07-2021
Oonni,Krishnan,https://www.linkedin.com/in/oonni-krishnan-3b7ab45,,Walmart Global Tech India,Director of Software Engineering,27-06-2018
Sreejith,Krishnan,https://www.linkedin.com/in/sreejithkriishnan,,Sony India Software Centre,Director - Learning & Development,02-03-2023
Suhas,Kshirsagar,https://www.linkedin.com/in/suhas-kshirsagar-6022058,,Infosys,Principal Consultant,19-04-2013
Ajay,Kulkarni,https://www.linkedin.com/in/ajay-kulkarni-8805829,,AKU Consulting,Founder-Chief Project Officer,24-07-2012
Amarja,Kulkarni,https://www.linkedin.com/in/amarjakulkaarni,,Inteliment,HR Business Partner,02-05-2018
Amit,Kulkarni,https://www.linkedin.com/in/amit-kulkarni-58014b16,,DES Pune University,Governing Body Member,17-09-2024
Anand,Kulkarni,https://www.linkedin.com/in/amkulkarni,,Ä€tman â›… Consultants,Founder & CEO,19-08-2021
Devesh,Kulkarni,https://www.linkedin.com/in/deveshkulkarni,,Tata Consultancy Services,Head of Operations,21-07-2012
Madan,Kulkarni,https://www.linkedin.com/in/madankulkarni,,Standard Chartered Bank,Solution Manager - Network Banks,27-08-2012
Mahesh,Kulkarni,https://www.linkedin.com/in/mahesh-kulkarni-39aa2121,,Wipro,Senior Project Manager,28-03-2012
Makarand,Kulkarni,https://www.linkedin.com/in/makarandkulkarnee,,Digitate,"Consultant, Solution Architect and Researcher",28-03-2012
Mandar,Kulkarni,https://www.linkedin.com/in/mandar-kulkarni-7690aa5,,Tech Mahindra,"Vice President and Regional Head of Media Education, Information Services and Publishing Business",10-11-2025
Nagesh,Kulkarni,https://www.linkedin.com/in/nagesh-kulkarni-b796625,,Tata Consultancy Services Ltd,Scientist,04-03-2015
Nikhil,Kulkarni,https://www.linkedin.com/in/nikhil-kulkarni-81211a1b,,TIAA,Lead Scrum Master,16-03-2010
Pranav,Kulkarni,https://www.linkedin.com/in/pranav-kulkarni-76b971229,,Philomath Infotech Pvt. Ltd.,Lead Data Engineer ,21-01-2022
PUSHKAR,KULKARNI,https://www.linkedin.com/in/ptkulkarni,,Cognizant,Consulting Lead,26-04-2012
Renuka,Kulkarni,https://www.linkedin.com/in/kulkarni-renuka,,SAP Parts Pvt Ltd,Public Relations Assistant,02-03-2023
Rushikesh,Kulkarni,https://www.linkedin.com/in/rushi800,,Ä€tman â›… Consultants,Technical Lead,04-01-2022
Shirish,Kulkarni,https://www.linkedin.com/in/shirishkulkarni,,STROTA ConsulTech,Founder & MD,16-03-2017
Subodh,Kulkarni,https://www.linkedin.com/in/subodhkulkarni1972,,John Deere,Quality,10-05-2013
Vinayak,Kulkarni,https://www.linkedin.com/in/vinayakkulkarni,,BOND.AI,President,01-04-2022
Prachi,Kulkarni ,https://www.linkedin.com/in/prachi-k-3809b6213,,Tvaska technologies Pvt Ltd,Soft Skill Consultant,09-06-2025
Vikram,Kulkarni MAPM,https://www.linkedin.com/in/vikram-kulkarni-mapm-92986b9,,KPMG UK,Azure Programme Manager,02-09-2009
Abhay,"Kulkarni, MS, CCP,PMP",https://www.linkedin.com/in/abhay-kulkarni-ms-ccp-pmp-4a932a10,,Petroleum Development Oman,Sr Project Controls Cost Engineer,02-09-2009
Paresh,"Kulkarni, PMP",https://www.linkedin.com/in/pareshmkulkarni,,Infosys,ITQA Project Manager - Utility Web Applications and IVR/IVA (SOCALGAS),10-04-2023
Satyajeet,Kulkarni.,https://www.linkedin.com/in/satyajeet-kulkarni,,Alfa Laval,Project Order Manager,16-03-2010
Alok,Kumar,https://www.linkedin.com/in/alok-kumar-9708161b,,Commonwealth Bank,Senior Manager | Fraud and Scam Technology - India Lead | Cyber Security and Engineering,24-08-2018
Naveen,Kumar,https://www.linkedin.com/in/naveen-kumar-68a395b6,,Wipro,Senior Application Support Analyst,31-08-2025
Nitesh,kumar,https://www.linkedin.com/in/niteshkumar1996,,Healthark,Data Engineer Consultant Intern,19-10-2025
Pralabh,Kumar,https://www.linkedin.com/in/pralabh-kumar-73649b12,,Walmart Global Tech India,Director of Engineering,20-04-2018
Pramod,Kumar,https://www.linkedin.com/in/pramod-kumar-354b3919,,U.S. Bank,"Director, HR Data Stratgy & Governance, People Analytics",05-05-2018
Praveen,Kumar,https://www.linkedin.com/in/praveen-kumar-aa1280195,,The Guinness Partnership,Enterprise Solutions Architect,15-11-2021
Sandeep,Kumar,https://www.linkedin.com/in/singh4,,Haleon,Senior Data Engineer,18-03-2013
Sanjiv,Kumar,https://www.linkedin.com/in/sanjivkumar73,,Tata Consultancy Services,Program Director,05-04-2013
Shubham,kumar,https://www.linkedin.com/in/shubham-kumar-739973126,,Tavant,Technical Lead,06-12-2021
Sumit,Kumar,https://www.linkedin.com/in/sumitbsn,,Arctic Wolf,Senior Developer,11-06-2019
Vanketesh,Kumar,https://www.linkedin.com/in/vanketesh-kumar,,Zluri,Engineering Manager,11-06-2019
Shalini,Kumari,https://www.linkedin.com/in/shalinikumari17,,phData,Solutions Architect,12-12-2019
Prashant,Kumbhare,https://www.linkedin.com/in/prashant-kumbhare-1848636,,Stepan Company,SAP Supply Chain (Plan-to-Produce) & Business Transformation Expert,30-11-2012
Madhushree,Kumra,https://www.linkedin.com/in/madhushreekumra,,Accenture,Vice President Talent Acquisition,28-03-2012
Himadri,Kundu,https://www.linkedin.com/in/himadrikundu,,NVIDIA,Leader,29-08-2012
Sree Harsha,Kunigal,https://www.linkedin.com/in/sreeharshakc,,Cognizant Technology Solutions,Associate Director,24-02-2013
Shailaja,Kurpad,https://www.linkedin.com/in/shailaja-kurpad-61307317,,Various Business Schools,Visiting Faculty,28-03-2012
Ramachandra,Kutty,https://www.linkedin.com/in/ramachandra-kutty-7bba611,,Siemens Digital Industries Software,MOM Consultant,31-01-2017
Mariana,"LaDue, PhD",https://www.linkedin.com/in/marianaladue,,IBM,Customer/ Partner Engagement Leader,08-05-2018
Tushar,Lagu,https://www.linkedin.com/in/tushar-lagu-10b710115,,Maxxton (India) Technologies,Sr. Business Analyst,22-11-2016
Shripad,Lale,https://www.linkedin.com/in/shripadlale,,Neil Automation,"President, Automation and Sustainability",05-01-2010
Supriya,Latne,https://www.linkedin.com/in/supriyalatne,,Self-employed,Senior Human Resources Consultant,22-11-2016
Trish,Ledwon,https://www.linkedin.com/in/trish-l-b8b9331,,none,Retired,06-05-2018
Chris,Leppo,https://www.linkedin.com/in/chrisjleppo,,ANB Bank,Human Resources Coordinator,11-04-2023
Mingming,Li,https://www.linkedin.com/in/mingming-li-382b958,,Facebook,"Head of Data Science, Commerce Engineering",08-05-2018
Mandar,Limaye,https://www.linkedin.com/in/mandar-limaye-1b49801,,Tech Mahindra,Customer Delivery Manager,12-04-2012
Sudhir,Limaye,https://www.linkedin.com/in/sudhir-limaye-27b56a1,,Deutsche Bank,Vice President Production Operations,16-08-2012
Mahish,Lodha,https://www.linkedin.com/in/mahishlodha,,Walmart Global Tech,Director,30-03-2018
Pooja,Lodha,https://www.linkedin.com/in/pooja-lodha,,Nordstrom,Senior Technical Project Manager,11-01-2017
Sachin,Lodha,https://www.linkedin.com/in/sachin-lodha-8ba2991,,Tata Consultancy Services,Head of Research,23-07-2008
Michael,Loncarich,https://www.linkedin.com/in/michael-loncarich-4a18565,,"phData, Inc.",Solutions Architect,18-04-2021
Kiran,Lulla,https://www.linkedin.com/in/kiran-lulla,,UnitedHealth Group,"Manager, Data Analytics",23-02-2021
Nighil,M C,https://www.linkedin.com/in/nighil-m-c-38374620,,bp,APM Engineer/Facilitator - Mechanical Integrity,09-10-2013
Aileen,MacKenzie,https://www.linkedin.com/in/aileen-mackenzie-448b531a,,Retired,Retired,28-02-2010
Scott,MacKenzie,https://www.linkedin.com/in/scottmackenzie6621,,Walmart,"Director, Pricing and Business Insights",06-05-2013
Sheetal,Madkar,https://www.linkedin.com/in/sheetal-madkar-5139b28b,,Krios Info Solutions Pvt.Ltd.,Team Lead - IT Recruitment,08-09-2021
Suhas,Mahadik,https://www.linkedin.com/in/suhas-mahadik-9346b712,,Val-Matic Valve & Mfg. Corp.,President,06-12-2009
Gaurav,Mahakar,https://www.linkedin.com/in/gaurav-mahakar,,Fractal,Consultant,20-11-2021
Sumeet,Mahangade,https://www.linkedin.com/in/sumeet-mahangade-a9aa7793,,Mastercard,Lead Product Manager,25-09-2022
Pallav,Maheshwari,https://www.linkedin.com/in/pallav-maheshwari,,SpanIdea Systems,VP of Engineering & Center Head,09-04-2026
Shashvat,Maholkar,https://www.linkedin.com/in/shashvat-maholkar-44673840,,Tata Consultancy Services,Assistant Consultant,01-06-2018
Rajesh,Maisheri,https://www.linkedin.com/in/rajesh-maisheri-1aba621,,Tata Consultancy Services,Global Head IoT and Digital Engineering (Energy and Resources),13-04-2012
Braja,Majumder,https://www.linkedin.com/in/braja-majumder,,Johnson Controls,Director,11-04-2021
Sudip,Majumder,https://www.linkedin.com/in/sudip-majumder-555ba62,,Tata Consultancy Services,Solution Architect | Integration Architect,28-03-2012
Rithesh,Makkena,https://www.linkedin.com/in/ritheshmakkena,,Snowflake,Sr. RVP - Global  Partner Solutions Engineering & Applied Field Engineering - Data Engineering,26-08-2021
Vimal Arasu,Malayappan,https://www.linkedin.com/in/vimal-arasu-malayappan-574a6b4b,,Walmart Global Tech,Principal Software Engineer,13-08-2020
Deepak,Malshe,https://www.linkedin.com/in/deepak-malshe,,bp,Data Platform Architect - Enterprise Data,12-01-2017
Vikrant,Malve,https://www.linkedin.com/in/vikrant-malve-5635308,,Vivicta,"Head of Software Engineering, Development and Maintenance, India",27-08-2022
Hemant,Mandave,https://www.linkedin.com/in/hemant-mandave-95b73415,,"K.B.P. College of Engineering and Polytechnic, Satara",Asso. Professor in Mechanical Engineering and Training & Placement Officer,10-04-2012
om,mandhare,https://www.linkedin.com/in/om-mandhare-8a9a85204,,Philomath Trainings and Consultancy Pvt. Ltd.,Data Engineer,04-03-2025
Deepak,Mane,https://www.linkedin.com/in/deepak-mane-6834976,,Bunker Holding A/S,Senior Data Architect,04-04-2012
Dr. Pradeep,Mane,https://www.linkedin.com/in/dr-pradeep-mane,,AISSMS Institute Of Information Technology,Principal,05-05-2018
sarfaraj,maner,https://www.linkedin.com/in/sarfaraj-maner-452257b,,Mahindra and Mahindra Limited [Automotive and Farm Equipment Business],Head of Employee Relations,29-10-2009
Divya,Manglekar,https://www.linkedin.com/in/divya-manglekar-b38108230,,Philomath Trainings and Consultancy Pvt. Ltd.,Ui Ux designer |BI developer ,02-01-2026
Imran,Maniyar,https://www.linkedin.com/in/imran-maniyar-5b8b281b,,Frost & Sullivan,Consultant (Data Processing Manager),01-09-2021
Suchita,Mantri,https://www.linkedin.com/in/suchitamantri,,Tata Consultancy Services,"Global Head of Marketing, BFSI, TCS",29-10-2018
Milind,Marathe,https://www.linkedin.com/in/milind-marathe-37325a10,,Bank of America,Vice President,28-07-2012
Mohan,Mardikar,https://www.linkedin.com/in/mohan-mardikar-2546169,,Tata Consultancy Services,Global Delivery Head - Capital Markets & Financial Services Business Unit,29-01-2020
Riki,Maroli,https://www.linkedin.com/in/riki-maroli-9484529,,Agilus Work Solutions,Recruitment Consultant - Engineering and Technical ,07-01-2010
Jane,Martin,https://www.linkedin.com/in/jane-martin-9b1556a,,Blue Cross and Blue Shield of Minnesota,Application Project Delivery Lead,11-07-2013
Balbir Singh,Matharu,https://www.linkedin.com/in/balbir-singh-matharu-283b176,,"phData, Inc.","Chief Technology Officer, India",16-05-2018
Vivek,Matre,https://www.linkedin.com/in/vivek-matre-321231a0,,Marlabs,Senior Quality Assurance Engineer,04-01-2022
Dave,Matthews,https://www.linkedin.com/in/dave-matthews-9aa0508,,Barclaycard,Business/ Data Analyst,13-06-2013
Ruhina,Mayer,https://www.linkedin.com/in/ruhina-mayer-37744035,,Reputed Recruitment  and Search  Firm,RE,29-01-2013
LuAnn,Mazza,https://www.linkedin.com/in/luannm,,Supervalu,Senior Business Analyst,05-04-2018
Brian,McDevitt,https://www.linkedin.com/in/brian-m-1136a08,,phData,Director of Machine Learning Engineering,18-03-2020
Richa,Meherwal,https://www.linkedin.com/in/richameherwal,,Progressive Insurance,Lead Data Scientist,28-11-2019
Samantha,Mehlhaff,https://www.linkedin.com/in/samantha-mehlhaff,,phData,SVP of Partnerships,13-08-2020
Hiral,Mehta,https://www.linkedin.com/in/hiralvmehta,,Circana,Senior Director. AI & Machine Learning,08-08-2012
Deepak,Melwani ,https://www.linkedin.com/in/deepakmelwani,,Galaxy Weblinks Inc,Head of Talent Acquisition and Employer Branding ,09-05-2018
Prajakta,Mendhe,https://www.linkedin.com/in/prajakta-mendhe-1b164778,,Wex Technologies Pvt Ltd,Human Resources Executive,05-01-2022
Sumit,Menghi,https://www.linkedin.com/in/sumit-menghi-007549213,,TCG Digital,Senior Consultant,21-11-2021
Prashant,Mhatre,https://www.linkedin.com/in/prashantnmhatre,,Tiger Analytics,Arch - Data Engineering | Lead Business System Analyst,28-03-2012
Rehan,Mirza,https://www.linkedin.com/in/rehanmirza,,Google,Data and Analytics Sales Specialist at Google Cloud,26-10-2012
Prashant,Misal,https://www.linkedin.com/in/prashant-misal-6b753b17,,Tech Mahindra,Project Delivery Manager,12-01-2017
Ankesh,Mishra,https://www.linkedin.com/in/ankesh-mishra-6b3272b7,,Bluevine,Lead Data Engineer,17-03-2020
Anupam,Mishra,https://www.linkedin.com/in/anupam-mishra-4432a2104,,Philomath Trainings and Consultancy Pvt. Ltd.,Data Engineer,11-09-2021
Durgesh,Mishra,https://www.linkedin.com/in/durgesh-mishra-497651a,,Johnson Controls,Engineering Manager,08-06-2021
Arvind,"Mishra, PMP",https://www.linkedin.com/in/arvind-mishra-pmp-a046451,,Tata Consultancy Services,Connected Assets Practice Head,09-04-2012
Kishalay,Mitra,https://www.linkedin.com/in/kishalaymitra,,Indian Institute of Technology Hyderabad,"Affiliated Faculty, Department of Artificial Intelligence ",10-10-2007
Yogesh,Modak,https://www.linkedin.com/in/yogesh-modak-86661a7,,Self-employed,Self Employed,05-08-2012
Mitul,Modi,https://www.linkedin.com/in/mitulmodi15,,Amazon,Software Development Engineer - Alexa Skills Kit,06-04-2018
Abhijit,Moghe,https://www.linkedin.com/in/abhijit-moghe-1895b010,,Kantar IMRB,Abacus Market Analytics,29-10-2012
Abhijit,Moghe,https://www.linkedin.com/in/abhijit-moghe-1b83b019,,IMRB International,Group Manager,28-03-2012
Satish,Mohan,https://www.linkedin.com/in/satishmohan82,,Walmart Global Tech,"Head of Data & Agentic Enablement, Sam's Club",16-04-2015
Subhendu,Mohapatra,https://www.linkedin.com/in/subhendu-mohapatra,,Wesco,Senior Manager - Software Engineering ,03-03-2010
Prasad,Mokashi,https://www.linkedin.com/in/prasad-mokashi-a469548,,TCS,Project Manager,29-01-2019
Eric,Moltumyr,https://www.linkedin.com/in/eric-moltumyr-3013a327,,SUPERVALU,Chief Data Architect,03-11-2012
Prashant,Momaya,https://www.linkedin.com/in/prashantmomaya,,HashiCorp,Director,06-01-2010
Ashok,Moorthy,https://www.linkedin.com/in/ashokmoorthymagudeeswaran,,Tata Consultancy Services,BI Solution Architect -  UK,25-03-2021
Jeff,Mortimer,https://www.linkedin.com/in/jeffmortimer,,phData,"Principal Solutions Architect, Data Engineering",13-08-2020
Earnest Paul,Moses,https://www.linkedin.com/in/ernest-jeba,,Degreed,Senior Director of AI Engineering,23-09-2018
Dr. Rakesh,Mote,https://www.linkedin.com/in/dr-rakesh-mote-5238b1a,,"Indian Institute of Technology, Bombay",Professor,08-04-2012
James,Motter,https://www.linkedin.com/in/james-motter-46aa6930,,Walmart,"Senior Director, Data Governance & Data Engineering",30-03-2018
Apurva,Mukherjee,https://www.linkedin.com/in/apurvam1,,Shell,Senior Product Manager,08-12-2021
Rohini,Mulay,https://www.linkedin.com/in/rohini-mulay-25739711,rohini.mulay05@gmail.com,Rohini Mulay Consultancy,Professional Freelancer,01-09-2018
Shrikant,Mulay,https://www.linkedin.com/in/shrikant-mulay-7b00616b,,Shree Estates,Propriter,02-10-2018
Nitin,Mule,https://www.linkedin.com/in/nitin-mule,,phData,Principal Solutions Architect,08-09-2020
Yogesh,Muli,https://www.linkedin.com/in/yogesh-muli-3b73a5135,,iConnect Digital Solutions Ltd,Development Team Lead,28-05-2018
Abhijit,Mulye,https://www.linkedin.com/in/abhijitmulye,,ThePerfectVoice,Political Editor,24-11-2009
Sujit,Mungale,https://www.linkedin.com/in/sujit-mungale-1170b210,,SES,Consultant for CAE and Design,28-03-2012
Renuka,Munoli (She/Her),https://www.linkedin.com/in/renukamunoli,,Stellantis,Talent Acquisition Partner,20-09-2022
Priti,"Munshi, PMP",https://www.linkedin.com/in/priti-munshi-pmp-1697649,,IBM,Project Manager,01-01-2013
Sharmila,Nadgir,https://www.linkedin.com/in/sharmila-joshi-nadgir,,HARMAN International,Software Engineer,18-03-2020
Vasudha,"Nagaraj, CSPOÂ®, CBAPÂ®, PSPO Iâ„¢, GAIL",https://www.linkedin.com/in/vasudha-nagaraj,,Tata Consultancy Services,Business Analyst - Marks&Spencer,16-09-2018
Sowmya ,Nagarathinam,https://www.linkedin.com/in/sowmyan1,,ZF Group,Deputy Manager - Talent Acquisition,30-10-2012
Asif,Nagarkatti,https://www.linkedin.com/in/asif-nagarkatti-939a3ab,,Amazon,Head of AI and Analytics for Supply Chain Risk & Compliance,18-09-2012
Ashok,Naik,https://www.linkedin.com/in/ashok-naik-4057208,,Reliance Industries Limited,"Vice President - Safety and Operational Risk, E&P-Development",11-09-2015
Deepak,Naik,https://www.linkedin.com/in/deepaknaik,,Cognizant,Client Partner - Manufacturing,23-09-2018
Narendra,Naik,https://www.linkedin.com/in/narendra-naik-30252920,,Shell,Sr solutions architect ,03-12-2019
Somanath,Naik,https://www.linkedin.com/in/somanath-naik-37381347,,Mindteck,Senior Big Data Platform Engineer,18-03-2020
Harish,Nair,https://www.linkedin.com/in/harish-nair-1b7b103,,Independent Consultant,Chief Sales Officer (CSO),13-01-2026
Seema,Nair,https://www.linkedin.com/in/seema-nair-48723822,,TCS,Manager,12-01-2017
Sumesh,Nair,https://www.linkedin.com/in/nair-sumesh,,Accenture Strategy & Consulting,Technology Strategy Senior Manager,03-12-2012
Laxman,Nalawade,https://www.linkedin.com/in/pranjalienterprises,,Pranjali Properties,Partner,02-03-2023
Shani,Nambiar,https://www.linkedin.com/in/shani-nambiar-55578a8b,,Wells Fargo,Product Lead technology Business Consultant,29-07-2019
Monika,Narale,https://www.linkedin.com/in/monika-narale-780344167,,McCormick & Company,Business Intelligence Engineer,04-03-2022
Chakravarthy,Narasimha,https://www.linkedin.com/in/s-narasimha-chakravarthy,,ThoughtWorks,Data Engineer,11-06-2018
Ramachandran,Narasimhan,https://www.linkedin.com/in/ramachandran-narasimhan-5572504,,AVEVA,Business Consultant,30-06-2010
Krishna,Narayan,https://www.linkedin.com/in/krishnanarayan,,"phData, Inc.",Talent Acquisition Manager,10-02-2021
Shyam,Narkhede,https://www.linkedin.com/in/shyam-narkhede-638a727,,Tata Consultancy Services,Platform Architect,18-06-2012
Dwarkesh,Narvekar,https://www.linkedin.com/in/dwarkesh-narvekar-82505745,,AArete,Architect,10-06-2019
Chinmay,Natu,https://www.linkedin.com/in/chinmay-natu-a0056817b,,NiCE,Senior Data Analyst,19-08-2021
Vidyut,Navelkar,https://www.linkedin.com/in/vidyutnavelkar,,Tata Consultancy Services,"Head, Quantum Computing Incubation",05-04-2022
Akanksha,Nayyar,https://www.linkedin.com/in/akanksha-nayyar,,ACT Group,Senior BI Engineer,23-05-2025
Kashish,Nayyar,https://www.linkedin.com/in/kashish-nayyar,,Metyis,Lead Data Engineer,13-06-2019
Avinash,Nazre,https://www.linkedin.com/in/avinashnazre,,Freelance,Human Resources Recruitment Advisor,24-07-2012
rikita,nikam,https://www.linkedin.com/in/rikita-nikam-b808b121b,,nexcale,Data Mining Analyst,08-09-2021
Navneet,Nishant,https://www.linkedin.com/in/navneetns,,Intuit,Senior Software Engineer,17-06-2021
Mayuresh,Nitsure,https://www.linkedin.com/in/mayureshnitsure,,Unicore Aiminds Private Limited,Software Developer,21-01-2022
Brock,Noland,https://www.linkedin.com/in/brocknoland,,"Vertical Insure, Inc.",Co-Founder and CEO,27-08-2018
Mac,Noland,https://www.linkedin.com/in/mac-noland-8712932,,"phData, Inc.",Co-Founder and Chief Data Officer ,10-05-2018
Mandar,Oak,https://www.linkedin.com/in/mandar-oak-9b05b210,,Technology Insight Corporation,Senior Software Contractor,17-09-2025
Revati,Oak,https://www.linkedin.com/in/revati-oak-7264599,,Associated Colleges of the Midwest,Study Abroad Facilitator,29-05-2025
Ninad,Ogale,https://www.linkedin.com/in/ninad-ogale-86b7272,,Tata Consultancy Services,Director Sales | TCS Google Business Unit,02-09-2009
Tapan,Oka,https://www.linkedin.com/in/tapan-oka-030351b,,Siemens Healthineers,Senior Quality professional,02-09-2009
Jose,Ortuno,https://www.linkedin.com/in/jose-ortuno-3081781,,MayiLabs,Head of Engineering,25-03-2021
Russ,Otani,https://www.linkedin.com/in/russ-otani-a507b48,,UNFI,IT Manager - Data Services,04-09-2018
Team,OysterConnect,https://www.linkedin.com/in/team-oysterconnect,,OysterConnect,Operations Team,28-07-2012
Pooja,P,https://www.linkedin.com/in/pooja-p-7b388512a,,VOLANSYS (An ACL Digital Company),Lead  - TAG,05-12-2019
PYOLI,P,https://www.linkedin.com/in/pyoli-p-445b469,,SKILLS GURUKUL,MANAGING DIRECTOR,05-12-2012
Shafi,P,https://www.linkedin.com/in/shafi-p-7929a761,,SymphonyAI,Technical Lead,27-01-2022
komal,padase,https://www.linkedin.com/in/komal-padase-269b5516,,Centiro Solutions,Application Specialist/Integration Specialist,05-07-2021
Prasad,Padase,https://www.linkedin.com/in/prasadpadase,,Tata Elxsi,Lead Designer,19-10-2013
Preetam,Padhy,https://www.linkedin.com/in/preetam-padhy-1708019a,,Nottingham University Hospitals NHS Trust,Data Warehousing Specialist,22-11-2016
Mandar,Padhye,https://www.linkedin.com/in/mandar-padhye-7193827,,AutomationEdge,"Vice President, Engineering",28-03-2012
Niranjan,Padmanabhan,https://www.linkedin.com/in/niranjan-padmanabhan-1687a71,,ABB,Engineering and Commissioning Specialist,25-06-2018
Ashish,Pagaria,https://www.linkedin.com/in/ashish-pagaria,,Intellicus Technologies,"Senior Manager, Software Engineering",08-08-2012
Sanjay,Paithankar,https://www.linkedin.com/in/sanjaypaithankar,,Panzura,Principal Product Manager,24-07-2008
Rujuta,Palande,https://www.linkedin.com/in/rujutapalande,,Intuit,Software Engineer,17-01-2017
Ashish,Paliwal,https://www.linkedin.com/in/ashish-paliwal-123-,,"phData, Inc.",Solution Architect,17-04-2021
Girish K.,Palshikar,https://www.linkedin.com/in/girish-k-palshikar-59a6081b,,Pune Institute of Computer Technology,Professor of Practice,27-08-2018
Kanhiya,Panaskar,https://www.linkedin.com/in/kanhiya-panaskar-b255b5315,,Arvind Gavali College of Engineering,Senior Lecturer,02-01-2026
Divya,Panchal,https://www.linkedin.com/in/divyapanchal,,Cognizant,Engagement Management | Portfolio & Program Management | Pre-Sales,25-03-2021
Abhay,Panchwagh,https://www.linkedin.com/in/abhay-panchwagh-520388b,,Ishana Enterprises,Business Head,03-08-2012
Dr. Ashish,Pande,https://www.linkedin.com/in/dr-ashish-pande-65b91669,,AV poly sangamner,lecturer,19-01-2022
Nilesh,Pande,https://www.linkedin.com/in/nileshpande,,Caterpillar Inc.,Project Engineer -1 - ACM Assurance of Supply,22-04-2012
Nishant,Pandey,https://www.linkedin.com/in/nishant-pandey-71244a6,,Adobe,Principal Data Architect,20-02-2017
Prakash,Pandit,https://www.linkedin.com/in/prakash-p-70698814,,Piaggio Vehicles Pvt. Ltd.,"Sr V P Manufacturing Quality, Vespa , Engine and Commercial Vehicle",16-03-2017
Ajay,Panditrao,https://www.linkedin.com/in/ajay-panditrao-a291587,,Tata Consultancy Services,"Consulting Partner - Digital Integration, Consulting & Service Integration (C&SI)",25-04-2018
Parag,Pangarkar,https://www.linkedin.com/in/parag-pangarkar-81532045,,Synechron,Manager,20-06-2022
Shreemay,Panhalkar,https://www.linkedin.com/in/shreemay-panhalkar-a9180aa2,,Kipo AI,Web Scraping Specialist,28-03-2023
Nitin,Parab,https://www.linkedin.com/in/nitinparab,,Johnson Controls,Associate Director Business Strategy & Operations,14-03-2023
Narendra,Parande,https://www.linkedin.com/in/narendra-parande-5080a926,,Tata Consulting Engineers Limited,Assistant General Manager,28-03-2012
Somnath,Parande,https://www.linkedin.com/in/somnath-parande-7651a768,,Bitwise India,Data Warehouse Developer,16-03-2017
Bhawna,Parashar,https://www.linkedin.com/in/bhawna-parashar,,Wipro,Central Talent Acquisition Partner,19-10-2021
Nipun,Parasrampuria,https://www.linkedin.com/in/nipunparasrampuria,,Roblox,Senior Engineer,21-09-2018
Abhijit,Pargaonkar,https://www.linkedin.com/in/abhijit-pargaonkar,,NTT DATA,Senior Software Development Manager,28-01-2013
Rahul ,Pargaonkar,https://www.linkedin.com/in/rahul-pargaonkar-03022446,,Capgemini, Test Automation Lead,05-01-2018
Lalit,Parkale,https://www.linkedin.com/in/lalitparkale,,Commonwealth Bank,Senior Engineering Manager,03-03-2010
Amol,"Parwekar, PMP",https://www.linkedin.com/in/amol-parwekar,,BMC Software,Senior Project Manager,28-03-2012
Vikas,Patankar,https://www.linkedin.com/in/vikas-patankar-527b465,,Tata Consultancy Services,"Principal Consultant & Leader , Innovation & Sustainability - AI.Cloud - Microsoft",15-07-2012
Anwar,Patel,https://www.linkedin.com/in/anwar-patel-577236111,,InfoCepts,Assistant Manager - Data Engineering,28-03-2023
Brijesh,Patel,https://www.linkedin.com/in/brijbpatel,,Sourced Group an Amdocs Company / ANZ Bank,Senior AWS Devops Consultant,15-10-2009
Ragini,Patel (PhD),https://www.linkedin.com/in/dr-ragini-patel,,Australian Energy Market Operator (AEMO),Principal Engineer,26-06-2015
RUSHI,PATHAKJI,https://www.linkedin.com/in/rushi-pathakji-2r0a0p2,,"Armament Research and Development Establishment, DRDO",Project Intern,01-10-2021
Chetan,Patil,https://www.linkedin.com/in/chetanp1,,IBM,Senior Solution Engineer (Data & AI Engineer),16-04-2021
Chetan,Patil,https://www.linkedin.com/in/chetan-patil-16765714,,WEG,Deputy Manager,22-11-2016
Janhavi,Patil,https://www.linkedin.com/in/janhavinpatil,,Fractal,Imagineer (Data Scientist),26-04-2023
Mayur,Patil,https://www.linkedin.com/in/mayur-patil-4a4785222,,Krios Info Solutions Pvt.Ltd.,Junior Tester,04-01-2022
Nikhil,Patil,https://www.linkedin.com/in/nikhildpatil,,Salesforce,Director Software Engineering,25-09-2012
Nilesh,Patil,https://www.linkedin.com/in/nilesh-patil-13163b17,,Tata Consultancy Services,Solution Architect (Data),07-05-2012
Padma,Patil,https://www.linkedin.com/in/padmavatipatil,,Simmons Foods,Senior Director Business Engagement,19-01-2017
Sacheen,Patil,https://www.linkedin.com/in/sacheenpatil,,Global Engineering R&D and Digital Engineering Services Company,"Business Growth Leader, Practice Head & Principal Consultant",26-09-2007
Sadanand,Patil,https://www.linkedin.com/in/patilsadanand,,phData,Lead Data Engineer,19-11-2019
Smita,Patil,https://www.linkedin.com/in/smita-t-patil,,Capgemini,Senior Manager,05-04-2022
Sunil,Patil,https://www.linkedin.com/in/sunil-patil-4a87524b,,Emerson,Senior Data Engineer,10-09-2021
swati,patil,https://www.linkedin.com/in/swati-patil-59a4ba38,,Cuboid9,Chief architect,03-04-2012
Jason,Patnoude,https://www.linkedin.com/in/jason-patnoude-7703a22,,Blue Cross and Blue Shield of Minnesota,Principal Healthcare Analyst,03-07-2013
Nikhil,Patwardhan,https://www.linkedin.com/in/npatwardhan,,Tata Consultancy Services,Engineering Head,18-11-2009
Sohini,Paul,https://www.linkedin.com/in/sohini-paul,,SAP,Technology Consultant,27-08-2022
Kritartha,Paul Choudhury,https://www.linkedin.com/in/kritarthapc,,Nagarro,Senior Staff Engineer,19-07-2021
Dinesh,Pawar,https://www.linkedin.com/in/dinesh-pawar-2a28b1157,,Globant,Data Engineer,27-08-2021
Mangesh,Pawar,https://www.linkedin.com/in/pawarmangesh,,Tata Consultancy Services,Global Delivery Head- IOT & Digital Engineering for Utilities Sector,03-03-2010
Prathamesh,Pawar,https://www.linkedin.com/in/prathamesh-pawar-2785841a1,,Exaze,Software Engineer,09-09-2021
Niranjan,Pedanekar,https://www.linkedin.com/in/niranjanpedanekar,,Sony Research India,Director & Head of User Engagement Research,03-04-2012
Naveen,Peddamail,https://www.linkedin.com/in/naveenpeddamail,,Walmart Global Tech,"Director, Data Engineering",06-11-2025
Abhiram,Pendharkar,https://www.linkedin.com/in/abhiram-pendharkar-5479029,,healthcare,Owner,04-04-2012
Abhay,Pendse,https://www.linkedin.com/in/abhay-pendse-910a37,,Zenius Corporation,Director of AI & Data Analytics,21-08-2022
Omkar,Pendse,https://www.linkedin.com/in/omkar-pendse-627797183,,KSB India,Assistant Manager,01-04-2019
Srinivas,Pendyala,https://www.linkedin.com/in/spendyaala,,Amazon Web Services (AWS),"Senior Solutions Architect, WW Data & AI",17-04-2015
Sai Ratnam,Peri,https://www.linkedin.com/in/saiperi,,Target,Engineer,08-04-2019
Mahesh,Petkar,https://www.linkedin.com/in/mahesh-petkar-305a2a3,,Tata Consultancy Services,General Manager,19-01-2017
Atul,Pevekar,https://www.linkedin.com/in/atul-pevekar-3610b617,,Tata Consultancy Services,Delivery Manager,13-02-2014
Sameer,Phadke,https://www.linkedin.com/in/sameer-phadke-66727a19,,Moldtek Technologies Limited,General Manager - BD,10-09-2021
Vivek,Phadke,https://www.linkedin.com/in/vivekphadke,,Johnson Controls,Digital Product Engineering Leader,01-07-2022
Kedar,Phansalkar,https://www.linkedin.com/in/kedar-phansalkar-2242944,,TCS,Senior Consultant,05-04-2012
Daniel,Pierce,https://www.linkedin.com/in/daniel-pierce-2e5,,phData,Principal Software Engineer,17-08-2020
Nick,Pileggi,https://www.linkedin.com/in/nick-pileggi-ba600a15a,,phData,Principal Software Engineer,21-07-2021
Anil Kumar,Pillai,https://www.linkedin.com/in/anilkpillai,,Accenture,Management Consultant - Senior Manager,28-03-2012
Saket,Pimple,https://www.linkedin.com/in/saket-pimple-5508a1b,,ADEONA HOLIDAYS LLP ,Director ,22-11-2016
Manish,Pimpley,https://www.linkedin.com/in/manishpimpley,,Association of Designers of India,Member,10-04-2012
Satyam,Pisal,https://www.linkedin.com/in/satyamp707,,EY,Senior Consultant 2,19-09-2018
Swapnil,Pitale,https://www.linkedin.com/in/swapnilp,,WNS,Corporate Vice President & Global Leader - Partnerships & Alliances Ecosystem and Incubation CoEs,25-04-2018
Melody,Playford,https://www.linkedin.com/in/melodyplayford,,Playford Consulting,Managing Director,07-05-2018
Venugopal,Ponnusamy,https://www.linkedin.com/in/venugopalps,,BT Sourced,Data Engineering Senior Manager,21-03-2018
Santhoshi Neeraja,Poreddy,https://www.linkedin.com/in/santhoshi-neeraja-poreddy-987547191,,Aviso AI,Software Engineer,20-07-2020
Chinar,Potnis,https://www.linkedin.com/in/chinar-p-29a93322,,Walmart,Senior Data Scientist,11-04-2023
Priya,Prabhakar TP,https://www.linkedin.com/in/priya-prabhakar-tp,,Shell,Program Manager - Global Credit Solution ,07-02-2023
Sandesh,Prabhudesai,https://www.linkedin.com/in/sandesh-prabhudesai-789b5554,,Vive Financial,"Senior Manager, Data Engineering",06-06-2020
Kiran,Prabhune,https://www.linkedin.com/in/kiran-prabhune-12a307144,,"Janata Sahakari bank ltd ., satara",Clerk,08-08-2019
Santosh,Prabhune,https://www.linkedin.com/in/santosh-prabhune,,Australian Energy Market Operator (AEMO),Test Lead /Manager,31-10-2012
ANINDYA,PRADHAN,https://www.linkedin.com/in/anindyapradhan,,Tata Consultancy Services,Utility Value Discovery Advisor ,05-01-2010
Mahesh,Pradhan,https://www.linkedin.com/in/mahesh-pradhan-22023b9,,Scope Retail Systems Inc.,President and CEO,07-05-2018
Swayambar,Pradhan,https://www.linkedin.com/in/swayambar-pradhan-870aa191,,Accenture in India,Salesforce Account and Client Relationship Manager,21-01-2018
Dheeraj Kumar,Prasad,https://www.linkedin.com/in/dheerajkumarprasad,,Hitachi Digital Services,Senior Project Manager â€“ IoT (EAM) and Digital Solutions,28-03-2012
Sabari,Prasad,https://www.linkedin.com/in/sabariprasadv,,Walmart Global Tech,Director of Software Engineering,24-04-2015
Shreenandan,Prasad,https://www.linkedin.com/in/shreenandan-prasad-22556179,,phData,Lead Data Engineer,09-06-2025
Ashwin,Prashanth,https://www.linkedin.com/in/ashwin-p20,,KPMG India,Assistant Manager,13-08-2021
chiranjeevi,prathipati,https://www.linkedin.com/in/chiranjeevi-prathipati-bi,,Mastech Digital,Senior Data Engineer,11-06-2018
Ramprabhu,Premkumar,https://www.linkedin.com/in/ramprabhu-premkumar-93496927,,Verizon,Principal Engineer - Data Engineering,04-03-2015
Sterling,Price,https://www.linkedin.com/in/sterlingprice,,"ex-Walmart, ex-Sam's Club",Retired,19-09-2018
Patel,Priti A,https://www.linkedin.com/in/patel-priti-a-900765255,,Mindbowser Inc,Power BI Developer(MIS Executive),16-01-2023
Nitin,Pujari,https://www.linkedin.com/in/nitin-pujari-3951575a,,Bank of America,Senior Software Engineer,17-08-2021
Ashish,Puranik,https://www.linkedin.com/in/ashish-puranik-2b23ab99,,Siemens PLM Software,Product Expert | Product Owner,22-11-2016
Amood,Purrandare,https://www.linkedin.com/in/amood-purrandare-133a781b,,Tata Consultancy Services,Delivery Manager,05-05-2013
Thiruchitrambalam,R,https://www.linkedin.com/in/thiruchitrambalam-r-2543a222,,Tata Consultancy Services,Practice Lead,09-08-2012
Hetal,Rach,https://www.linkedin.com/in/hetalrach,,Freelance,Consultant,09-04-2012
Varun,Radhakrishnan,https://www.linkedin.com/in/varun-radhakrishnan-65a0a72b,,Genesys,Director of IT,05-07-2021
Sourabh,Raghuwanshi,https://www.linkedin.com/in/sourabh-raghuwanshi,,CVS Health,"Senior Manager, Data and Digital Technology(EDML)",06-04-2018
Omkar,Rahane,https://www.linkedin.com/in/omkar-rahane-05958267,,Google,Senior Cloud AI Engineer ,13-08-2021
Ajit,Rai,https://www.linkedin.com/in/ajit-rai-a4b98a71,,ICICI Bank,Branch Sales Manager,22-10-2021
Rajagopalan,Rajendran,https://www.linkedin.com/in/rajagopalan-rajendran-8a194b36,,Tata Consultancy Services,Head - Learning Platforms,29-04-2013
Rakesh,Rajendran,https://www.linkedin.com/in/rakeshrajendrn,,nudgebee,Founder & CEO,25-04-2023
Soham,Rajopadhye,https://www.linkedin.com/in/sohamrajopadhye10731a217,,ProcDNA,Senior Analyst,13-07-2022
Abhijit,Rajput,https://www.linkedin.com/in/abhijit-rajput-27925028,,Nayara Energy,General Manager,14-05-2013
Prakash,Raju,https://www.linkedin.com/in/prakash-raju-n,,phData,Information Technology Technical Manager,26-04-2023
Abhinav,Rajurkar,https://www.linkedin.com/in/abhinav-rajurkar-18584513,,Infosys,Principal Consultant,05-09-2013
Deepak,Rajwade,https://www.linkedin.com/in/deepak-rajwade-8b413519,,Faurecia,Manager,22-11-2016
Shirish,Rajwade,https://www.linkedin.com/in/shirish-rajwade-38b167a,,Tata Consultancy Services,Enterprise Risk Officer,16-06-2012
Bharathram,Ramakrishnan,https://www.linkedin.com/in/bharathram-ramakrishnan,,Staffington Consulting,Co-Founder,18-08-2022
Raja,Ramanujam,https://www.linkedin.com/in/raja-ramanujam-1497a169,,ezyhire,Sales Manager,29-01-2019
Ramasubramanian,Ramasamy,https://www.linkedin.com/in/ramramasamy,,Infosys,"Customer Success Leader, Retail, CPG & Logistics",30-03-2018
Satya,Ramaswamy,https://www.linkedin.com/in/satyaramaswamy,,Air India Limited,Chief Digital and Technology Officer,30-03-2018
Dr. Preeti Prasad,Ramdasi,https://www.linkedin.com/in/dr-preeti-prasad-ramdasi-34b016b1,,Tata Consultancy Services,AI ML initiatives DnA General Electric,17-12-2021
Prasad,Ramdasi,https://www.linkedin.com/in/prasad-ramdasi-7a22133,,ATS Global,General Manager,28-03-2012
Sandesh,Ramnathkar,https://www.linkedin.com/in/sandeshramnathkar,,Scope Retail Systems Inc.,Co-Founder and CTO,18-07-2024
Uday,Ramteerthkar,https://www.linkedin.com/in/uday-ramteerthkar-82840797,,Centre for Industry 4.0 (C4i4) Lab,Software Engineering Advisor,18-01-2022
Ramakrishna Reddy,Ranabothu,https://www.linkedin.com/in/ramakrishna-reddy-ranabothu-884a4b17,,Walmart,Senior Manager(data) - Anti-Money Laundering (AML),02-01-2014
Prajakti,Ranadive,https://www.linkedin.com/in/prajakti-ranadive,,Indian Institute of Management Ahmedabad,Research Associate,18-04-2015
Sumedh,Ranadive,https://www.linkedin.com/in/sumedhranadive,,Colgate-Palmolive,"Director, APAC Digital Applications",29-10-2012
Pawan,Ranga,https://www.linkedin.com/in/pawan-ranga-55232a29,,Micron Technology,Senior Data Science Engineer,02-08-2012
B Venktesh,Rao,https://www.linkedin.com/in/b-venktesh-rao-8511a3201,,Allianz Technology,Senior Software Engineer,25-03-2021
Venkoba,Rao,https://www.linkedin.com/in/venkoba-rao-34987914,,TAKRAF Group,Head (Process R&D),28-03-2012
Vikas,Raskar,https://www.linkedin.com/in/vikas-raskar-0a088621,,Inventec Australia Pty Ltd.,"Director, Technology and Solutions",28-03-2012
Vikas,Raskar,https://www.linkedin.com/in/vikas-raskar-ba848630,,Inventec Systems Private Limited,Director & Co-Founder at Inventec Systems Private Ltd.,28-03-2012
Michael,Rasmussen,https://www.linkedin.com/in/michaeljamesrasmussen,,phData,Principal Solution Architect,28-07-2012
Radha,Rathod,https://www.linkedin.com/in/radha-rathod-21155996,,Sigma Energy & Marine,Electrical Engineer,04-02-2020
Neha,Rathore,https://www.linkedin.com/in/neha-rathore-89804911b,,Walmart Global Tech India,Senior Software Engineer,23-02-2021
Sacheen,Ratnaparkhi,https://www.linkedin.com/in/sacheen-ratnaparkhi-7586336,,Tata Consultancy Services,"Vice President & Region Head, Pune",03-06-2018
Parth,Ravani,https://www.linkedin.com/in/parthravani,,India Trailblazing Analytics Tableau User Group,TUG Leader,26-12-2021
Susmito,Ray,https://www.linkedin.com/in/susmitoray,,Tata Consultancy Services,"Project Leader, Solution Lead Consultant",28-03-2012
sharath,reddy,https://www.linkedin.com/in/sharath-reddy-94613464,,Acceldata,Field Architect,19-11-2019
Shashi,Reddy,https://www.linkedin.com/in/shashireddyjob,,Seagate Technology,Senior Data Engineer,13-06-2019
Viswanathan,Renganathan,https://www.linkedin.com/in/viswanathan-renganathan-a7301219,,Humana,Senior Cognitive / Machine Learning Professional,22-01-2018
Frank,Rischner,https://www.linkedin.com/in/frank-rischner-6372a66a,,phData,Director of Data Engineering and Tech Adoption,04-12-2018
Dominick,Rocco,https://www.linkedin.com/in/dominickrocco,,phData,"Vice President & Managing Director, AI & ML",06-01-2020
Ashim,Roy,https://www.linkedin.com/in/ashim-roy-thedataage,,Tata Consultancy Services,Global Product Head,27-11-2009
Sourav,Roy,https://www.linkedin.com/in/sourav-roy-b0a55a42,,Visa,Staff Software Engineer (Data + Backend),24-04-2013
Brad,Rubin,https://www.linkedin.com/in/brad-rubin-98097b4a,,University of St. Thomas,Professor Emeritus,07-12-2018
Mitch,Rudolph,https://www.linkedin.com/in/mitch-rudolph-3862bb58,,Lovelytics,Director of Industry Marketing,17-08-2021
Chithra,S,https://www.linkedin.com/in/chithra-s-98726517a,,NovoTree Minds Consulting Private Limited,Human Resources Team Lead,19-04-2020
Raghavendra,S,https://www.linkedin.com/in/raghavendra-s-042b846,,Rakuten,Senior Staff Data Engineeer,26-03-2021
Tejas,Sabale,https://www.linkedin.com/in/tejas-sabale-17a276259,,Philomath Infotech Pvt. Ltd.,Senior Data Engineer,17-08-2023
Manish,Sachdeva,https://www.linkedin.com/in/manish-sachdeva-79b07aa4,,Tata Consultancy Services,IT Analyst,09-04-2018
Anish,Saha,https://www.linkedin.com/in/h3isenberg,,Johnson Controls,Business Analyst II/Product Owner,10-03-2021
Pallav,Saha,https://www.linkedin.com/in/pallav-saha-37114736,,Accenture,Principal Architect - Data & AI,05-05-2013
Sudipta,Saha,https://www.linkedin.com/in/sudiptasaha12,,Tata Consultancy Services Limited (TCS) ,Business Intelligence Solutions Architect,17-04-2015
Rajesh,Sahasrabudhe,https://www.linkedin.com/in/rajesh-sahasrabudhe-6054323,,HCLTech,"Digital Transformation Leader for Manufacturing, Engineering and R&D Services",02-10-2009
Sanjay,Sahasrabudhe,https://www.linkedin.com/in/sanjay-sahasrabudhe-6265b78,,TATA Consultancy Servcies,Consultant,19-03-2017
sanjeet,sahasrabudhe,https://www.linkedin.com/in/sanjeet-sahasrabudhe-92bb921b9,,"IUCAA, Pune, India",Research Project,26-12-2021
Garima,Sahney,https://www.linkedin.com/in/garima-sahney-925b258,,Amazon,Sr. Product Manager Technical,17-04-2018
Manasi,Sahoo,https://www.linkedin.com/in/manasi-sahoo,,Tata Consultancy Services,Solutions Architect at ASDA,10-07-2023
Priyanka,Sahoo,https://www.linkedin.com/in/priyanka-sahoo-6b8134159,,Tata Consultancy Services,Product Specialist | Scrum Master | DevOps Lead,23-05-2025
Ballu,Saideep,https://www.linkedin.com/in/ballu-saideep,,Infinite Computer Solutions,Senior Data Scientist,10-09-2021
Dr. Nitin,Saini,https://www.linkedin.com/in/nitinsainitcs,,Tata Consultancy Services,Lead - Strategy & Special Initiatives,22-11-2016
Chinar,Sakrikar,https://www.linkedin.com/in/chinar-sakrikar-143703178,,Emergys,Development Team Lead,24-08-2021
tushar,salunke,https://www.linkedin.com/in/tushar-salunke-36a0241a,,Infosys,Lead Consultant,22-11-2016
Ajitkumar,Salunkhe,https://www.linkedin.com/in/ajitkumar-salunkhe,,Microsoft,Account Director,27-05-2012
Jeevan,Salunkhe,https://www.linkedin.com/in/jeevan-salunkhe-574a1732,,THE HINDUSTHAN CO-OP BANK LTD MUMBAI,Manager,09-06-2025
Nilesh,Samudra,https://www.linkedin.com/in/nileshsamudra,,Siemens Energy,Project Procurement Manager ANZ,28-03-2012
Nitin,Sane,https://www.linkedin.com/in/nitin-sane-6054b85,,Synechron,Associate Principal,27-09-2021
Sohil,Sanghadia,https://www.linkedin.com/in/sosang,,Origin Energy,Senior Business Intelligence Consultant,19-03-2014
Suresh,Sankar,https://www.linkedin.com/in/suresh-sankar-62a9069,,Apple,BI Delivery Manager,29-04-2013
Cindy,Santander,https://www.linkedin.com/in/cindysantander,,TechCXO,Recruiter,19-07-2021
Dhananjay,Sapre,https://www.linkedin.com/in/dhananjay-sapre-ba258b24,,Persistent Systems Ltd.,Key Account Manager,04-07-2013
Nikhil Digambar,Sapre,https://www.linkedin.com/in/nikhil-digambar-sapre-b6240042,nikhilsapre@yahoo.co.in,Dassault SystÃ¨mes,Senior Manager,04-07-2013
Rachana V ,Sarang,https://www.linkedin.com/in/rachanavsarang,,Innomatics Research Labs,Data Science Intern,10-02-2021
Gautam,Sardar,https://www.linkedin.com/in/gautamsardar,,Wipro,"Executive Principal and Leader, Supply Chain Consulting, Americas",05-10-2009
Santanu,Sarkar,https://www.linkedin.com/in/santanusarkar0342,,Uber,Sr Technical Sourcer,13-02-2019
Rohit,Sarwate,https://www.linkedin.com/in/rohit-sarwate-a11a377,,Cognizant,Client Relationship Manager Banking and Financial Services,28-03-2012
Claire,Sasse,https://www.linkedin.com/in/clairesasse,,Wistia,"Digital Product Manager, Website",18-03-2019
Aditi,Sathe,https://www.linkedin.com/in/aditi-sathe-96b939146,,Strategic Forays Consultancy Services Pvt. Ltd.,Co-Founder,19-03-2020
Ameya,Sathe,https://www.linkedin.com/in/ameya-sathe-7b1151190,,Saatvik Solar,Management Trainee Sales and Marketing,19-01-2022
Archan,Sathe,https://www.linkedin.com/in/archan-sathe-a252675,,Onward Technologies Limited,"Vice President - Transportation & Mobility Vertical, Entrepreneur - AUTOSAR & Embedded Trainings",15-08-2013
Kaushik,Sawant,https://www.linkedin.com/in/kaushik-sawant-a710a1179,,TVS Credit Services Ltd.,Assistant Manager,11-04-2022
Nikhil,Sawant,https://www.linkedin.com/in/nikhilsawant261985,,Capgemini,Presales Solutions Architect - Insights & Data ,07-07-2013
Donald,Sawyer,https://www.linkedin.com/in/donaldsawyer,,Cascaid Health,Head of Data/ML Platform,21-09-2018
Pankhuri,Saxena,https://www.linkedin.com/in/pankhuri-saxena-465488185,,UKG,Senior Integration Consultant,01-04-2022
Sarah,Schoolcraft,https://www.linkedin.com/in/sarahschoolcraft,,Fortra,People Experience Compliance Manager,03-10-2018
Tracey,Schroeder,https://www.linkedin.com/in/traceywschroeder,,"phData, Inc.",Senior Talent Acquisition Partner - AI and Data,05-07-2021
Peter,Schwartzbauer,https://www.linkedin.com/in/peter-schwartzbauer-3173622,,Quest Defense,"VP of Technical Solutions, QDSS (formerly EXB Solutions)",27-03-2018
Niveditha,Sekar,https://www.linkedin.com/in/niveditha-sekar-318aa2189,,phData,Staff Software Engineer,19-11-2019
Saugata,Sen,https://www.linkedin.com/in/saugata-sen-7961229,,Southern California Edison (SCE),IT Senior Manager - Project Management (CS/Digital/Large Programs),02-09-2009
Karan,Seth,https://www.linkedin.com/in/karan-seth,,ANAROCK,Head - North,01-09-2018
Abha,Shah,https://www.linkedin.com/in/abha-s-6b87805,,Infosys,Senior Project Manager,19-04-2019
Rachana,Shah,https://www.linkedin.com/in/rachana-shah-2743b178,,Spark New Zealand,Product Owner,22-11-2016
Bipin,Shaha,https://www.linkedin.com/in/bipin-shaha-0329181,,Johnson Controls,Delivery Manager,08-05-2012
Sandeep,Shahane,https://www.linkedin.com/in/sandeep-shahane-406b4b22,,Tata Consultancy Services,Project Manager,28-03-2012
Ghouse,Shaik,https://www.linkedin.com/in/ghouse-shaik,,Deriv,Senior Data Engineer,16-05-2018
Maryam,Shaikh,https://www.linkedin.com/in/maryam-shaikh-b0a624200,,"Nitor Infotech, an Ascendion Company",Junior Data Engineer,26-10-2021
Muhammad Azhar,Shaikh,https://www.linkedin.com/in/muhammad-azhar-shaikh-025b1329,,Google,Senior Solutions Consultant,05-07-2021
A. Samad,Shaikh.,https://www.linkedin.com/in/a-samad-shaikh-a634a2245,,"Bharati Vidyapeeth University College Of Engineering, Pune",Event Management Head,11-10-2022
Amit Nath,Sharma,https://www.linkedin.com/in/amitnsharma,,Perficient,Senior Technical Consultant,05-10-2021
Anurag,Sharma,https://www.linkedin.com/in/anurag-sharma-084b1927,,KPMG,Director DataScience & AI,02-02-2013
Arpit,Sharma,https://www.linkedin.com/in/arpitt-sharmaa,,Concentrix Daksh India Pvt. Ltd,Office Temporary,05-03-2026
Arpit,Sharma,https://www.linkedin.com/in/arpit-sharma-679473a0,,Infosys,Consultant,10-11-2021
Aruna,Sharma,https://www.linkedin.com/in/aruna-sharma-70544b55,,Intel Corporation,Talent Acquisition Partner at IBM for Intel,28-10-2022
Dr. Neha,Sharma,https://www.linkedin.com/in/dr-neha-sharma-2127141b,,Bharat Research in AI and NextGen (BRAIN),Founder President,11-06-2018
Himanshu,Sharma,https://www.linkedin.com/in/himanshu-sharma-67256baa,,Accenture Strategy & Consulting,Technology Consulting Manager,16-11-2021
Lokesh,Sharma,https://www.linkedin.com/in/lokesh-sharma-13427b55,,SkyPoint Cloud,Senior Data Engineer,06-10-2018
Manish,Sharma,https://www.linkedin.com/in/manish-d-sharma,,Medical Devices,Business Leader,01-07-2022
Mridul,Sharma,https://www.linkedin.com/in/mridul-sharma-861734207,,"phData, Inc.",DevOps Engineer,14-04-2021
Sachin,Sharma,https://www.linkedin.com/in/sharma-sachin2,,Walmart Global Tech India,Staff Data Scientist,10-02-2021
Saurabh,Sharma,https://www.linkedin.com/in/santsaurabh,,"LanceSoft, Inc.",Lead US IT Recruiter,22-11-2016
Shivani,Sharma,https://www.linkedin.com/in/shivanish10,,Standard Chartered,"Talent Acqusition Lead - Singapore, Australia, Brunei & MY GBS",05-05-2013
Sparsh,Sharma,https://www.linkedin.com/in/sparsh-sharma-2b3b69a1,,Walmart Global Tech,Staff Engineer,12-05-2021
Ajay,Shenai,https://www.linkedin.com/in/ajayshenai,,Deloitte Consulting,Senior Manager,18-02-2013
Dr. Vikram,Shende,https://www.linkedin.com/in/vikramshende,,Mahindra Group,NPD Platform Purchase Head,02-04-2018
Bhavani,Shenoy,https://www.linkedin.com/in/rbshenoy100,,"HCL America, Inc.",Asc. Vice President,16-03-2017
Ashish,Shevale,https://www.linkedin.com/in/ashishshevale,,Avalara,Senior Software Engineering Manager,19-03-2014
Dattatray,Shinde,https://www.linkedin.com/in/dattattayshinde,,Philomath Infotech Pvt. Ltd.,Data Scientist,27-08-2022
Nandkumar,Shinde,https://www.linkedin.com/in/nandkumar-shinde-83589856,,thyssenkrupp Uhde,"DGM, Piping",13-09-2012
Preeti,Shinde,https://www.linkedin.com/in/preeti-shinde-22a910211,,TCS,CSR Professional,28-12-2021
Sanjay,Shinde,https://www.linkedin.com/in/sanjay-shinde-a6766825,,Mahindra & Mahindra Limited,Manager,28-03-2012
Vinayak,Shinde,https://www.linkedin.com/in/vinayak-shinde-5298b385,,Rakuten,Application Engineer,26-09-2022
Shrinivas,Shingre,https://www.linkedin.com/in/shrinivas-shingre-381bb828,,Volkswagen Group Digital Solutions [India],Service Delivery Manager,22-12-2019
Rajkumar,Shivathare,https://www.linkedin.com/in/rajkumarshivathare-9967848884,,Optimum Infosystem,Senior Manager - Data Modeling,11-01-2018
Rushil,Shrivastava,https://www.linkedin.com/in/rushil-shrivastava-57a68b14,,HCLTech,Group Manager,01-04-2021
Sandeep,Shroff,https://www.linkedin.com/in/sandeep-shroff,,AutoIntell Services - Owner,"Software, Embedded, Control & Instrument & IIoT Evangelist, Techno-functional Consultant & Mentor",14-09-2012
Satyendra,Shrotri,https://www.linkedin.com/in/satyendrashrotri,,Devoteam,Program Manager,29-10-2009
Rohit,shukla,https://www.linkedin.com/in/rohit-shukla-891b48bb,,Tata Consultancy Services,Lead â€“ Data Analytics / Business Intelligence,22-11-2016
Vaibhav,Simikeri,https://www.linkedin.com/in/vaibhavsimikeri,,IBM,AI Engineering Leader,24-11-2016
Vishwambhar (Vish),Sinai Manerker,https://www.linkedin.com/in/vishwambhar-vish-sinai-manerker-5a938b5,,Viewpoint,Software Development Manager,02-12-2019
AYUSH KUMAR,SINGH,https://www.linkedin.com/in/ayush-kumar-singh-aab97a139,,"OM1, Inc.",Software Engineer,06-12-2021
Madhumita,Singh,https://www.linkedin.com/in/madhumita-singh-56b46a21a,,AK Science Tutorials,Biology Educator ICSE,04-01-2022
Ravikant,Singh,https://www.linkedin.com/in/ravikant-singh-b577608,,Wiley,Senior Data Engineering Manager,11-06-2018
Anurag,Singhal,https://www.linkedin.com/in/anurag-singhal-965274b,,Kyndryl,Sr Technical Program Manager,11-01-2018
Robin,Singhal,https://www.linkedin.com/in/robin-singhal-a3a40477,,Bank of America,"AVP, Software Engineer II A - GBS IND (Big Data Hadoop Admin, GRA Infra Lead & IBM Spectrum Mgmt.)",19-03-2020
kausalya,Singuru,https://www.linkedin.com/in/kausalyap,,Dauch,"Sr Manager System Integration, calibration, and Verification",09-04-2012
Brijesh,Sinha,https://www.linkedin.com/in/brijesh-sinha-b27670b6,,Capgemini,Manager,25-04-2021
Sanjeevo,Sinha,https://www.linkedin.com/in/sanjeevo-sinha-979a1b5,,Emerson Automation Solutions,Funtional Leader SCM - Program Manager-IT,27-08-2022
Shakti,Sinha,https://www.linkedin.com/in/sdsinha,,Airbnb,Trust Foundational Modeling,27-11-2009
Mahendra ,Sisodiya,https://www.linkedin.com/in/mahendra-sisodiya-480985114,,phData,Senior Data Engineer,26-03-2021
Varshada,Sisodiya,https://www.linkedin.com/in/varshada-sisodiya-a47425149,,Krios Info Solutions Pvt.Ltd.,Data Analyst,10-12-2021
Phanibhushan,Sistu,https://www.linkedin.com/in/phanisistu,,Hitachi Digital Services,IIoT Solutions Lead,26-11-2009
Anil,Sivakumaran,https://www.linkedin.com/in/anil-s-238a696,,TCS,Consultant,05-01-2018
Amy K.,Smith,https://www.linkedin.com/in/amy-k-smith-94317b2,,Supervalu,Data Warehouse Engineer,04-04-2018
Keith,Smith,https://www.linkedin.com/in/data-smith,,Nascent,Data Engineering Lead,05-12-2019
Chris,Solomon,https://www.linkedin.com/in/chris-solomon-chi,,"phData, Inc.",VP of Sales,15-10-2019
Mukund.,Soman,https://www.linkedin.com/in/mukund-soman-55355a2,,Microsoft,Manager Platform Services,24-11-2009
Asaf,Somekh,https://www.linkedin.com/in/asafsomekh,,McKinsey & Company,Iguazio (A McKinsey Company) Co-Founder & CEO,10-12-2021
Prashant,Soni,https://www.linkedin.com/in/connectpsoni,,Gap Inc.,"Senior Manager, Product",05-09-2023
Yash,Sowale,https://www.linkedin.com/in/yashsowale,,Capgemini,"VP Architecture, Enterprise Architecture Head, India Domain Leader for AI, CTIO - I & D India",08-08-2012
Himanshu,Srivastava,https://www.linkedin.com/in/himanshusrivastava2,,Infosys,Program Manager - Infra as Code Transformation,09-07-2018
Rajiv,Srivastava,https://www.linkedin.com/in/rajiv-srivastava-9b85746,,Large Energy Provider,Lead Data Scientist,06-04-2018
Vickie,Steinhagen,https://www.linkedin.com/in/vickie-steinhagen-3051b515,,Retired,Retired,07-01-2020
Michael,Stone,https://www.linkedin.com/in/michael-stone-a575b449,,phData,"Senior Director, Managed Services",02-12-2019
Wesley,Story,https://www.linkedin.com/in/wesley-story,,Genesys,SVP & Chief Information Officer,05-05-2013
Balababu,Subramani,https://www.linkedin.com/in/balababu-subramani-14035024,,"phData, Inc.",Solution architect,26-11-2019
Natarajan,Subramanian,https://www.linkedin.com/in/natarajan-subramanian-89620422,,Best Buy,Senior Engineering Manager,06-09-2013
Tejas,Sumant,https://www.linkedin.com/in/tejassumant,,Globant,Technical Manager - ServiceNow,10-04-2012
Kapil,Surve,https://www.linkedin.com/in/kapil-surve,,Amazon,Data Engineer ||,23-02-2022
Sanjay,Suryadevra,https://www.linkedin.com/in/sanjay-suryadevra-bb852019,,i-Source Infosystems Pvt. Ltd.,Executive Vice President and Global Head -- Cloud & AI,12-10-2012
Venkateshwara,Sutar,https://www.linkedin.com/in/venkateshwara-ists,,Dassault Systemes Solutions Lab,R&D QA Engineering Specialist ,27-08-2022
Medha,Sutaria,https://www.linkedin.com/in/medhasutaria,,Meviak Digital,Founder & CEO,21-07-2022
Jeff,Swanson,https://www.linkedin.com/in/jeff-swanson-706a579,,"DataWare Analytics, LLC",Independent Contractor,22-07-2012
Nicole,Sword,https://www.linkedin.com/in/nicole-sword-1a24b41,,Refactor Talent,Senior Talent Partner,25-03-2021
Ravikanth,Tadepally,https://www.linkedin.com/in/ravikanth-tadepally-82342211,,Bank of America Merrill Lynch,Product Owner,17-04-2021
Jay,Tahasildar,https://www.linkedin.com/in/jay-tahasildar-697955,,Mercurius IT,Founder & Managing Director | Microsoft Dynamics 365 & Boltrics 3PL Solutions for better business,12-07-2022
Aditya,Talwalkar,https://www.linkedin.com/in/aditya-talwalkar,,Morgan Stanley,Executive Director,10-04-2012
Amita,Talwalkar,https://www.linkedin.com/in/amita-talwalkar-3622661b,,Tata Consultancy Services,Functional Consultant,04-04-2012
Komal,Talwalkar,https://www.linkedin.com/in/komal-talwalkar-284598205,,More Peace Art ,Artist,10-03-2021
Ranish,Talwalkar,https://www.linkedin.com/in/ranish-talwalkar-988a02138,,Oracle Financial Services Software Ltd,Senior Manager,15-11-2021
Jayant,Tambolkar,https://www.linkedin.com/in/jayant-tambolkar-9053b243,,Infosys Limited,Project Manager / Scrum Master,28-03-2012
Amit,Tamhankar,https://www.linkedin.com/in/amit-tamhankar-936b77a,,Deutsche Bank,Assistant Vice President,25-06-2018
Svetlana,Tarnagurskaja,https://www.linkedin.com/in/starnagurskaja,,The Dot Collective,Co-founder and CEO,02-10-2022
Monica,Tentu,https://www.linkedin.com/in/monica-tentu-41b175191,,Visa,Senior Site Reliability Engineer,26-04-2021
Shweta,Thakker,https://www.linkedin.com/in/shweta-thakker-387b875,,S&P Global,Data Quality Lead,27-08-2022
Prashant Singh,Thakur,https://www.linkedin.com/in/prashant-singh-thakur-61203211,,WSP in India,Head - Water & Wastewater,06-08-2014
Shreya,Thakur,https://www.linkedin.com/in/shreya-thakur-18821a47,,Albertsons Companies,Staff Data Engineer Tech lead Engineering and Analytics,06-03-2024
Madhav,Thatte,https://www.linkedin.com/in/madhav-thatte-1084171ba,,Tata Consultancy Services,Data and Analytics Solution Architect,16-11-2020
prasad,thite,https://www.linkedin.com/in/deetyayaan1217,thite_prasad@rediffmail.com,Elkay Chemicals,QA/QC,05-01-2018
Sayali,Thite,https://www.linkedin.com/in/sayali-thite,,METRO Business Solution Center,Agile Coach,03-08-2012
Surendar,Thiyagarajah,https://www.linkedin.com/in/surendar-thiyagarajah-56990413,,Humana,Big Data Principal Software Engineer / Machine Learning Developer,17-04-2015
Robby,Thomas,https://www.linkedin.com/in/robbythomas,,Confluent,Staff Partner Solutions Engineer,23-04-2021
Meera,Thorat,https://www.linkedin.com/in/meera-thorat-201a3575,,Qualys,Business System Analyst,06-04-2022
Tushar,Thorat,https://www.linkedin.com/in/tushar-thorat-05106023,,Tata Consultancy Services,Head Academic COIN,01-08-2012
Suyog,Thorbole,https://www.linkedin.com/in/suyogthorbole,,Siemens Digital Industries Software,Sr. Manager APAC - Siemens Digital Industries Software,02-02-2023
Soham,Thuse,https://www.linkedin.com/in/soham-thuse-57311a203,,Philomath Infotech Pvt. Ltd.,Data Engineer,17-02-2023
Nitin,Tile,https://www.linkedin.com/in/nitin-tile-a1320819,,Krios Info Solutions Pvt.Ltd.,Chief Technology Officer,18-08-2021
Neha,Tiwari,https://www.linkedin.com/in/neha-tiwari-a7842628,,Credit Suisse,Senior ETL Developer,14-03-2023
Pramod,Tiwari,https://www.linkedin.com/in/pramodtiwari,,Cognizant,AVP - Consulting Leader for DACH Region,08-01-2008
Ajay,Toshniwal,https://www.linkedin.com/in/ajay-toshniwal-03894838,,Tata Consultancy Services,Consultant,07-06-2024
Ganesh,Tripathi,https://www.linkedin.com/in/ganesh-tripathi,,Barclays,Vice President | Bigdata Product Strategy,06-01-2013
Manoj,Tripathi,https://www.linkedin.com/in/manoj-tripathi-0a539825,,Mercedes-Benz Silver Star Pune,Chief Executive Officer,10-12-2021
Pawan,Tripathi,https://www.linkedin.com/in/pawan-tripathi-67a13620,,Mastercard,Principal Software Engineer,22-11-2016
Deepak,Ujania,https://www.linkedin.com/in/deepakujania,,Morgan Stanley,Vice President Data Visualization,28-07-2012
Amruta,"Unde, PMP, CSM",https://www.linkedin.com/in/amruta-unde-pmp-csm-6503023,,Nirmitee.io,Business Solutions Architect - Healthcare,05-07-2021
Shital,Undirwade,https://www.linkedin.com/in/shital-undirwade-7ab90b25,,AArete,Technical Lead,22-02-2022
Aditya,Upasani,https://www.linkedin.com/in/adityaupasani,,PwC,Senior Associate,25-05-2022
Keyur,Upasani,https://www.linkedin.com/in/keyurupasani,,Confidential,Senior Consultant,14-12-2021
sivakumar,uppuluri,https://www.linkedin.com/in/siva0698,,Salesforce,Senior Member of Technical Staff,29-09-2018
Raghavendra,V Sarang,https://www.linkedin.com/in/raghavsarang,,Akamai Technologies,Senior Cloud Operations Architect,11-07-2019
Parth,Vaghasiya,https://www.linkedin.com/in/parthvaghasiya13,,Albertsons Companies,Senior Data Engineer,02-01-2026
Ajit,Vaidya,https://www.linkedin.com/in/ajit-vaidya-b0096a48,,Self-employed,Investor & Trader,04-05-2012
Shriram,Vaidya,https://www.linkedin.com/in/shriram-vaidya-94781b10,,Infosys,Senior Project Manager,04-12-2018
Narendra,Vaishampayan,https://www.linkedin.com/in/narendravv,,Capgemini,Director,02-09-2009
Dhruv,Vaishnani,https://www.linkedin.com/in/dhruv-vaishnani-7729611bb,,HCLTech,Senior Technical Lead,25-03-2021
Basawwaraj,Vamaa,https://www.linkedin.com/in/basawwaraj-vamaa-a7764417,,BHSSYEN,Director,06-04-2025
Sanil,Varghese,https://www.linkedin.com/in/sanil-varghese,,Colgate-Palmolive,Technical Analyst,22-11-2016
Bk,Vasan,https://www.linkedin.com/in/bk-vasan-3126a256,,AMERICAN EAGLE OUTFITTERS INC.,Chief Data Officer - Vice President Technology & Artificial Intelligence,02-05-2018
Jigar,Vasani,https://www.linkedin.com/in/jigarvasani,,Mindteck,Vice President of Sales,11-07-2023
Brandon,Veber,https://www.linkedin.com/in/brandon-veber-0120212a,,phData,Principal Machine Learning Solutions Architect,24-02-2021
Narasimha Reddy,Veeramreddy,https://www.linkedin.com/in/narasimhareddyv,,Costonomy.ai,Founder and CEO,08-11-2025
Gaanesh,Velhal,https://www.linkedin.com/in/gaanesh-velhal-822855a,,Lamons - Basrur Uniseal,Production Incharge,28-03-2012
Vamsi,Vemulapati,https://www.linkedin.com/in/vamsi-vemulapati-67a03211,,Tata Consultancy Services,Technology Lead,18-06-2013
Prasad,Venkataraman,https://www.linkedin.com/in/prasad-venkataraman-487662bb,,Self-employed,Independent Consultant,21-01-2022
Lisa,Verde,https://www.linkedin.com/in/lisaverde,,"phData, Inc.","Global Vice President, Talent Acquisition",04-12-2018
Shubham,Vernekar,https://www.linkedin.com/in/shubham-vernekar-761216145,,Comsense Technologies,Senior Data Analyst,06-12-2021
Sachin,Vesanekar,https://www.linkedin.com/in/sachin-vesanekar,,Accenture Song,Associate Director,13-11-2012
Ahalya,Vikram,https://www.linkedin.com/in/ahalya-vikram-18942b65,,Progressive Insurance,Sr. Mgr. Data Science,22-11-2016
Anil,"Vydyam MBA,PMP,CSPO",https://www.linkedin.com/in/anilvydyam,,Tata Consultancy Services,Business Relationship Manager / Director,04-08-2013
Neha,Wadhwani,https://www.linkedin.com/in/neha-wadhwani-36938a143,,Commonwealth Bank,Manager Data Management,22-02-2022
Sumit,Wadhwani,https://www.linkedin.com/in/sumit-wadhwani,,Commonwealth Bank,"Senior Engineering Manager, Chapter Lead",13-09-2012
Pranav,Wadnerkar,https://www.linkedin.com/in/pranavw,,Mastercard,"Vice President - Total Rewards, Asia Pacific, Europe, Middle East & Africa",10-04-2019
Abhijeet,Wagh,https://www.linkedin.com/in/abhijeet-wagh-7456b9189,,PDSVISION,Enterprise Sales Manager,27-11-2021
Jaydeep S ,Wagh,https://www.linkedin.com/in/jaydeep-s-wagh-900b54a,,Atturra,Principal Consultant (Dynamics 365 & Power Platform),03-03-2010
Shailesh,Wagh,https://www.linkedin.com/in/shailesh-wagh-8436b915,,Persistent Systems,Sr Technical Project Manager,16-03-2010
vinod,wagh,https://www.linkedin.com/in/vinod-wagh-india,,Cognizant,Associate Director,03-12-2009
Nitesh,Waghode,https://www.linkedin.com/in/nitesh-waghode-a85a8a5,,Cognizant,Consulting Systems Engineer (Senior Architect) - Connected Products BU- Digital Business,28-03-2012
Santosh,Waikar,https://www.linkedin.com/in/santosh-waikar-4b531552,,Walmart Global Tech,Sr. Manager II,25-05-2018
Vinayak,"Walimbe, CFA",https://www.linkedin.com/in/vinayakwalimbe,,Customized Energy Solutions,Managing Director,12-01-2008
Dhanashree,Wani,https://www.linkedin.com/in/dhanashree-wani-3b6b79b2,,Krios Info Solutions Pvt.Ltd.,Power BI Developer,19-10-2021
omkar,watve,https://www.linkedin.com/in/omkar-watve-39a1a716,,AMPCUS Asurion,Sr. Software Engineer,17-07-2013
Satish,Watve,https://www.linkedin.com/in/satish-w-4485491,,Valency Networks,Principal Consultant,09-04-2012
Ashok,Waykar,https://www.linkedin.com/in/ashok-waykar-3865463,,TCS,"Program Manager with 22+ yrs of exp in Delivery/Project Mgt in Retail, Telecom & Utility domains",16-03-2010
Dr. Robert,Wellington,https://www.linkedin.com/in/dr-robert-wellington-295649245,,Alexion Pharmaceuticals Inc. USA,Purchase Department Specialist,17-01-2023
Russ,Wibben,https://www.linkedin.com/in/russ-wibben-9322175,,Freelance,Retired,07-11-2012
Jake,Williams,https://www.linkedin.com/in/jake-ideachef,,ACMOLOGY,Vice President of Product Management,17-07-2018
Chethan,Y M,https://www.linkedin.com/in/chethanym,,Couchbase,Senior Technical Support Engineer,04-10-2018
Harindra Prasad,Yadav,https://www.linkedin.com/in/harindra-prasad-yadav-36762b4,,Tata Consultancy Services,"Senior Client Partner ,  Consumer Packaged Goods  Relationships",16-08-2012
Vivek,"Yatnalkar, PCC",https://www.linkedin.com/in/vivekyatnalkar,,Meeraq,Head-Curriculum,23-05-2025
Kalpesh,Yevalkar,https://www.linkedin.com/in/kalpeshyevalkar,,"AGDATA, LP",Specialist Data Engineer,21-12-2021
Yogesh,Zope,https://www.linkedin.com/in/yogeshzope,,Bharat Forge Ltd,CIO/CDO (Bharat Forge)  & Sr Vice President,09-09-2018
