,RELIANCE.NS,RELIANCE.NS,RELIANCE.NS,RELIANCE.NS,RELIANCE.NS,RELIANCE.NS,TCS.NS,TCS.NS,TCS.NS,TCS.NS,TCS.NS,TCS.NS,INFY.NS,INFY.NS,INFY.NS,INFY.NS,INFY.NS,INFY.NS
,Open,High,Low,Close,Adj Close,Volume,Open,High,Low,Close,Adj Close,Volume,Open,High,Low,Close,Adj Close,Volume
Date,,,,,,,,,,,,,,,,,,
2021-05-28,1836.7694091796875,1942.914306640625,1836.7694091796875,1933.499755859375,1913.756103515625,28234965,3189.5,3198.0,3135.64990234375,3143.60009765625,2953.7392578125,1763701,1409.75,1414.0,1396.0999755859375,1405.050048828125,1313.7694091796875,4261312
