sr,cic,new_cic_dsc,old_cic_dsc,dept,imp_flag,effective_wrd_cnt
1,10438,CRACKERS GRAM ORIGINAL PACK RITZ,RITZ ORIGINAL CRACKERS 150 GRAM PACK,GROCERY,2,5
2,10434,ALMOND COOKIES CRANBERRY GRAM PACK UNIBIC,UNIBIC CRANBERRY ALMOND COOKIES 150 GRAM PACK,GROCERY,2,6
3,10435,BRITANNIA BUTTER COOKIES CREAMY DAY GOOD GRAM PACK,BRITANNIA GOOD DAY CREAMY BUTTER COOKIES 75 GRAM PACK,GROCERY,3,8
4,10436,BRITANNIA CASHEW COOKIES DAY GOOD,BRITANNIA GOOD DAY CASHEW COOKIES,GROCERY,0,5
5,10437,BRITANNIA HEARTS LITTLE,BRITANNIA LITTLE HEARTS,GROCERY,0,3
6,10438,CRACKERS GRAM ORIGINAL PACK RITZ,RITZ ORIGINAL CRACKERS 150 GRAM PACK,GROCERY,2,5
7,10439,CRACKERS FARM GOLDFISH GRAM PACK PEPPERIDGE PIZZA,PEPPERIDGE FARM GOLDFISH PIZZA CRACKERS 180 GRAM PACK,GROCERY,1,5
8,10440,BUTTER CAKES CORN FLAVOUR GRAM PACK QUAKER,QUAKER CORN CAKES BUTTER FLAVOUR 100 GRAM PACK,GROCERY,3,7
9,10441,BUTTER COOKIES NUTTER PEANUT SANDWICH,NUTTER BUTTER PEANUT BUTTER SANDWICH COOKIES,GROCERY,1,4
10,10442,BRITANNIA CLASSIC CRACKERS LITTLE,BRITANNIA LITTLE CRACKERS CLASSIC,GROCERY,0,4
11,10143,BISLERI BOTTLE DRINKING ML PACKAGED WATER,BISLERI PACKAGED DRINKING WATER BOTTLE 500 ML,GROCERY,2,5
12,10929,ALKALINE DRINKING HIMALAYAN MINERAL NATURAL WATER,HIMALAYAN NATURAL MINERAL WATER ALKALINE DRINKING WATER,GROCERY,3,6
13,10930,COFFEE DOUBLE DRINK ESPRESSO SHOT OWL#SLEEPY READY#TO,SLEEPY OWL DOUBLE SHOT ESPRESSO READY TO DRINK COFFEE,GROCERY,1,7
14,10931,BEVERAGE BULL CALORIE DRINK ENERGY FREE LOW RED SUGAR,RED BULL SUGAR FREE ENERGY DRINK LOW CALORIE BEVERAGE,GROCERY,3,9
15,10932,DRINK FLAVOUR STRAWBERRY BOAT#PAPER LEMONADE#REFRESHING,PAPER BOAT STRAWBERRY LEMONADE FLAVOURED REFRESHING DRINK,GROCERY,2,5
16,10933,BEVERAGE BULL COSMIC DRINK ENERGY FLAVOUR FUNCTIONAL RED,RED BULL ENERGY DRINK COSMIC FLAVOUR FUNCTIONAL BEVERAGE,GROCERY,2,7
17,10934,BEVERAGE DRINK ELECTROLYTE FLAVOUR LEMON GATORADE#SPORTS,GATORADE LEMON FLAVOURED SPORTS DRINK ELECTROLYTE BEVERAGE,GROCERY,2,6
18,10935,DRINK GOLD ICED SUGAR SWEET TATA TEA ZERO READY#TO,TATA TEA GOLD SWEET ICED TEA ZERO SUGAR READY TO DRINK,GROCERY,3,9
19,10936,BEVERAGE BLUEBERRY DIET FLAVOUR GREEN TEA BOAT#PAPER,PAPER BOAT GREEN TEA BLUEBERRY FLAVOURED DIET BEVERAGE,GROCERY,2,7
20,10937,DRINK FLAVOUR ICED LIPN PEACH SWEETENED TEA READY#TO,LIPTON PEACH FLAVOURED ICED TEA SWEETENED READY TO DRINK,GROCERY,3,7
21,10760,DABUR HONEY NATURAL ORGANIC PURE SWEETENED,DABUR ORGANIC HONEY NATURAL PURE SWEETENER,GROCERY,3,6
22,10761,FRUIT JAM KISSAN SPREAD STRAWBERRY SWEET,KISSAN STRAWBERRY JAM SWEET FRUIT SPREAD,GROCERY,2,6
23,10762,FRUIT MANTRA ORGANIC SPREAD STRAWBERRY,24 MANTRA ORGANIC STRAWBERRY FRUIT SPREAD,GROCERY,1,5
24,10053,CHILLI CHIPOTLE SAUCE SMOKY SPICY VEEBA,VEEBA CHIPOTLE SAUCE SMOKY SPICY CHILLI SAUCE,GROCERY,0,6
25,10054,COOKIES FLAVOUR HICKORY LIQUID MARINADE SMOKY VEEBA,VEEBA LIQUID SMOKE HICKORY FLAVOUR COOKING MARINADE,GROCERY,2,7
26,10559,BLEND FREE GLUTEN KEYA MIX SEASONING SPICY TATA,KEYA TACO SEASONING MIX GLUTEN FREE SPICE BLEND,GROCERY,1,8
27,10560,CHILLI EXTRA HABANERO HOT SAUCE SPICY VEEBA,VEEBA HABANERO CHILLI SAUCE EXTRA SPICY HOT SAUCE,GROCERY,2,7
28,10561,FLAVOUR GROUND HORSERADISH MUSTARD STONE VEEBA WITH,VEEBA STONE GROUND MUSTARD WITH HORSERADISH FLAVOUR,GROCERY,3,6
29,10562,AND FLAVOUR HEARTS RICH SAUCE STEAK THICK VEEBA,VEEBA THICK AND HEARTY STEAK SAUCE RICH FLAVOUR,GROCERY,1,8
30,10102,DIP KEYA MIX RANCH,KEYA RANCH DIP MIX,GROCERY,0,4
31,10763,LIME MAYONNAISE VEEBA,VEEBA MAYONNAISE LIME,GROCERY,1,3
32,10764,DRESSING RANCH VEEBA,VEEBA RANCH DRESSING,GROCERY,0,3
33,10765,DRESSING KEYA MIX RANCH,KEYA RANCH DRESSING MIX,GROCERY,0,4
34,10766,DRESSING KEYA MIX RANCH,KEYA RANCH DRESSING MIX,GROCERY,0,4
35,10767,BORGES CAESAR CROUTONS,BORGES CROUTONS CAESAR,GROCERY,0,3
36,10768,BORGES CHEESE CROUTONS,BORGES CROUTONS CHEESE,GROCERY,0,3
37,10147,JALAPENO PEPPERS PICKLED SLICED SPICY VEEBA VEGETABLE,VEEBA SLICED JALAPENO PEPPERS SPICY PICKLED VEGETABLE,GROCERY,0,7
38,10989,DICED MILD PEPPERS PICKLED PIMENTO VEEBA VEGETABLE,VEEBA DICED PIMENTO PEPPERS MILD PICKLED VEGETABLE,GROCERY,0,6
39,10990,OKRA PICKLED PRESERVED SPICY TANGY VEEBA VEGETABLE,VEEBA PICKLED OKRA SPICY TANGY PRESERVED VEGETABLE,GROCERY,0,7
40,10991,BABY CRUNCHY CUCUMBERS DEL DILL MONTE PICKLED PRESERVED TANGY,DEL MONTE BABY DILL PICKLES CRUNCHY TANGY PRESERVED CUCUMBERS,GROCERY,1,9
41,10992,BABY CRUNCHY CUCUMBERS DEL DEL DILL MONTE PICKLED STYLE,DEL MONTE BABY DILL PICKLES DELI STYLE CRUNCHY CUCUMBERS,GROCERY,1,9
42,10004,BERRY DRINK FLAVOUR REFRESHING SPARKLING WATER BOAT#PAPER,PAPER BOAT SPARKLING WATER BERRY FLAVOUR REFRESHING DRINK,GROCERY,4,7
43,10254,CANS COKE DIET DRINK FRIDGE PACK SOFT,DIET COKE SOFT DRINK FRIDGE PACK 12 CANS,GROCERY,1,6
44,10255,BOTTLE DRINK FLAVOUR LEMON PACK SOFT UP,7UP LEMON FLAVOURED SOFT DRINK BOTTLE PACK,GROCERY,5,6
45,10256,COLA DRINK FLAVOUR SPARKLING SUGAR VANILLA ZERO BOAT#PAPER,PAPER BOAT ZERO SUGAR SPARKLING COLA DRINK VANILLA FLAVOUR,GROCERY,4,8
46,10257,CANS CARBONATED DRINK FLAVOUR PEPSI SOFT VANILLA,PEPSI VANILLA FLAVOURED CARBONATED SOFT DRINK CAN,GROCERY,2,7
47,11117,CHIPS LAY POTATO S SALT SEA,LAY'S POTATO CHIPS SEA SALT,GROCERY,2,5
48,11118,CHEESE CORN PUFF TOO#YUMM,TOO YUMM CHEESE PUFF CORN,GROCERY,0,4
49,11119,ACT CORN KETTLE II#POPCORN,ACT II POPCORN KETTLE CORN,GROCERY,0,3
50,11120,CHIPS CORN CREAMY ONION SOUR TOO#YUMM,TOO YUMM CORN CHIPS SOUR CREAM ONION,GROCERY,1,6
51,11121,CHIPS CORN JALAPENO TOO#YUMM,TOO YUMM CORN CHIPS JALAPENO,GROCERY,0,4
52,11122,KURKURE MASALA MIX SNACK,KURKURE SNACK MIX MASALA,GROCERY,0,3
53,11123,CHIPS FLAVOUR LAY S SPICY WAVY,LAY'S WAVY CHIPS SPICY FLAVOUR,GROCERY,1,5
54,11124,CHIPS DORITOS LIME TORTILLA,DORITOS TORTILLA CHIPS LIME,GROCERY,1,4
55,11125,CHIPS DORITOS SCOOPS TORTILLA,DORITOS TORTILLA CHIPS SCOOPS,GROCERY,0,3
56,11126,CHIPS STRIPS TORTILLA TOO#YUMM,TOO YUMM TORTILLA CHIPS STRIPS,GROCERY,0,4
57,11127,ALMOND HAPPILO MEXICAN SPICY,HAPPILO ALMONDS MEXICAN SPICE,GROCERY,1,4
58,11128,CASHEW HAPPILO SALTED,HAPPILO CASHEWS SALTED,GROCERY,0,3
59,11129,HALDIRAM PEANUT ROASTED S SALTED,HALDIRAM'S PEANUTS ROASTED SALTED,GROCERY,0,4
60,11130,ALMOND HAPPILO SMOKE,HAPPILO ALMONDS SMOKED,GROCERY,1,3
61,11131,ACT SALT SEA II#POPCORN,ACT II POPCORN SEA SALT,GROCERY,2,4
62,11132,ACT KERNELS WHITE II#POPCORN,ACT II POPCORN KERNELS WHITE,GROCERY,1,4
63,11112,COUSCOUS KEYA PEARL,KEYA PEARL COUSCOUS,GROCERY,0,2
64,11113,CAJUN KEYA SEASONING,KEYA CAJUN SEASONING,GROCERY,0,2
65,11114,BROWN MANTRA ORGANIC RICH,24 MANTRA ORGANIC ORGANIC BROWN RICE,GROCERY,1,4
66,10258,AND BAR CASHEW MAX NUT PROTEIN RITEBITE SALT SNACK SWEET,RITEBITE MAX PROTEIN NUT BAR SWEET AND SALTY CASHEW SNACK,GROCERY,3,10
67,10259,AND BAR BLUEBERRY FIBRE FIG FRUIT NATURAL SNACK YOGA,YOGA BAR BLUEBERRY FIG BAR NATURAL FRUIT AND FIBRE SNACK,GROCERY,1,8
68,10260,BAR BREAKFAST FLAVOUR GRAIN KELLOGGS NUTRI STRAWBERRY,KELLOGGS NUTRI GRAIN BREAKFAST BAR STRAWBERRY FLAVOUR,GROCERY,2,6
69,10261,FLAVOUR FRUIT MIXED PACK ROLLS SNACK BOAT#PAPER,PAPER BOAT FRUIT ROLLS MIXED FRUIT FLAVOUR SNACK PACK,GROCERY,2,7
70,10262,BAR FRUIT NATURAL PACK ROLLS SNACK STRAWBERRY YOGA,YOGA BAR STRAWBERRY FRUIT ROLLS NATURAL SNACK PACK,GROCERY,3,8
71,10263,BREAKFAST FIBRE HIGH INSTANT OATS PLAIN QUAKER REGULAR,QUAKER INSTANT OATS REGULAR PLAIN HIGH FIBRE BREAKFAST,GROCERY,0,8
72,10264,AND BREAKFAST CEREAL HONEY K KELLOGGS MULTIGRAIN OATS SPECIAL,KELLOGGS SPECIAL K MULTIGRAIN OATS AND HONEY BREAKFAST CEREAL,GROCERY,2,8
73,10265,AND BREAKFAST CEREAL FRUIT KELLOGGS MUESLI NUT SEEDS,KELLOGGS MUESLI FRUIT NUT AND SEEDS BREAKFAST CEREAL,GROCERY,0,7
74,10266,BREAKFAST CEREAL CUP FROOT KELLOGGS LOOPS,KELLOGGS FROOT LOOPS BREAKFAST CEREAL CUP,GROCERY,0,4
75,10542,CUSTARD DESSERT MIX POWDER VANILLA WEIKFIELD,WEIKFIELD VANILLA CUSTARD POWDER DESSERT MIX,GROCERY,2,6
76,10543,AND BUTTERSCOTCH CREAMY DESSERT FOR HERSHEYS ICED SYRUP,HERSHEYS BUTTERSCOTCH SYRUP FOR ICE CREAM AND DESSERTS,GROCERY,2,7
77,10002,BAKING BIRD BLUE DRY INGREDIENT INSTANT YEAST,BLUE BIRD INSTANT DRY YEAST BAKING INGREDIENT,GROCERY,2,7
78,10003,APPLE BAKE CINNAMON MIX MUFFIN PILLSBURY READY#TO,PILLSBURY APPLE CINNAMON MUFFIN MIX READY TO BAKE,GROCERY,1,7
79,10248,CADBURY COCOA FLAVOUR HOT MARSHMALLOW MIX WITH,CADBURY HOT COCOA MIX WITH MARSHMALLOW FLAVOUR,GROCERY,3,7
80,10249,BAKE CORNBREAD MIX MUFFIN PILLSBURY READY#TO,PILLSBURY CORNBREAD MUFFIN MIX READY TO BAKE,GROCERY,0,6
81,10250,BAKE CHIPS CHOCOLATE MIX MUFFIN PILLSBURY READY#TO,PILLSBURY CHOCOLATE CHIP MUFFIN MIX READY TO BAKE,GROCERY,0,7
82,11231,BLEND EVEREST PREMIUM SEEDS SESAME SPICY TOASTED,EVEREST TOASTED SESAME SEEDS PREMIUM SPICE BLEND,GROCERY,0,7
83,11147,COCONUT COOKIES MANTRA OIL ORGANIC REFINED,24 MANTRA ORGANIC REFINED COCONUT COOKING OIL,GROCERY,2,6
84,11148,COOKIES MANTRA OIL ORGANIC SESAME TOASTED,24 MANTRA ORGANIC TOASTED SESAME COOKING OIL,GROCERY,1,6
85,10574,AASHIRVAAD BAKING FLOUR ORGANIC PREMIUM WHEAT,AASHIRVAAD ORGANIC WHEAT FLOUR PREMIUM BAKING FLOUR,GROCERY,0,6
86,10575,DHAMPURE NATURAL RAW SUGAR SWEETENED UNREFINED,DHAMPURE RAW SUGAR NATURAL UNREFINED SWEETENER,GROCERY,2,5
87,10012,BLEND CALM HERBAL INDIA ORGANIC RELAXATION TEA,ORGANIC INDIA HERBAL TEA CALM RELAXATION BLEND,GROCERY,2,5
88,10312,AROMA BLEND BRU COFFEE FRENCH GROUND ROASTED STRONG,BRU FRENCH ROAST GROUND COFFEE STRONG AROMA BLEND,GROCERY,1,8
89,10313,BLEND COFFEE FLAVOUR GROUND HOUSE RICH TATA,TATA COFFEE HOUSE BLEND GROUND COFFEE RICH FLAVOUR,GROCERY,2,7
90,10314,BUTTERSCOTCH COFFEE CONTINENTAL FLAVOUR GROUND TOFFEE,CONTINENTAL COFFEE BUTTERSCOTCH TOFFEE FLAVOURED GROUND COFFEE,GROCERY,2,6
91,10315,BLONDE COFFEE ESPRESSO PODS ROASTED OWL#SLEEPY,SLEEPY OWL ESPRESSO COFFEE PODS BLONDE ROAST,GROCERY,1,5
92,10316,CAPPUCCINO COFFEE FLAVOUR FRENCH PODS VANILLA OWL#SLEEPY,SLEEPY OWL CAPPUCCINO COFFEE PODS FRENCH VANILLA FLAVOUR,GROCERY,3,7
93,10317,BLEND CLASSIC COFFEE DONUT PODS SHOT OWL#SLEEPY,SLEEPY OWL COFFEE PODS CLASSIC DONUT SHOP BLEND,GROCERY,1,7
94,10318,AROMA BLEND COFFEE DARK PODS ROASTED STRONG OWL#SLEEPY,SLEEPY OWL DARK ROAST COFFEE PODS STRONG AROMA BLEND,GROCERY,2,8
95,10319,AROMA COFFEE COLOMBIA GROUND RICH TATA,TATA COFFEE COLOMBIA GROUND COFFEE RICH AROMA,GROCERY,1,5
96,10320,BLEND BLUE COFFEE GROUND GUATEMALAN ORGANIC TOKAI,BLUE TOKAI ORGANIC COFFEE GROUND GUATEMALAN BLEND,GROCERY,2,6
97,10321,BRU CHOCOLATE COFFEE FLAVOUR GROUND MOCHA RICH TASTE,BRU MOCHA FLAVOURED GROUND COFFEE RICH CHOCOLATE TASTE,GROCERY,2,7
98,10322,BASED BEVERAGE CADBURY CHOCOLATE COCOA DRINK MIX POWDER,CADBURY CHOCOLATE DRINK POWDER COCOA BASED BEVERAGE MIX,GROCERY,1,8
99,10323,BEVERAGE CADBURY CANISTER CHOCOLATE COCOA DRINK MIX POWDER,CADBURY CHOCOLATE DRINK POWDER CANISTER COCOA BEVERAGE MIX,GROCERY,1,8
100,10324,BEVERAGE CADBURY CHOCOLATE COCOA DRINK MINT MIX POWDER RICH,CADBURY MINT CHOCOLATE DRINK POWDER RICH COCOA BEVERAGE MIX,GROCERY,2,9
101,10181,AMUL MILD UHT,AMUL UHT MILK,GROCERY,0,3
102,11142,CRANBERRY JUICE RASPBERRY REAL,REAL CRANBERRY RASPBERRY JUICE,GROCERY,0,4
103,11143,ACTIV JUICE LOW REAL SODIUM VEGETABLE,REAL ACTIV VEGETABLE JUICE LOW SODIUM,GROCERY,0,6
104,11144,APPLE PEARL SPARKLING BOAT#PAPER,PAPER BOAT SPARKLING APPLE PEAR,GROCERY,2,4
105,11145,CHOCOLATE FAT LOW MILD NESTLE,NESTLE CHOCOLATE MILK LOW FAT,GROCERY,0,5
106,11146,ACTIV CRANBERRY JUICE REAL,REAL ACTIV CRANBERRY JUICE,GROCERY,0,4
107,10976,BORGES COOKIES DURUM FOR PASTA PENNE RIGATE WHEAT,BORGES PENNE RIGATE PASTA DURUM WHEAT PASTA FOR COOKING,GROCERY,1,6
108,10977,KISSAN PASTA SAUCE TOMATO,KISSAN TOMATO PASTA SAUCE,GROCERY,0,4
109,10978,CREAMY DEL MONTE PASTA SAUCE,DEL MONTE CREAMY PASTA SAUCE,GROCERY,1,5
110,10979,BORGES PASTA SAUCE WITH BASIL#PESTO,BORGES PESTO PASTA SAUCE WITH BASIL,GROCERY,1,5
111,10183,NAVNEET NOTEBOOK PRIMARY WRITING,NAVNEET WRITING NOTEBOOK PRIMARY,GROCERY,0,0
112,10184,BASIL CALCULATOR CASIO,CASIO CALCULATOR BASIC,GROCERY,0,1
113,10185,CLIPS JUMBO KANGARO PAPER,KANGARO PAPER CLIPS JUMBO,GROCERY,0,2
114,10252,CHUNKS TUNA WATER JOHN#WEST,JOHN WEST TUNA CHUNKS WATER,GROCERY,1,4
115,10253,LIGHT TUNA WATER JOHN#WEST,JOHN WEST TUNA LIGHT WATER,GROCERY,2,4
116,10001,GLOVES LARGE LEATHER STANLEY,STANLEY LEATHER GLOVES LARGE,GROCERY,0,1
117,10145,CUP DISPOSABLE DRINKING FOAM ORIGAMI OUNCE,ORIGAMI FOAM CUPS 8.5 OUNCE DISPOSABLE DRINKING CUPS,GROCERY,0,5
118,10973,BOX ORIGAMI PULLS SOFT ULTRA FACIAL#TISSUE,ORIGAMI ULTRA SOFT FACIAL TISSUE BOX 60 PULLS,GROCERY,1,6
119,10974,CLEAR CUP ORIGAMI OUNCE PARTY PLASTIC RECYCLABLE,ORIGAMI CLEAR PLASTIC CUPS 18 OUNCE RECYCLABLE PARTY CUPS,GROCERY,0,6
120,10975,DISPOSABLE INCH ORIGAMI PARTY PLATES USE,ORIGAMI DISPOSABLE PLATES 10 INCH PARTY USE PLATES,GROCERY,0,6
121,10759,ANT BAIT CONTROL EFFECTIVE GOODKNIGHT PESTO SOLUTION TRAP,GOODKNIGHT ANT BAIT TRAP EFFECTIVE PEST CONTROL SOLUTION,GROCERY,0,3
122,10182,BASED COOKIES CREAMY CREAMY KNORR MIX MUSHROOM OF SOUR,KNORR CREAM OF MUSHROOM SOUP MIX CREAMY COOKING BASE,GROCERY,3,8
123,11228,ASEPTIC BROTH CHICKEN COOKIES KNORR PACK REDUCED SALT STOCK,KNORR CHICKEN BROTH REDUCED SALT ASEPTIC PACK COOKING STOCK,GROCERY,2,8
124,11229,AND CHICKEN CREAMY HEARTS KNORR RICH SERVE SOUR READY#TO,KNORR CREAMY CHICKEN SOUP READY TO SERVE RICH AND HEARTY,GROCERY,1,9
125,11230,CHICKEN COKE INSTANT KNORR MIX NOODLE SOUR READY#TO,KNORR CHICKEN NOODLE SOUP MIX INSTANT READY TO COOK,GROCERY,0,8
126,10187,BOTTLE DRINK FOR PACK SOFT CHARGE#DEPOSIT,SOFT DRINK BOTTLE DEPOSIT CHARGE FOR 6 PACK,GROCERY,3,6
127,10188,BOTTLE DRINK SINGLE SOFT UNIT CHARGE#DEPOSIT,SOFT DRINK BOTTLE DEPOSIT CHARGE SINGLE UNIT,GROCERY,1,6
128,10189,BOTTLE DRINK FOOD NON SERVICE SINGLE SOFT UNIT CHARGE#DEPOSIT,SOFT DRINK BOTTLE DEPOSIT CHARGE SINGLE UNIT NON FOOD SERVICE,GROCERY,1,8
129,10190,BOTTLE DRINK FOR PACK SOFT CHARGE#DEPOSIT,SOFT DRINK BOTTLE DEPOSIT CHARGE FOR 12 PACK,GROCERY,3,6
130,10193,CODE DIGITAL REDEMPTION COUPON#DISCOUNT#GROCERY,GROCERY DISCOUNT COUPON DIGITAL REDEMPTION CODE,GROCERY,0,3
131,10194,CODE COUPON#DISCOUNT#GROCERY,GROCERY DISCOUNT COUPON CODE 92916,GROCERY,0,2
132,10195,CODE COUPON#DISCOUNT#GROCERY,GROCERY DISCOUNT COUPON CODE 92541,GROCERY,0,2
133,10196,CODE COUPON#DISCOUNT#GROCERY,GROCERY DISCOUNT COUPON CODE 77006,GROCERY,0,2
134,10197,DIGITAL OFFER COUPON#DISCOUNT#GROCERY,GROCERY DISCOUNT COUPON DIGITAL OFFER,GROCERY,0,3
135,10198,CODE COUPON#DISCOUNT#GROCERY,GROCERY DISCOUNT COUPON CODE 92931,GROCERY,0,2
136,10199,CODE COUPON#DISCOUNT#GROCERY,GROCERY DISCOUNT COUPON CODE 78056,GROCERY,0,2
137,10200,CODE COUPON#DISCOUNT#GROCERY,GROCERY DISCOUNT COUPON CODE 78308,GROCERY,0,2
138,10201,CODE COUPON#DISCOUNT#GROCERY,GROCERY DISCOUNT COUPON CODE 92339,GROCERY,0,2
139,10202,DIGITAL OFFER COUPON#DISCOUNT#GROCERY,GROCERY DISCOUNT COUPON DIGITAL OFFER,GROCERY,0,3
140,10146,AND CAT FOOD POTATO PUREPET SWEET TUNA WET,PUREPET TUNA AND SWEET POTATO WET CAT FOOD,GROCERY,2,8
141,10980,CAT CLUMPING FRAGRANCE FRESH LITTER MULTI SAVIC STRONG,SAVIC MULTI CAT CLUMPING LITTER STRONG FRESH FRAGRANCE,GROCERY,3,7
142,10981,CAT CRUNCHY DROOLS FLAVOUR SEAFOOD TREATS,DROOLS CRUNCHY SEAFOOD FLAVOUR CAT TREATS,GROCERY,1,6
143,10982,BROTH CAT CHICKEN CREAMY FOOD PUREPET SERVE SINGLE WET,PUREPET CREAMY BROTH CHICKEN WET CAT FOOD SINGLE SERVE,GROCERY,2,9
144,10983,ADULT DOG DRY FLAVOUR FOOD PEDIGREE SALMON WITH,PEDIGREE ADULT DRY DOG FOOD WITH SALMON FLAVOUR,GROCERY,3,8
145,10984,CHUNKS DOG DROOLS DRY FOOD HEALTH MINT PROACTIVE,DROOLS PROACTIVE HEALTH DRY DOG FOOD MINI CHUNKS,GROCERY,2,7
146,10985,AND CLEANING DOG HIMALAYAN ODOUR SPRAY REMOVER#STAIN,HIMALAYA DOG STAIN AND ODOUR REMOVER CLEANING SPRAY,GROCERY,2,7
147,10986,AND CAT CHICKEN DROOLS FOOD KITTEN PACK SALMON VARIETY WET,DROOLS KITTEN WET CAT FOOD CHICKEN AND SALMON VARIETY PACK,GROCERY,2,9
148,10987,CAT CHICKEN DROOLS FOOD GRAVY IN PREMIUM QUALITY WET,DROOLS CHICKEN IN GRAVY WET CAT FOOD PREMIUM QUALITY,GROCERY,2,8
149,10988,CHICKEN DOG FOOD PREMIUM PUREPET RECIPE WET,PUREPET CHICKEN RECIPE WET DOG FOOD PREMIUM,GROCERY,1,7
150,10544,AUTOMATIC DETERGENT DISHWASHER FOR GEL LEMON MACHINES VIM,VIM LEMON DISHWASHER GEL DETERGENT FOR AUTOMATIC MACHINES,GROCERY,3,8
151,10545,AID IN LIQUID RINSE DISHWASHER#FINISH,FINISH 3 IN 1 DISHWASHER RINSE AID LIQUID,GROCERY,2,2
152,10546,ALL FRAGRANCE FRESH IN ONE TABLETS DISHWASHER#FINISH,FINISH ALL IN ONE DISHWASHER TABLETS FRESH FRAGRANCE,GROCERY,4,5
153,10547,DETERGENT FRESH SCENT TABLETS DISHWASHER#FINISH,FINISH DISHWASHER DETERGENT TABLETS FRESH SCENT,GROCERY,2,5
154,10548,COMFORT DRYER FABRIC FRAGRANCE FREE SHEETS SOFTENER,COMFORT FABRIC SOFTENER DRYER SHEETS FRAGRANCE FREE,GROCERY,3,6
155,10549,DETERGENT FOR LIQUID MACHINES ORIGINAL WASH EXCEL#SURF,SURF EXCEL LIQUID DETERGENT ORIGINAL FOR MACHINE WASH,GROCERY,4,7
156,10550,AND CLEAR DETERGENT FREE LIQUID DUTY#HEAVY EXCEL#SURF,SURF EXCEL LIQUID DETERGENT HEAVY DUTY FREE AND CLEAR,GROCERY,2,7
157,10755,BAGS FREEZER PIGEON QUART SIZE SLIDER STORAGE,PIGEON SLIDER FREEZER STORAGE BAGS QUART SIZE,GROCERY,0,6
158,10756,AIRTIGHT BAGS GALLON PIGEON SIZE SLIDER STORAGE,PIGEON SLIDER STORAGE BAGS GALLON SIZE AIRTIGHT,GROCERY,0,6
159,10757,ALUMINIUM LARGE PAN PRESTIGE ROASTED SIZE,PRESTIGE ALUMINIUM ROASTER PAN LARGE SIZE,GROCERY,0,6
160,10758,BAKING LARGE LOAF NON PAN PRESTIGE STICK,PRESTIGE NON STICK LOAF BAKING PAN LARGE,GROCERY,1,7
161,10097,AER AUTOMATIC GODREJ REFILL TROPICAL AIR#FRESHENER,GODREJ AER AUTOMATIC AIR FRESHENER REFILL TROPICAL,GROCERY,0,6
162,10098,DETTOL DISINFECTANT FRESH SPRAY,DETTOL DISINFECTANT SPRAY FRESH,GROCERY,2,2
163,10099,BOTTLE MILTON SPRAY,MILTON SPRAY BOTTLE,GROCERY,2,2
164,10742,AER GODREJ IN LAVENDER PLUG AIR#FRESHENER,GODREJ AER PLUG-IN AIR FRESHENER LAVENDER,GROCERY,2,4
165,10743,APPLE BLOCK CINNAMON ODONIL AIR#FRESHENER,ODONIL AIR FRESHENER BLOCK APPLE CINNAMON,GROCERY,1,4
166,10744,CLEANER FLOOR LAVENDER LIZOL,LIZOL FLOOR CLEANER LAVENDER,GROCERY,1,2
167,10745,BAGS GALA GARBAGE DUTY#HEAVY,GALA GARBAGE BAGS HEAVY DUTY,GROCERY,0,4
168,10746,BRITE SCOTCH SCRUB SPONGE DUTY#HEAVY,SCOTCH-BRITE HEAVY DUTY SCRUB SPONGE,GROCERY,0,5
169,10747,BRITE SCOTCH SCRUB SPONGE,SCOTCH-BRITE SCRUB SPONGE,GROCERY,0,4
170,10144,ALMOND BAR PROTEIN RITEBITE CHOCOLATE#DARK,RITEBITE DARK CHOCOLATE ALMOND PROTEIN BAR,GROCERY,1,5
171,10938,CHOCOLATE DOUBLE GOLD NUTRITION OPTIMUM PROTEIN STANDARD WHEY,OPTIMUM NUTRITION GOLD STANDARD WHEY PROTEIN DOUBLE CHOCOLATE,GROCERY,0,5
172,10939,CHOCOLATE ENSURE PROTEIN SHAKE,ENSURE PROTEIN SHAKE CHOCOLATE,GROCERY,0,2
173,10940,BAR CHOCOLATE PROTEIN RITEBITE,RITEBITE CHOCOLATE PROTEIN BAR,GROCERY,0,4
174,10941,JUICE REAL STRAWBERRY WATERMELON,REAL STRAWBERRY WATERMELON JUICE,GROCERY,1,4
175,10942,BAR BUTTER GRANOLA PEANUT YOGA,YOGA BAR PEANUT BUTTER GRANOLA BAR,GROCERY,1,5
176,10055,PLATES POLENTA URBAN,URBAN PLATTER POLENTA,GROCERY,0,3
177,10563,COCONUT DABUR HOMMADE MILD,DABUR HOMMADE COCONUT MILK,GROCERY,2,3
178,10564,CHING CHOW MEIN NOODLE S,CHINGÃ†S CHOW MEIN NOODLES,GROCERY,0,2
179,10565,CHESTNUTS DEL MONTE WATER,DEL MONTE WATER CHESTNUTS,GROCERY,1,3
180,10148,CHEESE CHEETOS FLAMIN HOT MAC,CHEETOS MAC & CHEESE FLAMIN HOT,GROCERY,1,4
181,10993,CHEESE KRAFT PASTA SHELLS,KRAFT CHEESY PASTA SHELLS,GROCERY,0,4
182,10100,KEYA MEXICAN SEASONING,KEYA MEXICAN SEASONING,GROCERY,0,3
183,10101,CANDLE JESUS MOKSH PRAYER,MOKSH JESUS PRAYER CANDLE,GROCERY,0,2
184,10748,REFRIED BEANS#DEL#MONTE,DEL MONTE REFRIED BEANS,GROCERY,0,1
185,10749,BEANS DIP MEXICAN WINGREENS,WINGREENS MEXICAN BEAN DIP,GROCERY,0,4
186,10750,FIERY HOT SAUCE VEEBA,VEEBA FIERY HOT SAUCE,GROCERY,1,3
187,10751,HOT MEXICAN SAUCE VEEBA,VEEBA MEXICAN HOT SAUCE,GROCERY,1,4
188,10752,CHIPOTLE SAUCE SOUTHWEST FARMS#WINGREENS,WINGREENS FARMS CHIPOTLE SOUTHWEST SAUCE,GROCERY,0,4
189,10753,ENCHILADA KEYA MEXICAN SAUCE TATA,KEYA MEXICAN TACO & ENCHILADA SAUCE,GROCERY,0,5
190,10754,CATCH CHILLI RED WHOLE,CATCH WHOLE RED CHILLI,GROCERY,1,4
191,10994,BEANS CHILLI MIX RAJMA VEEBA,VEEBA RAJMA CHILLI BEAN MIX,GROCERY,0,5
192,10995,BAKE IN SAUCE TOMATO BEANS#DEL#MONTE,DEL MONTE BAKED BEANS IN TOMATO SAUCE,GROCERY,1,4
193,10996,CHICKEN EAT PRASUMA RAVIOLI READY#TO,PRASUMA READY TO EAT CHICKEN RAVIOLI,GROCERY,0,5
194,10997,CHANA KABULI ORGANIC TATTVA,ORGANIC TATTVA ORGANIC KABULI CHANA,GROCERY,0,2
195,10998,MANTRA ORGANIC RAJMA,24 MANTRA ORGANIC ORGANIC RAJMA,GROCERY,0,3
196,10251,APPLE FARM SLURRP POUCH#PUREE,SLURRP FARM APPLE PUREE POUCH,GROCERY,1,4
197,10105,CHICKEN COKE FROZEN GODREJ POTSTICKERS SNACK YUMMIEZ READY#TO,GODREJ YUMMIEZ CHICKEN POTSTICKERS FROZEN READY TO COOK SNACK,MEAT,0,7
198,10106,CHICKEN COKE FROZEN GODREJ ITALIAN MEATBALLS STYLE YUMMIEZ READY#TO,GODREJ YUMMIEZ ITALIAN STYLE CHICKEN MEATBALLS FROZEN READY TO COOK,MEAT,0,9
199,10107,BURGER CHICKEN COKE FROZEN GODREJ JUICE PATTY YUMMIEZ READY#TO,GODREJ YUMMIEZ CHICKEN BURGER PATTY FROZEN JUICY READY TO COOK,MEAT,0,9
200,10108,CHEESE CHICKEN CRISPY FROZEN JALAPENO NUGGETS S SNACK VENKY,VENKYÃ†S CHEESY JALAPENO CHICKEN NUGGETS CRISPY FROZEN SNACK,MEAT,0,8
201,10806,CHICKEN FINGERS FROZEN GRAVY MEAL STEAK WITH CHEF#ITC#MASTER,ITC MASTER CHEF CHICKEN STEAK FINGERS WITH GRAVY FROZEN MEAL,MEAT,1,7
202,10807,CHICKEN CORN DOG FROZEN GODREJ MINT PACK SNACK YUMMIEZ,GODREJ YUMMIEZ MINI CHICKEN CORN DOGS FROZEN SNACK PACK,MEAT,2,9
203,10808,CHICKEN CORN DOG FROZEN PRETZEL SNACK STYLE CHEF#ITC#MASTER,ITC MASTER CHEF PRETZEL STYLE CHICKEN CORN DOG FROZEN SNACK,MEAT,0,8
204,10809,BITE CHICKEN FROZEN GODREJ ITALIAN MEATBALLS SIZE STYLE YUMMIEZ,GODREJ YUMMIEZ ITALIAN STYLE CHICKEN MEATBALLS BITE SIZE FROZEN,MEAT,0,9
205,10810,CHICKEN COKE FROZEN ITALIAN MEATBALLS STYLE CHEF#ITC#MASTER READY#TO,ITC MASTER CHEF CHICKEN MEATBALLS ITALIAN STYLE FROZEN READY TO COOK,MEAT,0,8
206,10811,CHICKEN FROZEN ITALIAN MEATBALLS S SNACK STYLE VENKY,VENKYÃ†S CHICKEN MEATBALLS ITALIAN STYLE FROZEN SNACK,MEAT,0,7
207,10812,CHICKEN COKE FROZEN HOMESTYLE MEATBALLS S VENKY READY#TO,VENKYÃ†S HOMESTYLE CHICKEN MEATBALLS FROZEN READY TO COOK,MEAT,0,7
208,10813,BITE BONELESS BUFFALO CHICKEN FROZEN GODREJ SNACK STYLE YUMMIEZ,GODREJ YUMMIEZ CHICKEN BITES BUFFALO STYLE BONELESS FROZEN SNACK,MEAT,0,9
209,10814,CHICKEN CRISPY FROZEN FRY STRIPS CHEF#ITC#MASTER READY#TO,ITC MASTER CHEF CRISPY CHICKEN STRIPS FROZEN READY TO FRY,MEAT,0,7
210,10815,CHICKEN FROZEN GODREJ HEAT PATTIES YUMMIEZ COOKED#FULLY READY#TO,GODREJ YUMMIEZ FULLY COOKED CHICKEN PATTIES FROZEN READY TO HEAT,MEAT,0,8
211,10816,BUFFALO CHICKEN FROZEN GODREJ SNACK SPICY STYLE WINGS YUMMIEZ,GODREJ YUMMIEZ BUFFALO STYLE CHICKEN WINGS FROZEN SPICY SNACK,MEAT,0,9
212,10817,AIR CHICKEN CRISPY FROZEN FRYER READY WINGS CHEF#ITC#MASTER,ITC MASTER CHEF AIR FRYER READY CRISPY CHICKEN WINGS FROZEN,MEAT,0,6
213,10818,CHICKEN COKE FROZEN GODREJ MEAL ORANGE SAUCE YUMMIEZ READY#TO,GODREJ YUMMIEZ CHICKEN ORANGE SAUCE FROZEN READY TO COOK MEAL,MEAT,0,9
214,10819,CHICKEN FROZEN LOADED NUGGETS PIE POT S SNACK VENKY,VENKYÃ†S CHICKEN POT PIE LOADED NUGGETS FROZEN SNACK,MEAT,0,7
215,10820,BLEU CHICKEN COKE CORDON CUTLETS FROZEN GODREJ STUFFED YUMMIEZ READY#TO,GODREJ YUMMIEZ CHICKEN CORDON BLEU STUFFED CUTLETS FROZEN READY TO COOK,MEAT,0,9
216,10821,BITE BREAST CHICKEN CRISPY FROZEN S SNACK VENKY COOKED#FULLY,VENKYÃ†S CRISPY CHICKEN BREAST BITES FROZEN FULLY COOKED SNACK,MEAT,0,8
217,10125,BURGER CHEDDAR CHICKEN GODREJ MINT PATTIES SLIDER STYLE YUMMIEZ,GODREJ YUMMIEZ CHICKEN CHEDDAR STYLE CHICKEN SLIDERS MINI BURGER PATTIES,MEAT,1,9
218,10126,AND BURGER CHEESE COKE GOURMET PATTY SPICE WITH CHEF#ITC#MASTER READY#TO,ITC MASTER CHEF GOURMET BURGER PATTY WITH CHEESE AND SPICES READY TO COOK,MEAT,1,10
219,10127,CHICKEN COKE CUTS LICIOUS MARINADE SPICY TANDOORI WINGS READY#TO,LICIOUS TANDOORI MARINATED CHICKEN WINGS READY TO COOK SPICY CUTS,MEAT,0,9
220,10128,CUTS FRESH LAMB LEG LICIOUS MEAL PREMIUM SHORT TENDER,LICIOUS FRESH LAMB LEG SHORT CUT TENDER PREMIUM MEAT,MEAT,1,8
221,10129,APPLE BAKE DESSERT EMPANADA SNACK SWEET CHEF#ITC#MASTER,ITC MASTER CHEF BAKED APPLE EMPANADA SWEET DESSERT SNACK,MEAT,2,6
222,10130,BABY BACK CHICKEN CUTS FRESH GODREJ MARINADE RAW RIBS YUMMIEZ,GODREJ YUMMIEZ CHICKEN BABY BACK RIBS FRESH RAW MARINATED CUTS,MEAT,2,10
223,10131,CHICKEN COKE KABOBS LICIOUS SKEWERS VEGETABLE WITH READY#TO,LICIOUS CHICKEN KABOBS WITH VEGETABLES READY TO COOK SKEWERS,MEAT,1,7
224,10132,CHICKEN COUNTRY FRESH LINKS S SAUSAGE SPICE STYLE VENKY,VENKYÃ†S COUNTRY STYLE CHICKEN SAUSAGE FRESH SPICED LINKS,MEAT,1,8
225,10133,CHICKEN FROZEN GODREJ ITALIAN LINKS MILD SAUSAGE SPICE STYLE YUMMIEZ,GODREJ YUMMIEZ ITALIAN STYLE CHICKEN SAUSAGE LINKS MILD SPICED FROZEN,MEAT,0,10
226,10134,CHICKEN FLAVOUR GODREJ LINKS PAPRIKA SAUSAGE SMOKE SPICY YUMMIEZ,GODREJ YUMMIEZ SMOKED PAPRIKA CHICKEN SAUSAGE LINKS SPICY FLAVOURED,MEAT,1,9
227,10899,CUTS FRESH GOAT LICIOUS PREMIUM ROASTED,LICIOUS FRESH GOAT ROAST PREMIUM CUT,MEAT,1,6
228,10900,AND BURGER CHEESE COKE MUSHROOM PATTY CHEF#ITC#MASTER READY#TO,ITC MASTER CHEF MUSHROOM AND CHEESE BURGER PATTY READY TO COOK,MEAT,0,8
229,10901,BELLY BONELESS CHICKEN CUTS LICIOUS PREMIUM,LICIOUS CHICKEN BELLY BONELESS PREMIUM CUT,MEAT,0,6
230,10902,BONELESS BREAST CHICKEN FRESH HAND LICIOUS SKINLESS TRIMMED,LICIOUS BONELESS SKINLESS CHICKEN BREAST FRESH HAND TRIMMED,MEAT,2,6
231,10903,BONELESS BREAST CHICKEN COKE FRESH LICIOUS SLICED THIN READY#TO,LICIOUS THIN SLICED BONELESS CHICKEN BREAST FRESH READY TO COOK,MEAT,1,9
232,10904,BREAKFAST CHICKEN FRESH GODREJ GROUND MIX SAUSAGE SPICE YUMMIEZ,GODREJ YUMMIEZ GROUND CHICKEN BREAKFAST SAUSAGE FRESH SPICED MIX,MEAT,1,9
233,10135,BONES CHICKEN COOKIES CUTS FRESH LICIOUS NECK SMOKE TRADITIONAL,LICIOUS SMOKED CHICKEN NECK BONES FRESH TRADITIONAL COOKING CUTS,MEAT,1,9
234,10906,CHICKEN EAT GODREJ HAM SLICED SMOKE STYLE YUMMIEZ READY#TO,GODREJ YUMMIEZ CHICKEN SLICED SMOKED HAM STYLE READY TO EAT,MEAT,0,9
235,10907,BROWN CHICKEN EAT GLAZED GODREJ HAM QUART STYLE SUGAR YUMMIEZ READY#TO,GODREJ YUMMIEZ CHICKEN QUARTER HAM STYLE BROWN SUGAR GLAZED READY TO EAT,MEAT,2,11
236,10908,CHICKEN CUTS HALF HAM LICIOUS PREMIUM SMOKE STYLE,LICIOUS CHICKEN HAM STYLE HALF CUT PREMIUM SMOKED,MEAT,0,8
237,10909,CHICKEN GLAZED GODREJ HAM HONEY SERVE STYLE YUMMIEZ READY#TO,GODREJ YUMMIEZ CHICKEN HONEY GLAZED HAM STYLE READY TO SERVE,MEAT,1,9
238,10910,CHICKEN CUTS EAT GODREJ HALF HAM MINT SMOKE STYLE YUMMIEZ READY#TO,GODREJ YUMMIEZ CHICKEN MINI HAM STYLE HALF CUT SMOKED READY TO EAT,MEAT,1,11
239,10911,CHICKEN CUTS HAM LICIOUS PREMIUM SMOKE STYLE WHOLE,LICIOUS CHICKEN WHOLE HAM STYLE PREMIUM SMOKED CUT,MEAT,0,8
240,10912,CHICKEN GODREJ HAM QUART SERVE SLICED SPIRAL STYLE YUMMIEZ READY#TO,GODREJ YUMMIEZ CHICKEN SPIRAL SLICED HAM STYLE QUARTER READY TO SERVE,MEAT,0,9
241,10913,CHICKEN COOKIES DICED GODREJ HAM HICKORY INGREDIENT SMOKE STYLE YUMMIEZ,GODREJ YUMMIEZ CHICKEN HICKORY SMOKED DICED HAM STYLE COOKING INGREDIENT,MEAT,0,10
242,10914,CHICKEN COKE DICED GODREJ HAM INGREDIENT STYLE YUMMIEZ READY#TO,GODREJ YUMMIEZ CHICKEN DICED HAM STYLE READY TO COOK INGREDIENT,MEAT,0,9
243,10915,BREAKFAST CHICKEN COKE CUTS HAM LICIOUS STYLE THIN READY#TO,LICIOUS CHICKEN BREAKFAST HAM STYLE THIN CUT READY TO COOK,MEAT,0,9
244,10916,CHICKEN EAT S SMOKE SNACK STICK VENKY READY#TO,VENKYÃ†S CHICKEN SNACK STICKS SMOKED READY TO EAT,MEAT,1,7
245,10917,CHICKEN CUTS GODREJ HAM HONEY PREMIUM SMOKE STEAK STYLE YUMMIEZ,GODREJ YUMMIEZ CHICKEN HONEY HAM STYLE STEAK PREMIUM SMOKED CUT,MEAT,1,10
246,10124,CHICKEN COOKIES CUTS GIZZARD LICIOUS STOMACH TRADITIONAL,LICIOUS CHICKEN STOMACH (GIZZARD) TRADITIONAL COOKING CUT,MEAT,0,6
247,10778,BASED BONES GOAT LICIOUS MARROW RICH SOUR,LICIOUS GOAT MARROW BONES RICH SOUP BASE,MEAT,0,7
248,10779,FRESH GOAT LICIOUS LIVER MEAL ORGANIC,LICIOUS GOAT LIVER FRESH ORGAN MEAT,MEAT,1,6
249,10780,BONES GOAT INGREDIENT LICIOUS RICH SOUR STOCK,LICIOUS GOAT SOUP BONES RICH STOCK INGREDIENT,MEAT,0,7
250,10781,BONES CUTS GOAT LICIOUS MARROW PREMIUM SOUR,LICIOUS GOAT MARROW BONES PREMIUM SOUP CUT,MEAT,0,7
251,10889,APPLE ASIAN FRESH KIT MIX PACK SALAD STYLE READY#TO,FRESH PACK ASIAN STYLE APPLE SALAD KIT READY TO MIX,MEAT,4,9
252,10769,BITE CHICKEN SALAMI FRESHLY#PREPARED,FRESHLY PREPARED CHICKEN SALAMI BITES,MEAT,0,4
253,10770,AND CHEESE CHICKEN PLATES SALAMI SNACK FRESHLY#PREPARED,FRESHLY PREPARED CHICKEN SALAMI AND CHEESE SNACK PLATTER,MEAT,0,7
254,10771,CHICKEN MOZZARELLA SNACK FRESHLY#PREPARED,FRESHLY PREPARED CHICKEN MOZZARELLA SNACK,MEAT,0,4
255,10834,AND CHEESE CHICKEN CRACKERS SNACK WITH FRESHLY#PREPARED,FRESHLY PREPARED CHICKEN AND CHEESE SNACK WITH CRACKERS,MEAT,1,7
256,10835,AND CHEESE CHICKEN SNACK STACKERS FRESHLY#PREPARED,FRESHLY PREPARED CHICKEN AND CHEESE SNACK STACKERS,MEAT,0,5
257,10836,CHICKEN NUGGETS FRESHLY#PREPARED,FRESHLY PREPARED CHICKEN NUGGETS,MEAT,0,3
258,10837,CHEESE DIP NACHOS WITH FRESHLY#PREPARED,FRESHLY PREPARED NACHOS WITH CHEESE DIP,MEAT,1,5
259,10838,CHICKEN PEPPERS PIZZA SNACK STYLE FRESHLY#PREPARED,FRESHLY PREPARED CHICKEN PEPPERONI STYLE PIZZA SNACK,MEAT,0,6
260,10839,CHICKEN SNACK FRESHLY#PREPARED,FRESHLY PREPARED CHICKEN SNACK,MEAT,0,3
261,10840,CHICKEN PACK PIZZA SNACK FRESHLY#PREPARED,FRESHLY PREPARED CHICKEN PIZZA SNACK PACK,MEAT,1,5
262,10841,AND CHICKEN CRACKERS SNACK FRESHLY#PREPARED,FRESHLY PREPARED CHICKEN AND CRACKER SNACK,MEAT,0,5
263,10842,AND CHEESE CHICKEN FRESHLY#PREPARED,FRESHLY PREPARED CHICKEN AND CHEESE,MEAT,0,4
264,10843,CHICKEN PEPPERS PIZZA STYLE FRESHLY#PREPARED,FRESHLY PREPARED CHICKEN PEPPERONI STYLE PIZZA,MEAT,0,5
265,10136,AND BACK CHICKEN CUTS FRESH FROZEN PIECES,FRESH CHICKEN BACK PIECES CUT AND FROZEN,MEAT,1,7
266,10137,CHICKEN CUTS FRESH FROZEN PACK PIECES WINGS,FRESH CHICKEN WINGS CUT PIECES FROZEN PACK,MEAT,2,7
267,10138,CHICKEN CUTS FRESH FROZEN PACK PIECES THIGH,FRESH CHICKEN THIGH PIECES CUT FROZEN PACK,MEAT,2,7
268,10139,BACK CHICKEN FRESH PIECES,FRESH CHICKEN BACK PIECES,MEAT,1,4
269,10140,CHICKEN FRESH PIECES RAW THIGH,FRESH CHICKEN THIGH PIECES RAW,MEAT,1,5
270,10141,CHICKEN FRESH SMOKE WINGS,FRESH SMOKED CHICKEN WINGS,MEAT,1,4
271,10918,AND BONELESS BREAST CHICKEN DARK FRESH MEAL MIX WHITE,FRESH BONELESS CHICKEN BREAST WHITE AND DARK MEAT MIX,MEAT,3,9
272,10919,BREAST CHICKEN CUTS FRESH QUART SLICED,FRESH SLICED CHICKEN BREAST QUARTER CUTS,MEAT,1,6
273,10920,CHICKEN FRESH FROZEN WHOLE,FRESH WHOLE CHICKEN FROZEN,MEAT,1,4
274,10921,CHICKEN FRESH FROZEN LARGE SIZE WHOLE,FRESH WHOLE CHICKEN LARGE SIZE FROZEN,MEAT,1,6
275,10922,CHICKEN EXTRA FRESH LARGE PACK SIZE WHOLE,FRESH WHOLE CHICKEN EXTRA LARGE SIZE PACK,MEAT,3,7
276,10772,BACON CHICKEN FRESH MEAL SLICED SMOKE STYLE THICK,FRESH CHICKEN BACON STYLE THICK SLICED SMOKED MEAT,MEAT,1,8
277,10773,BACON CHICKEN FRESH REGULAR SLICED STYLE,FRESH CHICKEN BACON STYLE REGULAR SLICES,MEAT,1,6
278,10774,BACON CHICKEN FRESH MEAL SLICED SMOKE STYLE,FRESH CHICKEN BACON STYLE SLICED SMOKED MEAT,MEAT,1,7
279,10775,APPLEWOOD BACON CHICKEN FRESH SLICED SMOKE STYLE,FRESH CHICKEN BACON STYLE APPLEWOOD SMOKED SLICES,MEAT,1,6
280,10776,BACON CHICKEN DOUBLE FLAVOUR FRESH PEPPERS SMOKE STYLE,FRESH CHICKEN BACON STYLE DOUBLE SMOKED PEPPER FLAVOUR,MEAT,2,8
281,10777,AND BACON CHICKEN CUTS ENDS FRESH PIECES STYLE UNCURED,FRESH CHICKEN BACON STYLE CUTS ENDS AND PIECES UNCURED,MEAT,1,8
282,10825,CHICKEN FRESH KEEMA MINCE S VENKY,VENKY'S FRESH CHICKEN MINCE (KEEMA),MEAT,1,5
283,10844,BONELESS CUTS FRESH LAMB LEG MEAL PREMIUM TENDER,FRESH BONELESS LAMB LEG PREMIUM TENDER MEAT CUT,MEAT,1,8
284,10845,CHOPS CUTS FRENCH FRESH LAMB MEAL PREMIUM RIBS,FRESH LAMB RIB CHOPS FRENCH CUT PREMIUM MEAT,MEAT,1,8
285,10804,BONELESS BREAST CHICKEN CUBES FROZEN GODREJ GOOD REAL SKINLESS,GODREJ REAL GOOD FROZEN BONELESS CHICKEN BREAST CUBES SKINLESS,MEAT,0,9
286,10805,CHICKEN COKE FROZEN S TENDERLOINS VENKY READY#TO,VENKY'S FROZEN CHICKEN TENDERLOINS READY TO COOK,MEAT,0,6
287,10894,CHICKEN COKE FRESH LEG LEMON LICIOUS MARINADE PEPPERS QUART READY#TO,LICIOUS FRESH CHICKEN LEG QUARTER LEMON PEPPER MARINATED READY TO COOK,MEAT,2,10
288,10895,CHICKEN COOKIES CUTS FOR FRESH LEG LICIOUS PLAIN QUART READY,LICIOUS FRESH CHICKEN LEG QUARTER PLAIN CUT READY FOR COOKING,MEAT,2,10
289,10826,BBQ BURNT CHICKEN ENDS IN KANSAS LICIOUS SAUCE STYLE,LICIOUS CHICKEN BURNT ENDS IN KANSAS STYLE BBQ SAUCE,MEAT,1,6
290,10827,CARNITAS CHICKEN COKE LICIOUS READY#TO,LICIOUS READY TO COOK CHICKEN CARNITAS,MEAT,0,4
291,10828,CHICKEN CHIPOTLE LICIOUS LIME MARINADE THIGH,LICIOUS CHIPOTLE LIME MARINATED CHICKEN THIGHS,MEAT,1,6
292,10829,BBQ CHICKEN DICED KOREAN LICIOUS STYLE,LICIOUS KOREAN BBQ STYLE DICED CHICKEN,MEAT,0,6
293,10831,CHICKEN CHILE CHILLI GRAVY GREEN IN LICIOUS STYLE VERDE,LICIOUS CHICKEN IN GREEN CHILLI GRAVY CHILE VERDE STYLE,MEAT,1,6
294,10832,BABY BACK BBQ CHICKEN LICIOUS MARINADE RIBS WITH,LICIOUS BABY BACK CHICKEN RIBS WITH BBQ MARINADE,MEAT,2,8
295,10833,BBQ CHICKEN EAT IN LICIOUS PULLED SAUCE READY#TO,LICIOUS READY TO EAT PULLED CHICKEN IN BBQ SAUCE,MEAT,1,7
296,10873,CREAMY FAMILY MASHED PACK POTATO CHEF#ITC#MASTER,ITC MASTER CHEF CREAMY MASHED POTATOES FAMILY PACK,MEAT,2,6
297,10874,AND BLACK PEPPERS POTATO ROASTED SALT SEA WITH CHEF#ITC#MASTER,ITC MASTER CHEF ROASTED POTATOES WITH SEA SALT AND BLACK PEPPER,MEAT,4,9
298,10875,AND GARLIC POTATO ROASTED ROSEMARY WITH CHEF#ITC#MASTER,ITC MASTER CHEF ROASTED POTATOES WITH GARLIC AND ROSEMARY,MEAT,1,7
299,10876,EAT MEXICAN RICH STYLE CHEF#ITC#MASTER READY#TO,ITC MASTER CHEF READY TO EAT MEXICAN STYLE RICE,MEAT,0,6
300,10905,CHICKEN FLAVOUR LICIOUS PEPPERS SNACK SPICY STICK STYLE,LICIOUS CHICKEN PEPPERONI STYLE SNACK STICKS SPICY FLAVOUR,MEAT,2,8
301,10112,CHICKEN GODREJ GRAM KEBAB PACK SEEKH YUMMIEZ,GODREJ YUMMIEZ CHICKEN SEEKH KEBAB 240 GRAM PACK,MEAT,1,5
302,10113,CHICKEN GRAM PACK TIKKA CHEF#ITC#MASTER,ITC MASTER CHEF CHICKEN TIKKA 250 GRAM PACK,MEAT,1,5
303,10114,BONELESS BREAST CHICKEN GRAM LICIOUS PACK,LICIOUS CHICKEN BONELESS BREAST 500 GRAM PACK,MEAT,1,6
304,10115,CHICKEN GODREJ GRAM NUGGETS PACK YUMMIEZ,GODREJ YUMMIEZ CHICKEN NUGGETS 400 GRAM PACK,MEAT,1,6
305,10116,CHICKEN GODREJ GRAM PACK WINGS YUMMIEZ,GODREJ YUMMIEZ CHICKEN WINGS 400 GRAM PACK,MEAT,1,6
306,10117,CHICKEN GRAM MALAI PACK TIKKA CHEF#ITC#MASTER,ITC MASTER CHEF CHICKEN MALAI TIKKA 250 GRAM PACK,MEAT,1,5
307,10867,CURRY CUTS GRAM LICIOUS MUTTON PACK,LICIOUS MUTTON CURRY CUT 500 GRAM PACK,MEAT,1,6
308,10868,BONELESS BREAST CHICKEN FRESHTOHOME GRAM PACK,FRESHTOHOME CHICKEN BONELESS BREAST 500 GRAM PACK,MEAT,1,6
309,10869,CHICKEN GODREJ GRAM PACK SAUSAGE YUMMIEZ,GODREJ YUMMIEZ CHICKEN SAUSAGES 250 GRAM PACK,MEAT,1,6
310,10870,CHICKEN GRAM LICIOUS PACK TENDERLOINS,LICIOUS CHICKEN TENDERLOIN 250 GRAM PACK,MEAT,1,5
311,10871,BONELESS CHICKEN FRESHTOHOME GRAM PACK THIGH,FRESHTOHOME CHICKEN THIGH BONELESS 500 GRAM PACK,MEAT,1,6
312,10872,BONELESS CHICKEN FRESHTOHOME GRAM PACK THIGH,FRESHTOHOME CHICKEN THIGH BONELESS 500 GRAM PACK,MEAT,1,6
313,10928,CHICKEN GODREJ GRAM PACK POPCORN YUMMIEZ,GODREJ YUMMIEZ CHICKEN POPCORN 400 GRAM PACK,MEAT,1,6
314,10103,CHICKEN KG LEG PACK PIECES RAW SKINLESS WHOLE,CHICKEN WHOLE LEG PIECE SKINLESS RAW 1 KG PACK,MEAT,1,7
315,10104,CHICKEN COKE GRAM PACK SATAY SKEWERS READY#TO,CHICKEN SATAY SKEWERS READY TO COOK 250 GRAM PACK,MEAT,1,7
316,10792,BONELESS BREAST CHICKEN CUTS FILLET GRAM PACK THIN,CHICKEN BREAST FILLET BONELESS THIN CUT 500 GRAM PACK,MEAT,1,8
317,10793,BONELESS CHICKEN FILLET GRAM PACK THIGH,CHICKEN THIGH BONELESS FILLET 500 GRAM PACK,MEAT,1,6
318,10794,CHICKEN CURRY CUTS KG PACK SKINLESS WHOLE,CHICKEN WHOLE CURRY CUT SKINLESS 1 KG PACK,MEAT,1,6
319,10795,CHICKEN CURRY CUTS GRAM PACK PIECES SKINLESS SMALL,CHICKEN CURRY CUT SMALL PIECES SKINLESS 500 GRAM PACK,MEAT,1,8
320,10796,CHICKEN CURRY CUTS DRUMSTICK GRAM PACK SKINLESS,CHICKEN DRUMSTICK SKINLESS CURRY CUT 500 GRAM PACK,MEAT,1,7
321,10797,BONELESS BREAST CHICKEN FILLET GRAM PACK,CHICKEN BREAST BONELESS FILLET 500 GRAM PACK,MEAT,1,6
322,10798,BONELESS CHICKEN CUTS GRAM PACK THIGH THIN,CHICKEN THIGH BONELESS THIN CUT 500 GRAM PACK,MEAT,1,7
323,10799,BREAST CHICKEN CUTS FILLET GRAM PACK THIN,CHICKEN BREAST FILLET THIN CUT 500 GRAM PACK,MEAT,1,7
324,10800,BACK BONES CHICKEN GRAM NECK PACK PIECES SOUR,CHICKEN SOUP BONES (BACK & NECK PIECES) 500 GRAM PACK,MEAT,1,8
325,10866,BARBECUE BOTTLE GRAM MARINADE SAUCE VEEBA,VEEBA BARBECUE MARINADE SAUCE 300 GRAM BOTTLE,MEAT,1,6
326,10896,CATCH FISH GRAM MASALA PACK SEASONING,CATCH FISH SEASONING MASALA 100 GRAM PACK,MEAT,2,6
327,10897,BARBECUE CATCH GRAM MASALA PACK SEASONING,CATCH BARBECUE SEASONING MASALA 100 GRAM PACK,MEAT,1,6
328,10898,CATCH CHICKEN GRAM MASALA PACK POWDER,CATCH CHICKEN MASALA POWDER 100 GRAM PACK,MEAT,2,6
329,10109,BURGER CHICKEN GODREJ GRAM PACK PATTY YUMMIEZ,GODREJ YUMMIEZ CHICKEN BURGER PATTY 360 GRAM PACK,MEAT,1,7
330,10822,CHICKEN FRESHTOHOME GRAM MINCE PACK,FRESHTOHOME CHICKEN MINCE 500 GRAM PACK,MEAT,1,5
331,10823,BURGER CHICKEN GODREJ GRAM MINT PACK PATTIES YUMMIEZ,GODREJ YUMMIEZ CHICKEN MINI BURGER PATTIES 240 GRAM PACK,MEAT,2,8
332,10824,BURGER CHICKEN GRAM PACK PATTIES CHEF#ITC#MASTER,ITC MASTER CHEF CHICKEN BURGER PATTIES 300 GRAM PACK,MEAT,1,6
333,10877,CHICKEN GOODDOT GRAM MINCE PACK VEG BASED#PLANT,GOODDOT VEG CHICKEN PLANT BASED MINCE 200 GRAM PACK,MEAT,1,6
334,10110,CHICKEN S SAUSAGE VENKY,VENKYÃ†S CHICKEN SAUSAGE,MEAT,0,3
335,10111,CHICKEN GODREJ GOOD REAL SAUSAGE,GODREJ REAL GOOD CHICKEN SAUSAGE,MEAT,0,5
336,10846,CHICKEN S SALAMI VENKY,VENKYÃ†S CHICKEN SALAMI,MEAT,0,3
337,10847,BITE CHICKEN GODREJ GOOD REAL SAUSAGE,GODREJ REAL GOOD CHICKEN SAUSAGE BITES,MEAT,0,6
338,10848,CHICKEN S SAUSAGE VENKY,VENKYÃ†S CHICKEN SAUSAGE,MEAT,0,3
339,10849,CHICKEN GODREJ GOOD REAL SALAMI,GODREJ REAL GOOD CHICKEN SALAMI,MEAT,0,5
340,10850,CHICKEN S SAUSAGE VENKY,VENKYÃ†S CHICKEN SAUSAGE,MEAT,0,3
341,10851,CHICKEN SAUSAGE ZORABIAN,ZORABIAN CHICKEN SAUSAGE,MEAT,0,3
342,10852,CHICKEN GODREJ GOOD REAL SALAMI,GODREJ REAL GOOD CHICKEN SALAMI,MEAT,0,5
343,10853,CHICKEN GODREJ GOOD HAM REAL,GODREJ REAL GOOD CHICKEN HAM,MEAT,0,5
344,10854,CHICKEN S SALAMI VENKY,VENKYÃ†S CHICKEN SALAMI,MEAT,0,3
345,10855,CHICKEN GODREJ GOOD REAL SALAMI,GODREJ REAL GOOD CHICKEN SALAMI,MEAT,0,5
346,10856,CHICKEN SALAMI ZORABIAN,ZORABIAN CHICKEN SALAMI,MEAT,0,3
347,10857,CHICKEN GODREJ GOOD REAL SAUSAGE SMOKE,GODREJ REAL GOOD CHICKEN SMOKED SAUSAGE,MEAT,0,6
348,10858,CHICKEN S SAUSAGE VENKY,VENKYÃ†S CHICKEN SAUSAGE,MEAT,0,3
349,10859,CHICKEN HAM ZORABIAN,ZORABIAN CHICKEN HAM,MEAT,0,3
350,10860,CHICKEN PRASUMA SAUSAGE,PRASUMA CHICKEN SAUSAGE,MEAT,0,3
351,10861,CHICKEN GODREJ SAUSAGE YUMMIEZ,GODREJ YUMMIEZ CHICKEN SAUSAGE,MEAT,0,4
352,10862,CHICKEN SAUSAGE ZORABIAN,ZORABIAN CHICKEN SAUSAGE,MEAT,0,3
353,10863,CHICKEN GODREJ GOOD REAL SALAMI,GODREJ REAL GOOD CHICKEN SALAMI,MEAT,0,5
354,10864,CHICKEN S SALAMI VENKY,VENKYÃ†S CHICKEN SALAMI,MEAT,0,3
355,10865,CHICKEN HAM ZORABIAN,ZORABIAN CHICKEN HAM,MEAT,0,3
356,10118,BONELESS BREAST CHICKEN PRASUMA,PRASUMA CHICKEN BREAST BONELESS,MEAT,0,4
357,10119,BONES CHICKEN CURRY CUTS IN LICIOUS,LICIOUS CHICKEN CURRY CUT BONE-IN,MEAT,1,5
358,10120,CHICKEN FROZEN PRASUMA WINGS,PRASUMA CHICKEN WINGS FROZEN,MEAT,0,4
359,10121,CHICKEN LICIOUS WINGLETS,LICIOUS CHICKEN WINGLETS,MEAT,0,2
360,10122,CHICKEN DRUMSTICK PACK PRASUMA VALUE,PRASUMA CHICKEN DRUMSTICKS VALUE PACK,MEAT,1,5
361,10123,BONELESS CHICKEN LICIOUS THIGH,LICIOUS CHICKEN THIGH BONELESS,MEAT,0,4
362,10878,BONELESS BREAST CHICKEN FILLET LICIOUS,LICIOUS CHICKEN BREAST FILLET BONELESS,MEAT,0,5
363,10879,BREAST CHICKEN CUTS PRASUMA THIN,PRASUMA CHICKEN BREAST THIN CUT,MEAT,0,5
364,10880,BREAST CHICKEN LICIOUS STRIPS,LICIOUS CHICKEN BREAST STRIPS,MEAT,0,4
365,10881,BBQ CHICKEN CUTS PRASUMA WINGS,PRASUMA CHICKEN WINGS BBQ CUT,MEAT,0,5
366,10882,BBQ CHICKEN LICIOUS STYLE WINGS,LICIOUS CHICKEN WINGS BBQ STYLE,MEAT,0,5
367,10883,BONELESS CHICKEN LEG PRASUMA,PRASUMA CHICKEN LEG BONELESS,MEAT,0,4
368,10884,CHICKEN CURRY CUTS LICIOUS WHOLE,LICIOUS WHOLE CHICKEN CURRY CUT,MEAT,0,5
369,10885,CHICKEN CUTS PRASUMA ROASTED,PRASUMA CHICKEN ROAST CUT,MEAT,0,4
370,10886,BONELESS CHICKEN CURRY CUTS LICIOUS,LICIOUS CHICKEN CURRY CUT BONELESS,MEAT,0,5
371,10887,BREAST CHICKEN CUTS PIECES PRASUMA,PRASUMA CHICKEN BREAST CUT PIECES,MEAT,0,5
372,10888,BONELESS CHICKEN CUBES LICIOUS,LICIOUS CHICKEN BONELESS CUBES,MEAT,0,4
373,10142,CHICKEN GARLIC PRASUMA SAUSAGE,PRASUMA GARLIC CHICKEN SAUSAGE,MEAT,0,4
374,10784,BLACK CHICKEN LICIOUS PEPPERS SAUSAGE SMOKE,LICIOUS SMOKED CHICKEN SAUSAGE BLACK PEPPER,MEAT,1,6
375,10785,CHICKEN PRASUMA SAUSAGE SMOKE SPICY,PRASUMA SMOKED CHICKEN SAUSAGE SPICY,MEAT,0,5
376,10786,CHEESE CHICKEN CHILLI LICIOUS SAUSAGE,LICIOUS CHEESE & CHILLI CHICKEN SAUSAGE,MEAT,0,5
377,10787,CHICKEN FRESH GARLIC SAUSAGE,FRESHO! CHICKEN GARLIC SAUSAGE,MEAT,1,4
378,10788,CHICKEN MILD PRASUMA SAUSAGE SMOKE,PRASUMA SMOKED CHICKEN SAUSAGE MILD,MEAT,0,5
379,10789,CHICKEN MEATIGO SAUSAGE SMOKY STYLE SWEET,MEATIGO CHICKEN SAUSAGE SWEET SMOKY STYLE,MEAT,1,6
380,10790,CHICKEN LICIOUS PEPPERS ROASTED SAUSAGE,LICIOUS ROASTED PEPPER CHICKEN SAUSAGE,MEAT,0,5
381,10791,CHICKEN GODREJ SAUSAGE SLICED YUMMIEZ,GODREJ YUMMIEZ CHICKEN SAUSAGE SLICES,MEAT,0,5
382,10923,BRATWURST CHICKEN LICIOUS,LICIOUS CHICKEN BRATWURST,MEAT,0,3
383,10924,CHICKEN CLASSIC PRASUMA SAUSAGE,PRASUMA CLASSIC CHICKEN SAUSAGE,MEAT,0,4
384,10925,CHICKEN ITALIAN MEATIGO SAUSAGE SPICY,MEATIGO SPICY ITALIAN CHICKEN SAUSAGE,MEAT,0,5
385,10926,CHICKEN PRASUMA SAUSAGE SPICY,PRASUMA SPICY CHICKEN SAUSAGE,MEAT,0,4
386,10927,CHICKEN LICIOUS SAUSAGE SMOKE,LICIOUS SMOKED CHICKEN SAUSAGE,MEAT,0,4
387,10890,BONELESS BREAST CHICKEN LICIOUS PREMIUM,LICIOUS CHICKEN BREAST BONELESS PREMIUM,MEAT,0,5
388,10891,BREAST CHICKEN PRASUMA FILLET#PERI,PRASUMA PERI PERI CHICKEN BREAST FILLET,MEAT,0,3
389,10892,BREAST CHICKEN FILLET TENDERCUTS,TENDERCUTS CHICKEN BREAST FILLET,MEAT,0,3
390,10893,BONELESS BREAST CHICKEN FRESHTOHOME PREMIUM,FRESHTOHOME PREMIUM CHICKEN BREAST BONELESS,MEAT,0,5
391,10782,BREAKFAST CHICKEN PRASUMA SAUSAGE,PRASUMA BREAKFAST CHICKEN SAUSAGE,MEAT,0,4
392,10783,CHICKEN G PRASUMA SAUSAGE,PRASUMA CHICKEN SAUSAGE 250G,MEAT,0,3
393,10016,BAGELS BREAD BREAKFAST MODERN PUMPKIN SOFT SPICY,MODERN PUMPKIN SPICE BAGELS SOFT BREAKFAST BREAD,BAKERY PKGD OUTSIDE,0,7
394,10017,BAGELS BREAD BREAKFAST CINNAMON MODERN SOFT SWIRL,MODERN CINNAMON SWIRL BAGELS SOFT BREAKFAST BREAD,BAKERY PKGD OUTSIDE,0,7
395,10018,BAGELS BREAD EVERYTHING MODERN OF PACK SOFT,MODERN EVERYTHING BAGELS PACK OF 6 SOFT BREAD,BAKERY PKGD OUTSIDE,2,6
396,10019,BAGELS BLUEBERRY BREAD MODERN OF PACK SOFT,MODERN BLUEBERRY BAGELS PACK OF 6 SOFT BREAD,BAKERY PKGD OUTSIDE,2,6
397,10337,BAGELS BREAD BREAKFAST FLAVOUR MODERN PIZZA SAVOURY,MODERN PIZZA FLAVOURED BAGELS SAVOURY BREAKFAST BREAD,BAKERY PKGD OUTSIDE,1,7
398,10338,BAGELS BREAD CHEDDAR CHEESE FLAVOUR JALAPENO MODERN SPICY,MODERN JALAPENO CHEDDAR BAGELS SPICY CHEESE FLAVOURED BREAD,BAKERY PKGD OUTSIDE,1,8
399,10339,BAGELS BREAD BRITANNIA EVERYTHING MIXED SAVOURY SEEDS,BRITANNIA EVERYTHING BAGELS MIXED SEEDS SAVOURY BREAD,BAKERY PKGD OUTSIDE,0,7
400,10340,BAGELS BREAD BRITANNIA OF PACK PLAIN SOFT,BRITANNIA PLAIN BAGELS PACK OF 6 SOFT BREAD,BAKERY PKGD OUTSIDE,2,6
401,10341,BAGELS BREAD BREAKFAST FREE GLUTEN PLAIN SCHAR SOFT,SCHAR GLUTEN FREE PLAIN BAGELS SOFT BREAKFAST BREAD,BAKERY PKGD OUTSIDE,1,8
402,10342,BAGELS BREAD BRITANNIA CLASSIC OF PACK PLAIN SOFT,BRITANNIA CLASSIC PLAIN BAGELS PACK OF 5 SOFT BREAD,BAKERY PKGD OUTSIDE,2,7
403,10343,BAGELS BREAD FLAVOUR MODERN ONION SAVOURY,MODERN ONION BAGELS SAVOURY FLAVOURED BREAD,BAKERY PKGD OUTSIDE,1,6
404,10344,BAGELS BREAD HAWAIIAN MODERN SOFT SWEET,MODERN HAWAIIAN BAGELS SWEET SOFT BREAD,BAKERY PKGD OUTSIDE,1,6
405,10335,BAGELS BLUEBERRY BREAD BREAKFAST MINT MODERN SOFT SWEET,MODERN MINI BLUEBERRY BAGELS SOFT SWEET BREAKFAST BREAD,BAKERY PKGD OUTSIDE,2,8
406,10336,BAGELS BREAD HAWAIIAN MINT MODERN SOFT SWEET,MODERN MINI HAWAIIAN BAGELS SOFT SWEET BREAD,BAKERY PKGD OUTSIDE,2,7
407,10013,BRITANNIA ENGLISH MUFFIN OF PACK PLAIN,BRITANNIA ENGLISH MUFFINS PLAIN PACK OF 10,BAKERY PKGD OUTSIDE,2,5
408,10325,BREAD BREAKFAST BRITANNIA ENGLISH MUFFIN RAISIN SWEET,BRITANNIA RAISIN ENGLISH MUFFINS SWEET BREAKFAST BREAD,BAKERY PKGD OUTSIDE,1,7
409,10326,BREAD BREAKFAST BRITANNIA ENGLISH MUFFIN SOFT SOURDOUGH,BRITANNIA SOURDOUGH ENGLISH MUFFINS SOFT BREAKFAST BREAD,BAKERY PKGD OUTSIDE,0,7
410,10327,BREAD BREAKFAST BRITANNIA ENGLISH MUFFIN PLAIN SOFT,BRITANNIA ENGLISH MUFFINS PLAIN SOFT BREAKFAST BREAD,BAKERY PKGD OUTSIDE,0,7
411,10328,BREAD BREAKFAST BRITANNIA ENGLISH LOW MUFFIN CARB#KETO,BRITANNIA KETO ENGLISH MUFFINS LOW CARB BREAKFAST BREAD,BAKERY PKGD OUTSIDE,0,7
412,10329,BREAD BREAKFAST BRITANNIA ENGLISH MUFFIN ORIGINAL SOFT,BRITANNIA ENGLISH MUFFINS ORIGINAL SOFT BREAKFAST BREAD,BAKERY PKGD OUTSIDE,1,7
413,10014,BREAD BREAKFAST BRITANNIA BROWN CINNAMON LOAF OATS SOFT SUGAR,BRITANNIA BROWN SUGAR CINNAMON OATS BREAD SOFT BREAKFAST LOAF,BAKERY PKGD OUTSIDE,2,9
414,10015,BLUEBERRY BREAD BREAKFAST BRITANNIA LOAF OATS SOFT,BRITANNIA BLUEBERRY OATS BREAD SOFT BREAKFAST LOAF,BAKERY PKGD OUTSIDE,0,7
415,10330,BREAD BREAKFAST BRITANNIA CINNAMON FREE GLUTEN LOAF RAISIN SWEET,BRITANNIA CINNAMON RAISIN BREAD GLUTEN FREE SWEET BREAKFAST LOAF,BAKERY PKGD OUTSIDE,2,9
416,10331,BREAD SLICED SOFT TEXAS THICK TOASTED GOLD#HARVEST,HARVEST GOLD TEXAS TOAST THICK SLICED SOFT BREAD,BAKERY PKGD OUTSIDE,0,6
417,10332,BREAD BREAKFAST BRITANNIA FLAVOUR LOAF SEASONING SPECIAL,BRITANNIA SEASONAL BREAKFAST BREAD SPECIAL FLAVOUR LOAF,BAKERY PKGD OUTSIDE,1,7
418,10333,BREAD BREAKFAST BRITANNIA CINNAMON LOAF SWEET SWIRL,BRITANNIA CINNAMON SWIRL BREAD SWEET BREAKFAST LOAF,BAKERY PKGD OUTSIDE,1,7
419,10334,BREAD BREAKFAST CINNAMON LOAF RAISIN SWEET SWIRL GOLD#HARVEST,HARVEST GOLD CINNAMON RAISIN SWIRL BREAD SWEET BREAKFAST LOAF,BAKERY PKGD OUTSIDE,1,8
420,10029,BREAD BRITANNIA HOMESTYLE LOAF SMALL WHITE,BRITANNIA HOMESTYLE WHITE BREAD SMALL LOAF,BAKERY PKGD OUTSIDE,1,6
421,10383,BREAD BRITANNIA FREE GLUTEN HAWAIIAN LOAF SOFT SWEET,BRITANNIA GLUTEN FREE HAWAIIAN BREAD SWEET SOFT LOAF,BAKERY PKGD OUTSIDE,2,8
422,10384,BREAD BRITANNIA CLASSIC LOAF PREMIUM SOFT WHITE,BRITANNIA CLASSIC WHITE BREAD PREMIUM SOFT LOAF,BAKERY PKGD OUTSIDE,1,7
423,10027,BREAD HALF LOAF SANDWICH SOFT SOURDOUGH GOLD#HARVEST,HARVEST GOLD SOURDOUGH BREAD HALF LOAF SOFT SANDWICH BREAD,BAKERY PKGD OUTSIDE,0,7
424,10367,BREAD CRACKERS LOAF RUSTIC SANDWICH SOURDOUGH STYLE WHEAT GOLD#HARVEST,HARVEST GOLD SOURDOUGH CRACKED WHEAT BREAD RUSTIC STYLE SANDWICH LOAF,BAKERY PKGD OUTSIDE,0,9
425,10368,BREAD HEALTH LOAF PERCENT SANDWICH SOFT WHEAT WHOLE GOLD#HARVEST,HARVEST GOLD 100 PERCENT WHOLE WHEAT BREAD SOFT HEALTHY SANDWICH LOAF,BAKERY PKGD OUTSIDE,0,9
426,10369,BREAD BRITANNIA DAILY LOAF SANDWICH SOFT WHEAT,BRITANNIA WHEAT BREAD SOFT DAILY SANDWICH LOAF,BAKERY PKGD OUTSIDE,1,7
427,10370,BREAD LOAF MULTIGRAIN SANDWICH SEEDS SLICED GOLD#HARVEST,HARVEST GOLD SEEDED BREAD SLICED MULTIGRAIN SANDWICH LOAF,BAKERY PKGD OUTSIDE,0,7
428,10371,BREAD BRITANNIA CLASSIC LOAF SANDWICH SOFT WHITE,BRITANNIA CLASSIC WHITE BREAD SOFT SANDWICH LOAF,BAKERY PKGD OUTSIDE,1,7
429,10372,BREAD LOAF ORGANIC SANDWICH SOFT WHITE GOLD#HARVEST,HARVEST GOLD ORGANIC WHITE BREAD SOFT SANDWICH LOAF,BAKERY PKGD OUTSIDE,1,7
430,10373,BREAD BRITANNIA BUTTER LOAF RICH SANDWICH SOFT,BRITANNIA BUTTER BREAD SOFT RICH SANDWICH LOAF,BAKERY PKGD OUTSIDE,1,7
431,10374,BREAD HEALTH LOAF MULTISEED ORGANIC SANDWICH GOLD#HARVEST,HARVEST GOLD ORGANIC MULTISEED BREAD HEALTHY SANDWICH LOAF,BAKERY PKGD OUTSIDE,0,7
432,10375,BREAD HEALTH LOAF MULTISEED ORGANIC SLICED THIN GOLD#HARVEST,HARVEST GOLD ORGANIC MULTISEED BREAD THIN SLICED HEALTHY LOAF,BAKERY PKGD OUTSIDE,0,8
433,10376,BREAD GRAIN HEALTH LOAF ORGANIC SANDWICH SPROUTED GOLD#HARVEST,HARVEST GOLD ORGANIC SPROUTED GRAIN BREAD HEALTHY SANDWICH LOAF,BAKERY PKGD OUTSIDE,0,8
434,10377,BREAD HONEY LOAF SANDWICH SOFT SWEET WHEAT GOLD#HARVEST,HARVEST GOLD HONEY WHEAT BREAD SOFT SWEET SANDWICH LOAF,BAKERY PKGD OUTSIDE,2,8
435,10378,BREAD FREE GLUTEN HEALTH LOAF MULTISEED SANDWICH GOLD#HARVEST,HARVEST GOLD GLUTEN FREE MULTISEED BREAD HEALTHY SANDWICH LOAF,BAKERY PKGD OUTSIDE,1,8
436,10379,BREAD BRITANNIA HAWAIIAN LOAF SANDWICH SOFT STYLE SWEET,BRITANNIA HAWAIIAN STYLE BREAD SWEET SOFT SANDWICH LOAF,BAKERY PKGD OUTSIDE,1,8
437,10028,BREAD BRIOCHE BRITANNIA LOAF PREMIUM SOFT,BRITANNIA BRIOCHE BREAD SOFT PREMIUM LOAF,BAKERY PKGD OUTSIDE,0,6
438,10381,BAKERY BREAD LOAF MULTIGRAIN PREMIUM SMOOTH GOLD#HARVEST,HARVEST GOLD MULTIGRAIN SMOOTH BREAD PREMIUM BAKERY LOAF,BAKERY PKGD OUTSIDE,0,7
439,10382,BAKERY BREAD BRITANNIA LOAF POTATO SOFT STYLE,BRITANNIA POTATO BREAD SOFT BAKERY STYLE LOAF,BAKERY PKGD OUTSIDE,0,7
440,10365,BAKERY BREAD FRENCH LOAF MODERN SLICED SOFT,MODERN FRENCH BREAD SLICED SOFT BAKERY LOAF,BAKERY PKGD OUTSIDE,0,7
441,10366,BREAD CRACKERS LOAF RUSTIC SOURDOUGH STYLE WHEAT GOLD#HARVEST,HARVEST GOLD CRACKED WHEAT SOURDOUGH BREAD RUSTIC STYLE LOAF,BAKERY PKGD OUTSIDE,0,8
442,10380,BAKERY BREAD LOAF ORGANIC RUSTIC SOURDOUGH GOLD#HARVEST,HARVEST GOLD ORGANIC SOURDOUGH BREAD RUSTIC BAKERY LOAF,BAKERY PKGD OUTSIDE,0,7
443,10021,BAKERY BRITANNIA BUNS CHICKEN ROLLS SAUSAGE SOFT,BRITANNIA CHICKEN SAUSAGE BUNS SOFT BAKERY ROLLS,BAKERY PKGD OUTSIDE,0,7
444,10022,BREAD DINNER MULTIGRAIN ROLLS SOFT GOLD#HARVEST,HARVEST GOLD MULTIGRAIN DINNER ROLLS SOFT BREAD,BAKERY PKGD OUTSIDE,0,6
445,10023,BAKERY BREAD CLASSIC DINNER ROLLS SOFT GOLD#HARVEST,HARVEST GOLD CLASSIC DINNER ROLLS SOFT BAKERY BREAD,BAKERY PKGD OUTSIDE,0,7
446,10024,BREAD BRITANNIA CROUTONS CUBES FOR SALAD SEASONING,BRITANNIA SEASONED CROUTONS BREAD CUBES FOR SALADS,BAKERY PKGD OUTSIDE,1,7
447,10349,BREAD BUNS BURGER MODERN OF PACK PUB SOFT STYLE,MODERN PUB STYLE BURGER BUNS PACK OF 8 SOFT BREAD,BAKERY PKGD OUTSIDE,2,7
448,10350,BREAD BUNS FLAVOUR HAMBURGER ONION SOFT GOLD#HARVEST,HARVEST GOLD ONION FLAVOURED HAMBURGER BUNS SOFT BREAD,BAKERY PKGD OUTSIDE,1,7
449,10351,BAKE BASED BRITANNIA INCH PIZZA THIN ULTRA READY#TO,BRITANNIA ULTRA THIN PIZZA BASE 12 INCH READY TO BAKE,BAKERY PKGD OUTSIDE,1,8
450,10352,BRITANNIA BUNS DOG HOT LOW ROLLS SOFT CARB#KETO,BRITANNIA KETO HOT DOG BUNS LOW CARB SOFT ROLLS,BAKERY PKGD OUTSIDE,1,8
451,10353,BAKERY BREAD CIABATTA FREE GLUTEN ROLLS SCHAR SOFT,SCHAR GLUTEN FREE CIABATTA ROLLS SOFT BAKERY BREAD,BAKERY PKGD OUTSIDE,1,7
452,10025,BRITANNIA BUNS HAWAIIAN MINT OF PACK SWEET,BRITANNIA MINI SWEET HAWAIIAN BUNS PACK OF 8,BAKERY PKGD OUTSIDE,4,6
453,10026,BRITANNIA BUNS MINT OF PACK ROLLS SESAME SOFT,BRITANNIA MINI SESAME BUNS PACK OF 8 SOFT ROLLS,BAKERY PKGD OUTSIDE,3,7
454,10354,BRITANNIA BUNS DOG HOT OF PACK ROLLS SOFT,BRITANNIA HOT DOG BUNS PACK OF 16 SOFT ROLLS,BAKERY PKGD OUTSIDE,3,7
455,10355,BREAD BRIOCHE BUNS DOG HOT OF PACK SOFT GOLD#HARVEST,HARVEST GOLD BRIOCHE HOT DOG BUNS PACK OF 8 SOFT BREAD,BAKERY PKGD OUTSIDE,3,8
456,10356,BAKERY BREAD BRITANNIA BUNS CLASSIC HAMBURGER SOFT,BRITANNIA CLASSIC HAMBURGER BUNS SOFT BAKERY BREAD,BAKERY PKGD OUTSIDE,0,7
457,10357,BREAD BUNS HAMBURGER SESAME SOFT GOLD#HARVEST,HARVEST GOLD SESAME HAMBURGER BUNS SOFT BREAD,BAKERY PKGD OUTSIDE,0,6
458,10358,BRIOCHE BUNS BURGER OF PACK PREMIUM ROLLS SOFT GOLD#HARVEST,HARVEST GOLD BRIOCHE BURGER BUNS PREMIUM SOFT ROLLS PACK OF 8,BAKERY PKGD OUTSIDE,2,8
459,10359,BRITANNIA BUNS DOG HOT LOW OF PACK ROLLS CARB#KETO,BRITANNIA KETO HOT DOG BUNS PACK OF 8 LOW CARB ROLLS,BAKERY PKGD OUTSIDE,3,8
460,10360,BAKERY BUNS DOG HOT MODERN ROLLS SOFT,MODERN HOT DOG BUNS SOFT BAKERY ROLLS,BAKERY PKGD OUTSIDE,1,7
461,10361,BUNS HAMBURGER LOW OF PACK CARB#KETO GOLD#HARVEST,HARVEST GOLD KETO HAMBURGER BUNS LOW CARB PACK OF 8,BAKERY PKGD OUTSIDE,2,6
462,10362,BREAD BRITANNIA BUNS HAMBURGER OF PACK SOFT,BRITANNIA HAMBURGER BUNS PACK OF 12 SOFT BREAD,BAKERY PKGD OUTSIDE,2,6
463,10363,BAKERY BREAD OF PACK ROLLS SOFT GOLD#HARVEST,HARVEST GOLD BAKERY ROLLS PACK OF 12 SOFT BREAD,BAKERY PKGD OUTSIDE,2,6
464,10364,BREAD FLAT FRENCH MODERN PACK ROLLS SOFT,MODERN FRENCH ROLLS FLAT PACK SOFT BREAD,BAKERY PKGD OUTSIDE,1,7
465,10345,BREAD BRITANNIA FLATBREAD FOR PITA SOFT WHITE WRAPS,BRITANNIA WHITE PITA BREAD SOFT FLATBREAD FOR WRAPS,BAKERY PKGD OUTSIDE,2,7
466,10346,BREAD HEALTH MULTIGRAIN SANDWICH THIN GOLD#HARVEST,HARVEST GOLD MULTIGRAIN SANDWICH THINS HEALTHY BREAD,BAKERY PKGD OUTSIDE,0,6
467,10347,BREAD HEALTH PERCENT SANDWICH THIN WHEAT WHOLE GOLD#HARVEST,HARVEST GOLD 100 PERCENT WHOLE WHEAT SANDWICH THINS HEALTHY BREAD,BAKERY PKGD OUTSIDE,0,8
468,10348,BREAD BRITANNIA BUNS BURGER GRAIN HEALTH MULTIGRAIN,BRITANNIA MULTIGRAIN BURGER BUNS 21 GRAIN HEALTHY BREAD,BAKERY PKGD OUTSIDE,0,7
469,10020,AND BAKE BREADSTICKS BRITANNIA SERVE SNACK SOFT STICK,BRITANNIA BAKE AND SERVE BREADSTICKS SOFT SNACK STICKS,BAKERY PKGD OUTSIDE,1,7
470,10033,ASSORTED BITE BRITANNIA CREAMY FILLET LITTLE MUFFIN,BRITANNIA LITTLE MUFFINS ASSORTED CREAM FILLED BITES,BAKERY PKGD OUTSIDE,1,7
471,10403,BAKE BRITANNIA BUTTER COOKIES FRESH PACK PEANUT,BRITANNIA PEANUT BUTTER COOKIES FRESH BAKED PACK,BAKERY PKGD OUTSIDE,3,7
472,10034,BRITANNIA BUNDT CAKES FESTIVE MINT OF PACK,BRITANNIA MINI BUNDT CAKES FESTIVE PACK OF 8,BAKERY PKGD OUTSIDE,3,6
473,10035,BRITANNIA CUPCAKES FLAVOUR ICED LEMON OF PACK,BRITANNIA LEMON FLAVOURED ICED CUPCAKES PACK OF 8,BAKERY PKGD OUTSIDE,4,6
474,10036,CAKES DESSERT MONGINIS PUMPKIN SLICED SOFT SPICY,MONGINIS PUMPKIN SPICE CAKE SLICES SOFT DESSERT,BAKERY PKGD OUTSIDE,0,7
475,10037,BRITANNIA CHOCOLATE CUPCAKES FLAVOUR OF PACK,BRITANNIA CHOCOLATE FLAVOURED CUPCAKES PACK OF 8,BAKERY PKGD OUTSIDE,3,5
476,10404,BRITANNIA CAKES CHOCOLATE CREAMY FILLET MULTIPACK ROLLS,BRITANNIA CHOCOLATE CREAM FILLED CAKE ROLLS MULTIPACK,BAKERY PKGD OUTSIDE,1,7
477,10409,BRITANNIA COOKIES CREAMY OATMEAL PACK SANDWICH,BRITANNIA OATMEAL CREAM SANDWICH COOKIES PACK,BAKERY PKGD OUTSIDE,2,6
478,10044,ASSORTED BRITANNIA CAKES CREAMY ICED PACK VANILLA,BRITANNIA VANILLA CREAM ICED CAKES ASSORTED PACK,BAKERY PKGD OUTSIDE,3,7
479,10045,BRITANNIA CAKES FLAVOUR ICED LEMON SNACK,BRITANNIA LEMON FLAVOURED ICED SNACK CAKES,BAKERY PKGD OUTSIDE,2,6
480,10046,BRITANNIA CAKES FLAVOUR ICED SNACK STRAWBERRY,BRITANNIA STRAWBERRY FLAVOURED ICED SNACK CAKES,BAKERY PKGD OUTSIDE,2,6
481,10047,BRITANNIA CAKES CHOCOLATE FLAVOUR ICED SNACK,BRITANNIA CHOCOLATE FLAVOURED ICED SNACK CAKES,BAKERY PKGD OUTSIDE,1,6
482,10412,BAR BRITANNIA CAKES CREAMY FILLET VANILLA,BRITANNIA VANILLA CREAM FILLED CAKE BARS,BAKERY PKGD OUTSIDE,2,6
483,10413,BRITANNIA CAKES CREAMY FESTIVE PACK SNACK VANILLA,BRITANNIA VANILLA CREAM SNACK CAKES FESTIVE PACK,BAKERY PKGD OUTSIDE,3,7
484,10414,BAR BRITANNIA CAKES CHOCOLATE CREAMY FILLET,BRITANNIA CHOCOLATE CREAM FILLED CAKE BARS,BAKERY PKGD OUTSIDE,1,6
485,10415,BRITANNIA CAKES CHOCOLATE CREAMY MULTIPACK ROLLS,BRITANNIA CHOCOLATE CREAM ROLL CAKES MULTIPACK,BAKERY PKGD OUTSIDE,1,6
486,10416,BRITANNIA CAKES CHOCOLATE PACK ROLLS SWISS,BRITANNIA CHOCOLATE SWISS ROLL CAKES PACK,BAKERY PKGD OUTSIDE,1,6
487,10417,BRITANNIA CHOCOLATE CUPCAKES FAMILY PACK PIECES,BRITANNIA CHOCOLATE CUPCAKES FAMILY PACK 14 PIECES,BAKERY PKGD OUTSIDE,1,6
488,10418,BAR BRITANNIA CAKES CREAMY FILLET RASPBERRY,BRITANNIA RASPBERRY CREAM FILLED CAKE BARS,BAKERY PKGD OUTSIDE,1,6
489,10419,BITE BRITANNIA BROWN CANDY CHOCOLATE TOPPINGS WITH,BRITANNIA CHOCOLATE BROWNIE BITES WITH CANDY TOPPINGS,BAKERY PKGD OUTSIDE,2,7
490,10420,BRITANNIA CAKES CREAMY FAMILY FILLET PACK PIECES SPONGE,BRITANNIA CREAM FILLED SPONGE CAKES FAMILY PACK 16 PIECES,BAKERY PKGD OUTSIDE,2,8
491,10421,BALLS BRITANNIA CHOCOLATE COCONUT CREAMY MULTIPACK SNACK,BRITANNIA CHOCOLATE COCONUT CREAM SNACK BALLS MULTIPACK,BAKERY PKGD OUTSIDE,2,7
492,10042,BRITANNIA COOKIES CUPCAKES FLAVOUR OF PACK SUGAR,BRITANNIA SUGAR COOKIE FLAVOURED CUPCAKES PACK OF 8,BAKERY PKGD OUTSIDE,4,6
493,10043,BRITANNIA CUPCAKES FLAVOUR MULTIPACK STRAWBERRY,BRITANNIA STRAWBERRY FLAVOURED CUPCAKES MULTIPACK,BAKERY PKGD OUTSIDE,2,5
494,10410,BRITANNIA CHOCOLATE CUPCAKES MINT MULTIPACK,BRITANNIA CHOCOLATE MINI CUPCAKES MULTIPACK,BAKERY PKGD OUTSIDE,1,5
495,10411,BRITANNIA CHOCOLATE CREAMY CUPCAKES FILLET MULTIPACK,BRITANNIA CHOCOLATE CREAM FILLED CUPCAKES MULTIPACK,BAKERY PKGD OUTSIDE,1,6
496,10038,ASSORTED BRITANNIA CAKES FILLET MARSHMALLOW PACK PUFF,BRITANNIA MARSHMALLOW FILLED CAKE PUFFS ASSORTED PACK,BAKERY PKGD OUTSIDE,1,7
497,10039,BRITANNIA CAKES CHIPS CHOCOLATE CREAMY SANDWICH,BRITANNIA CHOCOLATE CHIP CREAM SANDWICH CAKES,BAKERY PKGD OUTSIDE,1,6
498,10040,CAKES CLASSIC DONUT MONGINIS OF PACK WHITE,MONGINIS CLASSIC WHITE CAKE DONUTS PACK OF 6,BAKERY PKGD OUTSIDE,3,6
499,10041,ASSORTED BRITANNIA CAKES CHOCOLATE CREAMY FILLET PACK SNACK,BRITANNIA CHOCOLATE CREAM FILLED SNACK CAKES ASSORTED PACK,BAKERY PKGD OUTSIDE,2,8
500,10405,BRITANNIA CAKES CREAMY FILLET MULTIPACK SNACK SPONGE,BRITANNIA CREAM FILLED SPONGE SNACK CAKES MULTIPACK,BAKERY PKGD OUTSIDE,1,7
501,10406,BRITANNIA CHIPS CHOCOLATE MINT MUFFIN PACK SNACK,BRITANNIA CHOCOLATE CHIP MINI MUFFINS SNACK PACK,BAKERY PKGD OUTSIDE,2,7
502,10407,BRITANNIA CHOCOLATE CREAMY FILLET ROLLS SNACK WAFER,BRITANNIA CHOCOLATE WAFER ROLLS CREAM FILLED SNACK,BAKERY PKGD OUTSIDE,1,7
503,10408,ASSORTED BRITANNIA CAKES FLAVOUR MINT MUFFIN PACK PARTY,BRITANNIA PARTY CAKE MINI MUFFINS ASSORTED FLAVOUR PACK,BAKERY PKGD OUTSIDE,3,8
504,10048,BRITANNIA CAKES CHOCOLATE CREAMY FILLET SERVE SINGLE,BRITANNIA CHOCOLATE CREAM FILLED CAKE SINGLE SERVE,BAKERY PKGD OUTSIDE,1,7
505,10049,BRITANNIA BUNDT CAKES DRIZZLE LEMON MINT SERVE SINGLE,BRITANNIA LEMON DRIZZLE MINI BUNDT CAKE SINGLE SERVE,BAKERY PKGD OUTSIDE,2,8
506,10425,BRITANNIA CAKES CHOCOLATE COATED COCONUT CREAMY SERVE SINGLE,BRITANNIA CHOCOLATE CREAM COCONUT COATED CAKE SINGLE SERVE,BAKERY PKGD OUTSIDE,2,8
507,10426,BRITANNIA CAKES CHOCOLATE CREAMY FILLET SERVE SINGLE,BRITANNIA CHOCOLATE CREAM FILLED CAKE SINGLE SERVE,BAKERY PKGD OUTSIDE,1,7
508,10052,BRITANNIA BUNDT CAKES CHOCOLATE DESSERT MINT SOFT,BRITANNIA CHOCOLATE MINI BUNDT CAKE SOFT DESSERT,BAKERY PKGD OUTSIDE,1,7
509,10050,FLAVOUR LEMON MONGINIS PIE SERVE SINGLE SNACK,MONGINIS LEMON FLAVOURED SNACK PIE SINGLE SERVE,BAKERY PKGD OUTSIDE,2,7
510,10051,CHOCOLATE CREAMY FILLET MONGINIS PIE SNACK,MONGINIS CHOCOLATE CREAM FILLED SNACK PIE,BAKERY PKGD OUTSIDE,1,6
511,10427,CHERRY FRUIT MONGINIS PIE SERVE SINGLE,MONGINIS CHERRY FRUIT PIE SINGLE SERVE,BAKERY PKGD OUTSIDE,1,6
512,10428,CHERRY FLAVOUR MONGINIS PIE SERVE SINGLE SNACK,MONGINIS CHERRY FLAVOURED SNACK PIE SINGLE SERVE,BAKERY PKGD OUTSIDE,2,7
513,10429,BLACKBERRY FLAVOUR MONGINIS PIE SERVE SINGLE SNACK,MONGINIS BLACKBERRY FLAVOURED SNACK PIE SINGLE SERVE,BAKERY PKGD OUTSIDE,1,7
514,10430,APPLE FLAVOUR MONGINIS PIE SNACK,MONGINIS APPLE FLAVOURED SNACK PIE,BAKERY PKGD OUTSIDE,2,5
515,10431,BLACKBERRY FLAVOUR MONGINIS PIE SNACK,MONGINIS BLACKBERRY FLAVOURED SNACK PIE,BAKERY PKGD OUTSIDE,1,5
516,10432,APPLE FLAVOUR MONGINIS PIE SERVE SINGLE SNACK,MONGINIS APPLE FLAVOURED SNACK PIE SINGLE SERVE,BAKERY PKGD OUTSIDE,2,7
517,10433,APPLE FRUIT MONGINIS PIE SERVE SINGLE,MONGINIS APPLE FRUIT PIE SINGLE SERVE,BAKERY PKGD OUTSIDE,1,6
518,10422,BRITANNIA CHOCOLATE DONUT FROSTED MINT OF PACK,BRITANNIA CHOCOLATE FROSTED MINI DONUTS PACK OF 6,BAKERY PKGD OUTSIDE,3,6
519,10423,BRITANNIA CAKES CREAMY FILLET SERVE SINGLE SPONGE,BRITANNIA CREAM FILLED SPONGE CAKE SINGLE SERVE,BAKERY PKGD OUTSIDE,1,7
520,10424,BRITANNIA DONUT MINT OF PACK POWDER SUGAR,BRITANNIA POWDERED SUGAR MINI DONUTS PACK OF 6,BAKERY PKGD OUTSIDE,5,6
521,10386,CHEESE CREAMY DANISH MONGINIS PASTRY,MONGINIS CREAM CHEESE DANISH PASTRY,BAKERY PKGD OUTSIDE,1,5
522,10387,BREAKFAST BRITANNIA CLAW DANISH PASTRY SWEET,BRITANNIA SWEET BREAKFAST CLAW DANISH PASTRY,BAKERY PKGD OUTSIDE,1,6
523,10388,AND APPLE DANISH FRUIT MONGINIS PASTRY RASPBERRY,MONGINIS APPLE AND RASPBERRY FRUIT DANISH PASTRY,BAKERY PKGD OUTSIDE,1,7
524,10031,DONUT FLAVOUR MONGINIS PUMPKIN SOFT,MONGINIS PUMPKIN FLAVOURED SOFT DONUTS,BAKERY PKGD OUTSIDE,1,5
525,10032,APPLE CIDER DONUT FLAVOUR MONGINIS,MONGINIS APPLE CIDER FLAVOURED DONUTS,BAKERY PKGD OUTSIDE,2,5
526,10393,CHOCOLATE DONUT MONGINIS OF PACK FASHIONED#OLD,MONGINIS CHOCOLATE OLD FASHIONED DONUTS PACK OF 6,BAKERY PKGD OUTSIDE,2,5
527,10394,CINNAMON DONUT FILLET MONGINIS OF PACK SUGAR,MONGINIS CINNAMON SUGAR FILLED DONUTS PACK OF 6,BAKERY PKGD OUTSIDE,3,6
528,10395,ASSORTED CAKES DONUT MONGINIS OF PACK WHITE,MONGINIS ASSORTED WHITE CAKE DONUTS PACK OF 6,BAKERY PKGD OUTSIDE,3,6
529,10396,BRITANNIA CHOCOLATE DONUT FROSTED RICH,BRITANNIA RICH FROSTED CHOCOLATE DONUT,BAKERY PKGD OUTSIDE,0,5
530,10397,DONUT FILLET MONGINIS POWDER RASPBERRY,MONGINIS POWDERED RASPBERRY FILLED DONUTS,BAKERY PKGD OUTSIDE,1,5
531,10398,DONUT FLAVOUR LEMON MONGINIS OF PACK,MONGINIS LEMON FLAVOURED DONUTS PACK OF 6,BAKERY PKGD OUTSIDE,4,5
532,10399,BUTTERMILK DONUT MONGINIS OF PACK SOFT,MONGINIS BUTTERMILK SOFT DONUTS PACK OF 6,BAKERY PKGD OUTSIDE,2,5
533,10400,CLASSIC DONUT MONGINIS FASHIONED#OLD,MONGINIS CLASSIC OLD FASHIONED DONUTS,BAKERY PKGD OUTSIDE,0,4
534,10401,BLUEBERRY DONUT FLAVOUR MONGINIS OF PACK FASHIONED#OLD,MONGINIS BLUEBERRY FLAVOURED OLD FASHIONED DONUTS PACK OF 6,BAKERY PKGD OUTSIDE,3,6
535,10402,ASSORTED DONUT FLAVOUR MONGINIS OF PACK SEASONING,MONGINIS ASSORTED SEASONAL FLAVOURED DONUTS PACK OF 6,BAKERY PKGD OUTSIDE,3,6
536,10030,BRITANNIA DONUT GLAZED HEARTS LITTLE MINT STRAWBERRY,BRITANNIA LITTLE HEARTS MINI STRAWBERRY GLAZED DONUTS,BAKERY PKGD OUTSIDE,2,7
537,10389,BRITANNIA DONUT MINT PACK POWDER SNACK SUGAR,BRITANNIA POWDERED SUGAR MINI DONUTS SNACK PACK,BAKERY PKGD OUTSIDE,4,7
538,10390,BRITANNIA CRUNCHY DONUT MINT PACK SNACK,BRITANNIA CRUNCHY MINI DONUTS SNACK PACK,BAKERY PKGD OUTSIDE,2,6
539,10391,BRITANNIA BUNS DONUT HONEY SOFT STYLE,BRITANNIA HONEY BUN STYLE SOFT DONUTS,BAKERY PKGD OUTSIDE,1,6
540,10392,BRITANNIA CHOCOLATE DONUT FROSTED MINT PACK SNACK,BRITANNIA CHOCOLATE FROSTED MINI DONUTS SNACK PACK,BAKERY PKGD OUTSIDE,2,7
541,10385,BREAKFAST CLAW MONGINIS PASTRY SWEET,MONGINIS SWEET BREAKFAST CLAW PASTRY,BAKERY PKGD OUTSIDE,1,5
542,10060,APPLE FRESH GALA ORGANIC PREMIUM QUALITY,ORGANIC GALA APPLES FRESH PREMIUM QUALITY,PRODUCE,2,6
543,10581,AND APPLE CRISPY FRESH ORGANIC GRANNY#SMITH,ORGANIC GRANNY SMITH APPLES FRESH AND CRISP,PRODUCE,2,6
544,10582,APPLE FRESH GALA ORGANIC PREMIUM QUALITY,ORGANIC GALA APPLES FRESH PREMIUM QUALITY,PRODUCE,2,6
545,10061,APPLE FRESH LADY LARGE PINK PREMIUM SIZE,FRESH PINK LADY APPLES LARGE SIZE PREMIUM,PRODUCE,2,7
546,10583,AND APPLE FRESH JUICE SWEET SWEETANGO VARIETY,FRESH SWEETANGO APPLES SWEET AND JUICY VARIETY,PRODUCE,3,6
547,10584,APPLE EUROPEAN EXTRA FANCY FRESH OPAL VARIETY,FRESH OPAL APPLES EXTRA FANCY EUROPEAN VARIETY,PRODUCE,3,6
548,10585,APPLE CRISPY FRESH GLO LUCY SWEET VARIETY,FRESH LUCY GLO APPLES SWEET CRISP VARIETY,PRODUCE,3,5
549,10586,APPLE AUTUMN EUROPEAN FRESH GLORY PREMIUM VARIETY,FRESH AUTUMN GLORY APPLES PREMIUM EUROPEAN VARIETY,PRODUCE,2,6
550,10587,AND APPLE FRESH JUICE NATURAL SUGARBEE SWEET,FRESH SUGARBEE APPLES NATURALLY SWEET AND JUICY,PRODUCE,4,7
551,10056,APPLE DELICIOUS FRESH LARGE RED SIZE,FRESH RED DELICIOUS APPLES LARGE SIZE,PRODUCE,3,6
552,10057,APPLE DELICIOUS FRESH LARGE RED SIZE,FRESH RED DELICIOUS APPLES LARGE SIZE,PRODUCE,3,6
553,10058,APPLE DELICIOUS FRESH RED SIZE SMALL,FRESH RED DELICIOUS APPLES SMALL SIZE,PRODUCE,3,6
554,10059,APPLE DELICIOUS FRESH RED SIZE SMALL,FRESH RED DELICIOUS APPLES SMALL SIZE,PRODUCE,3,6
555,10576,AND APPLE COSMIC CRISPY FRESH JUICE SWEET,FRESH COSMIC CRISP APPLES SWEET AND JUICY,PRODUCE,3,7
556,10577,APPLE FRESH LARGE SIZE GRANNY#SMITH,FRESH GRANNY SMITH APPLES LARGE SIZE,PRODUCE,2,5
557,10578,APPLE FRESH LARGE SIZE GRANNY#SMITH,FRESH GRANNY SMITH APPLES LARGE SIZE,PRODUCE,2,5
558,10579,APPLE DELICIOUS FRESH LARGE RED SIZE,FRESH RED DELICIOUS APPLES LARGE SIZE,PRODUCE,3,6
559,10580,APPLE DELICIOUS FRESH LARGE RED SIZE,FRESH RED DELICIOUS APPLES LARGE SIZE,PRODUCE,3,6
560,10063,AVOCADO FRESH FRUIT HASS INDIA ORGANIC SIZE SMALL,ORGANIC INDIA HASS AVOCADO SMALL SIZE FRESH ORGANIC FRUIT,PRODUCE,1,8
561,10062,AVOCADO FRESH FRUIT HASS MEDIUM RELIANCE SIZE,RELIANCE FRESH HASS AVOCADO MEDIUM SIZE FRESH FRUIT,PRODUCE,1,7
562,10588,AVOCADO FRESH FRUIT HASS MEDIUM RELIANCE SIZE,RELIANCE FRESH HASS AVOCADO MEDIUM SIZE FRESH FRUIT,PRODUCE,1,7
563,10589,AVOCADO FRESH FRUIT HASS MEDIUM RELIANCE SIZE,RELIANCE FRESH HASS AVOCADO MEDIUM SIZE FRESH FRUIT,PRODUCE,1,7
564,10590,AVOCADO FRESH FRUIT HASS MEDIUM RELIANCE SIZE,RELIANCE FRESH HASS AVOCADO MEDIUM SIZE FRESH FRUIT,PRODUCE,1,7
565,10591,AVOCADO FRESH FRUIT HASS MEDIUM RELIANCE SIZE,RELIANCE FRESH HASS AVOCADO MEDIUM SIZE FRESH FRUIT,PRODUCE,1,7
566,10592,AVOCADO FRESH FRUIT HASS LARGE RELIANCE SIZE,RELIANCE FRESH HASS AVOCADO LARGE SIZE FRESH FRUIT,PRODUCE,1,7
567,10593,AVOCADO FRESH FRUIT HASS LARGE RELIANCE SIZE,RELIANCE FRESH HASS AVOCADO LARGE SIZE FRESH FRUIT,PRODUCE,1,7
568,10594,AVOCADO FRESH FRUIT HASS LARGE RELIANCE SIZE,RELIANCE FRESH HASS AVOCADO LARGE SIZE FRESH FRUIT,PRODUCE,1,7
569,10595,AVOCADO FRESH FRUIT HASS MEDIUM RELIANCE SIZE,RELIANCE FRESH HASS AVOCADO MEDIUM SIZE FRESH FRUIT,PRODUCE,1,7
570,10596,AVOCADO FRESH FRUIT HASS LARGE RELIANCE SIZE,RELIANCE FRESH HASS AVOCADO LARGE SIZE FRESH FRUIT,PRODUCE,1,7
571,10601,FRESH PACK RASPBERRY,FRESHO RASPBERRIES PACK,PRODUCE,2,3
572,10602,FRESH PACK STRAWBERRY,FRESHO STRAWBERRIES PACK,PRODUCE,3,3
573,10600,CRANBERRY DRIED NUTRAJ,NUTRAJ DRIED CRANBERRIES,PRODUCE,0,3
574,10598,BLUEBERRY FRESH PACK,FRESHO BLUEBERRIES PACK,PRODUCE,2,3
575,10599,BLUEBERRY FRESH PACK,FRESHO BLUEBERRIES PACK,PRODUCE,2,3
576,10603,FRESH PACK RASPBERRY,FRESHO RASPBERRIES PACK,PRODUCE,2,3
577,10604,FRESH PACK RASPBERRY,FRESHO RASPBERRIES PACK,PRODUCE,2,3
578,10605,FRESH PACK STRAWBERRY,FRESHO STRAWBERRIES PACK,PRODUCE,3,3
579,10613,AND FRESH JUICE KG LEMON ORGANIC PACK,ORGANIC LEMONS 2 KG PACK FRESH AND JUICY,PRODUCE,3,6
580,10070,FRESH LEMON MEDIUM SIZE,FRESH LEMONS MEDIUM SIZE,PRODUCE,2,4
581,10608,FRESH KG LEMON PACK SEEDLESS,FRESH SEEDLESS LEMONS 1 KG PACK,PRODUCE,3,4
582,10071,FRESH SIZE SMALL NAVEL#ORANGES,FRESH NAVEL ORANGES SMALL SIZE,PRODUCE,1,4
583,10072,BULL FRESH MEDIUM PACK SIZE NAVEL#ORANGES,FRESH NAVEL ORANGES MEDIUM SIZE BULK PACK,PRODUCE,2,6
584,10609,CARB FRESH SWEET VARIETY NAVEL#ORANGES,FRESH CARA CARA NAVEL ORANGES SWEET VARIETY,PRODUCE,2,5
585,10610,FRESH KG PACK VALUE NAVEL#ORANGES,FRESH NAVEL ORANGES 3 KG VALUE PACK,PRODUCE,2,4
586,10611,FRESH KG PACK VALUE NAVEL#ORANGES,FRESH NAVEL ORANGES 3 KG VALUE PACK,PRODUCE,2,4
587,10612,AND FRESH JUICE PREMIUM SWEET NAVEL#ORANGES,FRESH PREMIUM NAVEL ORANGES SWEET AND JUICY,PRODUCE,2,6
588,10607,FRESH GRAPEFRUIT LARGE RED SIZE,FRESH RED GRAPEFRUIT LARGE SIZE,PRODUCE,2,5
589,10652,CANDY COTTON GRAPES,COTTON CANDY GRAPES,PRODUCE,0,2
590,10653,DROP GRAPES MOON,MOON DROP GRAPES,PRODUCE,0,2
591,10642,GRAPES GREEN SEEDLESS,GREEN GRAPES SEEDLESS,PRODUCE,0,3
592,10643,GRAPES GREEN SEEDLESS,GREEN GRAPES SEEDLESS,PRODUCE,0,3
593,10644,GRAPES GREEN SEEDLESS,GREEN GRAPES SEEDLESS,PRODUCE,0,3
594,10645,GRAPES GREEN SEEDLESS,GREEN GRAPES SEEDLESS,PRODUCE,0,3
595,10646,GRAPES GREEN SEEDLESS,GREEN GRAPES SEEDLESS,PRODUCE,0,3
596,10647,GRAPES GREEN SEEDLESS,GREEN GRAPES SEEDLESS,PRODUCE,0,3
597,10648,AUTUMN CRISPY GRAPES GREEN,GREEN GRAPES AUTUMN CRISP,PRODUCE,0,4
598,10649,GRAPES RED SEEDLESS,RED GRAPES SEEDLESS,PRODUCE,1,3
599,10650,GRAPES RED SEEDLESS,RED GRAPES SEEDLESS,PRODUCE,1,3
600,10651,GRAPES RED SEEDLESS,RED GRAPES SEEDLESS,PRODUCE,1,3
601,10659,FRESH FRUIT RED RELIANCE SEEDLESS WATERMELON,RELIANCE FRESH RED SEEDLESS WATERMELON FRESH FRUIT,PRODUCE,2,6
602,10083,BARTLETT LOOSE ORGANIC PEARL,ORGANIC BARTLETT PEARS LOOSE,PRODUCE,0,4
603,10668,BARTLETT LOOSE ORGANIC PEARL,ORGANIC BARTLETT PEARS LOOSE,PRODUCE,0,4
604,10080,BOSC FRESH LOOSE PEARL,FRESH BOSC PEARS LOOSE,PRODUCE,1,4
605,10081,BOSC FRESH LOOSE PEARL,FRESH BOSC PEARS LOOSE,PRODUCE,1,4
606,10082,ANJOU FRESH GREEN LOOSE PEARL,FRESH GREEN ANJOU PEARS LOOSE,PRODUCE,1,5
607,10079,BARTLETT FRESH LOOSE PEARL,FRESH BARTLETT PEARS LOOSE,PRODUCE,1,4
608,10667,BARTLETT FRESH LOOSE PEARL,FRESH BARTLETT PEARS LOOSE,PRODUCE,1,4
609,10728,PLUMS YELLOW,YELLOW PLUMS,PRODUCE,0,2
610,10726,APRICOTS FRESH,FRESH APRICOTS,PRODUCE,1,2
611,10092,LARGE PEACH YELLOW,YELLOW PEACHES LARGE,PRODUCE,1,3
612,10727,LARGE PEACH YELLOW,YELLOW PEACHES LARGE,PRODUCE,1,3
613,10733,DRAGON EXOTIC FRESH FRUIT IN NUTRIENTS RICH TROPICAL,FRESH DRAGON FRUIT EXOTIC TROPICAL FRUIT RICH IN NUTRIENTS,PRODUCE,2,5
614,10095,ALPHANSO FRESH FRUIT MANGO SEASONING SIZE SMALL SWEET,FRESH ALPHANSO MANGO SMALL SIZE SEASONAL SWEET FRUIT,PRODUCE,2,7
615,10734,AND FRESH JUICE LARGE MANGO PREMIUM QUALITY SIZE SWEET,FRESH MANGO LARGE SIZE JUICY AND SWEET PREMIUM QUALITY,PRODUCE,2,9
616,10735,FRESH FRUIT JUICE MANGO SEASONING SIZE SMALL,FRESH MANGO SMALL SIZE JUICY SEASONAL FRUIT,PRODUCE,1,7
617,10094,FRESH FRUIT IMPORTED KIWI PREMIUM QUALITY,FRESH IMPORTED KIWI FRUIT PREMIUM QUALITY,PRODUCE,1,6
618,10606,CHERRIES FRESH PREMIUM QUALITY RED SWEET,FRESH RED SWEET CHERRIES PREMIUM QUALITY,PRODUCE,3,6
619,10074,FRESH PUMPKIN YELLOW,FRESHO YELLOW PUMPKIN,PRODUCE,1,3
620,10075,FRESH PUMPKIN YELLOW,FRESHO YELLOW PUMPKIN,PRODUCE,1,3
621,10621,BEETROOT FRESH,FRESHO BEETROOT,PRODUCE,1,2
622,10622,CABBAGE FRESH RED,FRESHO RED CABBAGE,PRODUCE,2,3
623,10623,FRESH PUMPKIN,FRESHO PUMPKIN,PRODUCE,1,2
624,10624,BOTTLE FRESH GOURD,FRESHO BOTTLE GOURD,PRODUCE,2,3
625,10625,BOTTLE FRESH GOURD,FRESHO BOTTLE GOURD,PRODUCE,2,3
626,10626,CELERY FRESH STALK,FRESHO CELERY STALK,PRODUCE,1,3
627,10627,BUNCH CARROT FRESH,FRESHO CARROT BUNCH,PRODUCE,1,3
628,10620,FRESH ONION SPRING,FRESHO SPRING ONION,PRODUCE,1,3
629,10073,FRESH LEAVES SPINACH,FRESHO SPINACH LEAVES,PRODUCE,1,3
630,10619,CELERY FRESH STALK,FRESHO CELERY STALK,PRODUCE,1,3
631,10641,BULBS FARM FRESH GARLIC NATURAL ORGANIC PRODUCE,ORGANIC FRESH GARLIC BULBS NATURAL FARM PRODUCE,PRODUCE,2,7
632,10089,BUNCH FRESH GREEN ONION ORGANIC SALAD SPRING VEGETABLE,ORGANIC SPRING ONION BUNCH FRESH GREEN SALAD VEGETABLE,PRODUCE,1,8
633,10703,CUCUMBERS ENGLISH FRESH HOT HOUSE LONG ORGANIC SALAD VEGETABLE,ORGANIC LONG ENGLISH CUCUMBER HOT HOUSE FRESH SALAD VEGETABLE,PRODUCE,2,9
634,10704,CRUNCHY CUCUMBERS FRESH ORGANIC SALAD VEGETABLE,ORGANIC CUCUMBER FRESH CRUNCHY SALAD VEGETABLE,PRODUCE,1,6
635,10705,CUCUMBERS ENGLISH FARM FRESH LONG ORGANIC PRODUCE,ORGANIC LONG ENGLISH CUCUMBER FRESH FARM PRODUCE,PRODUCE,1,7
636,10706,FRESH LEAF LETTUCE ORGANIC RED SALAD TENDER VEGETABLE,ORGANIC RED LEAF LETTUCE FRESH TENDER SALAD VEGETABLE,PRODUCE,2,8
637,10707,CRISPY FRESH ICEBERG LEAF LETTUCE ORGANIC VEGETABLE,ORGANIC ICEBERG LETTUCE FRESH CRISP LEAFY VEGETABLE,PRODUCE,1,7
638,10708,BUNCH CRISPY FRESH RADISH RED ROOT SALAD VEGETABLE,FRESH RED RADISH BUNCH CRISP ROOT SALAD VEGETABLE,PRODUCE,2,8
639,10701,CRISPY CUCUMBERS ENGLISH FRESH HOT HOUSE LONG SALAD VEGETABLE,FRESH LONG ENGLISH CUCUMBER HOT HOUSE CRISP SALAD VEGETABLE,PRODUCE,2,9
640,10702,CUCUMBERS ENGLISH FRESH HOT HOUSE LONG PREMIUM QUALITY,FRESH LONG ENGLISH CUCUMBER HOT HOUSE PREMIUM QUALITY,PRODUCE,2,8
641,10088,CRISPY FRESH ICEBERG LEAF LETTUCE SALAD VEGETABLE,FRESH ICEBERG LETTUCE CRISP LEAFY SALAD VEGETABLE,PRODUCE,1,7
642,10729,DEL DRIED MONTE SUN TOMATO,DEL MONTE SUN DRIED TOMATOES,PRODUCE,1,5
643,10090,ASIAN BABY FRESH GREEN TENDER BOK#CHOY,FRESH BABY BOK CHOY TENDER ASIAN GREENS,PRODUCE,2,6
644,10091,ASIAN FRESH LEAF VEGETABLE BOK#CHOY,FRESH BOK CHOY ASIAN LEAFY VEGETABLE,PRODUCE,1,5
645,10658,BLEND COOKIES GARLIC HERB INGREDIENT PASTA USE READY#TO,GARLIC HERB PASTE BLEND READY TO USE COOKING INGREDIENT,PRODUCE,0,8
646,10656,BLEND CORIANDER DRIED HERB LIGHT SEASONING,LIGHTLY DRIED CORIANDER HERB SEASONING BLEND,PRODUCE,1,6
647,10076,AUTOMATIC FRESH HERB ITALIAN ORGANIC PARSLEY,ORGANIC ITALIAN PARSLEY FRESH AROMATIC HERB,PRODUCE,1,6
648,10654,AUTOMATIC CORIANDER FRESH HERB LEAVES ORGANIC,ORGANIC FRESH CORIANDER LEAVES AROMATIC HERB,PRODUCE,1,6
649,10655,AUTOMATIC BUNCH CURLY FRESH HERB PARSLEY,FRESH CURLY PARSLEY BUNCH AROMATIC HERB,PRODUCE,1,5
650,10077,AUTOMATIC BUNCH COOKIES FRESH HERB ITALIAN PARSLEY,FRESH ITALIAN PARSLEY BUNCH AROMATIC COOKING HERB,PRODUCE,1,7
651,10657,AUTOMATIC FRESH HERB LEAVES ORGANIC SAGE,ORGANIC FRESH SAGE LEAVES AROMATIC HERB,PRODUCE,1,5
652,10661,BABY BELLY FRESH MUSHROOM ORGANIC PACK WHOLE,ORGANIC BABY BELLA MUSHROOMS WHOLE FRESH PACK,PRODUCE,3,7
653,10660,FRESH MUSHROOM PORTOBELLO PREMIUM QUALITY SLICED,FRESH SLICED PORTOBELLO MUSHROOMS PREMIUM QUALITY,PRODUCE,1,6
654,10078,FRESH JUMBO ONION ORGANIC SIZE YELLOW,ORGANIC YELLOW ONIONS JUMBO SIZE FRESH,PRODUCE,1,6
655,10662,FRESH ONION ORGANIC PREMIUM QUALITY SWEET,ORGANIC SWEET ONIONS FRESH PREMIUM QUALITY,PRODUCE,2,6
656,10665,FLAVOUR FRESH MILD ONION SWEET YELLOW,FRESH SWEET YELLOW ONIONS MILD FLAVOUR,PRODUCE,3,6
657,10663,FRESH MEDIUM ONION RED SIZE,FRESH RED ONIONS MEDIUM SIZE,PRODUCE,2,5
658,10664,FRESH ONION PREMIUM QUALITY RED,FRESH RED ONIONS PREMIUM QUALITY,PRODUCE,2,5
659,10670,BELLY FRESH ORANGE ORGANIC PEPPERS PREMIUM QUALITY,ORGANIC ORANGE BELL PEPPERS FRESH PREMIUM QUALITY,PRODUCE,1,7
660,10671,BELLY FRESH ORGANIC PEPPERS PREMIUM QUALITY YELLOW,ORGANIC YELLOW BELL PEPPERS FRESH PREMIUM QUALITY,PRODUCE,1,7
661,10064,FRESH HOT HOUSE ORANGE PEPPERS BELL#GROWN,FRESH ORANGE BELL PEPPERS HOT HOUSE GROWN,PRODUCE,2,6
662,10065,FRESH HOT HOUSE ORANGE PEPPERS BELL#GROWN,FRESH ORANGE BELL PEPPERS HOT HOUSE GROWN,PRODUCE,2,6
663,10066,FRESH GREENHOUSE HYDROPONIC ORANGE PEPPERS BELL#GROWN,FRESH ORANGE BELL PEPPERS HYDROPONIC GREENHOUSE GROWN,PRODUCE,1,6
664,10067,FRESH GREENHOUSE HYDROPONIC ORANGE PEPPERS BELL#GROWN,FRESH ORANGE BELL PEPPERS HYDROPONIC GREENHOUSE GROWN,PRODUCE,1,6
665,10068,FRESH GREENHOUSE HYDROPONIC PEPPERS RED BELL#GROWN,FRESH RED BELL PEPPERS HYDROPONIC GREENHOUSE GROWN,PRODUCE,2,6
666,10069,FRESH GREENHOUSE HYDROPONIC PEPPERS YELLOW BELL#GROWN,FRESH YELLOW BELL PEPPERS HYDROPONIC GREENHOUSE GROWN,PRODUCE,1,6
667,10597,FRESH GREENHOUSE HYDROPONIC PEPPERS RED BELL#GROWN,FRESH RED BELL PEPPERS HYDROPONIC GREENHOUSE GROWN,PRODUCE,2,6
668,10084,ANAHEIM CHILLI FRESH GREEN MILD PEPPERS SPICY,FRESH ANAHEIM GREEN CHILLI PEPPERS MILD SPICE,PRODUCE,1,6
669,10085,CHILLI FRESH MEDIUM MILD PEPPERS POBLANO SPICY TO,FRESH POBLANO CHILLI PEPPERS MILD TO MEDIUM SPICE,PRODUCE,1,6
670,10086,AND CHILLI FRESH GREEN HOT PEPPERS SERRANO SPICY,FRESH SERRANO GREEN CHILLI PEPPERS HOT AND SPICY,PRODUCE,2,7
671,10669,CHILLI EXTRA FRESH HABANERO HOT PEPPERS VARIETY,FRESH HABANERO CHILLI PEPPERS EXTRA HOT VARIETY,PRODUCE,3,7
672,10672,EXOTIC FRESH POTATO PURPLE VARIETY,FRESH PURPLE POTATOES EXOTIC VARIETY,PRODUCE,2,5
673,10087,FARM FRESH ORGANIC POTATO PRODUCE SWEET,ORGANIC SWEET POTATOES FRESH FARM PRODUCE,PRODUCE,2,6
674,10673,BABY FRESH GOLDEN ORGANIC POTATO PREMIUM QUALITY,ORGANIC BABY GOLDEN POTATOES FRESH PREMIUM QUALITY,PRODUCE,2,7
675,10674,FRESH KG ORGANIC PACK POTATO RED,ORGANIC RED POTATOES 3 KG PACK FRESH,PRODUCE,3,5
676,10691,AND COOKIES DECORATIVE FRESH PUMPKIN USE WARTED,FRESH WARTED PUMPKIN DECORATIVE AND COOKING USE,PRODUCE,1,6
677,10692,AND FRESH NUTRITION PUMPKIN RED SWEET VEGETABLE,FRESH RED PUMPKIN SWEET AND NUTRITIOUS VEGETABLE,PRODUCE,3,7
678,10093,FRESH RED RELIANCE RIPE TOMATO VEGETABLE VINE,RELIANCE FRESH VINE RIPE TOMATOES FRESH RED VEGETABLE,PRODUCE,2,7
679,10730,FRESH HOT HOUSE LARGE PRODUCE RELIANCE TOMATO,RELIANCE FRESH LARGE HOT HOUSE TOMATOES FRESH PRODUCE,PRODUCE,2,7
680,10731,CLUSTER FRESH HARVEST RELIANCE TOMATO VINE,RELIANCE FRESH CLUSTER TOMATOES FRESH VINE HARVESTED,PRODUCE,1,5
681,10732,FRESH PACKAGED PIECES PRODUCE RELIANCE TOMATO,RELIANCE FRESH PACKAGED TOMATOES 6 PIECES FRESH PRODUCE,PRODUCE,1,6
682,10709,BOWL CHICKEN EAT FRESH MEAL SALAD SPICY STYLE READY#TO,READY TO EAT SALAD BOWL SPICY CHICKEN STYLE FRESH MEAL,PRODUCE,1,9
683,10710,AND BLEND FRESH GREEN LEAVES LETTUCE RED SALAD,FRESH LETTUCE RED AND GREEN BLEND SALAD LEAVES,PRODUCE,2,8
684,10711,FRESH GREEN LEAVES MIXED ORGANIC SALAD SUPER,ORGANIC MIXED SUPER GREENS FRESH SALAD LEAVES,PRODUCE,1,7
685,10712,BABY FRESH LEAF ORGANIC SALAD SPINACH VEGETABLE,ORGANIC BABY SPINACH FRESH LEAFY SALAD VEGETABLE,PRODUCE,2,7
686,10713,COOKIES FOR FRESH PIE PUMPKIN SWEET VEGETABLE,FRESH PUMPKIN FOR PIE SWEET COOKING VEGETABLE,PRODUCE,3,7
687,10618,BRUSSELS FRESH SPROUTED,FRESHO BRUSSELS SPROUTS,PRODUCE,1,2
688,10616,FRESH OKRA,FRESHO OKRA,PRODUCE,1,2
689,10617,BROCCOLI FRESH MIX,FRESHO BROCCOLI MIX,PRODUCE,1,3
690,10614,CUP FRESH FRUIT GRAPEFRUIT IN LIGHT RED SYRUP,FRESH RED GRAPEFRUIT FRUIT CUP IN LIGHT SYRUP,PRODUCE,4,7
691,10615,ADDED CUP FRESH FRUIT GRAPEFRUIT NO RED SUGAR,FRESH RED GRAPEFRUIT FRUIT CUP NO ADDED SUGAR,PRODUCE,3,7
692,10714,HAPPILO PECANS PREMIUM,HAPPILO PREMIUM PECANS,PRODUCE,0,3
693,10715,PECANS PREMIUM PROV,PROV PREMIUM PECANS,PRODUCE,0,2
694,10716,APRICOTS NUTRAJ TURKISH,NUTRAJ TURKISH APRICOTS,PRODUCE,0,2
695,10717,ALMOND OPEN SECRET CHOCOLATE#DARK,OPEN SECRET DARK CHOCOLATE ALMONDS,PRODUCE,1,3
696,10718,MIX ROSTAA SPICY TRAIL,ROSTAA SPICY TRAIL MIX,PRODUCE,0,4
697,10719,BAR MIX NUT ROAD ROCKY YOGA,YOGA BAR ROCKY ROAD NUT MIX,PRODUCE,0,5
698,10720,FARMLEY MIX TRAIL TROPICAL,FARMLEY TROPICAL TRAIL MIX,PRODUCE,0,4
699,10721,BITE CHERRY SOKLET CHOCOLATE#DARK,SOKLET DARK CHOCOLATE CHERRY BITES,PRODUCE,1,3
700,10722,FARMLEY PECANS RAW,FARMLEY RAW PECANS,PRODUCE,0,3
701,10723,CALIFORNIA KERNELS ROSTAA WALNUT,ROSTAA CALIFORNIA WALNUT KERNELS,PRODUCE,1,4
702,10724,COATED PRETZEL SNACKIBLE YOGURT,SNACKIBLE YOGURT COATED PRETZELS,PRODUCE,0,3
703,10725,BUTTER GRITTIES NUTTY PEANUT TOFFEE,NUTTY GRITTIES BUTTER TOFFEE PEANUTS,PRODUCE,1,4
704,10675,BAR BUTTER GRAM PACK PEANUT PROTEIN RITEBITE,RITEBITE PEANUT BUTTER PROTEIN BAR 50 GRAM PACK,PRODUCE,2,7
705,10676,BAR BUTTER GRAM PACK PEANUT PROTEIN YOGA CHOCOLATE#DARK,YOGA BAR DARK CHOCOLATE PEANUT BUTTER PROTEIN BAR 60 GRAM PACK,PRODUCE,2,8
706,10636,AND BROCCOLI CARROT CELERY CUTS DIP FRESH PACK RANCH SNACK WITH,FRESH CUT BROCCOLI CARROT AND CELERY SNACK PACK WITH RANCH DIP,PRODUCE,3,11
707,10637,CUP CUTS EAT FRESH MA VEGETABLE READY#TO,FRESH TOMATO CUP READY TO EAT CUT VEGETABLE,PRODUCE,1,6
708,10638,CAULIFLOWER COKE CUTS FRESH PIECES VEGETABLE READY#TO,FRESH CAULIFLOWER CUT PIECES READY TO COOK VEGETABLE,PRODUCE,1,7
709,10639,COKE CUTS FRESH PIECES VEGETABLE BUTTERNUT#SQUASH READY#TO,FRESH BUTTERNUT SQUASH CUT PIECES READY TO COOK VEGETABLE,PRODUCE,1,7
710,10640,ASSORTED FRESH MIXED MUSHROOM PACK PIECES VARIETY,FRESH MIXED MUSHROOMS PACK ASSORTED VARIETY 6 PIECES,PRODUCE,2,7
711,10632,BERRY CUP CUTS EAT FRESH FRUIT MIXED READY#TO,FRESH MIXED BERRY CUP READY TO EAT CUT FRUIT,PRODUCE,2,8
712,10633,EAT FRESH FRUIT PACK STRAWBERRY READY#TO,FRESH STRAWBERRY PACK READY TO EAT FRUIT,PRODUCE,3,6
713,10634,CANTALOUPE CUP CUTS EAT FRESH FRUIT READY#TO,FRESH CANTALOUPE FRUIT CUP READY TO EAT CUT FRUIT,PRODUCE,1,6
714,10635,CUP EAT FRESH FRUIT PIECES PINEAPPLE SWEET READY#TO,FRESH PINEAPPLE FRUIT CUP READY TO EAT SWEET PIECES,PRODUCE,2,8
715,10666,CHIPS GRAM HOT PACK POTATO SWEET TOO#YUMM,TOO YUMM! HOT & SWEET POTATO CHIPS 100 GRAM PACK,PRODUCE,3,7
716,10628,BLUEBERRY DRIED GRAM HAPPILO PACK,HAPPILO DRIED BLUEBERRIES 100 GRAM PACK,PRODUCE,1,5
717,10629,CRANBERRY DRIED GRAM HAPPILO PACK,HAPPILO DRIED CRANBERRIES 100 GRAM PACK,PRODUCE,1,5
718,10630,CRANBERRY DRIED GRAM PACK ROSTAA,ROSTAA DRIED CRANBERRIES 100 GRAM PACK,PRODUCE,1,5
719,10631,DRIED GRAM PACK PINEAPPLE ROSTAA SLICED,ROSTAA DRIED PINEAPPLE SLICES 100 GRAM PACK,PRODUCE,1,6
720,10687,GINGER PRESERVED RAW SHOT WELLNESS,RAW PRESSERY GINGER WELLNESS SHOT,PRODUCE,0,4
721,10688,IMMUNITY KAPIVA SHOT,KAPIVA IMMUNITY SHOT,PRODUCE,0,3
722,10689,CAYENNE IMMUNITY PRESERVED RAW SHOT,RAW PRESSERY IMMUNITY SHOT CAYENNE,PRODUCE,0,4
723,10690,BOOSTER IMMUNITY KAPIVA,KAPIVA IMMUNITY BOOSTER,PRODUCE,0,2
724,10686,DRINK GRAPES SPARKLING BOAT#PAPER,PAPER BOAT SPARKLING DRINK GRAPE,PRODUCE,1,4
725,10677,APPLE HAPPYBOOCH KOMBUCHA,HAPPYBOOCH KOMBUCHA APPLE,PRODUCE,1,3
726,10678,ATMOSPHERE HERBAL KOMBUCHA,ATMOSPHERE KOMBUCHA KOMBUCHA HERBAL,PRODUCE,1,3
727,10679,HAPPYBOOCH KOMBUCHA SEASONING,HAPPYBOOCH KOMBUCHA SEASONAL,PRODUCE,0,3
728,10680,CITRUS HAPPYBOOCH KOMBUCHA PASSION,HAPPYBOOCH KOMBUCHA PASSION CITRUS,PRODUCE,0,4
729,10681,BERRY HAPPYBOOCH KOMBUCHA LEMON,HAPPYBOOCH KOMBUCHA BERRY LEMON,PRODUCE,2,4
730,10682,ATMOSPHERE BERRY KOMBUCHA MIXED,ATMOSPHERE KOMBUCHA KOMBUCHA MIXED BERRY,PRODUCE,1,4
731,10683,BERRY HAPPYBOOCH KOMBUCHA LEMON,HAPPYBOOCH KOMBUCHA LEMON BERRY,PRODUCE,2,4
732,10684,BANANA CHOCOLATE DRINK PRESERVED PROTEIN RAW,RAW PRESSERY PROTEIN DRINK CHOCOLATE BANANA,PRODUCE,0,6
733,10685,JUICE LEMON REAL,REAL LEMON JUICE,PRODUCE,1,3
734,10696,DRESSING POPPY SEEDS FARMS#WINGREENS,WINGREENS FARMS POPPY SEED DRESSING,PRODUCE,0,3
735,10694,DRESSING RANCH VEEBA,VEEBA RANCH DRESSING,PRODUCE,0,3
736,10695,DIP DR FUNFOODS JALAPENO MAYO OETKER,DR. OETKER FUNFOODS JALAPENO MAYO DIP,PRODUCE,0,5
737,10697,BALSAMIC VEEBA VINAIGRETTE,VEEBA BALSAMIC VINAIGRETTE,PRODUCE,0,3
738,10698,CHEESE CREAMY DRESSING FARMS#WINGREENS,WINGREENS FARMS CREAMY CHEESE DRESSING,PRODUCE,1,4
739,10699,CHEESE DRESSING JALAPENO VEEBA,VEEBA CHEESY JALAPENO DRESSING,PRODUCE,0,4
740,10700,CAESAR CREMICA DRESSING SALAD,CREMICA CAESAR SALAD DRESSING,PRODUCE,0,4
741,11352,FREE GLUTEN GNOCCHERIA GNOCCHI LA PASTA POTATO,LA GNOCCHERIA POTATO GNOCCHI GLUTEN FREE PASTA,READY TO EAT & DELI,1,5
742,11353,CHEESE PEPPERS RAVIOLI ROASTED,ROASTED PEPPER & CHEESE RAVIOLI,READY TO EAT & DELI,0,4
743,11354,ACASA PASTA RAVIOLI,ACASA RAVIOLI PASTA,READY TO EAT & DELI,0,2
744,11355,RAVIOLI RICOTTA SPINACH STYLPASTA,STYLPASTA RAVIOLI RICOTTA SPINACH,READY TO EAT & DELI,0,3
745,11356,PESTO POPO RAVIOLI RICOTTA S,POPOÃ†S RAVIOLI PESTO RICOTTA,READY TO EAT & DELI,0,3
746,11357,CULINARIA PACK TORTELLINI,CULINARIA TORTELLINI PACK,READY TO EAT & DELI,1,2
747,11358,BORGES PASTA TORTELLINI,BORGES TORTELLINI PASTA,READY TO EAT & DELI,0,3
748,11359,DISANO PACK PASTA,DISANO PASTA PACK,READY TO EAT & DELI,1,2
749,11360,DEL MONTE PACK PASTA,DEL MONTE PASTA PACK,READY TO EAT & DELI,1,4
750,11361,BORGES FUSILLI PASTA,BORGES FUSILLI PASTA,READY TO EAT & DELI,0,2
751,11362,BORGES PASTA PENNE,BORGES PENNE PASTA,READY TO EAT & DELI,0,3
752,11363,BORGES FETTUCCINE PASTA,BORGES FETTUCCINE PASTA,READY TO EAT & DELI,0,3
753,11364,BORGES LINGUINE PASTA,BORGES LINGUINE PASTA,READY TO EAT & DELI,0,2
754,11365,ALFREDO DEL MONTE PASTA SAUCE,DEL MONTE ALFREDO PASTA SAUCE,READY TO EAT & DELI,0,5
755,11366,DEL MARINADE MONTE SAUCE,DEL MONTE MARINARA SAUCE,READY TO EAT & DELI,0,4
756,11367,SAUCE VEEBA BASIL#PESTO,VEEBA BASIL PESTO SAUCE,READY TO EAT & DELI,0,3
757,11368,FAMILY PACK SAUCE VEEBA BASIL#PESTO,VEEBA BASIL PESTO SAUCE FAMILY PACK,READY TO EAT & DELI,1,5
758,10206,CHICKEN HAM PRASUMA SLICED,PRASUMA CHICKEN HAM SLICES,READY TO EAT & DELI,0,4
759,10207,MEATIGO MILANO SALAMI,MEATIGO MILANO SALAMI,READY TO EAT & DELI,0,3
760,10208,CHICKEN DEL MEATIGO SLICED SMOKE,MEATIGO SMOKED CHICKEN DELI SLICES,READY TO EAT & DELI,0,5
761,10209,CHICKEN HAM PRASUMA SMOKE,PRASUMA SMOKED CHICKEN HAM,READY TO EAT & DELI,0,4
762,10210,CHICKEN COLA CUTS HAM LICIOUS SMOKE,LICIOUS SMOKED CHICKEN HAM COLD CUTS,READY TO EAT & DELI,0,6
763,10211,CHICKEN ENGLISH HAM PRASUMA SMOKE,PRASUMA ENGLISH SMOKED CHICKEN HAM,READY TO EAT & DELI,0,5
764,10212,GLAZED HAM HONEY MEATIGO,MEATIGO HONEY GLAZED HAM,READY TO EAT & DELI,1,4
765,10213,BLACK FOREST HAM MEATIGO,MEATIGO BLACK FOREST HAM,READY TO EAT & DELI,1,4
766,10214,BREAST CHICKEN MEATIGO SLICED SMOKE,MEATIGO SMOKED CHICKEN BREAST SLICES,READY TO EAT & DELI,0,5
767,10215,BOX CHEESE PRASUMA SALAMI SNACK,PRASUMA SALAMI & CHEESE SNACK BOX,READY TO EAT & DELI,0,5
768,11256,CHICKEN GODREJ LOAF SLICED,GODREJ CHICKEN LOAF SLICES,READY TO EAT & DELI,0,4
769,11257,CHICKEN GRILLED PRASUMA SLICED,PRASUMA GRILLED CHICKEN SLICES,READY TO EAT & DELI,0,4
770,11258,CURED HAM HONEY MEATIGO,MEATIGO HONEY CURED HAM,READY TO EAT & DELI,1,3
771,11259,GLAZED HAM MAPLE MEATIGO,MEATIGO MAPLE GLAZED HAM,READY TO EAT & DELI,1,4
772,11260,CHICKEN PEPPERS PRASUMA PREMIUM,PRASUMA CHICKEN PEPPERONI PREMIUM,READY TO EAT & DELI,0,4
773,11261,CHICKEN PEPPERS PRASUMA SLICED,PRASUMA CHICKEN PEPPERONI SLICES,READY TO EAT & DELI,0,4
774,11262,CHEESE PACK PRASUMA SALAMI SNACK,PRASUMA SALAMI & CHEESE SNACK PACK,READY TO EAT & DELI,1,5
775,11263,MEATIGO MILANO SALAMI,MEATIGO MILANO SALAMI,READY TO EAT & DELI,0,3
776,11264,CHICKEN MEATIGO PACK SAUSAGE SNACK,MEATIGO CHICKEN SAUSAGE SNACK PACK,READY TO EAT & DELI,1,5
777,11265,CHICKEN PRASUMA SALAMI,PRASUMA CHICKEN SALAMI,READY TO EAT & DELI,0,3
778,11266,CHICKEN PRASUMA SALAMI,PRASUMA CHICKEN SALAMI,READY TO EAT & DELI,0,3
779,11267,CHICKEN PRASUMA SALAMI,PRASUMA CHICKEN SALAMI,READY TO EAT & DELI,0,3
780,11268,BULL CHICKEN PACK PRASUMA SALAMI,PRASUMA CHICKEN SALAMI BULK PACK,READY TO EAT & DELI,1,5
781,11269,CHICKEN GODREJ SALAMI,GODREJ CHICKEN SALAMI,READY TO EAT & DELI,0,3
782,11270,CHEESE COMBO HAM MEATIGO,MEATIGO HAM & CHEESE COMBO,READY TO EAT & DELI,0,4
783,11271,CHICKEN CHILLI PRASUMA SALAMI,PRASUMA CHICKEN CHILLI SALAMI,READY TO EAT & DELI,0,4
784,11272,CHEESE HAM LICIOUS SAUSAGE,LICIOUS HAM & CHEESE SAUSAGE,READY TO EAT & DELI,0,4
785,11273,GOURMET MEAL PACK PRASUMA,PRASUMA GOURMET MEAT PACK,READY TO EAT & DELI,1,4
786,11274,COMBO MEATIGO PACK,MEATIGO COMBO PACK,READY TO EAT & DELI,1,3
787,11275,CHICKEN GODREJ SALAMI,GODREJ CHICKEN SALAMI,READY TO EAT & DELI,0,3
788,10216,AMUL CHEESE HAVARTI SLICED,AMUL HAVARTI CHEESE SLICES,READY TO EAT & DELI,0,3
789,10222,BRITANNIA CHEESE SLICED,BRITANNIA CHEESE SLICES,READY TO EAT & DELI,0,3
790,10223,BRITANNIA CHEESE SLICED,BRITANNIA CHEESE SLICES,READY TO EAT & DELI,0,3
791,10224,AMUL CHEESE JALAPENO SLICED,AMUL JALAPENO CHEESE SLICES,READY TO EAT & DELI,0,4
792,10225,AMUL CHEESE JACK PEPPERS,AMUL PEPPER JACK CHEESE,READY TO EAT & DELI,0,4
793,10226,AMUL BLOCK CHEESE FRESH,AMUL FRESH CHEESE BLOCK,READY TO EAT & DELI,1,4
794,10227,AMUL CHEESE PROVOLONE,AMUL PROVOLONE CHEESE,READY TO EAT & DELI,0,3
795,10235,CHEESE GO SLICED SWISS,GO CHEESE SWISS SLICES,READY TO EAT & DELI,0,3
796,10236,AMUL CHEESE MOZZARELLA STRING,AMUL MOZZARELLA STRING CHEESE,READY TO EAT & DELI,0,3
797,10239,BRITANNIA CHEESE PACK SLICED,BRITANNIA CHEESE SLICES PACK,READY TO EAT & DELI,1,4
798,11293,AMUL BLOCK CHEDDAR,AMUL CHEDDAR BLOCK,READY TO EAT & DELI,0,3
799,11294,CHEESE GO SWISS,GO CHEESE SWISS CHEESE,READY TO EAT & DELI,0,2
800,11326,AMUL CAMEMBERT CHEESE,AMUL CAMEMBERT CHEESE,READY TO EAT & DELI,0,2
801,11327,AMUL BRIE CHEESE,AMUL BRIE CHEESE,READY TO EAT & DELI,0,3
802,11328,AMUL BLOCK BRIE CHEESE,AMUL BRIE CHEESE BLOCK,READY TO EAT & DELI,0,4
803,11329,BITE BRIE CHEESE GO,GO CHEESE BRIE BITES,READY TO EAT & DELI,0,3
804,11330,AMUL CHEESE CHUNKS GOAT,AMUL GOAT CHEESE CHUNK,READY TO EAT & DELI,0,4
805,11331,AMUL CHEDDAR SMOKE,AMUL SMOKED CHEDDAR,READY TO EAT & DELI,0,3
806,11332,AMUL CHEDDAR PREMIUM,AMUL PREMIUM CHEDDAR,READY TO EAT & DELI,0,3
807,11333,AMUL CHEESE CUBES,AMUL CHEESE CUBES,READY TO EAT & DELI,0,3
808,11334,AMUL BLUEBERRY CHEESE GOAT,AMUL GOAT CHEESE BLUEBERRY,READY TO EAT & DELI,0,4
809,11335,AMUL CHEESE GOAT SPREAD,AMUL GOAT CHEESE SPREAD,READY TO EAT & DELI,0,4
810,11336,AMUL BALLS MOZZARELLA,AMUL MOZZARELLA BALLS,READY TO EAT & DELI,0,3
811,11337,AMUL GOUDA SMOKE,AMUL SMOKED GOUDA,READY TO EAT & DELI,0,3
812,11338,CHEESE GO GOUDA WEDGES,GO CHEESE GOUDA WEDGES,READY TO EAT & DELI,0,2
813,11339,AGED AMUL GOUDA,AMUL AGED GOUDA,READY TO EAT & DELI,0,3
814,11340,BRITANNIA CHEESE SPREAD,BRITANNIA CHEESE SPREAD,READY TO EAT & DELI,0,3
815,11341,CHEESE EPIGAMIA SPREAD,EPIGAMIA CHEESE SPREAD,READY TO EAT & DELI,0,3
816,11342,CHEESE EPIGAMIA SPREAD,EPIGAMIA CHEESE SPREAD,READY TO EAT & DELI,0,3
817,11349,BRITANNIA CHEESE SLICED,BRITANNIA CHEESE SLICES,READY TO EAT & DELI,0,3
818,10240,GODREJ SALAD SEAFOOD YUMMIEZ,GODREJ YUMMIEZ SEAFOOD SALAD,READY TO EAT & DELI,0,4
819,11232,CAESAR CHICKEN GODREJ SALAD YUMMIEZ,GODREJ YUMMIEZ CHICKEN CAESAR SALAD,READY TO EAT & DELI,0,5
820,11350,PASTA ROTINI SALAD VEEBA,VEEBA PASTA SALAD ROTINI,READY TO EAT & DELI,0,3
821,11351,BEANS SALAD THREE VEEBA,VEEBA THREE BEAN SALAD,READY TO EAT & DELI,0,4
822,11369,POTATO SALAD VEEBA,VEEBA POTATO SALAD,READY TO EAT & DELI,0,3
823,11381,PASTA PLATES SALAD URBAN,URBAN PLATTER PASTA SALAD,READY TO EAT & DELI,0,4
824,11382,KALE MANGO PLATES SALAD URBAN,URBAN PLATTER KALE MANGO SALAD,READY TO EAT & DELI,0,5
825,11383,ENERGY PLATES SALAD URBAN,URBAN PLATTER ENERGY SALAD,READY TO EAT & DELI,0,4
826,11384,CHICKEN GODREJ SALAD YUMMIEZ,GODREJ YUMMIEZ CHICKEN SALAD,READY TO EAT & DELI,0,4
827,11385,SALAD TUSCAN VEEBA,VEEBA TUSCAN SALAD,READY TO EAT & DELI,0,2
828,10218,CRYSTALS JELLICE JELLY,JELLICE JELLY CRYSTALS,READY TO EAT & DELI,0,3
829,10219,DESSERT MOUSSE PUMPKIN SMOOR,SMOOR PUMPKIN DESSERT MOUSSE,READY TO EAT & DELI,0,2
830,10220,CHEESE PASTA SALAD WINGREENS,WINGREENS CHEESY PASTA SALAD,READY TO EAT & DELI,0,4
831,10221,HERBED POTATO SALAD WINGREENS,WINGREENS HERBED POTATO SALAD,READY TO EAT & DELI,0,4
832,11280,BERRY DESSERT NOTO YOGURT,NOTO BERRY YOGURT DESSERT,READY TO EAT & DELI,1,3
833,11281,BASKIN DESSERT RASPBERRY ROBBINS,BASKIN ROBBINS RASPBERRY DESSERT,READY TO EAT & DELI,0,2
834,11282,AMUL PISTACHIO SHRIKHAND,AMUL PISTACHIO SHRIKHAND,READY TO EAT & DELI,0,2
835,11283,CREAMY CREAMBELL DESSERT FRUIT,CREAMBELL FRUIT & CREAM DESSERT,READY TO EAT & DELI,1,4
836,11284,RUSSIAN SALAD WINGREENS,WINGREENS RUSSIAN SALAD,READY TO EAT & DELI,0,2
837,11285,MACARONI SALAD WINGREENS,WINGREENS MACARONI SALAD,READY TO EAT & DELI,0,3
838,11286,GARDEN PASTA SALAD WINGREENS,WINGREENS GARDEN PASTA SALAD,READY TO EAT & DELI,0,4
839,11287,MUSTARD POTATO SALAD WINGREENS,WINGREENS MUSTARD POTATO SALAD,READY TO EAT & DELI,0,4
840,11288,MUSTARD POTATO SALAD WINGREENS,WINGREENS MUSTARD POTATO SALAD,READY TO EAT & DELI,0,4
841,11289,DEL FILLING MONTE SALAD,DEL MONTE SALAD FILLING,READY TO EAT & DELI,0,4
842,11290,AMERICAN DIP MUSTARD WINGREENS,WINGREENS AMERICAN MUSTARD DIP,READY TO EAT & DELI,0,4
843,11291,HERBED POTATO SALAD WINGREENS,WINGREENS HERBED POTATO SALAD,READY TO EAT & DELI,0,4
844,11292,POTATO SALAD WINGREENS,WINGREENS POTATO SALAD,READY TO EAT & DELI,0,3
845,11233,BRITANNIA BUNS PRETZEL SLIDER,BRITANNIA PRETZEL SLIDER BUNS,READY TO EAT & DELI,0,4
846,11234,BRITANNIA BUNS HAMBURGER PACK,BRITANNIA HAMBURGER BUNS PACK,READY TO EAT & DELI,1,4
847,11235,BRITANNIA BUTTER ROLLS,BRITANNIA BUTTER ROLLS,READY TO EAT & DELI,1,3
848,11236,BRITANNIA BUNS BURGER PRETZEL,BRITANNIA PRETZEL BURGER BUNS,READY TO EAT & DELI,0,4
849,11237,BRITANNIA ROLLS SWEET,BRITANNIA SWEET ROLLS,READY TO EAT & DELI,1,3
850,11238,DIPPERS HALDIRAM NAAN S,HALDIRAM'S NAAN DIPPERS,READY TO EAT & DELI,0,3
851,11239,CRISPY HALDIRAM NAAN S,HALDIRAM'S NAAN CRISPS,READY TO EAT & DELI,0,3
852,11370,CHEESE CHICKEN FRESH MEAL PLATES RELIANCE,RELIANCE FRESH CHICKEN MEAT & CHEESE PLATTER,READY TO EAT & DELI,1,6
853,11371,CHEESE FRESH FRUIT PLATES RELIANCE,RELIANCE FRESH FRUIT & CHEESE PLATTER,READY TO EAT & DELI,1,5
854,11372,CHICKEN GODREJ PARTY SALAMI TRAP YUMMIEZ,GODREJ YUMMIEZ CHICKEN SALAMI PARTY TRAY,READY TO EAT & DELI,0,6
855,11373,CHEESE CLASSIC FRESH MEAL PLATES RELIANCE,RELIANCE FRESH CLASSIC MEAT & CHEESE PLATTER,READY TO EAT & DELI,1,6
856,11374,CHEESE CLASSIC FRESH MEAL PLATES RELIANCE,RELIANCE FRESH CLASSIC MEAT & CHEESE PLATTER,READY TO EAT & DELI,1,6
857,11375,DEL FRESH PACK PARTY RELIANCE,RELIANCE FRESH DELI PARTY PACK,READY TO EAT & DELI,2,5
858,11376,CHICKEN FRESH PLATES RELIANCE SANDWICH,RELIANCE FRESH CHICKEN SANDWICH PLATTER,READY TO EAT & DELI,1,5
859,11377,BAGUETTE CHICKEN FRESH PLATES RELIANCE,RELIANCE FRESH CHICKEN BAGUETTE PLATTER,READY TO EAT & DELI,1,4
860,11378,CHICKEN FRESH PARTY PLATES RELIANCE ROLLS,RELIANCE FRESH CHICKEN PARTY ROLL PLATTER,READY TO EAT & DELI,1,6
861,11379,FRESH PLATES RELIANCE VEG,RELIANCE FRESH VEG PLATTER,READY TO EAT & DELI,1,4
862,11380,FRESH PLATES RELIANCE VEG,RELIANCE FRESH VEG PLATTER,READY TO EAT & DELI,1,4
863,11386,CHEESE GODREJ PLATES SAUSAGE YUMMIEZ,GODREJ YUMMIEZ SAUSAGE & CHEESE PLATTER,READY TO EAT & DELI,0,5
864,11387,CHICKEN COLA CUTS FRESH PLATES RELIANCE,RELIANCE FRESH CHICKEN COLD CUTS PLATTER,READY TO EAT & DELI,1,6
865,11388,FRESH PARTY PLATES RELIANCE SNACK,RELIANCE FRESH PARTY SNACK PLATTER,READY TO EAT & DELI,1,5
866,11389,FRESH PLATES PREMIUM RELIANCE SNACK,RELIANCE FRESH PREMIUM SNACK PLATTER,READY TO EAT & DELI,1,5
867,11390,GODREJ PEPPERS SNACK TRAP YUMMIEZ,GODREJ YUMMIEZ PEPPERONI SNACK TRAY,READY TO EAT & DELI,0,5
868,11391,CHICKEN GODREJ SNACK TRAP YUMMIEZ,GODREJ YUMMIEZ CHICKEN SNACK TRAY,READY TO EAT & DELI,0,5
869,10228,SNACK TUNA NIBBLES#TASTY,TASTY NIBBLES TUNA SNACK,READY TO EAT & DELI,0,3
870,11295,AMUL CHEESE PACK SNACK,AMUL CHEESE SNACK PACK,READY TO EAT & DELI,1,4
871,11296,BRITANNIA CHEESE PACK SNACK,BRITANNIA CHEESE SNACK PACK,READY TO EAT & DELI,1,4
872,11297,AMUL CHEESE SLICED SNACK,AMUL CHEESE SLICES SNACK,READY TO EAT & DELI,0,4
873,11298,BISCUIT BRITANNIA PACK SNACK,BRITANNIA BISCUIT SNACK PACK,READY TO EAT & DELI,1,4
874,11299,AMUL CHEESE CUBES PACK,AMUL CHEESE CUBES PACK,READY TO EAT & DELI,1,4
875,11300,BRITANNIA CHEESE PACK SNACK,BRITANNIA CHEESE SNACK PACK,READY TO EAT & DELI,1,4
876,11301,CHICKEN PACK S SNACK VENKY,VENKYÃ†S CHICKEN SNACK PACK,READY TO EAT & DELI,1,4
877,11302,SNACK TUNA NIBBLES#TASTY,TASTY NIBBLES TUNA SNACK,READY TO EAT & DELI,0,3
878,11303,CHICKEN LICIOUS PACK SNACK,LICIOUS CHICKEN SNACK PACK,READY TO EAT & DELI,1,4
879,11304,PACK TUNA NIBBLES#TASTY,TASTY NIBBLES TUNA PACK,READY TO EAT & DELI,1,3
880,11305,KELLOGG PACK S SNACK,KELLOGGÃ†S SNACK PACK,READY TO EAT & DELI,1,3
881,11306,AMUL PIZZA SNACK,AMUL PIZZA SNACK,READY TO EAT & DELI,0,3
882,11307,CHICKEN GODREJ PACK SNACK,GODREJ CHICKEN SNACK PACK,READY TO EAT & DELI,1,4
883,11308,CHICKEN SNACK ZORABIAN,ZORABIAN CHICKEN SNACK,READY TO EAT & DELI,0,3
884,11309,SNACK TUNA NIBBLES#TASTY,TASTY NIBBLES TUNA SNACK,READY TO EAT & DELI,0,3
885,11310,PACK TUNA NIBBLES#TASTY,TASTY NIBBLES TUNA PACK,READY TO EAT & DELI,1,3
886,11311,CHICKEN LICIOUS PACK,LICIOUS CHICKEN PACK,READY TO EAT & DELI,1,3
887,11312,CHICKEN LICIOUS SNACK,LICIOUS CHICKEN SNACK,READY TO EAT & DELI,0,3
888,10203,CHILLI DIP GHOST SPICY VEEBA,VEEBA SPICY GHOST CHILLI DIP,READY TO EAT & DELI,0,4
889,10204,AMUL CHEESE DIP SPREAD,AMUL CHEESE SPREAD DIP,READY TO EAT & DELI,0,4
890,10205,DESSERT DIP EPIGAMIA LEMON,EPIGAMIA LEMON DESSERT DIP,READY TO EAT & DELI,1,4
891,10217,DESSERT DIP PUMPKIN WINGREENS,WINGREENS PUMPKIN DESSERT DIP,READY TO EAT & DELI,0,4
892,11240,DIP SANDWICH SAUCE VEEBA,VEEBA SANDWICH SAUCE DIP,READY TO EAT & DELI,0,4
893,11241,BUFFALO DIP SAUCE VEEBA,VEEBA BUFFALO SAUCE DIP,READY TO EAT & DELI,0,4
894,11242,DIP MEXICAN WINGREENS,WINGREENS MEXICALI DIP,READY TO EAT & DELI,0,3
895,11243,DIP ONION VEEBA,VEEBA ONION DIP,READY TO EAT & DELI,0,3
896,11244,CHIPOTLE DIP VEEBA,VEEBA CHIPOTLE DIP,READY TO EAT & DELI,0,3
897,11245,AMUL CHEESE DIP,AMUL CHEESE DIP,READY TO EAT & DELI,0,3
898,11246,DIP GUACAMOLE WINGREENS,WINGREENS GUACAMOLE DIP,READY TO EAT & DELI,0,2
899,11247,CHOCOLATE EPIGAMIA HUMMUS,EPIGAMIA CHOCOLATE HUMMUS,READY TO EAT & DELI,0,3
900,11248,HUMMUS SPICY WINGREENS,WINGREENS SPICY HUMMUS,READY TO EAT & DELI,0,3
901,11249,CAPSICUM HUMMUS ROASTED WINGREENS,WINGREENS ROASTED CAPSICUM HUMMUS,READY TO EAT & DELI,0,4
902,11250,HUMMUS VEEBA,VEEBA HUMMUS,READY TO EAT & DELI,0,2
903,11251,HUMMUS LEMON WINGREENS,WINGREENS LEMON HUMMUS,READY TO EAT & DELI,1,3
904,11252,HUMMUS MANTRA,24 MANTRA HUMMUS,READY TO EAT & DELI,0,2
905,11253,HUMMUS MANGO WINGREENS,WINGREENS MANGO HUMMUS,READY TO EAT & DELI,0,3
906,11254,CLASSIC HUMMUS MANTRA,24 MANTRA CLASSIC HUMMUS,READY TO EAT & DELI,0,3
907,11255,HUMMUS PACK SNACK WINGREENS,WINGREENS HUMMUS SNACK PACK,READY TO EAT & DELI,1,4
908,11276,DIP SALT VEEBA,VEEBA SALSA DIP,READY TO EAT & DELI,1,3
909,11277,DIP SALT WINGREENS,WINGREENS SALSA DIP,READY TO EAT & DELI,1,3
910,11278,SALT TOMATO VEEBA,VEEBA TOMATO SALSA,READY TO EAT & DELI,1,3
911,11279,GREEN SALT WINGREENS,WINGREENS GREEN SALSA,READY TO EAT & DELI,1,3
912,10229,BORGES KALAMATA OLIVES,BORGES KALAMATA OLIVES,READY TO EAT & DELI,0,2
913,10230,FIGARO GREEN OLIVES,FIGARO GREEN OLIVES,READY TO EAT & DELI,0,3
914,10231,OLIVES PLATES URBAN,URBAN PLATTER OLIVES,READY TO EAT & DELI,0,3
915,10232,BORGES GRILLED OLIVES,BORGES GRILLED OLIVES,READY TO EAT & DELI,0,3
916,10233,PICKLED PRAVIN,PRAVIN PICKLE,READY TO EAT & DELI,0,2
917,10234,CHIPS NEO PICKLED,NEO PICKLE CHIPS,READY TO EAT & DELI,0,3
918,10237,CRACKERS UNIBIC,UNIBIC CRACKERS,READY TO EAT & DELI,0,2
919,10238,BINGO CHIPS TORTILLA,BINGO TORTILLA CHIPS,READY TO EAT & DELI,0,3
920,11313,AMUL CHEESE PLATES,AMUL CHEESE PLATTER,READY TO EAT & DELI,0,3
921,11314,BRUSCHETTA VEEBA,VEEBA BRUSCHETTA,READY TO EAT & DELI,0,1
922,11315,FIGARO MIXED OLIVES,FIGARO MIXED OLIVES,READY TO EAT & DELI,0,3
923,11316,PLATES SAUERKRAUT URBAN,URBAN PLATTER SAUERKRAUT,READY TO EAT & DELI,0,3
924,11317,PICKLED PRAVIN SPEARS,PRAVIN PICKLE SPEARS,READY TO EAT & DELI,0,3
925,11318,GHERKINS PICKLED PLATES URBAN,URBAN PLATTER PICKLED GHERKINS,READY TO EAT & DELI,0,4
926,11319,BITE NEO PICKLED,NEO PICKLE BITES,READY TO EAT & DELI,0,3
927,11320,BRITANNIA CRACKERS,BRITANNIA CRACKERS,READY TO EAT & DELI,0,2
928,11321,BRITANNIA CRACKERS MINT,BRITANNIA MINI CRACKERS,READY TO EAT & DELI,1,3
929,11322,BRITANNIA CRACKERS,BRITANNIA CRACKERS,READY TO EAT & DELI,0,2
930,11323,CHIPS TOO#YUMM,TOO YUMM CHIPS,READY TO EAT & DELI,0,2
931,11324,BRITANNIA CRACKERS,BRITANNIA CRACKERS,READY TO EAT & DELI,0,2
932,11325,BITE PRETZEL TOO#YUMM,TOO YUMM PRETZEL BITES,READY TO EAT & DELI,0,3
933,11343,CRISPY PLATES URBAN,URBAN PLATTER CRISPS,READY TO EAT & DELI,0,3
934,11344,CHIPS PITA TOO#YUMM,TOO YUMM PITA CHIPS,READY TO EAT & DELI,0,3
935,11345,CHIPS PITA TOO#YUMM,TOO YUMM PITA CHIPS,READY TO EAT & DELI,0,3
936,11346,CHIPS PITA PLATES URBAN,URBAN PLATTER PITA CHIPS,READY TO EAT & DELI,0,4
937,11347,CHIPS THIN TOO#YUMM,TOO YUMM THIN CHIPS,READY TO EAT & DELI,0,3
938,11348,CRISPY PRETZEL TOO#YUMM,TOO YUMM PRETZEL CRISPS,READY TO EAT & DELI,0,3
939,10192,COUPON DISCOUNT STORE,STORE COUPON DISCOUNT,READY TO EAT & DELI,0,3
940,10951,MINT PRONAMEL SENSODYNE TOOTHPASTE,SENSODYNE PRONAMEL MINT TOOTHPASTE,GM/HBC,4,4
941,10950,ENAMEL FOR INTENSIVE PROTECTION REPAIR SENSITIVE SENSODYNE TEETH TOOTHPASTE,SENSODYNE INTENSIVE ENAMEL REPAIR TOOTHPASTE FOR SENSITIVE TEETH PROTECTION,GM/HBC,9,9
942,10946,CARB ENAMEL FLAVOUR FOR FRESH PRONAMEL SENSODYNE TOOTHPASTE WAVY WITH,SENSODYNE PRONAMEL TOOTHPASTE WITH FRESH WAVE FLAVOUR FOR ENAMEL CARE,GM/HBC,8,10
943,10949,INTENSIVE PRONAMEL REPAIR SENSODYNE TOOTHPASTE,SENSODYNE PRONAMEL INTENSIVE REPAIR TOOTHPASTE,GM/HBC,5,5
944,10947,GENTLE PRONAMEL SENSODYNE TOOTHPASTE WHITENING,SENSODYNE PRONAMEL GENTLE WHITENING TOOTHPASTE,GM/HBC,5,5
945,10948,FRESH PRONAMEL SENSODYNE TOOTHPASTE WAVY,SENSODYNE PRONAMEL FRESH WAVE TOOTHPASTE,GM/HBC,4,5
946,10945,ACTION MULTI PRONAMEL SENSODYNE TOOTHPASTE,SENSODYNE PRONAMEL MULTI-ACTION TOOTHPASTE,GM/HBC,5,5
947,10952,FRESH MINT PRONAMEL SENSODYNE TOOTHPASTE,SENSODYNE PRONAMEL FRESH MINT TOOTHPASTE,GM/HBC,5,5
948,10953,PARODONTAX TOOTHPASTE WHITENING,PARODONTAX WHITENING TOOTHPASTE,GM/HBC,3,2
949,10954,CLEAR COLGATE DEEP MINT TOOTHPASTE TOTAL,COLGATE TOTAL DEEP CLEAN MINT TOOTHPASTE,GM/HBC,5,6
950,10956,HERBAL HIMALAYAN SPARKLING TOOTHPASTE WHITE,HIMALAYA SPARKLING WHITE HERBAL TOOTHPASTE,GM/HBC,5,5
951,10957,TOOTHPASTE WHITE COLGATE#VISIBLE,COLGATE VISIBLE WHITE TOOTHPASTE,GM/HBC,2,3
952,10958,PACK TOOTHPASTE TWIN WHITE COLGATE#VISIBLE,COLGATE VISIBLE WHITE TOOTHPASTE TWIN PACK,GM/HBC,4,5
953,10967,CLEAR GUM SENSITIVE SENSODYNE TOOTHPASTE,SENSODYNE SENSITIVITY & GUM CLEAN TOOTHPASTE,GM/HBC,4,5
954,10959,EXTRA PACK SENSODYNE TOOTHPASTE TWIN WHITENING,SENSODYNE EXTRA WHITENING TOOTHPASTE TWIN PACK,GM/HBC,6,6
955,10964,CARB GUM SENSITIVE SENSODYNE TOOTHPASTE,SENSODYNE SENSITIVITY & GUM CARE TOOTHPASTE,GM/HBC,4,5
956,10966,SENSITIVE SENSODYNE TOOTHPASTE WHITENING,SENSODYNE SENSITIVITY WHITENING TOOTHPASTE,GM/HBC,4,4
957,10963,SENSITIVE SENSODYNE TEETH TOOTHPASTE WHITENING,SENSODYNE SENSITIVE TEETH WHITENING TOOTHPASTE,GM/HBC,5,5
958,10962,PROTEIN REPAIR SENSODYNE TOOTHPASTE WHITENING,SENSODYNE REPAIR & PROTECT WHITENING TOOTHPASTE,GM/HBC,4,5
959,10960,COMPLETE EXTRA FRESH PROTECTION SENSODYNE TOOTHPASTE,SENSODYNE COMPLETE PROTECTION EXTRA FRESH TOOTHPASTE,GM/HBC,6,6
960,10965,COMPLETE PROTECTION SENSODYNE TOOTHPASTE,SENSODYNE COMPLETE PROTECTION TOOTHPASTE,GM/HBC,4,4
961,10961,MINT SENSODYNE TOOTHPASTE,SENSODYNE MINT TOOTHPASTE,GM/HBC,3,3
962,10968,O TOOTHPASTE WHITE COLGATE#VISIBLE,COLGATE VISIBLE WHITE O2 TOOTHPASTE,GM/HBC,3,3
963,10969,TOOTHPASTE WHITE COLGATE#VISIBLE,COLGATE VISIBLE WHITE TOOTHPASTE,GM/HBC,2,3
964,10970,ACTIV CHARCOAL COLGATE SALT TOOTHPASTE,COLGATE ACTIVE SALT CHARCOAL TOOTHPASTE,GM/HBC,4,5
965,10971,TOOTHPASTE WHITE COLGATE#VISIBLE,COLGATE VISIBLE WHITE TOOTHPASTE,GM/HBC,2,3
966,10972,PRONAMEL SENSODYNE TOOTHPASTE WHITENING,SENSODYNE PRONAMEL WHITENING TOOTHPASTE,GM/HBC,4,4
967,11109,BALM CHERRY HIMALAYAN LIP,HIMALAYA LIP BALM CHERRY,GM/HBC,4,4
968,11110,ANTISEPTIC BOROLINE CREAMY,BOROLINE ANTISEPTIC CREAM,GM/HBC,3,1
969,11108,BALM CARB LIP NIVEA OF ORIGINAL PACK STICK,NIVEA LIP BALM ORIGINAL CARE STICK PACK OF 3,GM/HBC,7,7
970,11111,CHYAWANPRASH DABUR GUMMIES,DABUR CHYAWANPRASH GUMMIES,GM/HBC,3,1
971,11133,ALOE GEL GILLETTE SENSITIVE SHAVING SKIN,GILLETTE SENSITIVE SKIN SHAVING GEL ALOE,GM/HBC,6,6
972,11141,GEL GILLETTE SENSITIVE SHAVING SKIN,GILLETTE SENSITIVE SKIN SHAVING GEL,GM/HBC,5,5
973,11139,GEL GILLETTE SENSITIVE SHAVING ULTRA,GILLETTE ULTRA SENSITIVE SHAVING GEL,GM/HBC,5,5
974,11138,GEL GILLETTE MOISTURIZING SHAVING,GILLETTE MOISTURIZING SHAVING GEL,GM/HBC,4,4
975,11140,GEL SHAVING TEA TREE AVENUE#PARK,PARK AVENUE TEA TREE SHAVING GEL,GM/HBC,4,4
976,11137,ALOE GEL GILLETTE SHAVING VERA,GILLETTE ALOE VERA SHAVING GEL,GM/HBC,5,5
977,11136,BUTTER CEDARWOOD GEL SHAVING SHEA AVENUE#PARK,PARK AVENUE CEDARWOOD & SHEA BUTTER SHAVING GEL,GM/HBC,5,5
978,11150,BATH KHADI LAVENDER NATURAL SALT,KHADI NATURAL LAVENDER BATH SALT,GM/HBC,5,5
979,11149,BATH KHADI NATURAL SALT SEA,KHADI NATURAL SEA SALT BATH SALT,GM/HBC,5,5
980,11154,BATH HIMALAYAN PATANJALI SALT,PATANJALI HIMALAYAN BATH SALT,GM/HBC,4,4
981,11155,BATH EUCALYPTUS SALT SOULFLOWER,SOULFLOWER EUCALYPTUS BATH SALT,GM/HBC,4,4
982,11153,BATH KHADI NATURAL SALT SLEEP#THERAPY,KHADI NATURAL SLEEP THERAPY BATH SALT,GM/HBC,4,5
983,11152,BATH PATANJALI RELIEF SALT STRESS,PATANJALI STRESS RELIEF BATH SALT,GM/HBC,5,3
984,11151,AROMAHPURE BATH LAVENDER NATURAL SALT,AROMAHPURE NATURAL LAVENDER BATH SALT,GM/HBC,5,4
985,11156,BATH EUCALYPTUS SALT SOULFLOWER,SOULFLOWER EUCALYPTUS BATH SALT,GM/HBC,4,4
986,11158,BATH BUBBLE KHADI LAVENDER NATURAL,KHADI NATURAL LAVENDER BUBBLE BATH,GM/HBC,5,5
987,11157,BATH BUBBLE KHADI NATURAL RELAXING,KHADI NATURAL RELAXING BUBBLE BATH,GM/HBC,5,5
988,11160,BATH BUBBLE CO ELDERBERRY LOVE THE,THE LOVE CO ELDERBERRY BUBBLE BATH,GM/HBC,6,4
989,11159,BATH BUBBLE KHADI LAVENDER NATURAL SLEEP#THERAPY,KHADI NATURAL LAVENDER SLEEP THERAPY BUBBLE BATH,GM/HBC,5,6
990,11162,BODY CARB DOVE EXTRA FRESH MEN WASH,DOVE MEN+CARE EXTRA FRESH BODY WASH,GM/HBC,6,7
991,11161,BODY CARB DOVE EXTRA FRESH MEN WASH,DOVE MEN+CARE EXTRA FRESH BODY WASH,GM/HBC,6,7
992,11163,DEEP GEL IMPACT MEN NIVEA SHOWER,NIVEA MEN DEEP IMPACT SHOWER GEL,GM/HBC,6,5
993,11166,BODY DOVE SENSITIVE SKIN WASH,DOVE SENSITIVE SKIN BODY WASH,GM/HBC,5,5
994,11164,BODY DEEPLY DOVE NOURISHING WASH,DOVE DEEPLY NOURISHING BODY WASH,GM/HBC,5,3
995,11165,BODY COCONUT JOJOBA NIVEA OIL WASH,NIVEA COCONUT & JOJOBA OIL BODY WASH,GM/HBC,6,5
996,11167,BODY CARB DOVE RELAXING WASH,DOVE RELAXING CARE BODY WASH,GM/HBC,4,5
997,11168,GEL TOTAL HAND#LIFEBUOY#SANITIZER,LIFEBUOY TOTAL HAND SANITIZER GEL,GM/HBC,2,3
998,11169,GEL TOTAL HAND#LIFEBUOY#SANITIZER,LIFEBUOY TOTAL 10 HAND SANITIZER GEL,GM/HBC,2,3
999,11170,BOTTLE PUMP HAND#LIFEBUOY#SANITIZER,LIFEBUOY HAND SANITIZER PUMP BOTTLE,GM/HBC,2,2
1000,11171,ADVANCED BODY OIL PARACHUTE,PARACHUTE ADVANCED BODY OIL,GM/HBC,4,3
1001,11172,BODY DAILY FRAGRANCE FREE LOTION MOISTURIZING VASELINE,VASELINE DAILY MOISTURIZING BODY LOTION FRAGRANCE FREE,GM/HBC,7,6
1002,11173,BALM LIP NIVEA FRUITY#SHINE,NIVEA FRUITY SHINE LIP BALM,GM/HBC,3,4
1003,11174,BALM LIP NIVEA FRUITY#SHINE,NIVEA FRUITY SHINE LIP BALM,GM/HBC,3,4
1004,11175,BALM CARB LIP NIVEA ORIGINAL SPF,NIVEA ORIGINAL CARE LIP BALM SPF 15,GM/HBC,5,6
1005,11176,BALM LAKME LIP LOVE STRAWBERRY,LAKME LIP LOVE LIP BALM STRAWBERRY,GM/HBC,5,4
1006,11177,NEUTROGENA SHEER SPF SUNSCREEN ULTRA,NEUTROGENA ULTRA SHEER SUNSCREEN SPF 50,GM/HBC,5,4
1007,11178,LOTION MOISTURE NIVEA PROTEIN SPF SUN,NIVEA SUN PROTECT & MOISTURE SPF 50 LOTION,GM/HBC,5,6
1008,11179,HERBAL LOTUS SAFE SPF SPORTS SUN SUNSCREEN,LOTUS HERBALS SAFE SUN SPORT SPF 30 SUNSCREEN,GM/HBC,6,5
1009,11181,CETAPHIL LOTION MOISTURIZING,CETAPHIL MOISTURISING LOTION,GM/HBC,3,3
1010,11180,CETAPHIL CLEANER GENTLE SKIN,CETAPHIL GENTLE SKIN CLEANSER,GM/HBC,3,4
1011,11182,CLEANER GEL NEUTROGENA WATER BOOST#HYDRO,NEUTROGENA HYDRO BOOST WATER GEL CLEANSER,GM/HBC,3,5
1012,11184,GEL NEUTROGENA WATER BOOST#HYDRO,NEUTROGENA HYDRO BOOST WATER GEL,GM/HBC,3,4
1013,11183,CETAPHIL CLEANER GENTLE SKIN,CETAPHIL GENTLE SKIN CLEANSER,GM/HBC,3,4
1014,11393,CAPSULES D IU K SOFTGEL VITAMIN CARBAMIDE#FORTE,CARBAMIDE FORTE VITAMIN D3 60K IU SOFTGEL CAPSULES,GM/HBC,6,4
1015,11395,CAPSULES PROBIOTIC STRAIN CARBAMIDE#FORTE,CARBAMIDE FORTE PROBIOTIC 14 STRAIN CAPSULES,GM/HBC,3,3
1016,11396,MELATONIN MG TABLETS CARBAMIDE#FORTE,CARBAMIDE FORTE MELATONIN 3 MG TABLETS,GM/HBC,3,3
1017,11397,MELATONIN MG TABLETS CARBAMIDE#FORTE,CARBAMIDE FORTE MELATONIN 3 MG TABLETS,GM/HBC,3,3
1018,11398,FISH FLAVOUR HEALTHKART LEMON MG OIL SOFTGEL,HEALTHKART FISH OIL 1200 MG LEMON FLAVOUR SOFTGELS,GM/HBC,7,5
1019,10242,BABY BODY HIMALAYAN LAVENDER SHAMPOO WASH,HIMALAYA BABY SHAMPOO & BODY WASH LAVENDER,GM/HBC,6,6
1020,10241,BABY CONDITIONER HIMALAYAN LAVENDER,HIMALAYA BABY CONDITIONER LAVENDER,GM/HBC,4,4
1021,10243,BABY HIMALAYAN LAVENDER LOTION,HIMALAYA BABY LOTION LAVENDER,GM/HBC,4,4
1022,10244,BABY BODY HIMALAYAN SENSITIVE SHAMPOO WASH,HIMALAYA BABY SHAMPOO & BODY WASH SENSITIVE,GM/HBC,6,6
1023,10245,BABY BODY COMFORT CREAMY HIMALAYAN SHAMPOO SWEET WASH,HIMALAYA BABY SHAMPOO & BODY WASH SWEET CREAM COMFORT,GM/HBC,8,8
1024,10246,ALMOND BABY BODY HIMALAYAN SWEET WASH,HIMALAYA BABY BODY WASH SWEET ALMOND,GM/HBC,6,6
1025,10247,BABY CREAMY DIAPER HIMALAYAN RASH,HIMALAYA BABY DIAPER RASH CREAM,GM/HBC,5,3
1026,10445,FACE HIMALAYAN NEEM PURIFYING STICK WASH,HIMALAYA PURIFYING NEEM FACE WASH STICK,GM/HBC,6,4
1027,10450,FIT FOUNDATION MAPLE MAYBELLINE ME STICK,MAYBELLINE FIT ME FOUNDATION STICK MAPLE,GM/HBC,6,5
1028,10452,FINISH FOUNDATION INVISIBLE IVORY LAKM,LAKMÎ˜ INVISIBLE FINISH FOUNDATION IVORY,GM/HBC,5,3
1029,10443,COSMETICS FACE MAKEUP OAK STICK SUGAR,SUGAR COSMETICS FACE MAKEUP STICK OAK,GM/HBC,6,6
1030,10449,BEIGE CREAMY FOUNDATION STICK CANADA#FACES,FACES CANADA FOUNDATION STICK CREAMY BEIGE,GM/HBC,4,5
1031,10454,DEW FROSTED HIGHLIGHTER LAKM LIQUID,LAKMÎ˜ LIQUID HIGHLIGHTER DEW FROST,GM/HBC,4,3
1032,10459,FIT FOUNDATION MAYBELLINE ME TATA,MAYBELLINE FIT ME FOUNDATION TAN,GM/HBC,4,4
1033,10446,BISQUE COLORBAR FOUNDATION STICK,COLORBAR FOUNDATION STICK BISQUE,GM/HBC,4,3
1034,10460,COSMETICS FOUNDATION STICK SUGAR WALNUT,SUGAR COSMETICS FOUNDATION STICK WALNUT,GM/HBC,5,5
1035,10448,FOUNDATION IVORY STICK CANADA#FACES,FACES CANADA FOUNDATION STICK IVORY,GM/HBC,3,4
1036,10451,FOUNDATION LAKM NUDE STICK,LAKMÎ˜ FOUNDATION STICK NUDE,GM/HBC,4,4
1037,10453,FLORAL FOUNDATION MAYBELLINE STICK TONE,MAYBELLINE FOUNDATION STICK FLORAL TONE,GM/HBC,5,4
1038,10447,COLORBAR FOUNDATION PORCELAIN,COLORBAR FOUNDATION PORCELAIN,GM/HBC,3,3
1039,10444,BEIGE COSMETICS FOUNDATION PERFECT SUGAR,SUGAR COSMETICS FOUNDATION PERFECT BEIGE,GM/HBC,5,4
1040,10457,FOUNDATION NUDE STICK CANADA#FACES,FACES CANADA FOUNDATION STICK NUDE,GM/HBC,3,4
1041,10458,FOUNDATION LAKM PORCELAIN,LAKMÎ˜ FOUNDATION PORCELAIN,GM/HBC,3,3
1042,10455,FOUNDATION MAYBELLINE NATURAL,MAYBELLINE FOUNDATION NATURAL,GM/HBC,3,3
1043,10456,COLORBAR MAKEUP PEACH STICK,COLORBAR MAKEUP STICK PEACH,GM/HBC,4,4
1044,10468,ENRICH LAKM VIOLET LIPSTICK#MATTE,LAKMÎ˜ ENRICH MATTE LIPSTICK VIOLET,GM/HBC,3,3
1045,10471,COLORBAR LINER LIP LUMBER PARTNER,COLORBAR LIP LINER LUMBER PARTNER,GM/HBC,5,3
1046,10463,COFFEE CRAVE CREAMY MAYBELLINE LIPSTICK#MATTE NEW#YORK,MAYBELLINE NEW YORK CREAMY MATTE LIPSTICK COFFEE CRAVE,GM/HBC,4,5
1047,10461,LINER LIP ROSEWOOD CANADA#FACES,FACES CANADA LIP LINER ROSEWOOD,GM/HBC,3,4
1048,10467,ENRICH LAKM SPELLBOUND LIPSTICK#MATTE,LAKMÎ˜ ENRICH MATTE LIPSTICK SPELLBOUND,GM/HBC,3,3
1049,10472,A COSMETICS FIRE LIT SUGAR LIPSTICK#MATTE,SUGAR COSMETICS MATTE LIPSTICK LIT A FIRE,GM/HBC,5,5
1050,10464,CREAMY DE MAYBELLINE DULCE#LECHE LIPSTICK#MATTE NEW#YORK,MAYBELLINE NEW YORK CREAMY MATTE LIPSTICK DULCE DE LECHE,GM/HBC,3,5
1051,10474,LINER LIP ROSEWOOD CANADA#FACES,FACES CANADA LIP LINER ROSEWOOD,GM/HBC,3,4
1052,10469,BLUSH ENRICH LAKM SWEETHEART LIPSTICK#MATTE,LAKMÎ˜ ENRICH MATTE LIPSTICK SWEETHEART BLUSH,GM/HBC,4,3
1053,10462,COSMETICS HOT SUGAR LIPSTICK#MATTE,SUGAR COSMETICS MATTE LIPSTICK HOT,GM/HBC,3,4
1054,10470,COLORBAR GARNET LINER LIP RED,COLORBAR LIP LINER GARNET RED,GM/HBC,5,4
1055,10465,CREAMY MAYBELLINE SCARLET LIPSTICK#MATTE NEW#YORK,MAYBELLINE NEW YORK CREAMY MATTE LIPSTICK SCARLET,GM/HBC,3,4
1056,10466,ENRICH LAKM SIENNA LIPSTICK#MATTE,LAKMÎ˜ ENRICH MATTE LIPSTICK SIENNA,GM/HBC,3,3
1057,10475,LINER LIP NUDE CANADA#FACES,FACES CANADA LIP LINER NUDE,GM/HBC,3,4
1058,10473,CREAMY MAUVE MAYBELLINE ROMANCE LIPSTICK#MATTE NEW#YORK,MAYBELLINE NEW YORK CREAMY MATTE LIPSTICK ROMANCE MAUVE,GM/HBC,4,4
1059,10476,A AT COLOR DAWN LAKM NAIL ROSE,LAKMÎ˜ NAIL COLOR A ROSE AT DAWN,GM/HBC,7,4
1060,10481,COLORBAR COZUMELTED IN LACQUER NAIL SUN THE,COLORBAR NAIL LACQUER COZUMELTED IN THE SUN,GM/HBC,7,5
1061,10478,COLOR COSMETICS NAIL NOLA SUGAR WAY,SUGAR COSMETICS NAIL COLOR NOLA WAY,GM/HBC,6,4
1062,10479,AURORA BERRY ENAMEL NAIL CANADA#FACES,FACES CANADA NAIL ENAMEL AURORA BERRY,GM/HBC,4,4
1063,10480,BATH BUBBLE COLOR LAKM NAIL,LAKMÎ˜ NAIL COLOR BUBBLE BATH,GM/HBC,5,5
1064,10482,APPLE BIG COLORBAR LACQUER NAIL RED,COLORBAR NAIL LACQUER BIG APPLE RED,GM/HBC,6,6
1065,10477,BOSSA COLOR COSMETICS DON ME NAIL NOVA SUGAR T,SUGAR COSMETICS NAIL COLOR DONÃ†T BOSSA NOVA ME,GM/HBC,9,4
1066,10495,BLACK EYELINER LAKM LIQUID FELT#TIP,LAKMÎ˜ LIQUID EYELINER FELT TIP BLACK,GM/HBC,4,5
1067,10485,ASH BROWN EYEBROW KIT CANADA#FACES,FACES CANADA EYEBROW KIT ASH BROWN,GM/HBC,4,4
1068,10492,BLACK MAYBELLINE MASCARA#VERY NEW#YORK,MAYBELLINE NEW YORK MASCARA VERY BLACK,GM/HBC,2,4
1069,10493,BLACK EYELINER LAKM LIQUID WATERPROOF,LAKMÎ˜ WATERPROOF LIQUID EYELINER BLACK,GM/HBC,5,5
1070,10491,BROWN DARK EYELINER LIQUID CANADA#FACES FELT#TIP,FACES CANADA LIQUID EYELINER FELT TIP DARK BROWN,GM/HBC,4,6
1071,10494,COSMETICS EYELINER LIQUID PURPLE SUGAR,SUGAR COSMETICS LIQUID EYELINER PURPLE,GM/HBC,5,5
1072,10488,BLUE COLORBAR KAJAL PENCIL,COLORBAR KAJAL PENCIL BLUE,GM/HBC,4,3
1073,10489,BLUE EYELINER LAKM LIGHT LIQUID,LAKMÎ˜ LIQUID EYELINER LIGHT BLUE,GM/HBC,5,5
1074,10484,BROWN DARK EYEBROW KIT CANADA#FACES,FACES CANADA EYEBROW KIT DARK BROWN,GM/HBC,4,5
1075,10487,BLACK MAYBELLINE WATERPROOF MASCARA#VERY NEW#YORK,MAYBELLINE NEW YORK WATERPROOF MASCARA VERY BLACK,GM/HBC,3,5
1076,10496,CHARCOAL COLORBAR EYELINER PENCIL,COLORBAR EYELINER PENCIL CHARCOAL,GM/HBC,4,4
1077,10486,BROWN COSMETICS DARK EYELINER LIQUID SUGAR,SUGAR COSMETICS LIQUID EYELINER DARK BROWN,GM/HBC,6,6
1078,10490,BLACK EYELINER LAKM PENCIL,LAKMÎ˜ EYELINER PENCIL BLACK,GM/HBC,4,4
1079,10483,BLACK EYELINER LIQUID MAYBELLINE NEW#YORK,MAYBELLINE NEW YORK LIQUID EYELINER BLACK,GM/HBC,4,5
1080,10497,CRYSTALS DEODORANT FRESH NIVEA ON ROLLS,NIVEA DEODORANT ROLL-ON CRYSTAL FRESH,GM/HBC,4,5
1081,10499,BAY DEODORANT LIME ON ROLLS RUM STONE WILD,WILD STONE DEODORANT ROLL-ON BAY RUM LIME,GM/HBC,7,6
1082,10498,BOURBON DEODORANT ON ROLLS STONE VETIVER WILD,WILD STONE DEODORANT ROLL-ON BOURBON VETIVER,GM/HBC,6,5
1083,10501,DEODORANT DOVE EXTRA FRESH MEN ON ROLLS,DOVE MEN DEODORANT ROLL-ON EXTRA FRESH,GM/HBC,6,6
1084,10500,CLEAR COMFORT DEODORANT DOVE MEN STICK,DOVE MEN DEODORANT STICK CLEAN COMFORT,GM/HBC,5,6
1085,10502,CLEAR COMFORT DEODORANT DOVE MEN ON ROLLS,DOVE MEN DEODORANT ROLL-ON CLEAN COMFORT,GM/HBC,5,6
1086,10505,BLACK DEODORANT MEN NIVEA SPRAY WHITE,NIVEA MEN DEODORANT SPRAY BLACK & WHITE,GM/HBC,6,6
1087,10506,BLACK DEODORANT FRESH MEN NIVEA SPRAY WHITE,NIVEA MEN DEODORANT SPRAY BLACK & WHITE FRESH,GM/HBC,7,7
1088,10504,COLA DEODORANT FRESH MEN NIVEA SPRAY,NIVEA MEN DEODORANT SPRAY COOL FRESH,GM/HBC,5,6
1089,10508,ADVENTURE DEODORANT FOGG MEN SPRAY,FOGG MEN DEODORANT SPRAY ADVENTURE,GM/HBC,5,3
1090,10507,DEODORANT DOVE FRESH MEN SPRAY,DOVE MEN DEODORANT SPRAY FRESH,GM/HBC,5,5
1091,10510,BODY SHEA SPRAY STONE VANILLA WILD,WILD STONE BODY SPRAY VANILLA & SHEA,GM/HBC,6,6
1092,10509,ALOE DEODORANT ENGAGE MEN RAIN SPRAY,ENGAGE MEN DEODORANT SPRAY ALOE RAIN,GM/HBC,6,5
1093,10511,BLACK DEODORANT MEN NIVEA PLUS STICK,NIVEA MEN DEODORANT STICK BLACK PLUS,GM/HBC,6,6
1094,10512,DEODORANT DOVE MEN SENSITIVE SHIELD STICK,DOVE MEN DEODORANT STICK SENSITIVE SHIELD,GM/HBC,6,5
1095,10513,CARB COASTAL DEODORANT DOVE MEN STICK,DOVE MEN DEODORANT STICK COASTAL CARE,GM/HBC,5,5
1096,10514,DEODORANT DOVE MEN SANDALWOOD STICK,DOVE MEN DEODORANT STICK SANDALWOOD,GM/HBC,5,5
1097,10516,DEODORANT FIJI MEN PACK STICK STONE TWIN WILD,WILD STONE MEN DEODORANT STICK FIJI TWIN PACK,GM/HBC,8,8
1098,10515,DEODORANT FIJI MEN PACK STICK STONE TWIN WILD,WILD STONE MEN DEODORANT STICK FIJI TWIN PACK,GM/HBC,8,8
1099,10521,DEODORANT DOVE EXTRA FRESH MEN STICK,DOVE MEN DEODORANT STICK EXTRA FRESH,GM/HBC,6,6
1100,10517,CLEAR COMFORT DEODORANT DOVE MEN STICK,DOVE MEN DEODORANT STICK CLEAN COMFORT,GM/HBC,5,6
1101,10518,DEODORANT DOVE EXTRA FRESH MEN STICK,DOVE MEN DEODORANT STICK EXTRA FRESH,GM/HBC,6,6
1102,10519,CLEAR COMFORT DEODORANT DOVE MEN STICK,DOVE MEN DEODORANT STICK CLEAN COMFORT,GM/HBC,5,6
1103,10520,COLA DEODORANT FRESH MEN NIVEA STICK,NIVEA MEN DEODORANT STICK COOL FRESH,GM/HBC,5,6
1104,10523,CLEAR DEODORANT FRESH MEN NIVEA STICK,NIVEA MEN DEODORANT STICK CLEAN FRESH,GM/HBC,5,6
1105,10522,DEODORANT DOVE EXTRA FRESH MEN STICK,DOVE MEN DEODORANT STICK EXTRA FRESH,GM/HBC,6,6
1106,10524,BODY DEODORANT SHEA STICK STONE VANILLA WILD,WILD STONE BODY DEODORANT STICK VANILLA & SHEA,GM/HBC,7,7
1107,10525,BODY DEODORANT MARINARA SANDALWOOD STICK STONE WILD,WILD STONE BODY DEODORANT STICK MANDARIN & SANDALWOOD,GM/HBC,6,7
1108,10526,DEODORANT MEN NIVEA ON PACK ROLLS TWIN UNSCENTED,NIVEA MEN DEODORANT ROLL-ON UNSCENTED TWIN PAC,GM/HBC,7,7
1109,10528,DEODORANT FRESH NIVEA ON PACK ROLLS SHOWER TWIN WOMEN,NIVEA WOMEN DEODORANT ROLL-ON SHOWER FRESH TWIN PACK,GM/HBC,8,8
1110,10527,DEODORANT DOVE LAVENDER ON ROLLS WOMEN,DOVE WOMEN DEODORANT ROLL-ON LAVENDER,GM/HBC,5,5
1111,10529,DEODORANT NATURAL NIVEA OCEAN STICK WOMEN,NIVEA WOMEN NATURAL DEODORANT STICK OCEAN,GM/HBC,6,6
1112,10530,DEODORANT NATURAL NIVEA PEACH STICK WOMEN,NIVEA WOMEN NATURAL DEODORANT STICK PEACH,GM/HBC,6,6
1113,10533,ALMOND DEODORANT ENGAGE HONEY SPRAY WOMEN,ENGAGE WOMEN DEODORANT SPRAY ALMOND HONEY,GM/HBC,6,6
1114,10532,DEODORANT ENGAGE ROSE SPRAY WATER WOMEN,ENGAGE WOMEN DEODORANT SPRAY ROSE WATER,GM/HBC,6,6
1115,10534,DEODORANT ENGAGE JASMINE SPRAY TEA WHITE WOMEN,ENGAGE WOMEN DEODORANT SPRAY WHITE TEA JASMINE,GM/HBC,7,7
1116,10531,BLACK DEODORANT NIVEA SPRAY WHITE WOMEN,NIVEA WOMEN DEODORANT SPRAY BLACK & WHITE,GM/HBC,6,6
1117,10535,DEODORANT DOVE FRESH SPRAY WOMEN,DOVE WOMEN DEODORANT SPRAY FRESH,GM/HBC,5,5
1118,10536,DEODORANT DOVE ROSE STICK WATER WOMEN,DOVE WOMEN DEODORANT STICK ROSE WATER,GM/HBC,6,6
1119,10537,DEODORANT FRESH NIVEA PACK POWDER STICK TWIN WOMEN,NIVEA WOMEN DEODORANT STICK POWDER FRESH TWIN PACK,GM/HBC,8,8
1120,10539,CLEAR COMFORT CREAMY DEODORANT DOVE WOMEN,DOVE WOMEN DEODORANT CREAM CLEAN COMFORT,GM/HBC,5,6
1121,10541,CLEAR COMFORT DEODORANT DOVE STICK WOMEN,DOVE WOMEN DEODORANT STICK CLEAN COMFORT,GM/HBC,5,6
1122,10538,CREAMY DEODORANT PEACH VANILLA WOMEN YARDLEY,YARDLEY WOMEN DEODORANT CREAM PEACH VANILLA,GM/HBC,6,6
1123,10540,DEODORANT PEACH STICK VANILLA WOMEN YARDLEY,YARDLEY WOMEN DEODORANT STICK PEACH VANILLA,GM/HBC,6,6
1124,10736,GEL HAIR HOLD MAX SET STYLING WET,SET WET HAIR STYLING GEL MAX HOLD,GM/HBC,7,5
1125,10737,COCONUT CONDITIONER DOVE HAIR HYDRATION,DOVE HAIR CONDITIONER COCONUT & HYDRATION,GM/HBC,5,4
1126,10739,DAMAGED DRY HAIR SHAMPOO HEAD#SHOULDERS,HEAD & SHOULDERS SHAMPOO DRY & DAMAGED HAIR,GM/HBC,4,5
1127,10741,OIL SCALP SHAMPOO HEAD#SHOULDERS,HEAD & SHOULDERS SHAMPOO OILY SCALP,GM/HBC,3,3
1128,10740,CONDITIONER DAMAGED DOVE DRY HAIR,DOVE HAIR CONDITIONER DRY & DAMAGED HAIR,GM/HBC,5,5
1129,10738,CONDITIONER DOVE HAIR OIL,DOVE HAIR CONDITIONER OILY HAIR,GM/HBC,4,4
1130,10943,TOOTHPASTE WHITE COLGATE#VISIBLE,COLGATE VISIBLE WHITE TOOTHPASTE,GM/HBC,2,3
1131,10944,CLOSE TOOTHPASTE UP WHITENING,CLOSE-UP WHITENING TOOTHPASTE,GM/HBC,4,2
1132,10179,BEVERAGE DRINK FLAVOUR FRUIT JUICE ORANGE ORIGINAL POWER REAL TANGY,REAL FRUIT POWER ORANGE DRINK TANGY ORIGINAL FLAVOURED JUICE BEVERAGE,DAIRY,2,10
1133,10180,BEVERAGE DRINK FLAVOUR FRUIT JUICE ORANGE ORIGINAL POWER REAL TANGY,REAL FRUIT POWER ORANGE DRINK TANGY ORIGINAL FLAVOURED JUICE BEVERAGE,DAIRY,2,10
1134,11089,CITRUS DRINK FRESH JUICE NO ORANGE PERCENT PULP REAL,REAL 100 PERCENT ORANGE JUICE NO PULP FRESH CITRUS DRINK,DAIRY,1,8
1135,11090,CITRUS DRINK FRESH HIGH JUICE NATURAL ORANGE PULP WITH BOAT#PAPER,PAPER BOAT ORANGE JUICE WITH HIGH PULP FRESH NATURAL CITRUS DRINK,DAIRY,3,10
1136,11091,AND CALCIUM D JUICE NO ORANGE PERCENT PULP VITAMIN WITH BOAT#PAPER,PAPER BOAT 100 PERCENT ORANGE JUICE NO PULP WITH CALCIUM AND VITAMIN D,DAIRY,3,9
1137,11092,ACTIV ADDED CALCIUM DRINK FRESH HEALTH JUICE ORANGE REAL WITH,REAL ACTIV ORANGE JUICE WITH ADDED CALCIUM FRESH HEALTH DRINK,DAIRY,2,10
1138,11093,CARAMEL COFFEE DRINK FLAVOUR ICED MACCHIA TATA READY#TO,TATA COFFEE ICED COFFEE CARAMEL MACCHIATO FLAVOURED READY TO DRINK,DAIRY,2,7
1139,11094,BLACK COFFEE DRINK ESPRESSO ICED TATA UNSWEETENED READY#TO,TATA COFFEE ICED ESPRESSO BLACK UNSWEETENED READY TO DRINK COFFEE,DAIRY,2,8
1140,11095,COFFEE COLA FLAVOUR ICED MOCHA PREMIUM RAGE,RAGE COFFEE ICED COFFEE MOCHA FLAVOURED PREMIUM COLD COFFEE,DAIRY,2,6
1141,11096,ALL BEVERAGE FRUIT GRAPES JUICE NATURAL REAL,REAL GRAPE JUICE ALL NATURAL FRUIT BEVERAGE,DAIRY,1,7
1142,11097,COCKTAIL CORDON DRINK FRUIT GRAPES JUICE REAL SWEET,REAL CONCORD GRAPE JUICE COCKTAIL SWEET FRUIT DRINK,DAIRY,1,8
1143,11098,COCKTAIL DRINK FRUIT JUICE PASSION REAL TROPICAL,REAL PASSION FRUIT JUICE COCKTAIL TROPICAL FRUIT DRINK,DAIRY,0,7
1144,11099,CITRUS DRINK PINK SUGAR ZERO LEMONADE#REFRESHING MAID#MINUTE,MINUTE MAID PINK LEMONADE ZERO SUGAR REFRESHING CITRUS DRINK,DAIRY,1,7
1145,11100,DRINK FRUIT JUICE RASPBERRY REAL LEMONADE#REFRESHING,REAL RASPBERRY LEMONADE REFRESHING FRUIT JUICE DRINK,DAIRY,0,6
1146,11101,DRINK LIGHT LOW RASPBERRY REAL SUGAR WITH LEMONADE#REFRESHING,REAL LIGHT LEMONADE WITH RASPBERRY LOW SUGAR REFRESHING DRINK,DAIRY,3,8
1147,11102,CITRUS CLASSIC DRINK FRESH REAL LEMONADE#REFRESHING,REAL CLASSIC LEMONADE FRESH CITRUS REFRESHING DRINK,DAIRY,1,6
1148,11103,BEVERAGE FRUIT MIXED PREMIUM PUNCH MAID#MINUTE,MINUTE MAID FRUIT PUNCH PREMIUM MIXED FRUIT BEVERAGE,DAIRY,0,6
1149,11104,CITRUS DRINK FRUIT JUICE PUNCH REAL REFRESHING SMOOTH STYLE,REAL CITRUS FRUIT PUNCH SMOOTH STYLE REFRESHING JUICE DRINK,DAIRY,0,9
1150,11105,BEVERAGE CHILLI DRINK GOLD ICED SWEET TATA TEA READY#TO,TATA TEA GOLD SWEET ICED TEA CHILLED READY TO DRINK BEVERAGE,DAIRY,2,9
1151,11106,BLACK CHILLI DRINK GOLD SWEETENED TATA TEA READY#TO,TATA TEA GOLD BLACK TEA SWEETENED CHILLED READY TO DRINK,DAIRY,2,8
1152,11107,BAKRI BEVERAGE BLACK CHILLI DRINK SWEETENED TEA WAGH READY#TO,WAGH BAKRI SWEETENED BLACK TEA READY TO DRINK CHILLED BEVERAGE,DAIRY,2,7
1153,10005,AMUL BLOCK CHEESE PROCESSED,AMUL PROCESSED CHEESE BLOCK,DAIRY,0,4
1154,10006,CHEESE FRESH GO PANEER SOFT STYLE,GO CHEESE FRESH PANEER STYLE SOFT CHEESE,DAIRY,1,5
1155,10007,BRITANNIA CHEESE CLASSIC PROCESSED SLICED,BRITANNIA CHEESE SLICES CLASSIC PROCESSED CHEESE,DAIRY,0,5
1156,10008,AMUL CHEESE CUBES PACK SNACK,AMUL CHEESE CUBES SNACK PACK,DAIRY,1,5
1157,10009,AMUL CHEDDAR CHEESE CUBES NATURAL,AMUL CHEESE CUBES NATURAL CHEDDAR,DAIRY,1,5
1158,10010,AMUL CHEDDAR CHEESE CUBES PACK SNACK,AMUL CHEDDAR CHEESE CUBES SNACK PACK,DAIRY,1,6
1159,10011,CHEESE FAT GO MOZZARELLA PACK REDUCED SNACK STICK,GO CHEESE MOZZARELLA CHEESE STICKS REDUCED FAT SNACK PACK,DAIRY,2,7
1160,10267,AMUL BLOCK CHEDDAR CHEESE PROCESSED YELLOW,AMUL CHEDDAR CHEESE BLOCK YELLOW PROCESSED CHEESE,DAIRY,0,6
1161,10268,AMUL BLOCK CHEDDAR CHEESE PROCESSED WHITE,AMUL CHEDDAR CHEESE BLOCK WHITE PROCESSED CHEESE,DAIRY,1,6
1162,10269,BLOCK CHEESE FREE GO LACTOSE MOZZARELLA VARIANT,GO CHEESE MOZZARELLA CHEESE BLOCK LACTOSE FREE VARIANT,DAIRY,1,6
1163,10270,AMUL BLOCK CHEESE FRESH PANEER SOFT,AMUL FRESH PANEER SOFT CHEESE BLOCK,DAIRY,1,6
1164,10271,BRITANNIA CHEESE CREAMY FRESH SPREAD,BRITANNIA CREAMY FRESH CHEESE SPREAD,DAIRY,2,5
1165,10272,AND CHEESE FOR GRATED PARMESAN PASTA PIZZA AMUL#POWDER,AMUL GRATED PARMESAN CHEESE POWDER FOR PASTA AND PIZZA,DAIRY,1,8
1166,10273,CHEESE FAT GO LOW RICOTTA SOFT,GO CHEESE RICOTTA CHEESE LOW FAT SOFT CHEESE,DAIRY,0,5
1167,10274,CHEESE GO PARTY RICOTTA SKIMMED SOFT,GO CHEESE RICOTTA CHEESE PART SKIMMED SOFT CHEESE,DAIRY,0,5
1168,10275,AMUL BLEND CHEESE PIZZA SHREDDED,AMUL PIZZA CHEESE SHREDDED BLEND,DAIRY,0,5
1169,10276,BLEND CHEESE GO ITALIAN SHAVED,GO CHEESE ITALIAN BLEND SHAVED CHEESE,DAIRY,0,3
1170,10277,CHEESE DAIRY FREE MEXICAN PLATES SHREDDED STYLE URBAN VEGAN,URBAN PLATTER VEGAN CHEESE SHREDS MEXICAN STYLE DAIRY FREE,DAIRY,1,9
1171,10278,CHEESE INDIA ORGANIC PARMESAN SHREDDED,ORGANIC INDIA PARMESAN CHEESE SHREDDED,DAIRY,0,5
1172,10279,AMUL CHEESE LOW MOISTURE MOZZARELLA PARTY SHREDDED SKIN,AMUL MOZZARELLA CHEESE SHREDDED LOW MOISTURE PART SKIM,DAIRY,2,8
1173,10280,BLEND CHEDDAR CHEESE GO MIX SHREDDED,GO CHEESE CHEDDAR BLEND SHREDDED CHEESE MIX,DAIRY,0,5
1174,10281,BLEND CHEDDAR CHEESE GO JACK SHREDDED,GO CHEESE CHEDDAR JACK SHREDDED CHEESE BLEND,DAIRY,0,5
1175,10282,AMUL CHEDDAR CHEESE EXTRA SHARP SHREDDED,AMUL EXTRA SHARP CHEDDAR CHEESE SHREDDED,DAIRY,1,6
1176,10283,AMUL CHEESE MOZZARELLA SHREDDED,AMUL MOZZARELLA CHEESE SHREDDED,DAIRY,0,4
1177,10284,AMUL BLEND CHEESE FLAVOUR PIZZA SHREDDED SPICY,AMUL PIZZA CHEESE SHREDDED BLEND SPICY FLAVOUR,DAIRY,1,7
1178,10285,BLEND CHEESE GO ITALIAN MIX SHREDDED,GO CHEESE ITALIAN BLEND SHREDDED CHEESE MIX,DAIRY,0,5
1179,10286,CHEESE GO PARMESAN SHREDDED,GO CHEESE PARMESAN SHREDDED CHEESE,DAIRY,0,3
1180,10287,BLEND CHEESE GO MEXICAN SHREDDED STYLE,GO CHEESE MEXICAN STYLE SHREDDED CHEESE BLEND,DAIRY,0,5
1181,10288,BRITANNIA CHEESE SLICED SMOKE,BRITANNIA SMOKED CHEESE SLICES,DAIRY,0,4
1182,10289,AMUL CHEESE FAT LOW PROCESSED SLICED VARIANT,AMUL PROCESSED CHEESE SLICES LOW FAT VARIANT,DAIRY,0,7
1183,10290,CHEESE DAIRY FLAVOUR FREE PLATES SLICED SMOKE URBAN VEGAN,URBAN PLATTER VEGAN CHEESE SLICES SMOKED FLAVOUR DAIRY FREE,DAIRY,2,9
1184,10291,BRITANNIA CHEESE CREAMY FLAVOUR PEPPERS SLICED TEXTURE,BRITANNIA PEPPER FLAVOURED CHEESE SLICES CREAMY TEXTURE,DAIRY,2,7
1185,10292,AMUL CHEESE COLBY PROCESSED SLICED STYLE,AMUL CHEESE SLICES COLBY STYLE PROCESSED CHEESE,DAIRY,0,6
1186,10293,BRITANNIA CHEDDAR CHEESE FOR SANDWICH SLICED SMOKE,BRITANNIA SMOKED CHEDDAR CHEESE SLICES FOR SANDWICH,DAIRY,1,7
1187,10294,AMUL CHEDDAR CHEESE CUTS FLAVOUR SLICED THIN,AMUL CHEESE SLICES THIN CUT CHEDDAR FLAVOUR,DAIRY,1,7
1188,10295,BRITANNIA CHEESE SLICED STYLE SWISS,BRITANNIA CHEESE SLICES SWISS STYLE,DAIRY,0,5
1189,10296,AMUL CHEESE CLASSIC PROCESSED SLICED,AMUL CHEESE SLICES CLASSIC PROCESSED CHEESE,DAIRY,0,5
1190,10297,AMUL CHEDDAR CHEESE CUBES,AMUL CHEDDAR CHEESE CUBES,DAIRY,0,4
1191,10298,AMUL CHEESE CUBES MIXED,AMUL CHEESE CUBES MIXED CHEESE,DAIRY,0,4
1192,10299,AMUL CHEDDAR CHEESE CUBES FLAVOUR MEDIUM,AMUL CHEDDAR CHEESE CUBES MEDIUM FLAVOUR,DAIRY,1,6
1193,10300,CHEESE CUBES GO MOZZARELLA PACK SNACK,GO CHEESE MOZZARELLA CHEESE CUBES SNACK PACK,DAIRY,1,5
1194,10301,AMUL CHEDDAR CHEESE CUBES FLAVOUR MILD,AMUL CHEDDAR CHEESE CUBES MILD FLAVOUR,DAIRY,1,6
1195,10302,AMUL CHEESE CRACKERS CUBES WITH,AMUL CHEESE CUBES WITH CRACKERS,DAIRY,1,5
1196,10303,CHEESE GO MOZZARELLA,GO CHEESE MOZZARELLA CHEESE,DAIRY,0,2
1197,10304,CHEESE FLAVOUR GO PEPPERS,GO CHEESE PEPPER FLAVOUR CHEESE,DAIRY,1,3
1198,10305,CHEESE GO MOZZARELLA PACK SNACK STICK,GO CHEESE MOZZARELLA CHEESE STICKS SNACK PACK,DAIRY,2,5
1199,10306,CHEESE GO MOZZARELLA STICK,GO CHEESE MOZZARELLA CHEESE STICKS,DAIRY,1,3
1200,10307,BRITANNIA CHEESE CREAMY LIGHT SOFT SPREAD TEXTURE,BRITANNIA CREAM CHEESE SPREAD LIGHT SOFT TEXTURE,DAIRY,2,7
1201,10308,BRITANNIA CHEESE CREAMY SPREAD STRAWBERRY,BRITANNIA STRAWBERRY CREAM CHEESE SPREAD,DAIRY,2,5
1202,10309,BRITANNIA CHEESE CREAMY SMOOTH SPREAD TEXTURE WHIPPED,BRITANNIA CREAM CHEESE WHIPPED SPREAD SMOOTH TEXTURE,DAIRY,1,7
1203,10310,AMUL CHEESE CUTS FOR PROCESSED SANDWICH SLICED THICK,AMUL PROCESSED CHEESE SLICES THICK CUT FOR SANDWICH,DAIRY,1,8
1204,10311,AMUL CHEESE DELUXE FOR PACK PROCESSED SANDWICH SLICED,AMUL PROCESSED CHEESE SLICES DELUXE PACK FOR SANDWICH,DAIRY,2,7
1205,10149,AMUL CHEESE COTTAGE FAT FRESH FULLY PANEER SOFT,AMUL FRESH PANEER SOFT FULL FAT COTTAGE CHEESE,DAIRY,1,8
1206,10150,AMUL COFFEE COOKIES CREAMY FRESH UHT,AMUL FRESH CREAM UHT COOKING & COFFEE CREAM,DAIRY,3,6
1207,10151,COFFEE CREAMY FREE FRENCH MATTE NESTLE SUGAR VANILLA,NESTLE COFFEE MATE SUGAR FREE FRENCH VANILLA CREAMER,DAIRY,6,8
1208,10152,COFFEE CREAMY FLAVOUR GINGERBREAD MATTE NESTLE,NESTLE COFFEE MATE GINGERBREAD FLAVOURED CREAMER,DAIRY,4,6
1209,10153,COFFEE CREAMY GINGERBREAD MATTE NESTLE,NESTLE COFFEE MATE GINGERBREAD CREAMER,DAIRY,3,5
1210,10154,COFFEE CREAMY FLAVOUR MATTE MOCHA NESTLE PEPPERMINT,NESTLE COFFEE MATE PEPPERMINT MOCHA FLAVOURED CREAMER,DAIRY,4,7
1211,10155,AMUL CHOCOLATE DRINK FAT LOW MILD READY#TO,AMUL CHOCOLATE MILK LOW FAT READY TO DRINK,DAIRY,0,7
1212,10156,AMUL BLEND CREAMY FRESH HALF MILD,AMUL FRESH CREAM HALF & HALF MILK CREAM BLEND,DAIRY,2,6
1213,10157,AMUL CHOCOLATE DRINK EGGNOG FESTIVE MILD RICH STYLE,AMUL CHOCOLATE MILK RICH FESTIVE DRINK (EGGNOG STYLE),DAIRY,0,8
1214,10158,AMUL CREAMY DRINK FESTIVE MILD SPECIAL SWEET,AMUL CREAMY MILK FESTIVE SPECIAL SWEET DRINK,DAIRY,2,7
1215,10159,AMUL BEVERAGE DAIRY MILD RICH SWEET,AMUL DAIRY RICH SWEET MILK BEVERAGE,DAIRY,1,6
1216,10160,ALTERNATIVE DAIRY MILD OATS OATLY BASED#PLANT,OATLY OAT MILK PLANT BASED DAIRY ALTERNATIVE,DAIRY,0,5
1217,10161,EPIGAMIA FAT GREEN RASPBERRY YOGURT ZERO,EPIGAMIA GREEK YOGURT RASPBERRY ZERO FAT,DAIRY,0,6
1218,10162,EPIGAMIA FAT GREEN LOW STRAWBERRY YOGURT,EPIGAMIA GREEK YOGURT STRAWBERRY LOW FAT,DAIRY,1,6
1219,10163,BLACK CHERRY EPIGAMIA FAT GREEN YOGURT ZERO,EPIGAMIA GREEK YOGURT BLACK CHERRY ZERO FAT,DAIRY,2,7
1220,10164,CREAMY EPIGAMIA FLAVOUR GREEN HONEY YOGURT,EPIGAMIA GREEK YOGURT HONEY FLAVOUR CREAMY,DAIRY,3,6
1221,10165,EPIGAMIA FAT GREEN VANILLA YOGURT ZERO,EPIGAMIA GREEK YOGURT VANILLA ZERO FAT,DAIRY,1,6
1222,10166,BLACKBERRY EPIGAMIA FAT GREEN LOW YOGURT,EPIGAMIA GREEK YOGURT BLACKBERRY LOW FAT,DAIRY,0,6
1223,10167,CREAMY DESSERT EPIGAMIA STYLE VANILLA YOGURT,EPIGAMIA CREAMY YOGURT VANILLA DESSERT STYLE,DAIRY,2,6
1224,10168,AMUL BANANA DAHI FLAVOUR KIDS MASTI STRAWBERRY YOGURT,AMUL MASTI DAHI KIDS STRAWBERRY BANANA FLAVOURED YOGURT,DAIRY,2,6
1225,10169,A FAT LOW NESTLE VANILLA YOGURT,NESTLE A+ VANILLA YOGURT LOW FAT,DAIRY,2,5
1226,10170,EPIGAMIA FLAVOUR KIWI STRAWBERRY YOGURT,EPIGAMIA STRAWBERRY KIWI FLAVOURED YOGURT,DAIRY,2,5
1227,10171,AMUL FAT FRESH MILD REDUCED TAAZA,AMUL TAAZA MILK 2% REDUCED FAT FRESH MILK,DAIRY,1,6
1228,10999,AMUL CREAMY FLAVOUR PEPPERMINT SPRAY WHIPPED,AMUL WHIPPED CREAM PEPPERMINT FLAVOUR SPRAY,DAIRY,3,6
1229,11000,CREAMY RICH S SUGAR TOPPINGS WHIPPED ZERO,RICHÃ†S WHIPPED CREAM ZERO SUGAR TOPPING,DAIRY,2,6
1230,11001,AMUL CHEESE COTTAGE FRESH PANEER SOFT,AMUL FRESH PANEER SOFT COTTAGE CHEESE,DAIRY,1,6
1231,11002,AMUL DAIRY FLAVOUR FRESH PANEER STRAWBERRY,AMUL FLAVOURED PANEER STRAWBERRY FRESH DAIRY,DAIRY,3,6
1232,11003,CHEESE COTTAGE MILK MIST PEACH,MILKY MIST COTTAGE CHEESE 4% PEACH,DAIRY,1,3
1233,11004,CHEESE COTTAGE DAIRY FAT FREE MOTHER,MOTHER DAIRY COTTAGE CHEESE FAT FREE,DAIRY,1,6
1234,11005,COFFEE CREAMY FLAVOUR MATTE NESTLE,NESTLE COFFEE MATE COFFEE FLAVOURED CREAMER,DAIRY,4,5
1235,11006,AMUL CREAMY CREAMY FLAVOUR FRESH VANILLA,AMUL FRESH CREAM VANILLA FLAVOURED CREAMER,DAIRY,5,6
1236,11007,CREAMY DAIRY EPIGAMIA FLAVOUR ROTATIONAL,EPIGAMIA DAIRY CREAMER ROTATIONAL FLAVOUR,DAIRY,2,4
1237,11008,ALMOND BEVERAGE DAIRY FREE MILD SOFIT VANILLA,SOFIT ALMOND MILK VANILLA DAIRY FREE BEVERAGE,DAIRY,3,7
1238,11009,ALMOND CREAMY MILD PLATES URBAN VANILLA,URBAN PLATTER ALMOND MILK VANILLA CREAMER,DAIRY,3,6
1239,11010,ALMOND BEVERAGE COOKIES DAIRY FLAVOUR FREE MILD PRESERVED RAW,RAW PRESSERY ALMOND MILK COOKIE FLAVOUR DAIRY FREE BEVERAGE,DAIRY,3,9
1240,11011,ALMOND CHOCOLATE FLAVOUR MILD MINT PRESERVED RAW,RAW PRESSERY ALMOND MILK CHOCOLATE MINT FLAVOUR,DAIRY,3,7
1241,11012,CARAMEL COFFEE CREAMY FLAVOUR FREE MATTE NESTLE SUGAR,NESTLE COFFEE MATE CARAMEL FLAVOURED SUGAR FREE CREAMER,DAIRY,6,8
1242,11013,COFFEE CREAMY FREE FRENCH MATTE NESTLE SUGAR VANILLA,NESTLE COFFEE MATE FRENCH VANILLA SUGAR FREE CREAMER,DAIRY,6,8
1243,11014,CINNAMON COFFEE ENHANCER FLAVOUR HERSHEY S,HERSHEYÃ†S COFFEE ENHANCER CINNAMON FLAVOUR,DAIRY,2,5
1244,11015,COFFEE CREAMY FLAVOUR FREE MATTE NESTLE PUMPKIN SPICY SUGAR,NESTLE COFFEE MATE PUMPKIN SPICE FLAVOURED SUGAR FREE CREAMER,DAIRY,6,9
1245,11016,CARAMEL COFFEE DESSERT HERSHEY S SYRUP TOPPINGS,HERSHEYÃ†S CARAMEL SYRUP COFFEE & DESSERT TOPPING,DAIRY,1,6
1246,11017,COFFEE CREAMY FLAVOUR MATTE NESTLE PUMPKIN SPICY,NESTLE COFFEE MATE PUMPKIN SPICE FLAVOURED CREAMER,DAIRY,4,7
1247,11018,AMUL DRINK FLAVOUR KOOL MILD CHOCOLATE#DARK READY#TO,AMUL KOOL DARK CHOCOLATE FLAVOURED MILK READY TO DRINK,DAIRY,1,6
1248,11019,BEVERAGE BRITANNIA CHOCOLATE COW FLAVOUR MILD RICH WINKIN,BRITANNIA WINKIN COW RICH CHOCOLATE FLAVOURED MILK BEVERAGE,DAIRY,1,7
1249,11020,CAVIN CHOCOLATE CREAMY DRINK FULLY MILKSHAKE S READY#TO,CAVIN'S CHOCOLATE MILKSHAKE FULL CREAM READY TO DRINK,DAIRY,1,6
1250,11021,ADDED AMUL CALCIUM FAT FREE LACTOSE MILD REDUCED WITH,AMUL LACTOSE FREE MILK REDUCED FAT WITH ADDED CALCIUM,DAIRY,2,9
1251,11022,AMUL DIGEST EASY FAT FREE LACTOSE MILD SKIMMED TO,AMUL LACTOSE FREE SKIMMED MILK FAT FREE EASY TO DIGEST,DAIRY,1,7
1252,11023,FAT FREE LIFE LONG MANTRA MILD ORGANIC PACK TONE UHT,24 MANTRA ORGANIC UHT TONED MILK FAT FREE LONG LIFE PACK,DAIRY,3,10
1253,11024,ALMOND BEVERAGE FLAVOUR HONEY MILD SOFIT VANILLA BASED#PLANT,SOFIT ALMOND MILK HONEY VANILLA FLAVOURED PLANT BASED BEVERAGE,DAIRY,4,8
1254,11025,ALMOND DAIRY DRINK FREE MILD PRESERVED RAW UNSWEETENED VANILLA,RAW PRESSERY ALMOND MILK VANILLA UNSWEETENED DAIRY FREE DRINK,DAIRY,3,9
1255,11026,ALMOND BEVERAGE EPIGAMIA FLAVOUR MILD VANILLA BASED#PLANT,EPIGAMIA ALMOND MILK VANILLA FLAVOURED PLANT BASED BEVERAGE,DAIRY,3,7
1256,11027,DAIRY DRINK FREE MILD OATS PRESERVED RAW VANILLA BASED#PLANT,RAW PRESSERY OAT MILK VANILLA DAIRY FREE PLANT BASED DRINK,DAIRY,2,9
1257,11028,BEVERAGE CHOCOLATE DAIRY EPIGAMIA HIGH MILD PROTEIN,EPIGAMIA CHOCOLATE PROTEIN MILK HIGH PROTEIN DAIRY BEVERAGE,DAIRY,0,7
1258,11029,AMUL DAIRY DRINK FILTERED FRESH HIGH MILD PROTEIN ULTRA,AMUL HIGH PROTEIN MILK ULTRA FILTERED FRESH DAIRY DRINK,DAIRY,2,8
1259,11030,AMUL AND BLEND CREAMY FRESH HALF MILD,AMUL FRESH CREAM HALF AND HALF MILK AND CREAM BLEND,DAIRY,2,7
1260,11031,AMUL BEVERAGE DAIRY EGGNOG FLAVOUR MILD STYLE SWEET TRADITIONAL,AMUL EGGNOG STYLE FLAVOURED MILK TRADITIONAL SWEET DAIRY BEVERAGE,DAIRY,2,9
1261,11032,BEVERAGE DAIRY FLAVOUR HERITAGE LIFE LONG MILD UHT VANILLA,HERITAGE VANILLA FLAVOURED MILK UHT LONG LIFE DAIRY BEVERAGE,DAIRY,2,9
1262,11033,AMUL BEVERAGE CLASSIC DAIRY FLAVOUR MILD RICH SWEET,AMUL CLASSIC SWEET FLAVOURED MILK RICH DAIRY BEVERAGE,DAIRY,2,8
1263,11034,A CHOCOLATE DRINK FAT LOW MILD NESTLE READY#TO,NESTLE A+ CHOCOLATE MILK LOW FAT READY TO DRINK,DAIRY,1,7
1264,11035,AMUL CREAMY DAIRY FRESH FULLY MILD PASTEURISED,AMUL FULL CREAM MILK FRESH PASTEURISED DAIRY MILK,DAIRY,2,7
1265,11036,CHOCOLATE DRINK EPIGAMIA GRAM MILKSHAKE PROTEIN,EPIGAMIA CHOCOLATE PROTEIN MILKSHAKE 30 GRAM PROTEIN DRINK,DAIRY,0,6
1266,11037,CREAMY DIP EAT FRENCH ONION SPREAD VEEBA READY#TO,VEEBA FRENCH ONION DIP CREAMY READY TO EAT SPREAD,DAIRY,1,8
1267,11038,CREAMY DIP FRENCH ONION SMOOTH SNACK VEEBA,VEEBA FRENCH ONION DIP SMOOTH CREAMY SNACK DIP,DAIRY,1,7
1268,11039,CREAMY DIP FLAVOUR HERB RANCH SPREAD STYLE VEEBA,VEEBA RANCH STYLE DIP CREAMY HERB FLAVOURED SPREAD,DAIRY,2,8
1269,11040,CREAMY DIP DRESSING EAT RANCH FARMS#WINGREENS READY#TO,WINGREENS FARMS RANCH DIP CREAMY READY TO EAT DRESSING,DAIRY,1,7
1270,11041,CUP DIGESTIVE EPIGAMIA FLAVOUR HEALTH PEACH PROBIOTIC YOGURT,EPIGAMIA PROBIOTIC YOGURT PEACH FLAVOUR DIGESTIVE HEALTH CUP,DAIRY,3,7
1271,11042,EPIGAMIA FLAVOUR FRUIT GREEN HIGH PROTEIN TROPICAL YOGURT,EPIGAMIA GREEK YOGURT TROPICAL FRUIT FLAVOUR HIGH PROTEIN,DAIRY,1,8
1272,11043,AND BEVERAGE COOKIES CREAMY DRINK EPIGAMIA GREEN HIGH PROTEIN YOGURT,EPIGAMIA GREEK YOGURT DRINK COOKIES AND CREAM HIGH PROTEIN BEVERAGE,DAIRY,1,10
1273,11044,CUP EPIGAMIA GREEN HIGH LEMON PROTEIN RASPBERRY YOGURT,EPIGAMIA GREEK YOGURT RASPBERRY LEMON HIGH PROTEIN CUP,DAIRY,1,8
1274,11045,ADDED CARAMEL EPIGAMIA GREEN HIGH PROTEIN SALTED SUGAR YOGURT ZERO,EPIGAMIA GREEK YOGURT SALTED CARAMEL ZERO ADDED SUGAR HIGH PROTEIN,DAIRY,1,10
1275,11046,CHEESECAKE DESSERT EPIGAMIA GREEN STRAWBERRY STYLE SUGAR YOGURT ZERO,EPIGAMIA GREEK YOGURT STRAWBERRY CHEESECAKE ZERO SUGAR DESSERT STYLE,DAIRY,2,9
1276,11047,ADDED CHERRY EPIGAMIA FLAVOUR GREEN HIGH NO PROTEIN SUGAR YOGURT,EPIGAMIA GREEK YOGURT CHERRY FLAVOUR HIGH PROTEIN NO ADDED SUGAR,DAIRY,3,9
1277,11048,CUP EPIGAMIA FAT GREEN HIGH LOW PROTEIN STRAWBERRY YOGURT,EPIGAMIA GREEK YOGURT STRAWBERRY LOW FAT HIGH PROTEIN CUP,DAIRY,1,9
1278,11049,EPIGAMIA FAT FLAVOUR GREEN LOW RASPBERRY YOGURT LEMONADE#REFRESHING,EPIGAMIA GREEK YOGURT RASPBERRY LEMONADE LOW FAT REFRESHING FLAVOUR,DAIRY,1,8
1279,11050,DESSERT EPIGAMIA FAT GREEN KEYA LIGHT LIME LOW STYLE YOGURT,EPIGAMIA GREEK YOGURT KEY LIME LIGHT LOW FAT DESSERT STYLE,DAIRY,2,10
1280,11051,BLEND EPIGAMIA FAT GREEN LEMON REDUCED SMOOTH TEXTURE YOGURT,EPIGAMIA GREEK YOGURT LEMON BLEND REDUCED FAT SMOOTH TEXTURE,DAIRY,1,9
1281,11052,BEANS CREAMY CREAMY DESSERT EPIGAMIA FULLY RICH VANILLA YOGURT,EPIGAMIA CREAMY YOGURT VANILLA BEAN FULL CREAM RICH DESSERT,DAIRY,3,9
1282,11053,CHEESECAKE CHERRY CREAMY DESSERT EPIGAMIA GREEN STYLE YOGURT,EPIGAMIA GREEK YOGURT CHERRY CHEESECAKE CREAMY DESSERT STYLE,DAIRY,2,8
1283,11054,CREAMY CREAMY CUP DESSERT EPIGAMIA FLAVOUR FULLY MANGO YOGURT,EPIGAMIA CREAMY YOGURT MANGO FLAVOUR FULL CREAM DESSERT CUP,DAIRY,3,9
1284,11055,AMUL BLUEBERRY FLAVOUR KIDS MIXED STRAWBERRY VANILLA YOGURT,AMUL KIDS YOGURT BLUEBERRY STRAWBERRY VANILLA MIXED FLAVOURS,DAIRY,3,8
1285,11056,AMUL CANDY CHOCOLATE CREAMY TOPPINGS VANILLA WITH YOGURT,AMUL CREAMY YOGURT VANILLA WITH CHOCOLATE CANDY TOPPINGS,DAIRY,3,8
1286,11057,FED GRASS GREEN MANTRA MILD NATURAL ORGANIC PLAIN YOGURT,24 MANTRA ORGANIC GREEK YOGURT PLAIN NATURAL GRASS FED MILK,DAIRY,1,8
1287,11058,CHAMOMILE COCONUT DAIRY EPIGAMIA FREE MILD VANILLA YOGURT,EPIGAMIA COCONUT MILK YOGURT VANILLA CHAMOMILE DAIRY FREE,DAIRY,3,7
1288,11059,AMUL CUP FAT FLAVOUR KEYA LIGHT LIME LOW YOGURT,AMUL YOGURT KEY LIME FLAVOUR LIGHT LOW FAT CUP,DAIRY,3,9
1289,11060,AMUL AND CREAMY FLAVOUR RASPBERRY SMOOTH YOGURT,AMUL YOGURT RASPBERRY FLAVOUR SMOOTH AND CREAMY,DAIRY,2,7
1290,11061,AMUL AND BASED COOKIES CREAMY CREAMY DIP SOUR THICK,AMUL SOUR CREAM THICK AND CREAMY COOKING AND DIP BASE,DAIRY,2,9
1291,11062,AMUL FAT FRESH MILD PASTEURISED PERCENT TONE ULTRA,AMUL TONED MILK 1 PERCENT FAT ULTRA PASTEURISED FRESH MILK,DAIRY,3,8
1292,11063,AMUL AND CREAMY DAIRY FRESH FULLY MILD PASTEURISED RICH,AMUL FULL CREAM MILK RICH AND FRESH PASTEURISED DAIRY MILK,DAIRY,2,9
1293,10186,BOTTLE CONTINENTAL MILD SINGLE UNIT CHARGE#DEPOSIT,MILK BOTTLE CONTAINER DEPOSIT SINGLE UNIT CHARGE,DAIRY,1,6
1294,10553,EAT EGGS PEELED BOILED#HARD#SUGUNA READY#TO,SUGUNA READY TO EAT HARD BOILED EGGS PEELED,DAIRY,0,5
1295,10554,BAGELS EGGS EGGOZ EVERYTHING PROTEIN STYLE WHITE WRAPS,EGGOZ EGG WHITE PROTEIN WRAPS EVERYTHING BAGEL STYLE,DAIRY,1,8
1296,10555,AMUL CAGE EGGS FREE LIQUID PASTEURISED,AMUL LIQUID EGGS CAGE FREE PASTEURISED,DAIRY,2,6
1297,10556,EGGS EGGOZ EGGS LIQUID PERCENT REAL WHITE,EGGOZ LIQUID EGG WHITES 100 PERCENT REAL EGGS,DAIRY,2,7
1298,10557,EGGOZ EGGS LIQUID SEASONING SOUTHWEST STYLE,EGGOZ LIQUID EGGS SOUTHWEST STYLE SEASONED,DAIRY,1,6
1299,10558,EGGOZ EGGS EXTRA FARM FRESH LARGE PASTURE#RAISED,EGGOZ FARM FRESH PASTURE RAISED EGGS EXTRA LARGE,DAIRY,2,7
1300,10172,AMUL BUTTER GARLIC HERB,AMUL GARLIC & HERB BUTTER,DAIRY,1,4
1301,10173,BAKE COOKIES FESTIVE FROSTED KIT MAKING BETTY#CROCKER READY#TO,BETTY CROCKER FESTIVE FROSTED COOKIE MAKING KIT READY TO BAKE,DAIRY,1,8
1302,10174,BUTTER EUROPEAN PLATES SPREAD STYLE URBAN VEGAN,URBAN PLATTER EUROPEAN STYLE VEGAN BUTTER SPREAD,DAIRY,1,7
1303,10175,AMUL GRAM PACK SHRIKHAND,AMUL SHRIKHAND 200 GRAM PACK,DAIRY,1,4
1304,10176,CARAMEL FLAT MILD PUDDING,CARAMEL PUDDING MILK-PUDDING FLAN,DAIRY,0,4
1305,10177,DRY EAT FOOD INSTANT KHEER PUDDING RICH READY#TO,DRYM FOODS READY-TO-EAT KHEER Ã› INSTANT RICE PUDDING,DAIRY,1,8
1306,10178,AMUL EAT GRAM KHEER PACK READY#TO,AMUL KHEER READY TO EAT 200 GRAM PACK,DAIRY,1,6
1307,11064,BAKE CRESCENT DOUGH PILLSBURY ROLLS SHEETS READY#TO,PILLSBURY READY TO BAKE CRESCENT ROLL DOUGH SHEET,DAIRY,0,6
1308,11065,BREAD ENGLISH OVEN WHEAT WHOLE,ENGLISH OVEN WHOLE WHEAT BREAD,DAIRY,0,5
1309,11066,AND COKE EGGS KIT MEAL SCRAMBLE VEGETABLE WITH READY#TO,READY TO COOK EGG SCRAMBLE KIT WITH MEAT AND VEGETABLES,DAIRY,2,9
1310,11067,BROWN FROZEN GRAM HASS MCCAIN PACK,MCCAIN HASH BROWNS FROZEN 400 GRAM PACK,DAIRY,2,6
1311,11068,AMUL BUTTER GRAM PACK,AMUL BUTTER 500 GRAM PACK,DAIRY,2,4
1312,11069,BUTTER CARTON GRAM PRESIDENT SALTED,PRESIDENT SALTED BUTTER 100 GRAM CARTON,DAIRY,1,5
1313,11070,BRITANNIA BUTTER GRAM PACK SALTED,BRITANNIA SALTED BUTTER 100 GRAM PACK,DAIRY,2,5
1314,11071,BUTTER DAIRY GRAM MOTHER PACK SALTED,MOTHER DAIRY SALTED BUTTER 100 GRAM PACK,DAIRY,2,6
1315,11072,BUTTER GOVARDHAN GRAM PACK,GOVARDHAN BUTTER 100 GRAM PACK,DAIRY,2,3
1316,11073,BUTTER GRAM PACK PRESIDENT UNSALTED,PRESIDENT UNSALTED BUTTER 500 GRAM PACK,DAIRY,2,5
1317,11074,AMUL BUTTER CARTON GRAM UNSALTED,AMUL UNSALTED BUTTER 100 GRAM CARTON,DAIRY,1,5
1318,11075,BRITANNIA BUTTER GRAM PACK UNSALTED,BRITANNIA UNSALTED BUTTER 100 GRAM PACK,DAIRY,2,5
1319,11076,AMUL AND BUTTER GARLIC GRAM HERB SPREAD,AMUL GARLIC AND HERB BUTTER SPREAD 100 GRAM,DAIRY,1,7
1320,11077,AMUL BUTTER GRAM SPREAD TUB,AMUL BUTTER SPREAD 500 GRAM TUB,DAIRY,1,5
1321,11078,COCOSUTRA COOKIES DOUGH MIX,COCOSUTRA COOKIE DOUGH MIX,DAIRY,0,3
1322,11079,CHIPS CHOCOLATE COOKIES DOUGH GRAM PACK PILLSBURY,PILLSBURY CHOCOLATE CHIP COOKIE DOUGH 200 GRAM PACK,DAIRY,1,7
1323,11080,BUTTER COOKIES DOUGH GRAM PACK PEANUT PILLSBURY,PILLSBURY PEANUT BUTTER COOKIE DOUGH 200 GRAM PACK,DAIRY,2,7
1324,11081,CHOCOLATE COOKIES DOUGH GOBBLERIGHT PREMIUM,GOBBLERIGHT CHOCOLATE COOKIE DOUGH PREMIX,DAIRY,0,4
1325,11082,BUTTER NUTRALITE SPREAD VEGAN,NUTRALITE VEGAN BUTTER SPREAD,DAIRY,1,4
1326,11083,AMUL BUTTER GRAM PACK UNSALTED,AMUL UNSALTED BUTTER 100 GRAM PACK,DAIRY,2,5
1327,11084,BUTTER FAT GRAM LOW NUTRALITE SPREAD TUB,NUTRALITE LOW FAT BUTTER SPREAD 500 GRAM TUB,DAIRY,1,7
1328,11085,BUTTER DEL GRAM MONTE SPREAD TUB,DEL MONTE BUTTER SPREAD 200 GRAM TUB,DAIRY,1,6
1329,11086,AMERICAN DILL GARDEN JAR PICKLED,AMERICAN GARDEN DILL PICKLE JAR,DAIRY,0,5
1330,11087,CUCUMBERS DEL DILL GRAM JAR MONTE PICKLED SLICED,DEL MONTE CUCUMBER DILL PICKLE SLICES 350 GRAM JAR,DAIRY,0,8
1331,11088,CHOCOLATE CUP DESSERT EPIGAMIA GRAM PUDDING,EPIGAMIA CHOCOLATE DESSERT PUDDING 90 GRAM CUP,DAIRY,0,6
1332,20553,ALPENLIEBE BUTTER CARAMEL CREAMFILLS TOFFEE,ALPENLIEBE CREAMFILLS BUTTER CARAMEL TOFFEE,GROCERY,1,3
1333,20554,ASSORTED CANDY CENTRE FILLET FLAVOUR PULLS TANGY,PULSE CANDY ASSORTED FLAVOURS TANGY CENTRE FILLED CANDY,GROCERY,1,6
1334,20552,BUTTON CADBURY CANDY CHOCOLATE COATED GEMS,CADBURY GEMS CHOCOLATE BUTTON COATED CANDY,GROCERY,0,5
1335,20555,FRESH GUM MENTOS PURE SPEARMINT,MENTOS PURE FRESH GUM SPEARMINT,GROCERY,2,3
1336,20556,EUCALYPTUS FRESH MINT O,MINT-O FRESH EUCALYPTUS,GROCERY,4,3
1337,20557,CHLORMINT LOZENGES MINT STRONG,CHLORMINT STRONG MINT LOZENGES,GROCERY,1,2
1338,20559,BUTTER CUP HERSHEY PEANUT REESE S,HERSHEYÃ”Ã‡Ã–S REESEÃ”Ã‡Ã–S PEANUT BUTTER CUPS,GROCERY,1,4
1339,20560,BAR EXCELLENCE INTENSIVE LINDT MINT CHOCOLATE#DARK,LINDT EXCELLENCE DARK MINT INTENSE CHOCOLATE BAR,GROCERY,2,4
1340,20558,CHUPA CHUPA LOLLIPOPS MINT,CHUPA CHUPS MINI LOLLIPOPS,GROCERY,1,3
1341,20701,BRITANNIA BUTTER COOKIES DAY GOOD,BRITANNIA GOOD DAY BUTTER COOKIES,GROCERY,1,5
1342,20702,COCOA COOKIES DARK FANTASY FILLS SUNFEAST,SUNFEAST DARK FANTASY CHOCO FILLS COOKIES,GROCERY,1,5
1343,20703,BRITANNIA CREAMY TREATS VANILLA WAFER,BRITANNIA TREAT VANILLA CREAM WAFERS,GROCERY,2,5
1344,20705,BRITANNIA BUTTER CHOCOLATE COOKIES ICING STRIPES WITH,BRITANNIA CHOCOLATE BUTTER COOKIES WITH ICING STRIPES,GROCERY,2,6
1345,20704,BRITANNIA CHEESE CRACKERS,BRITANNIA CHEESE CRACKERS,GROCERY,0,3
1346,20706,CHEESE CRACKERS FARMLITE MULTIGRAIN SUNFEAST,SUNFEAST FARMLITE MULTIGRAIN CHEESE CRACKERS,GROCERY,0,4
1347,20709,BAKERY CRACKERS EVERYTHING MULTIGRAIN SEASONING MAHAL#TAJ,TAJ MAHAL BAKERY MULTIGRAIN EVERYTHING SEASONING CRACKERS,GROCERY,0,6
1348,20707,BISCUIT BRITANNIA CRACKERS CREAMY ORIGINAL SALTED,BRITANNIA CREAM CRACKER ORIGINAL SALTED BISCUITS,GROCERY,2,6
1349,20708,CHEESE CRISPY FLAVOUR ONION POTATO PRINGLES,PRINGLES CHEESE & ONION FLAVOURED POTATO CRISPS,GROCERY,1,5
1350,20710,BROWN CAKES ORGANIC RICH PINTOLA#WHOLEGRAIN,PINTOLA ORGANIC WHOLEGRAIN BROWN RICE CAKES,GROCERY,1,5
1351,20711,BROWN CAKES ORGANIC RICH UNSALTED PINTOLA#WHOLEGRAIN,PINTOLA ORGANIC WHOLEGRAIN BROWN RICE CAKES UNSALTED,GROCERY,1,6
1352,20712,CHIPS FLAVOUR MULTIGRAIN PERI TOO#YUMM,TOO YUMM MULTIGRAIN CHIPS PERI PERI FLAVOUR,GROCERY,1,4
1353,20836,BLACK BREW COFFEE COLA OWL#SLEEPY,SLEEPY OWL COLD BREW BLACK COFFEE,GROCERY,2,5
1354,20838,COFFEE COLA MOCHA TATA,TATA COFFEE COLD COFFEE MOCHA,GROCERY,1,4
1355,20837,ENERGY JAVA MONSTER,MONSTER ENERGY JAVA MONSTER,GROCERY,0,2
1356,20841,GREEN TEA TEAFIT UNSWEETENED,TEAFIT UNSWEETENED GREEN TEA,GROCERY,1,3
1357,20839,BERRY BREW ICED TEAME WILD,TEAME WILD BERRY ICE BREW,GROCERY,2,4
1358,20840,LEMON LIPTON SUGAR ZERO,LIPTON ZERO SUGAR LEMON,GROCERY,2,4
1359,20843,BISLERI DRINKING JAR LITRE PACKAGED WATER,BISLERI 20 LITRE PACKAGED DRINKING WATER JAR,GROCERY,1,6
1360,20842,DRINKING JAR LITRE PACKAGED PARRY S WATER,PARRYÃ”Ã‡Ã–S 20 LITRE PACKAGED DRINKING WATER JAR,GROCERY,1,5
1361,20844,ALKALINE BLACK EVOCUS WATER,EVOCUS BLACK ALKALINE WATER,GROCERY,2,3
1362,20845,DRINKING KINLEY PACKAGED WATER,KINLEY PACKAGED DRINKING WATER,GROCERY,1,3
1363,20846,HIMALAYAN SPRING VEDICA WATER,VEDICA HIMALAYAN SPRING WATER,GROCERY,2,3
1364,20847,HIMALAYAN MINERAL NATURAL TATA WATER,TATA HIMALAYAN NATURAL MINERAL WATER,GROCERY,3,5
1365,20848,COCOFIT FLAVOUR LEMON LIME VITAMIN WATER,COCOFIT VITAMIN WATER LEMON & LIME FLAVOUR,GROCERY,5,5
1366,20850,BLUEBERRY FLAVOUR KOMBUCHA MINT PRESERVED RAW,RAW PRESSERY KOMBUCHA BLUEBERRY & MINT FLAVOUR,GROCERY,2,6
1367,20849,CHILLI DRINK ENERGY FLAVOUR KAPIVA LEMON SATTU,KAPIVA SATTU ENERGY DRINK LEMON & CHILLI FLAVOUR,GROCERY,2,6
1368,20852,DRINK POWDER GATORADE#SPORTS,GATORADE SPORTS DRINK POWDER,GROCERY,1,3
1369,20851,ELECTROLYTE FAST RELOAD UP,FAST&UP RELOAD ELECTROLYTES,GROCERY,1,2
1370,20853,ELECTRAL ORS POWDER,ELECTRAL ORS POWDER,GROCERY,1,2
1371,20855,DRINK ENERGY PREDATOR,PREDATOR ENERGY DRINK,GROCERY,0,2
1372,20854,ENERGY MONSTER SUGAR ULTRA WATERMELON ZERO,MONSTER ENERGY ULTRA WATERMELON ZERO SUGAR,GROCERY,2,6
1373,20856,APPLE BODY DRINK ENERGY FUEL REIGN SOUR TOTAL,REIGN TOTAL BODY FUEL SOUR APPLE ENERGY DRINK,GROCERY,3,6
1374,20932,HONEY KAPIVA RAW,KAPIVA RAW HONEY,GROCERY,1,3
1375,20933,HOT INFUSED MIKES WITH CHILI#HONEY,MIKES HOT HONEY HONEY INFUSED WITH CHILI,GROCERY,2,2
1376,20934,APIS HONEY INDIA,APIS INDIA HONEY,GROCERY,1,2
1377,20940,BUTTER CHOCOLATE CRUNCHY MYFITNESS PEANUT PROTEIN,MYFITNESS PEANUT BUTTER CHOCOLATE CRUNCHY 26% PROTEIN,GROCERY,1,5
1378,20938,COCOA DR FUNFOODS HAZELNUT NUTTY OETKER SPREAD,DR. OETKER FUNFOODS NUTTY HAZELNUT COCOA SPREAD,GROCERY,0,5
1379,20939,ALPINO BUTTER CREAMY NATURAL PEANUT UNSWEETENED,ALPINO NATURAL PEANUT BUTTER CREAMY UNSWEETENED,GROCERY,3,5
1380,20941,JONES KETCHUP SMITH TOMATO,SMITH & JONES TOMATO KETCHUP,GROCERY,0,2
1381,20942,DEL KETCHUP MONTE TOMATO,DEL MONTE TOMATO KETCHUP,GROCERY,0,4
1382,20943,FRESH KETCHUP KISSAN TOMATO,KISSAN FRESH TOMATO KETCHUP,GROCERY,1,4
1383,20945,EASY GARDEN MERICAN MUSTARD SQUEEZE YELLOW,MERICAN GARDEN EASY SQUEEZE YELLOW MUSTARD,GROCERY,0,5
1384,20946,AMERICAN MUSTARD UNFOODS,UNFOODS AMERICAN MUSTARD,GROCERY,0,2
1385,20947,BARBECUE HONEY SAUCE VEEBA,VEEBA HONEY BARBEQUE SAUCE,GROCERY,1,4
1386,20949,BARBECUE KRAFT ORIGINAL SAUCE SIMMERED SLOW,KRAFT ORIGINAL SLOW-SIMMERED BARBECUE SAUCE,GROCERY,1,4
1387,20952,CHILLI DEL MEXICAN MONTE SEASONING,DEL MONTE MEXICAN SEASONING CHILI,GROCERY,0,5
1388,20953,BUTTER CHICKEN GRAVY GRAVYMATTER,GRAVYMATTER BUTTER CHICKEN GRAVY,GROCERY,1,3
1389,20954,BASED BROWN GRAVY MAGGI PROFESSIONAL,MAGGI PROFESSIONAL BROWN BASE GRAVY,GROCERY,1,3
1390,20955,CHICKEN GRAVY MASALA SARAS,SARAS CHICKEN MASALA GRAVY,GROCERY,0,3
1391,20956,PLATES RED URBAN VINEGAR WINE,URBAN PLATTER RED WINE VINEGAR,GROCERY,1,5
1392,20957,TOPS VINEGAR WHITE,TOPS WHITE VINEGAR,GROCERY,1,3
1393,20958,BALSAMIC DRESSING PONTI VINEGAR WHITE,PONTI WHITE BALSAMIC DRESSING VINEGAR,GROCERY,1,4
1394,20959,COOKIES WINE MAHAL#TAJ,TAJ MAHAL COOKING WINE,GROCERY,0,3
1395,20960,COOKIES RED STYLE SUNDROP WINE,SUNDROP COOKING WINE (RED WINE STYLE),GROCERY,1,4
1396,20961,BORGES RED VINEGAR WINE,BORGES RED WINE VINEGAR,GROCERY,1,4
1397,20962,BY CLASSIC DR DRESSING FUNFOODS MAYO OETKER SANDWICH SPREAD TANGY,FUNFOODS BY DR. OETKER SANDWICH SPREAD Ã”Ã‡Ã” CLASSIC MAYO & TANGY DRESSING,GROCERY,0,8
1398,20963,CREMICA EGGLESS MAYONNAISE SANDWICH SPREAD STYLE,CREMICA SANDWICH SPREAD Ã”Ã‡Ã” EGGLESS MAYONNAISE STYLE SPREAD,GROCERY,0,6
1399,20964,CREAMY EGGLESS MAYONNAISE SANDWICH SPREAD TANGY VEEBA,VEEBA EGGLESS MAYONNAISE Ã”Ã‡Ã” CREAMY & TANGY SANDWICH SPREAD,GROCERY,1,7
1400,20966,DEL EGGLESS LIGHT MAYONNAISE MONTE,DEL MONTE EGGLESS LIGHT MAYONNAISE,GROCERY,1,5
1401,20967,DR FUNFOODS MAYONNAISE OETKER SQUEEZE VEG,DR. OETKER FUNFOODS VEG MAYONNAISE SQUEEZY,GROCERY,0,5
1402,20965,GRABENORD MAYONNAISE ORGANIC VEGAN,GRABENORD VEGAN ORGANIC MAYONNAISE,GROCERY,0,3
1403,20970,DRESSING HOUSE ITALIAN KEN LIT NORTHERN S SALAD STEAK,KEN'S STEAK HOUSE LITE NORTHERN ITALIAN SALAD DRESSING,GROCERY,1,6
1404,20971,CHIPOTLE KRAFT MAYO SPREAD,KRAFT CHIPOTLE MAYO SPREAD,GROCERY,0,4
1405,20972,CHEESE CHEESE RINGS TOO#YUMM,TOO YUMM CHEESY CHEESE RINGS,GROCERY,0,4
1406,20991,CHIPS DELMONTE HEAT SWEET,DELMONTE SWEET HEAT CHIPS,GROCERY,1,3
1407,20993,MANGO MOTHER RECIPE S SWEET,MOTHERÃ”Ã‡Ã–S RECIPE SWEET MANGO,GROCERY,1,4
1408,20992,RELISH SAUCE SWEET TANGY TOPS,TOPS SWEET & TANGY RELISH SAUCE,GROCERY,1,4
1409,20994,DRIED SUN TOMATO FARMS#WINGREENS,WINGREENS FARMS SUN DRIED TOMATO,GROCERY,1,4
1410,20998,BLACK DEL MONTE OLIVES SLICED,DEL MONTE SLICED BLACK OLIVES,GROCERY,1,5
1411,21000,BLACK BORGES OLIVES PITTED,BORGES BLACK PITTED OLIVES,GROCERY,1,3
1412,20999,BLACK FIGARO OLIVES SLICED,FIGARO BLACK SLICED OLIVES,GROCERY,1,4
1413,21007,CHERRY DRINK PEPSI SOFT SUGAR WILD ZERO,PEPSI WILD CHERRY ZERO SUGAR SOFT DRINK,GROCERY,3,7
1414,21008,CHERRY DRINK PEPSI SOFT SUGAR WILD ZERO,PEPSI ZERO SUGAR WILD CHERRY SOFT DRINK,GROCERY,3,7
1415,21012,DRINK SOFT UP,7UP SOFT DRINK,GROCERY,1,2
1416,21015,FANTASY MIX SODA STRAWBERRY,FANTA STRAWBERRY + SODA MIX,GROCERY,1,3
1417,21017,BISLERI CLUB#SODA,BISLERI SODA CLUB SODA,GROCERY,0,1
1418,21016,SCHWEPPES WATER INDIAN#TONIC,SCHWEPPES INDIAN TONIC WATER,GROCERY,1,2
1419,21018,EASY IMPERIAL WATER INDIAN#TONIC,EAST IMPERIAL INDIAN TONIC WATER,GROCERY,1,3
1420,21027,BAR MIX SEEDS SNACK SUPER YOGA,YOGA BAR MIX SEED SUPER SNACK,GROCERY,0,6
1421,21028,CHICKEN DOKI JERKY MASALA SMOKE,DOKI SMOKEY MASALA CHICKEN JERKY,GROCERY,0,5
1422,21029,BUFFALO DOKI GOCHUJANG JERKY KOREAN,DOKI KOREAN GOCHUJANG BUFFALO JERKY,GROCERY,0,4
1423,21030,DOKI JERKY PEPPERS TELLICHERRY,DOKI TELLICHERRY PEPPER JERKY,GROCERY,0,3
1424,20627,GARLIC POWDER SAMPANN TATA,TATA SAMPANN GARLIC POWDER,GROCERY,1,4
1425,20628,BLACK EVEREST PEPPERS POWDER,EVEREST BLACK PEPPER POWDER,GROCERY,2,4
1426,20629,CINNAMON POWDER SAMPANN TATA,TATA SAMPANN CINNAMON POWDER,GROCERY,1,4
1427,20630,CHILLI EVEREST FLAKES RED SEASONING,EVEREST RED CHILLI FLAKES SEASONING,GROCERY,1,4
1428,20631,BASIL DRIED LEAVES PLATES URBAN,URBAN PLATTER DRIED BASIL LEAVES,GROCERY,0,5
1429,20632,ITALIAN MIX ORIKA SEASONING,ORIKA ITALIAN SEASONING MIX,GROCERY,0,4
1430,20635,ATA COARSE CRYSTALS SALT,ATA SALT COARSE CRYSTAL SALT,GROCERY,1,2
1431,20633,HIMALAYAN ROCKY SALT TATA,TATA HIMALAYAN ROCK SALT,GROCERY,2,4
1432,20634,IODISED NATURELAND ORGANIC SALT SEA,NATURELAND ORGANICS SEA SALT IODISED,GROCERY,2,3
1433,20636,BLACK GRINDER MALABAR ORIKA PEPPERS,ORIKA MALABAR BLACK PEPPER GRINDER,GROCERY,1,4
1434,20638,BLACK GRINDER MCCORMICK PEPPERCORN,MCCORMICK BLACK PEPPERCORN GRINDER,GROCERY,1,3
1435,20637,BLACK EVEREST PEPPERS POWDER,EVEREST BLACK PEPPER POWDER,GROCERY,2,4
1436,20641,CHICKEN EVEREST MASALA TANDOORI,EVEREST TANDOORI CHICKEN MASALA,GROCERY,0,4
1437,20639,CHOPS EVEREST MASALA STEAK,EVEREST STEAK & CHOPS MASALA,GROCERY,0,4
1438,20640,CHICKEN MASALA MDH TANDOORI,MDH TANDOORI CHICKEN MASALA,GROCERY,0,3
1439,20642,DALDA OIL REFINED VANASPATI VEGETABLE,DALDA VANASPATI REFINED VEGETABLE OIL,GROCERY,1,3
1440,20643,AMUL BAKERY BUTTER FLAVOUR MARINADE,AMUL BAKERY MARGARINE (BUTTER FLAVOUR),GROCERY,2,5
1441,20644,BAKERY MARINADE STICK VIJAY,VIJAY BAKERY MARGARINE STICKS,GROCERY,1,3
1442,20647,FORTUNE OIL REFINED VEGETABLE,FORTUNE REFINED VEGETABLE OIL,GROCERY,1,4
1443,20645,CANOLA FORTUNE OIL,FORTUNE CANOLA OIL,GROCERY,1,2
1444,20650,BORGES EXTRA LIGHT,BORGES EXTRA LIGHT,GROCERY,2,3
1445,20648,BORGES EXTRA VIRGIN,BORGES EXTRA VIRGIN,GROCERY,1,3
1446,20649,BETTER EVOO SIMPLY TATA,TATA SIMPLY BETTER EVOO,GROCERY,0,2
1447,20651,AVOCADO NUTRITION OIL PURE SPRAY VIRGIN,PURE NUTRITION VIRGIN AVOCADO OIL SPRAY,GROCERY,2,6
1448,20653,AVOCADO CHEFSPRAY OIL SPRAY,CHEFSPRAY AVOCADO OIL SPRAY,GROCERY,2,3
1449,20652,HOFFMAN OIL SPRAY SUNFLOWER,HOFFMAN SUNFLOWER OIL SPRAY,GROCERY,2,2
1450,20655,BAGRRY DRINK OATS S BASED#PLANT,BAGRRY'S PLANT BASED OAT DRINK,GROCERY,0,3
1451,20654,ALMOND BEVERAGE COCONUT GOOD SO BASED#PLANT,SO GOOD PLANT BASED ALMOND COCONUT BEVERAGE,GROCERY,2,5
1452,20656,ALMOND MILD MILKLAB BASED#PLANT,MILKLAB PLANT BASED ALMOND MILK,GROCERY,1,3
1453,20657,MILD AMUL#POWDER INSTANT#SKIMMED,AMUL INSTANT SKIMMED MILK POWDER,GROCERY,0,3
1454,20658,BUTTERMILK AMUL#POWDER,AMUL BUTTERMILK POWDER,GROCERY,0,2
1455,20659,MILD AMUL#POWDER INSTANT#SKIMMED,AMUL INSTANT SKIMMED MILK POWDER,GROCERY,0,3
1456,20660,AMUL COW MILD UHT,AMUL COW UHT MILK,GROCERY,0,4
1457,20661,AMUL HOMOGENISED MILD TAAZA TONE,AMUL TAAZA HOMOGENISED TONED MILK,GROCERY,1,5
1458,20664,AMUL HOMOGENISED MILD TAAZA TONE,AMUL TAAZA HOMOGENISED TONED MILK,GROCERY,1,5
1459,20662,ARROWHEAD CORNMEAL MILLS ORGANIC YELLOW,ARROWHEAD MILLS ORGANIC YELLOW CORNMEAL,GROCERY,0,3
1460,20663,ATTA CORN DAIVIK FLOUR MAIZE MAKKI ORGANIC,DAIVIK ORGANIC MAIZE FLOUR MAKKI ATTA CORN FLOUR,GROCERY,0,3
1461,20665,ALL FLOUR NATURAL PURPOSE TATA,TARU NATURAL ALL PURPOSE FLOUR,GROCERY,1,5
1462,20666,AASHIRVAAD BREAD FLOUR MAKING UNBLEACHED WHEAT,AASHIRVAAD UNBLEACHED BREAD MAKING WHEAT FLOUR,GROCERY,0,5
1463,20667,BAKING FLOUR FREE GLUTEN MIX PLATES TO URBAN,URBAN PLATTER GLUTEN FREE BAKING FLOUR 1 TO 1 MIX,GROCERY,1,7
1464,20668,BAR HEALTH HEARTS HEMP MIX ORGANIC SEEDS YOGA,YOGA BAR ORGANIC HEMP HEARTS HEALTHY SEED MIX,GROCERY,0,8
1465,20670,HEARTS HEMP NATURAL PLATES SEEDS SUPER URBAN,URBAN PLATTER HEMP HEARTS NATURAL SUPER SEEDS,GROCERY,1,7
1466,20669,FLAXSEED MEAL ORGANIC PLATES POWDER URBAN,URBAN PLATTER ORGANIC FLAXSEED MEAL POWDER,GROCERY,1,5
1467,20672,CANS DHAMPURE GRANULATED PURE SUGAR WHITE,DHAMPURE PURE CANE WHITE GRANULATED SUGAR,GROCERY,2,6
1468,20673,FINE GRANULATED MADHUR SUGAR WHITE,MADHUR FINE GRANULATED WHITE SUGAR,GROCERY,2,5
1469,20676,BAKING BROWN DARK DHAMPURE FOR SUGAR,DHAMPURE DARK BROWN SUGAR FOR BAKING,GROCERY,4,6
1470,20674,BROWN LIGHT MANTRA ORGANIC SUGAR,24 MANTRA ORGANIC LIGHT BROWN SUGAR,GROCERY,3,5
1471,20675,CANS CRYSTALS INDIA NATURAL ORGANIC SUGAR,ORGANIC INDIA NATURAL CANE SUGAR CRYSTALS,GROCERY,2,6
1472,20677,AND BAKING FOR ICING MADHUR POWDER SUGAR,MADHUR POWDERED SUGAR FOR ICING AND BAKING,GROCERY,3,7
1473,20679,DESSERT DHAMPURE FINE FOR POWDER SUGAR,DHAMPURE FINE POWDERED SUGAR FOR DESSERTS,GROCERY,3,6
1474,20678,MANTRA ORGANIC POWDER SUGAR,24 MANTRA ORGANIC POWDERED SUGAR,GROCERY,2,4
1475,20680,CALORIE FREE NATURAL SACHETS SUGAR SWEETENED ZERO,SUGAR FREE NATURA ZERO CALORIE SWEETENER SACHETS,GROCERY,3,7
1476,20681,CALORIE FREE GOLD LOW POWDER SUGAR SWEETENED,SUGAR FREE GOLD LOW CALORIE SWEETENER POWDER,GROCERY,3,7
1477,20682,FRUIT LAKANTO MOON NATURAL POUCH SWEETENED,LAKANTO NATURAL MONK FRUIT SWEETENER POUCH,GROCERY,1,4
1478,20683,AGAVE BLUE MANTRA ORGANIC SYRUP,24 MANTRA ORGANIC BLUE AGAVE SYRUP,GROCERY,1,5
1479,20684,BOTTLE DATE INDIA NATURAL NECTAR ORGANIC SWEETENED,ORGANIC INDIA DATE NECTAR NATURAL SWEETENER BOTTLE,GROCERY,2,6
1480,20685,AGAVE BLUE NATURAL ORGANIC PLATES SWEETENED URBAN,URBAN PLATTER ORGANIC BLUE AGAVE NATURAL SWEETENER,GROCERY,2,7
1481,20686,AND BREAKFAST KISSAN ORIGINAL PANCAKE SYRUP,KISSAN ORIGINAL PANCAKE AND BREAKFAST SYRUP,GROCERY,1,6
1482,20687,AGED BARREL BOURBON MANTRA MAPLE ORGANIC SYRUP,24 MANTRA ORGANIC MAPLE SYRUP BOURBON BARREL AGED,GROCERY,2,6
1483,20688,MANTRA MAPLE ORGANIC PERCENT PURE SYRUP,24 MANTRA ORGANIC PURE MAPLE SYRUP 100 PERCENT,GROCERY,1,6
1484,20691,BUTTERMILK COMPLETE MIX PANCAKE PILLSBURY,PILLSBURY COMPLETE BUTTERMILK PANCAKE MIX,GROCERY,1,5
1485,20689,AND FREE GLUTEN MIX PANCAKE PLATES URBAN WAFFLE,URBAN PLATTER GLUTEN FREE PANCAKE AND WAFFLE MIX,GROCERY,1,8
1486,20690,BAR HIGH MIX PANCAKE PROTEIN YOGA,YOGA BAR HIGH PROTEIN PANCAKE MIX,GROCERY,0,6
1487,20694,BRU CAPPUCCINO COFFEE DOUBLE INSTANT MIX MOCHA,BRU DOUBLE MOCHA CAPPUCCINO INSTANT COFFEE MIX,GROCERY,1,7
1488,20697,AND BLACK ORANGE PREMIUM SPICY TATA TEA,TATA TEA PREMIUM ORANGE AND SPICE BLACK TEA,GROCERY,2,7
1489,20695,CHAI CONCENTRATE GIRNAR LATTE ORIGINAL TEA,GIRNAR ORIGINAL CHAI TEA LATTE CONCENTRATE,GROCERY,2,4
1490,20713,CLASSIC DRINK BOAT#PAPER LEMONADE#REFRESHING,PAPER BOAT CLASSIC LEMONADE REFRESHING DRINK,GROCERY,0,4
1491,20714,CONCENTRATE JUICE LEMON REAL RECONSTITUTED,REAL LEMON JUICE RECONSTITUTED CONCENTRATE,GROCERY,1,4
1492,20718,DRINK FOR FRUIT JUICE KIDS PUNCH REAL,REAL FRUIT PUNCH JUICE DRINK FOR KIDS,GROCERY,1,7
1493,20716,DRINK JUICE LEMONADE STRAWBERRY BOAT#PAPER READY#TO,PAPER BOAT STRAWBERRY LEMONADE READY TO DRINK JUICE,GROCERY,1,6
1494,20717,COOLER DRINK FRUIT JUICE MIXED BOAT#PAPER,PAPER BOAT MIXED FRUIT COOLER JUICE DRINK,GROCERY,0,5
1495,20719,DRINK ICED INSTANT MIX PEACH RASNA TEA,RASNA PEACH ICED TEA INSTANT DRINK MIX,GROCERY,2,6
1496,20720,ENHANCER LIQUID MANGO MAPRO PINEAPPLE WATER,MAPRO PINEAPPLE MANGO LIQUID WATER ENHANCER,GROCERY,2,6
1497,20721,ENERGY ENHANCER FUSION LIQUID MAPRO TROPICAL WATER,MAPRO TROPICAL FUSION ENERGY LIQUID WATER ENHANCER,GROCERY,2,6
1498,20726,COKE CUTS GREEN BEANS#DEL#MONTE READY#TO,DEL MONTE CUT GREEN BEANS READY TO COOK,GROCERY,0,5
1499,20725,BEANS CUTS GREEN MANTRA ORGANIC,24 MANTRA ORGANIC CUT GREEN BEANS,GROCERY,0,5
1500,20727,ARTICHOKE CANS DEL HEARTS MONTE OUNCE WHOLE,DEL MONTE WHOLE ARTICHOKE HEARTS 14 OUNCE CAN,GROCERY,0,7
1501,20728,COOKIES KISSAN SAUCE TOMATO,KISSAN TOMATO COOKING SAUCE,GROCERY,0,4
1502,20729,DEL DICED MONTE PETITE TOMATO,DEL MONTE PETITE DICED TOMATOES,GROCERY,0,4
1503,20730,DICED MANTRA ORGANIC TOMATO,24 MANTRA ORGANIC DICED TOMATOES,GROCERY,0,4
1504,20731,APRICOTS DEL HALVES HEAVY IN MONTE SYRUP,DEL MONTE APRICOT HALVES IN HEAVY SYRUP,GROCERY,1,5
1505,20732,BARTLETT DEL HALVES IN JUICE MONTE PEARL,DEL MONTE BARTLETT PEAR HALVES IN JUICE,GROCERY,1,6
1506,20733,CRANBERRY JELLICE KISSAN SAUCE,KISSAN JELLIED CRANBERRY SAUCE,GROCERY,0,4
1507,20735,APPLE KISSAN SAUCE UNSWEETENED,KISSAN UNSWEETENED APPLE SAUCE,GROCERY,1,4
1508,20736,APPLE CUP KISSAN SAUCE UNSWEETENED,KISSAN UNSWEETENED APPLE SAUCE CUPS,GROCERY,1,5
1509,20740,CHICKEN LICIOUS PACK SAUSAGE STYLE VIENNA,LICIOUS VIENNA STYLE CHICKEN SAUSAGES PACK,GROCERY,1,5
1510,20741,BREAST CHICKEN CHUNKS IN S VENKY WATER,VENKY'S CHICKEN BREAST CHUNKS IN WATER,GROCERY,2,5
1511,20743,BAJA BEANS BLACK MANTRA ORGANIC STYLE,24 MANTRA ORGANIC BAJA STYLE BLACK BEANS,GROCERY,1,5
1512,20745,ADDED BEANS BLACK MANTRA NO ORGANIC SALT,24 MANTRA ORGANIC BLACK BEANS NO SALT ADDED,GROCERY,2,6
1513,20744,BEANS CHICKPEA COCONUT CURRY MANTRA ORGANIC,24 MANTRA ORGANIC CHICKPEA COCONUT CURRY BEANS,GROCERY,1,6
1514,20748,BAKE BEANS HEINZ IN SAUCE TOMATO VEGETARIAN,HEINZ VEGETARIAN BAKED BEANS IN TOMATO SAUCE,GROCERY,1,6
1515,20750,BEANS CHILLI EAT HOT SAUCE VEEBA WITHOUT READY#TO,VEEBA HOT CHILLI READY TO EAT SAUCE WITHOUT BEANS,GROCERY,1,8
1516,20751,BEANS CHILLI CLASSIC EAT SAUCE VEEBA WITHOUT READY#TO,VEEBA CLASSIC CHILLI READY TO EAT SAUCE WITHOUT BEANS,GROCERY,0,8
1517,20755,COOKIES FILLING KISSAN SANDWICH SAUCE,KISSAN SANDWICH FILLING COOKING SAUCE,GROCERY,0,5
1518,20758,CONDENSED CREAMY KNORR MUSHROOM OF SOUR,KNORR CREAM OF MUSHROOM CONDENSED SOUP,GROCERY,2,5
1519,20759,CHICKEN CONDENSED CREAMY KNORR OF SOUR,KNORR CREAM OF CHICKEN CONDENSED SOUP,GROCERY,2,5
1520,20760,CONDENSED FAMILY KNORR PACK SOUR TOMATO,KNORR TOMATO CONDENSED SOUP FAMILY PACK,GROCERY,1,6
1521,20762,CHICKEN FLAVOUR NISSIN NOODLE RAMEN SOUR TOPS,NISSIN TOP RAMEN CHICKEN FLAVOUR NOODLE SOUP,GROCERY,1,5
1522,20765,BROTH CHICKEN KNORR LIQUID ORGANIC STOCK,KNORR ORGANIC CHICKEN STOCK LIQUID BROTH,GROCERY,1,6
1523,20768,AND LENTIL LOW SAFFOLA SODIUM SOUR VEGETABLE,SAFFOLA LENTIL AND VEGETABLE SOUP LOW SODIUM,GROCERY,0,6
1524,20769,CLAW ENGLAND HOMESTYLE KNORR NEW SOUR,KNORR HOMESTYLE NEW ENGLAND CLAM SOUP,GROCERY,1,4
1525,20773,ANGEL BAMBINO HAIR PARMESAN PASTA SEASONING WITH,BAMBINO ANGEL HAIR PASTA WITH PARMESAN SEASONING,GROCERY,2,7
1526,20774,BAMBINO FETTUCCINE MIX PASTA READY,BAMBINO FETTUCCINE PASTA READY MIX,GROCERY,0,5
1527,20775,AND BAMBINO BUTTER GARLIC MIX PASTA,BAMBINO BUTTER AND GARLIC PASTA MIX,GROCERY,1,6
1528,20776,FILLING MEATLESS MIX PLATES STREET TATA URBAN,URBAN PLATTER MEATLESS STREET TACO FILLING MIX,GROCERY,0,5
1529,20777,GARLIC MASHED MIX POTATO ROASTED CHEF#ITC#MASTER,ITC MASTER CHEF ROASTED GARLIC MASHED POTATOES MIX,GROCERY,0,6
1530,20778,BABY FLAVOUR MASHED POTATO RED CHEF#ITC#MASTER,ITC MASTER CHEF BABY RED FLAVOURED MASHED POTATOES,GROCERY,3,6
1531,20779,BABY FAMILY MASHED PACK POTATO RED CHEF#ITC#MASTER,ITC MASTER CHEF BABY RED MASHED POTATOES FAMILY PACK,GROCERY,3,7
1532,20780,BASED BRITANNIA CRUST INCH PIZZA THIN,BRITANNIA THIN CRUST PIZZA BASE 12 INCH,GROCERY,0,6
1533,20781,BASED BRITANNIA INCH PERSONAL PIZZA,BRITANNIA PERSONAL PIZZA BASE 8 INCH,GROCERY,0,4
1534,20782,BASED BRITANNIA CRUST ORIGINAL PIZZA,BRITANNIA ORIGINAL PIZZA CRUST BASE,GROCERY,1,5
1535,20783,FREE GLUTEN GRAIN PLATES TORTILLA URBAN WHOLE WRAPS,URBAN PLATTER WHOLE GRAIN GLUTEN FREE TORTILLA WRAPS,GROCERY,1,8
1536,20784,CRUST GRAIN INCH PIZZA PLATES SPROUTED URBAN,URBAN PLATTER SPROUTED GRAIN PIZZA CRUST 12 INCH,GROCERY,0,7
1537,20785,BIG BOWL BULDAK CARBONATED NOODLE SAMYANG SPICY,SAMYANG BULDAK CARBONARA SPICY NOODLES BIG BOWL,GROCERY,1,5
1538,20787,CHICKEN CUP FLAVOUR ICHIBAN NOODLE SAPPORO,SAPPORO ICHIBAN CHICKEN FLAVOUR CUP NOODLES,GROCERY,1,4
1539,20789,BEANS LUPINI MEDITERRANEAN STYLE ZIYAD,ZIYAD LUPINI BEANS MEDITERRANEAN STYLE,GROCERY,0,3
1540,20790,DOLMA GREEN LEAVES STUFFED STYLE VINE WINGREENS,WINGREENS GREEK STYLE DOLMA STUFFED VINE LEAVES,GROCERY,0,7
1541,20791,AND DOLMA MEDITERRANEAN SNACK SPICY SWEET WINGREENS,WINGREENS SWEET AND SPICY DOLMAS MEDITERRANEAN SNACK,GROCERY,1,7
1542,20794,AND CLEAR FISH GADRE PIKE PREPARATION WHITEFISH,GADRE WHITEFISH AND PIKE CLEAR FISH PREPARATION,GROCERY,1,3
1543,20792,BURNING CANDLE LONG MEMORIAL YEHUDA,YEHUDA MEMORIAL CANDLE LONG BURNING,GROCERY,0,2
1544,20793,BUCKWHEAT FREE GLUTEN KASHA PLATES ROASTED URBAN,URBAN PLATTER ROASTED BUCKWHEAT KASHA GLUTEN FREE,GROCERY,1,5
1545,20795,CARIBBEAN HONEY JERKY SAUCE SEASONING VEEBA,VEEBA HONEY JERK CARIBBEAN SEASONING SAUCE,GROCERY,1,5
1546,20796,CHHOLE CURRY EAT MTR PUNJABI READY#TO,MTR PUNJABI CHHOLE READY TO EAT CURRY,GROCERY,0,4
1547,20797,CURRY MASALA PATAK S SAUCE SIMMER TIKKA,PATAK'S TIKKA MASALA CURRY SIMMER SAUCE,GROCERY,0,5
1548,20798,BUTTER CHICKEN COOKIES PATAK S SAUCE,PATAK'S BUTTER CHICKEN COOKING SAUCE,GROCERY,1,5
1549,20799,BAR CHIP NATURAL SEEDS SUPERFOOD YOGA,YOGA BAR NATURAL CHIA SEEDS SUPERFOOD,GROCERY,1,4
1550,20804,ALFREDO DEL GARLIC MONTE PASTA SAUCE,DEL MONTE GARLIC ALFREDO PASTA SAUCE,GROCERY,0,6
1551,20806,CHILLI DICED GREEN MEXICAN STYLE VEEBA,VEEBA DICED GREEN CHILLIES MEXICAN STYLE,GROCERY,0,6
1552,20807,CHILLI DICED GREEN MEXICAN MILD STYLE VEEBA,VEEBA MILD DICED GREEN CHILLIES MEXICAN STYLE,GROCERY,0,7
1553,20812,BEVERAGE FRUIT MANGO NECTAR REAL,REAL MANGO NECTAR FRUIT BEVERAGE,GROCERY,0,5
1554,20813,BEVERAGE COCONUT NECTAR PINEAPPLE REAL,REAL PINEAPPLE COCONUT NECTAR BEVERAGE,GROCERY,1,5
1555,20814,BEVERAGE FRUIT NECTAR PINEAPPLE REAL,REAL PINEAPPLE NECTAR FRUIT BEVERAGE,GROCERY,0,5
1556,20815,DE DESSERT MILKMAID NESTLE SPREAD DULCE#LECHE,NESTLE MILKMAID DULCE DE LECHE DESSERT SPREAD,GROCERY,1,5
1557,20816,COOKIES CREAMY CREMA MEDIA NESTLE,NESTLE MEDIA CREMA COOKING CREAM,GROCERY,1,4
1558,20817,CARAMEL CUSTARD DESSERT FLAT MIX WEIKFIELD,WEIKFIELD CARAMEL CUSTARD FLAN DESSERT MIX,GROCERY,0,6
1559,20821,MIX SEASONING SPICY TATA VEEBA,VEEBA TACO SEASONING SPICE MIX,GROCERY,0,5
1560,20822,MEXICAN MIX SEASONING TATA VEEBA,VEEBA MEXICAN TACO SEASONING MIX,GROCERY,0,5
1561,20824,AND CHUNKS DIP MEDIUM SALT THICK WINGREENS,WINGREENS THICK AND CHUNKY MEDIUM SALSA DIP,GROCERY,1,7
1562,20825,CASERA DIP MEDIUM SALT STYLE WINGREENS,WINGREENS CASERA STYLE MEDIUM SALSA DIP,GROCERY,1,5
1563,20826,CHUNKS CLASSIC DIP MILD SALT WINGREENS,WINGREENS MILD CHUNKY CLASSIC SALSA DIP,GROCERY,1,6
1564,20827,CANS CHICKPEA LOW MANTRA PREMIUM SODIUM,24 MANTRA PREMIUM CHICKPEAS LOW SODIUM CAN,GROCERY,0,6
1565,20828,BEANS COKE MANTRA PIN READY#TO,24 MANTRA PINTO BEANS READY TO COOK,GROCERY,0,4
1566,20829,BEANS CANS COOKED MANTRA PINTOLA PRE,24 MANTRA PRE COOKED PINTO BEANS CAN,GROCERY,0,4
1567,20830,CORN CORNITOS KING SIZE TORTILLA YELLOW,CORNITOS YELLOW CORN TORTILLAS KING SIZE,GROCERY,0,5
1568,20832,CORNITOS TORTILLA WHEAT WHOLE WRAPS,CORNITOS WHOLE WHEAT TORTILLA WRAPS,GROCERY,0,5
1569,20831,CORNITOS HERB SPINACH TORTILLA WRAPS,CORNITOS SPINACH HERB TORTILLA WRAPS,GROCERY,0,5
1570,20833,CORN CORNITOS SHELLS TATA YELLOW,CORNITOS YELLOW CORN TACO SHELLS,GROCERY,0,5
1571,20834,CORN CORNITOS OF PACK SHELLS TATA YELLOW,CORNITOS YELLOW CORN TACO SHELLS PACK OF 12,GROCERY,2,6
1572,20835,CORN CORNITOS MINT SHELLS SLIDER TATA YELLOW,CORNITOS MINI TACO SLIDER YELLOW CORN SHELLS,GROCERY,1,7
1573,20857,CARB FRESH SAFE WET FLUSHABLE#PEE#WIPES,PEE SAFE FLUSHABLE WET WIPES FRESH CARE,GROCERY,3,5
1574,20858,ALOE GENTLE SAFE VERA WET WITH FLUSHABLE#PEE#WIPES,PEE SAFE GENTLE FLUSHABLE WET WIPES WITH ALOE VERA,GROCERY,6,7
1575,20859,CARB FRESH PACK REFILL SAFE WET FLUSHABLE#PEE#WIPES,PEE SAFE FRESH CARE FLUSHABLE WET WIPES REFILL PACK,GROCERY,4,7
1576,20860,ORIGAMI PACK PAPER ROLLS WHITE KITCHEN#TOWELS,ORIGAMI KITCHEN PAPER TOWELS WHITE PACK 12 ROLLS,GROCERY,2,6
1577,20861,DOUBLE ORIGAMI PACK PAPER ROLLS WHITE KITCHEN#TOWELS,ORIGAMI KITCHEN PAPER TOWELS WHITE DOUBLE ROLL PACK,GROCERY,2,7
1578,20862,ORIGAMI PACK PAPER ROLLS WHITE KITCHEN#TOWELS,ORIGAMI KITCHEN PAPER TOWELS WHITE PACK 8 ROLLS,GROCERY,2,6
1579,20863,BOWL CELLO DESIGNER DISPOSABLE OUNCE,CELLO DESIGNER DISPOSABLE BOWLS 10 OUNCE,GROCERY,0,4
1580,20864,ASSORTED CELLO CUTLETS PLASTIC PREMIUM SET,CELLO PREMIUM ASSORTED PLASTIC CUTLERY SET,GROCERY,1,6
1581,20869,CLEANING DISH FRESH PLATINUM POWERWASH SCENT SPRAY VIM,VIM PLATINUM POWERWASH DISH CLEANING SPRAY FRESH SCENT,GROCERY,2,5
1582,20870,DISHWASHER FRAGRANCE GEL LIQUID OCEAN VIM,VIM LIQUID DISHWASH GEL OCEAN FRAGRANCE,GROCERY,4,6
1583,20872,BABY CARB DETERGENT LAUNDRY LIQUID ACTIVE#MEE,MEE MEE BABY LAUNDRY LIQUID DETERGENT ACTIVE CARE,GROCERY,2,4
1584,20876,BLEACH DOMEX FRAGRANCE FRESH LINER LIQUID,DOMEX BLEACH LIQUID FRESH LINEN FRAGRANCE,GROCERY,4,6
1585,20877,BLEACH CLEANER DOMEX LIQUID REGULAR,DOMEX REGULAR BLEACH LIQUID CLEANER,GROCERY,1,5
1586,20875,ACTION BLEACH FABRIC GHADI TRIPLE,GHADI TRIPLE ACTION FABRIC BLEACH ,GROCERY,1,3
1587,20880,COMFORT CONDITIONER FABRIC FRAGRANCE LAVENDER SCENT,COMFORT FABRIC CONDITIONER SCENT LAVENDER FRAGRANCE,GROCERY,4,6
1588,20878,COMFORT CONDITIONER FABRIC FRAGRANCE LIQUID ULTRA,COMFORT ULTRA LIQUID FABRIC CONDITIONER  FRAGRANCE,GROCERY,5,6
1589,20879,CARB COMFORT CONDITIONER FABRIC FREE GENTLE LIQUID ULTRA,COMFORT ULTRA LIQUID FABRIC CONDITIONER FREE & GENTLE CARE,GROCERY,6,8
1590,20881,ACTION CLEANER ODOUR OXI POWDER VANISH REMOVER#STAIN,VANISH OXI ACTION POWDER ODOUR REMOVER & STAIN CLEANER,GROCERY,2,7
1591,20882,FABRIC LIQUID REVIVE VANISH WHITE WHITENING,VANISH WHITE REVIVE LIQUID FABRIC WHITENER,GROCERY,3,5
1592,20883,COLOUR FABRIC FRAGRANCE LIQUID ORIGINAL UJALA REMOVER#STAIN,UJALA LIQUID COLOUR FABRIC STAIN REMOVER ORIGINAL FRAGRANCE,GROCERY,3,6
1593,20884,CARROT CHICKEN DOG DROOLS FOOD PATE TOMATO WET,DROOLS WET DOG FOOD CHICKEN TOMATO & CARROT PATE,GROCERY,1,7
1594,20886,CHEESEBURGER DOG FLAVOUR FOOD MEAL PUREPET WET,PUREPET WET DOG FOOD CHEESEBURGER FLAVOUR MEAL,GROCERY,2,6
1595,20890,CHICKEN DOG DROOLS FLAVOUR TRAINING TREATS,DROOLS CHICKEN FLAVOUR DOG TRAINING TREATS,GROCERY,1,6
1596,20891,BACON DOG DROOLS FLAVOUR SNACK,DROOLS BACON FLAVOUR DOG SNACKS,GROCERY,1,5
1597,20892,BITE DOG MEAT PEDIGREE TRAINING TREATS,PEDIGREE DOG TRAINING TREATS MEATY BITES,GROCERY,0,5
1598,20896,CAT COMPLETE DRY FOOD NUTRITION WHISKAS,WHISKAS COMPLETE NUTRITION DRY CAT FOOD,GROCERY,2,6
1599,20897,ADULT CAT COMPLETE DRY FOOD FORMULA NUTRITION WHISKAS,WHISKAS COMPLETE NUTRITION DRY CAT FOOD ADULT FORMULA,GROCERY,2,7
1600,20898,BLEND CAT DRY FOOD ME O PREMIUM SALMON TUNA,ME-O PREMIUM DRY CAT FOOD SALMON & TUNA BLEND,GROCERY,3,7
1601,20904,CAT CLUMPING LITTER NON PUREPET UNSCENTED,PUREPET UNSCENTED NON-CLUMPING CAT LITTER,GROCERY,1,6
1602,20908,BIRD BLOCK FED NUT SEEDS SMORGASBORD VITAPOL WILD,VITAPOL WILD BIRD FEED NUT & SEED SMORGASBORD BLOCK,GROCERY,1,7
1603,20909,BIRD CRITTER CRUNCHY FED MIX VITAPOL WILD,VITAPOL WILD BIRD FEED CRITTER CRUNCH MIX,GROCERY,1,6
1604,20910,BIRD FOR NUTTY SUET TREATS VITAPOL WILD,VITAPOL NUTTY SUET TREAT FOR WILD BIRDS,GROCERY,2,6
1605,20911,CHICKEN DOG DROOLS FOOD FRESH RECIPE RICH,DROOLS FRESH DOG FOOD CHICKEN & RICE RECIPE,GROCERY,1,7
1606,20913,CHICKEN DOG DROOLS FOOD FRESH JOY TREATS,DROOLS FRESH DOG FOOD CHICKEN JOY TREATS,GROCERY,1,6
1607,20914,BARBECUE BRIQUETTES CHARCOAL FOR GRILLING PRESTIGE,PRESTIGE CHARCOAL BRIQUETTES FOR BARBECUE GRILLING,GROCERY,2,5
1608,20915,BBQ FOR GRILLING LB PACK PELLETS SELECT WOOD,BBQ SELECT WOOD PELLETS 30 LB PACK FOR GRILLING,GROCERY,2,7
1609,20916,BARBECUE FOR GRILLED HICKORY PELLETS WEBER WOOD,WEBER HICKORY WOOD PELLETS FOR BARBECUE GRILLS,GROCERY,1,6
1610,20918,CHARCOAL FIRE FLUID FOR IGNITION LIGHT STOVEKRAFT,STOVEKRAFT LIGHTER FLUID FOR CHARCOAL & FIRE IGNITION,GROCERY,4,5
1611,20917,BARBECUE CUBES FIRE FIREPLACE FOR OAK ROYAL STARTER,ROYAL OAK FIRE STARTER CUBES FOR BARBECUE & FIREPLACE,GROCERY,3,6
1612,20919,BLOCK FAST FIRE FOR IGNITION QUICK STARTER,FAST FIRE STARTER BLOCKS FOR QUICK IGNITION,GROCERY,2,7
1613,20920,ALL FIRE NATURAL BURN#HOUR ECOFLAME#LOG,ECOFLAME ALL NATURAL FIRE LOG 3 HOUR BURN,GROCERY,2,5
1614,20921,ALL FIRE NATURAL PACK BURN#HOUR ECOFLAME#LOG,ECOFLAME ALL NATURAL FIRE LOG 3 HOUR BURN PACK,GROCERY,3,6
1615,20922,DURAFLAME FIRE LOG MULTI PACK BURN#HOUR,DURAFLAME FIRE LOGS MULTI PACK 4 HOUR BURN,GROCERY,3,4
1616,20923,BUNDLE FIREWOOD FOR HOT INDOOR OUTDOOR USE WOOD,HOT WOOD FIREWOOD BUNDLE FOR INDOOR & OUTDOOR USE,GROCERY,2,5
1617,20924,CLASSIC EZ PACK REACH CRICKET#GAS#LIGHTER,CRICKET EZ REACH CLASSIC GAS LIGHTER 2 PACK,GROCERY,1,3
1618,20925,BOLD POCKET CRICKET#GAS#LIGHTER,CRICKET BOLD POCKET GAS LIGHTER,GROCERY,0,1
1619,20926,FLEXIBLE MULTI PURPOSE UTILITY CRICKET#GAS#LIGHTER,CRICKET MULTI PURPOSE FLEXIBLE UTILITY GAS LIGHTER,GROCERY,1,3
1620,20927,PELLETS SALT SOFTENER TATA WATER,TATA WATER SOFTENER SALT PELLETS,GROCERY,2,5
1621,20928,FOR HARD MORTON PELLETS SALT SOFTENER TREATMENT WATER,MORTON WATER SOFTENER SALT PELLETS FOR HARD WATER TREATMENT,GROCERY,3,5
1622,20929,PELLETS PLUS SALT SOFTENER SURESOFT WATER,SURESOFT PLUS WATER SOFTENER SALT PELLETS,GROCERY,3,5
1623,20930,CRYSTALS FOR ICED PREMIUM REMOVER SNOW MELT#SPLASH,SPLASH PREMIUM ICE MELT CRYSTALS FOR SNOW & ICE REMOVAL,GROCERY,1,5
1624,20931,FOR GRANULES ICED OUTDOOR PET SAFE SURFACES MELT#SPLASH,SPLASH PET SAFE ICE MELT GRANULES FOR OUTDOOR SURFACES,GROCERY,2,6
1625,20975,BABY CERELAC FOR FRUIT NESTL TODDLERS YOGURT POUCH#PUREE,NESTLâ”œÂ® CERELAC FRUIT & YOGURT BABY PUREE POUCH FOR TODDLERS,GROCERY,2,7
1626,20976,BABY CARROT FOOD ORGANIC PEARL RASPBERRY SQUASH POUCH#PUREE,ORGANIC BABY FOOD PEAR CARROT SQUASH & RASPBERRY PUREE POUCH,GROCERY,1,7
1627,20974,BABY MELT NESTL SNACK STRAWBERRY YOGURT,NESTLâ”œÂ® YOGURT MELTS STRAWBERRY BABY SNACK,GROCERY,2,5
1628,20977,COMFORT MILD POWDER TOTAL FORMULA#INFANT#SIMILAC,SIMILAC TOTAL COMFORT INFANT MILK FORMULA POWDER,GROCERY,3,5
1629,20978,BOTTLE FED OUNCE PACK FORMULA#INFANT#SIMILAC READY#TO,SIMILAC READY TO FEED INFANT FORMULA 8 OUNCE BOTTLE 6 PACK,GROCERY,2,6
1630,20979,IRON SENSITIVE WITH FORMULA#INFANT#SIMILAC,SIMILAC SENSITIVE INFANT FORMULA WITH IRON,GROCERY,2,3
1631,20980,EASY ENFAGROW GENTLE MILD POWDER PREMIUM TODDLERS,ENFAGROW PREMIUM GENTLE EASE TODDLER MILK POWDER,GROCERY,2,7
1632,20981,ENFAGROW FOR MILD NATURAL POWDER PREMIUM TODDLERS,ENFAGROW PREMIUM NATURAL MILK POWDER FOR TODDLERS,GROCERY,3,7
1633,20982,BEVERAGE EXCEL GOLD MILD NESTL NIDO POWDER TODDLERS,NESTLâ”œÂ® NIDO EXCELLA GOLD TODDLER MILK BEVERAGE POWDER,GROCERY,1,6
1634,20983,BABIES ELECTRAL ELECTROLYTE FLAVOUR FOR SOLUTION STRAWBERRY,ELECTRAL STRAWBERRY FLAVOUR ELECTROLYTE SOLUTION FOR BABIES,GROCERY,3,7
1635,20984,ADVANCED BERRY DRINK ELECTRAL ELECTROLYTE FROSTED,ELECTRAL ADVANCED BERRY FROST ELECTROLYTE DRINK,GROCERY,2,6
1636,20985,BABIES DRINK ELECTROLYTE FOR FRUIT MIXED PEDIALYTE,PEDIALYTE MIXED FRUIT ELECTROLYTE DRINK FOR BABIES,GROCERY,1,6
1637,20986,BABY BISLERI DRINKING FLUORIDE PURIFIED WATER WITH,BISLERI BABY PURIFIED DRINKING WATER WITH FLUORIDE,GROCERY,3,7
1638,20988,BABY BISLERI DRINKING PURIFIED WATER,BISLERI BABY PURIFIED DRINKING WATER,GROCERY,2,5
1639,20987,BABY BISLERI DRINKING FLUORIDE PURIFIED WATER WITHOUT,BISLERI BABY PURIFIED DRINKING WATER WITHOUT FLUORIDE,GROCERY,2,7
1640,21001,BAGS GALA GALLON GARBAGE STRONG ULTRA,GALA ULTRA STRONG  GARBAGE BAGS 13 GALLON,GROCERY,1,6
1641,21002,BAGS BURST CLEAR GALA GALLON STRONG ULTRA,GALA ULTRA STRONG CLEAN BURST BAGS 13 GALLON,GROCERY,1,7
1642,21003,BAGS GALA KITCHEN STRONG TATA ULTRA WASTE,GALA ULTRA STRONG TALL KITCHEN WASTE BAGS,GROCERY,1,5
1643,21004,ALUMINIUM FEED FOIL NON REYNOLDS ROLLS SQUARE STICK,REYNOLDS NON STICK ALUMINIUM FOIL ROLL 50 SQUARE FEET,GROCERY,1,5
1644,20786,CHING FRY NOODLE RICH S STIR,CHING'S STIR FRY RICE NOODLES,GROCERY,0,5
1645,20788,BORGES GNOCCHI PASTA POTATO,BORGES POTATO GNOCCHI PASTA,GROCERY,0,4
1646,20800,BAMBINO FREE NOODLE YOLK,BAMBINO YOLK FREE NOODLES,GROCERY,1,3
1647,20801,DEL MONTE PASTA RIGATONI,DEL MONTE RIGATONI PASTA,GROCERY,0,3
1648,20802,ANGEL DEL HAIR MONTE PASTA,DEL MONTE ANGEL HAIR PASTA,GROCERY,1,5
1649,20803,GARLIC PASTA ROASTED SAUCE VEEBA,VEEBA ROASTED GARLIC PASTA SAUCE,GROCERY,0,5
1650,20805,CHEESE DEL MONTE PASTA SAUCE THREE,DEL MONTE THREE CHEESE PASTA SAUCE,GROCERY,0,6
1651,20808,COOKIES EL ENCHILADA HOT OLD PASO RED SAUCE,OLD EL PASO HOT RED ENCHILADA COOKING SAUCE,GROCERY,2,5
1652,20809,DE DEVOTIONAL GUADALUPE PRAYER VIRGEN WHITE CANDLE#WAX,DEVOTIONAL WHITE WAX PRAYER CANDLE VIRGEN DE GUADALUPE,GROCERY,2,4
1653,20810,GREEN PRAYER SCENT CANDLE#WAX JUDE#ST,ST JUDE SCENTED GREEN WAX PRAYER CANDLE,GROCERY,0,5
1654,20811,DEVOTIONAL MIRACLE OF TEPEYAC WHITE CANDLE#WAX JUDE#ST,ST JUDE MIRACLE OF TEPEYAC WHITE WAX DEVOTIONAL CANDLE,GROCERY,2,4
1655,20818,BEANS FAT FREE REFRIED#ROSARITA,ROSARITA FAT FREE REFRIED BEANS,GROCERY,1,4
1656,20819,BEANS VEGETARIAN REFRIED#ROSARITA,ROSARITA VEGETARIAN REFRIED BEANS,GROCERY,0,3
1657,20820,BEANS BLACK FAT LOW REFRIED#ROSARITA,ROSARITA LOW FAT REFRIED BLACK BEANS,GROCERY,1,5
1658,20823,BADIA CALIFORNIA CHILLI DRIED OUNCE RED,BADIA CALIFORNIA DRIED RED CHILLIES 3 OUNCE,GROCERY,1,5
1659,20865,CUP DISPOSABLE OUNCE PARTY RED SOLO SQUARE,SOLO SQUARE DISPOSABLE PARTY CUPS 18 OUNCE RED,GROCERY,1,6
1660,20866,BOX LOTION PLUS PUFF SOFT FACIAL#TISSUE,PUFFS PLUS LOTION SOFT FACIAL TISSUE BOX,GROCERY,2,6
1661,20867,BOX KLEENEX LOTION UPRIGHT FACIAL#TISSUE,KLEENEX LOTION FACIAL TISSUE UPRIGHT BOX,GROCERY,1,3
1662,20868,BOX CUBES PUFF FACIAL#TISSUE,PUFFS CUBE FACIAL TISSUE BOX,GROCERY,0,4
1663,20871,COUNTRY POWERBALL TABLETS DISHWASHER#FINISH,FINISH POWERBALL DISHWASHER TABLETS 62 COUNT,GROCERY,1,3
1664,20873,BURST CLEAR DETERGENT FRESH LIQUID OXI WITH ARM#HAMMER,ARM & HAMMER LIQUID DETERGENT WITH OXI CLEAN FRESH BURST,GROCERY,3,8
1665,20874,CLEAR DETERGENT FREE LIQUID SENSITIVE SKIN ARM#HAMMER,ARM & HAMMER SENSITIVE SKIN LIQUID DETERGENT FREE & CLEAR,GROCERY,4,7
1666,20888,ADULT BONUS CHICKEN DOG DRY FLAVOUR FOOD PACK PEDIGREE,PEDIGREE ADULT DRY DOG FOOD CHICKEN FLAVOUR BONUS PACK,GROCERY,3,8
1667,20887,BROWN CHICKEN DOG DROOLS DRY FOOD PREMIUM RECIPE RICH,DROOLS PREMIUM DRY DOG FOOD CHICKEN & BROWN RICE RECIPE,GROCERY,2,9
1668,20889,DOG DRY FOOD POTATO PUREPET SALMON SUPREME SWEET,PUREPET SUPREME DRY DOG FOOD SALMON & SWEET POTATO,GROCERY,2,8
1669,20893,CAT CHICKEN FANCY FEAST FOOD GRAVY LOVERS PURINA WET,PURINA FANCY FEAST GRAVY LOVERS CHICKEN WET CAT FOOD,GROCERY,1,7
1670,20895,CAT FOOD FRISKIES PURINA SALMON SAVOURY SHREDDED WET,PURINA FRISKIES SAVORY SHREDDED SALMON WET CAT FOOD,GROCERY,1,8
1671,20894,ADULT BLUE BUFFALO CAT CHICKEN FOOD WET WILDERNESS,BLUE BUFFALO WILDERNESS ADULT CHICKEN WET CAT FOOD,GROCERY,2,7
1672,20900,CAT CHICKEN DELECTABLES HARTZ SQUEEZE TREATS UP,HARTZ DELECTABLES SQUEEZE UP CHICKEN CAT TREAT,GROCERY,1,4
1673,20899,CAT CRUNCHY FRISKIES MIX NATURAL PARTY PURINA TREATS YUMM,PURINA FRISKIES PARTY MIX NATURAL YUMS CRUNCHY CAT TREATS,GROCERY,1,8
1674,20901,CAT FLAVOUR PACK SALMON TEMPTATIONS TREATS VALUE WHISKAS,WHISKAS TEMPTATIONS SALMON FLAVOUR CAT TREATS VALUE PACK,GROCERY,2,7
1675,20902,CAT CLEAR CLUMPING FREE LITTER PURINA UNSCENTED CATS#TIDY,PURINA TIDY CATS FREE & CLEAN UNSCENTED CLUMPING CAT LITTER,GROCERY,2,8
1676,20903,ACTION CAT INSTANT LITTER PURINA SCOOPABLE CATS#TIDY,PURINA TIDY CATS INSTANT ACTION SCOOPABLE CAT LITTER,GROCERY,1,6
1677,20905,DOG FUN GOOD N STICK TREATS,GOOD 'N' FUN DOG TREAT STICKS,GROCERY,1,5
1678,20906,CHEF DOG FUN GOOD N ROLLS WRAPPED,GOOD 'N' FUN WRAPPED DOG CHEW ROLLS,GROCERY,0,6
1679,20907,CARB DOG EXTRA LARGE PADS PET SUPER TRAINING,SUPER PET CARE EXTRA LARGE DOG TRAINING PADS,GROCERY,1,7
1680,21005,BAGS GALLON HEFTY SIZE SLIDER STORAGE VACUUM,HEFTY SLIDER VACUUM STORAGE BAGS GALLON SIZE,GROCERY,0,6
1681,21006,BAGS FOOD QUART SIZE STORAGE ZIPLOC,ZIPLOC FOOD STORAGE BAGS QUART SIZE,GROCERY,0,5
1682,20000,CHEESE DEL FAMILY FILLET MONTE PACK SIZE TORTELLINI,DEL MONTE CHEESE FILLED TORTELLINI FAMILY SIZE PACK,READY TO EAT & DELI,1,8
1683,20001,CHICKEN FILLING GARLIC PASTA RANA RAVIOLI ROASTED WITH,RANA RAVIOLI PASTA WITH CHICKEN & ROASTED GARLIC FILLING,READY TO EAT & DELI,1,8
1684,20002,DEL FILLING ITALIAN MONTE PASTA SAUSAGE TORTELLINI WITH,DEL MONTE TORTELLONI PASTA WITH ITALIAN SAUSAGE FILLING,READY TO EAT & DELI,1,8
1685,20003,FILLET FRESH MUSHROOM PASTA RANA RAVIOLI,RANA MUSHROOM FILLED RAVIOLI FRESH PASTA,READY TO EAT & DELI,1,6
1686,20004,DEL MONTE PASTA SAUCE BASIL#PESTO,DEL MONTE PESTO BASIL PASTA SAUCE,READY TO EAT & DELI,0,5
1687,20005,COLA CUTS DRY FRESH ITALIAN SALAMI SLICED,FRESHO ITALIAN DRY SALAMI COLD CUT SLICES,READY TO EAT & DELI,2,7
1688,20007,MOUNT MOZZARELLA OLIVES PACK READY SNACK SOPPRESSATA,MOUNT OLIVE SOPPRESSATA & MOZZARELLA READY SNACK PACK,READY TO EAT & DELI,1,5
1689,20008,ANTIPASTO ITALIAN SALAMI SELECTION TRIO VERONI,VERONI ANTIPASTO ITALIANO TRIO SALAMI SELECTION,READY TO EAT & DELI,0,2
1690,20009,GODREJ HAM PACK SMOKE VACUUM,GODREJ SMOKED HAM VACUUM PACK,READY TO EAT & DELI,1,5
1691,20011,BLOCK BRITANNIA CARAMELIZED CHEESE JACK ONION,BRITANNIA CARAMELIZED ONION JACK CHEESE BLOCK,READY TO EAT & DELI,0,5
1692,20012,ALMOND BALLS CHEDDAR CHEESE KAUKAUNA SHARP SPREAD WITH,KAUKAUNA SHARP CHEDDAR CHEESE SPREAD WITH ALMOND BALL,READY TO EAT & DELI,2,7
1693,20013,BABY BRIE CHEESE EIFFEL ROUNDS TOWER,EIFFEL TOWER BABY BRIE CHEESE ROUNDS,READY TO EAT & DELI,1,3
1694,20014,CHEESE CUBES PRIMO SWISS TAGLIO,PRIMO TAGLIO SWISS CHEESE CUBES,READY TO EAT & DELI,0,3
1695,20015,CLASSIC DEL FRESH MACARONI SALAD,CLASSIC MACARONI FRESH DELI SALAD,READY TO EAT & DELI,1,5
1696,20016,SALAD SLAW SUMMER VEGETABLE,SUMMER SLAW VEGETABLE SALAD,READY TO EAT & DELI,0,2
1697,20017,BACON BOWL CHEESE MIXED RANCH SALAD,CHEESY BACON RANCH MIXED SALAD BOWL,READY TO EAT & DELI,0,6
1698,20018,CHEESE GERRY MRS PASTA S SALAD TORTELLINI,MRS GERRY'S CHEESE TORTELLINI PASTA SALAD,READY TO EAT & DELI,0,6
1699,20019,BOWTIE CAESAR CHICKEN PASTA SALAD,CAESAR CHICKEN BOWTIE PASTA SALAD,READY TO EAT & DELI,0,4
1700,20020,LOADED POTATO SALAD SELF SERVE,LOADED POTATO SELF SERVE SALAD,READY TO EAT & DELI,0,5
1701,20021,GERRY MRS PASTA ROTELLI S SALAD SELF SERVE,MRS GERRY'S ROTELLI PASTA SELF SERVE SALAD,READY TO EAT & DELI,0,6
1702,20022,DEVILED EGGS MACARONI SALAD SELF SERVE,DEVILED EGG MACARONI SELF SERVE SALAD,READY TO EAT & DELI,0,5
1703,20023,CLASSIC POTATO SALAD SIGNATURE,SIGNATURE CLASSIC POTATO SALAD,READY TO EAT & DELI,0,4
1704,20024,CLASSIC ORIGINAL POTATO SALAD,ORIGINAL CLASSIC POTATO SALAD,READY TO EAT & DELI,1,4
1705,20025,BUNS BURGER COUNTRY SLICED SLIDER GOLD#HARVEST,HARVEST GOLD SLICED SLIDER BURGER BUNS 9 COUNT,READY TO EAT & DELI,0,6
1706,20026,COUNTRY DINNER ORIGINAL ROLLS SWEET GOLD#HARVEST,HARVEST GOLD ORIGINAL SWEET DINNER ROLLS 24 COUNT,READY TO EAT & DELI,2,6
1707,20027,CRISPY EVERYTHING FLAVOUR NAAN STONEFIRE,STONEFIRE EVERYTHING FLAVOUR NAAN CRISPS,READY TO EAT & DELI,1,5
1708,20028,DIPPERS NAAN ORIGINAL STONEFIRE,STONEFIRE ORIGINAL NAAN DIPPERS,READY TO EAT & DELI,1,4
1709,20029,BUTTER DINNER ROLLS SAVOURY GOLD#HARVEST,HARVEST GOLD SAVOURY BUTTER DINNER ROLLS,READY TO EAT & DELI,1,5
1710,20030,CLUB FRESH SANDWICH SNACK TRAP,FRESH CLUB SANDWICH SNACK TRAY,READY TO EAT & DELI,1,4
1711,20032,CROISSANT FRESH SANDWICH SNACK TRAP,FRESH CROISSANT SANDWICH SNACK TRAY,READY TO EAT & DELI,1,5
1712,20033,ASSORTED PARTY SNACK TRAP,ASSORTED SNACK PARTY TRAY,READY TO EAT & DELI,0,4
1713,20034,FRESH FRUIT INCH MIXED TRAP,FRESH MIXED FRUIT TRAY 16 INCH,READY TO EAT & DELI,1,5
1714,20035,CHEESE CHICKEN FRESH PACK SALAD SNACK WITH,FRESH CHICKEN SALAD WITH CHEESE SNACK PACK,READY TO EAT & DELI,3,7
1715,20036,CLASSIC HUMMUS PACK SNACK,CLASSIC HUMMUS SNACK PACK,READY TO EAT & DELI,1,4
1716,20037,CREAMY DIP PACK SNACK SPINACH,CREAMY SPINACH DIP SNACK PACK,READY TO EAT & DELI,2,5
1717,20038,AND CHEESE FRESH PACK SNACK TUNA,FRESH TUNA AND CHEESE SNACK PACK,READY TO EAT & DELI,2,6
1718,20040,CLASSIC CRISPY HUMMUS PRETZEL VEEBA WITH,VEEBA CLASSIC HUMMUS WITH PRETZEL CRISPS,READY TO EAT & DELI,1,6
1719,20041,ARTICHOKE CREAMY DIP JALAPENO SELECT SIGNATURE,SIGNATURE SELECT ARTICHOKE JALAPENO CREAMY DIP,READY TO EAT & DELI,1,6
1720,20042,HUMMUS PEPPERS SELECT SIGNATURE SPICY THREE,SIGNATURE SELECT SPICY THREE PEPPER HUMMUS,READY TO EAT & DELI,0,6
1721,20043,AND FIRE ROASTED SALT SMOKY SWEET VEEBA,VEEBA FIRE ROASTED SWEET AND SMOKY SALSA,READY TO EAT & DELI,3,7
1722,20044,CLASSIC DIP HUMMUS WINGREENS,WINGREENS CLASSIC HUMMUS DIP,READY TO EAT & DELI,0,4
1723,20045,BRITANNIA CRACKERS TRADITIONAL WATER,BRITANNIA TRADITIONAL WATER CRACKERS,READY TO EAT & DELI,1,4
1724,20046,CHIPS PITA SALTED SIMPLY TOO#YUMM,TOO YUMM SIMPLY SALTED PITA CHIPS,READY TO EAT & DELI,0,5
1725,20047,CRISPY ORIGINAL PRETZEL TOO#YUMM,TOO YUMM ORIGINAL PRETZEL CRISPS,READY TO EAT & DELI,1,4
1726,20048,CHIPS RESTAURANT SELECT SIGNATURE STYLE TORTILLA,SIGNATURE SELECT RESTAURANT STYLE TORTILLA CHIPS,READY TO EAT & DELI,0,5
1727,20049,BRITANNIA CRACKERS MINT TOASTED,BRITANNIA MINI TOAST CRACKERS,READY TO EAT & DELI,1,4
1728,20050,COUPON DEL DISCOUNT STORE,DELI STORE DISCOUNT COUPON,READY TO EAT & DELI,0,4
1729,20190,APPLE FRESH FUJI LARGE,FRESH FUJI APPLES LARGE,PRODUCE,2,3
1730,20191,APPLE FRESH LADY LARGE PINK,FRESH PINK LADY APPLES LARGE,PRODUCE,2,5
1731,20192,APPLE FRESH LARGE GRANNY#SMITH,FRESH GRANNY SMITH APPLES LARGE,PRODUCE,2,4
1732,20193,APPLE FRESH SUGARBEE,FRESH SUGARBEE APPLES,PRODUCE,2,3
1733,20194,APPLE COSMIC CRISPY FRESH,FRESH COSMIC CRISP APPLES,PRODUCE,2,4
1734,20195,AVOCADO BAGS HASS PACK SELECT SIGNATURE,SIGNATURE SELECT HASS AVOCADOS BAG PACK,PRODUCE,1,6
1735,20196,AVOCADO FRESH HASS MEDIUM,FRESH HASS AVOCADOS MEDIUM,PRODUCE,1,4
1736,20197,AVOCADO FRESH HASS LARGE,FRESH HASS AVOCADOS LARGE,PRODUCE,1,4
1737,20198,AVOCADO HASS LARGE PREMIUM,PREMIUM HASS AVOCADOS LARGE,PRODUCE,0,4
1738,20199,AVOCADO FARM FRESH HASS LARGE,FARM FRESH HASS AVOCADOS LARGE,PRODUCE,1,5
1739,20200,BANANA FRESH PLANTAIN RAW,FRESH RAW PLANTAIN BANANAS,PRODUCE,1,3
1740,20201,BANANA ECONOMY FRESH PACK,FRESH BANANAS ECONOMY PACK,PRODUCE,2,3
1741,20202,BANANA FRESH RED,FRESH RED BANANAS,PRODUCE,2,3
1742,20203,BANANA FRESH ORGANIC,ORGANIC FRESH BANANAS,PRODUCE,1,3
1743,20204,BANANA FRESH GREEN,FRESH GREEN BANANAS,PRODUCE,1,3
1744,20205,FRESH LB PACK STRAWBERRY,FRESH STRAWBERRIES 2 LB PACK,PRODUCE,3,3
1745,20206,BLACKBERRY FRESH ORGANIC OUNCE PACK,ORGANIC FRESH BLACKBERRIES 6 OUNCE PACK,PRODUCE,2,5
1746,20207,BLUEBERRY FRESH JUMBO,FRESH JUMBO BLUEBERRIES,PRODUCE,1,3
1747,20208,FRESH LB PACK STRAWBERRY,FRESH STRAWBERRIES 2 LB PACK,PRODUCE,3,3
1748,20209,BLUEBERRY JUMBO PREMIUM,PREMIUM JUMBO BLUEBERRIES,PRODUCE,0,3
1749,20210,FRESH MEDIUM NAVEL#ORANGES,FRESH NAVEL ORANGES MEDIUM,PRODUCE,1,3
1750,20211,FRESH GRAPEFRUIT LARGE RED,FRESH RED GRAPEFRUIT LARGE,PRODUCE,2,4
1751,20212,GRAPEFRUIT LARGE PREMIUM RED,PREMIUM RED GRAPEFRUIT LARGE,PRODUCE,1,4
1752,20213,FRESH LARGE NAVEL#ORANGES,FRESH LARGE NAVEL ORANGES,PRODUCE,1,3
1753,20214,BAGS ORGANIC PACK NAVEL#ORANGES,ORGANIC NAVEL ORANGES BAG PACK,PRODUCE,1,4
1754,20215,FRESH GRAPES GREEN SEEDLESS,FRESH GREEN SEEDLESS GRAPES,PRODUCE,1,4
1755,20216,GRAPES RED SEEDLESS SELECT SIGNATURE,SIGNATURE SELECT RED SEEDLESS GRAPES,PRODUCE,1,5
1756,20217,BLACK FRESH GRAPES SEEDLESS,FRESH BLACK SEEDLESS GRAPES,PRODUCE,2,4
1757,20218,GRAPES PREMIUM RED SEEDLESS,PREMIUM RED SEEDLESS GRAPES,PRODUCE,1,4
1758,20219,FARM FRESH GRAPES RED SEEDLESS,FARM FRESH RED SEEDLESS GRAPES,PRODUCE,2,5
1759,20220,FRESH RED SEEDLESS WATERMELON,FRESH RED SEEDLESS WATERMELON,PRODUCE,2,4
1760,20221,FRESH HONEYDEW#MELON,FRESH HONEYDEW MELON,PRODUCE,1,2
1761,20222,PREMIUM HONEYDEW#MELON,PREMIUM HONEYDEW MELON,PRODUCE,0,2
1762,20223,FARM FRESH HONEYDEW#MELON,FARM FRESH HONEYDEW MELON,PRODUCE,1,3
1763,20224,FRESH RED SEEDLESS WATERMELON,FRESH SEEDLESS RED WATERMELON,PRODUCE,2,4
1764,20226,BARTLETT LARGE PEARL,LARGE BARTLETT PEARS,PRODUCE,0,3
1765,20227,ANJOU D FRESH PEARL RIPE,FRESH RIPE D'ANJOU PEARS,PRODUCE,2,4
1766,20228,BARTLETT FARM FRESH PEARL,FARM FRESH BARTLETT PEARS,PRODUCE,1,4
1767,20229,ANJOU D FRESH PEARL RIPE,FRESH RIPE D'ANJOU PEARS,PRODUCE,2,4
1768,20230,FRESH LARGE PEACH YELLOW,FRESH LARGE YELLOW PEACHES,PRODUCE,2,4
1769,20231,LARGE PEACH PREMIUM,PREMIUM LARGE PEACHES,PRODUCE,1,3
1770,20232,FRESH LARGE PEACH YELLOW,FRESH LARGE YELLOW PEACHES,PRODUCE,2,4
1771,20233,FRESH PEACH WHITE,FRESH WHITE PEACHES,PRODUCE,3,3
1772,20234,BLACK FRESH PLUMS,FRESH BLACK PLUMS,PRODUCE,2,3
1773,20235,FRUIT GOLD KIWI PREMIUM,PREMIUM GOLD KIWI FRUIT,PRODUCE,0,4
1774,20236,CLAMSHELL FRUIT GREEN KIWI ORGANIC PACK,ORGANIC GREEN KIWI FRUIT CLAMSHELL PACK,PRODUCE,1,6
1775,20237,CLAMSHELL FRESH FRUIT KIWI PACK,FRESH KIWI FRUIT CLAMSHELL PACK,PRODUCE,2,5
1776,20238,FRESH POMEGRANATES,FRESH POMEGRANATES,PRODUCE,1,2
1777,20239,CHERIMOYA FRESH FRUIT,FRESH CHERIMOYA FRUIT,PRODUCE,1,2
1778,20240,FRESH ORGANIC PINEAPPLE,ORGANIC FRESH PINEAPPLE,PRODUCE,1,3
1779,20241,GOLD PINEAPPLE PREMIUM,PREMIUM GOLD PINEAPPLE,PRODUCE,0,3
1780,20242,DEL MONTE PINEAPPLE PINKGLOW PREMIUM,DEL MONTE PINKGLOW PREMIUM PINEAPPLE,PRODUCE,0,4
1781,20243,FRESH GOLD PINEAPPLE,FRESH GOLD PINEAPPLE,PRODUCE,1,3
1782,20244,FARM FRESH GOLD PINEAPPLE,FARM FRESH GOLD PINEAPPLE,PRODUCE,1,4
1783,20245,CHERRIES PREMIUM RAINIER,PREMIUM RAINIER CHERRIES,PRODUCE,0,3
1784,20246,CHERRIES FRESH RAINIER,FRESH RAINIER CHERRIES,PRODUCE,1,3
1785,20248,CHERRIES FRESH RED SWEET,FRESH SWEET RED CHERRIES,PRODUCE,3,4
1786,20249,CHERRIES PREMIUM RAINIER,PREMIUM RAINIER CHERRIES,PRODUCE,0,3
1787,20250,ORGANIC BUTTERNUT#SQUASH,ORGANIC BUTTERNUT SQUASH,PRODUCE,0,2
1788,20251,FRESH ORGANIC BUTTERNUT#SQUASH,FRESH ORGANIC BUTTERNUT SQUASH,PRODUCE,1,3
1789,20252,BEETROOT BUNCH FRESH ORGANIC,ORGANIC FRESH BUNCHED BEETROOTS,PRODUCE,1,4
1790,20253,FRESH GREEN KALE ORGANIC,ORGANIC FRESH KALE GREENS,PRODUCE,1,4
1791,20254,BABY BROCCOLI FRESH,FRESH BABY BROCCOLI,PRODUCE,2,3
1792,20255,BAGS CHRISTOPHER GARLIC PEELED RANCH,CHRISTOPHER RANCH PEELED GARLIC BAG,PRODUCE,0,5
1793,20256,GARLIC INDIA JAR MINCE ORGANIC,ORGANIC INDIA MINCED GARLIC JAR,PRODUCE,0,5
1794,20257,BOTTLE GARLIC MINCE SPICY SQUEEZE WORLD,SPICE WORLD MINCED GARLIC SQUEEZE BOTTLE,PRODUCE,1,6
1795,20258,ELEPHANT FRESH GARLIC,FRESH ELEPHANT GARLIC,PRODUCE,1,2
1796,20259,BULBS FRESH GARLIC SMALL,FRESH SMALL GARLIC BULBS,PRODUCE,1,4
1797,20260,CUCUMBERS ENGLISH LONG ORGANIC,ORGANIC LONG ENGLISH CUCUMBERS,PRODUCE,0,4
1798,20261,LETTUCE ORGANIC ROMAINE,ORGANIC ROMAINE LETTUCE,PRODUCE,0,2
1799,20262,CUCUMBERS FRESH ORGANIC,ORGANIC FRESH CUCUMBERS,PRODUCE,1,3
1800,20263,CUCUMBERS ENGLISH HOT HOUSE LONG ORGANIC,ORGANIC LONG ENGLISH HOT HOUSE CUCUMBERS,PRODUCE,1,6
1801,20264,BUTTER FARM HYDROPONIC LETTUCE SIGNATURE,SIGNATURE FARMS HYDROPONIC BUTTER LETTUCE,PRODUCE,1,5
1802,20265,FARM HALVES SIGNATURE SUNDRIED TOMATO,SIGNATURE FARMS SUNDRIED TOMATO HALVES,PRODUCE,0,4
1803,20266,CHRISTOPHER GINGER JAR PASTA RANCH,CHRISTOPHER RANCH GINGER PASTE JAR,PRODUCE,0,5
1804,20267,EASY ONION PASTA SPICY WORLD,SPICE WORLD EASY ONION PASTE,PRODUCE,0,5
1805,20268,BOTTLE GINGER PASTA SPICY SQUEEZE WORLD,SPICE WORLD GINGER PASTE SQUEEZE BOTTLE,PRODUCE,1,6
1806,20269,CHILLI CRUNCHY MIX ONION SPICY WORLD,SPICE WORLD CHILI ONION CRUNCH MIX,PRODUCE,0,6
1807,20270,ASPARAGUS FRESH GREEN,FRESH GREEN ASPARAGUS,PRODUCE,1,3
1808,20271,ASPARAGUS GREEN PREMIUM,PREMIUM GREEN ASPARAGUS,PRODUCE,0,3
1809,20272,ASPARAGUS FARM FRESH GREEN,FARM FRESH GREEN ASPARAGUS,PRODUCE,1,4
1810,20273,ASPARAGUS FRESH GREEN TENDER,FRESH TENDER GREEN ASPARAGUS,PRODUCE,1,4
1811,20274,ASPARAGUS FRESH GREEN PREMIUM,PREMIUM FRESH GREEN ASPARAGUS,PRODUCE,1,4
1812,20275,BROCCOLI CROWNS FRESH,FRESH BROCCOLI CROWNS,PRODUCE,1,2
1813,20276,BROCCOLI BUNCH FARM SIGNATURE,SIGNATURE FARMS BROCCOLINI BUNCH,PRODUCE,0,4
1814,20277,CABBAGE FRESH RED,FRESH RED CABBAGE,PRODUCE,2,3
1815,20278,CABBAGE FRESH GREEN SAVOY,FRESH SAVOY GREEN CABBAGE,PRODUCE,1,3
1816,20279,CABBAGE FRESH GREEN,FRESH GREEN CABBAGE,PRODUCE,1,3
1817,20280,CORN FRESH SWEET YELLOW,FRESH YELLOW SWEET CORN,PRODUCE,2,4
1818,20281,CORN FRESH SWEET WHITE,FRESH WHITE SWEET CORN,PRODUCE,3,4
1819,20282,FRESH TOMATILLOS,FRESH TOMATILLOS,PRODUCE,1,1
1820,20283,DAIKON FRESH RADISH,FRESH DAIKON RADISH,PRODUCE,1,2
1821,20284,FRESH GINGER ROOT,FRESH GINGER ROOT,PRODUCE,1,3
1822,20285,ALOE FRESH LEAVES VERA,FRESH ALOE VERA LEAVES,PRODUCE,3,4
1823,20286,FRESH BOK#CHOY,FRESH BOK CHOY,PRODUCE,1,2
1824,20287,ITALIAN ORGANIC PARSLEY,ORGANIC ITALIAN PARSLEY,PRODUCE,0,3
1825,20288,BUNCH FRESH ITALIAN PARSLEY,FRESH ITALIAN PARSLEY BUNCH,PRODUCE,1,4
1826,20289,CORIANDER FRESH LEAVES ORGANIC,ORGANIC FRESH CORIANDER LEAVES,PRODUCE,1,4
1827,20290,CORIANDER FRESH INDIA LEAVES ORGANIC,ORGANIC INDIA FRESH CORIANDER LEAVES,PRODUCE,1,5
1828,20291,BAY INDIA LEAVES ORGANIC PACK,ORGANIC INDIA BAY LEAVES PACK,PRODUCE,2,5
1829,20292,FRESH MUSHROOM OYSTER,FRESH OYSTER MUSHROOMS,PRODUCE,1,2
1830,20293,BABY BELLY INDIA MUSHROOM ORGANIC OUNCE PACK SLICED,ORGANIC INDIA SLICED BABY BELLA MUSHROOMS 8 OUNCE PACK,PRODUCE,2,8
1831,20294,CRIMINI FRESH MUSHROOM WHOLE,FRESH WHOLE CRIMINI MUSHROOMS,PRODUCE,1,3
1832,20295,MUSHROOM PORTOBELLO SELECT SIGNATURE WHOLE,SIGNATURE SELECT WHOLE PORTOBELLO MUSHROOMS,PRODUCE,0,5
1833,20296,BUTTON FRESH LARGE MUSHROOM WHITE,FRESH LARGE WHITE BUTTON MUSHROOMS,PRODUCE,2,5
1834,20297,JUMBO ONION ORGANIC YELLOW,ORGANIC JUMBO YELLOW ONIONS,PRODUCE,0,4
1835,20298,FRESH JUMBO ONION ORGANIC YELLOW,FRESH ORGANIC JUMBO YELLOW ONIONS,PRODUCE,1,5
1836,20299,LOOSE ONION ORGANIC RED,ORGANIC RED ONION LOOSE,PRODUCE,1,4
1837,20300,LOOSE ONION SWEET YELLOW,SWEET YELLOW ONION LOOSE,PRODUCE,1,4
1838,20301,LOOSE ONION YELLOW,YELLOW ONION LOOSE,PRODUCE,0,3
1839,20302,BHAVNAGRI CHILLI FRESH GREEN LOOSE,FRESH BHAVNAGRI GREEN CHILLI LOOSE,PRODUCE,1,4
1840,20303,CAPSICUM GREEN LOOSE ORGANIC,ORGANIC GREEN CAPSICUM LOOSE,PRODUCE,0,4
1841,20304,CAPSICUM LOOSE RED,RED CAPSICUM LOOSE,PRODUCE,1,3
1842,20305,CAPSICUM LOOSE ORGANIC RED,ORGANIC RED CAPSICUM LOOSE,PRODUCE,1,4
1843,20306,CAPSICUM MINT ORGANIC PACK SWEET,ORGANIC SWEET MINI CAPSICUM PACK,PRODUCE,3,5
1844,20307,BABY GOLDEN PACK POTATO,BABY GOLDEN POTATO PACK,PRODUCE,2,4
1845,20308,BABY PACK POTATO RED,BABY RED POTATO PACK,PRODUCE,3,4
1846,20309,LOOSE ORANGE ORGANIC POTATO SWEET,ORGANIC ORANGE SWEET POTATO LOOSE,PRODUCE,1,5
1847,20310,BABY ORGANIC PACK POTATO RED,ORGANIC BABY RED POTATO PACK,PRODUCE,3,5
1848,20311,ORGANIC PACK POTATO SWEET,ORGANIC SWEET POTATO PACK,PRODUCE,2,4
1849,20312,LOOSE PUMPKIN RED,RED PUMPKIN LOOSE,PRODUCE,1,3
1850,20313,GREEN LOOSE PUMPKIN,GREEN PUMPKIN LOOSE,PRODUCE,0,3
1851,20314,KADDU LOOSE PUMPKIN,KADDU PUMPKIN LOOSE,PRODUCE,0,2
1852,20315,LOOSE PUMPKIN RED,RED PUMPKIN LOOSE,PRODUCE,1,3
1853,20316,FRESH LOOSE PUMPKIN,FRESH PUMPKIN LOOSE,PRODUCE,1,3
1854,20317,HYDROPONIC LARGE LOOSE TOMATO,HYDROPONIC TOMATO LARGE LOOSE,PRODUCE,0,4
1855,20318,HYDROPONIC LARGE LOOSE TOMATO,HYDROPONIC TOMATO LARGE LOOSE,PRODUCE,0,4
1856,20320,LARGE LOOSE RIPE TOMATO VINE,VINE RIPE TOMATO LARGE LOOSE,PRODUCE,0,5
1857,20321,CLUSTER LOOSE TOMATO VINE,VINE CLUSTER TOMATO LOOSE,PRODUCE,0,4
1858,20322,CAESAR FRESH KIT PACK SALAD SIMPLY,SIMPLY FRESH CAESAR SALAD KIT PACK,PRODUCE,3,6
1859,20323,BABY LEAF MIX PACK SALAD SPRING,BABY LEAF SPRING MIX SALAD PACK,PRODUCE,2,6
1860,20324,COLESLAW CUTS FRESH MIX PACK VEGETABLE,FRESH CUT COLESLAW VEGETABLE MIX PACK,PRODUCE,2,6
1861,20325,FRESH HERB MIX ORGANIC PACK SALAD,ORGANIC FRESH HERB SALAD MIX PACK,PRODUCE,2,6
1862,20326,AND ARUGULA LETTUCE MIX ORGANIC PACK RED,ORGANIC RED LETTUCE AND ARUGULA MIX PACK,PRODUCE,2,6
1863,20327,MEDLEY MIXED PACK VEGETABLE,MIXED VEGETABLE MEDLEY PACK,PRODUCE,1,4
1864,20328,BROCCOLI FAMILY FLORETS PACK,BROCCOLI FLORETS FAMILY PACK,PRODUCE,1,4
1865,20329,CUBES CUTS FRESH PACK PUMPKIN,FRESH CUT PUMPKIN CUBES PACK,PRODUCE,2,5
1866,20330,FAMILY MEDLEY PACK VEGETABLE,VEGETABLE MEDLEY FAMILY PACK,PRODUCE,1,4
1867,20331,CAULIFLOWER FAMILY FLORETS PACK,CAULIFLOWER FLORETS FAMILY PACK,PRODUCE,1,4
1868,20332,FRESH MIXED MOON PACK SPROUTED,FRESH MIXED MOONG SPROUTS PACK,PRODUCE,2,5
1869,20333,FRESH HEALTH MIXED PACK SPROUTED,FRESH HEALTHY MIXED SPROUTS PACK,PRODUCE,2,5
1870,20334,BEANS FRESH MOON PACK SPROUTED,FRESH MOONG BEAN SPROUTS PACK,PRODUCE,2,5
1871,20335,FRESH GRAM GREEN PACK SPROUTED,FRESH GREEN GRAM SPROUTS PACK,PRODUCE,2,5
1872,20336,FRESH MOON PACK SPROUTED,FRESH MOONG SPROUTS PACK,PRODUCE,2,4
1873,20337,ARILS CUP FRESH GRAM POMEGRANATES,FRESH POMEGRANATE ARILS CUP 200 GRAM,PRODUCE,1,4
1874,20338,CUP DEL FRUIT GRAPEFRUIT IN LIGHT MONTE RED SYRUP,DEL MONTE RED GRAPEFRUIT FRUIT CUP IN LIGHT SYRUP,PRODUCE,3,8
1875,20339,CUP DEL FRUIT IN LIGHT MARINARA MONTE ORANGE SYRUP,DEL MONTE MANDARIN ORANGE FRUIT CUP IN LIGHT SYRUP,PRODUCE,2,8
1876,20340,APPLE FRESH PACK SLICED SNACK SWEET,FRESH SWEET APPLE SLICES SNACK PACK,PRODUCE,4,6
1877,20341,CUP DEL FRUIT IN JUICE MIXED MONTE PACK,DEL MONTE MIXED FRUIT CUP IN JUICE PACK,PRODUCE,2,7
1878,20342,COATED PACK PRETZEL YOGURT,YOGURT COATED PRETZELS PACK,PRODUCE,1,4
1879,20343,CUP FRUIT MIXED SNACK BOAT#PAPER,PAPER BOAT MIXED FRUIT SNACK CUP,PRODUCE,0,5
1880,20344,AND PACK PEANUT ROASTED SALTED,ROASTED AND SALTED PEANUTS PACK,PRODUCE,1,5
1881,20345,BARBECUE NO PACK WONDERFUL PISTACHIOS#SHELL,WONDERFUL BARBECUE PISTACHIOS NO SHELL PACK,PRODUCE,1,3
1882,20346,AND IN PACK ROASTED SALTED PISTACHIOS#SHELL,ROASTED AND SALTED PISTACHIOS IN SHELL PACK,PRODUCE,2,5
1883,20347,BAR BUTTER GRAM MAX PACK PEANUT PROTEIN RITEBITE,RITEBITE MAX PROTEIN PEANUT BUTTER BAR 50 GRAM PACK,PRODUCE,3,8
1884,20348,BAR BUTTER GRAM PACK PEANUT PROTEIN YOGA,YOGA BAR PEANUT BUTTER PROTEIN BAR 60 GRAM PACK,PRODUCE,2,7
1885,20349,BANANA BERRY FARM GRAM PACK SLURRP POUCH#PUREE,SLURRP FARM BANANA BERRY PUREE POUCH 90 GRAM PACK,PRODUCE,2,7
1886,20350,BAR COCONUT GRAM PACK PROTEIN YOGA,YOGA BAR COCONUT PROTEIN BAR 50 GRAM PACK,PRODUCE,2,6
1887,20351,BAR BUTTER GRAM MAX PACK PEANUT PROTEIN RITEBITE,RITEBITE MAX PROTEIN PEANUT BUTTER BAR 50 GRAM PACK,PRODUCE,3,8
1888,20352,CUBES EAT FRESH PACK WATERMELON READY#TO,FRESH WATERMELON CUBES READY TO EAT PACK,PRODUCE,2,6
1889,20353,CUP EPIGAMIA GRAM PACK STRAWBERRY YOGURT,EPIGAMIA STRAWBERRY YOGURT CUP 90 GRAM PACK,PRODUCE,2,6
1890,20354,AND BOX CHEESE FRESH FRUIT PACK SNACK,FRESH FRUIT AND CHEESE SNACK BOX PACK,PRODUCE,2,7
1891,20355,DIP GRAM JAR MEXICAN SALT VEEBA,VEEBA MEXICAN SALSA DIP 250 GRAM JAR,PRODUCE,1,6
1892,20356,DIP FRESH PACK SNACK VEGGIE WITH,FRESH VEGGIE SNACK PACK WITH DIP,PRODUCE,3,5
1893,20357,DRIED FAMILY HAPPILO MANGO PACK SLICED,HAPPILO DRIED MANGO SLICES FAMILY PACK,PRODUCE,1,6
1894,20358,COATED MAID PACK RAISIN SUN YOGURT,SUN-MAID YOGURT COATED RAISINS PACK,PRODUCE,2,5
1895,20359,CRANBERRY DRIED HAPPILO PACK,HAPPILO DRIED CRANBERRIES PACK,PRODUCE,1,4
1896,20360,DRIED HAPPILO MANGO PACK SLICED,HAPPILO DRIED MANGO SLICES PACK,PRODUCE,1,5
1897,20361,CANISTER PACK PRUNES SEEDLESS SUNSWEET,SUNSWEET SEEDLESS PRUNES CANISTER PACK,PRODUCE,1,3
1898,20362,CHOCOLATE DIP PACK VEEBA,VEEBA CHOCOLATE DIP PACK,PRODUCE,1,4
1899,20363,BOTTLE CARAMEL DESSERT GRAM TOPPINGS VEEBA,VEEBA CARAMEL DESSERT TOPPING 250 GRAM BOTTLE,PRODUCE,1,6
1900,20364,CLASSIC DIP GRAM HUMMUS TUB FARMS#WINGREENS,WINGREENS FARMS CLASSIC HUMMUS DIP 150 GRAM TUB,PRODUCE,0,6
1901,20365,DIP GRAM HUMMUS PEPPERS RED ROASTED TUB FARMS#WINGREENS,WINGREENS FARMS ROASTED RED PEPPER HUMMUS DIP 150 GRAM TUB,PRODUCE,1,8
1902,20366,CHEESE DIP GRAM JALAPENO PACK FARMS#WINGREENS,WINGREENS FARMS CHEESY JALAPENO DIP 150 GRAM PACK,PRODUCE,1,6
1903,20367,MOMOS PACK PRASUMA SHEETS WRAPPED,PRASUMA MOMOS WRAPPER SHEETS PACK,PRODUCE,1,4
1904,20368,HOME PACK PASTRY ROLLS SPRING,SPRING HOME SPRING ROLL PASTRY PACK,PRODUCE,1,4
1905,20369,BOMBUCHA GM ORIGINAL SAUERKRAUT,BOMBUCHA ORIGINAL SAUERKRAUT 450GM,PRODUCE,1,2
1906,20370,CABBAGE COMPANY FERMENTED JAR KIMCHI THE,THE KIMCHI COMPANY KIMCHI FERMENTED CABBAGE JAR,PRODUCE,1,3
1907,20371,GRAM JAR PACK PLATES SAUERKRAUT URBAN,URBAN PLATTER SAUERKRAUT JAR 350 GRAM PACK,PRODUCE,1,6
1908,20372,GINGER IMMUNITY LEMON ML PRESERVED RAW SHOT,RAW PRESSERY GINGER LEMON IMMUNITY SHOT 60 ML,PRODUCE,1,6
1909,20373,ATMOSPHERE BOTTLE DRINK KOMBUCHA ML ORIGINAL,ATMOSPHERE ORIGINAL KOMBUCHA DRINK 300 ML BOTTLE,PRODUCE,2,5
1910,20374,CANS COCOA DE DRINK NATA SPARKLING BOAT#PAPER,PAPER BOAT NATA DE COCO SPARKLING DRINK CAN,PRODUCE,2,5
1911,20375,BLAST BLUEBERRY BOTTLE JUICE ML PRESERVED RAW,RAW PRESSERY BLUEBERRY BLAST JUICE 250 ML BOTTLE,PRODUCE,1,5
1912,20376,ATMOSPHERE BERRY CANS DRINK KOMBUCHA ML,ATMOSPHERE BERRY KOMBUCHA DRINK 300 ML CAN,PRODUCE,1,5
1913,20377,CAESAR CROUTONS GARLIC GRAM PACK VEEBA,VEEBA CAESAR GARLIC CROUTONS 100 GRAM PACK,PRODUCE,1,6
1914,20378,BUTTER CROUTONS GARLIC GRAM PACK WINGREENS,WINGREENS BUTTER GARLIC CROUTONS 100 GRAM PACK,PRODUCE,2,6
1915,20379,CROUTONS FRESH GARLIC HERB INDYA SIGNATURE,INDYA FRESHO SIGNATURE GARLIC HERB CROUTON,PRODUCE,1,5
1916,20380,CROSTINI G HERBED SORRENTINA,SORRENTINA HERBED CROSTINI 90 G,PRODUCE,0,1
1917,20381,BITE CROUTONS FRESH G PAPRIKA SIGNATURE SPICY,FRESHO! SIGNATURE SPICY PAPRIKA CROUTONS BITES 100 G,PRODUCE,1,6
1918,20382,BOTTLE COLESLAW DRESSING GRAM VEEBA,VEEBA COLESLAW DRESSING 300 GRAM BOTTLE,PRODUCE,1,5
1919,20383,ASIAN BOTTLE CHILLI DRESSING GRAM SALAD VEEBA,VEEBA ASIAN CHILLI SALAD DRESSING 250 GRAM BOTTLE,PRODUCE,1,7
1920,20384,BOTTLE DRESSING GRAM ISLAND THOUSAND VEEBA,VEEBA THOUSAND ISLAND DRESSING 300 GRAM BOTTLE,PRODUCE,1,4
1921,20385,BOTTLE DRESSING FRENCH GRAM SALAD SWEET VEEBA,VEEBA SWEET FRENCH SALAD DRESSING 300 GRAM BOTTLE,PRODUCE,2,7
1922,20386,BOTTLE DRESSING GRAM ITALIAN VEEBA VINAIGRETTE,VEEBA ITALIAN VINAIGRETTE DRESSING 250 GRAM BOTTLE,PRODUCE,1,6
1923,20387,BOTTLE JUICE LIME ML ORGANIC SICILIA,SICILIA ORGANIC LIME JUICE 200 ML BOTTLE,PRODUCE,2,4
1924,20388,BAKER CAKES FRUIT GRAM MIX PACK S,BAKER'S FRUIT CAKE MIX 250 GRAM PACK,PRODUCE,1,6
1925,20389,BAKER CANDIED GRAM ORANGE PACK PEE S,BAKER'S CANDIED ORANGE PEEL 100 GRAM PACK,PRODUCE,1,4
1926,20390,CHERRIES DEL GLAZED GRAM MONTE PACK RED,DEL MONTE GLAZED RED CHERRIES 100 GRAM PACK,PRODUCE,2,7
1927,20391,CORNMEAL GRAM PACK PLATES POLENTA URBAN,URBAN PLATTER POLENTA CORNMEAL 500 GRAM PACK,PRODUCE,1,6
1928,20392,GRAM HERB MIX PACK PLATES POLENTA URBAN,URBAN PLATTER HERB POLENTA MIX 250 GRAM PACK,PRODUCE,1,7
1929,20528,BUNS BURGER PACK PIECES WHEAT WHOLE GOLD#HARVEST,HARVEST GOLD WHOLE WHEAT BURGER BUNS 4 PIECES PACK,BAKERY PKGD OUTSIDE,1,7
1930,20542,BRITANNIA CAKES COCOA CREMA PACK,BRITANNIA CHOCO CREME CAKE PACK,BAKERY PKGD OUTSIDE,1,5
1931,20541,CAKES DEBBIE LITTLE PACK SNACK VANILLA,LITTLE DEBBIE VANILLA SNACK CAKES PACK,BAKERY PKGD OUTSIDE,2,6
1932,20539,CAKES DEBBIE LITTLE PACK SNACK STRAWBERRY,LITTLE DEBBIE STRAWBERRY SNACK CAKES PACK,BAKERY PKGD OUTSIDE,2,6
1933,20549,BLUEBERRY MONGINIS MUFFIN PACK,MONGINIS BLUEBERRY MUFFIN PACK,BAKERY PKGD OUTSIDE,1,4
1934,20551,CHIPS CHOCOLATE MONGINIS MUFFIN PACK,MONGINIS CHOCOLATE CHIP MUFFIN PACK,BAKERY PKGD OUTSIDE,1,5
1935,20548,ASSORTED BOX DONUT DONUT PACK PIECES MAD#OVER,MAD OVER DONUTS ASSORTED DONUT BOX 6 PIECES PACK,BAKERY PKGD OUTSIDE,1,7
1936,20537,BRITANNIA CROISSANT PACK TREATS VANILLA,BRITANNIA TREAT CROISSANT VANILLA PACK,BAKERY PKGD OUTSIDE,2,5
1937,20524,BREAD GRAM MILD PACK GOLD#HARVEST,HARVEST GOLD MILK BREAD 400 GRAM PACK,BAKERY PKGD OUTSIDE,1,5
1938,20525,BREAD GRAM MODERN MULTIGRAIN PACK,MODERN MULTIGRAIN BREAD 400 GRAM PACK,BAKERY PKGD OUTSIDE,1,5
1939,20518,ENGLISH MUFFIN OVEN PACK,ENGLISH OVEN ENGLISH MUFFINS PACK,BAKERY PKGD OUTSIDE,1,4
1940,20521,ENGLISH MUFFIN OVEN PACK WHEAT WHOLE,ENGLISH OVEN WHOLE WHEAT ENGLISH MUFFINS PACK,BAKERY PKGD OUTSIDE,1,6
1941,20529,BAKER BUNS BURGER DOZEN MULTIGRAIN PACK S THE,THE BAKER'S DOZEN MULTIGRAIN BURGER BUNS PACK,BAKERY PKGD OUTSIDE,2,7
1942,20531,BAKER BUNS BURGER DOZEN PACK S SOURDOUGH THE,THE BAKER'S DOZEN SOURDOUGH BURGER BUNS PACK,BAKERY PKGD OUTSIDE,2,7
1943,20519,BAGELS BAKER DOZEN PACK PLAIN S THE,THE BAKER'S DOZEN PLAIN BAGELS PACK,BAKERY PKGD OUTSIDE,2,6
1944,20550,DANISH MONGINIS PACK PASTRY,MONGINIS DANISH PASTRY PACK,BAKERY PKGD OUTSIDE,1,4
1945,20547,BRITANNIA CAKES PACK ROLLS SWISS,BRITANNIA SWISS ROLL CAKE PACK,BAKERY PKGD OUTSIDE,1,5
1946,20520,ENGLISH MUFFIN OVEN PACK WHEAT,ENGLISH OVEN WHEAT ENGLISH MUFFINS PACK,BAKERY PKGD OUTSIDE,1,5
1947,20533,CINNAMON PACK ROLLS THEOBROMA,THEOBROMA CINNAMON ROLL PACK,BAKERY PKGD OUTSIDE,1,3
1948,20532,CINNAMON DONUT PACK SUGAR MAD#OVER,MAD OVER DONUTS CINNAMON SUGAR DONUTS PACK,BAKERY PKGD OUTSIDE,2,5
1949,20534,CAKES CREAMY MONGINIS PACK SLICED,MONGINIS CREAM CAKE SLICE PACK,BAKERY PKGD OUTSIDE,2,5
1950,20540,BOX CHOCOLATE DONUT DONUT PIECES MAD#OVER,MAD OVER DONUTS CHOCOLATE DONUT BOX 6 PIECES,BAKERY PKGD OUTSIDE,0,6
1951,20522,BAKER BREAD BRIOCHE DOZEN LOAF S THE,THE BAKER'S DOZEN BRIOCHE BREAD LOAF,BAKERY PKGD OUTSIDE,1,6
1952,20523,CLASSIC ENGLISH MUFFIN OVEN PACK,ENGLISH OVEN CLASSIC ENGLISH MUFFINS PACK,BAKERY PKGD OUTSIDE,1,5
1953,20530,BAKER BREAD DOZEN LOAF PACK RYE S THE,THE BAKER'S DOZEN RYE BREAD LOAF PACK,BAKERY PKGD OUTSIDE,2,7
1954,20517,ENGLISH MUFFIN OVEN PACK WHEAT WHOLE,ENGLISH OVEN WHOLE WHEAT ENGLISH MUFFINS PACK,BAKERY PKGD OUTSIDE,1,6
1955,20526,BAKER BREAD DOZEN LOAF PACK RYE S THE,THE BAKER'S DOZEN RYE BREAD LOAF PACK,BAKERY PKGD OUTSIDE,2,7
1956,20527,CORNITOS ORIGINAL PACK TORTILLA WRAPS,CORNITOS ORIGINAL TORTILLA WRAPS PACK,BAKERY PKGD OUTSIDE,2,5
1957,20544,CAKES COCOA LAVA MONGINIS PACK,MONGINIS CHOCO LAVA CAKE PACK,BAKERY PKGD OUTSIDE,1,4
1958,20546,BRITANNIA CAKES FRUIT MULTI PACK,BRITANNIA FRUIT CAKE MULTI PACK,BAKERY PKGD OUTSIDE,2,5
1959,20545,BOX DONUT MINT PACK MAD#OVER,MAD OVER DONUTS MINI DONUTS BOX PACK,BAKERY PKGD OUTSIDE,2,5
1960,20538,BRITANNIA CAKES FRUIT MULTI PACK,BRITANNIA FRUIT CAKE MULTI PACK,BAKERY PKGD OUTSIDE,2,5
1961,20543,BRITANNIA CAKES PACK SLICED VANILLA,BRITANNIA VANILLA CAKE SLICE PACK,BAKERY PKGD OUTSIDE,2,5
1962,20536,CADBURY CAKES COCOA CHOCOBAKES LAYERED PACK,CADBURY CHOCOBAKES CHOCO LAYERED CAKES PACK,BAKERY PKGD OUTSIDE,1,5
1963,20535,CADBURY CHIPS COCOA CHOCOBAKES COOKIES PACK,CADBURY CHOCOBAKES COOKIES CHOCO CHIP PACK,BAKERY PKGD OUTSIDE,1,6
1964,20393,BONELESS BREAST CHICKEN CUBES GRAM LICIOUS PACK,LICIOUS CHICKEN BREAST BONELESS CUBES 250 GRAM PACK,MEAT,1,7
1965,20394,BONELESS CHICKEN PIECES SATAY,CHICKEN SATAY BONELESS PIECES,MEAT,0,4
1966,20395,CHICKEN CUTS PIECES SATAY THIN,CHICKEN SATAY THIN CUT PIECES,MEAT,0,5
1967,20396,CHICKEN CUTS PIECES ROASTED,CHICKEN ROAST CUT PIECES,MEAT,0,4
1968,20397,BONELESS BREAST CHICKEN CHUNKS,BONELESS CHICKEN BREAST CHUNKS,MEAT,0,4
1969,20398,CHICKEN FILLET PREMIUM STEAK,PREMIUM CHICKEN FILLET STEAK,MEAT,0,4
1970,20399,BONELESS CHICKEN CUTS STEAK,BONELESS CHICKEN STEAK CUT,MEAT,0,4
1971,20400,CHICKEN FILLET PREMIUM STRIPS,PREMIUM CHICKEN STRIP FILLET,MEAT,0,4
1972,20401,BREAST CHICKEN FILLET PREMIUM,PREMIUM CHICKEN BREAST FILLET,MEAT,0,4
1973,20402,BONELESS CHICKEN FILLET STEAK,BONELESS CHICKEN FILLET STEAK,MEAT,0,4
1974,20403,CHICKEN SAUSAGE SLICED SMOKE,SMOKED CHICKEN SAUSAGE SLICES,MEAT,0,4
1975,20404,CHICKEN MARINADE SATAY TERIYAKI,TERIYAKI MARINATED CHICKEN SATAY,MEAT,0,4
1976,20405,CHICKEN KABAB KALBI STYLE,CHICKEN KALBI STYLE KABAB,MEAT,0,2
1977,20406,BONELESS CHICKEN CHOPS MARINADE,BONELESS MARINATED CHICKEN CHOPS,MEAT,0,4
1978,20407,BONELESS CHICKEN PIECES TIKKA,CHICKEN TIKKA BONELESS PIECES,MEAT,0,4
1979,20408,CHICKEN FILLET SLICED SMOKE,SMOKED CHICKEN FILLET SLICES,MEAT,0,4
1980,20409,CHICKEN FILLET GARLIC HERB,GARLIC HERB CHICKEN FILLET,MEAT,0,4
1981,20410,BONELESS BREAST CHICKEN LEMON PEPPERS,LEMON PEPPER CHICKEN BREAST BONELESS,MEAT,1,5
1982,20411,CHICKEN PEPPERCORN TENDERLOINS,PEPPERCORN CHICKEN TENDERLOIN,MEAT,0,3
1983,20412,BBQ CHICKEN CHINESE STYLE,CHINESE STYLE BBQ CHICKEN,MEAT,0,3
1984,20413,BURGER CHICKEN PATTIES POUND QUART,CHICKEN BURGER PATTIES QUARTER POUND,MEAT,0,4
1985,20414,BURGER CHICKEN PATTIES PREMIUM,PREMIUM CHICKEN BURGER PATTIES,MEAT,0,4
1986,20415,BLEND CHICKEN FRESH KEEMA,FRESH CHICKEN KEEMA 80-20 BLEND,MEAT,1,4
1987,20416,BURGER CHICKEN FAMILY PACK PATTIES,CHICKEN BURGER PATTIES FAMILY PACK,MEAT,1,5
1988,20417,CHICKEN FRESH KEEMA LEAF PACK,LEAN CHICKEN KEEMA FRESH PACK,MEAT,2,5
1989,20418,CHOPS CUTS FRENCH LAMB PREMIUM RIBS,PREMIUM LAMB RIB CHOPS FRENCHED CUT,MEAT,0,6
1990,20419,BONELESS IMPORTED LAMB LEG SEMI,IMPORTED SEMI BONELESS LAMB LEG,MEAT,0,4
1991,20420,CENTER CUTS FRESH LAMB LEG,FRESH LAMB LEG CENTER CUT,MEAT,1,4
1992,20421,CURRY CUTS FRESH MUTTON,FRESH MUTTON CURRY CUT,MEAT,1,4
1993,20422,CHOPS IMPORTED LAMB PREMIUM RIBS,IMPORTED LAMB RIB CHOPS PREMIUM,MEAT,0,5
1994,20423,BONELESS CHICKEN CUTS DRUMSTICK,CHICKEN DRUMSTICK BONELESS CUT,MEAT,0,4
1995,20424,BONELESS BREAST CHICKEN FILLET,BONELESS CHICKEN BREAST FILLET,MEAT,0,4
1996,20425,CHICKEN CUTS FROZEN SPICY WINGS,FROZEN CHICKEN WINGS SPICY CUT,MEAT,0,5
1997,20426,CHICKEN PACK PARTY WINGS,CHICKEN WINGS PARTY PACK,MEAT,1,4
1998,20427,CHICKEN CUTS DRUMSTICK FRESH,FRESH CHICKEN DRUMSTICK CUT,MEAT,1,4
1999,20428,BONES GOAT MARROW SOUR,GOAT MARROW SOUP BONES,MEAT,0,4
2000,20429,BONES CUTS FRESH GOAT MARROW,FRESH GOAT MARROW BONE CUT,MEAT,1,5
2001,20430,CHICKEN FROZEN GIZZARD PACK,FROZEN CHICKEN GIZZARD PACK,MEAT,1,4
2002,20431,BONES CHEF DOG JUMBO TREATS,JUMBO DOG CHEW BONE TREAT,MEAT,0,5
2003,20432,BONES CHEF DOG NATURAL TREATS,NATURAL DOG CHEW BONE TREAT,MEAT,1,5
2004,20433,BONELESS CHICKEN TERIYAKI THIGH,TERIYAKI BONELESS CHICKEN THIGHS,MEAT,0,4
2005,20434,CHICKEN MARINADE WINGS,MARINATED CHICKEN WINGS,MEAT,0,3
2006,20435,BONELESS CHICKEN MONTEREY SAVOURY THIGH,SAVORY MONTEREY CHICKEN THIGHS BONELESS,MEAT,0,4
2007,20436,CHICKEN PARTY TRAP WINGS,CHICKEN WINGS PARTY TRAY,MEAT,0,4
2008,20437,CHICKEN FAMILY LEG PACK QUART,CHICKEN LEG QUARTER FAMILY PACK,MEAT,1,5
2009,20438,BONELESS CHICKEN FROZEN TENDERLOINS,FROZEN CHICKEN TENDERLOIN BONELESS,MEAT,0,4
2010,20439,CHICKEN FRESH FROZEN LIVER,FRESH FROZEN CHICKEN LIVER,MEAT,1,4
2011,20440,CHICKEN FROZEN GIZZARD PACK,FROZEN CHICKEN GIZZARDS PACK,MEAT,1,4
2012,20441,CHICKEN CURRY CUTS FROZEN GIZZARD,FROZEN CHICKEN GIZZARD CURRY CUT,MEAT,0,5
2013,20442,BONELESS BREAST CHICKEN FROZEN SKINLESS,FROZEN BONELESS SKINLESS CHICKEN BREAST,MEAT,0,5
2014,20443,CHICKEN FRESH MINCE,FRESH CHICKEN MINCE,MEAT,1,3
2015,20444,CHICKEN MINCE NATURAL,NATURAL CHICKEN MINCE,MEAT,1,3
2016,20445,CHICKEN FAMILY KEEMA LEAF PACK,LEAN CHICKEN KEEMA FAMILY PACK,MEAT,1,5
2017,20446,CHICKEN COKE MINCE READY#TO,READY TO COOK CHICKEN MINCE,MEAT,0,4
2018,20447,CHICKEN CORNISH PACK TWIN,CORNISH CHICKEN TWIN PACK,MEAT,2,4
2019,20448,DUCK FRESH PACK WHOLE,WHOLE DUCK FRESH PACK,MEAT,2,3
2020,20449,CHICKEN CORNISH WHOLE,WHOLE CORNISH CHICKEN,MEAT,0,3
2021,20450,BISON EXOTIC GROUND MEAL,EXOTIC GROUND BISON MEAT,MEAT,0,4
2022,20451,ELK GROUND MEAL PREMIUM,PREMIUM GROUND ELK MEAT,MEAT,0,4
2023,20452,BONELESS ELK MEAL STEW,ELK STEW BONELESS MEAT,MEAT,0,3
2024,20453,BISON GROUND MEAL PREMIUM,GROUND BISON MEAT PREMIUM,MEAT,0,4
2025,20454,BONES HAM IN SMOKE STEAK,BONE IN SMOKED HAM STEAK,MEAT,1,4
2026,20455,BONELESS HAM STYLE TAVERN,BONELESS TAVERN STYLE HAM,MEAT,0,3
2027,20456,BLACK FOREST HAM SLICED,BLACK FOREST SLICED HAM,MEAT,1,4
2028,20457,HAM JUICE NATURAL SMOKE STEAK WITH,SMOKED HAM STEAK WITH NATURAL JUICES,MEAT,2,6
2029,20458,BLACK FOREST HAM PACK SLICED,BLACK FOREST HAM SLICED PACK,MEAT,2,5
2030,20459,CHEESE JALAPENO PEPPERS SNACK STICK,PEPPERONI JALAPENO CHEESE SNACK STICKS,MEAT,1,5
2031,20460,CLASSIC JERKY MEAL SNACK STICK,CLASSIC MEAT JERKY SNACK STICKS,MEAT,1,5
2032,20461,CHICKEN JERKY STRIPS TERIYAKI,TERIYAKI CHICKEN JERKY STRIPS,MEAT,0,4
2033,20462,CHEESE CHICKEN JALAPENO SNACK STICK,JALAPENO CHEESE CHICKEN SNACK STICKS,MEAT,1,5
2034,20463,CHICKEN SAUSAGE SMOKE SNACK,SMOKED CHICKEN SNACK SAUSAGES,MEAT,0,4
2035,20464,CHICKEN ROPE SAUSAGE SMOKE,SMOKED CHICKEN SAUSAGE ROPE,MEAT,0,3
2036,20465,CHICKEN SAUSAGE SMOKE,SMOKED CHICKEN SAUSAGE,MEAT,0,3
2037,20466,BRATWURST CHICKEN SAUSAGE SMOKE,SMOKED CHICKEN BRATWURST SAUSAGE,MEAT,0,4
2038,20467,CHEDDAR CHICKEN SAUSAGE SMOKE,SMOKED CHICKEN CHEDDAR SAUSAGE,MEAT,0,4
2039,20468,BRATWURST CHICKEN SAUSAGE,CHICKEN BRATWURST SAUSAGE,MEAT,0,3
2040,20469,BACON CHICKEN LOW SLICED SODIUM,LOW SODIUM CHICKEN BACON SLICES,MEAT,0,5
2041,20470,BACON CHICKEN COOKED#FULLY,FULLY COOKED CHICKEN BACON,MEAT,0,3
2042,20471,BACON CHICKEN SMOKE STRIPS,SMOKED CHICKEN BACON STRIPS,MEAT,0,4
2043,20472,BACON CHICKEN PACK VALUE,CHICKEN BACON VALUE PACK,MEAT,1,4
2044,20473,BACON CHICKEN EXTRA THICK,EXTRA THICK CHICKEN BACON,MEAT,1,4
2045,20474,CHICKEN DOG FRANKS HOT REGULAR,REGULAR CHICKEN HOT DOG FRANKS,MEAT,1,5
2046,20475,CHICKEN FRANKS PREMIUM,PREMIUM CHICKEN FRANKS,MEAT,0,3
2047,20476,CHICKEN FRANKS PACK SAUSAGE VALUE,CHICKEN FRANK SAUSAGES VALUE PACK,MEAT,1,5
2048,20477,CHICKEN FRANKS JUMBO,JUMBO CHICKEN FRANKS,MEAT,0,3
2049,20478,CHICKEN FRANKS NATURAL,NATURAL CHICKEN FRANKS,MEAT,1,3
2050,20479,BUFFALO CHICKEN STRIPS,BUFFALO CHICKEN STRIPS,MEAT,0,3
2051,20480,CHICKEN HAM HONEY SLICED,HONEY CHICKEN HAM SLICES,MEAT,1,4
2052,20481,CHICKEN DEL SLICED SMOKE,SMOKED CHICKEN DELI SLICES,MEAT,0,4
2053,20482,CHICKEN FAT REDUCED SALAMI,REDUCED FAT CHICKEN SALAMI,MEAT,0,4
2054,20483,CHICKEN SNACK STICK,CHICKEN SNACK STICKS,MEAT,1,3
2055,20484,BREAKFAST CHICKEN REGULAR SAUSAGE,REGULAR CHICKEN BREAKFAST SAUSAGE,MEAT,0,4
2056,20485,CHICKEN FLAVOUR LINKS MAPLE SAUSAGE,MAPLE FLAVOUR CHICKEN SAUSAGE LINKS,MEAT,2,5
2057,20486,BREAKFAST CHICKEN LINKS SAUSAGE,CHICKEN BREAKFAST SAUSAGE LINKS,MEAT,0,4
2058,20487,CHICKEN CHORIZO SAUSAGE,CHICKEN CHORIZO SAUSAGE,MEAT,0,2
2059,20488,CHICKEN LINKS MAPLE SAUSAGE,MAPLE CHICKEN SAUSAGE LINKS,MEAT,1,4
2060,20489,BOX CHEESE CHICKEN CRACKERS SNACK,CHICKEN & CHEESE CRACKER SNACK BOX,MEAT,0,5
2061,20490,CHEESE CHICKEN CRACKERS PACK SNACK,CHICKEN CHEESE CRACKER SNACK PACK,MEAT,1,5
2062,20491,CHEESE CHICKEN EXTRA KIT PIZZA SNACK,EXTRA CHEESY CHICKEN PIZZA SNACK KIT,MEAT,2,6
2063,20492,BITE CHEESE CHICKEN SALAMI,CHICKEN SALAMI CHEESE BITES,MEAT,0,4
2064,20493,CHEESE DIP NACHOS SALT WITH,NACHOS WITH CHEESE DIP & SALSA,MEAT,2,5
2065,20494,BBQ CHICKEN COKE CUBES READY#TO,READY TO COOK BBQ CHICKEN CUBES,MEAT,0,5
2066,20495,CHICKEN COCONUT CURRY STYLE THAI,THAI STYLE COCONUT CHICKEN CURRY,MEAT,1,4
2067,20496,CHICKEN HICKORY PULLED SWEET,SWEET HICKORY PULLED CHICKEN,MEAT,1,4
2068,20497,CHICKEN SLICED STEAK THIN,THIN SLICED CHICKEN STEAK,MEAT,0,4
2069,20498,CHICKEN CILANTRO LIME,CILANTRO LIME CHICKEN,MEAT,1,2
2070,20499,CHICKEN NUGGETS COOKED#FULLY,FULLY COOKED CHICKEN NUGGETS,MEAT,0,3
2071,20500,CHICKEN CORN DOG FROZEN MINT PACK,MINI CHICKEN CORN DOGS FROZEN PACK,MEAT,2,6
2072,20501,CHICKEN CORN DOG FROZEN,FROZEN CHICKEN CORN DOGS,MEAT,0,4
2073,20502,CHICKEN COUNTRY CUTLETS FRIED GRAVY STYLE WITH,COUNTRY STYLE CHICKEN FRIED CUTLET WITH GRAVY,MEAT,1,6
2074,20503,BATTERED CHICKEN HONEY TENDER,HONEY BATTERED CHICKEN TENDERS,MEAT,1,3
2075,20504,BURGER PATTY VEG BASED#PLANT,PLANT BASED VEG BURGER PATTY,MEAT,0,4
2076,20505,PATTY PROTEIN VEG BASED#PLANT,PLANT BASED VEG PROTEIN PATTY,MEAT,0,4
2077,20506,BURGER PATTY VEG BASED#PLANT,PLANT BASED VEG BURGER PATTY,MEAT,0,4
2078,20507,BARBECUE GRILLED MASALA SEASONING,BARBECUE GRILL SEASONING MASALA,MEAT,0,4
2079,20508,MIX ROASTED ROSEMARY SEASONING,ROSEMARY ROAST SEASONING MIX,MEAT,0,4
2080,20509,BARBECUE MASALA RUB SMOKY,SMOKY BARBECUE RUB MASALA,MEAT,0,3
2081,20510,BARBECUE GRILLED MIX SEASONING,GRILL & BARBECUE SEASONING MIX,MEAT,0,4
2082,20511,GARLIC MARINADE MEDITERRANEAN SAUCE,MEDITERRANEAN GARLIC MARINADE SAUCE,MEAT,0,4
2083,20512,BAKE BITE CHEESE DOUBLE POTATO,DOUBLE CHEESE BAKED POTATO BITES,MEAT,0,5
2084,20513,BAKE CREAMY POTATO SCALLOPED,CREAMY SCALLOPED BAKED POTATOES,MEAT,1,3
2085,20514,CREAMY MASHED POTATO,CREAMY MASHED POTATOES,MEAT,1,3
2086,20515,BOWL CHEESE MACARONI PASTA,MACARONI & CHEESE PASTA BOWL,MEAT,0,4
2087,20516,BUTTERMILK CREAMY MASHED POTATO SOUR,BUTTERMILK SOUR CREAM MASHED POTATOES,MEAT,1,5
2088,20051,B CAGE EGGS FARM FREE GRADE,CAGE FREE GRADE B FARM EGGS,DAIRY,1,4
2089,20052,BROWN EGGS FREE LARGE RANGE,BROWN FREE RANGE LARGE EGGS,DAIRY,2,5
2090,20053,BROWN CAGE EGGS EXTRA FED FREE LARGE VEG,BROWN VEG FED CAGE FREE EXTRA LARGE EGGS,DAIRY,3,8
2091,20054,EGGS FARM ORGANIC PASTURE#RAISED,ORGANIC PASTURE RAISED FARM EGGS,DAIRY,0,4
2092,20055,EGGS ENRICH LARGE OMEGA,OMEGA 3 ENRICHED LARGE EGGS,DAIRY,1,4
2093,20056,CAGE EGGS FREE LIQUID WHITE,CAGE FREE LIQUID EGG WHITES,DAIRY,3,5
2094,20057,EGGS LIQUID MIX BASED#PLANT,PLANT BASED LIQUID EGG MIX,DAIRY,1,4
2095,20058,AMUL CAGE EGGS FREE LIQUID WHOLE,AMUL CAGE FREE LIQUID WHOLE EGGS,DAIRY,2,6
2096,20059,BRITANNIA EGGS LIQUID WHITE,BRITANNIA LIQUID EGG WHITES,DAIRY,2,4
2097,20060,EGGS INDIA LIQUID ORGANIC WHITE,ORGANIC INDIA LIQUID EGG WHITES,DAIRY,2,5
2098,20061,EAT EGGS FREE RANGE BOILED#HARD#SUGUNA READY#TO,SUGUNA READY TO EAT HARD BOILED FREE RANGE EGGS,DAIRY,1,6
2099,20062,BRITANNIA EGGS ORIGINAL WHITE WRAPS,BRITANNIA ORIGINAL EGG WHITE WRAPS,DAIRY,2,5
2100,20063,EAT EGGS BOILED#HARD#SUGUNA READY#TO,SUGUNA READY TO EAT HARD BOILED EGGS,DAIRY,0,4
2101,20064,AMUL FAT FREE LACTOSE LOW MILD PERCENT,AMUL LACTOSE FREE LOW FAT MILK 1 PERCENT,DAIRY,1,7
2102,20065,ALMOND MILD ORIGINAL SOFIT UNSWEETENED,SOFIT UNSWEETENED ORIGINAL ALMOND MILK,DAIRY,2,5
2103,20066,MILD PLAIN SOFIT SOY,SOFIT PLAIN SOY MILK,DAIRY,0,3
2104,20067,AND DHA FAT INDIA MILD OMEGA ORGANIC REDUCED WITH,ORGANIC INDIA REDUCED FAT MILK WITH DHA AND OMEGA,DAIRY,1,8
2105,20068,ALMOND MILD PRESERVED RAW UNSWEETENED,RAW PRESSERY UNSWEETENED ALMOND MILK,DAIRY,1,5
2106,20069,AMUL CHOCOLATE FAT FLAVOUR LOW MILD FASHIONED#OLD,AMUL OLD FASHIONED CHOCOLATE FLAVOURED LOW FAT MILK,DAIRY,1,7
2107,20070,CHOCOLATE DRINK EPIGAMIA GRAM MILD PROTEIN,EPIGAMIA CHOCOLATE PROTEIN MILK DRINK 30 GRAM PROTEIN,DAIRY,0,6
2108,20071,AMUL FAT FRESH LOW MILD,AMUL LOW FAT FRESH MILK,DAIRY,1,5
2109,20072,AMUL BEVERAGE DAIRY EGGNOG UHT,AMUL UHT EGGNOG DAIRY BEVERAGE,DAIRY,0,5
2110,20073,DRINK EGGNOG HERITAGE TRADITIONAL UHT,HERITAGE TRADITIONAL UHT EGGNOG DRINK,DAIRY,0,5
2111,20074,AMUL CREAMY FREE ITALIAN STYLE SUGAR SWEET,AMUL SUGAR FREE ITALIAN STYLE SWEET CREAMER,DAIRY,4,7
2112,20075,AND CREAMY CREAMY DAIRY NESTLE SWEET,NESTLE SWEET AND CREAMY DAIRY CREAMER,DAIRY,3,6
2113,20076,CREAMY EPIGAMIA SUGAR SWEET ZERO,EPIGAMIA ZERO SUGAR SWEET CREAMER,DAIRY,3,5
2114,20077,COCONUT COFFEE CREAMY FLAVOUR LIME NESTLE,NESTLE COCONUT LIME FLAVOURED COFFEE CREAMER,DAIRY,5,6
2115,20078,CAKES COFFEE CREAMY FLAVOUR MILD OATS OATLY,OATLY COFFEE CAKE FLAVOURED OAT MILK CREAMER,DAIRY,3,7
2116,20079,CREAMY EPIGAMIA SOUR BASED#PLANT,EPIGAMIA PLANT BASED SOUR CREAM,DAIRY,1,4
2117,20080,CREAMY DAIRY FREE PRESERVED RAW SOUR,RAW PRESSERY DAIRY FREE SOUR CREAM,DAIRY,2,6
2118,20081,AMUL CREAMY FRESH SOUR,AMUL FRESH SOUR CREAM,DAIRY,2,4
2119,20082,AND CREAMY DAIRY MOTHER NATURAL PURE SOUR,MOTHER DAIRY PURE AND NATURAL SOUR CREAM,DAIRY,2,7
2120,20083,BRITANNIA CREAMY FRESH SOUR,BRITANNIA FRESH SOUR CREAM,DAIRY,2,4
2121,20084,AMUL CHEESE COTTAGE FAT LOW ORGANIC,AMUL ORGANIC LOW FAT COTTAGE CHEESE,DAIRY,0,6
2122,20085,BRITANNIA CHEESE COTTAGE FAT LOW,BRITANNIA LOW FAT COTTAGE CHEESE,DAIRY,0,5
2123,20086,AMUL CHEESE COTTAGE FAT LOW PERCENT,AMUL LOW FAT COTTAGE CHEESE 1 PERCENT,DAIRY,0,6
2124,20087,AMUL CHEESE COTTAGE CURD FAT FULLY PERCENT SMALL,AMUL FULL FAT SMALL CURD COTTAGE CHEESE 4 PERCENT,DAIRY,0,7
2125,20088,CHEESE COTTAGE DAIRY FRESH MOTHER,MOTHER DAIRY FRESH COTTAGE CHEESE,DAIRY,1,5
2126,20089,APPLE BABIES EPIGAMIA FOR MONTHS PLUS YOGURT,EPIGAMIA APPLE YOGURT FOR BABIES 7 PLUS MONTHS,DAIRY,3,6
2127,20090,BRITANNIA KIDS STRAWBERRY WATERMELON YOGURT,BRITANNIA STRAWBERRY WATERMELON KIDS YOGURT,DAIRY,1,5
2128,20091,AMUL KIWI SMOOTH STRAWBERRY YOGURT,AMUL STRAWBERRY KIWI YOGURT SMOOTHIE,DAIRY,1,5
2129,20092,EPIGAMIA FAT GREEN NON STRAWBERRY YOGURT,EPIGAMIA NON FAT GREEK YOGURT STRAWBERRY,DAIRY,1,6
2130,20093,COOKIES DOUGH EPIGAMIA FLIP GREEN YOGURT,EPIGAMIA GREEK YOGURT COOKIE DOUGH FLIP,DAIRY,0,5
2131,20094,CREAMY DIP FRENCH ONION VEEBA,VEEBA FRENCH ONION CREAMY DIP,DAIRY,1,5
2132,20095,CREAMY DIP SEAFOOD STYLE WINGREENS,WINGREENS SEAFOOD STYLE CREAMY DIP,DAIRY,1,5
2133,20096,DIP FRENCH ONION VEEBA,VEEBA FRENCH ONION DIP,DAIRY,0,4
2134,20097,CHEDDAR CHEESE DIP JALAPENO VEEBA,VEEBA JALAPENO CHEDDAR CHEESE DIP,DAIRY,0,5
2135,20098,CREAMY DIP FRENCH ONION WINGREENS,WINGREENS FRENCH ONION CREAMY DIP,DAIRY,1,5
2136,20099,CHEESE COLBY INDIA JACK ORGANIC SLICED,ORGANIC INDIA COLBY JACK CHEESE SLICES,DAIRY,0,6
2137,20100,AMERICAN BRITANNIA CHEESE NATURAL SLICED,BRITANNIA NATURAL AMERICAN CHEESE SLICES,DAIRY,1,5
2138,20101,AMUL CHEDDAR CHEESE MEDIUM SLICED SMOKE YELLOW,AMUL SMOKED MEDIUM YELLOW CHEDDAR CHEESE SLICES,DAIRY,0,7
2139,20102,CHEDDAR CHEESE INDIA ORGANIC SLICED WHITE,ORGANIC INDIA WHITE CHEDDAR CHEESE SLICES,DAIRY,1,6
2140,20103,AMUL CHEDDAR CHEESE FAMILY PACK SHARP SLICED,AMUL SHARP CHEDDAR CHEESE SLICES FAMILY PACK,DAIRY,1,7
2141,20104,CHEESE FINE INDIA MOZZARELLA ORGANIC SHREDDED,ORGANIC INDIA MOZZARELLA CHEESE FINE SHREDS,DAIRY,0,6
2142,20105,AND BRITANNIA CHEESE MOZZARELLA PROVOLONE SHREDDED SMOKE,BRITANNIA MOZZARELLA AND SMOKED PROVOLONE CHEESE SHREDS,DAIRY,0,7
2143,20106,BRITANNIA CHEESE QUESADILLA SHREDDED STYLE,BRITANNIA QUESADILLA STYLE CHEESE SHREDS,DAIRY,0,4
2144,20107,BRITANNIA CHEDDAR CHEESE FINE MILD SHREDDED,BRITANNIA FINE MILD CHEDDAR CHEESE SHREDS,DAIRY,0,6
2145,20108,AMUL CHEESE FINE MOZZARELLA SHREDDED,AMUL MOZZARELLA CHEESE FINE SHREDS,DAIRY,0,5
2146,20109,AMUL BLOCK CHEDDAR CHEESE EXTRA SHARP,AMUL EXTRA SHARP CHEDDAR CHEESE BLOCK,DAIRY,1,6
2147,20110,AMUL BLOCK CHEDDAR CHEESE FAT PERCENT SHARP,AMUL SHARP CHEDDAR CHEESE BLOCK 2 PERCENT FAT,DAIRY,0,7
2148,20111,AMUL BLOCK CHEESE SWISS,AMUL SWISS CHEESE BLOCK,DAIRY,0,4
2149,20112,BLOCK BRITANNIA CHEDDAR CHEESE EXTRA SHARP WHITE,BRITANNIA EXTRA SHARP WHITE CHEDDAR CHEESE BLOCK,DAIRY,2,7
2150,20113,BLOCK CHEDDAR CHEESE INDIA ORGANIC WHITE,ORGANIC INDIA WHITE CHEDDAR CHEESE BLOCK,DAIRY,1,6
2151,20114,AMERICAN BRITANNIA CHEESE MILD PERCENT SLICED WITH,BRITANNIA AMERICAN CHEESE SLICES WITH 2 PERCENT MILK,DAIRY,1,7
2152,20115,AMUL BLOCK CHEESE MINT PROCESSED,AMUL MINI PROCESSED CHEESE BLOCKS,DAIRY,1,5
2153,20116,AMERICAN AMUL BLOCK CHEESE MELTING SMOOTH STYLE,AMUL AMERICAN STYLE SMOOTH MELTING CHEESE BLOCK,DAIRY,0,6
2154,20117,AMERICAN AMUL CHEESE SINGLE SLICED,AMUL AMERICAN CHEESE SINGLES SLICES,DAIRY,0,5
2155,20118,AMERICAN BRITANNIA CHEESE SLICED,BRITANNIA AMERICAN CHEESE SLICES,DAIRY,0,4
2156,20119,BRITANNIA CHEESE CREAMY FAT REDUCED SPREAD,BRITANNIA REDUCED FAT CREAM CHEESE SPREAD,DAIRY,1,6
2157,20120,BRITANNIA CHEESE CREAMY GARLIC HERB SPREAD WHIPPED,BRITANNIA GARLIC HERB WHIPPED CREAM CHEESE SPREAD,DAIRY,1,7
2158,20121,BRITANNIA CHEESE CREAMY SALMON SMOKE SPREAD,BRITANNIA SMOKED SALMON CREAM CHEESE SPREAD,DAIRY,1,6
2159,20122,BRITANNIA CHEESE CREAMY GARDEN SPREAD VEGETABLE,BRITANNIA GARDEN VEGETABLE CREAM CHEESE SPREAD,DAIRY,1,6
2160,20123,BRITANNIA CHEESE CREAMY HONEY PECANS SPREAD,BRITANNIA HONEY PECAN CREAM CHEESE SPREAD,DAIRY,2,6
2161,20124,AMUL CHEESE CRUMBLED CUP DEL FEET,AMUL CRUMBLED FETA CHEESE DELI CUP,DAIRY,0,4
2162,20125,AMUL CHEESE GRATED PARMESAN,AMUL GRATED PARMESAN CHEESE,DAIRY,0,4
2163,20126,BRITANNIA CHEESE PARTY RICOTTA SKIN,BRITANNIA PART SKIM RICOTTA CHEESE,DAIRY,1,5
2164,20127,AMUL CHEESE FRESH RANCHERO STYLE,AMUL FRESH RANCHERO STYLE CHEESE,DAIRY,1,4
2165,20128,BRITANNIA CHEESE GRATED PARMESAN,BRITANNIA GRATED PARMESAN CHEESE,DAIRY,0,4
2166,20129,AMUL CHEDDAR CHEESE CRACKERS CUTS SHARP,AMUL SHARP CHEDDAR CHEESE CRACKER CUTS,DAIRY,0,6
2167,20130,BRITANNIA CHEESE COLBY JACK NATURAL SNACK STICK,BRITANNIA NATURAL COLBY JACK CHEESE SNACK STICKS,DAIRY,2,7
2168,20131,AMUL CHEDDAR CHEESE CRACKERS CUTS EXTRA SHARP,AMUL EXTRA SHARP CHEDDAR CHEESE CRACKER CUTS,DAIRY,1,7
2169,20132,ALMOND BRITANNIA CHEDDAR CHEESE SNACK WHITE WITH,BRITANNIA WHITE CHEDDAR CHEESE SNACKS WITH ALMONDS,DAIRY,3,7
2170,20133,BRITANNIA CHEDDAR CHEESE NATURAL SHARP STICK,BRITANNIA NATURAL SHARP CHEDDAR CHEESE STICKS,DAIRY,2,6
2171,20134,CHEESE CINNAMON CREAMY FILLING PILLSBURY ROLLS WITH,PILLSBURY CINNAMON ROLLS WITH CREAM CHEESE FILLING,DAIRY,2,7
2172,20135,BISCUIT BUTTERMILK DOUGH PILLSBURY,PILLSBURY BUTTERMILK BISCUITS DOUGH,DAIRY,0,4
2173,20136,BAKE COOKIES DOUGH MONSTER PILLSBURY READY#TO,PILLSBURY READY TO BAKE MONSTER COOKIE DOUGH,DAIRY,0,6
2174,20137,BAKE COOKIES DOUGH PILLSBURY SUGAR READY#TO,PILLSBURY READY TO BAKE SUGAR COOKIE DOUGH,DAIRY,1,6
2175,20138,CORNBREAD PILLSBURY SWEET SWIRL,PILLSBURY SWEET CORNBREAD SWIRLS,DAIRY,1,4
2176,20139,BRITANNIA CHOCOLATE DESSERT PUDDING,BRITANNIA CHOCOLATE PUDDING DESSERT,DAIRY,0,4
2177,20140,BRITANNIA DESSERT PUDDING TAPIOCA,BRITANNIA TAPIOCA PUDDING DESSERT,DAIRY,0,4
2178,20141,BRITANNIA FREE PUDDING SNACK SUGAR VANILLA,BRITANNIA SUGAR FREE VANILLA PUDDING SNACKS,DAIRY,3,6
2179,20142,COBBLER CREAMY DESSERT EPIGAMIA PEACH,EPIGAMIA PEACH COBBLER CREAMY DESSERT,DAIRY,2,4
2180,20143,AMUL CHOCOLATE FAT LOW PUDDING,AMUL LOW FAT CHOCOLATE PUDDING,DAIRY,0,5
2181,20144,BROWN HASS MCCAIN POTATO SOUTHWEST STYLE,MCCAIN SOUTHWEST STYLE HASH BROWN POTATOES,DAIRY,1,6
2182,20145,BRITANNIA ENGLISH MUFFIN SOURDOUGH,BRITANNIA SOURDOUGH ENGLISH MUFFINS,DAIRY,0,4
2183,20146,DICED MCCAIN POTATO SEASONING SIGNATURE,MCCAIN SIGNATURE SEASONED DICED POTATOES,DAIRY,0,5
2184,20147,DICED MCCAIN PLAIN POTATO,MCCAIN PLAIN DICED POTATOES,DAIRY,0,4
2185,20148,BREAKFAST CLASSIC EGGS ITC KIT SCRAMBLE,ITC CLASSIC BREAKFAST SCRAMBLED EGG KIT,DAIRY,1,5
2186,20149,AMUL BUTTER OIL ORIGINAL SPRAY,AMUL ORIGINAL BUTTER OIL SPRAY,DAIRY,4,5
2187,20150,AMUL AND BROWN BUTTER MAPLE SPREAD SUGAR,AMUL MAPLE AND BROWN SUGAR BUTTER SPREAD,DAIRY,4,7
2188,20151,AMUL BUTTER FREE LACTOSE SPREADABLE,AMUL LACTOSE FREE SPREADABLE BUTTER,DAIRY,2,4
2189,20152,AMUL BLOCK BUTTER UNSALTED,AMUL UNSALTED BUTTER BLOCK,DAIRY,1,4
2190,20153,BUTTER NUTRALITE OIL OLIVES WITH BASED#PLANT,NUTRALITE PLANT BASED BUTTER WITH OLIVE OIL,DAIRY,3,6
2191,20154,DILL KOSHER MOTHER PICKLED RECIPE S STYLE,MOTHER'S RECIPE KOSHER STYLE DILL PICKLES,DAIRY,0,6
2192,20155,DILL HALVES KOSHER PICKLED PRIYA,PRIYA KOSHER DILL PICKLE HALVES,DAIRY,0,5
2193,20156,DILL KOSHER PICKLED PRIYA SANDWICH SLICED,PRIYA KOSHER DILL SANDWICH PICKLE SLICES,DAIRY,0,6
2194,20157,CHIPS PICKLED SELECT SIGNATURE SPICY,SIGNATURE SELECT SPICY PICKLE CHIPS,DAIRY,0,5
2195,20158,PICKLED SELECT SIGNATURE SPEARS,SIGNATURE SELECT PICKLE SPEARS,DAIRY,0,4
2196,20159,JUICE NO ORANGE PERCENT PREMIUM PULP REAL,REAL PREMIUM 100 PERCENT ORANGE JUICE NO PULP,DAIRY,0,6
2197,20160,FRESH JUICE MEDIUM ORANGE PULP TROPICAL,TROPICANA FRESH ORANGE JUICE MEDIUM PULP,DAIRY,1,6
2198,20161,JUICE ORANGE PREMIUM PULP REAL SOME WITH,REAL PREMIUM ORANGE JUICE WITH SOME PULP,DAIRY,1,7
2199,20162,BEVERAGE NO ORANGE PULP MAID#MINUTE,MINUTE MAID ORANGE BEVERAGE NO PULP,DAIRY,0,4
2200,20163,CALORIE JUICE LOW ORANGE TROPICAL,TROPICANA LOW CALORIE ORANGE JUICE,DAIRY,0,5
2201,20164,APPLE CIDER JUICE REAL,REAL APPLE CIDER JUICE,DAIRY,1,4
2202,20165,GRAPEFRUIT JUICE NATURAL TROPICAL,TROPICANA NATURAL GRAPEFRUIT JUICE,DAIRY,1,4
2203,20166,FRUIT JUICE MIXED ORANGE PINEAPPLE REAL,REAL PINEAPPLE ORANGE MIXED FRUIT JUICE,DAIRY,0,6
2204,20167,BANANA FRUIT JUICE MIXED ORANGE PINEAPPLE REAL,REAL PINEAPPLE ORANGE BANANA MIXED FRUIT JUICE,DAIRY,0,7
2205,20168,APPLE JUICE PRESERVED PURE TROPICAL,TROPICANA PURE PRESSED APPLE JUICE,DAIRY,1,5
2206,20169,FRUIT PUNCH SUGAR ZERO MAID#MINUTE,MINUTE MAID ZERO SUGAR FRUIT PUNCH,DAIRY,1,5
2207,20170,DRINK FRUIT JUICE PUNCH TROPICAL,TROPICANA FRUIT PUNCH JUICE DRINK,DAIRY,0,5
2208,20171,DRINK JUICE LEMONADE LIGHT MAID#MINUTE,MINUTE MAID LIGHT LEMONADE JUICE DRINK,DAIRY,1,5
2209,20172,BLEND FRUIT JUICE NATURAL STRAWBERRY TROPICAL,TROPICANA NATURAL STRAWBERRY FRUIT JUICE BLEND,DAIRY,2,6
2210,20173,BLEND JUICE MANGO NATURAL TROPICAL,TROPICANA NATURAL MANGO JUICE BLEND,DAIRY,1,5
2211,20174,FLAVOUR ICED LIPTON RASPBERRY TEA,LIPTON RASPBERRY FLAVOURED ICED TEA,DAIRY,2,5
2212,20175,DIET ICED LIPTON TEA,LIPTON DIET ICED TEA,DAIRY,1,4
2213,20176,BLACK ICED LIPTON TEA UNSWEETENED,LIPTON UNSWEETENED BLACK ICED TEA,DAIRY,2,5
2214,20177,BLACK ICED LIPTON SWEETENED TEA,LIPTON SWEETENED BLACK ICED TEA,DAIRY,2,5
2215,20178,DRINK ICED LEMON LIPTON TEA,LIPTON LEMON ICED TEA DRINK,DAIRY,2,5
2216,20179,COFFEE ICED STARBUCKS UNSWEETENED,STARBUCKS UNSWEETENED ICED COFFEE,DAIRY,1,3
2217,20180,CAFE COFFEE DAY ICED VANILLA,CAFE COFFEE DAY VANILLA ICED COFFEE,DAIRY,2,4
2218,20181,BREW COFFEE COLA LIGHT ROASTED OWL#SLEEPY,SLEEPY OWL LIGHT ROAST COLD BREW COFFEE,DAIRY,2,6
2219,20182,BLACK BLUE BRAZILIAN COFFEE COLA PURE TOKAI,BLUE TOKAI BRAZILIAN PURE BLACK COLD COFFEE,DAIRY,3,6
2220,20183,BLEND BREW COFFEE COLA ESPRESSO OWL#SLEEPY,SLEEPY OWL ESPRESSO BLEND COLD BREW COFFEE,DAIRY,1,6
2221,20184,FREE JUICE ORANGE PULP TROPICAL,TROPICANA ORANGE JUICE PULP FREE,DAIRY,1,5
2222,20185,COCKTAIL CRANBERRY JUICE NATURAL REAL,REAL NATURAL CRANBERRY COCKTAIL JUICE,DAIRY,1,5
2223,20186,APPLE JUICE PRESERVED PURE TROPICAL,TROPICANA PURE PRESSED APPLE JUICE,DAIRY,1,5
2224,20187,JUICE ORANGE PREMIUM PULP REAL SOME WITH,REAL PREMIUM ORANGE JUICE WITH SOME PULP,DAIRY,1,7
2225,20188,ALMOND BEANS COFFEE LATTE MILD VANILLA BOAT#PAPER,PAPER BOAT ALMOND MILK COFFEE LATTE VANILLA BEAN,DAIRY,3,7
2226,20189,BOTTLE DEPOSIT MILD,DEPOSIT MILK BOTTLE,DAIRY,1,2
2227,20561,AND CHICKPEA DRY GREEN MIX ORGANIC PEAR TATTVA,ORGANIC TATTVA DRY CHICKPEAS AND GREEN PEAS MIX,GROCERY,1,7
2228,20562,BEANS DRY PINTOLA PREMIUM QUALITY SAMPANN TATA,TATA SAMPANN DRY PINTO BEANS PREMIUM QUALITY,GROCERY,1,7
2229,20563,BEANS BLEND MANTRA MIXED ORGANIC PACK SOUR VARIETY,24 MANTRA ORGANIC MIXED BEAN SOUP BLEND 15 VARIETY PACK,GROCERY,1,8
2230,20564,BASMATI GATE INDIA RICH,INDIA GATE BASMATI RICE,GROCERY,0,2
2231,20565,DAAWAT JASMINE PREMIUM RICH,DAAWAT PREMIUM JASMINE RICE,GROCERY,1,3
2232,20566,INDIA ORGANIC QUINOA WHITE,ORGANIC INDIA ORGANIC WHITE QUINOA,GROCERY,1,3
2233,20567,CHICKEN FLAVOUR MIX MTR RICH,MTR CHICKEN FLAVOURED RICE MIX,GROCERY,1,5
2234,20568,EAT MASALA MTR RICH READY#TO,MTR READY TO EAT MASALA RICE,GROCERY,0,5
2235,20569,CORIANDER EAT LIME MTR RICH READY#TO,MTR READY TO EAT CORIANDER LIME RICE,GROCERY,1,6
2236,20570,BITE BREAKFAST CEREAL KELLOGG MINT S WHEAT,KELLOGG'S MINI WHEAT BITES BREAKFAST CEREAL,GROCERY,1,6
2237,20571,ALMOND BAR FLAT GRANOLA HONEY YOGA,YOGA BAR HONEY ALMOND FLAX GRANOLA,GROCERY,2,6
2238,20572,AND BROWN INSTANT MAPLE OATMEAL QUAKER SUGAR,QUAKER INSTANT OATMEAL MAPLE AND BROWN SUGAR,GROCERY,3,7
2239,20573,BROWN INSTANT MAPLE OATMEAL OATS SAFFOLA SUGAR,SAFFOLA OATS MAPLE BROWN SUGAR INSTANT OATMEAL,GROCERY,3,7
2240,20574,AND APPLE CINNAMON INSTANT OATS PROTEIN QUAKER,QUAKER PROTEIN INSTANT OATS APPLE AND CINNAMON,GROCERY,1,7
2241,20575,CEREAL COOKIES HOT OATS QUAKER QUICK,QUAKER QUICK COOKING OATS HOT CEREAL,GROCERY,1,6
2242,20576,BAR BIRTHDAY CAKES CHOCOLATE DRIZZLE GRANOLA YOGA,YOGA BAR BIRTHDAY CAKE CHOCOLATE DRIZZLE GRANOLA BAR,GROCERY,0,6
2243,20577,AND BAR ENERGY FRUIT MIX NUT RITEBITE TRAIL,RITEBITE FRUIT AND NUT TRAIL MIX ENERGY BAR,GROCERY,0,8
2244,20578,BAR CHOCOLATE CHUNKS ENERGY YOGABAR,YOGABAR ENERGY BARS CHOCOLATE CHUNK,GROCERY,0,4
2245,20579,BERRIES JUICE MIXED BOAT#PAPER,PAPER BOAT MIXED BERRIES JUICE,GROCERY,0,3
2246,20580,CAKES CAKES FRUIT FUIT MIXED SLICED SUNFEAST,SUNFEAST CAKES CAKES SLICED MIXED FUIT MIXED FRUIT CAKE,GROCERY,0,6
2247,20581,FRUIT MIXED PACK ROLLUPS VALUE BOAT#PAPER,PAPER BOAT MIXED FRUIT ROLLUPS VALUE PACK,GROCERY,1,5
2248,20582,AMUL CHOCOLATE CUP DESSERT PUDDING,AMUL CHOCOLATE DESSERT PUDDING CUP,GROCERY,0,5
2249,20583,AMUL BUTTERSCOTCH CUP DESSERT PUDDING,AMUL BUTTERSCOTCH DESSERT PUDDING CUP,GROCERY,0,5
2250,20584,DAIRY DESSERT MOTHER PUDDING TAPIOCA,MOTHER DAIRY TAPIOCA DESSERT PUDDING,GROCERY,0,5
2251,20585,AND CHOCOLATE MIX PIE PUDDING WEIKFIELD,WEIKFIELD CHOCOLATE PUDDING AND PIE MIX,GROCERY,0,6
2252,20586,CHOCOLATE FREE INSTANT MIX PUDDING SUGAR WEIKFIELD,WEIKFIELD SUGAR FREE CHOCOLATE INSTANT PUDDING MIX,GROCERY,2,7
2253,20587,CRYSTALS JELLY MIX STRAWBERRY WEIKFIELD,WEIKFIELD STRAWBERRY JELLY CRYSTALS MIX,GROCERY,1,5
2254,20588,AND DESSERT FILLING PIE STRAWBERRY TOPPINGS WEIKFIELD,WEIKFIELD STRAWBERRY PIE FILLING AND DESSERT TOPPING,GROCERY,1,7
2255,20589,FILLING ORGANIC PUMPKIN PURE PURE TATTVA,ORGANIC TATTVA PURE PUMPKIN PUREE FILLING,GROCERY,0,6
2256,20590,AND FILLING FRUIT PEACH PIE TOPPINGS WEIKFIELD,WEIKFIELD PEACH PIE FILLING AND FRUIT TOPPING,GROCERY,1,7
2257,20591,BAKING CRUST MIX PIE PILLSBURY,PILLSBURY PIE CRUST BAKING MIX,GROCERY,0,5
2258,20592,BISCUIT BRITANNIA CRUST GRAHAM PIE STYLE,BRITANNIA GRAHAM STYLE BISCUIT PIE CRUST,GROCERY,0,5
2259,20593,CHOCOLATE CRUST CRUST INCH KEEBLER PIE READY,KEEBLER READY CRUST 9-INCH CHOCOLATE PIE CRUSTS ,GROCERY,0,6
2260,20594,AMUL CARAMEL SYRUP,AMUL CARAMEL SYRUP,GROCERY,0,3
2261,20595,CARAMEL FLAVOURED HERSHEY LIQUID S SYRUP,HERSHEY'S CARAMEL FLAVORED LIQUID SYRUP,GROCERY,1,4
2262,20596,BROWN COCOA DESSERT FROZEN FUDGE KWALITY S WALL,KWALITY WALL'S CHOCO BROWNIE FUDGE FROZEN DESSERT,GROCERY,1,5
2263,20597,CONES CREAMY ICED SUGAR VADILAL,VADILAL SUGAR ICE CREAM CONES,GROCERY,2,5
2264,20598,CREAMY CUP DESSERT ICED VADILAL,VADILAL ICE CREAM DESSERT CUPS,GROCERY,1,5
2265,20599,CLASSIC CONES CREAMY CREAMBELL ICED OF PACK WAFFLE,CREAMBELL CLASSIC WAFFLE ICE CREAM CONES PACK OF 12,GROCERY,3,7
2266,20600,BROWN CHOCOLATE MILD MIX PILLSBURY,PILLSBURY MILK CHOCOLATE BROWNIE MIX,GROCERY,1,5
2267,20601,BROWN FUDGE MIX BETTY#CROCKER CHOCOLATE#DARK,BETTY CROCKER DARK CHOCOLATE FUDGE BROWNIE MIX,GROCERY,1,5
2268,20602,CAKES CLASSIC MIX WHITE BETTY#CROCKER,BETTY CROCKER CLASSIC WHITE CAKE MIX,GROCERY,1,5
2269,20603,CHOCOLATE CREAMY FROSTING MILD PILLSBURY SUPREME,PILLSBURY CREAMY SUPREME MILK CHOCOLATE FROSTING,GROCERY,1,6
2270,20604,CREAMY FROSTING RICH BETTY#CROCKER,BETTY CROCKER RICH & CREAMY FROSTING,GROCERY,1,4
2271,20605,COOKIES DECORATIVE FUNFOODS GREEN ICING,FUNFOODS GREEN COOKIE ICING DECORATION,GROCERY,0,5
2272,20606,AMUL BAKING CHIPS CHOCOLATE FOR MINT,AMUL MINI CHOCOLATE CHIPS FOR BAKING,GROCERY,2,6
2273,20607,BAKING BAR CHOCOLATE CO MASON WHITE,MASON & CO WHITE CHOCOLATE BAKING BAR,GROCERY,2,4
2274,20608,BAKING CADBURY COCOA POWDER UNSWEETENED,CADBURY UNSWEETENED BAKING COCOA POWDER,GROCERY,1,5
2275,20609,BREW CAKES FUNFOODS SPRINKLES TUB WITCHES,FUNFOODS WITCHES BREW CAKE SPRINKLES TUB,GROCERY,0,5
2276,20610,CAKES DECORATIVE JIMMIES PURAMATE RAINBOW SPRINKLES,PURAMATE RAINBOW JIMMIES CAKE DECORATION SPRINKLES,GROCERY,0,3
2277,20611,BOX CAKES FUNFOODS SPRINKLES THEME WINTER,FUNFOODS WINTER THEME CAKE SPRINKLES BOX,GROCERY,0,4
2278,20612,MILD SKIMMED AMUL#POWDER,AMUL SKIMMED MILK POWDER,GROCERY,0,3
2279,20613,CONDENSED MILD MILKMAID NESTL SWEETENED,NESTLâ”œÂ® MILKMAID SWEETENED CONDENSED MILK,GROCERY,0,5
2280,20614,CARBONARA EVAPORATED MILD NESTL,NESTLâ”œÂ® CARNATION EVAPORATED MILK,GROCERY,0,2
2281,20615,EXTRA PURE VANILLA WEIKFIELD,WEIKFIELD PURE VANILLA EXTRACT,GROCERY,2,4
2282,20616,BAKER ESSENCE PURE S VANILLA,BAKER'S PURE VANILLA ESSENCE,GROCERY,1,4
2283,20617,BAKER ESSENCE FLAVOUR S VANILLA,BAKER'S VANILLA FLAVOUR ESSENCE,GROCERY,2,4
2284,20618,AJANTA COLOUR FOOD GREEN NATURAL,AJANTA NATURAL GREEN FOOD COLOUR,GROCERY,1,5
2285,20619,AJANTA ASSORTED COLOUR FOOD KIT,AJANTA ASSORTED FOOD COLOUR KIT,GROCERY,1,5
2286,20620,ASSORTED BAKER COLOUR FOOD PACK S,BAKER'S ASSORTED FOOD COLOUR PACK,GROCERY,1,5
2287,20621,CATCH CHILLI POWDER PREMIUM,CATCH PREMIUM CHILI POWDER,GROCERY,1,4
2288,20622,KEYA PAPRIKA SEASONING SMOKE,KEYA SMOKED PAPRIKA SEASONING,GROCERY,0,4
2289,20623,NUTRITION PLATES SEASONING URBAN YEAST,URBAN PLATTER NUTRITIONAL YEAST SEASONING,GROCERY,0,5
2290,20624,CATCH GARLIC POWDER,CATCH GARLIC POWDER,GROCERY,1,3
2291,20625,CREOLE EVEREST MIX SEASONING STYLE,EVEREST CREOLE STYLE SEASONING MIX,GROCERY,0,4
2292,20626,KEYA MIX PIZZA SEASONING,KEYA PIZZA SEASONING MIX,GROCERY,0,4
2293,20646,AMUL COW GHEE PURE,AMUL PURE COW GHEE,GROCERY,0,3
2294,20671,CANS DHAMPURE NATURAL RAW SUGAR,DHAMPURE NATURAL RAW CANE SUGAR,GROCERY,2,5
2295,20692,BLEND COFFEE GROUND HOUSE MEDIUM ROASTED TATA,TATA COFFEE HOUSE BLEND MEDIUM ROAST GROUND COFFEE,GROCERY,1,7
2296,20693,BLUE COFFEE GROUND ITALIAN ROASTED TOKAI,BLUE TOKAI ITALIAN ROAST GROUND COFFEE,GROCERY,2,6
2297,20696,GREEN INDIA ORGANIC TEA,ORGANIC INDIA GREEN TEA,GROCERY,1,4
2298,20698,CADBURY CHOCOLATE DRINK HOT SACHETS,CADBURY HOT CHOCOLATE DRINK SACHETS,GROCERY,1,5
2299,20699,CADBURY COCOA HOT MIX CHOCOLATE#DARK,CADBURY DARK CHOCOLATE HOT COCOA MIX,GROCERY,1,5
2300,20700,FLAVOUR HERSHEY S STRAWBERRY SYRUP,HERSHEY'S STRAWBERRY FLAVOURED SYRUP,GROCERY,2,4
2301,20715,CHERRY CRANBERRY DIET DRINK JUICE REAL,REAL CRANBERRY CHERRY DIET JUICE DRINK,GROCERY,1,6
2302,20722,JUICE LIME BOAT#PAPER,PAPER BOAT LIME JUICE,GROCERY,1,3
2303,20723,CHERRY JUICE PRESERVED RAW TATA,RAW PRESSERY TART CHERRY JUICE,GROCERY,1,5
2304,20724,APPLE INDIA JUICE ORGANIC UNFILTERED,ORGANIC INDIA UNFILTERED APPLE JUICE,GROCERY,1,4
2305,20734,APPLE CUP KISSAN NATURAL SAUCE,KISSAN NATURAL APPLE SAUCE CUPS,GROCERY,2,5
2306,20737,CRACKERS OCEAN PACK SALAD SECRET SNACK TUNA WITH,OCEAN SECRET TUNA SALAD SNACK PACK WITH CRACKERS,GROCERY,3,8
2307,20738,IN OCEAN SECRET SOLID TUNA WATER WHITE,OCEAN SECRET SOLID WHITE TUNA IN WATER,GROCERY,4,5
2308,20739,CHUNKS IN LIGHT OCEAN SECRET TUNA WATER,OCEAN SECRET CHUNK LIGHT TUNA IN WATER,GROCERY,4,6
2309,20746,BAKE BEANS BOURBON BROWN HEINZ SUGAR,HEINZ BOURBON BROWN SUGAR BAKED BEANS,GROCERY,3,6
2310,20747,ADDED BAKE BEANS HEINZ NO SUGAR,HEINZ NO ADDED SUGAR BAKED BEANS,GROCERY,1,5
2311,20749,BEANS CHING CURRY RAJMA S SPICY,CHING'S SPICY RAJMA BEANS CURRY,GROCERY,0,5
2312,20752,EAT PASTA RINGS SUNFEAST MA READY#TO,SUNFEAST READY TO EAT TOMATO PASTA RINGS,GROCERY,0,5
2313,20753,MEATBALLS SPAGHETTI WITH CHEF#ITC#MASTER,ITC MASTER CHEF SPAGHETTI WITH MEATBALLS,GROCERY,1,3
2314,20754,ALPHABET MEATBALLS PASTA SUNFEAST WITH,SUNFEAST ALPHABET PASTA WITH MEATBALLS,GROCERY,1,4
2315,20764,BROTH CHICKEN KNORR LOW SODIUM,KNORR LOW SODIUM CHICKEN BROTH,GROCERY,0,5
2316,20766,BROTH KNORR VEGETABLE VEGETARIAN,KNORR VEGETARIAN VEGETABLE BROTH,GROCERY,0,4
2317,20770,CHEDDAR PASTA SHELLS WHITE WINGREENS,WINGREENS WHITE CHEDDAR PASTA SHELLS,GROCERY,1,5
2318,20771,AND BAMBINO CHEESE FREE GLUTEN MACARONI MIX,BAMBINO GLUTEN FREE MACARONI AND CHEESE MIX,GROCERY,1,7
2319,20772,AND CHEESE MAC MIX RANCH STYLE WINGREENS,WINGREENS RANCH STYLE MAC AND CHEESE MIX,GROCERY,0,7
2320,20935,CHERRY FRUIT KISSAN PRESERVED,KISSAN CHERRY FRUIT PRESERVE,GROCERY,1,4
2321,20936,FRUIT MALA PRESERVED RASPBERRY RED S,MALA'S RED RASPBERRY FRUIT PRESERVE,GROCERY,1,4
2322,20937,JAM MAPRO RASPBERRY RED SEEDLESS,MAPRO SEEDLESS RED RASPBERRY JAM,GROCERY,1,5
2323,20944,CREAMY DILL MUSTARD SAUCE VEEBA,VEEBA CREAMY DILL MUSTARD SAUCE,GROCERY,1,5
2324,20948,CHING FRY S SAUCE SECRET STIR TERIYAKI,CHING'S SECRET TERIYAKI STIR FRY SAUCE,GROCERY,0,6
2325,20950,KEYA MILD MIX SEASONING TATA,KEYA MILD TACO SEASONING MIX,GROCERY,0,5
2326,20951,KEYA LOW MIX SEASONING SODIUM TATA,KEYA LOW SODIUM TACO SEASONING MIX,GROCERY,0,6
2327,20968,BUTTERMILK DRESSING MIX ORIGINAL SALAD VEEBA,VEEBA ORIGINAL BUTTERMILK SALAD DRESSING MIX,GROCERY,1,6
2328,20969,DRESSING SALAD SOUTHERN STYLE VEEBA,VEEBA SOUTHERN STYLE SALAD DRESSING,GROCERY,0,4
2329,20973,CLASSIC CROUTONS SEASONING WINGREENS,WINGREENS CLASSIC SEASONED CROUTONS,GROCERY,0,4
2330,20989,BABY DEL DILL MONTE PICKLED SALT SEA WITH,DEL MONTE BABY DILL PICKLES WITH SEA SALT,GROCERY,4,8
2331,20990,DEL GHERKINS MONTE PICKLED SWEET,DEL MONTE SWEET GHERKIN PICKLES,GROCERY,1,5
2332,20995,JALAPENO PEPPERS SLICED VEEBA,VEEBA SLICED JALAPENO PEPPERS,GROCERY,0,4
2333,20996,DEL JALAPENO MONTE PEPPERS RINGS,DEL MONTE JALAPENO PEPPER RINGS,GROCERY,0,5
2334,20997,ONION PICKLED RED VEEBA,VEEBA PICKLED RED ONIONS,GROCERY,1,4
2335,21009,CHERRY COCA COLA DRINK FLAVOUR SOFT,COCA-COLA CHERRY FLAVOURED SOFT DRINK,GROCERY,2,5
2336,21010,DRINK PROBIOTIC PRESERVED RASPBERRY RAW SPARKLING,RAW PRESSERY PREBIOTIC RASPBERRY SPARKLING DRINK,GROCERY,2,6
2337,21011,BEER DRINK FLAVOUR ROOT SOFT SOSYO,SOSYO ROOT BEER FLAVOURED SOFT DRINK,GROCERY,1,4
2338,21013,CUCUMBERS FLAVOUR HIMALAYAN MELON SPARKLING WATER,HIMALAYAN SPARKLING WATER CUCUMBER MELON FLAVOUR,GROCERY,4,5
2339,21014,HIMALAYAN NATURAL SPARKLING WATER,HIMALAYAN NATURAL SPARKLING WATER,GROCERY,4,4
2340,21019,BINGO CHEESE CHIPS POTATO QUESO,BINGO QUESO CHEESE POTATO CHIPS,GROCERY,0,4
2341,21020,AND OIL OLIVES POPCORN SALT SEA,SEA SALT AND OLIVE OIL POPCORN,GROCERY,3,6
2342,21021,CHEESE CHEETOS PUFF,CHEETOS CHEESE PUFFS,GROCERY,0,3
2343,21022,ACT KERNELS YELLOW II#POPCORN,ACT II YELLOW POPCORN KERNELS,GROCERY,0,4
2344,21023,ACT BUTTER EXTRA MICROWAVE II#POPCORN,ACT II EXTRA BUTTER MICROWAVE POPCORN,GROCERY,2,4
2345,21024,ACT BUTTER MOVIE STYLE TREATS II#POPCORN,ACT II MOVIE THEATRE STYLE BUTTER POPCORN,GROCERY,1,5
2346,21025,HAPPILO MIX MOUNTAIN TRAIL,HAPPILO MOUNTAIN TRAIL MIX,GROCERY,0,3
2347,21026,AND COCKTAIL NUTRAJ PEANUT ROASTED SALTED,NUTRAJ ROASTED AND SALTED COCKTAIL PEANUTS,GROCERY,0,6
2348,20010,AGED BLOCK CHEESE GOURMET KODAI,KODAI AGED GOURMET CHEESE BLOCK,READY TO EAT & DELI,0,4
