DATE,SYMBOL,OPEN,HIGH,LOW,CLOSE,SHARES TRADED,TURNOVER (₹ Cr)
2023-04-21,RELIANCE,1073.0637661728558,1077.7884724738815,1066.5586465106753,1072.310546875,7647317.0,820.0298674396485
2023-04-24,RELIANCE,1084.1794719407253,1086.8727319946267,1071.8539885727766,1076.4190673828125,12936186.0,1392.4757269610595
2023-04-25,RELIANCE,1080.0709122812248,1086.7357798786459,1072.9952636709509,1084.65869140625,9236126.0,1001.8044340823242
2023-04-26,RELIANCE,1086.005534613959,1089.2467445727555,1074.6159592843226,1078.290771484375,8617834.0,929.2530872384277
2023-04-27,RELIANCE,1084.1794457664448,1088.2878596252956,1079.1579437194785,1085.115234375,9167125.0,994.7386992919921
2023-04-28,RELIANCE,1087.3748753991613,1106.5021527689444,1087.2607695641375,1104.949951171875,15565210.0,1719.8778029479981
2023-05-02,RELIANCE,1112.1170391794083,1116.4994278601828,1108.4194062766874,1114.3310546875,12981805.0,1446.602845739746
2023-05-03,RELIANCE,1116.1340858641377,1116.1340858641377,1101.549066588438,1104.767333984375,7061872.0,780.1725502378906
2023-05-04,RELIANCE,1105.2467632974385,1119.717677582049,1102.2567073883076,1117.503662109375,8635233.0,964.9904500667725
2023-05-05,RELIANCE,1114.3081951915199,1123.5978590907398,1112.0257162588239,1114.6505126953125,8746585.0,974.938545458313
2023-05-08,RELIANCE,1118.4167001177036,1133.7778823916174,1115.746261129747,1128.4140625,9153782.0,1032.9256333859375
2023-05-09,RELIANCE,1129.8290394334551,1135.2158009724574,1124.4652198090143,1131.9061279296875,6464721.0,731.7457315255738
2023-05-10,RELIANCE,1136.6766978121202,1141.173192717246,1132.659447469911,1139.6895751953125,10872255.0,1239.0995682365112
2023-05-11,RELIANCE,1140.762158669685,1145.5781493917782,1130.5365853892238,1132.24853515625,10557860.0,1195.4121519384767
2023-05-12,RELIANCE,1127.455243721531,1135.4896227195354,1121.3838473257679,1134.0972900390625,6955341.0,788.8033379397583
2023-05-15,RELIANCE,1136.6310244600713,1143.318592964205,1128.9846046154787,1136.334228515625,6833343.0,776.4961546087646
2023-05-16,RELIANCE,1138.5024831085086,1141.058816015231,1118.4850597805391,1120.1513671875,8717229.0,976.4615982436524
2023-05-17,RELIANCE,1124.3511508366894,1125.2641183192468,1108.830341392445,1113.5322265625,8798967.0,979.7933314959961
2023-05-18,RELIANCE,1118.2112689036005,1121.6122266625744,1107.9856952056505,1111.1356201171875,10525531.0,1169.529241474768
2023-05-19,RELIANCE,1111.1357155261294,1116.5679991928369,1104.1968724046772,1114.741943359375,8050447.0,897.4170933691651
2023-05-22,RELIANCE,1111.5691808774143,1125.720598669704,1110.3595382742935,1120.6990966796875,7434906.0,833.2292438098389
2023-05-23,RELIANCE,1123.2783175836105,1126.6335119735163,1119.0784985578177,1120.49365234375,6092034.0,682.6085426862305
2023-05-24,RELIANCE,1116.544972955841,1124.8075631613845,1110.8615367170432,1113.9656982421875,8112254.0,903.6772691427979
2023-05-25,RELIANCE,1111.0671339157268,1117.960213217733,1102.9186489083418,1113.828857421875,11487863.0,1279.5513319509034
2023-05-26,RELIANCE,1122.0685861761906,1145.349919313803,1118.7590340242448,1144.208740234375,12626260.0,1444.7077048471679
2023-05-29,RELIANCE,1150.8279550929283,1154.9364899661489,1144.5283465169668,1150.6453857421875,10010304.0,1151.8310107476561
2023-05-30,RELIANCE,1150.645307987406,1158.451475420254,1147.7921790871794,1150.3486328125,11342504.0,1304.7833969070311
2023-05-31,RELIANCE,1141.2416143873527,1145.7381091276332,1123.4382047768395,1127.5009765625,27107927.0,3056.421416508496
2023-06-01,RELIANCE,1132.1800927726736,1134.3484659204855,1122.068625138698,1124.4652099609375,14592692.0,1640.8974473675294
2023-06-02,RELIANCE,1128.003101699598,1133.412563645759,1118.8731857024297,1120.7904052734375,15800644.0,1770.9210192341309
2023-06-05,RELIANCE,1126.268543700321,1133.8235582589482,1122.274114564264,1130.8563232421875,10908682.0,1233.6152017938232
2023-06-06,RELIANCE,1133.6865172838243,1135.6265579862757,1123.8946668621782,1131.8148193359375,7493309.0,848.1038172063354
2023-06-07,RELIANCE,1135.3071289198083,1141.241598708449,1128.7335456658939,1140.3970947265625,10312545.0,1176.039635723694
2023-06-08,RELIANCE,1143.9805586437908,1148.9335976883083,1137.133121023714,1141.081787109375,12071109.0,1377.412263011206
2023-06-09,RELIANCE,1144.4369244051343,1145.144501301207,1131.1984746215855,1133.001708984375,5877018.0,665.8671437731933
2023-06-12,RELIANCE,1130.057315904061,1136.311281503828,1125.264025708016,1134.0059814453125,6391969.0,724.8531079213012
2023-06-13,RELIANCE,1138.9591656822827,1151.946463788879,1134.9647365494955,1150.759521484375,11248016.0,1294.3761509808594
2023-06-14,RELIANCE,1150.827933567815,1166.3488637759137,1149.0019986007082,1164.910888671875,13277380.0,1546.696453503418
2023-06-15,RELIANCE,1164.888030487722,1169.7954267696327,1157.4471223513988,1165.23046875,11813494.0,1376.5443151195313
2023-06-16,RELIANCE,1168.72265257123,1178.856942021871,1168.72265257123,1176.574462890625,24171579.0,2843.966257914331
2023-06-19,RELIANCE,1179.5874324568545,1179.5874324568545,1160.7113056227922,1164.88818359375,6798554.0,791.9555220124023
2023-06-20,RELIANCE,1162.9480481347903,1170.457299404325,1157.2189687814275,1167.3074951171875,6921096.0,807.9047235225586
2023-06-21,RELIANCE,1167.2618659292657,1173.1278723617306,1163.1534517577868,1170.5943603515625,6961603.0,814.9213210806519
2023-06-22,RELIANCE,1166.8053921892115,1174.702723824018,1155.8494202932393,1157.4471435546875,7619166.0,881.8781922968994
2023-06-23,RELIANCE,1154.4343325060674,1156.4885999942844,1146.7195697742059,1147.9749755859375,6628570.0,760.9432483919678
2023-06-26,RELIANCE,1144.437098137329,1148.2716583591261,1136.0832218598148,1139.210205078125,12641159.0,1440.0937336815186
2023-06-27,RELIANCE,1139.666736088607,1145.578264166708,1135.1474200849475,1139.62109375,9689466.0,1104.2319840773437
2023-06-28,RELIANCE,1147.1760589375283,1158.519990797568,1140.2600374666351,1154.708251953125,11354006.0,1311.0564420925293
2023-06-30,RELIANCE,1162.423070452648,1167.1021346662303,1156.511421596289,1164.1805419921875,11151555.0,1298.2423343955688
2023-07-03,RELIANCE,1167.7413136446191,1196.934300105854,1166.5087289327182,1194.058349609375,12154387.0,1451.3047281733643
2023-07-04,RELIANCE,1198.3037415268395,1198.3037415268395,1174.6799673322103,1181.7557373046875,8061643.0,952.6892867352173
2023-07-05,RELIANCE,1190.9997357239995,1190.9997357239995,1175.8440646341217,1179.8155517578125,10248062.0,1209.082292297827
2023-07-06,RELIANCE,1175.958111582341,1207.1824197013011,1175.958111582341,1204.5804443359375,19117987.0,2302.9153275268677
2023-07-07,RELIANCE,1202.8686056265724,1216.5406584496827,1199.6730384312104,1202.2294921875,13375267.0,1608.0140453282227
2023-07-10,RELIANCE,1227.4736968882496,1258.1046546175523,1221.1284462814795,1248.541015625,33240016.0,4150.152333603125
2023-07-11,RELIANCE,1256.6894093813987,1264.495455649915,1249.7050458386786,1262.0760498046875,20069348.0,2532.9043445995608
2023-07-12,RELIANCE,1262.806571231475,1279.103541836806,1260.683840337917,1263.468505859375,18733835.0,2366.9610516466064
2023-07-13,RELIANCE,1270.8410235059798,1277.734103452716,1249.54549133918,1252.1702880859375,14682934.0,1838.5533696726807
2023-07-14,RELIANCE,1255.365580017741,1260.3414396091937,1243.9988277461352,1251.1202392578125,15124144.0,1892.212265984961
2023-07-17,RELIANCE,1253.9963391795925,1285.060901535764,1245.3228457945552,1276.6842041015625,22220040.0,2836.7974082504884
2023-07-18,RELIANCE,1285.9509768018002,1295.286283587151,1274.995004828538,1287.52587890625,25867313.0,3330.4834905268067
2023-07-19,RELIANCE,1291.8854597114334,1303.7543992835303,1276.8210735612868,1297.294921875,39122156.0,5075.2974311601565
2023-07-20,RELIANCE,1276.0149599670335,1301.2137583797864,1276.0149599670335,1295.7239990234375,38717624.0,5016.735460196582
2023-07-21,RELIANCE,1290.3576048302098,1293.2755748788927,1248.1205739980844,1255.6134033203125,30249238.0,3798.1348673026123
2023-07-24,RELIANCE,1227.0515368964086,1243.8424839995957,1221.2649818512405,1230.216796875,23727866.0,2919.0419307199218
2023-07-25,RELIANCE,1233.4810641733905,1239.0203294862108,1226.5569523456327,1229.425537109375,12026020.0,1478.5096097788087
2023-07-26,RELIANCE,1229.029726310642,1259.6936470475673,1229.029726310642,1249.4063720703125,12911012.0,1613.110066267627
2023-07-27,RELIANCE,1253.2889256301971,1255.06933898356,1231.6758304667376,1237.7838134765625,17226898.0,2132.3175500811767
2023-07-28,RELIANCE,1242.4081558253793,1257.6412248805652,1236.7204929547063,1250.2225341796875,20827852.0,2603.9449908959473
2023-07-31,RELIANCE,1250.222567835286,1263.1062644351005,1245.3261593927457,1260.8065185546875,8551174.0,1078.1375920495361
2023-08-01,RELIANCE,1263.6503718598296,1265.6286894674379,1239.0697997346808,1242.9769287109375,9536632.0,1185.3813553606444
2023-08-02,RELIANCE,1240.9985763343113,1242.383422770223,1218.4458286875906,1229.697509765625,12748214.0,1567.6447009759277
2023-08-03,RELIANCE,1224.2323775511124,1236.893537376658,1215.700883147937,1224.529052734375,10168350.0,1245.1439993371582
2023-08-04,RELIANCE,1235.8550243989196,1244.3617658987635,1222.4024889169664,1241.1717529296875,22885610.0,2840.4972680565184
2023-08-07,RELIANCE,1246.834785043854,1250.494624650405,1238.9215138972052,1248.244384765625,5982870.0,746.8083882282715
2023-08-08,RELIANCE,1250.2965991690858,1253.486611833248,1236.2258407843067,1240.7264404296875,9844072.0,1221.3800411893556
2023-08-09,RELIANCE,1238.8472469851743,1250.7912910864598,1227.1009863432985,1248.911865234375,11486586.0,1434.5733546435058
2023-08-10,RELIANCE,1248.788167272386,1261.177404750792,1240.6276075945868,1254.475830078125,15470598.0,1940.749126785498
2023-08-11,RELIANCE,1252.4975295128647,1265.5544976220099,1242.5565564009414,1259.767822265625,22179330.0,2794.0806253410647
2023-08-14,RELIANCE,1255.737002454242,1277.1523130180672,1248.8128913733601,1274.6546630859375,9575812.0,1220.5853418634276
2023-08-16,RELIANCE,1261.672044700447,1277.3996937112483,1261.672044700447,1273.6160888671875,10203112.0,1299.4847599713867
2023-08-17,RELIANCE,1269.6348629683328,1275.0752365265755,1252.695518025622,1255.2425537109375,13673744.0,1716.386533734961
2023-08-18,RELIANCE,1251.9041214413387,1274.827925208279,1240.6771930744892,1264.5406494140625,18639978.0,2357.100988518384
2023-08-21,RELIANCE,1260.6443643964944,1268.3374245054665,1248.5836072167706,1250.74267578125,9221746.0,1153.403126741504
2023-08-22,RELIANCE,1249.204008079304,1259.6517042081298,1240.319812990251,1250.44482421875,7713044.0,964.4735948771485
2023-08-23,RELIANCE,1252.8272476636503,1262.0838090060652,1249.2288807667073,1251.8345947265625,9517952.0,1191.4901584546874
2023-08-24,RELIANCE,1260.6195534341234,1260.6195534341234,1226.4227081001463,1230.7904052734375,14140020.0,1740.340094637451
2023-08-25,RELIANCE,1218.9778633049934,1243.2978613921046,1212.3271367872899,1225.1075439453125,22222400.0,2722.4829884570313
2023-08-28,RELIANCE,1226.9189266304347,1232.87484375,1206.6192242506277,1212.897705078125,12580826.0,1525.9254983387207
2023-08-29,RELIANCE,1217.0173382536789,1217.7121468384466,1195.2285336373561,1201.2838134765625,16876644.0,2027.3639263006348
2023-08-30,RELIANCE,1207.066064519438,1212.525656094156,1198.628513903965,1200.142333984375,12168946.0,1460.4467254569824
2023-08-31,RELIANCE,1202.5990605910981,1203.5917135507277,1191.133870437995,1194.6578369140625,21638600.0,2585.072306984863
2023-09-01,RELIANCE,1194.4343955405523,1203.9141576589248,1192.0023233270636,1197.4619140625,18112842.0,2168.943845043164
2023-09-04,RELIANCE,1197.4619529612135,1202.921543874001,1193.8140262826475,1196.494140625,9347626.0,1118.4379737753907
2023-09-05,RELIANCE,1201.1101487589585,1208.033879307401,1197.362859390741,1202.89697265625,8675876.0,1043.6184975541016
2023-09-06,RELIANCE,1201.6560920331103,1209.125708635972,1199.745186611218,1205.4281005859375,8200370.0,988.4956433201904
2023-09-07,RELIANCE,1201.9537313347682,1210.1679582595825,1196.6430625915527,1207.06591796875,13652572.0,1647.9554353814453
2023-09-08,RELIANCE,1211.0365924741222,1218.9778160313297,1202.5742018862823,1215.1064453125,23109288.0,2808.0244795382814
2023-09-11,RELIANCE,1216.9924464989115,1229.326207160582,1216.9924464989115,1228.20947265625,13271074.0,1629.9658799122071
2023-09-12,RELIANCE,1232.3785847782628,1232.3785847782628,1209.026400892418,1210.4658203125,16255666.0,1967.6928079416016
2023-09-13,RELIANCE,1211.0365644667,1222.2783103355039,1204.2120756300537,1216.52099609375,12803338.0,1557.552949708496
2023-09-14,RELIANCE,1220.9630582690309,1223.8417758931353,1213.5181615722684,1217.6376953125,9209636.0,1121.3999953707032
2023-09-15,RELIANCE,1224.9336610195687,1224.9336610195687,1215.7516218263509,1219.89599609375,25468592.0,3106.9033406945314
2023-09-18,RELIANCE,1211.061482045193,1216.4962329024152,1207.0908701058952,1209.274658203125,7516300.0,908.9271113452148
2023-09-20,RELIANCE,1202.623922773179,1204.882232531632,1168.8488809798134,1182.3240966796875,57081884.0,6748.92869370747
2023-09-21,RELIANCE,1178.7504333612094,1186.269851496792,1171.3303774506073,1173.7127685546875,12226182.0,1435.0025924073486
2023-09-22,RELIANCE,1179.2716708437545,1182.4729522811776,1166.367182863141,1168.823974609375,19176786.0,2241.428723275342
2023-09-25,RELIANCE,1166.5657437194718,1171.6779308453931,1158.9720452955405,1161.6273193359375,14254884.0,1655.8862688364745
2023-09-26,RELIANCE,1160.684310036077,1166.4664650387544,1159.2201711598175,1162.644775390625,10087782.0,1172.850703757959
2023-09-27,RELIANCE,1163.1411580463555,1177.1872222950064,1160.6595255350553,1175.747802734375,11722778.0,1378.3030475442872
2023-09-28,RELIANCE,1182.7460248832851,1182.7460248832851,1153.959088482433,1158.4757080078125,14518346.0,1681.9151161452392
2023-09-29,RELIANCE,1162.2973995824232,1175.847137006539,1158.475709840611,1163.8856201171875,12342014.0,1436.469261788501
2023-10-03,RELIANCE,1156.4158809171215,1159.2201982891547,1149.4921506176527,1150.5592041015625,8859056.0,1019.2868420451172
2023-10-04,RELIANCE,1146.0178196869251,1150.981084388904,1139.1189302205564,1148.5738525390625,10286386.0,1181.4673996723877
2023-10-05,RELIANCE,1151.1052273242312,1156.1428927957072,1146.017880733707,1148.5491943359375,10953682.0,1258.084263611206
2023-10-06,RELIANCE,1150.0132553057874,1153.8597853939605,1147.5316229908371,1150.4847412109375,5431026.0,624.8312542119874
2023-10-09,RELIANCE,1145.5711149238573,1147.4818990309532,1139.0691900320726,1140.6822509765625,7576878.0,864.2810252414795
2023-10-10,RELIANCE,1144.8018394410437,1150.435072150941,1143.4121010954177,1145.719970703125,10236032.0,1172.762628315625
2023-10-11,RELIANCE,1148.7227620999727,1166.2182699823193,1148.0031129607796,1163.910400390625,9814118.0,1142.275401086084
2023-10-12,RELIANCE,1163.3148210249558,1171.0078811502246,1160.485663265934,1166.0693359375,12554450.0,1463.9359174560548
2023-10-13,RELIANCE,1161.4039150831682,1170.0896281233202,1156.0187245288932,1166.019775390625,10150316.0,1183.5469182463867
2023-10-16,RELIANCE,1163.885548402189,1168.6254903286665,1159.4186102633319,1163.4140625,5929036.0,689.792385946875
2023-10-17,RELIANCE,1169.3451452373686,1171.18152891328,1162.0491704758838,1168.972900390625,7928180.0,926.7827569418945
2023-10-18,RELIANCE,1168.9729714451066,1174.8048077319042,1151.9737890772074,1153.4627685546875,8918320.0,1028.695007805664
2023-10-19,RELIANCE,1147.5068298823098,1152.37085365543,1142.0472385636656,1144.603271484375,12032556.0,1377.2502961918944
2023-10-20,RELIANCE,1141.5508934053469,1148.846868358942,1139.7145096810816,1141.104248046875,8913312.0,1017.1018187367188
2023-10-23,RELIANCE,1136.5875839948083,1144.6528889030683,1119.340239652529,1123.2860107421875,7853962.0,882.2245643500733
2023-10-25,RELIANCE,1116.7594889591046,1132.2200112886635,1113.2603628260954,1120.680419921875,11620688.0,1302.3077507621094
2023-10-26,RELIANCE,1117.2307983645155,1120.7050833883056,1101.993601137725,1105.07080078125,15222534.0,1682.1977837299805
2023-10-27,RELIANCE,1111.7712909465938,1128.3982276638756,1109.761144511754,1124.5765380859375,11771084.0,1323.748489423877
2023-10-30,RELIANCE,1128.6464350717906,1153.9590859902871,1126.6362885582769,1147.7550048828125,16813304.0,1929.755381461621
2023-10-31,RELIANCE,1155.4480281047179,1155.4480281047179,1133.0636557231696,1135.5452880859375,12808438.0,1454.456141864087
2023-11-01,RELIANCE,1136.1656826268284,1150.236586425296,1129.2419526519689,1140.2603759765625,10309190.0,1175.5160865413818
2023-11-02,RELIANCE,1148.4746196953226,1153.6116471680004,1145.4966608528325,1151.57666015625,10562104.0,1216.3072448542969
2023-11-03,RELIANCE,1155.0509397455937,1158.897469898072,1149.3680258840427,1151.3284912109375,8850156.0,1018.9436754461426
2023-11-06,RELIANCE,1157.5822297180116,1161.4039192346488,1154.256866662586,1160.9075927734375,10647304.0,1236.0536056166993
2023-11-07,RELIANCE,1158.4507493206686,1160.9572220726066,1151.2540159543112,1153.3634033203125,6960204.0,802.7644573243653
2023-11-08,RELIANCE,1157.4333936812945,1161.9003321646271,1152.3460470752768,1159.3690185546875,7884494.0,914.1038070580322
2023-11-09,RELIANCE,1159.344192861405,1159.3689122452765,1143.6353879313751,1146.787109375,14513610.0,1664.4020858496094
2023-11-10,RELIANCE,1144.3055869187945,1149.6659373563402,1140.5831381668131,1148.9461669921875,7734954.0,888.7045750160888
2023-11-13,RELIANCE,1152.9167762849927,1153.7606282722284,1147.3579437297892,1148.79736328125,3854810.0,442.83955639501954
2023-11-15,RELIANCE,1161.4039352802765,1172.2982770196893,1154.9516911953863,1169.5684814453125,12220648.0,1429.2884723637696
2023-11-16,RELIANCE,1166.9131951067154,1178.3534231349859,1164.8533675821152,1171.6778564453125,13134910.0,1538.98831934021
2023-11-17,RELIANCE,1167.8064883385834,1177.9067803474445,1167.3846835483773,1169.121826171875,7758634.0,907.07883506792
2023-11-20,RELIANCE,1165.6474702823514,1170.5362129509904,1159.61703140789,1166.0445556640625,4490186.0,523.5756939218994
2023-11-21,RELIANCE,1174.3083747965666,1185.227556641674,1171.4296571663483,1180.7109375,8214450.0,969.8890960546875
2023-11-22,RELIANCE,1178.7752974396924,1188.4288224829827,1177.3855591701267,1185.3267822265625,8534814.0,1011.6543615522216
2023-11-23,RELIANCE,1185.3268657327444,1191.1835423841578,1185.3268657327444,1188.9500732421875,8531542.0,1014.3577485768799
2023-11-24,RELIANCE,1187.0144298509326,1192.474021001291,1186.7414260587238,1188.1558837890625,6749486.0,801.9441503451905
2023-11-28,RELIANCE,1188.1558894990753,1191.034607263244,1178.899449291774,1188.404052734375,13792174.0,1639.0675477617676
2023-11-29,RELIANCE,1195.1540911072586,1197.1145563492605,1190.2156671664848,1191.5308837890625,12531306.0,1493.1438113211182
2023-11-30,RELIANCE,1188.5529645510346,1191.530923348677,1176.2440439527552,1179.9913330078125,28439984.0,3355.893463088086
2023-12-01,RELIANCE,1180.2643464861462,1189.3967050711567,1180.0658643673892,1188.3544921875,14342842.0,1704.4380721435548
2023-12-04,RELIANCE,1215.9999042684663,1215.9999042684663,1190.4887710727894,1201.2093505859375,15590990.0,1872.8042972891847
2023-12-05,RELIANCE,1210.5403299982054,1211.4585824899339,1201.929016778731,1209.919921875,12693624.0,1535.8268558390625
2023-12-06,RELIANCE,1214.560584514323,1227.3905513904704,1208.5549856031337,1221.5091552734375,16422442.0,2006.0163254947022
2023-12-07,RELIANCE,1220.9630401277734,1221.4345260102064,1212.0291642243994,1219.4989013671875,8142096.0,992.9277126826172
2023-12-08,RELIANCE,1222.8739302715144,1229.2516522307412,1213.5181285411948,1218.8536376953125,10204894.0,1243.8272174195067
2023-12-11,RELIANCE,1218.9777608532804,1224.7351961410227,1217.1909371644088,1220.6405029296875,7066138.0,862.5214242090576
2023-12-12,RELIANCE,1220.9630282642331,1223.4198198791,1201.1843713898427,1203.1201171875,9197124.0,1106.5244904667968
2023-12-13,RELIANCE,1202.102614795848,1210.2176004047437,1194.3103140708777,1208.03369140625,10031182.0,1211.800582062793
2023-12-14,RELIANCE,1217.9851619285064,1228.3831772791464,1212.3518080035872,1223.0228271484375,16972354.0,2075.757637244409
2023-12-15,RELIANCE,1229.8969303201395,1240.8161121066785,1225.9511593183302,1238.63232421875,15932152.0,1973.4078461566405
2023-12-18,RELIANCE,1238.6323699765335,1258.1379030406688,1236.3243792186838,1251.239013671875,14165188.0,1772.403586159668
2023-12-19,RELIANCE,1268.1140495332209,1277.4945707453207,1253.3234974409622,1269.6527099609375,16820604.0,2135.6325451779785
2023-12-20,RELIANCE,1276.080186427869,1289.8780864366483,1250.7426960684581,1254.2913818359375,17736722.0,2224.7017546619873
2023-12-21,RELIANCE,1254.2170195322976,1277.2962009364337,1249.8741628164655,1271.8614501953125,13765454.0,1750.7750287036865
2023-12-22,RELIANCE,1270.3973397701047,1280.9689971307214,1264.4661412408368,1273.102294921875,16541784.0,2105.9383172501953
2023-12-26,RELIANCE,1274.5663382448713,1286.453332624264,1271.935783794956,1279.554443359375,7465664.0,955.2723543828125
2023-12-27,RELIANCE,1281.5150092423955,1290.3992050276352,1277.0977519092014,1283.9222412109375,9204156.0,1181.7420599975098
2023-12-28,RELIANCE,1285.38634910855,1296.4047727896045,1283.922210219302,1293.2034912109375,12302636.0,1590.9811826297364
2023-12-29,RELIANCE,1295.958012986606,1297.3973111899322,1280.1748079960485,1282.97900390625,10864584.0,1393.9033158175782
2024-01-01,RELIANCE,1280.7952766903763,1293.848686885263,1277.1223881648045,1285.609619140625,4030540.0,518.1700994331055
2024-01-02,RELIANCE,1283.0039664322292,1297.8937610136477,1277.0480485996618,1296.255859375,7448800.0,965.55506453125
2024-01-03,RELIANCE,1295.412048372221,1307.3238832997818,1279.132516403198,1282.16015625,9037536.0,1158.7568569875
2024-01-04,RELIANCE,1284.4928354763001,1295.337616733607,1280.0755785995668,1288.7860107421875,9612778.0,1238.8813810770264
2024-01-05,RELIANCE,1291.8881165287519,1300.3009471094986,1289.456165302221,1294.2705078125,8086406.0,1046.5996799998047
2024-01-08,RELIANCE,1295.4120337021336,1306.3063750382337,1275.0378087074926,1284.1702880859375,7734652.0,993.2610287084473
2024-01-09,RELIANCE,1290.448874370277,1293.8239187379374,1279.1326061603381,1280.7705078125,5403074.0,692.0097830728515
2024-01-10,RELIANCE,1279.0333061103788,1319.7320764251056,1278.0654937339266,1315.3148193359375,11102740.0,1460.3598457233886
2024-01-11,RELIANCE,1319.7321386109766,1352.489686993197,1318.7394856296971,1349.9088134765625,23725852.0,3202.7736722040527
2024-01-12,RELIANCE,1349.9087552154863,1363.2350482099334,1335.8626919019084,1360.6541748046875,15012164.0,2042.6363619452636
2024-01-15,RELIANCE,1364.897836134336,1386.1901939086483,1355.9639593887296,1383.88232421875,8610594.0,1191.6048837624023
2024-01-16,RELIANCE,1379.7627106993223,1386.0413130880693,1360.4308194226976,1364.5255126953125,9069024.0,1237.4914623246093
2024-01-17,RELIANCE,1349.511582817391,1376.0898877655304,1345.0694854389078,1351.5712890625,12197382.0,1648.5631312927735
2024-01-18,RELIANCE,1341.4712027363942,1360.92717605878,1341.3222805612156,1357.8995361328125,10279438.0,1395.8444091906006
2024-01-19,RELIANCE,1365.890429247957,1365.890429247957,1349.015329468004,1357.4031982421875,10422704.0,1414.781174393164
2024-01-23,RELIANCE,1361.6716823004633,1361.6716823004633,1312.8332056966303,1318.8138427734375,20055420.0,2644.9365518635254
2024-01-24,RELIANCE,1325.4149927095905,1339.5851376107455,1314.1980872328543,1334.00146484375,21919128.0,2924.0148860097656
2024-01-25,RELIANCE,1333.0831783387705,1354.1274927557365,1325.390118278632,1343.1337890625,11808872.0,1586.0894993914062
2024-01-29,RELIANCE,1354.474931519067,1441.8283899094502,1350.1817560391485,1437.4111328125,23893438.0,3434.4693782365234
2024-01-30,RELIANCE,1449.2235971647833,1449.2484377227322,1394.1066401470152,1397.2830810546875,14093978.0,1969.3277004156982
2024-01-31,RELIANCE,1393.6847810610707,1423.7125336444733,1392.195801594125,1416.1435546875,15130226.0,2142.6572030865236
2024-02-01,RELIANCE,1424.4569627393994,1432.745590517861,1407.631543948549,1416.1683349609375,13349362.0,1890.494375633081
2024-02-02,RELIANCE,1422.6453963923934,1464.0638152243819,1422.6453963923934,1446.9901123046875,19652588.0,2843.7100517197755
2024-02-05,RELIANCE,1450.0177530325548,1459.6961190035063,1421.007495677393,1428.452392578125,8814432.0,1259.0996479617188
2024-02-06,RELIANCE,1431.2565145548228,1431.2565145548228,1409.3933108861847,1417.309814453125,9047984.0,1282.3796524214845
2024-02-07,RELIANCE,1425.3752031215413,1438.8504181404362,1418.7491963623445,1431.554443359375,9296568.0,1330.8543228392577
2024-02-08,RELIANCE,1439.3467435794867,1448.752105824393,1417.0368932886952,1439.4708251953125,14694634.0,2115.2496929923095
2024-02-09,RELIANCE,1443.31729322881,1461.1602045826953,1440.2896534634558,1450.0177001953125,12556798.0,1820.75793577771
2024-02-12,RELIANCE,1450.017752117624,1450.2659153474917,1431.7529141646626,1441.679443359375,6674430.0,962.2388527141113
2024-02-13,RELIANCE,1444.8063713272154,1468.1337156942297,1443.3173918995335,1454.3358154296875,7715594.0,1122.1064691514405
2024-02-14,RELIANCE,1446.7916226083244,1472.749520552248,1446.7916226083244,1470.4912109375,7117888.0,1046.67917444375
2024-02-15,RELIANCE,1472.4516121931645,1473.8165098910026,1455.750276105359,1459.7952880859375,10006782.0,1460.7853212503173
2024-02-16,RELIANCE,1465.6271998466532,1466.1483668657747,1447.8339689108675,1449.843994140625,9767498.0,1416.1348313080566
2024-02-19,RELIANCE,1451.3082561823699,1468.6300012389227,1442.8458657695369,1463.17041015625,6729828.0,984.6885195041016
2024-02-20,RELIANCE,1464.1880192365334,1464.659505178025,1451.0602075132595,1460.2174072265625,7117496.0,1039.309155506543
2024-02-21,RELIANCE,1463.170510366537,1477.5888193115914,1446.8414171157522,1456.916748046875,12720292.0,1853.240645484668
2024-02-22,RELIANCE,1457.3633484018678,1474.0398440634356,1447.2878974462733,1470.8634033203125,18493728.0,2720.174770616016
2024-02-23,RELIANCE,1478.556551746289,1486.5474563697878,1472.4517119404402,1482.6512451171875,14438584.0,2140.73845453291
2024-02-26,RELIANCE,1482.5768223248915,1483.5446346905887,1471.607959051116,1476.3974609375,7513106.0,1109.2330622154298
2024-02-27,RELIANCE,1472.1291493159843,1488.9297276070065,1467.1907251784094,1474.73486328125,10826044.0,1596.5544518216798
2024-02-28,RELIANCE,1472.1042938560004,1480.3185210789975,1439.5205099276588,1444.930419921875,8647950.0,1249.568602496338
2024-02-29,RELIANCE,1454.2365988812116,1468.1088998815815,1443.8385832706604,1450.0675048828125,23628976.0,3426.361027125586
2024-03-01,RELIANCE,1452.7475417409498,1488.979373154373,1451.7548888255137,1481.1622314453125,12132926.0,1797.083174812085
2024-03-04,RELIANCE,1479.5243736818861,1501.337897909408,1476.2982516112518,1496.3250732421875,10024420.0,1499.9790990710449
2024-03-05,RELIANCE,1494.7119691573153,1496.3250301461744,1475.1319146195472,1489.1778564453125,7107668.0,1058.4581796564942
2024-03-06,RELIANCE,1482.4775132325713,1497.9133152152726,1467.6373999640691,1491.9573974609375,7805676.0,1164.57360503833
2024-03-07,RELIANCE,1491.9325571368477,1492.056638756749,1464.7091224345347,1468.059326171875,8315726.0,1220.797910818994
2024-03-11,RELIANCE,1478.060156044582,1478.060156044582,1452.7475073010382,1455.82470703125,11277130.0,1641.752447840332
2024-03-12,RELIANCE,1455.8248476863198,1477.0676458601295,1454.2614676999044,1464.5850830078125,9432678.0,1381.4959491615966
2024-03-13,RELIANCE,1468.9029635812572,1472.2034859914554,1417.2850129833478,1421.6527099609375,13522134.0,1922.377844555493
2024-03-14,RELIANCE,1429.1224321842872,1437.882667347047,1415.0268084821887,1420.9578857421875,18571102.0,2638.875383382251
2024-03-15,RELIANCE,1415.4733954219128,1422.694969713975,1402.5193474045138,1407.80517578125,19223818.0,2706.3390478676756
2024-03-18,RELIANCE,1409.5671563330236,1431.1325169373013,1406.1177116464064,1428.8990478515625,9169392.0,1310.2135498177734
2024-03-19,RELIANCE,1418.252849649116,1427.0378036957165,1406.8373411480031,1414.778564453125,8275764.0,1170.837351167285
2024-03-20,RELIANCE,1417.458614341769,1434.3833942099568,1413.5625245390722,1433.142578125,8488806.0,1216.5669316042968
2024-03-21,RELIANCE,1441.8532357214951,1447.1887452733042,1434.060934378195,1440.3145751953125,13006936.0,1873.4079499432617
2024-03-22,RELIANCE,1439.321893152815,1449.2732629085037,1436.716179238339,1444.3348388671875,19527608.0,2820.44045541416
2024-03-26,RELIANCE,1434.3835274360674,1441.7291835759677,1428.4276096750873,1430.983642578125,11415906.0,1633.5974751209474
2024-03-27,RELIANCE,1437.3614966588377,1488.9794509587407,1436.368843691532,1481.8819580078125,16326644.0,2419.4159178416503
2024-03-28,RELIANCE,1481.90676076149,1494.8856495085238,1467.786296896486,1474.933349609375,21854364.0,3223.3730298102537
2024-04-01,RELIANCE,1481.509712382751,1482.9986918329437,1471.6080232736622,1473.8663330078125,5013880.0,738.9788929741211
2024-04-02,RELIANCE,1473.0968689675985,1483.0233977342266,1464.1629930776332,1476.025146484375,8910166.0,1315.1629075350097
2024-04-03,RELIANCE,1471.186101560143,1473.5436523631188,1458.1079713887636,1460.7880859375,7008292.0,1023.7629456371094
2024-04-04,RELIANCE,1468.878217464342,1468.878217464342,1439.3467919062653,1452.1768798828125,14490272.0,2104.243798161328
2024-04-05,RELIANCE,1450.1417667351745,1459.9938949751336,1445.3025839763254,1449.3724365234375,7442298.0,1078.6661585593506
2024-04-08,RELIANCE,1452.226356281804,1480.0206375610207,1450.2658910334067,1475.057373046875,8357118.0,1232.7228523322754
2024-04-09,RELIANCE,1478.060211901015,1478.8543827139295,1451.7549092714805,1452.896484375,7071414.0,1027.4032540160156
2024-04-10,RELIANCE,1455.5766564963697,1476.0749645358123,1455.5766564963697,1468.7044677734375,9138330.0,1342.1506098988036
2024-04-12,RELIANCE,1465.031599863232,1475.5536963762681,1452.3255942645226,1456.3707275390625,15551012.0,2264.8038660408693
2024-04-15,RELIANCE,1450.2658952456557,1471.2356878788278,1435.6986653849476,1454.062744140625,12902062.0,1876.0407676792481
2024-04-16,RELIANCE,1442.6721581376476,1460.3662698899807,1440.265047408789,1454.9810791015625,9366184.0,1362.762050338379
2024-04-18,RELIANCE,1452.7475160786112,1475.0822062813913,1448.6279823176308,1453.56640625,19005692.0,2762.6035418734373
2024-04-19,RELIANCE,1446.0720814485837,1463.1705049395248,1432.4231028577299,1459.323974609375,15741778.0,2297.2354038378417
2024-04-22,RELIANCE,1461.6317610616636,1471.9305352298081,1457.0160218672338,1468.9774169921875,10350362.0,1520.4448035694093
2024-04-23,RELIANCE,1468.1337674689391,1482.5272357774581,1444.8561033979943,1448.603271484375,14605554.0,2115.76533062417
2024-04-24,RELIANCE,1452.7475596039474,1457.7605053579202,1438.8504186169605,1439.5205078125,10462776.0,1506.1380620648438
2024-04-25,RELIANCE,1431.9018276580116,1457.189636393573,1430.9091747445573,1449.2484130859375,15943926.0,2310.670945385962
2024-04-26,RELIANCE,1453.1943211694756,1454.2366552962403,1439.346860190818,1441.878173828125,9413848.0,1357.3621962935547
2024-04-29,RELIANCE,1439.3467183436048,1457.1152296530197,1439.3467183436048,1454.2613525390625,7247974.0,1054.044847240796
2024-04-30,RELIANCE,1457.2144546560796,1472.178648628076,1452.1271085524606,1456.2218017578125,11474262.0,1670.90704834812
2024-05-02,RELIANCE,1461.185178797564,1466.4710074185996,1453.368036621592,1455.7752685546875,14512646.0,2112.7151128089113
2024-05-03,RELIANCE,1460.1925152681529,1464.1134460205978,1405.7455242326487,1423.46435546875,17226958.0,2452.1960666157224
2024-05-06,RELIANCE,1424.9533097670264,1429.4202480421582,1407.5818831415143,1409.095703125,7394208.0,1041.91467208125
2024-05-07,RELIANCE,1405.571689953147,1410.311631866643,1381.772860502106,1391.17822265625,14517472.0,2019.6390894421875
2024-05-08,RELIANCE,1387.2325360419566,1422.4220356245855,1387.2325360419566,1408.1279296875,9439002.0,1329.1322344576172
2024-05-09,RELIANCE,1402.6186490602306,1413.2896685063718,1379.787630710347,1383.88232421875,11009612.0,1523.6007443306642
2024-05-10,RELIANCE,1386.4879762578594,1399.6406275450738,1377.8766636438304,1397.0845947265625,10505096.0,1467.6507787723633
2024-05-13,RELIANCE,1389.6149314683873,1396.6379028351905,1373.8317248456565,1392.394287109375,8456620.0,1177.4949376254883
2024-05-14,RELIANCE,1390.6818338615062,1416.590049599915,1389.738862101979,1409.6414794921875,7188300.0,1013.2925847033691
2024-05-15,RELIANCE,1410.063563528233,1419.468926315315,1402.6435067088078,1405.86962890625,5046534.0,709.4768881842773
2024-05-16,RELIANCE,1408.1278405018506,1417.0120356183081,1387.75361519461,1414.8778076171875,14711774.0,2081.536254327954
2024-05-17,RELIANCE,1412.5948920294334,1426.6408349602225,1402.8668442157614,1425.15185546875,10916476.0,1555.7636026580078
2024-05-21,RELIANCE,1415.1260338425998,1431.231803864575,1415.1260338425998,1425.57373046875,11176128.0,1593.239448515625
2024-05-22,RELIANCE,1425.7226630539947,1457.9838844507517,1425.7226630539947,1449.9185791015625,10281604.0,1490.7488662564942
2024-05-23,RELIANCE,1447.8340020088174,1481.2615172416956,1444.3100355832012,1475.1319580078125,14608260.0,2154.911117688721
2024-05-24,RELIANCE,1472.724715385057,1477.5638984586112,1465.2549777906743,1469.37451171875,7094776.0,1042.4883020753907
2024-05-27,RELIANCE,1469.3497180106694,1473.990419113941,1450.8119965034373,1455.4774169921875,6629010.0,964.8374352015381
2024-05-28,RELIANCE,1457.2144512745626,1467.6373066821805,1442.0764946111178,1445.5010986328125,7820162.0,1130.4052762486572
2024-05-29,RELIANCE,1435.8724890871501,1447.287997987601,1427.8815843874524,1430.1895751953125,7383556.0,1055.98848190708
2024-05-30,RELIANCE,1424.9532474164846,1429.817270893488,1409.6663684202383,1414.3814697265625,13206858.0,1867.953522851001
2024-05-31,RELIANCE,1420.7841589242364,1431.653659822201,1411.800601617005,1419.8907470703125,31069832.0,4411.57669698291
2024-06-03,RELIANCE,1472.1043222829317,1503.3728901534053,1448.2806515244756,1499.228515625,21527942.0,3227.5304529121095
2024-06-04,RELIANCE,1487.0437791255476,1487.0437791255476,1349.3131842665355,1387.0091552734375,36709098.0,5091.585500782983
2024-06-05,RELIANCE,1411.5524616660985,1420.6352601794422,1373.9308915121778,1410.3116455078125,17464890.0,2463.093775451294
2024-06-06,RELIANCE,1424.4569533735907,1433.0929853880773,1410.9072166555904,1421.0819091796875,17855722.0,2537.4443509541748
2024-06-07,RELIANCE,1418.004611799037,1461.1850112482903,1416.0193060772324,1459.1500244140625,18558696.0,2707.9921721493165
2024-06-10,RELIANCE,1459.150058153404,1482.3781598703026,1457.2888339961758,1460.5894775390625,9251760.0,1351.3023304716796
2024-06-11,RELIANCE,1458.20717740815,1462.847878399236,1443.9874724286744,1445.9727783203125,11774902.0,1702.6187759389404
2024-06-12,RELIANCE,1446.7916974833406,1465.1557773484808,1444.4838278075101,1452.5738525390625,10081742.0,1464.4474817244873
2024-06-13,RELIANCE,1461.1851486521073,1461.433311890669,1449.3725542618724,1454.4847412109375,9181160.0,1335.385712661621
2024-06-14,RELIANCE,1459.199879544848,1468.8038455887872,1446.518713499826,1466.6944580078125,8157998.0,1196.529045503882
2024-06-18,RELIANCE,1476.4224025999808,1476.4720837189377,1460.5399547367645,1470.1439208984375,7196766.0,1058.0281785028565
2024-06-19,RELIANCE,1476.571240472528,1476.571240472528,1445.3026730272272,1447.9332275390625,8725874.0,1263.448290391919
2024-06-20,RELIANCE,1448.280730003189,1471.9554798675892,1439.446094050177,1462.8726806640625,16113776.0,2357.2402692740234
2024-06-21,RELIANCE,1462.7982011333013,1463.8652545834836,1429.9909727182371,1443.515869140625,31170360.0,4499.4909306826175
2024-06-24,RELIANCE,1434.9045699529108,1438.8503408924523,1426.9385064042085,1430.88427734375,8878386.0,1270.3942935588868
2024-06-25,RELIANCE,1432.3982039886682,1445.2282918111714,1430.4128980926341,1443.46630859375,7045386.0,1016.9777322038086
2024-06-26,RELIANCE,1435.425808927042,1507.8149506909176,1434.5075565031482,1502.9013671875,22014882.0,3308.6196256271483
2024-06-27,RELIANCE,1502.6283145931025,1526.2038207675607,1494.9352546835423,1519.304931640625,28383030.0,4312.247745390381
2024-06-28,RELIANCE,1519.7764812043604,1569.3842873036351,1519.7764812043604,1553.89892578125,28957336.0,4499.677330388672
2024-07-01,RELIANCE,1551.0450507194453,1567.7960689891884,1544.2454023527885,1548.6875,7724306.0,1196.2536148375
2024-07-02,RELIANCE,1557.968834801107,1561.9394466769938,1545.5606726889605,1553.6756591796875,7749246.0,1203.9814887195557
2024-07-03,RELIANCE,1554.8170660210362,1563.4283787351976,1531.440162014497,1541.019287109375,9049620.0,1394.5638961010743
2024-07-04,RELIANCE,1545.5606622734106,1555.983518377374,1539.4062623766438,1542.6075439453125,6837176.0,1054.7079276881836
2024-07-05,RELIANCE,1542.4088769403465,1586.755694667964,1536.6267221432645,1576.9532470703125,12269710.0,1934.8759025111085
2024-07-08,RELIANCE,1577.3255888697254,1596.9801663885871,1570.898185044045,1589.13818359375,9500806.0,1509.8093589516602
2024-07-09,RELIANCE,1585.8623208770043,1588.7410386525216,1568.887979750272,1578.5911865234375,6960002.0,1098.6997815385498
2024-07-10,RELIANCE,1583.2814308954767,1585.7630632323035,1551.6654591589945,1572.5855712890625,7134578.0,1121.9734420036377
2024-07-11,RELIANCE,1575.8365135146928,1592.4634499565013,1558.9614138424095,1569.036865234375,11940946.0,1873.578447977295
2024-07-12,RELIANCE,1572.8586162043875,1593.3569240772113,1562.9320865975437,1584.9937744140625,12924784.0,2048.5702175646484
2024-07-15,RELIANCE,1592.6620057625546,1594.0517441522056,1573.8512804915936,1585.4901123046875,5329688.0,845.0167625668945
2024-07-16,RELIANCE,1581.792452589091,1588.24469666931,1557.5965372882695,1564.669189453125,9386838.0,1468.7296204987792
2024-07-18,RELIANCE,1564.4210812674708,1582.1895936713806,1546.3795650620239,1575.0177001953125,12298374.0,1937.0156733621827
2024-07-19,RELIANCE,1574.3475621142547,1578.293333314245,1541.3915329908289,1543.7242431640625,13140390.0,2028.5138607630615
2024-07-22,RELIANCE,1525.9557698439748,1526.203933085127,1488.2597977476694,1489.6495361328125,19674376.0,2930.792508210254
2024-07-23,RELIANCE,1489.9719903646578,1494.6870915999891,1452.2511804820083,1476.96826171875,18052044.0,2666.229604715039
2024-07-24,RELIANCE,1474.0895996286229,1498.4095963901725,1465.552808673545,1484.7109375,11913362.0,1768.7898863796875
2024-07-25,RELIANCE,1470.1189136102262,1489.4508041915794,1466.2227025912728,1481.4351806640625,12519876.0,1854.7384763951661
2024-07-26,RELIANCE,1481.4352554076795,1501.3131545447015,1479.4002684339398,1497.9381103515625,9859940.0,1476.9579891779786
2024-07-29,RELIANCE,1500.8416167163412,1516.2774189432153,1500.6679751498336,1508.9317626953125,7538550.0,1137.5157539666748
2024-07-30,RELIANCE,1505.8792447159437,1513.795627121447,1498.9058340677934,1502.03271484375,8228208.0,1235.9037600539064
2024-07-31,RELIANCE,1492.9499231376883,1499.3524857083617,1490.1208866802617,1494.364501953125,10057346.0,1502.9340846260254
2024-08-01,RELIANCE,1500.8913109431162,1506.8472288436842,1493.2479314401046,1504.1671142578125,10764222.0,1619.118874297046
2024-08-02,RELIANCE,1493.9425575637474,1498.2357327232485,1482.3037269895096,1488.3092041015625,10268248.0,1528.232800839746
2024-08-05,RELIANCE,1469.1262655731218,1472.9976360481728,1422.7197433328897,1436.6912841796875,17046704.0,2449.0851060791015
2024-08-06,RELIANCE,1444.4590050773538,1466.6447748995176,1440.6620347326755,1445.3524169921875,10236186.0,1479.4896175881593
2024-08-07,RELIANCE,1458.2071184913539,1461.6814036613468,1450.7622216985117,1454.062744140625,8174568.0,1188.633477824414
2024-08-08,RELIANCE,1446.816580877676,1454.2366377811502,1435.3018303695276,1438.478271484375,12387192.0,1781.8706536705079
2024-08-09,RELIANCE,1449.2732763644294,1465.6520496932055,1445.3026646483625,1463.46826171875,6249776.0,914.6348818851562
2024-08-12,RELIANCE,1459.199797918004,1462.1777566892652,1447.0397996020206,1449.8936767578125,8184584.0,1186.6776588493165
2024-08-13,RELIANCE,1450.0178268110735,1459.2742672925806,1447.28803114191,1452.8717041015625,6265064.0,910.2334209985352
2024-08-14,RELIANCE,1452.7973239887267,1461.1851932386814,1443.0195951522678,1451.1097412109375,6267466.0,909.4780965308349
2024-08-16,RELIANCE,1457.8598362701878,1469.5235088888628,1447.3377388233519,1467.339599609375,9416902.0,1381.7793210240723
2024-08-19,RELIANCE,1476.6025720306277,1492.3397678065596,1474.6105280885965,1482.4791259765625,13797742.0,2045.4864500610108
2024-08-20,RELIANCE,1491.268975771349,1497.9423959482733,1484.0976661921165,1489.9990234375,8411808.0,1253.358570534375
2024-08-21,RELIANCE,1487.30978907883,1501.8766102174725,1484.072717714687,1492.7132568359375,7769996.0,1159.8376034762207
2024-08-22,RELIANCE,1497.0210123494212,1500.5070892244864,1484.720165407205,1492.1654052734375,10445782.0,1558.6834531427978
2024-08-23,RELIANCE,1497.768063961028,1505.3128818837536,1492.4642955105633,1494.008056640625,9249654.0,1381.9057597138183
2024-08-26,RELIANCE,1500.9802618699923,1516.941539085057,1497.021098650585,1506.5828857421875,8816114.0,1328.2206471152099
2024-08-27,RELIANCE,1504.4912711730515,1507.4544123852302,1493.485179145279,1494.481201171875,6251156.0,934.2235127592774
2024-08-28,RELIANCE,1499.0131426615155,1501.4782728482842,1487.0608784010915,1492.33984375,9610286.0,1434.1812707632812
2024-08-29,RELIANCE,1497.1205913811584,1530.885760314005,1488.0568158159556,1514.874755859375,38335358.0,5807.326609103174
2024-08-30,RELIANCE,1527.89778785993,1533.599989641746,1497.3447635789732,1503.6197509765625,41620730.0,6258.175167806275
2024-09-02,RELIANCE,1504.8647654458696,1520.7264647058682,1500.6316718721823,1510.2183837890625,11240852.0,1697.6141339852052
2024-09-03,RELIANCE,1515.1984708784905,1516.941509382377,1501.5031683479538,1503.1217041015625,10923800.0,1641.980087126465
2024-09-04,RELIANCE,1494.7301447200666,1511.4633627071519,1493.534966971581,1508.525146484375,11983304.0,1807.7115421966796
2024-09-05,RELIANCE,1513.0072347057646,1519.7054581926027,1481.1345314015284,1487.035888671875,16264168.0,2418.540151538867
2024-09-06,RELIANCE,1486.5627588054047,1491.0448575756723,1455.8105811316245,1458.997802734375,19394228.0,2829.6136037729493
2024-09-09,RELIANCE,1460.666261949736,1464.07768593117,1449.809597840599,1456.63232421875,9010298.0,1312.4691317643556
2024-09-10,RELIANCE,1454.6901127162012,1466.1942153054945,1451.7766997689328,1455.7110595703125,10768260.0,1567.5475174328612
2024-09-11,RELIANCE,1457.2300550346945,1462.9073318760024,1441.7917138302157,1445.7259521484375,9760202.0,1411.0577329611083
2024-09-12,RELIANCE,1451.2039809867947,1480.088617533546,1440.1232367942907,1473.913330078125,22349376.0,3294.1043205328124
2024-09-13,RELIANCE,1470.5268529366479,1477.2500011980833,1463.6542770635715,1466.766845703125,8711328.0,1277.7487092445313
2024-09-16,RELIANCE,1471.6723576050656,1475.0090069946318,1458.9232273463058,1465.4969482421875,5481774.0,803.3523067953369
2024-09-17,RELIANCE,1468.1364260685732,1471.5975781970765,1460.790763828237,1466.4432373046875,5935328.0,870.3821606785157
2024-09-18,RELIANCE,1464.1522884024148,1476.10455198121,1454.7399294679985,1457.6282958984375,8574714.0,1249.8745755636476
2024-09-19,RELIANCE,1460.4171894563083,1470.6264144806405,1449.7598031867433,1463.82861328125,16955902.0,2482.0534511592773
2024-09-20,RELIANCE,1468.136427109257,1489.0528890965668,1465.5218693608433,1480.0140380859375,30897320.0,4572.84673392334
2024-09-23,RELIANCE,1485.0687739665293,1495.5270047691104,1483.026880271187,1487.434326171875,8832314.0,1313.7487023128417
2024-09-24,RELIANCE,1482.5786761041754,1494.530939532627,1481.9561623839436,1483.4501953125,17137444.0,2542.254464895703
2024-09-25,RELIANCE,1477.9970102640052,1490.5468626388433,1474.3116560624171,1488.0069580078125,7069002.0,1051.8724162171143
2024-09-26,RELIANCE,1484.7202013028073,1498.017070530802,1482.1305684499498,1491.9910888671875,18818998.0,2807.7777317409423
2024-09-27,RELIANCE,1493.0369361114394,1527.3747692811157,1486.0647823070499,1520.1038818359375,20597478.0,3131.030626383032
2024-09-30,RELIANCE,1513.3558880158446,1518.9086621673466,1468.5348969230117,1470.701171875,27008814.0,3972.189440075391
2024-10-01,RELIANCE,1474.7599230273088,1482.0308103038055,1457.0057588364782,1458.997802734375,16431642.0,2397.372957331787
2024-10-03,RELIANCE,1430.8602791168494,1443.634334423912,1396.4975195620746,1401.3780517578125,37757294.0,5291.224310536694
2024-10-04,RELIANCE,1398.34020617394,1411.711728297617,1376.2782950115372,1381.0093994140625,37072876.0,5119.799021931201
2024-10-07,RELIANCE,1387.9566419173104,1390.9447078848398,1355.9594355150189,1365.272216796875,22181340.0,3028.3567233325193
2024-10-08,RELIANCE,1367.513224520688,1395.4267642320656,1359.669551595401,1391.791259765625,17020808.0,2368.941180854883
2024-10-09,RELIANCE,1391.9656892391695,1395.4019165531051,1367.0402140253339,1369.1318359375,14310610.0,1959.3111742685546
2024-10-10,RELIANCE,1374.5352199766685,1380.4864268287754,1363.9774115920343,1365.595947265625,22358646.0,3053.2876363946775
2024-10-11,RELIANCE,1364.5501018082973,1377.7723178051706,1363.3797273571677,1366.6417236328125,7980122.0,1090.5967684880127
2024-10-14,RELIANCE,1373.962442591221,1374.5849563155427,1362.8070452852592,1367.0650634765625,12221432.0,1670.7492712854491
2024-10-15,RELIANCE,1353.1207855156183,1366.243302159234,1335.3666207605413,1338.678466796875,33762794.0,4519.752530669873
2024-10-16,RELIANCE,1334.6695151768993,1358.5740438069333,1332.3039628645522,1348.6884765625,20034438.0,2702.021566500586
2024-10-17,RELIANCE,1360.2671814831224,1363.0062419523483,1346.6715786036464,1351.0291748046875,15543660.0,2099.993814324463
2024-10-18,RELIANCE,1346.796043723323,1362.9814005892638,1335.9891081789099,1353.8927001953125,12082452.0,1635.8343563260255
2024-10-21,RELIANCE,1361.686598848784,1368.5342502099143,1352.3239675798945,1363.7532958984375,14067408.0,1918.4474024748047
2024-10-22,RELIANCE,1363.7532474009167,1370.5262455038624,1334.8935348257999,1338.006103515625,15831960.0,2118.3259110615236
2024-10-23,RELIANCE,1332.1793705575924,1352.0748848775756,1329.689315659354,1333.2003173828125,17214742.0,2295.069949806323
2024-10-24,RELIANCE,1329.9633130042932,1338.3547254831988,1317.8616212723593,1334.4703369140625,22155934.0,2956.643670962573
2024-10-25,RELIANCE,1338.1555171764887,1339.002111534351,1316.7410448137834,1322.5677490234375,18597496.0,2459.6448422192384
2024-10-28,RELIANCE,1331.6813526124565,1347.6177038778262,1316.8406011796387,1329.0418701171875,10824350.0,1438.6014366802979
2024-10-29,RELIANCE,1322.8167478889227,1337.856655249044,1315.0478495098762,1334.66943359375,12008361.0,1602.7192374259278
2024-10-30,RELIANCE,1329.6893351932274,1344.62966480214,1320.0776988278842,1338.553955078125,11984423.0,1604.1796805979247
2024-10-31,RELIANCE,1334.6694245700712,1337.6574904459744,1320.8745447599274,1326.7510986328125,9331650.0,1238.0776889556885
2024-11-01,RELIANCE,1327.7471304089104,1336.6116286385318,1327.6972806767253,1333.3248291015625,2127335.0,283.64285753167724
2024-11-04,RELIANCE,1332.5280301195805,1334.6695017714562,1279.9878687625326,1296.9700927734375,19796890.0,2567.597425992554
2024-11-05,RELIANCE,1287.8564249120313,1304.3406373759979,1281.0336986406933,1300.1075439453125,16267479.0,2114.947216887195
2024-11-06,RELIANCE,1304.7888451117578,1323.0160966964434,1295.0277806900112,1320.0777587890625,21625209.0,2854.6957430065063
2024-11-07,RELIANCE,1318.7331565363688,1318.7331565363688,1297.4182609581876,1300.4561767578125,9611974.0,1249.99509591355
2024-11-08,RELIANCE,1292.4879180085577,1296.4720058402277,1269.9279963447846,1278.6431884765625,19814406.0,2533.555526560913
2024-11-11,RELIANCE,1273.8622221377802,1280.884225507143,1261.9598084895413,1267.6370849609375,9056552.0,1148.0421177077149
2024-11-12,RELIANCE,1270.4759075040322,1284.1712099692156,1262.4578817905294,1269.1810302734375,10671091.0,1354.3546269521607
2024-11-13,RELIANCE,1265.196886863478,1270.3761523895544,1244.5294313213271,1247.0693359375,14633633.0,1824.9154987663087
2024-11-14,RELIANCE,1248.613186761178,1267.537605244334,1246.1231316976048,1262.5574951171875,12612633.0,1592.4174327312378
2024-11-18,RELIANCE,1262.55746761959,1267.8364328732807,1238.951794764919,1255.7347412109375,13620611.0,1710.3874429219848
2024-11-19,RELIANCE,1255.734688515481,1276.4021442257297,1230.236550606767,1236.710693359375,14183746.0,1754.1190350093261
2024-11-21,RELIANCE,1236.7107220331202,1239.0014996478671,1212.407761281373,1218.1348876953125,19433843.0,2367.3042160293335
2024-11-22,RELIANCE,1224.509420421979,1263.8024380613526,1217.586994857739,1260.3662109375,20471957.0,2580.216287456543
2024-11-25,RELIANCE,1284.868314871977,1299.260783408558,1277.3483005192684,1281.8802490234375,28923341.0,3707.62595636698
2024-11-26,RELIANCE,1289.7986377983043,1292.687125909721,1279.0914013187908,1290.545654296875,9247557.0,1193.4394499212647
2024-11-27,RELIANCE,1288.3543972122054,1298.6632001168684,1280.8842325588682,1288.0555419921875,9572746.0,1233.0228537383546
2024-11-28,RELIANCE,1284.818474176107,1291.442044503892,1264.0017125526565,1265.7447509765625,15027412.0,1902.0867859762207
2024-11-29,RELIANCE,1274.9081506356404,1294.3305794929802,1270.177046170391,1287.0595703125,13202307.0,1699.215557455371
2024-12-02,RELIANCE,1282.876370557777,1306.133460567327,1271.9699779978703,1303.9422607421875,11024152.0,1437.4857681645508
2024-12-03,RELIANCE,1311.7609017834461,1321.5219654799555,1301.8006823317874,1318.035888671875,16869482.0,2223.45826993042
2024-12-04,RELIANCE,1320.7251432865569,1323.1156203515295,1298.8625094957517,1303.742919921875,19608540.0,2556.4495195004883
2024-12-05,RELIANCE,1309.1214514378748,1324.6593698468237,1300.9541199209712,1316.7908935546875,16858723.0,2219.941292336096
2024-12-06,RELIANCE,1318.6334884089777,1318.6334884089777,1304.7887589399247,1306.3326416015625,9037514.0,1180.5999537131104
2024-12-09,RELIANCE,1297.8166732313093,1309.7689372979064,1287.9560310594236,1289.9979248046875,14650002.0,1889.8472178384523
2024-12-10,RELIANCE,1284.121290398709,1289.7488386952925,1275.107243177966,1279.73876953125,16043729.0,2053.178200915283
2024-12-11,RELIANCE,1279.8882324099652,1284.8683422637005,1270.9738844056644,1273.115234375,11724373.0,1492.6477879794923
2024-12-12,RELIANCE,1264.9479526569407,1273.1152845047754,1255.5853214463157,1257.876220703125,20906813.0,2629.818292338696
2024-12-13,RELIANCE,1254.9877622795104,1270.1272485556606,1234.6688884780408,1267.78662109375,28630222.0,3629.7012410543944
2024-12-16,RELIANCE,1269.9280595585296,1275.904191603511,1261.511722229068,1263.2547607421875,9486781.0,1198.422126236853
2024-12-17,RELIANCE,1256.033537225462,1258.8721754853295,1237.8561365143116,1240.34619140625,17462791.0,2165.990630817334
2024-12-18,RELIANCE,1235.714673937889,1254.9378248920182,1235.714673937889,1248.2645263671875,12670179.0,1581.5734988422485
2024-12-19,RELIANCE,1234.0712121990753,1239.947766097918,1224.1109925687356,1225.55517578125,14244653.0,1745.760821135791
2024-12-20,RELIANCE,1219.1309339507777,1234.5692750261348,1196.7204388413884,1200.50537109375,20312896.0,2438.574075046875
2024-12-23,RELIANCE,1210.1667348774333,1222.3181546925216,1208.3738466363206,1217.437744140625,10052824.0,1223.8687372802735
2024-12-24,RELIANCE,1217.4377030050357,1228.6429501715868,1216.1428258096823,1217.8858642578125,6734917.0,820.2360211249634
2024-12-26,RELIANCE,1219.3798917928577,1222.8161189414398,1209.4196721335327,1211.7105712890625,10016178.0,1213.6708766512938
2024-12-27,RELIANCE,1213.4536884394554,1223.0154756156849,1212.1588111658666,1216.1927490234375,7000397.0,851.3832071685425
2024-12-30,RELIANCE,1211.5611874241417,1218.3340640862093,1203.294156174512,1205.8837890625,8818766.0,1063.4406958935547
2024-12-31,RELIANCE,1203.1945530395503,1214.2503727116298,1201.3519366916562,1210.6148681640625,6405475.0,775.4563272653198
2025-01-01,RELIANCE,1210.0172807004092,1221.4218053468785,1206.7802092584152,1216.391845703125,5892590.0,716.7698426071777
2025-01-02,RELIANCE,1216.3918076943417,1239.4994683243335,1215.1467802555553,1236.860107421875,15486276.0,1915.4356996924805
2025-01-03,RELIANCE,1238.9518139936486,1257.0296379589822,1230.5852047154665,1246.1729736328125,15521102.0,1934.1977833398194
2025-01-06,RELIANCE,1248.961727102304,1256.9797527645217,1210.1667191829588,1213.15478515625,14816766.0,1797.5030573440429
2025-01-07,RELIANCE,1217.1388288273843,1239.5493228115217,1216.3918123612464,1235.913818359375,10070505.0,1244.6276287357177
2025-01-08,RELIANCE,1244.0314575822304,1265.9937909556584,1240.395953024955,1260.4658203125,19346579.0,2438.5701569475586
2025-01-09,RELIANCE,1261.9598138402198,1264.6988742096441,1243.0852464738894,1249.758544921875,12794704.0,1599.0290653746094
2025-01-10,RELIANCE,1248.8621307808614,1251.750618829338,1231.0831628192257,1236.959716796875,8120332.0,1004.4523571016601
2025-01-13,RELIANCE,1225.1070543419412,1240.2963897717905,1221.5213994754447,1234.9178466796875,13764861.0,1699.847250596521
2025-01-14,RELIANCE,1239.1509590647415,1248.3641626627486,1222.3680125031533,1233.822265625,13095266.0,1615.7230765082031
2025-01-15,RELIANCE,1239.9974688456068,1251.9995818882041,1236.90982514039,1247.2186279296875,9578856.0,1194.6927637456054
2025-01-16,RELIANCE,1253.8920943102864,1269.9280238633037,1246.3223515830243,1261.4119873046875,14117603.0,1780.8113656208618
2025-01-17,RELIANCE,1316.9900509904955,1320.7251333812799,1279.888232575373,1297.169189453125,29366277.0,3809.3029733345948
2025-01-20,RELIANCE,1310.764916385877,1310.764916385877,1295.0775703121099,1300.2568359375,14040244.0,1825.592323923047
2025-01-21,RELIANCE,1305.2868371165837,1307.776892128252,1265.1471016946018,1268.6331787109375,14562976.0,1847.5074534371095
2025-01-22,RELIANCE,1273.2149526536994,1277.7966294698952,1263.6530443254642,1272.0196533203125,10273590.0,1306.820839015503
2025-01-23,RELIANCE,1264.9478840486133,1272.2686211078578,1256.581275301743,1258.6231689453125,8720682.0,1097.6052414204346
2025-01-24,RELIANCE,1260.9638702056575,1267.9360243063209,1238.5533748820974,1241.34228515625,14235970.0,1767.171153121582
2025-01-27,RELIANCE,1234.1708090151494,1235.515414368934,1215.1468135462453,1224.4595947265625,9536019.0,1167.64699600448
2025-01-28,RELIANCE,1233.0752790316255,1239.7984277662488,1213.6528493538253,1229.4896240234375,10568025.0,1299.3277083920289
2025-01-29,RELIANCE,1231.0832160878692,1237.8063647194172,1223.1648896668228,1230.585205078125,5928156.0,729.5101066995118
2025-01-30,RELIANCE,1230.635044492625,1251.9996679975989,1227.497550840604,1248.0654296875,9269259.0,1156.8641716719726
2025-01-31,RELIANCE,1250.8541794958078,1261.9598488917904,1244.0314532484974,1260.0673828125,6584612.0,829.7054809675781
2025-02-01,RELIANCE,1260.0673469134033,1265.495739501575,1236.0632421918099,1259.5693359375,7118453.0,896.6185118112305
2025-02-03,RELIANCE,1246.0235355947286,1251.003645649064,1232.6270881824535,1240.94384765625,9252345.0,1148.1640604143067
2025-02-04,RELIANCE,1243.0852829885687,1283.6731787459128,1241.6409781641657,1280.08740234375,16691069.0,2136.602715855029
2025-02-05,RELIANCE,1277.5476050956522,1285.366353249074,1271.6212014188793,1273.115234375,10112028.0,1287.3776897226562
2025-02-06,RELIANCE,1268.6331564996678,1282.8763195509282,1265.2965071593937,1276.4520263671875,9956001.0,1270.8357650963744
2025-02-07,RELIANCE,1271.073491533156,1278.5933846345008,1256.979756005846,1261.6610107421875,8764283.0,1105.7554148210572
2025-02-10,RELIANCE,1259.469777897567,1261.461821832557,1240.5952102474196,1248.6629638671875,6970972.0,870.4394558555176
2025-02-11,RELIANCE,1259.5196705337273,1259.5196705337273,1225.2066396338644,1229.937744140625,8859714.0,1089.6896650891113
2025-02-12,RELIANCE,1214.5989377224967,1222.0193743195214,1188.6027887286011,1211.7105712890625,21131654.0,2560.54485406228
2025-02-13,RELIANCE,1212.2086229517822,1223.1150152108587,1207.1786632211406,1211.2623291015625,8511216.0,1030.9315315646484
2025-02-14,RELIANCE,1214.1507532507958,1219.1308629852126,1200.6546072366423,1212.40771484375,10298145.0,1248.555044657959
2025-02-17,RELIANCE,1206.2821918357026,1222.6169765728448,1199.7084711054922,1220.02734375,8166683.0,996.3576567738281
2025-02-18,RELIANCE,1219.9775298877432,1225.0074896525716,1211.2623373341316,1220.525390625,6673250.0,814.4871062988282
2025-02-19,RELIANCE,1214.6488125132394,1227.8461038341088,1212.706618273488,1222.567138671875,6217338.0,760.1113128815917
2025-02-20,RELIANCE,1219.0810452834291,1234.4198079853766,1217.1388510698625,1228.0950927734375,7795582.0,957.371599951294
2025-02-21,RELIANCE,1223.8121434284387,1235.0672403005465,1217.2882724889691,1223.264404296875,6904025.0,844.5448028875733
2025-02-24,RELIANCE,1211.7105497558396,1218.3838481751116,1205.68456833515,1209.718505859375,7172498.0,867.6703563839355
2025-02-25,RELIANCE,1206.1826029932777,1216.1428226711741,1196.7203942992758,1199.21044921875,11552182.0,1385.3497365676758
2025-02-27,RELIANCE,1207.975493883109,1210.166693583284,1195.8738026303336,1202.298095703125,11509215.0,1383.750727753784
2025-02-28,RELIANCE,1197.218393771922,1212.5073065135477,1188.5530513693543,1195.325927734375,23007298.0,2750.121982651123
2025-03-03,RELIANCE,1199.2104168056296,1201.6506219268736,1151.4013636439433,1166.5906982421875,17944938.0,2093.4397751332763
2025-03-04,RELIANCE,1157.576687742468,1169.3297956512124,1154.9373267832577,1157.2779541015625,11377373.0,1316.6782948490356
2025-03-05,RELIANCE,1156.3815647449799,1178.2940491759787,1152.3974766666165,1170.9234619140625,8664095.0,1014.499211175232
2025-03-06,RELIANCE,1192.2383549047067,1209.1208794668382,1180.4355183146993,1204.7882080078125,14468014.0,1743.0892660491943
2025-03-07,RELIANCE,1211.1627762331514,1249.8084792402678,1207.178688153437,1244.828369140625,16474965.0,2050.850381259888
2025-03-10,RELIANCE,1240.0473535020744,1252.9956391209716,1230.4855669004469,1233.4736328125,11931051.0,1471.663682024121
2025-03-11,RELIANCE,1235.0672477916657,1244.5294565449083,1224.858022557904,1242.3382568359375,10089838.0,1253.4991752677001
2025-03-12,RELIANCE,1252.995610693361,1257.9757204337955,1239.0513034201438,1252.0494384765625,11977555.0,1499.6491012072142
2025-03-13,RELIANCE,1255.0376050433522,1259.1212710412995,1238.901975238559,1242.9359130859375,9505270.0,1181.444144657837
2025-03-17,RELIANCE,1237.208673957254,1252.3980085038181,1228.1946267891797,1233.9217529296875,16640917.0,2053.358947499744
2025-03-18,RELIANCE,1233.9217529296875,1233.9217529296875,1233.9217529296875,1233.9217529296875,0.0,0.0
2025-03-19,RELIANCE,1236.113132982547,1248.2645525643281,1233.8720835165427,1242.1888427734375,16162399.0,2007.6751710252563
2025-03-20,RELIANCE,1246.8700894970418,1267.9359786597456,1245.0773228865291,1264.101318359375,15971477.0,2018.9565131846437
2025-03-21,RELIANCE,1269.927977701306,1275.9041093610767,1265.0474458622177,1271.2725830078125,21780769.0,2768.929446652649
2025-03-24,RELIANCE,1285.86434660882,1300.8046759652354,1279.141198398433,1296.920166015625,20299319.0,2632.659616748413
2025-03-25,RELIANCE,1302.497915186312,1302.497915186312,1277.4977874103538,1280.33642578125,13713899.0,1755.840442918506
2025-03-26,RELIANCE,1285.8643858858131,1288.6532960847499,1263.7028966635362,1267.98583984375,12074747.0,1531.0608215695802
2025-03-27,RELIANCE,1273.0655062272906,1279.8882324099652,1266.242780044616,1273.115234375,15028056.0,1913.2447036640624
2025-03-28,RELIANCE,1274.9081198538831,1290.5954658598978,1263.9518781988888,1270.027587890625,18147129.0,2304.735447101001
2025-04-01,RELIANCE,1259.5693287834792,1272.8164693011493,1244.330265958221,1247.6170654296875,12099648.0,1509.5727330492186
2025-04-02,RELIANCE,1242.5873186806543,1250.5554948342144,1238.9518139936486,1246.1729736328125,10142590.0,1263.9421540638427
2025-04-03,RELIANCE,1228.145018441354,1246.8204315907722,1228.145018441354,1243.732666015625,7434366.0,924.6363845315918
2025-04-04,RELIANCE,1236.1628160172713,1240.4954871764826,1188.4036122186155,1199.9075927734375,17908652.0,2148.872751113721
2025-04-07,RELIANCE,1127.6960086529814,1166.590714623955,1110.415052053189,1161.062744140625,22156106.0,2572.462923183057
2025-04-08,RELIANCE,1167.3378163352843,1191.8399338970503,1158.6724733291408,1177.4971923828125,19555040.0,2302.600469693359
2025-04-09,RELIANCE,1164.8477193030515,1185.0670143686195,1163.3536863154889,1180.6346435546875,10223104.0,1206.97507470625
2025-04-11,RELIANCE,1190.3957018139643,1217.786306450343,1190.3957018139643,1214.1009521484375,11224242.0,1362.7362899344482
2025-04-15,RELIANCE,1246.0235343416643,1246.0235343416643,1232.1788040875913,1235.1668701171875,13378535.0,1652.4723202703246
2025-04-16,RELIANCE,1229.1907298200806,1235.9637280756608,1224.1110419207541,1234.3701171875,8248464.0,1018.1657474296875
2025-04-17,RELIANCE,1235.266450081142,1275.1073305428426,1222.7165970526498,1269.4300537109375,15398401.0,1954.7193008492554
2025-04-21,RELIANCE,1264.947875835223,1295.7249783909904,1261.9598099867933,1290.346435546875,10429964.0,1345.8266870282228
2025-04-22,RELIANCE,1294.8286411452223,1298.713151385602,1281.1831879455033,1286.0635986328125,13051707.0,1678.532527272107
2025-04-23,RELIANCE,1291.840547250601,1300.8047453425481,1280.286716249035,1294.82861328125,10480888.0,1357.0953674996094
2025-04-24,RELIANCE,1287.2588872304611,1299.3107293954529,1285.1672652984741,1296.4222412109375,10468940.0,1357.2166657902833
2025-04-25,RELIANCE,1298.3146947064158,1319.928323767296,1282.9759313802824,1295.22705078125,14431012.0,1869.1437112548829
2025-04-28,RELIANCE,1334.669497851195,1369.1318351951852,1314.9482133535364,1363.35498046875,31104496.0,4240.646953657031
2025-04-29,RELIANCE,1365.5461749701867,1405.2874774645995,1364.5501529607263,1394.1319580078125,32538970.0,4536.361795765747
2025-04-30,RELIANCE,1396.4228227174156,1406.7814756764847,1363.5540972183608,1399.410888671875,25480745.0,3565.8032004471434
2025-05-02,RELIANCE,1408.3751233126775,1421.024554216323,1403.4945911426703,1414.152099609375,13007841.0,1839.5065661534911
2025-05-05,RELIANCE,1425.3074680112338,1433.773654928142,1421.2238021682567,1425.6063232421875,12685649.0,1808.4741428830932
2025-05-06,RELIANCE,1425.3074785225756,1426.3035005201455,1404.9886054552057,1415.2476806640625,14084117.0,1993.2513918451293
2025-05-07,RELIANCE,1415.2476117092147,1418.733688530858,1397.1199392858432,1400.4068603515625,13440169.0,1882.17048718844
2025-05-08,RELIANCE,1398.51446598441,1415.1481063364454,1392.438756100913,1401.4029541015625,16106175.0,2257.1241224276732
2025-05-09,RELIANCE,1379.9884666950659,1389.251519832932,1369.032224808638,1371.721435546875,13668904.0,1874.9928617232422
2025-05-12,RELIANCE,1394.430721507353,1433.275577320772,1394.430721507353,1430.7855224609375,10674081.0,1527.2320560375367
2025-05-13,RELIANCE,1427.7974767909468,1441.9409399606418,1406.7814377941193,1410.0682373046875,11407896.0,1608.5911804075195
2025-05-14,RELIANCE,1414.3512435205853,1424.2118856620737,1409.8691445094285,1418.7337646484375,5570160.0,790.2574066494141
2025-05-15,RELIANCE,1419.3313670179805,1455.5865925696291,1407.0802476372012,1448.4151611328125,20177211.0,2922.4978321775757
2025-05-16,RELIANCE,1447.4191020051853,1455.1881221330052,1441.542669553187,1450.6064453125,9036695.0,1310.8688011323243
2025-05-19,RELIANCE,1446.3234565863577,1448.81351147394,1432.4787270944578,1435.0684814453125,6195791.0,889.1384381722535
2025-05-20,RELIANCE,1432.4787356808251,1439.2517336495314,1416.1440727881434,1418.932861328125,11270560.0,1599.2167949570312
2025-05-21,RELIANCE,1418.235682967954,1430.486680037078,1412.458707007589,1423.5145263671875,6136364.0,873.520329307666
2025-05-22,RELIANCE,1415.5464438973825,1418.1361984129633,1391.3431818014155,1403.79345703125,12134466.0,1703.4283975368164
2025-05-23,RELIANCE,1401.0045498118507,1428.0964217220903,1401.0045498118507,1421.124267578125,6474883.0,920.1613361029052
2025-05-26,RELIANCE,1426.3034970063507,1435.2676949623963,1419.430920923106,1429.0924072265625,4842944.0,692.1014499023438
2025-05-27,RELIANCE,1420.4269591196573,1431.2836233071982,1408.275539274527,1416.44287109375,12640414.0,1790.4424297973633
2025-05-28,RELIANCE,1414.4508509493858,1416.9409060075968,1405.0882196135674,1407.279541015625,5944611.0,836.5729439596436
2025-05-29,RELIANCE,1406.4826358531975,1414.3512339364067,1402.996558868143,1412.1600341796875,13771917.0,1944.815078143982
2025-05-30,RELIANCE,1412.3591925541664,1424.9090454066043,1404.0921613404494,1415.2476806640625,13788484.0,1951.4120000873536
2025-06-02,RELIANCE,1406.4826830156508,1411.8612262898896,1390.0483195350275,1408.0762939453125,8098668.0,1140.3542423333497
2025-06-03,RELIANCE,1416.6421539546416,1420.8253977642241,1397.8173136420837,1399.908935546875,11252626.0,1575.265168576709
2025-06-04,RELIANCE,1409.0722382665938,1420.0284799827916,1400.506473605418,1417.8372802734375,8126827.0,1152.251829093274
2025-06-05,RELIANCE,1422.3193687346825,1448.913106617055,1417.9368477633755,1436.662109375,13716817.0,1970.643124513086
2025-06-06,RELIANCE,1435.2676355449807,1445.7258660607492,1431.28354772945,1437.7576904296875,8182161.0,1176.3964902083862
2025-06-09,RELIANCE,1451.204075048637,1451.70208605586,1439.5506661134996,1443.0367431640625,7885125.0,1137.8525099441529
2025-06-10,RELIANCE,1444.2318404180787,1448.1163503747662,1430.2875329933524,1432.777587890625,7913181.0,1133.7828385721923
2025-06-11,RELIANCE,1440.0485867347081,1462.7578142878924,1437.3592545136698,1443.13623046875,8195700.0,1182.7511604052734
2025-06-12,RELIANCE,1447.7179200254843,1451.2039968882907,1428.6939248911115,1435.865234375,8828114.0,1267.5981977699219
2025-06-13,RELIANCE,1418.335338487147,1429.7895915718395,1408.6739736495979,1422.2198486328125,9757276.0,1387.6991595788575
2025-06-16,RELIANCE,1421.223780491138,1436.6621211041454,1418.7337255535563,1432.0804443359375,8458093.0,1211.2669581674684
2025-06-17,RELIANCE,1442.2398094911548,1442.2398094911548,1420.12817043809,1425.506591796875,10366599.0,1477.7655209014893
2025-06-18,RELIANCE,1424.3114328610282,1437.0605628519918,1420.028489708749,1424.4110107421875,6681735.0,951.753690486145
2025-06-19,RELIANCE,1424.4110453044384,1434.1721095891817,1420.0285241646616,1427.598388671875,10007230.0,1428.6305423068848
2025-06-20,RELIANCE,1425.3075053013417,1465.148385952672,1422.4190171371765,1460.367431640625,29010635.0,4236.6186525213625
2025-06-23,RELIANCE,1447.2199506188397,1457.9770367383994,1436.2637087352834,1451.0048828125,5989078.0,869.0181421544922
2025-06-24,RELIANCE,1459.1721495093714,1469.1323689599471,1437.359244595668,1445.0286865234375,16402744.0,2370.2435617700194
2025-06-25,RELIANCE,1458.1762135192969,1466.5428226679085,1454.690136506102,1461.463134765625,7525851.0,1099.8753794239014
2025-06-26,RELIANCE,1463.2558362824063,1492.8377614283193,1459.2717484446844,1489.3516845703125,14657893.0,2183.0757631801393
2025-06-27,RELIANCE,1493.4353527246628,1515.9454247275912,1490.9452978220222,1509.3717041015625,11117052.0,1677.9763721825684
2025-06-30,RELIANCE,1507.7781788170053,1518.734421010171,1490.0489382705405,1494.630615234375,8409527.0,1256.9136513840087
2025-07-01,RELIANCE,1494.630607775488,1525.3081343971446,1494.132596769193,1522.320068359375,10368523.0,1578.4210642145752
2025-07-02,RELIANCE,1522.3200879079554,1523.9136988316197,1502.6983810571346,1512.75830078125,6361002.0,962.2658576786133
2025-07-03,RELIANCE,1514.7502729656235,1525.8060926058627,1506.9812529023668,1511.76220703125,11283291.0,1705.765290473584
2025-07-04,RELIANCE,1517.9375659885409,1523.913698138102,1511.1645675851503,1521.2244873046875,6603501.0,1004.5407423140991
2025-07-07,RELIANCE,1520.5271677380254,1538.65484117058,1518.933556847784,1535.367919921875,7251074.0,1113.306640457959
2025-07-08,RELIANCE,1529.8897875590692,1538.7544076502807,1524.1128113419518,1531.4833984375,7171261.0,1098.2667167362304
2025-07-09,RELIANCE,1530.586937987722,1544.8301010282516,1504.0927774643353,1512.9573974609375,8870660.0,1342.093066736084
2025-07-10,RELIANCE,1513.654605815878,1518.6347158851345,1501.5031858807802,1511.16455078125,10047129.0,1518.286518192627
2025-07-11,RELIANCE,1505.9852937598653,1508.9733598189127,1484.3716645666439,1489.2520751953125,7234991.0,1077.472536076941
2025-07-14,RELIANCE,1486.263916129696,1494.0329360309418,1473.2160528053016,1477.7977294921875,10311846.0,1523.8822605673095
2025-07-15,RELIANCE,1480.2878335086834,1490.5469086437597,1476.503022895967,1479.4910888671875,8132454.0,1203.1893223622315
2025-07-16,RELIANCE,1467.1403332858122,1485.068728397248,1465.6463003598592,1479.690185546875,10409983.0,1540.3549676809814
2025-07-17,RELIANCE,1481.4830970988435,1483.674296790977,1468.0368005528198,1470.52685546875,11854613.0,1743.2526777688965
2025-07-18,RELIANCE,1478.8934598804974,1478.8934598804974,1463.2558421043927,1470.12841796875,10296318.0,1513.6909692243164
2025-07-21,RELIANCE,1459.1722169809668,1470.128458883213,1417.4388712363768,1422.9169921875,22442744.0,3193.416178891406
2025-07-22,RELIANCE,1421.721828538219,1426.2039275426996,1405.0881881707605,1407.179931640625,20396320.0,2870.129218332031
2025-07-23,RELIANCE,1420.3273163904719,1420.3273163904719,1408.7734859597779,1418.932861328125,8354596.0,1185.4610807520507
2025-07-24,RELIANCE,1413.554298653669,1417.3392306864348,1390.4466381154343,1397.3192138671875,14740507.0,2059.7193653243776
2025-07-25,RELIANCE,1393.3351272649268,1395.4267490386208,1378.593953801798,1386.1636962890625,11854722.0,1643.2585265999267
2025-07-28,RELIANCE,1386.7614543919697,1402.199795115413,1379.490445288333,1382.080078125,7748361.0,1070.8855376220704
2025-07-29,RELIANCE,1377.4984422704579,1414.550412474214,1377.4984422704579,1411.4627685546875,10750072.0,1517.3326387282227
2025-07-30,RELIANCE,1412.458776601272,1417.6381639620695,1395.7256799199,1404.4906005859375,7209849.0,1012.616515214392
2025-07-31,RELIANCE,1382.5780559389787,1397.0203743336986,1376.7015020683227,1384.669677734375,17065827.0,2363.0533172360597
2025-08-01,RELIANCE,1381.3828853186424,1400.3073026227253,1378.7932525308158,1388.15576171875,10321171.0,1432.7392991334473
2025-08-04,RELIANCE,1389.5502251510159,1410.466686507784,1386.1637261382157,1405.885009765625,6312820.0,887.5099007348633
2025-08-05,RELIANCE,1405.38696851784,1405.38696851784,1382.5780415934858,1386.1636962890625,9315972.0,1291.346218204541
2025-08-06,RELIANCE,1386.3630773472378,1390.3471654369864,1377.797312271222,1387.259521484375,5834312.0,809.3704873310547
2025-08-07,RELIANCE,1382.1796145349972,1388.1557462486337,1360.5659868045632,1383.8729248046875,9976705.0,1380.649192826355
2025-08-08,RELIANCE,1379.4904158119157,1391.6418351007062,1359.569976594415,1362.35888671875,8793606.0,1198.004728040332
2025-08-11,RELIANCE,1364.5501609316866,1382.4785572067015,1355.7851185633474,1380.6856689453125,9997486.0,1380.3385645681396
2025-08-12,RELIANCE,1376.4028464986861,1396.3232867936674,1369.7294260490362,1374.9088134765625,12244664.0,1683.529645165918
2025-08-13,RELIANCE,1382.4785186353236,1386.2634508216695,1372.0202877666845,1377.0999755859375,7457021.0,1026.9063437043824
2025-08-14,RELIANCE,1377.300048828125,1380.699951171875,1370.0999755859375,1373.800048828125,7126128.0,978.9874994355469
2025-08-18,RELIANCE,1390.0,1394.9000244140625,1377.0,1381.699951171875,11785109.0,1628.3484529855225
2025-08-19,RELIANCE,1390.0,1421.0,1389.0999755859375,1420.0999755859375,14384719.0,2042.7739100710571
2025-08-20,RELIANCE,1413.0,1424.9000244140625,1410.0,1413.0,8725641.0,1232.9330733
2025-08-21,RELIANCE,1425.0,1431.9000244140625,1420.300048828125,1424.800048828125,11021323.0,1570.3181548550538
2025-08-22,RELIANCE,1420.0,1423.4000244140625,1407.9000244140625,1409.199951171875,5818868.0,819.9948501475586
2025-08-25,RELIANCE,1414.699951171875,1419.5,1405.699951171875,1412.5999755859375,5979407.0,844.6510182218384
2025-08-26,RELIANCE,1408.0,1410.0,1381.5999755859375,1384.9000244140625,12145259.0,1681.9969485615113
2025-08-28,RELIANCE,1389.9000244140625,1392.199951171875,1366.5,1385.9000244140625,13161813.0,1824.0956958033325
2025-08-29,RELIANCE,1381.0999755859375,1403.5,1350.0,1357.199951171875,18758842.0,2545.949944644092
2025-09-01,RELIANCE,1356.0,1363.199951171875,1340.5999755859375,1353.9000244140625,11232238.0,1520.732730242456
2025-09-02,RELIANCE,1354.800048828125,1384.5,1354.5,1366.5,11517006.0,1573.7988699
2025-09-03,RELIANCE,1369.699951171875,1376.5,1360.5,1372.5999755859375,7847563.0,1077.1564782209107
2025-09-04,RELIANCE,1371.800048828125,1374.0,1357.0999755859375,1359.300048828125,13223177.0,1797.426514176294
2025-09-05,RELIANCE,1363.0,1381.0,1359.300048828125,1375.0,5777575.0,794.4165625
2025-09-08,RELIANCE,1380.0,1386.0,1372.4000244140625,1378.5,6986720.0,963.119352
2025-09-09,RELIANCE,1376.5999755859375,1381.199951171875,1368.699951171875,1376.199951171875,9754452.0,1342.4076366108397
2025-09-10,RELIANCE,1383.9000244140625,1388.5,1374.0999755859375,1377.0,7790815.0,1072.7952255
2025-09-11,RELIANCE,1376.0,1385.5,1375.0,1383.300048828125,9766072.0,1350.9407874458984
2025-09-12,RELIANCE,1383.300048828125,1396.300048828125,1380.5,1395.0,7403368.0,1032.769836
2025-09-15,RELIANCE,1393.0,1400.800048828125,1388.5999755859375,1399.300048828125,5396697.0,755.1598375610596
2025-09-16,RELIANCE,1404.699951171875,1408.0,1398.199951171875,1405.300048828125,8686961.0,1220.7786717468018
2025-09-17,RELIANCE,1407.0,1416.199951171875,1406.9000244140625,1413.800048828125,7519417.0,1063.0952121759033
2025-09-18,RELIANCE,1420.4000244140625,1422.0,1410.699951171875,1415.0,9332642.0,1320.568843
2025-09-19,RELIANCE,1414.9000244140625,1417.0,1403.5999755859375,1407.4000244140625,13461373.0,1894.55366888468
2025-09-22,RELIANCE,1403.9000244140625,1410.699951171875,1388.0,1390.5999755859375,7757970.0,1078.8232892596436
2025-09-23,RELIANCE,1391.0,1395.0,1376.800048828125,1389.800048828125,14014702.0,1947.763352391162
2025-09-24,RELIANCE,1385.300048828125,1396.0,1380.4000244140625,1383.0,5922759.0,819.1175697
2025-09-25,RELIANCE,1381.300048828125,1384.5,1369.0,1372.4000244140625,11411143.0,1566.0652931792358
2025-09-26,RELIANCE,1372.0,1382.699951171875,1366.0,1377.5999755859375,9879109.0,1360.9460317210815
2025-09-29,RELIANCE,1381.5999755859375,1389.0,1368.0,1372.800048828125,14231999.0,1953.7688922121827
2025-09-30,RELIANCE,1377.0999755859375,1377.0999755859375,1362.800048828125,1364.0,14604684.0,1992.0788976
2025-10-01,RELIANCE,1367.0,1378.5999755859375,1362.699951171875,1368.699951171875,12045916.0,1648.724464102051
2025-10-03,RELIANCE,1363.199951171875,1371.5999755859375,1356.9000244140625,1363.4000244140625,12842347.0,1750.9256213333863
2025-10-06,RELIANCE,1360.0,1377.4000244140625,1359.0,1375.0,12396580.0,1704.52975
2025-10-07,RELIANCE,1376.0,1395.9000244140625,1375.9000244140625,1384.800048828125,11244040.0,1557.074714102539
2025-10-08,RELIANCE,1384.800048828125,1389.0,1364.5,1367.4000244140625,8525081.0,1165.7195967531861
2025-10-09,RELIANCE,1374.0,1380.0,1369.0999755859375,1377.800048828125,8826633.0,1216.133537838794
2025-10-10,RELIANCE,1377.800048828125,1388.0,1375.0999755859375,1381.699951171875,6373084.0,880.5689851614258
2025-10-13,RELIANCE,1376.9000244140625,1377.699951171875,1367.800048828125,1375.0,7600682.0,1045.093775
2025-10-14,RELIANCE,1380.0,1388.0,1370.0999755859375,1375.9000244140625,9768174.0,1344.003084508081
2025-10-15,RELIANCE,1383.0,1384.0,1372.699951171875,1374.300048828125,10882743.0,1495.6154236283935
2025-10-16,RELIANCE,1375.0999755859375,1400.5,1375.0,1398.300048828125,12315932.0,1722.1368316963867
2025-10-17,RELIANCE,1401.0,1423.300048828125,1399.0999755859375,1416.800048828125,19335561.0,2739.462376891919
2025-10-20,RELIANCE,1440.0,1473.800048828125,1433.300048828125,1466.800048828125,24721978.0,3626.2198537527834
2025-10-21,RELIANCE,1468.0,1474.0,1460.0,1465.199951171875,2066169.0,302.73507179128416
2025-10-23,RELIANCE,1475.0,1482.9000244140625,1444.5999755859375,1448.4000244140625,18707090.0,2709.5349612716063
2025-10-24,RELIANCE,1450.0,1459.800048828125,1441.0,1451.5999755859375,9700837.0,1408.1734752363159
2025-10-27,RELIANCE,1463.0,1485.0,1458.0,1484.0999755859375,14113867.0,2094.6389670123167
2025-10-28,RELIANCE,1484.0999755859375,1492.0,1477.5999755859375,1486.9000244140625,17631577.0,2621.6392271758423
2025-10-29,RELIANCE,1490.0,1508.300048828125,1488.0999755859375,1504.199951171875,11884745.0,1787.7032848690185
2025-10-30,RELIANCE,1500.0,1503.0999755859375,1484.0,1488.5,9318663.0,1387.08298755
2025-10-31,RELIANCE,1490.4000244140625,1497.5,1482.300048828125,1486.4000244140625,8758053.0,1301.7970193019653
2025-11-03,RELIANCE,1486.0,1495.0,1479.300048828125,1484.699951171875,8452085.0,1254.8810186800538
2025-11-04,RELIANCE,1483.9000244140625,1492.800048828125,1470.0999755859375,1473.0999755859375,10007806.0,1474.24987742688
2025-11-06,RELIANCE,1484.0,1501.5999755859375,1476.199951171875,1496.0999755859375,16772678.0,2509.3603146310793
2025-11-07,RELIANCE,1494.5999755859375,1498.4000244140625,1475.9000244140625,1478.0,7821765.0,1156.056867
2025-11-10,RELIANCE,1477.9000244140625,1501.0,1475.5,1489.300048828125,7068438.0,1052.7025058538575
2025-11-11,RELIANCE,1497.0,1498.800048828125,1480.199951171875,1493.4000244140625,7127506.0,1064.4217634411377
2025-11-12,RELIANCE,1505.0,1524.699951171875,1500.0,1511.5,12384459.0,1871.91097785
2025-11-13,RELIANCE,1515.0,1522.0999755859375,1506.800048828125,1510.9000244140625,7196443.0,1087.3105904394408
2025-11-14,RELIANCE,1505.5,1520.9000244140625,1505.5,1518.9000244140625,7682823.0,1166.944004226892
2025-11-17,RELIANCE,1520.9000244140625,1523.699951171875,1511.5,1518.300048828125,5871416.0,891.4571199490234
2025-11-18,RELIANCE,1521.699951171875,1527.800048828125,1510.5,1519.4000244140625,11045042.0,1678.1837084454346
2025-11-19,RELIANCE,1517.4000244140625,1522.300048828125,1512.0,1518.9000244140625,5692366.0,864.613485637378
2025-11-20,RELIANCE,1530.0,1550.9000244140625,1526.699951171875,1549.0999755859375,18171724.0,2814.9817204754395
2025-11-21,RELIANCE,1541.0,1557.800048828125,1540.0999755859375,1546.5999755859375,9615271.0,1487.0977893852173
2025-11-24,RELIANCE,1550.0,1550.0,1531.800048828125,1535.9000244140625,18433951.0,2831.270579094763
2025-11-25,RELIANCE,1535.9000244140625,1559.5999755859375,1525.0999755859375,1539.699951171875,15033482.0,2314.7051501343262
2025-11-26,RELIANCE,1542.300048828125,1571.5999755859375,1540.5,1569.9000244140625,14054299.0,2206.3844343222536
2025-11-27,RELIANCE,1575.0,1575.5,1556.0,1563.4000244140625,9794643.0,1531.2945105327026
2025-11-28,RELIANCE,1568.0,1581.300048828125,1563.0,1567.5,8959508.0,1404.402879
2025-12-01,RELIANCE,1575.0,1577.5,1563.5999755859375,1566.0999755859375,8920233.0,1396.9976683520874
2025-12-02,RELIANCE,1561.0999755859375,1567.5,1542.0,1546.300048828125,11389150.0,1761.104320111084
2025-12-03,RELIANCE,1545.199951171875,1552.4000244140625,1533.0,1538.800048828125,6090883.0,937.2651057806396
2025-12-04,RELIANCE,1536.0,1560.5,1517.5999755859375,1535.5999755859375,11867930.0,1822.4393018255614
2025-12-05,RELIANCE,1530.4000244140625,1545.800048828125,1520.5999755859375,1540.5999755859375,10183266.0,1568.8339350985107
2025-12-08,RELIANCE,1539.199951171875,1551.0,1535.0,1543.0,11301491.0,1743.8200613
2025-12-09,RELIANCE,1540.300048828125,1542.5,1520.0999755859375,1529.4000244140625,11503971.0,1759.4173528258666
2025-12-10,RELIANCE,1534.0,1547.5,1531.4000244140625,1536.9000244140625,7991629.0,1228.233480520813
2025-12-11,RELIANCE,1536.9000244140625,1550.0,1524.0,1545.0,4706197.0,727.1074365
2025-12-12,RELIANCE,1550.800048828125,1559.800048828125,1546.0999755859375,1556.5,5106655.0,794.85085075
2025-12-15,RELIANCE,1551.199951171875,1558.5999755859375,1546.5,1556.199951171875,5774543.0,898.6343534639892
2025-12-16,RELIANCE,1545.0,1551.699951171875,1538.800048828125,1542.300048828125,11731856.0,1809.4042081644532
2025-12-17,RELIANCE,1550.0,1550.0,1539.300048828125,1544.4000244140625,7116649.0,1099.0952889346313
2025-12-18,RELIANCE,1535.199951171875,1551.5,1535.199951171875,1544.4000244140625,6580829.0,1016.3432468264771
2025-12-19,RELIANCE,1554.4000244140625,1574.199951171875,1551.0,1565.0999755859375,13937275.0,2181.32287622345
2025-12-22,RELIANCE,1573.5,1577.5,1565.300048828125,1575.4000244140625,10184852.0,1604.5216089453613
2025-12-23,RELIANCE,1580.9000244140625,1580.9000244140625,1568.0999755859375,1570.699951171875,7506564.0,1179.0559708268554
2025-12-24,RELIANCE,1572.699951171875,1575.699951171875,1553.5999755859375,1558.199951171875,8815745.0,1373.6693428543701
2025-12-26,RELIANCE,1554.699951171875,1561.0,1554.300048828125,1559.199951171875,2311495.0,360.4082891134033
2025-12-29,RELIANCE,1554.9000244140625,1558.0999755859375,1543.5999755859375,1545.5999755859375,5972105.0,923.0485342196655
2025-12-30,RELIANCE,1547.0,1553.5999755859375,1537.800048828125,1539.800048828125,8815884.0,1357.4698613663086
2025-12-31,RELIANCE,1541.0,1577.0,1541.0,1570.4000244140625,5771830.0,906.4081972913818
2026-01-01,RELIANCE,1573.699951171875,1592.5,1571.0999755859375,1575.5999755859375,6408128.0,1009.6646320351563
2026-01-02,RELIANCE,1580.0,1594.5999755859375,1578.199951171875,1592.300048828125,6602230.0,1051.2731151374512
2026-01-05,RELIANCE,1593.0,1611.800048828125,1575.300048828125,1578.0999755859375,8704973.0,1373.7317678776244
2026-01-06,RELIANCE,1569.0,1569.0,1496.300048828125,1507.5999755859375,27417125.0,4133.40569806366
2026-01-07,RELIANCE,1510.0,1520.0,1498.0,1504.199951171875,11199340.0,1684.6046681157227
2026-01-08,RELIANCE,1500.0,1503.9000244140625,1468.800048828125,1470.5999755859375,16518684.0,2429.2376287111815
2026-01-09,RELIANCE,1465.0,1479.9000244140625,1465.0,1475.300048828125,8335311.0,1229.7084725297607
2026-01-12,RELIANCE,1475.300048828125,1485.300048828125,1451.0,1483.199951171875,8883745.0,1317.6370150223388
2026-01-13,RELIANCE,1485.0,1485.800048828125,1444.699951171875,1452.800048828125,13499760.0,1961.245198716797
2026-01-14,RELIANCE,1444.0,1467.0,1440.199951171875,1458.800048828125,8321764.0,1213.9789729536133
2026-01-15,RELIANCE,1458.800048828125,1458.800048828125,1458.800048828125,1458.800048828125,0.0,0.0
2026-01-16,RELIANCE,1458.800048828125,1480.0,1455.0999755859375,1457.9000244140625,17167161.0,2502.8004441020144
2026-01-19,RELIANCE,1450.5999755859375,1450.5999755859375,1403.300048828125,1413.5999755859375,20392765.0,2882.721210612976
2026-01-20,RELIANCE,1410.699951171875,1416.0,1390.0,1394.0,13189498.0,1838.6160212
2026-01-21,RELIANCE,1389.5,1412.9000244140625,1373.0,1404.5999755859375,17352720.0,2437.363008834961
2026-01-22,RELIANCE,1410.0999755859375,1419.5,1395.0,1402.5,15721693.0,2204.96744325
2026-01-23,RELIANCE,1401.800048828125,1407.0,1381.0,1386.0999755859375,9837802.0,1363.6177112019286
2026-01-27,RELIANCE,1380.0,1391.5999755859375,1368.0,1380.5,26302396.0,3631.0457678
2026-01-28,RELIANCE,1385.0,1409.9000244140625,1384.9000244140625,1396.699951171875,11121657.0,1553.3617788850343
2026-01-29,RELIANCE,1402.9000244140625,1402.9000244140625,1384.0,1391.0,20846683.0,2899.7736053
2026-01-30,RELIANCE,1382.5999755859375,1398.0,1378.5,1395.4000244140625,11239835.0,1568.4066033410033
2026-02-02,RELIANCE,1340.0,1392.9000244140625,1335.5,1390.4000244140625,15711165.0,2184.4804199573364
2026-02-03,RELIANCE,1473.9000244140625,1489.5,1430.199951171875,1437.0999755859375,25456171.0,3658.306272261145
2026-02-04,RELIANCE,1444.0,1464.0,1440.300048828125,1456.800048828125,8333387.0,1214.0078588503661
2026-02-05,RELIANCE,1457.0,1461.5,1439.5,1443.4000244140625,11763658.0,1697.9664244398682
2026-02-06,RELIANCE,1441.5,1452.800048828125,1433.5,1450.800048828125,8277304.0,1200.8713047365234
2026-02-09,RELIANCE,1458.0,1465.9000244140625,1453.0,1461.5999755859375,5775864.0,844.2002681387695
2026-02-10,RELIANCE,1471.0,1471.0,1452.199951171875,1458.5,10259630.0,1496.3670355
2026-02-11,RELIANCE,1459.5999755859375,1470.0,1453.5999755859375,1468.699951171875,7106877.0,1043.7869902884522
2026-02-12,RELIANCE,1470.0,1473.0,1445.5,1448.9000244140625,11135399.0,1613.4079882960327
2026-02-13,RELIANCE,1445.5,1450.699951171875,1416.300048828125,1419.5999755859375,10755693.0,1526.8781520209839
2026-02-16,RELIANCE,1420.0999755859375,1439.5999755859375,1409.300048828125,1437.0999755859375,5896514.0,847.3880125442139
2026-02-17,RELIANCE,1431.0999755859375,1431.800048828125,1418.5999755859375,1423.0,10731630.0,1527.110949
2026-02-18,RELIANCE,1427.0,1442.0999755859375,1419.199951171875,1441.300048828125,5521096.0,795.7555934384766
2026-02-19,RELIANCE,1443.0,1443.0,1400.0,1409.5,11884664.0,1675.1433908
2026-02-20,RELIANCE,1409.5,1427.4000244140625,1406.0999755859375,1419.4000244140625,8177670.0,1160.7384997650147
2026-02-23,RELIANCE,1425.0,1434.9000244140625,1418.300048828125,1428.0,7758856.0,1107.9646368
2026-02-24,RELIANCE,1425.300048828125,1433.300048828125,1415.0,1428.800048828125,12529409.0,1790.2020190987548
2026-02-25,RELIANCE,1435.0,1440.5,1393.5,1398.5,10728792.0,1500.4215612
2026-02-26,RELIANCE,1398.5,1412.9000244140625,1391.9000244140625,1406.800048828125,16683858.0,2347.0852249041504
2026-02-27,RELIANCE,1398.0,1410.4000244140625,1388.0999755859375,1393.9000244140625,12031440.0,1677.0624509736328
2026-03-02,RELIANCE,1375.5,1378.5999755859375,1341.5,1358.0,23728722.0,3222.3604476
2026-03-04,RELIANCE,1330.0,1352.800048828125,1307.0,1345.0,32495007.0,4370.5784415
2026-03-05,RELIANCE,1353.0999755859375,1399.0,1353.0999755859375,1389.4000244140625,25957532.0,3606.539559452881
2026-03-06,RELIANCE,1396.5,1424.300048828125,1390.300048828125,1404.800048828125,19311971.0,2712.945780376733
2026-03-09,RELIANCE,1375.0,1429.4000244140625,1370.0,1424.0,24870822.0,3541.6050528
2026-03-10,RELIANCE,1430.5999755859375,1431.5,1400.5999755859375,1408.800048828125,18071259.0,2545.8790561585693
2026-03-11,RELIANCE,1424.9000244140625,1434.0,1383.5999755859375,1390.199951171875,21848087.0,3037.3209480598875
2026-03-12,RELIANCE,1390.0,1410.9000244140625,1381.0999755859375,1392.199951171875,20939959.0,2915.2609897341063
2026-03-13,RELIANCE,1385.199951171875,1400.800048828125,1378.4000244140625,1380.699951171875,17265090.0,2383.7908919978026
2026-03-16,RELIANCE,1380.0,1397.300048828125,1363.5,1395.0999755859375,22837802.0,3186.1017012636476
2026-03-17,RELIANCE,1399.0,1405.9000244140625,1388.199951171875,1397.5999755859375,19007744.0,2656.522255034375
2026-03-18,RELIANCE,1397.199951171875,1412.9000244140625,1397.199951171875,1408.0999755859375,9559327.0,1346.0488115317994
2026-03-19,RELIANCE,1388.0,1415.699951171875,1376.0999755859375,1384.800048828125,16498373.0,2284.694773598462
2026-03-20,RELIANCE,1398.0,1430.0,1396.0999755859375,1414.4000244140625,22994918.0,3252.4012580599365
2026-03-23,RELIANCE,1400.0,1415.5999755859375,1391.0,1407.800048828125,18979554.0,2671.9417047936035
2026-03-24,RELIANCE,1420.0,1422.4000244140625,1406.5999755859375,1411.800048828125,18620893.0,2628.897764662329
2026-03-25,RELIANCE,1420.0,1430.5,1408.4000244140625,1413.0999755859375,19041331.0,2690.7304371223754
2026-03-27,RELIANCE,1401.0,1404.699951171875,1345.0,1348.0999755859375,23266517.0,3136.55909996698
2026-03-30,RELIANCE,1335.0,1365.0,1334.0999755859375,1343.9000244140625,24393861.0,3278.291039345325
2026-04-01,RELIANCE,1384.199951171875,1384.4000244140625,1362.9000244140625,1369.199951171875,14404619.0,1972.2803631449463
2026-04-02,RELIANCE,1357.0,1358.199951171875,1328.0,1350.5,21280051.0,2873.87088755
2026-04-06,RELIANCE,1359.0,1359.0,1290.0,1304.699951171875,29274881.0,3819.4935811262453
2026-04-07,RELIANCE,1295.0,1308.300048828125,1291.0,1304.5999755859375,28388922.0,3703.6186948111085
2026-04-08,RELIANCE,1349.0,1350.5999755859375,1326.199951171875,1347.800048828125,21817543.0,2940.5685520709717
2026-04-09,RELIANCE,1346.0,1350.0,1326.300048828125,1330.0,20725390.0,2756.47687
2026-04-10,RELIANCE,1337.0,1352.300048828125,1331.5,1350.199951171875,19364461.0,2614.5894296669676
2026-04-13,RELIANCE,1321.199951171875,1327.5999755859375,1310.0,1315.0999755859375,28753269.0,3781.342335991589
2026-04-15,RELIANCE,1337.0,1347.0,1334.199951171875,1344.0999755859375,15313779.0,2058.324998002844
2026-04-16,RELIANCE,1352.0,1353.800048828125,1330.0,1343.300048828125,30211012.0,4058.245389474707
2026-04-17,RELIANCE,1340.0,1368.4000244140625,1340.0,1365.0,13869105.0,1893.1328325
2023-04-21,TCS,2860.173656247601,2910.249642075821,2851.7127372827904,2906.93896484375,1929184.0,560.8020139953124
2023-04-24,TCS,2897.9719345104572,2925.4239465242517,2875.02599070183,2919.76806640625,1640676.0,479.03933921191407
2023-04-25,TCS,2927.309515965075,2934.8507648170635,2894.6612320138465,2920.871826171875,2024090.0,591.2107454636231
2023-04-26,TCS,2925.4701814296627,2950.6690488552285,2925.4701814296627,2941.242431640625,2000029.0,588.2570159311767
2023-04-27,TCS,2929.1488349186,2942.2081034997614,2915.951481125579,2931.86181640625,2434446.0,713.7459271502929
2023-04-28,TCS,2943.311350007304,2968.0045757265557,2939.4948098740424,2960.647216796875,2931312.0,867.8580714363281
2023-05-02,TCS,2975.1320963561516,2975.1320963561516,2952.1403490891025,2960.78515625,2321159.0,687.2453112496094
2023-05-03,TCS,2957.65817854612,2957.65817854612,2918.250236448947,2924.4580078125,2468285.0,721.8395833813477
2023-05-04,TCS,2924.6885367956716,2965.42996376162,2922.7113360557437,2961.981201171875,1953253.0,578.5498667132568
2023-05-05,TCS,2961.3373105779083,2983.409389911408,2952.186639259988,2971.177734375,1710027.0,508.07941475800783
2023-05-08,TCS,2984.3294939230723,2993.3883342785634,2971.7300583768374,2989.479736328125,928235.0,277.4939723050537
2023-05-09,TCS,2991.318069923626,3033.0709888734486,2985.2481594551896,3019.505859375,1107375.0,334.3725301025391
2023-05-10,TCS,3025.713894793873,3040.888447761684,3003.687846149381,3022.77099609375,1559987.0,471.5483457883301
2023-05-11,TCS,3043.1876106746317,3043.8313346801706,3009.1598253633715,3018.494384765625,1719623.0,519.0672369413818
2023-05-12,TCS,3015.7358997095816,3025.7144093818356,2998.124308384433,3011.275634765625,1027479.0,309.40224779333494
2023-05-15,TCS,3020.196178039157,3027.553537790775,2987.41003345753,2993.57177734375,1150390.0,344.37750369384764
2023-05-16,TCS,2994.6295398899356,3021.1160819525435,2989.3414371589683,2996.4228515625,986306.0,295.5389837033203
2023-05-17,TCS,2994.39972336341,3016.5178334811326,2941.3348051619,2950.9453125,1588815.0,468.8506176679688
2023-05-18,TCS,2966.809404732763,2969.5684147449815,2938.3456630124733,2942.80615234375,1369364.0,402.97728039980467
2023-05-19,TCS,2952.1404038272244,2974.6723165667154,2945.748742874228,2963.958251953125,1152449.0,341.58107235051267
2023-05-22,TCS,2970.533809965233,3042.6818695151333,2958.6241295338236,3033.715087890625,1333243.0,404.4679404924561
2023-05-23,TCS,3040.4285099791427,3060.615218187134,3025.805849243565,3032.197509765625,1687418.0,511.6584657533691
2023-05-24,TCS,3012.838637267653,3050.7289928061655,3012.838637267653,3037.99169921875,1016555.0,308.8285651799316
2023-05-25,TCS,3029.3926962850596,3040.42873525149,3004.653665413494,3028.932861328125,1374917.0,416.4531282898682
2023-05-26,TCS,3028.932789306539,3070.455795118888,3026.6336145765354,3061.489013671875,1791115.0,548.34788947229
2023-05-29,TCS,3090.8265783111865,3101.126836063768,3045.946643251246,3053.6259765625,1210372.0,369.60233805039064
2023-05-30,TCS,3048.7057671800108,3059.6957777547364,3036.152362656079,3049.809326171875,1344224.0,409.9626891664063
2023-05-31,TCS,3043.1882047013933,3060.385989782911,3002.860583074768,3025.254638671875,5815424.0,1759.313843184375
2023-06-01,TCS,3047.7859672610653,3071.6973840229207,3032.611414316042,3056.982666015625,1177314.0,359.90284904575196
2023-06-02,TCS,3059.0518838880043,3067.926608260491,3032.565346909803,3040.060791015625,2030661.0,617.333288594458
2023-06-05,TCS,3048.7058679563584,3059.7419072973767,3021.1617980068254,3024.702392578125,1861468.0,563.0386713307618
2023-06-06,TCS,3016.5173808287786,3024.6565495489344,2961.8890766094332,2972.649169921875,2022849.0,601.3220400727295
2023-06-07,TCS,2991.6862230402735,3015.45978007146,2980.6501840988403,3011.826904296875,1567196.0,472.0123077106445
2023-06-08,TCS,2999.043270926962,3007.3202992735864,2973.292516070797,2976.46533203125,1759366.0,523.6691905354493
2023-06-09,TCS,2984.328504887643,2988.926853893633,2947.8636870816445,2951.496337890625,1775689.0,524.0939580732665
2023-06-12,TCS,2956.7387912538566,2992.9736962713932,2953.0601115757804,2986.076171875,2324605.0,694.1447599521484
2023-06-13,TCS,2998.123965514581,3002.7223151549406,2978.81089702507,2983.13330078125,1371928.0,409.2644103074219
2023-06-14,TCS,2983.1334023931563,2994.3075271171197,2966.7174283351833,2989.89306640625,1658544.0,495.88692059296875
2023-06-15,TCS,3006.8016396344283,3008.793544788029,2974.0958056287536,2979.932861328125,2273810.0,677.5801139416504
2023-06-16,TCS,2962.0511476509087,2964.2746801787644,2924.064254609405,2941.5751953125,4156189.0,1222.5742469430663
2023-06-19,TCS,2955.565603365162,2978.6356017646413,2941.667959462191,2974.46630859375,1468186.0,436.70697917490236
2023-06-20,TCS,2977.8019803702673,2994.942408695361,2965.803725782431,2990.4951171875,1528452.0,457.08282428554685
2023-06-21,TCS,3011.1563283053792,3021.718447715978,2987.020706957234,3018.753662109375,1645987.0,496.8829284034424
2023-06-22,TCS,3020.4219135981166,3027.5096230079166,2992.7193613731147,3000.501953125,1529603.0,458.95767890058596
2023-06-23,TCS,2999.3898246945273,3010.600456074895,2973.308441549502,2979.9794921875,1119505.0,333.61019414013674
2023-06-26,TCS,2969.4629782485863,2977.7088224045283,2939.81467394158,2955.240966796875,1978803.0,584.7839690820557
2023-06-27,TCS,2966.6839118331172,2973.7716202061024,2948.431716890738,2962.375732421875,863542.0,255.81358647270508
2023-06-28,TCS,2972.242812355477,2993.506162547034,2958.7156816452284,2979.145263671875,1575872.0,469.4751604953125
2023-06-30,TCS,2983.3609896661364,3066.746855836929,2977.8946733632847,3059.56640625,2672406.0,817.6403621460937
2023-07-03,TCS,3070.7310329464513,3074.9003264457365,3028.5284723972923,3031.817626953125,1687264.0,511.54767365234375
2023-07-04,TCS,3048.2165999535164,3071.3793400747436,3036.4499732116597,3065.681396484375,1656681.0,507.88561216091307
2023-07-05,TCS,3076.0114586041195,3084.350043883468,3062.113816471872,3075.965087890625,1453008.0,446.94018804257814
2023-07-06,TCS,3063.5501909386862,3083.8406595588453,3059.334527255893,3078.698486328125,1848238.0,569.0167532974122
2023-07-07,TCS,3059.334402954166,3110.199684589253,3059.334402954166,3084.581787109375,1789326.0,551.9322390801269
2023-07-10,TCS,3080.412670096129,3080.412670096129,3025.238980370586,3031.492919921875,1407431.0,426.66171117785643
2023-07-11,TCS,3052.8493652895645,3052.8493652895645,3021.1627797878978,3031.91015625,1110172.0,336.5941761984375
2023-07-12,TCS,3039.8316859801516,3047.429019608131,3011.2489999836316,3020.32861328125,1515240.0,457.6522727988281
2023-07-13,TCS,3042.6575935366886,3119.974776122977,3032.2343603066984,3095.0517578125,4585146.0,1419.1264187126953
2023-07-14,TCS,3117.704626199795,3265.8072677930727,3105.66000208669,3256.356689453125,6306101.0,2053.491417571704
2023-07-17,TCS,3252.0491675187036,3289.0168154392363,3221.5207170120716,3235.093994140625,2743228.0,887.4600427358398
2023-07-18,TCS,3220.5476611275017,3265.0201259531977,3210.356054604946,3239.865478515625,2600090.0,842.3941832033692
2023-07-19,TCS,3242.7838313695074,3258.3956097228456,3192.42794053721,3215.034912109375,2405370.0,773.3348526540527
2023-07-20,TCS,3207.649828777992,3231.6157541053626,3191.8117167460496,3217.124755859375,1715404.0,551.8668674700195
2023-07-21,TCS,3162.086290650304,3190.743301408389,3120.2849419514946,3128.87744140625,3770223.0,1179.6565693770997
2023-07-24,TCS,3140.6746314391708,3170.818002760362,3132.407344389984,3153.447265625,1680132.0,529.8207661289063
2023-07-25,TCS,3156.0020424597774,3164.641033805337,3139.9316997265273,3157.53466796875,1272980.0,401.94784816308595
2023-07-26,TCS,3158.649818156021,3177.6926576909354,3144.3908207651316,3147.456298828125,1066803.0,335.77158219587403
2023-07-27,TCS,3153.632989545926,3169.1458889102455,3144.4367836891192,3155.4443359375,1701769.0,536.9837352124024
2023-07-28,TCS,3144.3903763886888,3152.47192520402,3094.228757385738,3116.894287109375,2599831.0,810.3398391349854
2023-07-31,TCS,3125.2546433386306,3183.0798446211247,3122.003427202266,3178.24951171875,2743678.0,872.0093263813477
2023-08-01,TCS,3172.258069660684,3214.0594205054076,3172.258069660684,3206.674560546875,1956167.0,627.2790955081299
2023-08-02,TCS,3190.7899244338078,3201.4260004622265,3170.957642026737,3196.084716796875,1914899.0,612.0179428109619
2023-08-03,TCS,3176.9024561267456,3189.21063084712,3128.59867609207,3158.277587890625,2026351.0,639.9778948499755
2023-08-04,TCS,3159.485492720518,3224.277587720079,3159.485492720518,3198.77880859375,2248493.0,719.2431759671387
2023-08-07,TCS,3208.4391110234615,3240.068842182521,3196.641887374026,3236.399658203125,1853889.0,599.9925725946533
2023-08-08,TCS,3236.399919632617,3241.8804503952497,3210.901141336807,3223.906005859375,1634225.0,526.8587792425537
2023-08-09,TCS,3218.6111506830484,3220.5619711755417,3181.593866924947,3216.3818359375,1794589.0,577.2083462573243
2023-08-10,TCS,3204.770008770933,3218.61080881872,3186.2381232080143,3197.431640625,1096701.0,350.6626477705078
2023-08-11,TCS,3193.7163741820514,3220.236829119453,3171.3293364816013,3203.65576171875,1679974.0,538.2058384637695
2023-08-14,TCS,3196.131602615329,3209.415189858368,3168.5427532870895,3204.63134765625,1190425.0,381.48732720336915
2023-08-16,TCS,3204.770170086617,3219.6328723246997,3191.0221251590224,3212.572998046875,1328445.0,426.7726536390381
2023-08-17,TCS,3209.4151379764926,3214.802913522075,3170.586278504093,3191.533447265625,1843241.0,588.2765302871338
2023-08-18,TCS,3167.6132225589963,3167.6132225589963,3117.9160649616633,3127.7626953125,2526749.0,790.3071262618164
2023-08-21,TCS,3135.1013352464674,3167.3812675130794,3132.314578504026,3159.85693359375,1375579.0,434.6632840855957
2023-08-22,TCS,3158.323967324431,3168.5420742775395,3125.8583001353277,3141.74267578125,1222012.0,383.9247250716797
2023-08-23,TCS,3147.1773115068418,3160.1821764304236,3136.0302844294856,3156.69873046875,1330046.0,419.8554519665039
2023-08-24,TCS,3165.75543087226,3170.446516407415,3137.9808480590923,3146.94482421875,1152881.0,362.8052895890137
2023-08-25,TCS,3135.1011349979294,3145.133503987289,3112.110393341278,3140.953369140625,1158046.0,363.73684853198245
2023-08-28,TCS,3152.7508133982506,3152.7508133982506,3121.2605527357937,3135.6123046875,1037485.0,325.31507319287107
2023-08-29,TCS,3140.7212722469335,3148.6170828467652,3125.8120786392947,3136.16943359375,944517.0,296.2165344909668
2023-08-30,TCS,3156.4664040334264,3165.8485755841652,3142.579111915721,3149.91748046875,1188200.0,374.27319502929686
2023-08-31,TCS,3159.2532391652235,3174.487418701091,3105.979648519252,3118.195068359375,3417652.0,1065.6905611768555
2023-09-01,TCS,3126.741001486648,3148.1061360779117,3118.1949930075107,3139.002685546875,1277950.0,401.1488481994629
2023-09-04,TCS,3137.888061684127,3188.839354347761,3130.5032017453473,3175.50927734375,1828332.0,580.5885228064453
2023-09-05,TCS,3176.902652296802,3201.9834627096716,3163.1081158549873,3185.588134765625,1501842.0,478.42500554926755
2023-09-06,TCS,3189.907535196781,3199.103741686018,3156.5594370607423,3186.098876953125,1314818.0,418.9140153197754
2023-09-07,TCS,3186.9349513089087,3214.059337353484,3179.039140798069,3209.64697265625,1885092.0,605.0479830978516
2023-09-08,TCS,3209.6465173802394,3218.7034752109194,3190.882403949935,3197.245361328125,1518917.0,485.6350332492432
2023-09-11,TCS,3215.9169656012573,3237.932296351562,3200.1253456084146,3233.2412109375,1783604.0,576.6821956792969
2023-09-12,TCS,3243.785140980505,3334.7262201689637,3235.424869998596,3326.273193359375,4476016.0,1488.8452033847657
2023-09-13,TCS,3317.26215028344,3333.7504596439576,3293.0172779174695,3314.2431640625,1754929.0,581.6261441665039
2023-09-14,TCS,3316.2872366378338,3341.9717556173255,3293.575213025077,3306.998046875,2604721.0,861.3807259654296
2023-09-15,TCS,3314.243274416184,3350.935569707804,3309.2269764561156,3342.52880859375,2952897.0,987.0143291310059
2023-09-18,TCS,3325.5761535614656,3362.036220389306,3321.11729748375,3349.82080078125,1395753.0,467.5522432152832
2023-09-20,TCS,3325.52964476678,3367.3309950501616,3325.52964476678,3349.72802734375,1649396.0,552.5028009388672
2023-09-21,TCS,3333.472111558681,3348.7527827829417,3277.2260243157334,3330.453125,2004073.0,667.4471185578125
2023-09-22,TCS,3329.2451265027385,3375.4588388474685,3311.6421598212573,3347.498291015625,1989083.0,665.8451943188232
2023-09-25,TCS,3346.430510265966,3362.686591856432,3305.697323680257,3322.88232421875,1238778.0,411.63135198310545
2023-09-26,TCS,3314.0109239214776,3339.4167179671663,3284.656998043239,3330.82421875,1726062.0,574.9209112664063
2023-09-27,TCS,3334.819143242111,3357.1131987958183,3302.9571768225646,3334.1689453125,1541134.0,513.8401123365235
2023-09-28,TCS,3344.1081258394006,3346.709144183534,3276.6222567368527,3285.35400390625,1755753.0,576.827014842041
2023-09-29,TCS,3285.7720140406323,3314.80073078161,3256.3718204401093,3277.783447265625,2243791.0,735.4660998923584
2023-10-03,TCS,3282.984905211429,3282.984905211429,3232.730532250144,3264.08154296875,1948148.0,635.8913929771485
2023-10-04,TCS,3238.4901251841598,3295.8043780585294,3230.129854777585,3286.282958984375,1788138.0,587.6327437712403
2023-10-05,TCS,3301.37771461772,3366.4020365150864,3298.776696384458,3334.215087890625,2990768.0,997.1863789980468
2023-10-06,TCS,3335.7482567210136,3376.5742029768076,3320.932043461095,3363.9873046875,2075691.0,698.2598172454102
2023-10-09,TCS,3385.9553998398633,3417.4921466485025,3372.9040457952465,3379.731689453125,4233074.0,1430.6654341600097
2023-10-10,TCS,3381.311194805018,3388.6960545006336,3345.362079715791,3370.95361328125,1848148.0,623.0021178478515
2023-10-11,TCS,3390.553443594174,3390.553443594174,3348.752099769041,3353.3037109375,2426417.0,813.6513130381836
2023-10-12,TCS,3320.8853185860926,3333.5649718150416,3286.608299299206,3290.741943359375,4241281.0,1395.6961280273194
2023-10-13,TCS,3279.0836028382487,3322.742789618248,3274.439008499951,3317.030029296875,2890357.0,958.7400964388428
2023-10-16,TCS,3312.5247424765194,3320.5598001135572,3268.958537503607,3273.556640625,1671104.0,547.0453596375
2023-10-17,TCS,3279.083780529412,3282.9387033243615,3254.32818207953,3257.76513671875,1672065.0,544.7195063327637
2023-10-18,TCS,3261.434137513778,3272.302442885238,3236.353328139562,3239.372314453125,1408245.0,456.1829864967041
2023-10-19,TCS,3231.223615410734,3238.0689271624133,3214.832247438286,3218.32470703125,1514545.0,487.4297593410644
2023-10-20,TCS,3213.4347140416057,3259.16273477458,3207.5209532330896,3254.552734375,1481211.0,482.0679310236328
2023-10-23,TCS,3234.4829267293885,3240.0242499313185,3167.7071513441997,3175.94921875,1106272.0,351.3463694125
2023-10-25,TCS,3157.6490493920073,3189.7796767932823,3145.262414223449,3157.276611328125,1518537.0,479.4441353536377
2023-10-26,TCS,3136.7405251390774,3142.0024058676267,3101.3036615496458,3107.590087890625,1984471.0,616.6922409306396
2023-10-27,TCS,3119.9302305469437,3131.1061000295,3107.8230386075074,3120.81494140625,1108851.0,346.05187685932617
2023-10-30,TCS,3119.930229639093,3150.524263288147,3104.796239719202,3146.51953125,910972.0,286.6391190421875
2023-10-31,TCS,3165.5650829081633,3165.5650829081633,3119.976893370138,3137.392578125,999811.0,313.67996109277345
2023-11-01,TCS,3124.587219335214,3140.0472649317667,3083.609026294752,3101.909423828125,1563475.0,484.9757836419678
2023-11-02,TCS,3113.5971840186144,3144.0979943996585,3113.5971840186144,3129.336669921875,1245384.0,389.72258193339843
2023-11-03,TCS,3149.732529726521,3155.2272412387383,3114.621718793595,3120.768310546875,1402598.0,437.7183390836426
2023-11-06,TCS,3143.213096467994,3159.325019444616,3128.311938084739,3148.1025390625,1099852.0,346.24468737929686
2023-11-07,TCS,3146.0071156404942,3170.361105826031,3134.8312466684147,3138.9755859375,1191144.0,373.89719353359374
2023-11-08,TCS,3139.907272278595,3168.312609208247,3138.137850435721,3149.313720703125,992899.0,312.6950443972412
2023-11-09,TCS,3157.2762132454977,3158.579973678366,3112.5261256846,3117.55517578125,2112352.0,658.5373910671875
2023-11-10,TCS,3108.754652895078,3117.5556054640406,3094.1795460261487,3104.51708984375,1338557.0,415.5573082229981
2023-11-13,TCS,3125.5181025923366,3125.5181025923366,3098.509751884596,3102.747314453125,1030990.0,319.89014537280275
2023-11-15,TCS,3150.757229249606,3178.603680948949,3125.5649102414236,3170.501220703125,2059802.0,653.0604755406738
2023-11-16,TCS,3194.482275686725,3286.9626306205105,3179.720725473167,3257.6259765625,3951984.0,1287.4085737359376
2023-11-17,TCS,3257.626697192936,3282.4463523893537,3252.6906421657363,3261.91064453125,2021292.0,659.3273890505859
2023-11-20,TCS,3251.4797282683567,3291.200542556456,3251.4797282683567,3277.8828125,1475621.0,483.6912713664062
2023-11-21,TCS,3277.8827416982326,3295.996918736589,3260.560052355792,3269.128173828125,1807236.0,590.8086124356445
2023-11-22,TCS,3259.6289676526717,3290.0365583585913,3242.027062176816,3287.708251953125,1798051.0,591.1467110132569
2023-11-23,TCS,3287.5680295163634,3300.606542947873,3259.628357877414,3267.311767578125,2729804.0,891.9120732381836
2023-11-24,TCS,3254.2738349066776,3263.8665026893573,3215.856779547187,3219.67529296875,1989733.0,640.629417970459
2023-11-28,TCS,3219.675036815199,3242.1663837595383,3197.2300740959413,3231.82861328125,1689195.0,545.9188734411621
2023-11-29,TCS,3241.933273440279,3276.3922022300785,3237.0904424364394,3272.43408203125,1441634.0,471.76522354150393
2023-11-30,TCS,3259.1163570597796,3275.135057994798,3241.9335030426573,3248.080322265625,3266235.0,1060.8993631395263
2023-12-01,TCS,3259.628456286476,3275.414325764336,3250.361843721189,3270.478271484375,1172141.0,383.34616716159667
2023-12-04,TCS,3301.212417878817,3304.146220363931,3257.7663114500283,3271.223876953125,1625213.0,531.6435570734619
2023-12-05,TCS,3295.0189667313125,3295.0189667313125,3262.2364605867833,3289.05859375,1377656.0,453.119130603125
2023-12-06,TCS,3289.989790276004,3364.728417171479,3283.051256098317,3356.579345703125,1896572.0,636.5994402838867
2023-12-07,TCS,3357.4176932901005,3381.213029212423,3345.0310582673073,3366.6376953125,1967653.0,662.4374761094726
2023-12-08,TCS,3383.494574372215,3394.670444147185,3354.670189052335,3377.627197265625,1641155.0,554.3209762928467
2023-12-11,TCS,3374.0879070544743,3402.120802867414,3366.7305508802906,3392.71435546875,1102503.0,374.0477755047363
2023-12-12,TCS,3389.0357047671787,3444.4027776512853,3381.631736937403,3419.9091796875,2236866.0,764.987856713086
2023-12-13,TCS,3393.3202772695595,3399.3272621622086,3318.302201392863,3346.754150390625,3850968.0,1288.8243137021484
2023-12-14,TCS,3380.700330256408,3425.403805697815,3378.4652474337913,3415.39208984375,3290396.0,1123.7992470853515
2023-12-15,TCS,3414.8801739559026,3628.385857623635,3414.8801739559026,3595.836181640625,8531230.0,3067.690550789795
2023-12-18,TCS,3593.1355937363787,3659.1662710789706,3567.104946763213,3594.159912109375,2521612.0,906.3076764293945
2023-12-19,TCS,3580.934925794031,3590.341373765734,3529.7121895342984,3554.11279296875,2004435.0,712.3988076174317
2023-12-20,TCS,3564.403684666202,3631.0398484080574,3507.872459996768,3520.4453125,2586083.0,910.4163775085938
2023-12-21,TCS,3498.27996242007,3545.26513467688,3486.2659937315334,3527.3837890625,1517562.0,535.3023597697265
2023-12-22,TCS,3539.025457533832,3581.819680420596,3503.635202958494,3561.377197265625,2413058.0,859.3809736879394
2023-12-26,TCS,3557.512531080164,3570.6906542039846,3529.852069465564,3534.88134765625,1285231.0,454.313908932959
2023-12-27,TCS,3538.093966340341,3555.9753117984196,3509.2229705634127,3549.4560546875,1293976.0,459.2910947820312
2023-12-28,TCS,3561.377336856761,3574.415852211362,3531.6682392482426,3538.932373046875,1682889.0,595.5630362344482
2023-12-29,TCS,3531.574657515115,3560.073214846418,3506.8013899069297,3532.87841796875,1574996.0,556.4269376787109
2024-01-01,TCS,3529.712285492124,3568.8278306083957,3513.879802945062,3549.36328125,825907.0,293.1443979527344
2024-01-02,TCS,3549.3634298706984,3549.3634298706984,3508.524845464829,3523.37939453125,1344068.0,473.5661496048828
2024-01-03,TCS,3508.29173242333,3512.8087373367534,3433.83254667766,3438.209716796875,1803075.0,619.9349985113525
2024-01-04,TCS,3447.5228181063812,3463.58813008378,3400.258204607658,3414.97314453125,3598144.0,1228.756513015625
2024-01-05,TCS,3422.6103328983795,3490.364047651674,3422.4707254669115,3481.1904296875,1963127.0,683.4018924661133
2024-01-08,TCS,3481.190030173045,3482.9130676229634,3420.188410832366,3425.683349609375,1067805.0,365.79618091296385
2024-01-09,TCS,3455.1598780853456,3494.648088677372,3429.8279514524115,3436.48681640625,1370944.0,471.123098203125
2024-01-10,TCS,3436.5800896371293,3473.1344984496654,3434.717444602096,3458.047119140625,1292227.0,446.85818546257326
2024-01-11,TCS,3468.244645562298,3513.879443530223,3452.4121646346503,3479.00146484375,1777909.0,618.5348015358886
2024-01-12,TCS,3583.7288487280734,3637.0470599000287,3559.142026578151,3616.138916015625,6813450.0,2463.838169732666
2024-01-15,TCS,3688.037303396224,3692.693916153037,3618.188112044023,3635.697021484375,2801505.0,1018.5423384173585
2024-01-16,TCS,3631.2262899610105,3631.2262899610105,3590.760374343459,3596.115478515625,1432672.0,515.2053954835937
2024-01-17,TCS,3556.7201034584054,3641.4238268785593,3550.7131196931964,3617.81494140625,3458696.0,1251.2922066582032
2024-01-18,TCS,3630.2949273227173,3640.3532553051646,3596.7673189636566,3634.5791015625,2239110.0,813.8222412099609
2024-01-19,TCS,3699.6634019644803,3717.059837136614,3671.5760158450357,3697.834716796875,2941975.0,1087.8937290948486
2024-01-23,TCS,3657.4617018928593,3689.253392795468,3603.772039730458,3618.30810546875,2618854.0,947.5820655239257
2024-01-24,TCS,3638.70542557381,3642.12834296067,3568.932402810829,3602.881103515625,2657709.0,957.5409534743408
2024-01-25,TCS,3601.0989006696973,3620.8867962936347,3543.7049366365304,3573.33984375,2205154.0,787.9764649804688
2024-01-29,TCS,3564.430891857951,3582.436811190723,3545.7216145125103,3564.618408203125,1646747.0,587.0024669853271
2024-01-30,TCS,3570.6673355072853,3608.5080891700763,3551.4891523141855,3564.196533203125,1411621.0,503.12946743967285
2024-01-31,TCS,3574.183827241903,3595.565955397303,3560.3511204494907,3578.638427734375,2459358.0,880.1153046355957
2024-02-01,TCS,3582.436989907515,3662.057029330496,3568.4167652804376,3614.463134765625,2363107.0,854.1363135006592
2024-02-02,TCS,3634.063205902369,3736.612663128637,3631.2028376276817,3719.638427734375,2826510.0,1051.3595212375487
2024-02-05,TCS,3735.300087307631,3771.8747052852855,3715.6999348975555,3726.203369140625,1691523.0,630.2958701578857
2024-02-06,TCS,3748.4294655539775,3891.820633736524,3741.864790482955,3878.78515625,4474396.0,1735.5220787984374
2024-02-07,TCS,3894.7277698637645,3896.603391231385,3820.593789517031,3829.4560546875,2124267.0,813.4787124922851
2024-02-08,TCS,3835.6458733260915,3899.417002760364,3831.9415667460817,3877.00341796875,2345173.0,909.2243736728027
2024-02-09,TCS,3879.300567921934,3924.503225662895,3845.0237708866407,3876.628173828125,2100596.0,814.3229635430664
2024-02-12,TCS,3873.1582239962727,3900.917512535836,3850.2285690197773,3864.436767578125,1013716.0,391.74413822822265
2024-02-13,TCS,3868.890906690215,3910.6701855786464,3827.6739478271575,3891.445068359375,1257415.0,489.31614006311037
2024-02-14,TCS,3851.588722467118,3858.9973357555955,3797.6646047310915,3845.117919921875,1391283.0,534.9647194982666
2024-02-15,TCS,3871.2826692770527,3888.444422362778,3829.081186690457,3848.025146484375,1091582.0,420.0434985449707
2024-02-16,TCS,3857.4498528668705,3889.9920672478725,3845.1177337734257,3871.563720703125,1307556.0,506.2286372387695
2024-02-19,TCS,3866.640258482223,3871.5637647018066,3802.8224229354896,3848.58740234375,772291.0,297.2229413543457
2024-02-20,TCS,3828.2373627684356,3843.148462143892,3760.6211159582745,3779.98681640625,1193648.0,451.1973703429687
2024-02-21,TCS,3763.4346602864093,3810.6535246443304,3733.0496825963114,3743.271728515625,1885939.0,705.958214040503
2024-02-22,TCS,3724.0463538039667,3840.287946278356,3724.0463538039667,3832.92626953125,2982052.0,1142.9985447908202
2024-02-23,TCS,3873.1581442686033,3873.1581442686033,3794.7570791114713,3800.102783203125,2538072.0,964.4934471169922
2024-02-26,TCS,3785.004223439635,3798.1335740660365,3735.0658005213595,3752.227783203125,1379284.0,517.5387745727539
2024-02-27,TCS,3750.3047523909354,3867.5310824856756,3750.3047523909354,3849.14990234375,2960475.0,1139.5312057141114
2024-02-28,TCS,3840.8976823678586,3896.509674983892,3834.7080400231876,3862.795654296875,1939225.0,749.0829902703857
2024-02-29,TCS,3844.0863254782985,3880.754817970432,3811.778790417747,3840.428955078125,3772719.0,1448.8859286973388
2024-03-01,TCS,3851.7760560015763,3882.536061925083,3832.644581510238,3839.72509765625,2043265.0,784.5575901662597
2024-03-04,TCS,3849.712918034811,3861.8105844645606,3822.4225351204777,3826.924072265625,1749271.0,669.4327298816162
2024-03-05,TCS,3809.386993519725,3811.2626148853183,3732.4865175304053,3762.59033203125,2070859.0,779.1794052399903
2024-03-06,TCS,3745.662745858388,3818.765041667535,3712.2765944807757,3811.5439453125,1744204.0,664.8110195589844
2024-03-07,TCS,3812.2002319116023,3867.5310593858417,3786.5979557802916,3853.0888671875,2688905.0,1036.0589920424804
2024-03-11,TCS,3834.707809455719,3894.7276920199565,3834.707809455719,3865.98388671875,2304068.0,890.7489761904297
2024-03-12,TCS,3865.984229655007,3966.8927577504023,3864.764800933032,3931.537109375,4039801.0,1588.2627545990235
2024-03-13,TCS,3943.493961270788,3977.255146194866,3874.9399080779876,3890.9765625,2837260.0,1103.971216171875
2024-03-14,TCS,3895.1497744818453,3962.2499424114544,3831.8942638327107,3945.93212890625,2919608.0,1152.057501101172
2024-03-15,TCS,3931.865103264559,3975.3794267322946,3917.2351652419898,3956.857666015625,3373143.0,1334.7046738116944
2024-03-18,TCS,3953.106408331295,3990.1499296240027,3861.76374108121,3894.2587890625,1526904.0,594.6159322054688
2024-03-19,TCS,3799.305894869941,3805.636117588947,3719.920304502826,3729.954833984375,8931209.0,3331.3006182874756
2024-03-20,TCS,3738.113180569138,3768.123120804515,3713.9176204628307,3723.9521484375,1817913.0,676.9821022022461
2024-03-21,TCS,3741.9116546616547,3759.120343748554,3702.476668668117,3725.875,3829582.0,1426.854383425
2024-03-22,TCS,3654.6483605203457,3693.098599879169,3615.260310445454,3667.683837890625,5852485.0,2146.5064645997313
2024-03-26,TCS,3634.0165571732955,3701.257540323518,3630.6872833100233,3636.361083984375,3440925.0,1251.2445762908935
2024-03-27,TCS,3646.677238477006,3652.7730085811854,3591.2525294851544,3602.037353515625,1968575.0,709.0880683197022
2024-03-28,TCS,3610.6647591136507,3671.5285767596242,3601.6616855799075,3635.2353515625,4311783.0,1567.434598986621
2024-04-01,TCS,3655.304582916496,3688.6907341711717,3646.254801582969,3673.169921875,1569676.0,576.5686670289062
2024-04-02,TCS,3648.0836677291272,3666.6993019354495,3632.140885633653,3642.269287109375,2142666.0,780.4166564333497
2024-04-03,TCS,3611.509094088183,3733.424488071944,3611.509094088183,3701.8203125,3973090.0,1470.7665265390624
2024-04-04,TCS,3728.6417382256623,3778.111256202073,3690.5198221169708,3754.337890625,3394637.0,1274.4614314017579
2024-04-05,TCS,3730.610939757806,3753.1183964079287,3714.199252617092,3731.783203125,1636819.0,610.825365075586
2024-04-08,TCS,3735.300320958678,3781.862534405873,3713.7306731098083,3725.500244140625,2302538.0,857.8105881143066
2024-04-09,TCS,3736.237416122381,3766.106775201305,3680.9535272551757,3701.116455078125,1876992.0,694.696597725
2024-04-10,TCS,3710.3542591400274,3742.052307422326,3674.3424188992844,3736.847412109375,2101965.0,785.4722470594483
2024-04-12,TCS,3724.0460679227617,3763.762440285618,3700.131896496917,3752.555419921875,4354821.0,1634.17071463396
2024-04-15,TCS,3752.555521752734,3811.450077595125,3675.326950485817,3696.099365234375,4200329.0,1552.4833350675538
2024-04-16,TCS,3659.3376421051544,3684.3771439928046,3622.622441866501,3631.95361328125,3051420.0,1108.2615894638673
2024-04-18,TCS,3635.704595429841,3691.2229435040135,3610.571222685582,3621.824951171875,3476284.0,1259.049212855957
2024-04-19,TCS,3599.3176775438415,3612.962869820078,3564.5248069516724,3588.25146484375,2957749.0,1061.3147181890138
2024-04-22,TCS,3598.379760081903,3636.8299998951316,3574.934491903105,3624.263427734375,1728883.0,626.592742773169
2024-04-23,TCS,3635.9388098818245,3652.7724651814333,3620.5118705508353,3633.73486328125,1807586.0,656.8288266579102
2024-04-24,TCS,3648.083452943258,3655.585938193527,3586.6099186323313,3592.799560546875,1317312.0,473.2837974703125
2024-04-25,TCS,3574.1840392334375,3632.7502707587055,3573.9965228878514,3612.63427734375,2856271.0,1031.866251998291
2024-04-26,TCS,3615.400944510773,3635.7046841917695,3566.07223748283,3583.703125,2039178.0,730.780857103125
2024-04-29,TCS,3599.3174341023114,3636.6423454168485,3581.6865473099597,3629.514892578125,1110693.0,403.12767845822754
2024-04-30,TCS,3631.2030581143713,3640.3467125091584,3573.058794270598,3583.04638671875,2203078.0,789.373066755957
2024-05-02,TCS,3543.0955870607045,3630.35891420508,3543.0955870607045,3623.0439453125,2491044.0,902.5161881707031
2024-05-03,TCS,3648.224242496259,3651.459872612422,3561.430044438285,3604.381591796875,2962234.0,1067.7021700194823
2024-05-06,TCS,3613.384093927626,3694.9266764690838,3613.384093927626,3677.2021484375,2053831.0,755.2351765727539
2024-05-07,TCS,3686.346699307951,3739.9894307070917,3670.122526848597,3731.502197265625,2062112.0,769.4775459007813
2024-05-08,TCS,3714.6681858171114,3736.5192209369857,3693.66131770256,3729.626220703125,1247685.0,465.33986911779783
2024-05-09,TCS,3715.6058295864877,3724.0461255143723,3666.8866116609574,3713.917724609375,1726486.0,641.2026956689941
2024-05-10,TCS,3716.1687445881325,3726.484662213695,3643.441479536376,3651.740966796875,1672489.0,610.7496597817138
2024-05-13,TCS,3642.925840662716,3709.0414982162547,3629.327584853832,3702.289306640625,931326.0,344.80382907963866
2024-05-14,TCS,3691.2230172569975,3700.413608162642,3650.803283386374,3658.587158203125,1058317.0,387.1944985508057
2024-05-15,TCS,3661.6816503123987,3682.7354534258484,3634.485141704623,3639.080322265625,1115021.0,405.76509800129395
2024-05-16,TCS,3675.637702384871,3693.0187445265583,3630.67337116967,3684.942138671875,2599399.0,957.8634910321533
2024-05-17,TCS,3701.992923226846,3702.9375501529057,3617.9211268075583,3621.794189453125,2765804.0,1001.7172856366211
2024-05-21,TCS,3618.487832180219,3631.8542103330115,3599.0757035999536,3608.66357421875,1908117.0,688.5752313247558
2024-05-22,TCS,3622.644183451547,3628.548101612322,3606.160490071024,3619.810302734375,1311168.0,474.6179435015625
2024-05-23,TCS,3628.2645114562283,3688.7679082914883,3613.6700725144915,3677.857421875,2095742.0,770.7840269035156
2024-05-24,TCS,3663.4990864307915,3668.7418115804035,3631.429050950218,3636.341064453125,1309452.0,476.1614079530273
2024-05-27,TCS,3641.5370822700047,3691.933024930954,3628.6430159784018,3634.02734375,1841538.0,669.2199446554688
2024-05-28,TCS,3644.370544047232,3655.706066734782,3617.9209911096164,3627.272705078125,1801993.0,653.6320023641846
2024-05-29,TCS,3635.774643725855,3635.774643725855,3589.582477254128,3593.0302734375,1568095.0,563.4212806625976
2024-05-30,TCS,3567.8558516313005,3584.2922676744465,3509.714018991741,3529.220703125,2919230.0,1030.2606953183595
2024-05-31,TCS,3532.904510318457,3542.1618998121,3451.430442400017,3467.677978515625,10956800.0,3799.4654075
2024-06-03,TCS,3526.103050659108,3543.814803588551,3491.340737451897,3497.8115234375,2156773.0,754.3985452838867
2024-06-04,TCS,3495.1194153242764,3537.627624429572,3392.6274000370645,3509.288818359375,3395997.0,1191.7534299281983
2024-06-05,TCS,3510.2337143515874,3574.2794671048623,3495.1196832887176,3538.99755859375,2799670.0,990.8025294868164
2024-06-06,TCS,3571.63435096414,3627.2727837806888,3534.321587974697,3618.298828125,4328036.0,1566.0127586882813
2024-06-07,TCS,3624.8168128885063,3698.2142761529285,3624.8168128885063,3678.329833984375,4552445.0,1674.5394261072997
2024-06-10,TCS,3679.3217405498876,3689.6180814133613,3629.161960387638,3645.03173828125,1734661.0,632.2894400158691
2024-06-11,TCS,3632.0904200618043,3665.1050839975637,3628.3119124726636,3638.79736328125,1419898.0,516.672109852832
2024-06-12,TCS,3659.862538168497,3677.9050050406395,3615.512349289223,3619.479736328125,2177001.0,787.9611005466064
2024-06-13,TCS,3643.236896058969,3674.598461482482,3638.7026410361236,3663.404541015625,1932323.0,707.8880852908935
2024-06-14,TCS,3673.6538756786167,3673.6538756786167,3616.031636949793,3619.857421875,1860730.0,673.5577300605469
2024-06-18,TCS,3614.1898098741085,3629.256562858962,3584.9063758687394,3603.84619140625,1774045.0,639.3385316633301
2024-06-19,TCS,3615.7007640544557,3621.5576348500226,3582.922259445668,3591.187744140625,1509050.0,541.928186529541
2024-06-20,TCS,3585.8035709865335,3598.981069597492,3570.736818650082,3577.5380859375,2846526.0,1018.3555177611328
2024-06-21,TCS,3615.087002922448,3663.074093663598,3587.7401013764106,3599.73681640625,4642195.0,1671.0680250437013
2024-06-24,TCS,3597.8476118252383,3643.4258585651314,3581.363918973201,3605.451904296875,1702154.0,613.7034380706543
2024-06-25,TCS,3605.6403897498144,3634.5931080711434,3582.8747922894295,3625.902587890625,1338808.0,485.4387391888672
2024-06-26,TCS,3631.6179924136177,3652.8248194664434,3628.3117983770853,3642.339599609375,1639845.0,597.2872380721435
2024-06-27,TCS,3618.865541478185,3723.7191241208575,3606.679947095457,3716.3037109375,4526556.0,1682.2056860566406
2024-06-28,TCS,3700.859628682437,3740.7228411174556,3682.014366554202,3687.96533203125,2731571.0,1007.3939149981934
2024-07-01,TCS,3668.9307461619287,3780.113282123888,3668.9307461619287,3757.91455078125,2658723.0,999.1253848196777
2024-07-02,TCS,3772.462155624164,3800.61185331036,3762.023982045802,3794.944091796875,2307449.0,875.6639949672607
2024-07-03,TCS,3797.399960989219,3803.162277059337,3735.9992153513335,3745.681640625,1821198.0,682.1627912542968
2024-07-04,TCS,3778.3658747158024,3823.2356509992096,3761.598747788845,3798.29736328125,2518001.0,956.4116559039551
2024-07-05,TCS,3787.953922306711,3803.7764231043757,3767.172130214255,3789.654296875,1668616.0,632.3477794234375
2024-07-08,TCS,3799.2892844506714,3808.027083028784,3757.7729794930797,3772.083984375,1758882.0,663.4650622605469
2024-07-09,TCS,3764.3382334203675,3785.0727479543702,3754.9865192673674,3764.810546875,1305801.0,491.6093376919922
2024-07-10,TCS,3763.109966642414,3781.6247453008073,3685.933998497865,3692.68798828125,2669716.0,985.8428205322266
2024-07-11,TCS,3713.3284398600626,3759.615159156207,3679.8887389846327,3706.4326171875,4872189.0,1805.8440226702148
2024-07-12,TCS,3759.6153607360716,3967.3862483978237,3751.3971521774197,3952.272216796875,13509164.0,5339.1893549352535
2024-07-15,TCS,4001.156559406364,4005.218270796749,3926.861280742083,3938.3388671875,4848030.0,1909.3184978291015
2024-07-16,TCS,3940.9838756005574,3962.2850301238987,3915.384391446559,3947.076904296875,2029521.0,801.0675465885498
2024-07-18,TCS,3929.6479414580676,4085.5113814437846,3929.6479414580676,4076.58447265625,5613364.0,2288.335252176758
2024-07-19,TCS,4087.804118951557,4126.955252351664,4057.363922028097,4073.601806640625,3903354.0,1590.070990635791
2024-07-22,TCS,4071.282329598796,4090.2187458114163,4038.1907573413023,4059.352294921875,1896386.0,769.8098861157715
2024-07-23,TCS,4055.233368947045,4129.748348674782,4039.4212771190782,4073.554443359375,2365208.0,963.4803557869141
2024-07-24,TCS,4059.494423388743,4108.350472060897,4041.1261912304362,4077.247314453125,1809793.0,737.8973648966064
2024-07-25,TCS,4066.5954836949645,4112.042883745572,4046.901795265646,4092.633056640625,2810342.0,1150.1698569665527
2024-07-26,TCS,4118.671036198701,4187.268397348249,4106.409520256929,4154.50830078125,3552210.0,1475.7685931118165
2024-07-29,TCS,4180.21383187482,4195.362964674367,4138.553716676068,4148.11669921875,1746803.0,724.5942694545411
2024-07-30,TCS,4157.585227320139,4164.118198879963,4097.177778242139,4133.20458984375,1797906.0,743.1113331307617
2024-07-31,TCS,4118.670902108038,4179.267439518362,4113.936797622856,4152.14111328125,2330091.0,967.4866638786621
2024-08-01,TCS,4165.443616342355,4184.285259071731,4132.920227203137,4163.26611328125,2202244.0,916.8527818376953
2024-08-02,TCS,4132.872913485503,4164.11800080395,4042.9249348414887,4055.28076171875,2811282.0,1140.053781036621
2024-08-05,TCS,4013.5734389112836,4013.5734389112836,3891.9069640587004,3934.087646484375,2787771.0,1096.7335452327393
2024-08-06,TCS,3949.1424451879575,4031.799717033467,3939.531844107783,3949.379150390625,2203067.0,870.0746876713623
2024-08-07,TCS,4003.1587050867174,4019.207504026678,3957.995163908957,3977.073974609375,1237666.0,492.2289237858887
2024-08-08,TCS,3958.6580478204482,4006.945912072743,3938.7748095989155,3950.6572265625,2441283.0,964.467232603418
2024-08-09,TCS,3992.7435074037467,4027.4443989451242,3981.902223791584,4003.86865234375,1302536.0,521.5183058949219
2024-08-12,TCS,4005.051951129163,4013.5733382592252,3963.7233160113306,3972.528564453125,936912.0,372.1909682378906
2024-08-13,TCS,3988.956054631374,4008.839291552157,3960.5514304588273,3973.759765625,1495593.0,594.3127289150391
2024-08-14,TCS,3985.168737449799,4077.1999039105713,3965.42743135513,4066.83203125,3226545.0,1312.1816556269532
2024-08-16,TCS,4118.671156901704,4191.576370483643,4095.0954075700097,4181.20849609375,3457058.0,1445.4680281088868
2024-08-19,TCS,4185.894947757169,4255.249574521071,4156.87498137627,4251.2255859375,2055210.0,873.716133647461
2024-08-20,TCS,4265.428244901237,4322.23750010525,4260.694140300903,4282.7548828125,2212298.0,947.4730061736328
2024-08-21,TCS,4277.7375491767825,4317.504033697682,4253.640768273249,4309.4560546875,1896990.0,817.499504118164
2024-08-22,TCS,4317.5030108146375,4318.402675534502,4258.042847258311,4262.58740234375,1829872.0,779.9989335101562
2024-08-23,TCS,4260.6939984141445,4266.374923745363,4218.087058430003,4226.513671875,1809253.0,764.6832540380859
2024-08-26,TCS,4250.278746663329,4310.0703901887255,4246.491463306979,4263.013671875,1844164.0,786.1696345179688
2024-08-27,TCS,4265.428242149461,4270.162346746741,4248.1959164894,4257.99560546875,930697.0,396.29037360229495
2024-08-28,TCS,4259.510267771518,4319.8700965173775,4220.2643589002255,4266.421875,1848058.0,788.459507746875
2024-08-29,TCS,4222.820592184166,4313.71538519979,4222.820592184166,4271.86572265625,2133641.0,911.4627852354004
2024-08-30,TCS,4260.693345971727,4348.037559564147,4249.141947974499,4311.5849609375,3637222.0,1568.2191674791015
2024-09-02,TCS,4332.652011694428,4344.013861375445,4272.055480062339,4280.6240234375,1216500.0,520.7379124511718
2024-09-03,TCS,4280.62427113772,4313.6210706253505,4256.811818932973,4272.38720703125,1717263.0,733.6812472308105
2024-09-04,TCS,4238.869860215786,4248.3852249914535,4200.760320366018,4241.04736328125,1265505.0,536.7066643469238
2024-09-05,TCS,4242.704111797141,4259.746886626945,4217.281880213047,4237.9228515625,1688793.0,715.6974446258789
2024-09-06,TCS,4236.029155230157,4278.636091754635,4203.884403748528,4219.74365234375,1649179.0,695.9112616828613
2024-09-09,TCS,4218.0871166522065,4251.462553433798,4194.890004562873,4212.9267578125,1184938.0,499.20570065488283
2024-09-10,TCS,4206.204473662924,4298.5195066181295,4204.310831961278,4268.12646484375,1385591.0,591.3877616549316
2024-09-11,TCS,4281.003340307267,4307.419549702135,4233.4727484543055,4241.14208984375,1325919.0,562.3410878623536
2024-09-12,TCS,4270.398636628928,4291.5601745835365,4195.6469473824145,4277.45263671875,2742216.0,1172.9699059652344
2024-09-13,TCS,4289.098667337487,4305.194622601226,4265.428144890812,4282.09228515625,1458786.0,624.6656276293945
2024-09-16,TCS,4286.258044672285,4304.2947971775275,4255.43921052289,4273.2392578125,1155120.0,493.6104131484375
2024-09-17,TCS,4273.239388269134,4294.590014445038,4228.502101148829,4266.04345703125,1699364.0,724.9560673314453
2024-09-18,TCS,4257.901071253871,4257.901071253871,4091.213423900801,4115.02587890625,2961779.0,1218.7797232601074
2024-09-19,TCS,4156.590712046438,4187.031372404745,4054.097354431545,4067.684326171875,2927551.0,1190.8353316768798
2024-09-20,TCS,4087.330983142617,4100.397388735434,4002.685288545634,4057.03271484375,5447908.0,2210.2340983458985
2024-09-23,TCS,4071.3297402117255,4080.229763925027,4026.8291593303416,4041.5048828125,1702319.0,687.9930550604493
2024-09-24,TCS,4025.550095196614,4062.8075818205225,4014.519726618274,4044.155029296875,3012026.0,1218.1100096272949
2024-09-25,TCS,4026.21366904617,4061.4827451400292,4014.5203392742264,4047.42236328125,2713073.0,1098.095233341455
2024-09-26,TCS,4033.456837871287,4087.2360774502895,4033.456837871287,4064.228515625,3964251.0,1611.1621957294922
2024-09-27,TCS,4104.468587471434,4145.181886032281,4071.37701220358,4079.5673828125,3012477.0,1228.9602910672852
2024-09-30,TCS,4058.926294354151,4070.1462141244547,4033.504061536598,4041.5048828125,2503416.0,1011.7567987710937
2024-10-01,TCS,4029.242815191706,4067.3051938657322,4017.3132437195263,4059.87255859375,1823365.0,740.2629527800293
2024-10-03,TCS,4035.9184552064203,4051.446223942952,3986.1155884084665,4007.65576171875,3350119.0,1342.6123712793458
2024-10-04,TCS,4000.317786149061,4069.4357029274943,3999.4181214842306,4026.11865234375,2965463.0,1193.9305897135255
2024-10-07,TCS,4046.618000517575,4068.7263623530516,4004.4844678804907,4045.6240234375,1472619.0,595.7662803770507
2024-10-08,TCS,4045.386749254377,4051.8249459382696,3980.3875920827627,4027.065673828125,1541867.0,620.919966930835
2024-10-09,TCS,4033.456640048349,4066.5953683116572,4020.864108234231,4026.78173828125,1082504.0,435.90073388164063
2024-10-10,TCS,4027.0659888752402,4065.5070098395613,3975.322319205254,4002.590576171875,2378875.0,952.1662656890869
2024-10-11,TCS,3922.6788421196575,4016.3669515997326,3893.7536496314738,3928.54931640625,5759183.0,2262.5234437708496
2024-10-14,TCS,3919.8382019814067,3943.8873583904956,3902.984976280472,3916.666259765625,2137590.0,837.2226630212402
2024-10-15,TCS,3911.364023062213,3948.1957233726384,3877.231316907688,3897.871826171875,2759474.0,1075.6075959653808
2024-10-16,TCS,3867.7630170426546,3896.167641402821,3850.909560357471,3877.183837890625,2359151.0,914.6862128343506
2024-10-17,TCS,3894.0845506582914,3910.3228978529323,3875.2902957519555,3890.48681640625,2522659.0,981.4371581788574
2024-10-18,TCS,3881.944889664929,3935.2384902660306,3872.4535818662375,3913.3134765625,2361000.0,923.9333118164062
2024-10-21,TCS,3922.3776803062365,3929.3538837407996,3862.9620049373275,3872.31103515625,1595450.0,617.8078641040039
2024-10-22,TCS,3859.1654759681237,3881.75483326371,3802.5499216715493,3811.234375,1928049.0,734.8246625484375
2024-10-23,TCS,3796.143361546141,3904.2965301967497,3791.919544419266,3859.40283203125,1966476.0,758.9423043521484
2024-10-24,TCS,3800.3195802607424,3871.504387583309,3800.3195802607424,3841.986328125,2676744.0,1028.4013851890625
2024-10-25,TCS,3850.670942439126,3883.8430156937015,3827.5595160672574,3851.1455078125,1759676.0,677.6768322605469
2024-10-28,TCS,3861.965120390014,3923.7061156513423,3844.9282715296536,3882.751220703125,1532534.0,595.0448259269043
2024-10-29,TCS,3887.4970090191655,3894.757766071196,3853.565587028902,3867.94482421875,1445885.0,559.2603402165528
2024-10-30,TCS,3867.7076804676617,3898.079863479923,3853.518222560894,3876.86669921875,1935002.0,750.174481672168
2024-10-31,TCS,3862.9619045386735,3870.839735602275,3758.5575287403312,3766.57763671875,3740372.0,1408.8401528208985
2024-11-01,TCS,3786.889583476844,3795.5265346519595,3773.7915322018357,3781.52685546875,154895.0,58.5739602277832
2024-11-04,TCS,3764.5371079100955,3788.834714578836,3714.1856783834955,3762.496337890625,2269192.0,853.7826589970703
2024-11-05,TCS,3740.61911840681,3783.234994421101,3740.61911840681,3769.330322265625,967590.0,364.71663265209963
2024-11-06,TCS,3799.9398000465167,3938.7024316660963,3773.031851752117,3929.06884765625,3792017.0,1489.909586448291
2024-11-07,TCS,3957.5907627391994,3991.8540128312807,3877.246703910295,3939.746826171875,3724349.0,1467.2992152306397
2024-11-08,TCS,3943.637967299403,3957.6376448006463,3908.187843785678,3936.044921875,1648039.0,648.6755537001953
2024-11-11,TCS,3918.201280337874,4018.9036701513614,3908.187674053703,3985.114990234375,1406487.0,560.5012427269776
2024-11-12,TCS,4001.5350272065516,4003.4332886046573,3952.51251928902,3983.881103515625,1587640.0,632.4968995185546
2024-11-13,TCS,3965.5632315109633,3983.264427096759,3920.9063521955636,3939.224853515625,1098813.0,432.84714789660643
2024-11-14,TCS,3924.6555443578186,3948.383812461554,3907.0493548019417,3935.0009765625,1825432.0,718.3076702648438
2024-11-18,TCS,3998.6875479838523,3998.6875479838523,3787.221186498161,3815.03076171875,3313944.0,1264.279830261328
2024-11-19,TCS,3815.4104775297365,3921.9504005395133,3809.9057047468586,3834.06103515625,1776233.0,681.0185734658692
2024-11-21,TCS,3839.1386042394874,3884.2698145282143,3819.3018656674813,3865.6669921875,2384347.0,921.7091495821289
2024-11-22,TCS,3863.910762939723,4038.50352626884,3847.7755423624753,4028.679931640625,3096553.0,1247.5020928361573
2024-11-25,TCS,4062.2796558913474,4107.932938170639,4035.89400612037,4095.59423828125,4052167.0,1659.603181775342
2024-11-26,TCS,4101.240893559863,4144.47407361588,4090.7531850402665,4131.28125,2060669.0,851.320320215625
2024-11-27,TCS,4137.213672581404,4154.724856872267,4104.088638616241,4112.15625,1558993.0,641.082280865625
2024-11-28,TCS,4099.2955217974695,4119.179995477792,4017.670281030027,4028.96484375,2558544.0,1030.82838271875
2024-11-29,TCS,4005.3315815871606,4080.0283535687327,3982.220156194433,4053.594970703125,2017425.0,817.7823833770752
2024-12-02,TCS,4052.7879830735096,4070.0623467391047,4014.87002722247,4059.099609375,1670944.0,678.25281376875
2024-12-03,TCS,4094.8823237874603,4104.990473536637,4048.469923029549,4083.872314453125,2010905.0,821.2279256495361
2024-12-04,TCS,4094.122934068909,4163.789504813234,4070.8692297125376,4132.89501953125,3302642.0,1364.9472673094726
2024-12-05,TCS,4176.934278953506,4260.647793669346,4138.209931031042,4236.966796875,3746747.0,1587.4842635291016
2024-12-06,TCS,4226.479320621802,4237.868889866684,4188.276807112925,4219.36083984375,1842087.0,777.2429751385254
2024-12-09,TCS,4205.076018232145,4242.044378496654,4190.933600979431,4225.671875,2066639.0,873.2938298078125
2024-12-10,TCS,4200.994991803812,4265.20359458783,4187.659890094591,4207.0693359375,2087828.0,878.3637157511719
2024-12-11,TCS,4206.404597631399,4222.349806544079,4182.818609222603,4202.228515625,1635256.0,687.1719393546875
2024-12-12,TCS,4204.696352489294,4256.851270827812,4200.852558457947,4228.330078125,1914642.0,809.5738357441406
2024-12-13,TCS,4209.348037802869,4266.248154048947,4170.860503868272,4246.31640625,1967048.0,835.270819428125
2024-12-16,TCS,4232.1737900519,4247.359881247422,4173.327686669254,4190.60205078125,1646224.0,689.8669670445313
2024-12-17,TCS,4185.666657040545,4207.449393387959,4098.346627007046,4108.3125,3225027.0,1324.94187369375
2024-12-18,TCS,4092.3672387441043,4140.108330075579,4071.3913564877716,4126.67822265625,1575404.0,650.1185378685547
2024-12-19,TCS,4064.178110702765,4142.006836783481,4045.1954945855173,4054.591796875,3015763.0,1222.768792111914
2024-12-20,TCS,4108.786899056221,4159.090827365295,3941.265326479778,3958.15966796875,4116989.0,1629.5699813270996
2024-12-23,TCS,3986.3959798160035,4002.4839296244636,3905.577598089669,3946.769775390625,2195338.0,866.4493665166503
2024-12-24,TCS,3946.7700890546093,4003.4333784366027,3946.7700890546093,3966.891845703125,1181886.0,468.8413935950684
2024-12-26,TCS,3966.8918629397335,3986.3017716323247,3932.390868416551,3957.02099609375,1208464.0,478.19174210234377
2024-12-27,TCS,3951.2313201079583,3968.26840248144,3936.282510765729,3952.9873046875,858100.0,339.20584061523437
2024-12-30,TCS,3939.8420820779356,3985.684915868337,3902.8259796445363,3947.2451171875,1527169.0,602.8110378370117
2024-12-31,TCS,3924.655496583325,3929.353878987766,3826.9425360658684,3886.50048828125,1555429.0,604.5175567986817
2025-01-01,TCS,3886.120355483683,3923.7060210883064,3877.625682696665,3903.25244140625,763161.0,297.8810036436035
2025-01-02,TCS,3910.4187239006465,3970.21396166903,3888.541445300585,3963.332763671875,1720835.0,682.0241736373291
2025-01-03,TCS,3967.31925896288,3967.31925896288,3884.1278097948166,3891.341064453125,1791953.0,697.3100294469971
2025-01-06,TCS,3896.6560578175076,3938.5600852002444,3859.5449550545113,3886.690185546875,2085593.0,810.6053844145264
2025-01-07,TCS,3905.6253667734477,3929.7331926762554,3807.48511819948,3823.383056640625,2669054.0,1020.4815840858887
2025-01-08,TCS,3829.6473413152235,3916.113240154538,3813.3698426153405,3899.408447265625,2181277.0,850.5689959626221
2025-01-09,TCS,3892.384862598553,3927.265414585994,3820.5357175020263,3833.396484375,2392472.0,917.1293753765625
2025-01-10,TCS,3986.3486030473036,4078.4142731653005,3957.8746844541083,4048.658935546875,7894300.0,3196.1328234887696
2025-01-13,TCS,4029.060163870238,4103.045093599212,4012.3553694421994,4072.815185546875,4003771.0,1630.6619328252198
2025-01-14,TCS,4083.160276521042,4094.4548391766625,4004.4296994802094,4017.717529296875,3441709.0,1382.7814580038819
2025-01-15,TCS,4003.433886414634,4039.928152619784,3993.4207414215107,4033.426513671875,1653474.0,666.916587126709
2025-01-16,TCS,4043.2968742708517,4075.567318807286,3978.613708278282,3992.328369140625,2637705.0,1053.0584500924072
2025-01-17,TCS,4020.939695681563,4021.6165011799776,3963.08887255939,3986.52880859375,1761466.0,702.2134954358398
2025-01-20,TCS,4007.3107665807174,4007.3107665807174,3932.206591942462,3941.58251953125,1287799.0,507.5966027069824
2025-01-21,TCS,3958.497734138814,3973.673232978695,3895.3790145716716,3901.03369140625,1971591.0,769.124291667334
2025-01-22,TCS,3914.7106117823487,4024.0807657149944,3909.1043123511595,4017.749755859375,2409223.0,967.965512006079
2025-01-23,TCS,4028.7689459052554,4051.339039072567,4001.7524202557865,4006.972412109375,1822998.0,730.4702693330566
2025-01-24,TCS,3966.9073539751175,4038.4354105526413,3966.9073539751175,4013.642333984375,1910099.0,766.645420850122
2025-01-27,TCS,3964.973867046099,4017.5084152856,3906.0599315038703,3929.354736328125,1551782.0,609.750195144873
2025-01-28,TCS,3934.8163629909964,3964.974090445813,3893.7360609812577,3905.335205078125,2468272.0,963.9429537308594
2025-01-29,TCS,3918.5772926221866,3970.6285432095738,3918.5772926221866,3962.84716796875,1217089.0,482.3137696815918
2025-01-30,TCS,3962.943972286711,3991.941831258984,3922.927021299046,3963.0888671875,1531251.0,606.8483790969726
2025-01-31,TCS,3972.706876888982,3990.540749832513,3948.7836420464023,3975.026611328125,1492943.0,593.4488154196044
2025-02-01,TCS,3975.6063179805924,3997.741255116248,3920.510387972108,3937.08740234375,437172.0,172.1184373857422
2025-02-03,TCS,3896.2488211358454,3940.8089579536745,3865.1245003058734,3932.73779296875,1265713.0,497.7717350151855
2025-02-04,TCS,3947.285122132378,3981.2610880254483,3930.2248097290194,3969.85498046875,2547132.0,1011.1744656111329
2025-02-05,TCS,4011.3703550712034,4011.3703550712034,3939.8423053663196,3954.43798828125,1693912.0,669.8469961605468
2025-02-06,TCS,3968.2602324120217,4001.221226388129,3916.209217331792,3946.366943359375,2284536.0,901.5617351314453
2025-02-07,TCS,3953.374842814853,3953.374842814853,3874.1140268953372,3894.799072265625,1548940.0,603.2810074995117
2025-02-10,TCS,3905.045086746592,3916.644230568612,3880.2520112210996,3902.096923828125,1339511.0,522.6901752533936
2025-02-11,TCS,3884.1662899452554,3905.044841909931,3822.8842449885587,3831.148681640625,1810908.0,693.7857796772461
2025-02-12,TCS,3838.446649169052,3887.404606196338,3808.5303361658844,3818.1962890625,1678002.0,640.6941009439453
2025-02-13,TCS,3835.4501025039126,3851.3505477933163,3771.896462322554,3779.532470703125,2277310.0,860.7167090856933
2025-02-14,TCS,3793.886656483722,3816.1183489930536,3769.7217733214056,3803.40771484375,1681975.0,639.7236691174317
2025-02-17,TCS,3727.674715397498,3802.585849960782,3727.3846896150562,3774.0712890625,1799806.0,679.2596150482422
2025-02-18,TCS,3768.174803332807,3793.3062796669183,3735.4073189681676,3743.816650390625,2149879.0,804.8752796525147
2025-02-19,TCS,3742.850263486918,3745.508400554833,3642.2759755929487,3657.693359375,4366672.0,1597.194717696875
2025-02-20,TCS,3635.848185178673,3661.4629603766616,3625.988960412709,3653.150146484375,2888572.0,1055.2387224930665
2025-02-21,TCS,3649.960586134303,3689.4942392872176,3648.8972369162293,3659.52978515625,1833931.0,671.1325118421387
2025-02-24,TCS,3618.1109478843173,3637.491230016548,3547.4045991108223,3552.817626953125,2508516.0,891.2299862293945
2025-02-25,TCS,3503.907852529123,3535.8054964280086,3500.283120267886,3508.305908203125,4101954.0,1439.0909453377442
2025-02-27,TCS,3491.0520789257853,3516.4735816470966,3480.419530987875,3491.873779296875,3823856.0,1335.2422502207032
2025-02-28,TCS,3465.195760859545,3479.743067268356,3341.5199398740847,3366.89306640625,7085018.0,2385.4497979563475
2025-03-03,TCS,3368.584583379958,3405.5568531975428,3360.0301206751515,3376.36572265625,4990439.0,1684.9547180606933
2025-03-04,TCS,3357.951843598488,3432.379676631615,3348.5759170238152,3414.062744140625,2797737.0,955.164965960376
2025-03-05,TCS,3403.2370189380595,3480.081342184221,3403.2370189380595,3428.561767578125,2501894.0,857.7898114933106
2025-03-06,TCS,3438.179549305139,3488.87742658408,3417.977801534333,3481.289794921875,2786513.0,970.0659270317138
2025-03-07,TCS,3479.743027656133,3503.9079097926337,3454.998093954285,3490.56884765625,2051315.0,716.025623572998
2025-03-10,TCS,3486.0259949428714,3501.1049762137254,3462.9244613654673,3469.73876953125,1004626.0,348.57897810791013
2025-03-11,TCS,3439.146018462038,3468.8688234276665,3419.4757100500633,3455.8681640625,1995450.0,689.6012127978515
2025-03-12,TCS,3445.912267227522,3450.020297279617,3370.3729384283747,3389.076416015625,3174167.0,1075.7494520195069
2025-03-13,TCS,3385.306695598729,3406.5717917540665,3367.714708703622,3393.764404296875,1693004.0,574.5656711532226
2025-03-17,TCS,3372.450776071524,3412.516101378981,3361.1900359739784,3380.860107421875,2690906.0,909.7576748222168
2025-03-18,TCS,3380.860107421875,3380.860107421875,3380.860107421875,3380.860107421875,0.0,0.0
2025-03-19,TCS,3428.5132810234372,3428.5132810234372,3347.0776328908673,3380.2802734375,3051244.0,1031.405990264453
2025-03-20,TCS,3394.68252652922,3459.3960314822807,3394.68252652922,3444.123779296875,2845192.0,979.9193423865235
2025-03-21,TCS,3358.9186380800415,3495.450223009194,3349.252685164703,3458.57470703125,4161925.0,1439.4328537561034
2025-03-24,TCS,3479.743186623358,3527.8313042718337,3447.458997008205,3507.72607421875,1834751.0,643.5803922398926
2025-03-25,TCS,3523.2398747468987,3586.0685693582973,3516.473707634902,3535.56396484375,3135390.0,1108.5371899731445
2025-03-26,TCS,3525.897934373459,3557.553929809202,3504.7295921250025,3514.34716796875,1734499.0,609.5631648494629
2025-03-27,TCS,3494.097310621218,3540.6387825331667,3489.892526436254,3529.23291015625,2528474.0,892.3573653274414
2025-03-28,TCS,3529.0393930182477,3538.656968927356,3471.9135171595426,3485.6875,2051919.0,715.23484093125
2025-04-01,TCS,3453.354865404157,3464.277439125219,3407.248318336048,3432.1865234375,2618493.0,898.715638631543
2025-04-02,TCS,3425.6135625063594,3445.0422214056125,3412.129605979645,3425.565185546875,1764313.0,604.3769189207763
2025-04-03,TCS,3374.383992326158,3385.0165399960483,3282.7023391603534,3289.468505859375,4537821.0,1492.7019264727294
2025-04-04,TCS,3250.2733357697866,3286.085501586113,3185.414699028632,3189.184326171875,5317367.0,1695.8063492903564
2025-04-07,TCS,2996.4454369330797,3181.4516833870694,2953.963620596823,3164.681396484375,6623955.0,2096.270715964966
2025-04-08,TCS,3191.7458179951013,3237.1274167268007,3146.5574911118592,3182.94970703125,5557558.0,1768.9427607909179
2025-04-09,TCS,3151.63239491897,3160.766673429551,3104.7525222396634,3138.1484375,2990265.0,938.3895437460938
2025-04-11,TCS,3179.6636391398747,3188.749540631033,3098.904554048043,3123.552734375,7108961.0,2220.5214570115236
2025-04-15,TCS,3203.683137131328,3203.683137131328,3130.4154074577086,3139.694580078125,3512160.0,1102.7109716367188
2025-04-16,TCS,3139.695005759879,3168.596348657385,3121.136422017699,3164.43994140625,2384391.0,754.526211632959
2025-04-17,TCS,3137.08483655699,3193.244114128983,3110.5034675829284,3188.700927734375,2932346.0,935.0374410638184
2025-04-21,TCS,3180.195072407739,3241.960413439671,3174.3955010062373,3210.642822265625,2432946.0,781.1320611859863
2025-04-22,TCS,3211.6096198122023,3222.531957851611,3184.931495290658,3203.683349609375,2710498.0,868.3577311749511
2025-04-23,TCS,3252.5929311667933,3306.6255098343104,3225.8182906392135,3298.989501953125,3543923.0,1169.1364772730224
2025-04-24,TCS,3287.487161364933,3298.5062526941524,3274.534643572778,3287.970458984375,2252175.0,740.5084868463135
2025-04-25,TCS,3305.7558885472554,3361.625143451318,3291.256959211522,3332.820556640625,2742991.0,914.1896791480225
2025-04-28,TCS,3320.2546435993536,3342.2930622298845,3291.2567864500143,3328.470703125,1593296.0,530.323905740625
2025-04-29,TCS,3339.586779424834,3378.250591632357,3315.808440523134,3356.502197265625,1578332.0,529.7674826014648
2025-04-30,TCS,3356.0188189819924,3392.65268577439,3253.5597190937174,3338.330078125,2809332.0,937.8477515039062
2025-05-02,TCS,3356.0185874198487,3374.867194117627,3305.7556362257724,3316.38818359375,1721761.0,571.0027835372558
2025-05-05,TCS,3334.7537493074506,3387.4331925936117,3331.2739118706236,3338.91015625,1284443.0,428.8639777824219
2025-05-06,TCS,3344.419921875,3356.9856614658597,3322.1882287527096,3344.419921875,1324763.0,443.05637689628907
2025-05-07,TCS,3306.335993163342,3343.936456116555,3306.335993163342,3330.017578125,1477128.0,491.8862205140625
2025-05-08,TCS,3332.820588313161,3360.851851961966,3314.1652518601954,3333.6904296875,2543591.0,847.9544973739257
2025-05-09,TCS,3285.457254527544,3331.0805031274213,3284.5874131966707,3325.377685546875,2531757.0,841.9048233027099
2025-05-12,TCS,3387.9166622272146,3509.224377237062,3385.2101480817496,3499.461669921875,2228678.0,779.9173235598145
2025-05-13,TCS,3499.461570957545,3501.9748131612287,3393.232840630001,3397.58251953125,3062887.0,1040.6411330499511
2025-05-14,TCS,3403.3820953219624,3442.0459078220697,3391.396407841002,3430.15673828125,2119499.0,727.0213776630371
2025-05-15,TCS,3444.945682102287,3479.7431132346333,3396.712670565691,3460.314453125,3548330.0,1227.833758345703
2025-05-16,TCS,3473.84680313206,3473.84680313206,3427.6437359304055,3442.3359375,1666727.0,573.7434250101562
2025-05-19,TCS,3431.413341631395,3431.413341631395,3386.659931697025,3401.255615234375,2537377.0,863.0267769216553
2025-05-20,TCS,3413.82137266364,3439.1461226598826,3377.2840226457647,3381.4404296875,2038374.0,689.2640254423828
2025-05-21,TCS,3390.8162851170264,3418.8475485914832,3381.4403579795026,3408.021728515625,1440153.0,490.8072716386963
2025-05-22,TCS,3378.2502763697153,3380.956790168703,3336.0101126719387,3360.8515625,2034383.0,683.7259284273438
2025-05-23,TCS,3360.851966080111,3416.9144952813326,3349.8328737001534,3397.196044921875,1274331.0,432.9152233121338
2025-05-26,TCS,3403.3819012793415,3426.5801874567637,3392.8461073678304,3419.137451171875,967470.0,330.7912909885254
2025-05-27,TCS,3414.014574749619,3421.747337093333,3366.7481593177404,3381.826904296875,2467680.0,834.5266615195312
2025-05-28,TCS,3402.4152283668,3411.114585484783,3376.31715701285,3380.860107421875,1222933.0,413.4565393749756
2025-05-29,TCS,3387.626457620242,3414.4978538154573,3370.034470581059,3381.2470703125,3188072.0,1077.9659109945312
2025-05-30,TCS,3373.417337946492,3389.5594310198626,3337.750068509547,3347.705810546875,3404365.0,1139.6812491722412
2025-06-02,TCS,3334.7535745851437,3344.419526975246,3304.4025784742903,3334.560302734375,1877585.0,626.0920406009521
2025-06-03,TCS,3330.8873298742683,3357.468700034321,3286.9072447003623,3291.4501953125,2848125.0,937.4461587524414
2025-06-04,TCS,3304.9078969735056,3310.56402774214,3286.379348716646,3297.0087890625,2544807.0,839.0251045467774
2025-06-05,TCS,3324.4116310325603,3324.4116310325603,3280.2356236372652,3287.4521484375,3584683.0,1178.4473829817382
2025-06-06,TCS,3287.4522468224686,3306.7607545858014,3275.359787909923,3300.22705078125,2070390.0,683.2757083666992
2025-06-09,TCS,3315.634960419095,3348.791310023286,3306.760665733127,3336.991455078125,1718678.0,573.5213800030762
2025-06-10,TCS,3354.642197095073,3399.305794893864,3338.259013167141,3376.973876953125,2419874.0,817.1851283518066
2025-06-11,TCS,3383.8979728571367,3402.4265208353168,3363.516665314218,3385.750732421875,2847013.0,963.9276349964599
2025-06-12,TCS,3385.750821410403,3388.4813919586536,3338.2592737504274,3348.986328125,4060134.0,1359.7333256355469
2025-06-13,TCS,3309.003623498393,3364.8818717382055,3309.003623498393,3360.200927734375,2178493.0,732.0174199662841
2025-06-16,TCS,3354.642349665819,3421.9302340050463,3341.1847251814343,3409.54541015625,1934088.0,659.4360863238281
2025-06-17,TCS,3422.905437301184,3432.6573046439225,3401.5489430536663,3428.073974609375,2111940.0,723.9886549936523
2025-06-18,TCS,3431.7796073253016,3450.2105407013996,3357.665418209048,3365.75927734375,2696327.0,907.5187615002442
2025-06-19,TCS,3364.3944071832107,3365.3695939679014,3328.3124961496515,3339.03955078125,2672768.0,892.44780620625
2025-06-20,TCS,3340.0145242959966,3360.786049100129,3326.2642962767654,3350.448974609375,2351248.0,787.7736450652344
2025-06-23,TCS,3330.262945402313,3340.014813470841,3286.379539093937,3309.39404296875,3123421.0,1033.6630851083496
2025-06-24,TCS,3349.376392565029,3356.690292940616,3298.081476031171,3306.27294921875,3403048.0,1125.1405547292968
2025-06-25,TCS,3322.7537403887272,3364.3941654870573,3315.634829755361,3359.3232421875,1757699.0,590.4679103469726
2025-06-26,TCS,3359.3232652421043,3365.759354753242,3330.555256962972,3356.397705078125,2879106.0,966.342477107666
2025-06-27,TCS,3369.2703330730474,3380.387367158931,3345.8658502962735,3355.71533203125,1778433.0,596.7914885090332
2025-06-30,TCS,3354.544471150048,3378.924137465807,3344.890218522079,3376.09619140625,1468351.0,495.7294218747559
2025-07-01,TCS,3369.2699264830403,3398.525526423559,3328.7996798986564,3344.59765625,2375183.0,794.4031494964844
2025-07-02,TCS,3400.671024568939,3403.3039810516498,3335.1385257152824,3338.356689453125,3090585.0,1031.7475109073487
2025-07-03,TCS,3344.8904436190446,3350.058980842342,3313.294489180619,3316.4150390625,2531870.0,839.6731744951172
2025-07-04,TCS,3323.4365958638878,3341.9651449605467,3305.9808474743313,3334.94384765625,1109320.0,369.95199090820313
2025-07-07,TCS,3333.480761079366,3341.0872649943594,3323.826269850942,3327.04443359375,1639174.0,545.3604732391601
2025-07-08,TCS,3320.510975827842,3340.0147113686808,3309.1987139810713,3321.68115234375,2325242.0,772.3712526038086
2025-07-09,TCS,3325.387004876247,3329.287752096043,3283.4539722634377,3299.837158203125,2034938.0,671.496402703955
2025-07-10,TCS,3296.1311694956757,3314.659717489882,3272.7266878187834,3298.08154296875,3035012.0,1000.9717059888671
2025-07-11,TCS,3218.0186968972475,3252.2478474361797,3180.181641042415,3184.9599609375,7635550.0,2431.892102973633
2025-07-14,TCS,3184.9597625910983,3190.8108827918168,3120.5974403831947,3142.734130859375,3924009.0,1233.2117014099365
2025-07-15,TCS,3126.448660244279,3178.523536457564,3126.448660244279,3171.599853515625,2590889.0,821.7263172875245
2025-07-16,TCS,3157.607249475903,3175.1222359666176,3151.344969328223,3163.576171875,2540733.0,803.7802377896485
2025-07-17,TCS,3154.7696780470374,3172.2846643823304,3135.199754145851,3140.18994140625,2947640.0,925.6149478886718
2025-07-18,TCS,3155.6502438038765,3159.3685771406017,3118.46738821797,3121.304931640625,3432645.0,1071.4331767071533
2025-07-21,TCS,3121.4028477301345,3128.839514334287,3084.2199924907163,3090.28662109375,3844346.0,1188.0131010655273
2025-07-22,TCS,3091.65673828125,3111.7159107005,3086.764257203384,3091.65673828125,3198036.0,988.7229548666015
2025-07-23,TCS,3091.6566291573,3113.5748480562365,3089.6996367952283,3110.7373046875,1922875.0,598.1558994750976
2025-07-24,TCS,3097.0385335433134,3105.4534578423713,3072.478182452152,3080.30615234375,2934778.0,904.0014729163086
2025-07-25,TCS,3072.4780444334683,3089.014534530361,3058.3877948178133,3068.368408203125,2568917.0,788.2383766095948
2025-07-28,TCS,3043.123036074506,3050.951005299135,3003.8852447797885,3013.083251953125,3374473.0,1016.7568080468018
2025-07-29,TCS,2994.1984086760676,3007.8973556438664,2975.802632112602,2990.284423828125,4785312.0,1430.9443936757812
2025-07-30,TCS,2994.1983151611034,3003.0047807939304,2981.673516260727,2987.93603515625,2880121.0,860.5617321510254
2025-07-31,TCS,2976.2918502873677,2994.0027271024683,2950.166049468222,2971.497314453125,2968371.0,882.0506454800537
2025-08-01,TCS,2964.7455243430377,2971.4972914199097,2935.488583681943,2938.424072265625,2053847.0,603.5073465550537
2025-08-04,TCS,2944.392964480288,3013.181055141491,2927.2692812506943,3008.28857421875,2519252.0,757.8637007177734
2025-08-05,TCS,3008.2886143717656,3011.322048140622,2976.5854331255146,2998.014404296875,1927996.0,578.0159779426758
2025-08-06,TCS,2997.1337788834585,3000.8521121202134,2960.9294204705666,2967.093994140625,1487081.0,441.23091039006346
2025-08-07,TCS,2951.1446440658847,2985.9792055799644,2946.154217712285,2981.47802734375,2543076.0,758.2125215865234
2025-08-08,TCS,2982.5543093380406,2994.002666894786,2959.9509519667536,2971.105712890625,2762140.0,820.6609933803711
2025-08-11,TCS,2971.1058502168585,2984.3155492907413,2956.3307005130723,2975.411376953125,1884215.0,560.6314747625732
2025-08-12,TCS,2975.6068714078456,3029.8154640054736,2961.809979769089,2970.127197265625,3358232.0,997.4376197927735
2025-08-13,TCS,2970.812449963036,2978.9337774241835,2963.473728360306,2970.91015625,2148166.0,638.2008186710938
2025-08-14,TCS,2968.757439673081,2990.1864106721328,2954.1779420022144,2957.30908203125,3342174.0,988.3841523928711
2025-08-18,TCS,2980.988718063058,2983.434958599791,2938.815435653507,2946.44775390625,2945609.0,867.9083021936035
2025-08-19,TCS,2946.4478507969,2959.9511467818434,2946.350144506624,2951.34033203125,2650784.0,782.3365730703125
2025-08-20,TCS,2946.1539583708727,3036.664852119672,2946.1539583708727,3031.96826171875,4952358.0,1501.5392276668945
2025-08-21,TCS,3062.693270119804,3062.693270119804,3016.801891436903,3035.882568359375,3230726.0,980.810474654541
2025-08-22,TCS,3019.639270954844,3029.1306363096523,2984.4134077810354,2988.327392578125,1593791.0,476.27693033444825
2025-08-25,TCS,3020.9112915939663,3084.2199463957195,3010.9306783780526,3073.065185546875,3448370.0,1059.7065793884278
2025-08-26,TCS,3061.714802808035,3094.0051794435944,3052.9083364528824,3089.308349609375,5522097.0,1705.9460369452881
2025-08-28,TCS,3077.3704857914763,3078.8382300613293,3020.1284592672155,3027.173583984375,3116051.0,943.2827273548096
2025-08-29,TCS,3026.4887537573413,3048.0156702082504,3011.028465982645,3018.3671875,2271789.0,685.7093374523438
2025-09-01,TCS,3023.5531276055535,3063.7694152474464,3023.5531276055535,3045.667236328125,1246862.0,379.75267416225586
2025-09-02,TCS,3053.98447906176,3087.1554035307527,3036.3715480748965,3044.5908203125,2185229.0,665.3128153680664
2025-09-03,TCS,3062.595025627338,3074.3369795089966,3021.5961322134785,3030.891845703125,1799774.0,545.4920340708496
2025-09-04,TCS,3048.9943814611165,3050.9513740037746,3024.336323201764,3029.130859375,1481391.0,448.7327192900391
2025-09-05,TCS,3030.5006621101975,3036.664997028233,2963.47367273015,2982.75,2802055.0,835.782955125
2025-09-08,TCS,2984.413460841752,2998.9929589138555,2951.144589474992,2954.080078125,2626187.0,775.7966698130859
2025-09-09,TCS,2966.898378981974,2994.19832699537,2965.62628616296,2983.826171875,2489301.0,742.764147347461
2025-09-10,TCS,2990.675797260498,3055.550145422665,2987.740308555338,3043.123291015625,2079428.0,632.7955778790039
2025-09-11,TCS,3071.4996140027415,3071.4996140027415,3043.221168990462,3057.017822265625,2263446.0,691.939476173584
2025-09-12,TCS,3076.3921752202637,3080.991059765134,3053.8867617246956,3066.02001953125,1447167.0,443.70429936049806
2025-09-15,TCS,3066.6070389449774,3066.6070389449774,3029.4241839737238,3044.982177734375,1732539.0,527.5550377229737
2025-09-16,TCS,3060.7363278880744,3082.263245795216,3042.2428439695796,3078.0556640625,2573429.0,792.1157709512695
2025-09-17,TCS,3084.2199854121977,3113.966173979194,3074.8263264485827,3104.57275390625,2418271.0,750.7698258161621
2025-09-18,TCS,3116.51048247651,3134.1234145595795,3093.4178759668794,3108.388916015625,2633138.0,818.481697353955
2025-09-19,TCS,3101.8328935510035,3112.107103450778,3076.3919928468,3101.050048828125,4901694.0,1520.0398418040527
2025-09-22,TCS,3028.445731768582,3040.089740964508,2999.090845838676,3007.70166015625,3634901.0,1093.2697772203612
2025-09-23,TCS,3003.983297445149,3014.453158879609,2986.3703660594774,2996.546630859375,3177741.0,952.2249087293701
2025-09-24,TCS,2984.4133369924134,2991.262810224855,2967.778901999341,2970.127197265625,1625714.0,482.85773663754884
2025-09-25,TCS,2957.015390749667,2964.4520571099356,2887.5421635017433,2893.804443359375,4974361.0,1439.4827964673584
2025-09-26,TCS,2877.7574418213358,2891.260737711385,2829.126226471788,2836.758544921875,3934636.0,1116.1612294157226
2025-09-29,TCS,2853.2947314486933,2866.3087778304835,2831.7678164651984,2833.82275390625,3110035.0,881.3287948444824
2025-09-30,TCS,2848.402439766557,2852.610021207006,2823.0594837288886,2826.288330078125,2253458.0,636.8922047721192
2025-10-01,TCS,2828.8326264436423,2861.9058470940704,2804.957413772581,2851.53369140625,1952902.0,556.8765849014649
2025-10-03,TCS,2861.1229086009284,2861.1229086009284,2828.9304789544044,2839.498046875,2899519.0,823.3178537376953
2025-10-06,TCS,2839.5959635916415,2929.22631078988,2833.3336834873367,2924.137939453125,2112774.0,617.8042610890137
2025-10-07,TCS,2930.5959216848555,2939.891634958981,2891.9453243871753,2909.75390625,3062943.0,891.2410358871093
2025-10-08,TCS,2911.0260640606234,2977.5638026677234,2904.176590968716,2962.103515625,4121889.0,1220.9461897916015
2025-10-09,TCS,2968.757519004287,3000.069397912704,2955.0585719818546,2995.86181640625,3211304.0,962.0623034472657
2025-10-10,TCS,2984.413250266025,3003.983173218589,2942.239970746985,2963.179931640625,8817365.0,2612.743901795044
2025-10-13,TCS,2961.908209472205,2970.2254277677166,2933.7274691163334,2942.533935546875,2866865.0,843.5847551131592
2025-10-14,TCS,2956.0370052457697,2962.1036338769445,2891.9455044700007,2896.642333984375,3611416.0,1046.0980471228515
2025-10-15,TCS,2917.954894078994,2926.499513769408,2898.31197994854,2916.7763671875,4282226.0,1249.0295595755858
2025-10-16,TCS,2916.87439174088,2921.883430677564,2890.553079047838,2917.66015625,3251495.0,948.6757409746094
2025-10-17,TCS,2916.972551528368,2935.4369375213087,2902.6331292681275,2909.311767578125,4374683.0,1272.7316731323974
2025-10-20,TCS,2932.1958010354274,2969.0262624451843,2925.320781572273,2961.365478515625,3133039.0,927.8073537443115
2025-10-21,TCS,2976.981832168517,2977.669286180243,2942.508423286113,2953.017333984375,310644.0,91.73371166982422
2025-10-23,TCS,3000.4550745732363,3042.687339125331,2981.892616996725,3018.330078125,5564758.0,1679.627644888672
2025-10-24,TCS,3025.0086400055093,3034.8300966289034,3003.6961270890743,3008.508544921875,2684318.0,807.5793640287598
2025-10-27,TCS,3011.7496607245316,3038.9550474990237,3005.5620951218402,3029.821044921875,1946312.0,589.6977057583985
2025-10-28,TCS,3021.0801556355614,3035.0265765381446,2985.919291823652,3003.30322265625,3470737.0,1042.3675617092285
2025-10-29,TCS,3003.3032409472494,3021.080174034828,2991.714113509379,3003.0087890625,2895420.0,869.4971708027343
2025-10-30,TCS,2994.6603471523654,3009.0978400091353,2978.6513253692647,2981.106689453125,2241536.0,668.225796425
2025-10-31,TCS,2980.8120174669925,3012.6334402910475,2971.088871543434,3003.4013671875,1868085.0,561.0609043022461
2025-11-03,TCS,2992.499451583931,3003.4013640895914,2956.2583734171585,2962.93701171875,2194877.0,650.3282299470214
2025-11-04,TCS,2965.6872390451917,2975.214004338424,2922.8655907942766,2936.81201171875,2670720.0,784.34025759375
2025-11-06,TCS,2936.7138956519902,2970.0085383136757,2936.61558517126,2957.142333984375,2542721.0,751.9187912611084
2025-11-07,TCS,2947.419237380036,2950.3656744717186,2907.6423366423182,2938.383544921875,1830520.0,537.8769846650391
2025-11-10,TCS,2939.5619693268272,2993.4816703122747,2938.579823663838,2971.18701171875,1556656.0,462.51160889140624
2025-11-11,TCS,2990.633609021809,3001.142519888641,2964.1156755427983,2992.597900390625,2806868.0,839.9827283473633
2025-11-12,TCS,3005.3656835637266,3080.4015151753365,3002.51755709654,3075.8837890625,4460315.0,1371.9410602612304
2025-11-13,TCS,3075.8838537295965,3075.9819244274895,3046.61586484088,3050.249755859375,1740435.0,530.8761433839111
2025-11-14,TCS,3034.830102963518,3057.517763723578,3022.356900982103,3050.54443359375,2210794.0,674.4125330522461
2025-11-17,TCS,3050.544457369475,3067.7320066302495,3031.4909272444793,3046.812255859375,2232853.0,680.3083885932373
2025-11-18,TCS,3046.6158078736476,3049.5622448251693,3023.0443122614724,3031.98193359375,2548350.0,772.6551160473633
2025-11-19,TCS,3041.705020306013,3098.6694669245953,3028.4460542827223,3091.499755859375,3151053.0,974.1479580199951
2025-11-20,TCS,3091.794673762747,3108.0000778660146,3082.0715272134535,3088.65185546875,2700767.0,834.172900573877
2025-11-21,TCS,3088.6516518716926,3113.4016740052466,3079.2229578295533,3094.34814453125,4177037.0,1292.520669058838
2025-11-24,TCS,3101.616062202543,3122.1428110333977,3075.0981288018247,3085.115966796875,6703764.0,2068.1889354038085
2025-11-25,TCS,3089.142887490615,3093.562543096727,3059.3838251197944,3063.5087890625,2737920.0,838.764198375
2025-11-26,TCS,3063.115986297256,3121.2589624366606,3061.348076121797,3106.428466796875,2508527.0,779.2559682528564
2025-11-27,TCS,3123.223169867727,3123.223169867727,3069.205159068128,3080.59814453125,2836233.0,873.7294117258301
2025-11-28,TCS,3083.937297684263,3091.1070087848907,3069.205113141185,3081.48193359375,1616690.0,498.180102722168
2025-12-01,TCS,3081.8747335418534,3097.687374390369,3066.4550948216056,3077.455078125,1747647.0,537.8305134919922
2025-12-02,TCS,3075.0980746626374,3087.8659682974553,3064.6872347092776,3079.714111328125,2512003.0,773.6251086798584
2025-12-03,TCS,3083.9373188138757,3154.5534946281955,3082.9551731709416,3123.22314453125,3952112.0,1234.3327668179688
2025-12-04,TCS,3136.9731988901626,3191.9733551637537,3130.4909417024,3171.544677734375,5025905.0,1593.9882253548583
2025-12-05,TCS,3172.330486734928,3213.187842167148,3164.866083794654,3180.384033203125,5244013.0,1667.7975215109618
2025-12-08,TCS,3185.0983021118977,3201.6964674714213,3151.3125880977464,3178.71435546875,2544725.0,808.8953888220215
2025-12-09,TCS,3172.330579931189,3175.964471029267,3124.401822284255,3151.01806640625,2734893.0,861.7697252687989
2025-12-10,TCS,3167.41989738469,3167.41989738469,3121.357359750894,3132.259033203125,1386849.0,434.3970307938721
2025-12-11,TCS,3147.7768486239356,3151.1160479641035,3096.8035846478047,3134.91064453125,1914362.0,600.1353811286133
2025-12-12,TCS,3140.607031689688,3165.4553640739014,3128.8212841349605,3163.0,1146554.0,362.6550302
2025-12-15,TCS,3153.7680172761306,3180.384020730158,3140.2143592438706,3172.52685546875,1562190.0,495.60897283447264
2025-12-16,TCS,3162.509118995985,3162.509118995985,3134.1252044928165,3147.875244140625,1734623.0,546.0376799616944
2025-12-17,TCS,3143.3572206041695,3179.107227122374,3143.3572206041695,3160.348388671875,1376350.0,434.9745504748535
2025-12-18,TCS,3170.366292342023,3229.09865265339,3163.4912725011322,3222.2236328125,2307422.0,743.5029699271485
2025-12-19,TCS,3240.09857605464,3258.661033366418,3220.259281411304,3223.402099609375,3902511.0,1257.9362151148682
2025-12-22,TCS,3250.9022578364156,3269.170263717588,3232.2414895890165,3265.5361328125,2632816.0,859.7555779046875
2025-12-23,TCS,3260.625245626059,3260.625245626059,3234.6966963938,3250.902099609375,2365420.0,768.9748844458007
2025-12-24,TCS,3245.107580613968,3267.696930860065,3237.2504153109776,3259.741455078125,1367708.0,445.8374466041992
2025-12-26,TCS,3253.9468611908032,3260.7235702886815,3213.384197736604,3221.437744140625,1176664.0,379.0549821771484
2025-12-29,TCS,3221.437683809396,3229.294848891858,3184.9999848268185,3193.446533203125,2079473.0,664.0685842739503
2025-12-30,TCS,3191.973384551631,3209.160933545371,3181.6608551553877,3188.83056640625,2807593.0,895.2938376428223
2025-12-31,TCS,3182.151893056932,3188.0447669329633,3141.392848747715,3148.955322265625,3362634.0,1058.8784231131347
2026-01-01,TCS,3157.59834501185,3176.3574233163417,3141.0982497161094,3169.77685546875,1255735.0,398.0399739602051
2026-01-02,TCS,3176.2591039024273,3196.196709004467,3162.017991655493,3192.660888671875,1184324.0,378.11449143154294
2026-01-05,TCS,3182.642968809425,3189.026915514335,3134.026759287417,3158.6787109375,2341703.0,739.6687413438476
2026-01-06,TCS,3152.6876022111082,3204.9377039238207,3147.7768738587542,3197.669921875,2912325.0,931.2654055224609
2026-01-07,TCS,3185.0000101265678,3241.6700055592964,3165.651788913644,3236.75927734375,1989442.0,643.9344850237304
2026-01-08,TCS,3228.2143763788763,3228.2143763788763,3125.1873956711997,3146.6962890625,4159336.0,1308.8167156164063
2026-01-09,TCS,3134.0267606372377,3172.0357492326657,3134.0267606372377,3150.52685546875,1938673.0,610.7841350472168
2026-01-12,TCS,3145.8126491306843,3193.937788002805,3117.6251157476318,3181.75927734375,2228342.0,709.0047831594727
2026-01-13,TCS,3187.0627488471305,3221.437847833155,3153.1787227037635,3209.652099609375,5645341.0,1811.958059366089
2026-01-14,TCS,3201.7948316366483,3201.7948316366483,3126.1696162881753,3135.5,3539511.0,1109.81367405
2026-01-15,TCS,3135.5,3135.5,3135.5,3135.5,0.0,0.0
2026-01-16,TCS,3219.39990234375,3221.89990234375,3171.0,3206.699951171875,4293470.0,1376.787003935791
2026-01-19,TCS,3188.0,3220.0,3152.10009765625,3163.60009765625,3387562.0,1071.6891474016602
2026-01-20,TCS,3151.60009765625,3160.0,3091.10009765625,3102.300048828125,4499273.0,1395.8094847591065
2026-01-21,TCS,3100.0,3138.5,3082.0,3122.60009765625,2015150.0,629.2507586791992
2026-01-22,TCS,3150.0,3160.0,3122.300048828125,3150.39990234375,2269827.0,715.0862759137207
2026-01-23,TCS,3190.300048828125,3194.5,3152.0,3162.5,2068857.0,654.27602625
2026-01-27,TCS,3175.0,3175.0,3130.0,3158.0,4279874.0,1351.5842092
2026-01-28,TCS,3176.0,3205.199951171875,3170.60009765625,3200.10009765625,2751234.0,880.4224192075195
2026-01-29,TCS,3200.10009765625,3200.10009765625,3125.60009765625,3144.39990234375,2457641.0,772.7806120395996
2026-01-30,TCS,3141.0,3141.0,3092.0,3123.89990234375,3022068.0,944.0637930076172
2026-02-02,TCS,3198.0,3198.0,3134.0,3169.60009765625,2636272.0,835.5927988648438
2026-02-03,TCS,3350.0,3350.0,3186.300048828125,3225.300048828125,4366060.0,1408.1853531186523
2026-02-04,TCS,3120.0,3120.0,2986.0,2999.10009765625,10852595.0,3254.801872432373
2026-02-05,TCS,2990.0,3029.699951171875,2972.300048828125,2991.5,3521545.0,1053.47018675
2026-02-06,TCS,2976.60009765625,2985.0,2916.0,2941.60009765625,4687389.0,1378.8423940152832
2026-02-09,TCS,2959.10009765625,2977.0,2937.5,2948.199951171875,2380318.0,701.7653411373535
2026-02-10,TCS,2949.800048828125,3011.60009765625,2943.5,2984.60009765625,3547763.0,1058.865379626123
2026-02-11,TCS,2980.0,2998.0,2904.199951171875,2909.800048828125,3363513.0,978.7150291634033
2026-02-12,TCS,2869.800048828125,2880.0,2740.0,2750.10009765625,10612156.0,2918.449125194336
2026-02-13,TCS,2585.0,2713.0,2585.0,2692.199951171875,11168735.0,3006.846782165161
2026-02-16,TCS,2700.0,2719.800048828125,2671.0,2706.60009765625,2918730.0,789.9834903032227
2026-02-17,TCS,2716.0,2760.0,2695.199951171875,2717.39990234375,4209118.0,1143.7856842153321
2026-02-18,TCS,2730.0,2730.0,2657.300048828125,2694.89990234375,2950820.0,795.2164529833984
2026-02-19,TCS,2708.0,2748.699951171875,2666.60009765625,2677.89990234375,3238849.0,867.3313420806153
2026-02-20,TCS,2667.0,2702.60009765625,2647.5,2686.199951171875,2293482.0,616.0751236413574
2026-02-23,TCS,2686.0,2704.0,2660.199951171875,2676.300048828125,4699596.0,1257.752900427246
2026-02-24,TCS,2641.0,2647.5,2561.300048828125,2573.699951171875,7798833.0,2007.1856111297607
2026-02-25,TCS,2596.0,2654.199951171875,2595.0,2629.300048828125,3621285.0,952.1444827320556
2026-02-26,TCS,2650.0,2671.0,2635.0,2647.699951171875,3464267.0,917.2339566746338
2026-02-27,TCS,2681.60009765625,2688.60009765625,2626.10009765625,2637.39990234375,5083717.0,1340.7794719343262
2026-03-02,TCS,2592.0,2623.800048828125,2580.300048828125,2613.5,3374385.0,881.89551975
2026-03-04,TCS,2625.0,2635.0,2580.39990234375,2587.800048828125,3446434.0,891.868207348291
2026-03-05,TCS,2600.0,2609.5,2546.39990234375,2578.800048828125,2960636.0,763.4888261362305
2026-03-06,TCS,2572.0,2619.199951171875,2553.60009765625,2557.60009765625,3998643.0,1022.692972729248
2026-03-09,TCS,2530.0,2560.0,2505.0,2527.39990234375,3653428.0,923.3673570419921
2026-03-10,TCS,2541.0,2545.199951171875,2490.10009765625,2513.10009765625,4323710.0,1086.5916023237305
2026-03-11,TCS,2508.10009765625,2521.0,2460.10009765625,2464.89990234375,2720664.0,670.6164427910156
2026-03-12,TCS,2459.800048828125,2472.89990234375,2436.0,2442.39990234375,2752075.0,672.1667711242676
2026-03-13,TCS,2437.0,2445.89990234375,2397.0,2410.5,2466488.0,594.5469324
2026-03-16,TCS,2410.0,2425.0,2366.10009765625,2409.199951171875,3807907.0,917.4009358467041
2026-03-17,TCS,2420.0,2420.0,2360.0,2391.699951171875,2993367.0,715.9235707739502
2026-03-18,TCS,2410.0,2482.89990234375,2410.0,2440.800048828125,3082388.0,752.3492780907227
2026-03-19,TCS,2417.0,2424.0,2350.199951171875,2356.0,2757060.0,649.563336
2026-03-20,TCS,2386.0,2407.800048828125,2364.199951171875,2390.60009765625,4206320.0,1005.5629002773437
2026-03-23,TCS,2365.0,2406.800048828125,2348.0,2383.800048828125,3860515.0,920.2695845501709
2026-03-24,TCS,2404.10009765625,2435.39990234375,2379.10009765625,2398.800048828125,3420182.0,820.4332748601074
2026-03-25,TCS,2400.89990234375,2421.60009765625,2369.800048828125,2377.39990234375,5843778.0,1389.2997246518555
2026-03-27,TCS,2403.89990234375,2422.10009765625,2385.0,2389.800048828125,4979411.0,1189.9796650935302
2026-03-30,TCS,2375.10009765625,2398.0,2346.199951171875,2358.89990234375,6804756.0,1605.1738263873046
2026-04-01,TCS,2429.0,2472.0,2397.89990234375,2408.199951171875,4132661.0,995.2274018409912
2026-04-02,TCS,2386.0,2469.89990234375,2375.699951171875,2450.699951171875,5378361.0,1318.0749040084718
2026-04-06,TCS,2474.0,2482.0,2448.199951171875,2473.89990234375,2572417.0,636.3902165087402
2026-04-07,TCS,2461.0,2543.89990234375,2448.0,2539.800048828125,4516550.0,1147.1133910534668
2026-04-08,TCS,2572.0,2580.300048828125,2540.10009765625,2559.199951171875,4769337.0,1220.5687017522216
2026-04-09,TCS,2554.0,2605.0,2531.10009765625,2589.0,5628261.0,1457.1567729
2026-04-10,TCS,2565.800048828125,2565.800048828125,2501.10009765625,2524.300048828125,10480239.0,2645.526781943042
2026-04-13,TCS,2489.89990234375,2504.89990234375,2470.0,2472.60009765625,3739587.0,924.6503181394042
2026-04-15,TCS,2501.89990234375,2559.0,2493.39990234375,2554.89990234375,5261384.0,1344.2309467792968
2026-04-16,TCS,2572.0,2594.0,2558.0,2576.89990234375,3905403.0,1006.3832609312989
2026-04-17,TCS,2570.0,2589.0,2555.89990234375,2581.5,2718206.0,701.7048789
2023-04-21,HDFCBANK,803.0689611623811,806.8942212156402,800.3022466466929,805.7634887695312,20128618.0,1621.8905463789185
2023-04-24,HDFCBANK,811.7300315452851,813.8712046366431,805.5229555378388,812.2833862304688,35675852.0,2897.8901869217043
2023-04-25,HDFCBANK,812.0668172386956,812.0668172386956,799.6527240862603,800.7353515625,50353068.0,4031.948160723047
2023-04-26,HDFCBANK,798.738456878835,805.955973055451,796.3326181532963,804.416259765625,27392750.0,2203.5173499694824
2023-04-27,HDFCBANK,803.7906953628967,810.8879194015693,801.5532536644629,808.8429565429688,47790392.0,3865.492195962744
2023-04-28,HDFCBANK,810.6232785465422,813.6546588421882,803.5501361717647,812.0186767578125,27916272.0,2266.8534249451172
2023-05-02,HDFCBANK,812.547950500037,817.5040017864336,809.3241500911014,811.8502807617188,32221184.0,2615.8777276875
2023-05-03,HDFCBANK,810.7435980893194,816.0605253605099,808.1934441893474,814.689208984375,29407270.0,2395.7785534689942
2023-05-04,HDFCBANK,811.7781309061464,834.5614130090665,811.7781309061464,831.3616943359375,56854638.0,4726.676817853638
2023-05-05,HDFCBANK,788.6339660930405,799.1955750303342,780.5022191249311,782.2103881835938,62770416.0,4909.967146580567
2023-05-08,HDFCBANK,786.7092748572636,794.0951881063704,784.3034360962322,791.2562866210938,37244524.0,2946.9963757210203
2023-05-09,HDFCBANK,793.878651970084,796.8137633850524,789.0909977997552,791.2803344726562,43688938.0,3457.019747339514
2023-05-10,HDFCBANK,791.2803925786036,796.1642571593527,785.7950682892969,794.937255859375,46340550.0,3683.782965201416
2023-05-11,HDFCBANK,801.2164814876731,812.2111527020498,793.5659026029952,795.4664916992188,35734618.0,2842.5691212671754
2023-05-12,HDFCBANK,792.4833249747595,804.8974770572269,791.1601135942614,802.4916381835938,22478760.0,1803.901693673584
2023-05-15,HDFCBANK,804.5124814304968,808.7226992609494,801.1924121940802,806.3409423828125,18512260.0,1492.7193174035644
2023-05-16,HDFCBANK,813.641207320555,813.641207320555,800.1113205928083,801.7174072265625,32722086.0,2623.38659469646
2023-05-17,HDFCBANK,803.0314612780545,803.0314612780545,791.0346460503185,797.4102172851562,30466868.0,2429.4591831878174
2023-05-18,HDFCBANK,802.0580796447568,804.953835962047,798.1645938212387,800.5980224609375,49646942.0,3974.724358643286
2023-05-19,HDFCBANK,802.0581696272553,803.0315411923369,794.0522122684132,801.5228271484375,30460332.0,2441.4651420520017
2023-05-22,HDFCBANK,800.5981052751066,804.4429348055172,794.6118464382748,798.6757202148438,28334032.0,2262.970341419043
2023-05-23,HDFCBANK,802.5447954516952,802.8367950174272,794.9768083346355,796.8018798828125,22470074.0,1790.4197204305908
2023-05-24,HDFCBANK,792.1053982534182,795.6095118101778,785.3160965486113,786.3868408203125,33588112.0,2641.3249284798826
2023-05-25,HDFCBANK,786.3380947431477,788.455225154943,777.407423655138,783.3693237304688,29776930.0,2332.633351686951
2023-05-26,HDFCBANK,787.944211421121,787.944211421121,779.7922252930767,786.3868408203125,26635066.0,2094.5465406780518
2023-05-29,HDFCBANK,792.5676872978805,798.6512587386072,790.7912725552128,795.9744873046875,21816292.0,1736.5211839589356
2023-05-30,HDFCBANK,795.0498137776772,799.4543434930372,792.5920864341458,796.5828857421875,37125928.0,2957.387886209668
2023-05-31,HDFCBANK,793.249109394473,795.706836766176,780.9602943063138,783.9777221679688,43334270.0,3397.3102286411745
2023-06-01,HDFCBANK,788.3822359863269,788.3822359863269,778.6971779535536,780.6439208984375,50366938.0,3931.8643963968507
2023-06-02,HDFCBANK,784.7564131844704,785.9001722239442,779.1838851154611,781.8606567382812,17859710.0,1396.3804589755248
2023-06-05,HDFCBANK,785.7541372012771,786.7275086936293,779.889550195903,780.838623046875,18697242.0,1459.9528698054198
2023-06-06,HDFCBANK,782.4203085516023,783.4909933701617,774.9253365920524,778.4051513671875,32182852.0,2505.129778248779
2023-06-07,HDFCBANK,780.3762267164857,784.8051144822347,776.7504417142903,782.4446411132812,24949026.0,1952.1231694695923
2023-06-08,HDFCBANK,780.278861070367,791.350960923385,780.278861070367,782.9312744140625,37395522.0,2927.812369683911
2023-06-09,HDFCBANK,786.4354761770152,787.7008471820789,782.1039613355581,783.8560180664062,18212578.0,1427.6038869803833
2023-06-12,HDFCBANK,784.8051052341397,786.3868338718737,778.4294745818307,779.0865478515625,13408292.0,1044.6219926865722
2023-06-13,HDFCBANK,773.8789730190645,783.0773452649356,773.8789730190645,780.4005737304688,27926108.0,2179.355070525903
2023-06-14,HDFCBANK,783.7830313619872,784.5374180278894,778.7945024942541,779.5488891601562,20113968.0,1567.982141100293
2023-06-15,HDFCBANK,780.6439096325554,781.5929230405386,768.4767664026215,769.961181640625,35377476.0,2723.928322442285
2023-06-16,HDFCBANK,772.4432372595309,783.1746215295391,770.9101653895649,780.0355224609375,15779272.0,1230.8392678573243
2023-06-19,HDFCBANK,784.0507655809437,785.6324943134937,777.8941787861185,780.7169799804688,24829146.0,1938.4535880614135
2023-06-20,HDFCBANK,780.7169656771292,784.0507512165266,774.1467079853705,782.3473510742188,20005626.0,1565.1348507681519
2023-06-21,HDFCBANK,786.4841043269806,796.8261756245972,784.050675786365,796.0231323242188,24308946.0,1935.0483338420288
2023-06-22,HDFCBANK,798.1646301932708,806.7059888717916,797.7023024946114,799.9166870117188,56596140.0,4527.219680645142
2023-06-23,HDFCBANK,796.9722855006775,807.8497002925832,795.2688853504051,799.8680419921875,21339218.0,1706.8558519304443
2023-06-26,HDFCBANK,800.598057936059,803.396500995714,792.6650564551716,795.9989013671875,16130314.0,1283.9712222707765
2023-06-27,HDFCBANK,799.6003360457688,814.1766100290189,797.4589662553369,807.2169799804688,33831864.0,2730.9655085189943
2023-06-28,HDFCBANK,812.7652324615918,817.5834334461853,808.1417176661517,815.7583618164062,59562950.0,4858.897451695251
2023-06-30,HDFCBANK,829.3124290377532,831.6485441511054,819.213700808567,828.0470581054688,40699016.0,3370.07004665874
2023-07-03,HDFCBANK,833.4493066629323,855.3501643562647,832.232592346636,837.0021362304688,44104116.0,3691.5239308556397
2023-07-04,HDFCBANK,838.7784528667394,850.239924960872,834.0819833506376,841.0902099609375,38795188.0,3263.0252820394044
2023-07-05,HDFCBANK,835.2744057361592,837.0994772709068,812.0595195781218,814.3712768554688,37165754.0,3026.6722540276246
2023-07-06,HDFCBANK,814.2252369257229,821.4525082286525,808.0930085295972,815.1986083984375,52156544.0,4251.794208767187
2023-07-07,HDFCBANK,810.3317601084606,815.1986175265295,806.0976179186929,808.093017578125,19926336.0,1610.2332987515624
2023-07-10,HDFCBANK,808.3849760030445,816.0502760464208,802.8854036365442,806.1705322265625,38398442.0,3095.569242381079
2023-07-11,HDFCBANK,809.3583461576029,815.6852604691176,800.8413461228718,802.2527465820312,50670426.0,4065.0488428981566
2023-07-12,HDFCBANK,805.6352319869237,810.9644765133695,791.9107178120092,794.7334594726562,70958358.0,5639.298133183924
2023-07-13,HDFCBANK,806.2921751723549,806.65718944724,797.2155343981111,798.6998901367188,41913546.0,3347.6344585440306
2023-07-14,HDFCBANK,804.7835035114284,804.7835035114284,795.7311609024043,800.3546752929688,24727214.0,1979.0541331869752
2023-07-17,HDFCBANK,803.0314502823962,818.6053935606003,794.7577929158504,817.0966796875,49252928.0,4024.44039336875
2023-07-18,HDFCBANK,826.3924020963348,829.3125165913748,812.7652011194812,816.4153442382812,81076818.0,6619.235827721448
2023-07-19,HDFCBANK,818.1673927652148,821.8905505906512,815.1986216073076,820.1141357421875,32935134.0,2701.0568955963136
2023-07-20,HDFCBANK,818.1917641303833,823.4722926593728,817.6320636334198,821.8905639648438,56210948.0,4619.92477527185
2023-07-21,HDFCBANK,817.6320129512904,822.4015567907909,814.3468843278255,815.5635986328125,42154248.0,3437.9470196540037
2023-07-24,HDFCBANK,816.9020502488354,819.8951795624654,812.8138779724052,816.8533935546875,32179444.0,2628.5888034103027
2023-07-25,HDFCBANK,819.8951278192749,826.879056170404,816.8533420034627,825.7109985351562,55992596.0,4623.37023537356
2023-07-26,HDFCBANK,827.1710534459679,827.1710534459679,821.5255108693627,822.8395385742188,24794358.0,2040.177809596399
2023-07-27,HDFCBANK,827.3170606790924,828.8257745170246,811.5240735457453,814.2982177734375,59741302.0,4864.72357460647
2023-07-28,HDFCBANK,808.6283856221597,812.2298721075693,798.6999842928814,799.8680419921875,41015684.0,3280.7134852050294
2023-07-31,HDFCBANK,803.0557764440342,806.3409049738307,797.531846128994,803.6154174804688,34565006.0,2777.697172690491
2023-08-01,HDFCBANK,805.1971747453257,811.5240891764785,803.0314470309211,808.9933471679688,35394188.0,2863.366262041235
2023-08-02,HDFCBANK,799.1380486876382,803.7615635856482,794.8308914277848,798.4080200195312,28116322.0,2244.8296978251587
2023-08-03,HDFCBANK,798.1646183703506,803.6884896703888,789.8909607409018,792.6407470703125,57673946.0,4571.471964393286
2023-08-04,HDFCBANK,795.8042164551875,806.1949453417267,792.9327586465489,804.1021728515625,37388304.0,3006.4016485634766
2023-08-07,HDFCBANK,809.4070457041624,809.4070457041624,801.8391180613743,803.6398315429688,28300918.0,2274.3744974031374
2023-08-08,HDFCBANK,803.8588478451442,805.7569341954113,799.1623777784342,802.9828491210938,43773828.0,3514.963312437671
2023-08-09,HDFCBANK,804.4914945725491,805.221523152016,793.8330654303563,803.2747802734375,33361236.0,2679.823951755029
2023-08-10,HDFCBANK,801.5957522263969,805.099865704745,793.7844225264857,796.1448364257812,50781118.0,4042.9124883628297
2023-08-11,HDFCBANK,797.385890968424,797.385890968424,786.5814324003055,787.8468627929688,28225822.0,2223.762531245276
2023-08-14,HDFCBANK,784.0507929265752,785.9975360499187,778.8189207825898,784.0021362304688,31304410.0,2454.2724313434446
2023-08-16,HDFCBANK,770.4721710730195,783.3937010320665,769.5961724006356,781.714599609375,34137542.0,2668.581497617822
2023-08-17,HDFCBANK,777.529087744607,783.5153458133944,775.7770310495571,777.3831176757812,52884040.0,4111.115989049073
2023-08-18,HDFCBANK,772.6379419530916,776.8964420218484,771.6402124587459,774.1953125,25633366.0,1984.5231800796876
2023-08-21,HDFCBANK,778.9405181779168,778.9405181779168,772.3702607612333,773.5869750976562,21837270.0,1689.3027643690796
2023-08-22,HDFCBANK,776.9207377849476,777.7237811054864,768.963438139342,770.2774658203125,32273570.0,2485.9603712574462
2023-08-23,HDFCBANK,768.9634840803492,774.0980425006611,765.6783552717781,772.1755981445312,36498588.0,2818.331902033081
2023-08-24,HDFCBANK,775.4363414276388,776.8476824149117,767.0896698783494,768.6227416992188,43145792.0,3316.283693982422
2023-08-25,HDFCBANK,766.3110504597091,767.746749618975,758.4510639302869,759.9597778320312,30069756.0,2285.180508922339
2023-08-28,HDFCBANK,759.9597651143588,770.2531801549441,759.9597651143588,767.868408203125,28867238.0,2216.6240092280764
2023-08-29,HDFCBANK,773.6843204138314,775.1200790359981,769.6691629379135,773.9763793945312,35538932.0,2750.629391690845
2023-08-30,HDFCBANK,780.6195643753474,780.6195643753474,765.8973208258516,768.3307495117188,28084204.0,2157.795750876001
2023-08-31,HDFCBANK,768.4767470204652,770.4965046276685,760.7384322394234,764.80224609375,100075772.0,7653.817520516602
2023-09-01,HDFCBANK,764.5832587851945,768.4767445078436,758.9133583196115,766.3839721679688,43226776.0,3312.830829489502
2023-09-04,HDFCBANK,773.8303310146484,774.5360015777221,766.4813881806992,771.1779174804688,25073638.0,1933.6235936499145
2023-09-05,HDFCBANK,773.0517033297151,773.0517033297151,764.3886726986182,766.4814453125,38712082.0,2967.2092562416015
2023-09-06,HDFCBANK,767.4060807161218,778.6971658570981,766.4813659496907,776.507080078125,56320910.0,4373.358537144287
2023-09-07,HDFCBANK,776.5071078478363,785.510794150052,772.4432937501639,783.9777221679688,34208342.0,2681.8578040302855
2023-09-08,HDFCBANK,782.7366896240351,794.7091467964383,782.3959739643648,790.0856323242188,34502210.0,2725.9700404432983
2023-09-11,HDFCBANK,792.762427572447,796.4612273788786,790.3776555229446,794.173828125,31573022.0,2507.4467747214844
2023-09-12,HDFCBANK,798.164658821722,799.576059429664,790.888730360441,796.6559448242188,39033340.0,3109.614235734497
2023-09-13,HDFCBANK,793.9304547919241,803.8101394610018,792.6163676755281,800.0626831054688,46420094.0,3713.898495564807
2023-09-14,HDFCBANK,800.2330026157181,803.0314455319658,795.7798163539742,799.5759887695312,23538848.0,1882.1097664095703
2023-09-15,HDFCBANK,803.0315033597159,812.7652185519548,803.0315033597159,808.7500610351562,173411202.0,14024.632020167981
2023-09-18,HDFCBANK,804.8565635467733,805.4649207376626,791.3996906023217,792.83544921875,37056288.0,2937.9538742859377
2023-09-20,HDFCBANK,778.2104866731253,778.2104866731253,759.4244292708094,761.0304565429688,115474648.0,8787.97240865786
2023-09-21,HDFCBANK,755.8229580049356,763.5855718328563,748.0603441770149,755.9932861328125,72841442.0,5506.764110423266
2023-09-22,HDFCBANK,758.7430770496563,761.3711919566923,741.5874045249608,744.4588623046875,61704250.0,4593.6275754364015
2023-09-25,HDFCBANK,742.195730377536,749.8366724935371,742.195730377536,745.1158447265625,40208754.0,2996.017970211255
2023-09-26,HDFCBANK,742.1957693327212,749.4960555884529,742.1957693327212,748.3523559570312,27575308.0,2063.604670804077
2023-09-27,HDFCBANK,741.2224021033014,745.8459167585748,737.3289160778081,743.0961303710938,39338538.0,2923.2315362256227
2023-09-28,HDFCBANK,746.5759362770035,748.3279930851168,738.9592924506106,741.5630493164062,55354188.0,4104.862044571362
2023-09-29,HDFCBANK,741.5629997895483,747.2815569377753,740.8816873168103,742.8284301757812,32053782.0,2381.0460564256714
2023-10-03,HDFCBANK,743.1691434056778,743.1691434056778,732.9487426122795,733.9464721679688,38971694.0,2860.3137325709595
2023-10-04,HDFCBANK,727.5952007546005,747.0626308751249,724.7967576747751,744.4102172851562,54649430.0,4068.1594060809934
2023-10-05,HDFCBANK,747.0869560565192,755.1172706279191,745.8945403681716,747.4276123046875,48512674.0,3625.971209433569
2023-10-06,HDFCBANK,751.4427800948807,751.9294658332841,744.5561650144963,746.6002807617188,17759356.0,1325.9140175747314
2023-10-09,HDFCBANK,743.6558133244023,744.6291848078113,735.8688414571311,737.937255859375,16454972.0,1214.2736882922852
2023-10-10,HDFCBANK,740.0299677918072,744.142438208933,737.4261517587281,742.1226806640625,33266292.0,2468.7669794793455
2023-10-11,HDFCBANK,744.6778768359782,750.5424640657517,743.8991914942775,749.3013916015625,31333360.0,2347.8130251552734
2023-10-12,HDFCBANK,747.5979272653602,755.3362421435227,745.4078415117224,754.2898559570312,22025336.0,1661.3487518845216
2023-10-13,HDFCBANK,749.4960266639874,753.7788848660191,744.6048112974557,747.4276123046875,39745300.0,2970.6734679333495
2023-10-16,HDFCBANK,745.3592240817852,746.794923276397,740.0056808464606,744.4345092773438,17856084.0,1329.268513015503
2023-10-17,HDFCBANK,757.1613181665532,757.1613181665532,747.0625893528261,750.0800170898438,32902558.0,2467.9551266939575
2023-10-18,HDFCBANK,750.0800718553149,750.0800718553149,738.8376426467095,739.6406860351562,31216200.0,2308.8771583410644
2023-10-19,HDFCBANK,732.6566914356105,742.8040767694536,731.5859472105568,737.3045043945312,30252364.0,2230.520424578296
2023-10-20,HDFCBANK,732.46203118805,743.1691173582408,732.46203118805,741.1250610351562,21094010.0,1563.3299448726195
2023-10-23,HDFCBANK,741.4657259067877,744.0208260452915,730.0772676931944,732.9730834960938,22376136.0,1640.110540064795
2023-10-25,HDFCBANK,740.2489957035165,741.1250537819102,725.8674086108082,728.3251953125,28311996.0,2062.0340016386717
2023-10-26,HDFCBANK,725.7700665168079,726.1350808000519,710.6828094760561,712.2158813476562,55561798.0,3957.1994931830445
2023-10-27,HDFCBANK,715.1846713831347,719.3215000369331,713.9193003827721,715.0143432617188,31940532.0,2283.793851140991
2023-10-30,HDFCBANK,712.1429661841146,725.1374527205985,711.485952264384,722.7770385742188,23310982.0,1684.864253621692
2023-10-31,HDFCBANK,731.9753494856925,731.9753494856925,717.3747773549939,718.5914916992188,32634824.0,2345.1106859501465
2023-11-01,HDFCBANK,711.6562028835086,719.053802155173,711.6562028835086,717.6181030273438,33877466.0,2431.1082886293334
2023-11-02,HDFCBANK,722.7283533192214,725.4051249981815,714.041024388573,718.7131958007812,45225154.0,3250.3914961922487
2023-11-03,HDFCBANK,724.188409593513,725.84315305655,721.0979669049797,722.1199951171875,18095340.0,1306.7006832443847
2023-11-06,HDFCBANK,729.0552678342725,729.0552678342725,721.7549814407384,727.3518676757812,25593730.0,1861.5647316289674
2023-11-07,HDFCBANK,727.1084316790375,727.1084316790375,718.9320882014275,723.8233032226562,41952848.0,3036.6449018958006
2023-11-08,HDFCBANK,722.2172785513859,726.8407930714139,720.7815793854345,725.9161376953125,31399546.0,2279.34371577063
2023-11-09,HDFCBANK,723.2150669100431,726.4271811664283,721.9983524636938,723.0447387695312,22116740.0,1599.1392495733642
2023-11-10,HDFCBANK,720.3436158922068,728.081931727707,720.3193172489762,725.891845703125,14015186.0,1017.3509233412598
2023-11-13,HDFCBANK,726.1838472673516,728.0575756559493,723.1664191670033,724.5778198242188,20605914.0,1493.0588241605346
2023-11-15,HDFCBANK,732.0239534354185,735.3577386164206,730.2962548370274,732.1699829101562,41245460.0,3019.8687743321534
2023-11-16,HDFCBANK,734.7494210785321,739.2756221207742,731.8536647558356,734.0924072265625,29713838.0,2181.2702865360106
2023-11-17,HDFCBANK,725.16173850318,733.6787387876133,724.6750527726409,732.5106811523438,23701874.0,1736.1875868327027
2023-11-20,HDFCBANK,736.3554985735485,736.3554985735485,730.7829708116128,732.559326171875,19331452.0,1416.1435451043944
2023-11-21,HDFCBANK,739.2756922652317,740.7357495903111,735.917548535572,738.7646484375,24959972.0,1843.9544939589844
2023-11-22,HDFCBANK,739.7623819588872,739.7623819588872,731.7564246812467,736.1365966796875,29123650.0,2143.898459389038
2023-11-23,HDFCBANK,734.1654789893513,741.6360936254299,734.1654789893513,740.3950805664062,13046220.0,965.935710798706
2023-11-24,HDFCBANK,740.3462978210936,746.1622278549652,739.6892839772345,745.6511840820312,16469192.0,1228.0272515674317
2023-11-28,HDFCBANK,747.1599239182611,748.1576534487249,742.5851254924052,743.97216796875,28489338.0,2119.5274555854494
2023-11-29,HDFCBANK,746.5272258063289,760.6897681490088,746.0891967833849,758.8160400390625,34042488.0,2583.1985937237305
2023-11-30,HDFCBANK,763.6829374580863,765.2889647471237,750.542422535641,758.645751953125,69491440.0,5271.938575310547
2023-12-01,HDFCBANK,758.2077422076743,762.028213465217,755.3849410922298,756.9910278320312,22153536.0,1677.0027986753905
2023-12-04,HDFCBANK,772.8569470817542,784.5374047202694,765.873018667368,783.2720336914062,50662456.0,3968.2484942921387
2023-12-05,HDFCBANK,796.4611682648754,797.6778825457567,786.7274540178253,790.2315673828125,52230820.0,4127.444275428955
2023-12-06,HDFCBANK,797.4102062498663,797.4102062498663,786.8004930390686,792.22705078125,38613060.0,3059.0310645439454
2023-12-07,HDFCBANK,790.86431017188,795.2444817359088,786.5814519897668,793.5167236328125,20450386.0,1622.7723295746339
2023-12-08,HDFCBANK,793.5167060552014,805.4648642096952,793.5167060552014,804.5888061523438,33728038.0,2713.7201828280886
2023-12-11,HDFCBANK,803.0557997692163,809.6990123500813,801.5713845523902,803.5181274414062,23187620.0,1863.1673002222901
2023-12-12,HDFCBANK,805.0755276490755,806.0732571804058,794.1981132379304,795.5364990234375,36581476.0,2910.1899346149903
2023-12-13,HDFCBANK,794.4901060535459,796.2178641804811,786.0461204150259,793.7357788085938,29346914.0,2329.3695639418825
2023-12-14,HDFCBANK,801.0847344683164,807.3872910879392,800.5980487244109,803.1044921875,35172366.0,2824.708513546289
2023-12-15,HDFCBANK,803.0314231104064,811.7917659079744,801.3766798111126,806.21923828125,138837130.0,11193.316519375488
2023-12-18,HDFCBANK,808.2389706500245,810.1857135762941,803.4937847672423,805.8055419921875,18014754.0,1451.6388610825927
2023-12-19,HDFCBANK,803.0314705665357,807.2413140972394,800.135714179051,804.44287109375,24008446.0,1931.3423230739259
2023-12-20,HDFCBANK,806.9249181384845,812.2541029714071,800.3303029144753,806.438232421875,34232520.0,2760.6412920146486
2023-12-21,HDFCBANK,806.4382794041677,822.3772375517154,803.1531506256655,820.892822265625,36589240.0,3003.58444881543
2023-12-22,HDFCBANK,819.3841375121868,820.5035385294108,811.3538224343752,813.1788940429688,48578850.0,3950.329551687927
2023-12-26,HDFCBANK,814.3469167985355,820.5278019503709,812.059517577905,818.8244018554688,18045856.0,1477.6387245169922
2023-12-27,HDFCBANK,818.3620294115412,830.5291722811746,816.9506289566883,828.9718017578125,27009078.0,2238.9764053477293
2023-12-28,HDFCBANK,831.8919383640549,837.7808237889657,828.3391087868577,829.9208374023438,44076470.0,3657.9980892139283
2023-12-29,HDFCBANK,825.9057143332578,834.6174011041943,825.4190285852712,831.8676147460938,25011426.0,2080.6195288018434
2024-01-01,HDFCBANK,830.285869252277,831.8189412093673,823.4722689184366,826.4410400390625,14239686.0,1176.8260907669678
2024-01-02,HDFCBANK,826.781764297971,828.7285072707376,821.8661907638304,826.927734375,29242092.0,2418.1096885945312
2024-01-03,HDFCBANK,828.339179753768,829.6532075675672,812.2541913065818,814.1766357421875,28389762.0,2311.4280914681394
2024-01-04,HDFCBANK,816.6586975811834,824.9079973714623,813.1058678027235,822.91259765625,26734056.0,2199.9791468847657
2024-01-05,HDFCBANK,821.1118889384027,829.7505611476026,811.8405014795056,818.7027587890625,31889470.0,2610.7997065321047
2024-01-08,HDFCBANK,816.9020369293803,818.7757651976441,807.8983504931613,809.577392578125,17998470.0,1457.1154412995606
2024-01-09,HDFCBANK,811.3781093874959,816.5613241836867,801.4497088247701,803.2747802734375,25326888.0,2034.445039320996
2024-01-10,HDFCBANK,799.6246893784266,807.8739890989318,798.8460040583302,805.92724609375,16115824.0,1298.8181654851562
2024-01-11,HDFCBANK,807.8983430417109,809.309743595266,799.6246853117656,802.5447998046875,18314010.0,1469.7813489071045
2024-01-12,HDFCBANK,804.004764401761,805.9515071727096,795.0497357734226,798.74853515625,19773552.0,1579.4095694835937
2024-01-15,HDFCBANK,801.9121302041557,818.0701336304721,799.9167304024104,814.1279907226562,28320356.0,2305.6394526830322
2024-01-16,HDFCBANK,814.2252545636514,819.4084696501124,806.9736250528656,817.2183837890625,25322500.0,2069.4012523498536
2024-01-17,HDFCBANK,764.0965828252033,777.1397839265529,743.8504686909188,748.279296875,170145236.0,12731.615756071094
2024-01-18,HDFCBANK,727.1084347245617,737.3288344094451,720.3191929835535,723.2879638671875,161070930.0,11650.06649978943
2024-01-19,HDFCBANK,732.924355486129,735.0171279009493,714.6493418669147,715.744384765625,109600538.0,7844.59696407915
2024-01-23,HDFCBANK,712.9946289403671,717.7154569857805,693.5271987986505,694.6708984375,115469402.0,8021.323322938086
2024-01-24,HDFCBANK,671.7480069982282,709.8068089160445,671.7480069982282,708.5657958984375,86004404.0,6093.977897103076
2024-01-25,HDFCBANK,706.9110553088505,709.27146932584,690.8017687875753,698.3453979492188,98941852.0,6909.558700877271
2024-01-29,HDFCBANK,704.7452835773879,711.9238979776146,703.6502407027771,707.9573974609375,65645498.0,4647.421591910717
2024-01-30,HDFCBANK,707.90875580775,712.1185398649957,701.2654836786888,702.9202270507812,41728768.0,2933.1995077109377
2024-01-31,HDFCBANK,700.5841161285045,717.8371016849802,699.2700884068386,711.80224609375,65761040.0,4680.8855977460935
2024-02-01,HDFCBANK,713.0189555223712,717.1800828855794,708.6387839338071,713.651611328125,32690740.0,2332.979927650879
2024-02-02,HDFCBANK,717.8614898495053,720.7085896391353,701.8252179588541,703.8206176757812,44867754.0,3157.8850334005006
2024-02-05,HDFCBANK,703.7475666832909,706.6190243767684,697.9316959646247,703.1878662109375,38605046.0,2714.6599921715087
2024-02-06,HDFCBANK,703.5286059562596,705.5483042801744,697.2259898811583,702.8228759765625,41075740.0,2886.896971966553
2024-02-07,HDFCBANK,707.1543478186637,707.5437201567751,694.330191039234,695.9362182617188,54837086.0,3816.311425133264
2024-02-08,HDFCBANK,695.8875630019661,700.3163911601653,681.6033490400813,682.8444213867188,69106124.0,4718.8731257058835
2024-02-09,HDFCBANK,677.5395328507874,688.2709172654594,675.033089526087,683.112060546875,56642124.0,3869.29180393916
2024-02-12,HDFCBANK,681.1897546934406,688.0033555217624,673.2567528222265,676.4932250976562,34447812.0,2330.3711437437746
2024-02-13,HDFCBANK,677.4421602188512,683.4770749934498,673.7433606505093,678.6588745117188,57580994.0,3907.785258130603
2024-02-14,HDFCBANK,669.6796288773342,677.2232584177402,663.6204147201233,673.5974731445312,91320810.0,6151.346686151184
2024-02-15,HDFCBANK,674.0597534612269,688.903668609651,673.7433958465795,688.197998046875,41584944.0,2861.8675209691405
2024-02-16,HDFCBANK,692.9918479710976,694.8412181662663,685.4725175238648,691.0451049804688,32175742.0,2223.4889008214477
2024-02-19,HDFCBANK,695.4739454261017,695.4739454261017,688.7576582283627,689.682373046875,34451756.0,2376.0768833711913
2024-02-20,HDFCBANK,688.660276266856,709.22274741334,687.1029057664576,707.7870483398438,56133508.0,3973.0569940281007
2024-02-21,HDFCBANK,712.507885437546,712.507885437546,698.3939997287421,700.4137573242188,45893136.0,3214.418382115137
2024-02-22,HDFCBANK,689.9986977762575,695.3765988884213,687.2975681948778,690.874755859375,50560882.0,3493.1237007784666
2024-02-23,HDFCBANK,692.334815015207,697.85868621692,690.1203711604371,691.3857421875,29833452.0,2062.6423353035157
2024-02-26,HDFCBANK,687.9546953048787,698.3210665804025,687.9546953048787,692.2131958007812,23506870.0,1627.176560597351
2024-02-27,HDFCBANK,687.9546948776648,694.3545652339111,687.7113519923358,691.1668090820312,32087150.0,2217.75730780365
2024-02-28,HDFCBANK,691.1667470533215,693.1377886016653,683.3067606806109,685.9348754882812,25321986.0,1736.9233314026
2024-02-29,HDFCBANK,682.3820552900959,686.4215706434694,680.0459994144303,683.0147705078125,53295700.0,3640.1750304553225
2024-03-01,HDFCBANK,681.360036052442,697.2989940386686,681.360036052442,696.3256225585938,34738898.0,2418.958477684949
2024-03-04,HDFCBANK,696.4228971703204,699.3673694975699,693.1864847071581,697.2745971679688,35616474.0,2483.4462560893435
2024-03-05,HDFCBANK,692.0671354112525,702.2875361451739,691.8968072809968,701.2411499023438,37991672.0,2664.1323759992674
2024-03-06,HDFCBANK,697.6883641851937,707.0813632922424,697.6883641851937,702.0928344726562,42409530.0,2977.5427126353147
2024-03-07,HDFCBANK,703.504204064998,706.2053335588424,701.5088045068723,703.7962036132812,49348046.0,3473.096743053357
2024-03-11,HDFCBANK,695.9606385239804,703.7232526512562,692.5538381955413,694.8899536132812,50531094.0,3511.3549565688354
2024-03-12,HDFCBANK,697.9073192338245,712.5078907659129,695.5955620745772,710.3421630859375,65418454.0,4646.94861200979
2024-03-13,HDFCBANK,713.2379447418698,716.2067158438075,705.7429725398497,710.755859375,63067454.0,4482.556246636328
2024-03-14,HDFCBANK,711.5832127948388,713.4812990740788,702.9202422173576,708.3467407226562,52432158.0,3714.0148228355347
2024-03-15,HDFCBANK,705.6943406988961,710.2205419583659,701.9225261192986,706.9840698242188,143613804.0,10153.267163485767
2024-03-18,HDFCBANK,704.2343003680048,708.6144722431341,698.7834435762417,703.77197265625,21437856.0,1508.7362206640626
2024-03-19,HDFCBANK,698.6373444116205,706.8623448833252,698.6373444116205,705.3779296875,36183594.0,2552.310862437305
2024-03-20,HDFCBANK,705.2320233558721,706.4973944482159,693.3568789456579,696.4716796875,43606094.0,3037.0409532791014
2024-03-21,HDFCBANK,702.0928435492851,706.3026871236781,700.0001304926251,703.6259155273438,28922860.0,2035.087384716919
2024-03-22,HDFCBANK,701.3141208411934,706.0593065998343,699.7323922549797,702.2144775390625,45980326.0,3228.805059916577
2024-03-26,HDFCBANK,694.5978614753975,699.8297331586394,692.1401341445468,693.7218627929688,56844290.0,3943.4126747943724
2024-03-27,HDFCBANK,692.8215385852401,704.6966236214441,691.7021375713913,701.1681518554688,62168668.0,4359.069004487622
2024-03-28,HDFCBANK,701.1680685036345,710.804469186373,701.1680685036345,704.6722412109375,55592142.0,3917.423929685669
2024-04-01,HDFCBANK,709.5878149173326,717.2774734382766,708.4197572494843,715.67138671875,25199570.0,1803.4611206616212
2024-04-02,HDFCBANK,713.0676337207477,727.5221766350272,712.1429189199621,720.367919921875,41225446.0,2969.7488782871583
2024-04-03,HDFCBANK,716.450076374618,727.9115494819865,716.109420115624,721.414306640625,45584386.0,3288.5228219828614
2024-04-04,HDFCBANK,731.9754091764817,744.6292393883092,731.9754091764817,743.461181640625,88935066.0,6611.976925764698
2024-04-05,HDFCBANK,749.0093625181328,756.5529915753328,744.7022055513205,754.1439208984375,59055902.0,4453.664948647388
2024-04-08,HDFCBANK,756.7719438017782,757.891344732456,750.2504026191882,752.7081298828125,20482940.0,1541.7675461901856
2024-04-09,HDFCBANK,756.7233723625303,756.7233723625303,749.64212991684,753.6572875976562,21884494.0,1649.3408388487182
2024-04-10,HDFCBANK,754.3142814277871,754.3142814277871,746.0649220391629,747.7196655273438,27807400.0,2079.213982718506
2024-04-12,HDFCBANK,740.2490112702176,744.5561681914903,736.5745101656407,739.2512817382812,41084208.0,3037.155342320215
2024-04-15,HDFCBANK,728.8362596129997,734.8954733611977,726.1594880212867,727.4491577148438,23415248.0,1703.340243528418
2024-04-16,HDFCBANK,723.7016987771374,736.3068713842836,721.3899415012858,734.5304565429688,20744886.0,1523.7750584511841
2024-04-18,HDFCBANK,734.7981599763604,739.2026303131596,725.6728022773389,727.4491577148438,34234884.0,2490.413753026538
2024-04-19,HDFCBANK,723.4827148610226,747.0382572891224,720.4165709168466,745.2619018554688,34576434.0,2576.849896222009
2024-04-22,HDFCBANK,757.9644186413883,757.9644186413883,734.0681595769883,735.9661865234375,42298438.0,3113.0220110758055
2024-04-23,HDFCBANK,742.8284760660457,742.9257894510552,731.6103458842442,733.7274169921875,26827060.0,1968.3749439294434
2024-04-24,HDFCBANK,737.3288649584306,740.613993564681,734.4331086916868,735.7227783203125,22441580.0,1651.0781587497559
2024-04-25,HDFCBANK,733.0704121681982,739.616311752735,733.0704121681982,735.260498046875,35445204.0,2606.1458346413087
2024-04-26,HDFCBANK,739.6650141563123,743.6558134751455,732.729742335618,734.7981567382812,24854694.0,1826.3183337494017
2024-04-29,HDFCBANK,737.3289207914913,746.7949349875348,733.216449914726,744.3858642578125,36093350.0,2686.737953370972
2024-04-30,HDFCBANK,744.2398024289921,749.2526892649995,737.2802320622603,739.8109741210938,52307382.0,3869.7575231144165
2024-05-02,HDFCBANK,740.7357142083232,748.0360004850149,739.9326708359107,745.7242431640625,33475006.0,2496.312351426245
2024-05-03,HDFCBANK,746.2108990812835,749.7880273318675,733.5327119903678,739.567626953125,31865242.0,2356.650140822705
2024-05-06,HDFCBANK,740.7357053714223,746.819277196089,738.3752913854279,741.0520629882812,28793396.0,2133.7405506238524
2024-05-07,HDFCBANK,740.7113274497933,741.7334150168236,732.0483570497901,733.021728515625,28480602.0,2087.6900107205565
2024-05-08,HDFCBANK,728.0574791574124,728.5441648774708,720.465193806477,721.5845947265625,41687862.0,3008.1319006286867
2024-05-09,HDFCBANK,717.83709973452,723.5800151607533,703.4069152466064,704.4776000976562,46281278.0,3260.4123654892455
2024-05-10,HDFCBANK,709.9042861034679,716.2929072582592,703.8856637079383,709.3616333007812,27276608.0,1934.8979201785157
2024-05-13,HDFCBANK,706.4509373389452,720.1655815796556,705.6122976051453,717.9208984375,27047202.0,1941.7751560060547
2024-05-14,HDFCBANK,716.4408878596623,722.9775322143812,715.4789152317669,720.7328491210938,25665142.0,1849.7710916757446
2024-05-15,HDFCBANK,720.1161379403006,720.1161379403006,708.3255604595557,709.6575317382812,38931996.0,2762.838418700464
2024-05-16,HDFCBANK,713.3822271543565,721.5221990437014,708.1775543730138,720.3875122070312,34945236.0,2517.411162552759
2024-05-17,HDFCBANK,713.4562165510583,724.210870736283,713.4562165510583,722.286865234375,20920190.0,1511.037845520752
2024-05-21,HDFCBANK,715.380219686854,725.0495080646152,715.380219686854,719.6722412109375,43769978.0,3150.003816501343
2024-05-22,HDFCBANK,719.2035821431577,723.0269026870767,714.4182889056816,719.8695678710938,39996278.0,2879.2103360312135
2024-05-23,HDFCBANK,719.5982164877166,737.8514873644924,718.808897899437,736.3468017578125,40861920.0,3008.8544105683595
2024-05-24,HDFCBANK,733.8308016870678,749.814758588212,733.0908042399884,748.4827270507812,31060206.0,2324.802768963904
2024-05-27,HDFCBANK,751.5168000055969,762.1974428837648,749.3955099218479,753.6627807617188,29385440.0,2214.6712424306643
2024-05-28,HDFCBANK,754.8467837037828,757.7821433020647,752.2321619595608,755.0441284179688,27908904.0,2107.2454095780763
2024-05-29,HDFCBANK,748.8774560751649,751.763434227272,740.6141508121484,744.0921630859375,35147706.0,2615.3132585048584
2024-05-30,HDFCBANK,739.6027730570852,751.6400771573121,738.8381451452329,747.3234252929688,33755350.0,2522.616378396301
2024-05-31,HDFCBANK,749.370736784836,757.7573743920395,746.9040786650703,755.5620727539062,74079588.0,5597.17270580354
2024-06-03,HDFCBANK,788.8373406823981,788.8373406823981,764.6640888415991,775.6160278320312,72637256.0,5633.861997133838
2024-06-04,HDFCBANK,768.1173430540747,769.1040063078372,717.304185485308,731.684814453125,89531240.0,6550.864872715821
2024-06-05,HDFCBANK,737.062160780223,769.4000136473305,731.2901444599279,765.5520629882812,81631650.0,6249.327806263733
2024-06-06,HDFCBANK,772.0147015010076,772.2859977724349,762.9867083301413,769.4493408203125,46422870.0,3572.004672048706
2024-06-07,HDFCBANK,770.1154063679018,781.6099978301712,765.6754214599775,776.183349609375,36712216.0,2849.541078646289
2024-06-10,HDFCBANK,776.5039961939522,779.7846636223554,768.4133453075493,770.2387084960938,22454058.0,1729.4984634416383
2024-06-11,HDFCBANK,767.6240504407497,775.0240252200629,765.7493660748642,771.9653930664062,29545326.0,2280.796919886511
2024-06-12,HDFCBANK,776.9973227739393,783.5586575880445,772.7546827700062,776.5780029296875,39280436.0,3050.43225430874
2024-06-13,HDFCBANK,780.3273770852536,782.2760131134276,776.5040566032491,779.8340454101562,24120192.0,1880.9746903429686
2024-06-14,HDFCBANK,781.4372796414563,788.8372538804852,778.3292663726063,787.80126953125,25540554.0,2012.0880865731444
2024-06-18,HDFCBANK,787.8013228802739,794.5106212671108,784.1259659599784,793.1786499023438,32415714.0,2571.1452266140504
2024-06-19,HDFCBANK,795.941305047812,823.8145435842582,791.3039754417663,817.869873046875,90131196.0,7371.558983008301
2024-06-20,HDFCBANK,823.7651872236406,829.5124525875813,814.983860042712,823.5431518554688,41408742.0,3410.1885901049927
2024-06-21,HDFCBANK,825.2697933574087,825.2697933574087,810.6178682451445,821.7671508789062,51630776.0,4242.847569118701
2024-06-24,HDFCBANK,812.5172157896385,826.3798229097616,811.9005512360641,825.0478515625,28544994.0,2355.0985972564454
2024-06-25,HDFCBANK,824.4065232844747,847.025767804676,824.4065232844747,844.2631225585938,74521548.0,6291.579481238013
2024-06-26,HDFCBANK,842.5857736709851,844.041138181783,834.2731473521208,839.40380859375,47596666.0,3995.282271676465
2024-06-27,HDFCBANK,836.7397746618053,845.0770913433391,832.0531241260426,836.7644653320312,55074650.0,4608.451006059876
2024-06-28,HDFCBANK,837.4797542547091,841.9197388781129,828.3037980772367,830.6718139648438,26476046.0,2199.2905157436644
2024-07-01,HDFCBANK,828.7971921822882,842.2651706437105,828.7971921822882,841.2291259765625,21187024.0,1782.3141681564452
2024-07-02,HDFCBANK,846.0637432263002,855.8810546817267,840.0204307746837,853.7597045898438,45921690.0,3920.6088488666383
2024-07-03,HDFCBANK,883.5570176331604,885.0370126375711,870.5577402219837,872.5310668945312,123217802.0,10751.13602394591
2024-07-04,HDFCBANK,868.1404005851939,868.1404005851939,850.9231133709549,852.0578002929688,45848658.0,3906.5706681864626
2024-07-05,HDFCBANK,831.2638253093144,831.2638253093144,810.1492067263514,813.0598754882812,82242548.0,6686.8115836719
2024-07-08,HDFCBANK,811.678583484828,816.4391857049037,802.7246020410699,806.7698974609375,39087800.0,3153.4860397973634
2024-07-09,HDFCBANK,801.6639054458949,812.3691778178521,799.369901303005,807.3372192382812,48550878.0,3919.6930836097044
2024-07-10,HDFCBANK,804.1059188594888,809.0639261539534,799.5672916548901,802.2066040039062,45507182.0,3650.616193000769
2024-07-11,HDFCBANK,801.1458762280633,802.0832183690328,789.8239394111588,800.1345825195312,44177074.0,3534.760466192444
2024-07-12,HDFCBANK,800.1839277769812,808.2745787950348,794.8312914757237,800.5292358398438,56049960.0,4486.9631647653805
2024-07-15,HDFCBANK,800.9239527377698,804.031966294815,796.8292758573642,800.2332763671875,33375694.0,2670.8340960648684
2024-07-16,HDFCBANK,799.5673062806881,802.6506292263948,797.6186702674619,799.073974609375,28950324.0,2313.345046490918
2024-07-18,HDFCBANK,793.2772787604164,801.1458943462288,788.9113057816174,796.6319580078125,33717064.0,2686.009071259473
2024-07-19,HDFCBANK,797.2239682199486,800.6772898644657,791.0573224261681,792.9320068359375,26002152.0,2061.7938567413084
2024-07-22,HDFCBANK,797.7172520784763,814.4905276323838,795.5712715150735,810.3218994140625,53744822.0,4355.0606246710695
2024-07-23,HDFCBANK,812.7885887086006,812.9119216218081,791.7973027922226,798.407958984375,52002152.0,4151.893204111523
2024-07-24,HDFCBANK,793.3513220807449,799.6906218755655,783.4353677463822,791.3286743164062,61728206.0,4884.729942191004
2024-07-25,HDFCBANK,785.8773432331659,801.6639565310072,785.8773432331659,797.5199584960938,25535732.0,2036.5255924807373
2024-07-26,HDFCBANK,791.7972838101718,800.0605887969758,787.5792741911353,798.2846069335938,43810540.0,3497.327970344849
2024-07-29,HDFCBANK,796.7306475152811,805.0432741154053,788.4920327099303,791.822021484375,51001148.0,4038.3832107383787
2024-07-30,HDFCBANK,790.3172853310259,806.4738965011826,788.8372904146756,797.001953125,54595834.0,4351.298633048828
2024-07-31,HDFCBANK,796.237255579839,803.0945773220608,793.8692396532248,797.1005859375,37820484.0,3014.6729956839845
2024-08-01,HDFCBANK,800.627938629233,814.0219048337823,798.1859108540549,808.471923828125,26215174.0,2119.4232157269043
2024-08-02,HDFCBANK,804.6238722852388,824.1104712768188,804.6238722852388,818.5111694335938,44119238.0,3611.208908989905
2024-08-05,HDFCBANK,809.1131991555811,812.02386783421,789.8239443515008,797.1005859375,41333634.0,3294.7063880326173
2024-08-06,HDFCBANK,804.1305829139676,805.5858871810888,786.0253355957136,789.922607421875,45116050.0,3563.8187852575684
2024-08-07,HDFCBANK,797.7172336137804,804.130544706532,790.415901512036,800.9238891601562,42346264.0,3391.6134454282715
2024-08-08,HDFCBANK,801.1705962949537,815.6252376687839,798.8272709671206,810.3958740234375,33976950.0,2753.4780091900634
2024-08-09,HDFCBANK,814.9838462106346,820.1885189537674,811.9252142176729,814.0958251953125,26644618.0,2169.127227772388
2024-08-12,HDFCBANK,814.9838840860709,826.7991529902637,812.6898798741655,818.9798583984375,39316196.0,3219.9172632845216
2024-08-13,HDFCBANK,803.1438891669751,805.314560371115,789.8979470194763,790.9092407226562,54055042.0,4275.26322254513
2024-08-14,HDFCBANK,792.5372946697382,796.0892584565494,790.9092761384464,793.1786499023438,32334428.0,2564.697794640454
2024-08-16,HDFCBANK,803.3906439659711,806.1779800129083,794.757339532809,805.1666259765625,27849246.0,2242.328343781128
2024-08-19,HDFCBANK,807.9045746403995,807.9045746403995,801.0225621096914,804.895263671875,19502164.0,1569.719943495215
2024-08-20,HDFCBANK,802.8726105839366,812.0239372458545,802.8726105839366,807.9292602539062,31134494.0,2515.446870579968
2024-08-21,HDFCBANK,803.1932814957441,806.3753069063249,798.1120014172305,802.0586547851562,47630904.0,3820.277878844092
2024-08-22,HDFCBANK,805.1172807347715,808.2252943260683,803.1439540663039,804.77197265625,21300638.0,1714.215646209668
2024-08-23,HDFCBANK,806.1038926835937,806.1038926835937,800.6772446912317,801.6885986328125,20333422.0,1630.10725885896
2024-08-26,HDFCBANK,805.2159251748899,812.9858989531632,805.2159251748899,809.0392456054688,22364266.0,1809.3568893160034
2024-08-27,HDFCBANK,810.7412543536698,812.714580974844,805.2159036816922,807.9539184570312,35773244.0,2890.313266571948
2024-08-28,HDFCBANK,807.9539173658313,808.9405806750858,804.2292392849356,807.6332397460938,26921188.0,2174.2446282253663
2024-08-29,HDFCBANK,810.0505418236547,811.2345497877237,804.6979056469421,808.3485717773438,49052604.0,3965.160238535962
2024-08-30,HDFCBANK,816.9572296027775,819.9172195651064,799.7646332824804,807.5346069335938,445342100.0,35962.91576744812
2024-09-02,HDFCBANK,812.4185353190471,812.4185353190471,800.7758609185206,802.6258544921875,34049680.0,2732.9153505185545
2024-09-03,HDFCBANK,806.1039427589494,809.0392420850643,801.466613051357,807.756591796875,37282860.0,3011.547592604004
2024-09-04,HDFCBANK,808.5705516272349,811.4318992052836,805.1172301742814,809.951904296875,24682744.0,1999.1835506072266
2024-09-05,HDFCBANK,812.0238589250097,813.947864316631,810.0505324148638,811.7525024414062,22876318.0,1856.9908383145387
2024-09-06,HDFCBANK,808.2252499925564,812.8872099026286,806.1532209716318,807.5592041015625,26029602.0,2102.044467420044
2024-09-09,HDFCBANK,808.0772497858858,813.2572321563082,804.1799176724811,812.2705688476562,23792914.0,1932.6283789323363
2024-09-10,HDFCBANK,815.9705333718649,815.9705333718649,808.0772271240113,814.1698608398438,26606646.0,2166.2329271234985
2024-09-11,HDFCBANK,814.1945707781381,815.2305552034559,808.6692201411954,810.9879150390625,22226684.0,1802.557211539209
2024-09-12,HDFCBANK,815.970556634334,823.8638631072175,812.541925723635,822.1865234375,32424046.0,2665.8613656517578
2024-09-13,HDFCBANK,825.8371886289187,825.8371886289187,817.4752411837702,821.8658447265625,23860532.0,1961.0156287805175
2024-09-16,HDFCBANK,822.383822656841,827.7118283198007,820.9285184448568,824.3324584960938,15172820.0,1250.74480129187
2024-09-17,HDFCBANK,827.8104775064535,827.8104775064535,820.9778464556504,823.2718505859375,20127122.0,1657.0092975908935
2024-09-18,HDFCBANK,824.7764529489335,838.1210972952287,824.4064542356848,836.0984497070312,40917342.0,3421.0926212332397
2024-09-19,HDFCBANK,838.2691083056365,848.0370989791965,838.2444778560398,842.8571166992188,30651776.0,2583.506754107031
2024-09-20,HDFCBANK,846.8037464482039,860.8390072921377,842.3884524296358,858.989013671875,60623386.0,5207.482254558936
2024-09-23,HDFCBANK,862.8370939539058,871.3963864151646,858.5204418257773,868.1651000976562,26965350.0,2341.0375781918333
2024-09-24,HDFCBANK,870.7303607683197,878.9443447710721,865.4270455398441,872.2350463867188,33039036.0,2881.7805098032472
2024-09-25,HDFCBANK,868.3376691203036,882.0769427901153,868.3376691203036,877.686279296875,31965312.0,2805.551575584375
2024-09-26,HDFCBANK,874.7017352717152,882.0770195965482,872.2350769395101,879.8323364257812,31899644.0,2806.6338311670656
2024-09-27,HDFCBANK,876.6503084858455,877.2422823547212,863.3303544458242,864.6376953125,35613502.0,3079.277629128711
2024-09-30,HDFCBANK,862.738402689165,864.0456833682003,850.701098537286,854.47509765625,26383534.0,2254.407279116699
2024-10-01,HDFCBANK,850.5037447767241,859.3837142697525,848.5797393423385,851.5890502929688,24572284.0,2092.548799508911
2024-10-03,HDFCBANK,846.3844351066934,851.5644172954591,825.5164827720641,829.7838134765625,48473398.0,4022.2441044607176
2024-10-04,HDFCBANK,826.083866681385,834.0511850540141,815.4772359655595,817.771240234375,48683232.0,3981.174701125781
2024-10-07,HDFCBANK,815.0824984433904,818.4371776300311,795.7439225540929,798.1119384765625,94458296.0,7538.829372575293
2024-10-08,HDFCBANK,804.1306032900168,817.3519158252083,800.1839500223357,814.5152587890625,29734406.0,2421.9127398029054
2024-10-09,HDFCBANK,813.7505304861846,817.3271848335777,803.4892084079638,805.6845703125,41125642.0,3313.4295203595702
2024-10-10,HDFCBANK,808.5705299330368,821.6191272702827,805.363874384187,820.114501953125,21754766.0,1784.1399083196777
2024-10-11,HDFCBANK,821.1258260358886,821.1258260358886,810.6672193318118,814.4905395507812,23672594.0,1928.1103859626587
2024-10-14,HDFCBANK,816.9819085005773,834.741848018609,815.9705545228965,832.7931518554688,18527508.0,1542.9581783347412
2024-10-15,HDFCBANK,835.7038196244212,837.6771462351046,826.5771840500105,830.81982421875,19651130.0,1632.6548372299806
2024-10-16,HDFCBANK,828.8465156450762,842.585790426718,828.8465156450762,838.565185546875,20470682.0,1716.6001249601075
2024-10-17,HDFCBANK,836.1724403142362,837.5044718768119,821.4958240034423,825.4178466796875,14695732.0,1213.0119462821776
2024-10-18,HDFCBANK,820.4598702584595,834.2238355924767,816.0198853262701,829.7098388671875,24809724.0,2058.4872102379395
2024-10-21,HDFCBANK,846.063768270474,862.4177242903107,844.1151323678729,852.8223876953125,46548354.0,3969.747840156665
2024-10-22,HDFCBANK,853.4884373802005,858.3970631644344,843.9424218629189,845.841796875,38875280.0,3288.233668921875
2024-10-23,HDFCBANK,841.1551854708522,861.603759041874,841.1551854708522,856.3251342773438,38036090.0,3257.125987663513
2024-10-24,HDFCBANK,857.4597103207274,872.5310159915173,857.4597103207274,863.15771484375,30832258.0,2661.310135875293
2024-10-25,HDFCBANK,865.7970368926951,867.2030200365818,852.8223905419693,860.0744018554688,26130478.0,2247.4155236047486
2024-10-28,HDFCBANK,859.383716444917,863.8237012026692,852.9210840084185,855.5357055664062,22012142.0,1883.2173436997925
2024-10-29,HDFCBANK,851.5644426318723,870.2370336046123,851.0464203091243,864.2430419921875,35794926.0,3093.5515734125242
2024-10-30,HDFCBANK,859.3836983279829,865.6736766021975,850.6023712370916,855.7330322265625,32715724.0,2799.5925700007324
2024-10-31,HDFCBANK,852.4771270596069,857.8544543150349,848.2344867353692,856.2757568359375,22895912.0,1960.5214376249023
2024-11-01,HDFCBANK,854.9437133825962,860.4196824223525,851.5397130969706,857.0650634765625,1759692.0,150.8170535679199
2024-11-04,HDFCBANK,860.8637106769045,860.8637106769045,844.0411138190809,845.6197509765625,28089248.0,2375.282289887891
2024-11-05,HDFCBANK,840.1437747820238,869.5956493162819,837.6277954866241,867.2030029296875,44232406.0,3835.847531000513
2024-11-06,HDFCBANK,873.9369881601011,873.9369881601011,861.0363539084846,865.9203491210938,27787910.0,2406.2116728545534
2024-11-07,HDFCBANK,860.5184217555121,868.7323455565536,857.4104082699865,861.62841796875,18895456.0,1628.0861860078126
2024-11-08,HDFCBANK,864.3169963876733,869.15167034177,861.2829948869464,865.525634765625,19902986.0,1722.6544591381348
2024-11-11,HDFCBANK,865.5750573030832,879.5116762015548,863.9223481240455,871.3717041015625,24565362.0,2140.5561347811768
2024-11-12,HDFCBANK,874.1837241378527,875.6637191561447,842.931174712482,847.6424560546875,31395406.0,2661.2079050674074
2024-11-13,HDFCBANK,846.9270867373347,853.1677439816382,825.3438276461692,829.463134765625,35728500.0,2963.547361047363
2024-11-14,HDFCBANK,825.39317914741,841.05645917869,824.8998474928816,835.087158203125,27146470.0,2266.9668487546387
2024-11-18,HDFCBANK,838.6637692715708,847.987749103584,836.1971111266544,841.1797485351562,27081968.0,2278.0803032077147
2024-11-19,HDFCBANK,845.5704607570133,865.1803941380466,839.9957889401087,859.507080078125,50981272.0,4381.876423538867
2024-11-21,HDFCBANK,863.0343691875372,867.7703408111802,855.5356922473849,858.989013671875,35716512.0,3068.0091414679687
2024-11-22,HDFCBANK,860.148374275574,865.4516892160756,853.2417315623627,861.15966796875,24773612.0,2133.403548430664
2024-11-25,HDFCBANK,880.6216480727867,889.7482832055338,870.6810037082952,880.8929443359375,427737274.0,37679.074669608766
2024-11-26,HDFCBANK,892.9302818593218,892.9302818593218,873.0983737208503,880.8683471679688,30935566.0,2725.016089112561
2024-11-27,HDFCBANK,883.0143007972586,896.5562300169572,880.6709755435701,894.06494140625,32714976.0,2924.9313100546874
2024-11-28,HDFCBANK,897.3702251985009,905.8061839354122,882.07694483503,884.6176147460938,35722392.0,3160.065720406494
2024-11-29,HDFCBANK,888.6383310231244,890.2662893460416,879.561016559754,886.04833984375,27669536.0,2451.6546437046877
2024-12-02,HDFCBANK,889.7236388960249,892.0176431336934,875.6636867426915,890.3156127929688,15110876.0,1345.3448825778564
2024-12-03,HDFCBANK,899.1955156163089,906.4475265301775,895.9395389832724,900.9715576171875,43410242.0,3911.1393351279053
2024-12-04,HDFCBANK,906.7435619082082,920.0635162996781,903.3642521901575,917.6461791992188,44669084.0,4099.041426092896
2024-12-05,HDFCBANK,917.596875706611,927.4388181075851,905.3622266087298,920.4335327148438,39682714.0,3652.530063473279
2024-12-06,HDFCBANK,916.1168429341786,919.6688066050771,909.7035317020062,915.5494995117188,17783156.0,1628.1359575538818
2024-12-09,HDFCBANK,914.4642517338581,927.4635290462065,912.1702474502318,922.5302124023438,26947912.0,2486.0262981159667
2024-12-10,HDFCBANK,926.3288062229569,926.3288062229569,916.881553393078,921.5928344726562,13325480.0,1228.066688390869
2024-12-11,HDFCBANK,918.4354833328279,923.4675021564423,915.9935158212785,919.1261596679688,14045426.0,1290.951846028064
2024-12-12,HDFCBANK,913.1568815747593,921.864197216933,912.0221946944998,917.2268676757812,17293790.0,1586.2328831942748
2024-12-13,HDFCBANK,918.8301759997277,924.9968214762359,902.4268990322158,923.3934936523438,19009002.0,1755.278876762439
2024-12-16,HDFCBANK,920.1128492893367,922.5054957499956,915.2535445762154,920.1621704101562,13107082.0,1206.064102086389
2024-12-17,HDFCBANK,915.7962178924912,918.7562078618506,901.0702798391582,904.4002685546875,21079532.0,1906.433440180713
2024-12-18,HDFCBANK,902.7229483325016,905.7569501607671,891.5243434620028,893.275634765625,23422312.0,2092.2580619478517
2024-12-19,HDFCBANK,887.7995941182149,888.5395915672278,877.6369745293333,884.790283203125,25380770.0,2245.665867621338
2024-12-20,HDFCBANK,879.2156362475025,886.7883251977108,871.7417099804251,873.93701171875,25692348.0,2245.34938351582
2024-12-23,HDFCBANK,879.1169941259847,890.956953642833,878.7716860618692,888.4902954101562,11044592.0,981.3012808764648
2024-12-24,HDFCBANK,889.0083275055933,892.2889348142179,882.8416818560752,887.0596313476562,14485834.0,1284.9798567803346
2024-12-26,HDFCBANK,887.2816657547127,893.916952377888,878.5003382709294,883.4336547851562,10481678.0,925.9867103821167
2024-12-27,HDFCBANK,885.4316968356189,890.9322967259654,882.6196702111419,887.1336669921875,7259330.0,643.9996042806397
2024-12-30,HDFCBANK,884.1489668763874,895.3969526845203,873.6903598921683,877.0943603515625,22222218.0,1949.0982082302978
2024-12-31,HDFCBANK,873.3450067875037,879.0183205202264,871.0263119988338,874.6029663085938,14117236.0,1234.6976481678466
2025-01-01,HDFCBANK,874.8989910757854,885.0369805772112,868.80635723923,879.4869995117188,7313806.0,643.2397293950805
2025-01-02,HDFCBANK,876.699651347947,889.6989281059142,874.6770036544534,884.9136352539062,18558576.0,1642.2736953295898
2025-01-03,HDFCBANK,883.5569553072743,885.6536147489581,861.5050553855514,862.9356689453125,24426194.0,2107.823405917798
2025-01-06,HDFCBANK,858.4463541498661,866.8823129474961,841.5251154360177,843.84375,18816348.0,1587.8057657625
2025-01-07,HDFCBANK,846.063732614296,849.0237223493897,838.6637582765616,845.2744140625,13527906.0,1143.4792817642578
2025-01-08,HDFCBANK,842.7338203435289,844.4111600559388,830.4498497882179,835.8518676757812,19738190.0,1649.820297603943
2025-01-09,HDFCBANK,830.844525028491,833.237171528912,817.9932112311335,822.778564453125,40420222.0,3325.689223203662
2025-01-10,HDFCBANK,824.3571854708366,826.2811909461473,815.9705474379197,817.3272094726562,17453280.0,1426.5040638544922
2025-01-13,HDFCBANK,809.0639234971638,812.3939122066796,801.3186405131205,804.5499267578125,21669066.0,1743.3845463210205
2025-01-14,HDFCBANK,809.0145872775671,817.0558570637163,807.5839134440961,812.3198852539062,26661432.0,2165.7611382944824
2025-01-15,HDFCBANK,817.2038902170349,820.2625224034592,807.2386148292592,810.568603515625,14022892.0,1136.651598569043
2025-01-16,HDFCBANK,815.4032351586193,819.2019251337407,810.4699184801376,815.0086059570312,21212454.0,1728.8332563467652
2025-01-17,HDFCBANK,810.7905598983193,814.2438814190301,803.3905852110819,807.4605712890625,23112076.0,1866.209009063623
2025-01-20,HDFCBANK,802.1572673696536,819.3991845447669,802.1572673696536,814.6138916015625,17557618.0,1430.2679526233642
2025-01-21,HDFCBANK,818.0672195171876,819.4485722440602,805.6352858599316,810.2479248046875,31158144.0,2524.5821516765627
2025-01-22,HDFCBANK,810.2479165643738,824.8012002853578,801.8859089377631,821.9152221679688,30619306.0,2516.647369361902
2025-01-23,HDFCBANK,832.2505181334424,832.2505181334424,814.6139111249832,821.347900390625,34909158.0,2867.256362770459
2025-01-24,HDFCBANK,818.9305795964561,824.0119199318104,811.2839386423929,813.8986206054688,24236200.0,1972.5809748718261
2025-01-27,HDFCBANK,809.6065327196525,810.839861804967,802.157237088582,804.0319213867188,22804166.0,1833.5277404601684
2025-01-28,HDFCBANK,812.5172453545283,830.9185403912116,812.5172453545283,824.0612182617188,30179312.0,2486.9600613020507
2025-01-29,HDFCBANK,826.3304621132276,829.3644636153648,823.2964606110903,827.4651489257812,12619890.0,1044.2519158276978
2025-01-30,HDFCBANK,829.2905374831995,837.6278547525732,825.1219089590883,834.4705200195312,25744846.0,2148.3315029442747
2025-01-31,HDFCBANK,832.3738053097981,840.9824182950722,830.7457868177106,838.047119140625,15821686.0,1325.9318372247558
2025-02-01,HDFCBANK,837.4305042201771,845.0771450539991,826.8485640579613,834.1991577148438,5587528.0,466.11111513081056
2025-02-03,HDFCBANK,823.8638327488314,832.1518283284162,820.6324864421063,827.8104858398438,20276540.0,1678.5132428551026
2025-02-04,HDFCBANK,833.0891713164636,851.391824544325,828.8219005259823,848.9744873046875,28616502.0,2429.4680113903564
2025-02-05,HDFCBANK,854.9437515638108,860.4690419690123,847.9877873258422,857.311767578125,23675506.0,2029.7289897166504
2025-02-06,HDFCBANK,856.1770794811201,862.8370567631686,850.5037655001158,860.29638671875,26760716.0,2302.214728080664
2025-02-07,HDFCBANK,863.3304057123341,871.7170439392539,850.997114202158,854.8204345703125,23509600.0,2009.648648857422
2025-02-10,HDFCBANK,847.1984039096569,850.2323451556149,842.8570616226162,846.4337158203125,17195950.0,1455.5231855560303
2025-02-11,HDFCBANK,840.1437497009048,844.090402664855,833.0890834393857,839.3544311523438,22724704.0,1907.408099902539
2025-02-12,HDFCBANK,835.2104321766692,844.5837329512449,829.38909497558,842.0184326171875,22809570.0,1920.6078380072022
2025-02-13,HDFCBANK,838.1704689996619,845.6937766231139,835.4818356095761,837.5291137695312,12602434.0,1055.4905379359009
2025-02-14,HDFCBANK,839.601120018604,839.601120018604,828.7971451888767,836.1231079101562,19959892.0,1668.8926932591064
2025-02-17,HDFCBANK,831.3624591587258,848.5304243918573,829.413823260936,847.2230834960938,12938946.0,1096.2173727309448
2025-02-18,HDFCBANK,845.1017788797033,854.2284140997132,841.697778564227,850.0350952148438,16350910.0,1389.884733869934
2025-02-19,HDFCBANK,847.0504387449713,857.3610822217985,844.8057556604201,852.0823974609375,11884112.0,1012.6242644654296
2025-02-20,HDFCBANK,844.0904430253034,845.9157460199498,831.4118438608401,832.2998046875,26390510.0,2196.4816318603516
2025-02-21,HDFCBANK,829.2411711352042,836.1724445897772,827.4404985932164,834.9638061523438,15680940.0,1309.3017346446534
2025-02-24,HDFCBANK,829.339781575346,830.8690975664632,819.4731490892408,827.366455078125,20693646.0,1712.1228533661622
2025-02-25,HDFCBANK,824.406500920576,832.7438177754724,824.406500920576,829.9564819335938,24138708.0,2003.4077170102296
2025-02-27,HDFCBANK,830.0552335524236,843.9671626938127,830.0552335524236,839.0091552734375,35786800.0,3002.545283793945
2025-02-28,HDFCBANK,831.2638337603047,857.0404125816553,831.2638337603047,854.6477661132812,54516728.0,4659.259980100537
2025-03-03,HDFCBANK,858.2984018170607,859.9017296292334,835.7531099870528,839.428466796875,21205364.0,1780.038619038965
2025-03-04,HDFCBANK,837.6771272358142,845.7184570804238,835.3338019387764,843.5971069335938,19920958.0,1680.526253614563
2025-03-05,HDFCBANK,839.6257577393887,843.991790915382,832.8671383829512,833.73046875,21583872.0,1799.513172
2025-03-06,HDFCBANK,832.2504799228543,838.6144701478811,824.973838204501,834.3224487304688,32966088.0,2750.434726522412
2025-03-07,HDFCBANK,829.7838192395386,839.2311321984157,827.6131479773222,833.3604736328125,13372914.0,1114.445794489087
2025-03-10,HDFCBANK,833.2371287977431,838.6144556459366,830.3018296675241,832.4971313476562,15604050.0,1299.0326862405395
2025-03-11,HDFCBANK,829.9811819724781,835.7038170818192,823.8885481247595,831.510498046875,19898430.0,1654.575343965088
2025-03-12,HDFCBANK,834.4951408301645,847.7904041385841,834.4951408301645,844.1644287109375,18784106.0,1585.6874110335693
2025-03-13,HDFCBANK,846.5818201293218,848.9251455168071,838.6885135609504,841.9197998046875,15736264.0,1324.8672236553712
2025-03-17,HDFCBANK,841.1304307424771,850.5037317302232,841.1304307424771,843.79443359375,18950652.0,1599.0454670572265
2025-03-18,HDFCBANK,843.79443359375,843.79443359375,843.79443359375,843.79443359375,0.0,0.0
2025-03-19,HDFCBANK,855.930432694155,863.823739278078,854.5490799535085,860.4197387695312,15221406.0,1309.6798174224975
2025-03-20,HDFCBANK,865.3037412350927,875.1703745445009,862.985106495842,872.5803833007812,17833978.0,1556.15793590177
2025-03-21,HDFCBANK,866.0684175252852,875.2196836615442,866.0684175252852,873.3696899414062,33508264.0,2926.5102140154786
2025-03-24,HDFCBANK,877.6369838460287,890.1676194932312,874.997671627427,887.9969482421875,17393736.0,1544.5584486530274
2025-03-25,HDFCBANK,890.4143157035983,909.5555477752322,888.7369760332164,898.5789184570312,39101416.0,3513.5708099418457
2025-03-26,HDFCBANK,900.3302775382388,901.5636066855513,888.9836493829623,891.2283325195312,24478442.0,2181.588104633606
2025-03-27,HDFCBANK,887.9969842041877,908.2235821777275,887.0596420099644,900.5029296875,41658100.0,3751.3241095214844
2025-03-28,HDFCBANK,902.3036249715724,905.7569466636451,890.8829847599874,901.908935546875,28773648.0,2595.121023948047
2025-04-01,HDFCBANK,888.9836405685396,892.8809726796349,870.9030234039785,872.1363525390625,28511006.0,2486.548478005933
2025-04-02,HDFCBANK,873.5423260418547,887.602278026219,873.5423260418547,886.4676513671875,11573564.0,1025.9590097027833
2025-04-03,HDFCBANK,878.6729886492828,889.9702954640933,876.6503409310941,885.456298828125,11250038.0,996.1417009155762
2025-04-04,HDFCBANK,894.4102660639704,908.6921929973271,893.4729239008652,896.5316162109375,33540454.0,3007.0077433068604
2025-04-07,HDFCBANK,869.6450067324856,878.0562747489253,857.5090006629878,867.1289672851562,37995450.0,3294.695532003479
2025-04-08,HDFCBANK,870.730371547347,879.1170096868965,863.4784203033727,872.7777099609375,35563872.0,3103.9354761503905
2025-04-09,HDFCBANK,870.7303466796875,875.6636630914704,865.0570328061372,870.7303466796875,22454608.0,1955.1908608396484
2025-04-11,HDFCBANK,875.540352413462,897.567622795633,875.540352413462,891.3269653320312,32775766.0,2921.392404521277
2025-04-15,HDFCBANK,920.0634812745557,925.8848185421238,915.1301650210728,920.01416015625,49298344.0,4535.51745522539
2025-04-16,HDFCBANK,929.3381542000717,929.3381542000717,917.8435030643678,926.476806640625,19136820.0,1772.9819882856445
2025-04-17,HDFCBANK,928.4501090482869,947.0486870380013,925.8354273732423,940.6353759765625,35703084.0,3358.358384186279
2025-04-21,HDFCBANK,949.170085798879,962.3420166432835,942.2634427629204,950.6994018554688,34247298.0,3255.8885723765993
2025-04-22,HDFCBANK,954.5967457498784,972.1593405008402,954.5967457498784,967.7686767578125,45961750.0,4448.034197897339
2025-04-23,HDFCBANK,976.2540297557508,976.2540297557508,947.4434488933124,949.1207885742188,30570642.0,2901.523184226013
2025-04-24,HDFCBANK,942.2634238174406,949.1207455952106,939.8460867592294,945.6181030273438,25931754.0,2452.1536025651735
2025-04-25,HDFCBANK,949.5647662059754,953.6100615716746,933.2848220611925,942.8554077148438,18500878.0,1744.3652869772584
2025-04-28,HDFCBANK,942.8554253066497,951.982060830828,941.4741328194633,947.29541015625,13920492.0,1318.6818178716796
2025-04-29,HDFCBANK,946.6048254524144,951.5381421157663,937.4288082816594,941.6715087890625,18918308.0,1781.483163809619
2025-04-30,HDFCBANK,943.7434115323153,955.5340495753018,942.4114402150566,949.6633911132812,31936870.0,3032.927626574402
2025-05-02,HDFCBANK,952.0314262519853,958.0007270723939,947.1967520748111,948.1340942382812,17840404.0,1691.5095287385009
2025-05-05,HDFCBANK,956.5700467268101,962.9833580251333,953.2647488384409,955.4847412109375,15068024.0,1439.7267012200195
2025-05-06,HDFCBANK,952.1300492793257,957.112686715781,949.3180830668039,952.9686889648438,17490156.0,1666.7571033110596
2025-05-07,HDFCBANK,954.1033540161453,961.3553047488027,948.3807192627594,959.8259887695312,21420778.0,2056.021942406262
2025-05-08,HDFCBANK,964.364722012384,964.364722012384,946.752746184645,951.3900756835938,34803430.0,3311.163790174866
2025-05-09,HDFCBANK,942.3127568324845,946.7034204881495,930.8181657127636,932.248779296875,17188796.0,1602.4234088583007
2025-05-12,HDFCBANK,946.0127244576516,966.8806765571811,943.3981029435623,965.5486450195312,18618972.0,1797.7523186256592
2025-05-13,HDFCBANK,961.9967305905121,967.7686868855955,947.1967808891196,948.4794311523438,24242102.0,2299.3135114897095
2025-05-14,HDFCBANK,948.2327622761527,952.2287366384547,938.8101397074491,942.5594482421875,15445308.0,1455.8120986410645
2025-05-15,HDFCBANK,943.9901042439285,959.4314088460198,935.85013208818,954.0047607421875,32241458.0,3075.850442526929
2025-05-16,HDFCBANK,954.0047801554118,958.9380967138302,951.340777169636,954.44873046875,15868010.0,1514.520199956543
2025-05-19,HDFCBANK,955.5834183781088,959.5300716290252,952.6234284399217,956.4220581054688,10202964.0,975.8339827656006
2025-05-20,HDFCBANK,951.1927398071444,954.3993955236706,943.7434439560598,944.6807861328125,23879090.0,2255.8117513336183
2025-05-21,HDFCBANK,950.6500948788123,960.4674068130723,947.739426083267,950.5514526367188,15132040.0,1438.3782603356933
2025-05-22,HDFCBANK,944.828766015395,949.2687509312965,939.895449442171,947.1474609375,21306670.0,2018.0558391533202
2025-05-23,HDFCBANK,947.2460290070277,955.583345407158,944.4833839865793,953.906005859375,9566072.0,912.5133533283204
2025-05-26,HDFCBANK,954.5967478346391,961.947401503022,950.6007734925844,957.1620483398438,10802860.0,1034.0087605528565
2025-05-27,HDFCBANK,952.9194312599001,961.0100826032541,945.3714929245052,950.3048095703125,26162148.0,2486.2015073090333
2025-05-28,HDFCBANK,947.295443323748,954.3501102535763,946.0621141556768,948.9234619140625,18157594.0,1723.016695851001
2025-05-29,HDFCBANK,951.1433943336576,957.4580633637506,940.9314535555673,950.896728515625,28917794.0,2749.783571048877
2025-05-30,HDFCBANK,953.0674622365118,961.4047794767922,949.8608063918771,959.4807739257812,28748078.0,2758.3228128318724
2025-06-02,HDFCBANK,952.1794133521448,955.0900821550082,941.276795842849,953.1660766601562,14668822.0,1398.1823514966186
2025-06-03,HDFCBANK,956.0767204883472,962.9833634640112,947.1967509482078,949.466064453125,24377584.0,2314.568874135547
2025-06-04,HDFCBANK,947.6901200517409,958.6914401720352,947.6407989299088,957.6553955078125,12961542.0,1241.2690630401123
2025-06-05,HDFCBANK,961.0100588418235,966.3873858970264,957.1620478647775,961.7993774414062,22255418.0,2140.5247177098267
2025-06-06,HDFCBANK,959.0366899431259,984.8379583134906,958.3953347348495,976.1552734375,30127008.0,2940.863773209375
2025-06-09,HDFCBANK,984.196594423998,984.196594423998,974.7739724063232,976.2539672851562,13202588.0,1288.9078913431397
2025-06-10,HDFCBANK,978.1780428487654,978.1780428487654,967.472709657825,969.5447387695312,15533126.0,1506.0060589944214
2025-06-11,HDFCBANK,970.6793723493836,970.6793723493836,960.516752091058,962.194091796875,11096394.0,1067.6884747050292
2025-06-12,HDFCBANK,961.9966994408974,967.4233474890254,954.7447484104943,958.74072265625,16349130.0,1567.4576711000977
2025-06-13,HDFCBANK,947.19676434732,953.6100757725884,943.7434428106371,946.0127563476562,12117762.0,1146.3557430384888
2025-06-16,HDFCBANK,949.1700746468088,956.520728121515,947.2460692080249,954.7940673828125,16513746.0,1576.722671106665
2025-06-17,HDFCBANK,955.5834055099792,957.852719054467,946.7527569357399,951.9327392578125,16978736.0,1616.2614669615234
2025-06-18,HDFCBANK,945.7167603313338,955.2380851367438,945.7167603313338,954.0540771484375,18433816.0,1758.6857312204102
2025-06-19,HDFCBANK,954.0540746334422,960.4180648603083,949.9593979158449,954.7447509765625,16876220.0,1611.2482461325683
2025-06-20,HDFCBANK,952.9193918485255,971.8140179089729,952.9193918485255,969.2486572265625,32900408.0,3188.8676276206056
2025-06-23,HDFCBANK,961.2073364257812,965.8939867961492,957.9513597916495,961.2073364257812,11739518.0,1128.4110827702514
2025-06-24,HDFCBANK,969.3966711141703,976.3033140635843,964.7593416610487,967.3740234375,22625322.0,2188.7148774708985
2025-06-25,HDFCBANK,969.8900392545883,977.7833457795492,968.854054817417,976.8953247070312,18405932.0,1798.0668917675537
2025-06-26,HDFCBANK,977.4873577522009,1000.032590400823,976.7966813877978,997.41796875,50084830.0,4995.5509403789065
2025-06-27,HDFCBANK,1004.0015037809444,1007.393088107433,994.2258430942326,1004.9491577148438,28213384.0,2835.301648708545
2025-06-30,HDFCBANK,1003.2533964547342,1004.400566128524,995.2732550959096,998.2658081054688,13649020.0,1362.5349980147705
2025-07-01,HDFCBANK,1000.0114368496795,1005.4977838847651,999.5126780283082,1003.5526123046875,14389386.0,1444.0505909760498
2025-07-02,HDFCBANK,1007.4429706558585,1007.4429706558585,986.4950998423908,990.5350341796875,18878250.0,1869.9568009002685
2025-07-03,HDFCBANK,994.9739612315547,1001.507689459166,989.6871300276722,991.0836181640625,16860506.0,1671.0171290556884
2025-07-04,HDFCBANK,991.0836632772651,999.2633203019867,987.5424877454124,992.1809692382812,7863944.0,780.2455579955566
2025-07-07,HDFCBANK,992.0312782906421,996.7196233059492,989.4377568185034,991.2332763671875,11349426.0,1124.9928718866943
2025-07-08,HDFCBANK,986.0462146584523,1000.0114620081927,986.0462146584523,998.2159423828125,15224316.0,1519.715494307373
2025-07-09,HDFCBANK,1001.0089360727129,1004.4005203490875,996.5699704674603,1003.1036987304688,13861428.0,1390.4449696486083
2025-07-10,HDFCBANK,1005.4977851253348,1005.9965439473215,997.5176439735463,1000.6099243164062,17030310.0,1704.0697200184936
2025-07-11,HDFCBANK,996.5201541247731,999.9117385623401,987.9913902076418,989.3878784179688,12516922.0,1238.4090901903198
2025-07-14,HDFCBANK,989.0387573242188,991.8816582943851,982.8541356715338,989.0387573242188,13088850.0,1294.53799388031
2025-07-15,HDFCBANK,984.0511806165923,999.3131887778599,984.0511806165923,995.2732543945312,14498168.0,1442.9638848118652
2025-07-16,HDFCBANK,1006.4952830829005,1008.8394251469304,993.826797075495,995.6722412109375,17994612.0,1791.673565976123
2025-07-17,HDFCBANK,999.5126501495852,999.9116815490105,988.8890631972324,990.98388671875,22529158.0,2232.603255934082
2025-07-18,HDFCBANK,990.9838927216935,996.0213445308241,974.0759568696542,976.2705078125,16129446.0,1574.6702437154297
2025-07-21,HDFCBANK,986.6446826643673,998.5151670456409,985.7968170158388,997.7670288085938,22309078.0,2225.9262471519164
2025-07-22,HDFCBANK,1004.051390877723,1006.4953213272488,999.0139388595042,1001.058837890625,14836814.0,1485.2523780839356
2025-07-23,HDFCBANK,1003.0039954915454,1012.3806857402005,999.0139248978445,1009.6375122070312,13634916.0,1376.6322669391845
2025-07-24,HDFCBANK,1016.3208076773761,1016.3208076773761,1001.7072110041944,1004.5999755859375,19107176.0,1919.506854311621
2025-07-25,HDFCBANK,1007.5,1007.5,999.5,1002.2999877929688,9306598.0,932.8003061794068
2025-07-28,HDFCBANK,1001.5,1010.7000122070312,1000.25,1004.25,12059580.0,1211.0833215
2025-07-29,HDFCBANK,999.9500122070312,1013.25,998.1500244140625,1010.7999877929688,19895696.0,2011.0569273932617
2025-07-30,HDFCBANK,1014.0,1016.2999877929688,1008.5,1012.9000244140625,15154036.0,1534.952343437158
2025-07-31,HDFCBANK,1007.2999877929688,1015.7000122070312,1004.0,1009.0999755859375,22183032.0,2238.489704962207
2025-08-01,HDFCBANK,1007.0,1014.1500244140625,1004.6500244140625,1006.0999755859375,11317258.0,1138.6292997499756
2025-08-04,HDFCBANK,1005.0499877929688,1009.25,994.0499877929688,996.0,13933946.0,1387.8210216
2025-08-05,HDFCBANK,993.25,997.2000122070312,982.75,988.7999877929688,23978058.0,2370.9503457699097
2025-08-06,HDFCBANK,985.5499877929688,994.0,985.0,992.6500244140625,14080204.0,1397.671484435498
2025-08-07,HDFCBANK,990.0499877929688,1000.7999877929688,988.4000244140625,997.7000122070312,13081186.0,1305.1099431882446
2025-08-08,HDFCBANK,993.5499877929688,996.4000244140625,985.0,986.9500122070312,13895264.0,1371.3930974419923
2025-08-11,HDFCBANK,987.9500122070312,998.7999877929688,986.5499877929688,997.7999877929688,9105854.0,908.5821010044556
2025-08-12,HDFCBANK,995.9500122070312,998.0,983.75,984.9500122070312,12937802.0,1274.3088237832153
2025-08-13,HDFCBANK,997.0,997.0,984.5499877929688,990.1500244140625,13577396.0,1344.3658980879395
2025-08-14,HDFCBANK,989.0,998.0,985.5999755859375,995.5499877929688,17511716.0,1743.3788650033935
2025-08-18,HDFCBANK,1005.0,1013.2999877929688,997.7999877929688,1001.7999877929688,19284796.0,1931.9508397389893
2025-08-19,HDFCBANK,999.1500244140625,1003.0499877929688,993.3499755859375,995.5499877929688,12352438.0,1229.7469500113402
2025-08-20,HDFCBANK,993.5,996.0,989.5,994.0999755859375,9950228.0,989.1521411874512
2025-08-21,HDFCBANK,998.75,998.75,991.5999755859375,995.5999755859375,12439850.0,1238.5114356292725
2025-08-22,HDFCBANK,994.9500122070312,998.0,978.5499877929688,982.2999877929688,19833502.0,1948.244877249182
2025-08-25,HDFCBANK,980.0999755859375,988.7000122070312,978.5,982.0499877929688,17518044.0,1720.359489635669
2025-08-26,HDFCBANK,979.5,985.7000122070312,968.0,973.4000244140625,16917731.0,1646.7719768430543
2025-08-28,HDFCBANK,967.0,972.2000122070312,955.0,957.7999877929688,25438255.0,2436.4760328474426
2025-08-29,HDFCBANK,954.0,963.2999877929688,950.0999755859375,951.5999755859375,14823813.0,1410.6340088890504
2025-09-01,HDFCBANK,949.5999755859375,957.4500122070312,946.3499755859375,950.5999755859375,20178344.0,1918.1533313764648
2025-09-02,HDFCBANK,951.0,954.7999877929688,944.0,944.5,14196320.0,1340.842424
2025-09-03,HDFCBANK,945.0,956.2999877929688,940.0,954.4500122070312,16083481.0,1535.0878636781556
2025-09-04,HDFCBANK,960.2000122070312,965.7000122070312,956.25,961.25,17597657.0,1691.574779125
2025-09-05,HDFCBANK,967.5,967.5,954.0499877929688,963.4000244140625,11602111.0,1117.7474020654663
2025-09-08,HDFCBANK,969.0,973.1500244140625,960.4500122070312,966.0,11711307.0,1131.3122562
2025-09-09,HDFCBANK,974.0,974.4000244140625,962.7000122070312,965.1500244140625,13985539.0,1349.8143307293824
2025-09-10,HDFCBANK,973.9000244140625,973.9000244140625,961.7000122070312,965.9000244140625,18091100.0,1747.4193931677246
2025-09-11,HDFCBANK,960.2999877929688,969.25,959.9000244140625,967.7999877929688,15113633.0,1462.697383290741
2025-09-12,HDFCBANK,969.9000244140625,970.75,962.25,967.2999877929688,14363519.0,1389.3831753364075
2025-09-15,HDFCBANK,969.5999755859375,972.3499755859375,965.0,967.0499877929688,14486377.0,1400.9050701014344
2025-09-16,HDFCBANK,961.2000122070312,969.3499755859375,961.2000122070312,966.8499755859375,18661794.0,1804.3155073289795
2025-09-17,HDFCBANK,965.1500244140625,974.4000244140625,964.3499755859375,966.5,17361476.0,1677.9866554
2025-09-18,HDFCBANK,973.2999877929688,979.6500244140625,969.25,976.9000244140625,17791598.0,1738.0612520565185
2025-09-19,HDFCBANK,974.9000244140625,976.7000122070312,962.0999755859375,966.9000244140625,31243267.0,3020.9115625075074
2025-09-22,HDFCBANK,964.0,971.2000122070312,961.9500122070312,964.2000122070312,10854415.0,1046.5827075500183
2025-09-23,HDFCBANK,967.0,968.2000122070312,955.5,957.2000122070312,21022298.0,2012.254390221985
2025-09-24,HDFCBANK,952.2000122070312,956.4500122070312,943.0,951.0499877929688,15117220.0,1437.7231896463622
2025-09-25,HDFCBANK,952.5,958.0,947.4000244140625,949.8499755859375,31413279.0,2983.7902291224245
2025-09-26,HDFCBANK,945.0999755859375,951.4500122070312,941.2999877929688,945.0499877929688,14874656.0,1405.729347122461
2025-09-29,HDFCBANK,946.0499877929688,956.7999877929688,939.0999755859375,950.2999877929688,32398179.0,3078.7989108214415
2025-09-30,HDFCBANK,958.0499877929688,960.0,946.2999877929688,951.0,28296687.0,2691.0149337
2025-10-01,HDFCBANK,952.7000122070312,969.5999755859375,946.0,965.25,25350832.0,2446.9890588
2025-10-03,HDFCBANK,952.0,966.75,952.0,965.1500244140625,26658296.0,2572.9255035237306
2025-10-06,HDFCBANK,971.9000244140625,977.4000244140625,962.0,973.4500122070312,18542683.0,1805.037499270111
2025-10-07,HDFCBANK,974.0,989.8499755859375,971.0,982.5,25535736.0,2508.886062
2025-10-08,HDFCBANK,976.0,985.9000244140625,974.5499877929688,978.7000122070312,15939710.0,1560.0194371576538
2025-10-09,HDFCBANK,974.5,979.0,970.1500244140625,977.0999755859375,15370950.0,1501.8954869732665
2025-10-10,HDFCBANK,979.0,986.2000122070312,978.0999755859375,980.9000244140625,13757080.0,1349.432010786621
2025-10-13,HDFCBANK,974.2999877929688,981.0,972.0,977.0,18634254.0,1820.5666158
2025-10-14,HDFCBANK,970.0,980.4500122070312,967.0,977.1500244140625,22934382.0,2241.0331931221435
2025-10-15,HDFCBANK,975.0,984.9000244140625,973.3499755859375,978.25,23310447.0,2280.344477775
2025-10-16,HDFCBANK,982.6500244140625,996.5999755859375,981.5,994.3499755859375,22936566.0,2280.6973842125244
2025-10-17,HDFCBANK,993.9500122070312,1009.0,986.0,1002.5499877929688,25210511.0,2527.4797495304506
2025-10-20,HDFCBANK,997.0,1020.0,997.0,1002.9500122070312,22195202.0,2226.0678116837526
2025-10-21,HDFCBANK,1006.0,1010.0,1004.0,1007.7000122070312,3471600.0,349.833136237793
2025-10-23,HDFCBANK,1016.0,1020.5,1006.0,1008.7999877929688,43526526.0,4390.955889747033
2025-10-24,HDFCBANK,1011.0,1011.9500122070312,991.2999877929688,994.75,17707768.0,1761.4802218
2025-10-27,HDFCBANK,996.5,1009.0499877929688,996.2000122070312,1002.9500122070312,15700796.0,1574.7113539860106
2025-10-28,HDFCBANK,997.6500244140625,1008.0,995.0,1003.5499877929688,33904289.0,3402.4648812079286
2025-10-29,HDFCBANK,1004.9000244140625,1012.5,1000.0,1007.8499755859375,17769445.0,1790.893470942566
2025-10-30,HDFCBANK,1000.0,1009.5,997.0999755859375,998.1500244140625,19962917.0,1992.5986090925903
2025-10-31,HDFCBANK,994.0,1004.4500122070312,981.1500244140625,987.2999877929688,23221330.0,2292.64188255365
2025-11-03,HDFCBANK,985.0,994.5499877929688,983.2999877929688,992.6500244140625,16607180.0,1648.511763244873
2025-11-04,HDFCBANK,987.0,997.0,983.7000122070312,985.25,20024544.0,1972.9181976
2025-11-06,HDFCBANK,981.0,991.0499877929688,974.0,984.6500244140625,22279516.0,2193.7525973333495
2025-11-07,HDFCBANK,980.0,984.9000244140625,974.75,982.2999877929688,15004568.0,1473.898696323877
2025-11-10,HDFCBANK,982.2999877929688,990.9500122070312,980.2000122070312,984.5,15988262.0,1574.0443939
2025-11-11,HDFCBANK,983.5,993.5,978.0,991.7000122070312,10200530.0,1011.5865725518189
2025-11-12,HDFCBANK,998.7999877929688,999.0,987.7000122070312,989.5,13137263.0,1299.93217385
2025-11-13,HDFCBANK,984.0,990.0999755859375,982.5999755859375,986.6500244140625,14124839.0,1393.6272744194703
2025-11-14,HDFCBANK,976.0499877929688,991.6500244140625,976.0499877929688,989.5999755859375,21386965.0,2116.45400418573
2025-11-17,HDFCBANK,991.25,997.9500122070312,985.5999755859375,996.5499877929688,18396408.0,1833.2940167834472
2025-11-18,HDFCBANK,997.6500244140625,999.0,990.0,992.4500122070312,20002640.0,1985.1620312172852
2025-11-19,HDFCBANK,990.0,996.5499877929688,984.0,994.5999755859375,19813847.0,1970.68517424635
2025-11-20,HDFCBANK,995.2999877929688,1011.5999755859375,992.4500122070312,1008.8499755859375,19850865.0,2002.6544670609742
2025-11-21,HDFCBANK,1003.0999755859375,1008.2999877929688,996.5499877929688,998.0499877929688,17499897.0,1746.577198722821
2025-11-24,HDFCBANK,1000.0,1011.4500122070312,993.5999755859375,999.1500244140625,32204053.0,3217.6680341181764
2025-11-25,HDFCBANK,1004.0,1006.0999755859375,988.4000244140625,989.7999877929688,24989383.0,2473.4490988353823
2025-11-26,HDFCBANK,981.2999877929688,1006.9500122070312,981.2999877929688,1003.9000244140625,19494356.0,1957.0384464336425
2025-11-27,HDFCBANK,1002.0999755859375,1016.7999877929688,1001.0,1009.5,25536848.0,2577.9448056
2025-11-28,HDFCBANK,1007.0,1012.0499877929688,1004.2000122070312,1007.5999755859375,15988807.0,1611.0321542848267
2025-12-01,HDFCBANK,1017.5,1017.5,999.2999877929688,1002.0999755859375,16746566.0,1678.173337974829
2025-12-02,HDFCBANK,988.0,994.4000244140625,985.0,989.7999877929688,27316662.0,2703.8031714144654
2025-12-03,HDFCBANK,986.0,1002.2999877929688,986.0,1000.5,15448777.0,1545.65013885
2025-12-04,HDFCBANK,1000.0,1004.7000122070312,993.0,997.2000122070312,14528169.0,1448.7490304145813
2025-12-05,HDFCBANK,992.0,1008.0,990.2000122070312,1003.2999877929688,12843366.0,1288.574895102063
2025-12-08,HDFCBANK,1000.0,1006.5,997.5,1003.0999755859375,12901022.0,1294.1014853233642
2025-12-09,HDFCBANK,994.9000244140625,1002.7999877929688,994.0,997.0999755859375,15294322.0,1524.9968092803467
2025-12-10,HDFCBANK,997.5,998.5,985.2999877929688,989.7999877929688,15322830.0,1516.6536946953736
2025-12-11,HDFCBANK,990.0,1002.7000122070312,988.5,1000.2999877929688,11844809.0,1184.8362298110046
2025-12-12,HDFCBANK,1003.0,1004.7000122070312,998.2000122070312,1001.5,11988618.0,1200.6600927
2025-12-15,HDFCBANK,992.0,1001.7999877929688,992.0,996.0999755859375,9790060.0,975.1878526984864
2025-12-16,HDFCBANK,990.0999755859375,998.7000122070312,990.0999755859375,994.2999877929688,20049088.0,1993.4807953660156
2025-12-17,HDFCBANK,996.0,996.0,980.7999877929688,984.0,19080922.0,1877.5627248
2025-12-18,HDFCBANK,973.2999877929688,987.4000244140625,973.2999877929688,979.7000122070312,14912404.0,1460.9682380836182
2025-12-19,HDFCBANK,987.0,988.0,978.7000122070312,985.5,25952384.0,2557.6074432
2025-12-22,HDFCBANK,988.0,992.9000244140625,983.9000244140625,987.7000122070312,13540411.0,1337.386410998822
2025-12-23,HDFCBANK,990.5,998.9000244140625,987.7000122070312,996.5999755859375,17927849.0,1786.6893875708374
2025-12-24,HDFCBANK,993.0,999.4000244140625,993.0,997.2000122070312,13699996.0,1366.163617843628
2025-12-26,HDFCBANK,996.0,997.2000122070312,987.7000122070312,992.0999755859375,9360853.0,928.690203276355
2025-12-29,HDFCBANK,993.0999755859375,997.4000244140625,987.2000122070312,991.7000122070312,13545749.0,1343.331944865338
2025-12-30,HDFCBANK,990.2000122070312,995.0,982.2000122070312,990.9000244140625,33155849.0,3285.413158356897
2025-12-31,HDFCBANK,991.0,997.5999755859375,987.5999755859375,991.2000122070312,10963454.0,1086.6975738631227
2026-01-01,HDFCBANK,993.5,997.5499877929688,989.5,991.1500244140625,7132074.0,706.89553192229
2026-01-02,HDFCBANK,991.1500244140625,1003.2000122070312,988.7999877929688,1001.5999755859375,11751459.0,1177.0261047499146
2026-01-05,HDFCBANK,1005.75,1006.4000244140625,976.2999877929688,977.5,27647379.0,2702.53129725
2026-01-06,HDFCBANK,962.7000122070312,966.7000122070312,956.0,962.2000122070312,31988783.0,3077.960739308807
2026-01-07,HDFCBANK,956.0,956.4500122070312,946.0,949.0499877929688,52884712.0,5019.023527803467
2026-01-08,HDFCBANK,944.7000122070312,953.0,941.4000244140625,946.7000122070312,21928849.0,2076.0041615986147
2026-01-09,HDFCBANK,945.0,950.5999755859375,933.2999877929688,939.0,38183839.0,3585.4624821
2026-01-12,HDFCBANK,937.5,942.0,929.5999755859375,936.9500122070312,21071666.0,1974.3097715922486
2026-01-13,HDFCBANK,947.7000122070312,947.7000122070312,932.5999755859375,937.3499755859375,32042827.0,3003.534310615442
2026-01-14,HDFCBANK,930.0,940.0499877929688,920.2000122070312,925.4500122070312,36688248.0,3395.313955945459
2026-01-15,HDFCBANK,925.4500122070312,925.4500122070312,925.4500122070312,925.4500122070312,0.0,0.0
2026-01-16,HDFCBANK,922.0,935.9500122070312,919.2000122070312,931.0999755859375,37780235.0,3517.717588613098
2026-01-19,HDFCBANK,935.9000244140625,936.1500244140625,919.5,927.9000244140625,38191942.0,3543.830391422046
2026-01-20,HDFCBANK,929.2999877929688,934.5,919.5999755859375,931.2000122070312,36022727.0,3354.4363822130554
2026-01-21,HDFCBANK,925.0,932.1500244140625,915.5,920.3499755859375,32766854.0,3015.697327892798
2026-01-22,HDFCBANK,928.0,928.2999877929688,913.2000122070312,918.7000122070312,44444755.0,4083.1396961038513
2026-01-23,HDFCBANK,920.0,926.0999755859375,909.25,916.0999755859375,30985247.0,2838.558402022424
2026-01-27,HDFCBANK,906.0,931.2000122070312,905.0,926.4000244140625,44753093.0,4145.926644780481
2026-01-28,HDFCBANK,932.5,941.4500122070312,928.4000244140625,932.7000122070312,35347138.0,3296.827604408362
2026-01-29,HDFCBANK,930.0999755859375,939.2999877929688,924.3499755859375,935.5,37175628.0,3477.7799994
2026-01-30,HDFCBANK,930.0,938.9000244140625,927.75,929.25,29691233.0,2759.057826525
2026-02-02,HDFCBANK,915.0,929.7999877929688,909.2999877929688,928.0999755859375,28032106.0,2601.659689422241
2026-02-03,HDFCBANK,983.75,994.0,945.0,948.7000122070312,50336968.0,4775.468215606494
2026-02-04,HDFCBANK,952.5,957.2000122070312,947.9500122070312,953.0999755859375,24366770.0,2322.3967892108153
2026-02-05,HDFCBANK,956.0,956.0499877929688,946.7000122070312,949.7000122070312,28103169.0,2668.9579942356263
2026-02-06,HDFCBANK,945.0,948.0999755859375,937.5999755859375,941.0999755859375,18120272.0,1705.2987536810547
2026-02-09,HDFCBANK,945.0,950.0,935.3499755859375,937.25,23947829.0,2244.510273025
2026-02-10,HDFCBANK,930.0,940.9000244140625,929.9500122070312,932.4000244140625,31525385.0,2939.426974366272
2026-02-11,HDFCBANK,931.25,936.0,925.2999877929688,927.0999755859375,24869804.0,2305.679468122705
2026-02-12,HDFCBANK,927.0,928.5999755859375,918.5,920.5999755859375,33872203.0,3118.274925484192
2026-02-13,HDFCBANK,913.0,928.2000122070312,901.0,903.9000244140625,50188359.0,4536.525892540173
2026-02-16,HDFCBANK,903.9000244140625,929.5,902.0999755859375,925.7999877929688,18806989.0,1741.1510186622497
2026-02-17,HDFCBANK,923.0,928.0999755859375,918.5999755859375,925.7000122070312,22599629.0,2092.0476841174377
2026-02-18,HDFCBANK,923.2000122070312,925.5,919.5499877929688,924.7000122070312,12738702.0,1177.9477894901734
2026-02-19,HDFCBANK,929.0,929.2000122070312,912.4500122070312,915.5999755859375,21209234.0,1941.9174132596436
2026-02-20,HDFCBANK,911.0,917.8499755859375,908.4000244140625,911.8499755859375,22654907.0,2065.7876394851683
2026-02-23,HDFCBANK,916.5,925.6500244140625,915.25,923.5999755859375,23270122.0,2149.2284111081785
2026-02-24,HDFCBANK,927.9500122070312,927.9500122070312,909.1500244140625,910.5,31313985.0,2851.13833425
2026-02-25,HDFCBANK,910.5499877929688,916.0,903.0999755859375,907.5999755859375,27884303.0,2530.7792722030886
2026-02-26,HDFCBANK,912.0,912.0,895.0,898.5999755859375,41165937.0,3699.170998317224
2026-02-27,HDFCBANK,898.5999755859375,898.9500122070312,885.0,887.75,34620755.0,3073.457525125
2026-03-02,HDFCBANK,876.2000122070312,887.75,871.5499877929688,879.4000244140625,38378924.0,3375.042670258545
2026-03-04,HDFCBANK,848.0,879.2999877929688,848.0,868.6500244140625,39862322.0,3462.6406978501223
2026-03-05,HDFCBANK,873.8499755859375,881.4000244140625,863.5,877.75,31324582.0,2749.51518505
2026-03-06,HDFCBANK,868.0499877929688,871.7000122070312,855.0999755859375,857.0499877929688,34439647.0,2951.6499040944154
2026-03-09,HDFCBANK,825.0,842.4500122070312,821.5,840.7000122070312,35592613.0,2992.271018358014
2026-03-10,HDFCBANK,850.0499877929688,856.7999877929688,840.5999755859375,849.4500122070312,52866024.0,4490.704473213721
2026-03-11,HDFCBANK,845.0,848.8499755859375,827.5999755859375,833.9500122070312,42261076.0,3524.3624846082275
2026-03-12,HDFCBANK,820.0999755859375,836.4000244140625,820.0999755859375,832.75,46107561.0,3839.607142275
2026-03-13,HDFCBANK,820.0,823.7999877929688,812.0,817.0,41700464.0,3406.9279088
2026-03-16,HDFCBANK,817.0,844.5,815.6500244140625,840.5999755859375,52182605.0,4386.469648901062
2026-03-17,HDFCBANK,847.7000122070312,848.9000244140625,835.0999755859375,845.3499755859375,38826979.0,3282.238574972571
2026-03-18,HDFCBANK,845.3499755859375,846.7999877929688,831.5999755859375,843.0499877929688,23507063.0,1981.7629175198547
2026-03-19,HDFCBANK,770.0,815.6500244140625,770.0,798.2000122070312,171637393.0,13700.096918778301
2026-03-20,HDFCBANK,785.0,793.75,778.2000122070312,780.4500122070312,103129469.0,8048.7395339954655
2026-03-23,HDFCBANK,763.1500244140625,768.7000122070312,741.0499877929688,744.1500244140625,72341738.0,5383.3106098855715
2026-03-24,HDFCBANK,755.0,772.75,747.7000122070312,764.9000244140625,61269986.0,4686.541378724927
2026-03-25,HDFCBANK,768.2000122070312,794.7999877929688,768.2000122070312,782.2999877929688,59230640.0,4633.612894896973
2026-03-27,HDFCBANK,773.2000122070312,774.9000244140625,754.5499877929688,756.2000122070312,65485199.0,4951.9908283179875
2026-03-30,HDFCBANK,745.2000122070312,751.0,726.6500244140625,731.5499877929688,103500135.0,7571.552249582061
2026-04-01,HDFCBANK,743.0,755.9000244140625,739.0999755859375,742.25,78862761.0,5853.588435225
2026-04-02,HDFCBANK,730.0,755.0,726.6500244140625,750.9000244140625,49310300.0,3702.7105473864744
2026-04-06,HDFCBANK,759.0,772.75,745.0,771.0,42976659.0,3313.5004089
2026-04-07,HDFCBANK,766.0,774.0,761.0,772.0,51309793.0,3961.1160196
2026-04-08,HDFCBANK,800.0,817.7999877929688,796.0,816.0999755859375,70269512.0,5734.694702763574
2026-04-09,HDFCBANK,815.0,819.0,793.0999755859375,797.7000122070312,48879392.0,3899.1091595072267
2026-04-10,HDFCBANK,804.0,812.25,801.0,810.2999877929688,38156026.0,3091.7827402028197
2026-04-13,HDFCBANK,791.5,798.5,787.3499755859375,794.7000122070312,47549328.0,3778.7451542036133
2026-04-15,HDFCBANK,804.9500122070312,814.7999877929688,804.0,809.9000244140625,39769515.0,3220.9331169435427
2026-04-16,HDFCBANK,818.0,820.0499877929688,792.2000122070312,795.4500122070312,62861293.0,5000.301628419977
2026-04-17,HDFCBANK,790.0999755859375,803.9500122070312,788.2000122070312,799.9000244140625,37282544.0,2982.230785581836
2023-04-21,ICICIBANK,872.9381803026192,878.9396237033103,861.0817529732831,864.2532348632812,29578071.0,2556.2943542765806
2023-04-24,ICICIBANK,883.135744818471,884.5995057214851,873.3773387983774,882.8917846679688,30881665.0,2726.5168325368345
2023-04-25,ICICIBANK,884.4043078093315,893.8699733695756,881.2816060339152,891.381591796875,41383839.0,3688.8792282485597
2023-04-26,ICICIBANK,889.4298949363513,894.7970180441831,883.8675918033912,892.8453369140625,30371555.0,2711.710125657898
2023-04-27,ICICIBANK,887.5269819129636,897.6757474764975,886.5999214765843,896.1631469726562,25835108.0,2315.247168765845
2023-04-28,ICICIBANK,892.9916614936355,898.2124441608663,888.2588586608995,895.4801025390625,20381002.0,1825.0781760808838
2023-05-02,ICICIBANK,901.6766917183744,903.433192842073,896.504748580591,899.8225708007812,17515017.0,1576.0407624559386
2023-05-03,ICICIBANK,897.3342422175527,901.5303450275906,889.5275171530784,900.5545043945312,18715142.0,1685.4005428483276
2023-05-04,ICICIBANK,897.773371044411,901.5791732893766,889.7714660425504,899.4323120117188,20485002.0,1842.4872710424684
2023-05-05,ICICIBANK,902.6525798225856,919.6810106729773,901.140038763108,904.5554809570312,19002035.0,1718.839490858734
2023-05-08,ICICIBANK,904.6042195927597,918.9490880615251,904.6042195927597,915.2409057617188,18623913.0,1704.5367002947448
2023-05-09,ICICIBANK,918.2660247654843,922.1693872512037,909.2882791362127,911.8255004882812,21507610.0,1961.1187252556763
2023-05-10,ICICIBANK,912.0205661468576,918.2659695728609,905.8240023974581,913.435546875,25910923.0,2366.7958120541016
2023-05-11,ICICIBANK,917.3389621864789,924.121066402181,911.2887384351924,916.509521484375,20027372.0,1835.527712830957
2023-05-12,ICICIBANK,917.0461850344827,925.0968698193026,912.5085025133513,921.095947265625,13873480.0,1277.8806202470703
2023-05-15,ICICIBANK,920.9496248282046,926.0727883040701,915.5337210658356,922.9013061523438,10453762.0,964.7790604005737
2023-05-16,ICICIBANK,927.048597490951,929.1954587867314,920.2177130883861,923.4867553710938,19612293.0,1811.1692827957215
2023-05-17,ICICIBANK,924.4137672580238,925.4872276297442,913.1916006155064,916.6558227539062,19273344.0,1766.7023001539062
2023-05-18,ICICIBANK,925.0480984422347,929.2442010636689,919.3393952590775,923.6331176757812,21550141.0,1990.4423918182679
2023-05-19,ICICIBANK,928.4635680040531,932.9036309042945,918.8515021794102,931.2446899414062,15427412.0,1436.669550453833
2023-05-22,ICICIBANK,928.0731149247673,931.1958165018618,923.2915321116159,927.3900146484375,15509525.0,1438.3378616940308
2023-05-23,ICICIBANK,929.0002544091722,935.6847387180298,922.1693701855753,930.366455078125,16579935.0,1542.5415351375732
2023-05-24,ICICIBANK,923.828323327991,930.8055479979184,915.8264183625203,917.9244995117188,18049620.0,1656.818840487671
2023-05-25,ICICIBANK,914.3626768370067,918.8515199428152,910.4105341694121,917.143798828125,19328582.0,1772.7089121440918
2023-05-26,ICICIBANK,917.0949425342919,929.4393493908153,912.9476201716645,927.7316284179688,10957182.0,1016.5324299732056
2023-05-29,ICICIBANK,930.8055298888271,934.4649321286174,923.925865590138,925.2432861328125,12108079.0,1120.2918802715699
2023-05-30,ICICIBANK,922.5109142673763,929.2930185471208,921.8278734759396,926.9998168945312,18483624.0,1713.4316063547362
2023-05-31,ICICIBANK,926.5606365918726,929.0002380573593,917.7780713161202,926.2191162109375,27254425.0,2524.356943633728
2023-06-01,ICICIBANK,931.1958437509088,931.1958437509088,910.2640520657175,913.4843139648438,21650700.0,1977.7574836358642
2023-06-02,ICICIBANK,920.2176049158625,921.8277655885679,912.4596609156438,915.4848022460938,12494376.0,1143.841134154834
2023-06-05,ICICIBANK,920.2176729962289,928.8050582446286,920.2176729962289,923.8770751953125,10751684.0,993.3234367344238
2023-06-06,ICICIBANK,923.6331390198327,924.9017199029888,915.4360540569128,919.3394165039062,11894330.0,1093.4926401904906
2023-06-07,ICICIBANK,921.5350543493884,922.9988152614023,911.2399478470065,917.4853515625,16486469.0,1512.6093806489257
2023-06-08,ICICIBANK,913.9722653565424,927.5364732717563,912.6061242779729,915.2409057617188,17608140.0,1611.5690002379151
2023-06-09,ICICIBANK,918.6563698311431,921.1935315811797,913.581986770486,915.3872680664062,12253128.0,1121.635736518799
2023-06-12,ICICIBANK,915.3384739939503,920.7055972423157,910.7520113059578,913.3380126953125,10520125.0,960.8430060806274
2023-06-13,ICICIBANK,913.2891890698932,923.3891148773446,911.5326284420058,920.7543334960938,13528776.0,1245.667912889795
2023-06-14,ICICIBANK,923.1940358059712,924.0723162159532,913.6308093399507,917.0950317382812,13489262.0,1237.0935162015992
2023-06-15,ICICIBANK,917.9732552476846,920.1688965759562,902.0182258592284,904.2138671875,19366819.0,1751.1746303110351
2023-06-16,ICICIBANK,906.848667243868,915.0945323130579,904.6042457522844,911.6303100585938,11249387.0,1025.5282158779114
2023-06-19,ICICIBANK,910.9472166078564,911.386356797931,896.5047873782526,900.8472900390625,19351375.0,1743.2633727279663
2023-06-20,ICICIBANK,898.7004270111945,906.1167918668598,892.6989833999372,903.1892700195312,15212286.0,1373.9573487668335
2023-06-21,ICICIBANK,905.580064269418,905.97042432825,897.7733395774403,902.3598022460938,9210553.0,831.1232783657166
2023-06-22,ICICIBANK,902.0670994269971,912.9476866817438,898.4564771949641,903.3844604492188,27291569.0,2465.4779335877624
2023-06-23,ICICIBANK,903.6771633220311,909.3858664900742,896.797499098517,901.1887817382812,8767733.0,790.1382620876526
2023-06-26,ICICIBANK,904.7017550302205,909.2882175524283,900.8960126007483,905.0433349609375,11749040.0,1063.3390344189454
2023-06-27,ICICIBANK,907.5317104410219,917.2413358143081,899.9201660720197,913.4843139648438,13422726.0,1226.1449651648072
2023-06-28,ICICIBANK,921.1935016587148,921.1935016587148,911.7278361808255,914.8017578125,25708001.0,2351.7724504645507
2023-06-30,ICICIBANK,917.7780520093211,919.4369928830703,908.1660462617388,912.0205688476562,13843218.0,1262.5299555042113
2023-07-03,ICICIBANK,914.36260024857,922.9012051068142,913.874679970956,919.7785034179688,12350359.0,1135.959471769464
2023-07-04,ICICIBANK,924.3650296243725,928.3171722332148,919.2418663564622,921.8766479492188,14041699.0,1294.4714405631896
2023-07-05,ICICIBANK,919.2906163148466,941.4422096300225,918.2659956069979,934.8552856445312,13817767.0,1291.7612515754577
2023-07-06,ICICIBANK,931.6350338444386,940.6127792872743,930.9519335115064,936.2214965820312,16334427.0,1529.2641691749939
2023-07-07,ICICIBANK,929.9761077422681,931.9765690944446,920.998362156249,923.5355834960938,8593807.0,793.6686562197815
2023-07-10,ICICIBANK,923.1452024012996,929.8785263276142,918.6075198126201,925.4872436523438,12069184.0,1116.987583329297
2023-07-11,ICICIBANK,925.4872675187265,929.6833702711881,919.1443034908751,922.12060546875,16977595.0,1565.5390180803222
2023-07-12,ICICIBANK,925.4872246023599,928.1707861820097,918.5099406710377,921.5838623046875,21511161.0,1982.4338837037965
2023-07-13,ICICIBANK,924.8041153240754,936.0750619372393,919.436992216799,932.61083984375,23222286.0,2165.735564955176
2023-07-14,ICICIBANK,936.5630336523335,941.6861968997155,928.3659486322887,936.8557739257812,12871569.0,1205.8803737134094
2023-07-17,ICICIBANK,939.636889650411,950.2735159116797,929.8296444720338,945.2967529296875,16290763.0,1539.9605366647095
2023-07-18,ICICIBANK,954.3721096526649,964.0817355638042,947.687625346918,951.8837280273438,29709508.0,2827.9997232898195
2023-07-19,ICICIBANK,956.3237506038779,956.3237506038779,944.174523696845,949.9320068359375,15994261.0,1519.346044958777
2023-07-20,ICICIBANK,952.46920323191,974.0353161719719,948.6146209598538,971.546875,26487838.0,2573.417623440625
2023-07-21,ICICIBANK,971.2541449921898,977.2555885541523,964.9111810417447,972.9130859375,16903003.0,1644.5152810340821
2023-07-24,ICICIBANK,980.6710221848502,984.3304244322484,966.1797535488037,968.0338745117188,21687719.0,2099.444665289142
2023-07-25,ICICIBANK,974.8647427328618,974.8647427328618,964.3744564622128,970.6686401367188,29325327.0,2846.5175280654603
2023-07-26,ICICIBANK,969.1073019747433,973.6449847104317,966.0822198580079,972.3764038085938,12780537.0,1242.7492606802673
2023-07-27,ICICIBANK,978.3289995630472,982.1835819158673,963.3498699025234,966.326171875,25932395.0,2505.915198790039
2023-07-28,ICICIBANK,964.1305412210621,974.5720478609782,953.4450744239546,972.1324462890625,12584130.0,1223.344108131958
2023-07-31,ICICIBANK,971.9372191996074,975.2551010010277,964.7159750720841,974.181640625,14303116.0,1393.3833010929688
2023-08-01,ICICIBANK,977.4507205075173,979.4511817429085,966.5212943260926,970.522216796875,15508569.0,1505.1410765227295
2023-08-02,ICICIBANK,961.4469550572353,970.0831205780985,953.8841903765009,963.1058959960938,15787996.0,1520.5512033562745
2023-08-03,ICICIBANK,952.9571657495217,959.2513497940618,936.8557951782072,941.6862182617188,30994707.0,2918.728842096002
2023-08-04,ICICIBANK,945.2480024411116,952.4204068859481,938.026758318768,947.0532836914062,20582882.0,1949.308598593274
2023-08-07,ICICIBANK,947.492394919989,957.7875008210797,944.8088334046981,952.078857421875,16686062.0,1588.6446843830565
2023-08-08,ICICIBANK,952.1764948847944,962.7643418978649,948.8098327986035,956.2262573242188,23784778.0,2274.3629248227417
2023-08-09,ICICIBANK,959.2270199754856,959.5713515147028,948.0600250851338,957.0133056640625,19317331.0,1848.694279691687
2023-08-10,ICICIBANK,955.8818683285078,957.9480378042437,943.9770282120568,948.552001953125,24858441.0,2357.9523975983643
2023-08-11,ICICIBANK,947.8633070091408,947.961670292414,934.679384304923,937.4833984375,17162177.0,1608.9256018545898
2023-08-14,ICICIBANK,933.6955296923587,947.3713891844818,930.7439105257865,944.0753784179688,19026691.0,1796.263050586676
2023-08-16,ICICIBANK,939.0575962871804,944.3212928136318,931.3341572113877,941.0745239257812,17930805.0,1687.4223778981018
2023-08-17,ICICIBANK,941.5173104722998,942.353578529597,931.1866436309263,936.3027954101562,27077611.0,2535.2842872328797
2023-08-18,ICICIBANK,932.6132578915899,939.5987322998694,930.7438751368339,935.3189086914062,13257508.0,1239.9997914527587
2023-08-21,ICICIBANK,935.368103582327,943.8293876376395,933.1052076187755,939.7955322265625,13358017.0,1255.380469600647
2023-08-22,ICICIBANK,940.9762212582668,941.5173394326239,933.9906864820573,936.6471557617188,16872719.0,1580.3784261316712
2023-08-23,ICICIBANK,938.6148847885249,952.4382890585223,934.5317876320523,951.2576293945312,14707331.0,1399.04608217807
2023-08-24,ICICIBANK,956.8165287761593,966.5568958657866,951.159258811673,953.3237915039062,28389740.0,2706.4614576610106
2023-08-25,ICICIBANK,947.4205610479281,956.9148999052287,944.7149101731643,954.7504272460938,10275758.0,981.0784340777466
2023-08-28,ICICIBANK,954.3077104234818,959.2762574905711,949.4867082885748,954.8980102539062,10481574.0,1000.8834156929078
2023-08-29,ICICIBANK,957.6036107629861,961.4899212525077,950.0770180929742,952.1431274414062,13209913.0,1257.772787704889
2023-08-30,ICICIBANK,954.7996350612804,960.1617553156957,939.992357332752,943.4359130859375,13936165.0,1314.7878551691283
2023-08-31,ICICIBANK,944.5181103324641,950.6181351385301,938.6640537842972,943.2882690429688,36675400.0,3459.5474582458496
2023-09-01,ICICIBANK,941.4681300358887,957.3576435007852,937.4342145669208,953.0778198242188,16268147.0,1550.4810075339906
2023-09-04,ICICIBANK,953.0778374045047,953.4221689523384,945.0592480110233,951.7495727539062,9512956.0,905.3951808626709
2023-09-05,ICICIBANK,948.551951794262,954.3568266156637,946.7318107329097,952.7826538085938,16623486.0,1583.8569106630005
2023-09-06,ICICIBANK,947.027018710753,953.8649486093547,935.466510050454,942.0584716796875,30802100.0,2901.73792505249
2023-09-07,ICICIBANK,941.9600737763301,953.8649135559165,939.3036045546078,950.0770263671875,13462347.0,1279.0266605683228
2023-09-08,ICICIBANK,951.8972093560283,959.2762574905711,945.7480025772426,954.8980102539062,13086915.0,1249.6669093862
2023-09-11,ICICIBANK,959.2270468470958,966.1633398736982,953.7173217093658,962.4738159179688,7894110.0,759.7874174976197
2023-09-12,ICICIBANK,974.1326718812546,979.1012787688176,966.802865781473,974.5262451171875,20959591.0,2042.5671516421996
2023-09-13,ICICIBANK,973.8375244140625,978.8060712632008,964.7366987806778,973.8375244140625,21997553.0,2142.2042556687134
2023-09-14,ICICIBANK,976.2972153487822,976.887575209195,966.4093032080317,971.7714233398438,11464188.0,1114.0570290195556
2023-09-15,ICICIBANK,974.3786547753372,981.4133711300916,972.6568769312493,976.44482421875,13307980.0,1299.450819180664
2023-09-18,ICICIBANK,974.132716797775,980.1835602868862,971.3778841717555,974.2311401367188,16713222.0,1628.2541324418091
2023-09-20,ICICIBANK,965.7205606456862,979.9375379402288,964.8351109491382,971.2302856445312,25741856.0,2500.1270155900393
2023-09-21,ICICIBANK,964.1464092816628,966.6552735540002,942.0092656124872,943.8294067382812,19742813.0,1863.3847481134826
2023-09-22,ICICIBANK,941.0745118327471,945.403576994813,932.1212916735981,934.9744873046875,12701888.0,1187.5941220601562
2023-09-25,ICICIBANK,934.9745211428321,945.6987611069428,926.3164505561931,940.9269409179688,8997098.0,846.5611898279175
2023-09-26,ICICIBANK,943.4850278666348,943.4850278666348,931.8260967551563,933.4003295898438,10521409.0,982.0686628349548
2023-09-27,ICICIBANK,931.0390306872603,931.2358173022473,919.3309777310822,927.890625,15152973.0,1406.0301587578124
2023-09-28,ICICIBANK,930.2519374097601,931.973715189207,919.6753024788718,927.398681640625,25991282.0,2410.4280660949707
2023-09-29,ICICIBANK,931.4326152919225,940.5826225175415,928.4809961836039,936.5487670898438,10447334.0,978.4437777075806
2023-10-03,ICICIBANK,936.2535565130627,936.2535565130627,923.8567802867412,925.1358032226562,11131636.0,1029.8275012042236
2023-10-04,ICICIBANK,919.9212698646451,920.4132063725941,910.0825397056649,915.0510864257812,17334739.0,1586.217175485736
2023-10-05,ICICIBANK,920.1180941808709,928.7269834227375,919.4785526739939,925.6769409179688,10478856.0,970.0035366399902
2023-10-06,ICICIBANK,930.743934599139,931.2850527835039,922.8729499513662,929.9568481445312,6355755.0,591.0577887378845
2023-10-09,ICICIBANK,925.0866714522842,926.8576310013959,921.2003607425811,923.4632568359375,6725306.0,621.0572981978271
2023-10-10,ICICIBANK,925.2342295793238,942.0584345201288,925.184987886715,935.8600463867188,11452715.0,1071.813839115387
2023-10-11,ICICIBANK,939.5003896293223,946.5350458326664,935.4172924942318,937.7293701171875,12233117.0,1147.1353098979857
2023-10-12,ICICIBANK,937.4833935799946,944.6164730548359,933.105206632664,938.86083984375,7836818.0,735.7681529182618
2023-10-13,ICICIBANK,934.6302304407079,941.9600967877449,929.317291867472,935.9584350585938,6650442.0,622.4537286767944
2023-10-16,ICICIBANK,933.2036287753874,939.4511988960326,930.8915510270158,936.056884765625,5763024.0,539.4518292269531
2023-10-17,ICICIBANK,939.9923501245347,945.4528336239722,936.1552211514996,938.5165405273438,7747527.0,727.118223768219
2023-10-18,ICICIBANK,933.892271271344,935.3188991432158,923.9551178593193,928.5301513671875,12000153.0,1114.250388151941
2023-10-19,ICICIBANK,920.9051479428266,929.7600051345846,918.9374019002138,920.6591796875,8612676.0,792.9339221074218
2023-10-20,ICICIBANK,916.9696757843909,924.8406601258879,915.0019296990167,917.7075805664062,6586576.0,604.4550725176758
2023-10-23,ICICIBANK,926.8084170823352,929.5632496240031,910.4761484024964,914.9527587890625,11856890.0,1084.8494216158447
2023-10-25,ICICIBANK,911.1155983660612,918.7406142727789,896.7018946503207,901.3260498046875,12593434.0,1135.0790120696045
2023-10-26,ICICIBANK,899.5551235944749,901.8180196143733,884.5018778394127,893.9962768554688,21693345.0,1939.37696625412
2023-10-27,ICICIBANK,901.227738868632,903.3430900053108,896.6035233948352,898.0301513671875,8645505.0,776.3924163795776
2023-10-30,ICICIBANK,894.4389499383923,911.3615781096987,893.553500239537,909.9841918945312,7687791.0,699.576828058905
2023-10-31,ICICIBANK,914.3132372166475,915.9858334554681,899.3583544561848,900.5881958007812,17211107.0,1550.0119800864197
2023-11-01,ICICIBANK,899.0631748056227,902.8018803593627,894.63574611152,899.3091430664062,12927203.0,1162.5551852175477
2023-11-02,ICICIBANK,905.2123769553756,909.8857738877014,898.0792974270889,905.114013671875,9747311.0,882.2427781718018
2023-11-03,ICICIBANK,913.5753279987291,919.4293847809116,911.8535501246075,918.7406616210938,7146961.0,656.6203677720154
2023-11-06,ICICIBANK,925.8245725876783,932.4657159085782,922.2826535035373,930.2028198242188,10338367.0,961.6778135777649
2023-11-07,ICICIBANK,928.3825689148798,935.122135214151,915.4446745754223,932.8099975585938,15704942.0,1464.9726908677856
2023-11-08,ICICIBANK,933.1543790682605,933.1543790682605,919.035765182007,920.6591796875,17606074.0,1620.919364635742
2023-11-09,ICICIBANK,918.9373868552664,927.1527024283356,917.953513850068,922.2333374023438,9406117.0,867.4634672906922
2023-11-10,ICICIBANK,919.8229744492044,926.2673311686412,917.3632917279805,923.4632568359375,9560455.0,882.8728911133422
2023-11-13,ICICIBANK,925.7261812013599,925.7261812013599,916.9696869940611,919.3801879882812,11470096.0,1054.5379016723632
2023-11-15,ICICIBANK,929.169741735814,929.169741735814,923.6108349273643,925.9229125976562,19492138.0,1804.8217189715454
2023-11-16,ICICIBANK,923.8567704420823,930.9406682319986,918.9374053172576,920.9051513671875,19706373.0,1814.7700410463258
2023-11-17,ICICIBANK,911.6075526979567,923.2664842460193,905.3108012759441,906.9833374023438,10956653.0,993.7501704699401
2023-11-20,ICICIBANK,907.1309619231906,911.8043589612981,902.7035331502466,906.58984375,10562301.0,957.5674813230469
2023-11-21,ICICIBANK,909.4922588007951,913.0833593528811,907.1309394932731,911.164794921875,8989572.0,819.0981527815429
2023-11-22,ICICIBANK,908.3607719626023,910.2793363749666,899.9978512350831,907.8688354492188,12197979.0,1107.4164989564026
2023-11-23,ICICIBANK,908.1148071289062,910.4268847301861,903.6873784917665,908.1148071289062,5534614.0,502.6064925142944
2023-11-24,ICICIBANK,906.639000110985,915.3954941269687,905.3599771779697,914.41162109375,7452002.0,681.4197229213867
2023-11-28,ICICIBANK,913.9197163754527,916.0350074399643,906.8358182796372,910.5745239257812,14231987.0,1295.9284787042907
2023-11-29,ICICIBANK,915.8874351292822,925.9228920765872,911.0664332225615,924.4470825195312,11680078.0,1079.761403070056
2023-11-30,ICICIBANK,923.8076235957443,925.6769463830785,913.2309881790077,919.8721313476562,23950292.0,2203.120614843872
2023-12-01,ICICIBANK,920.8559820278334,936.6471322793062,917.9535445552444,931.4326171875,16986046.0,1582.1357281447265
2023-12-04,ICICIBANK,948.1584573156929,978.8060663731462,945.8955613418391,975.2149658203125,33131257.0,3231.009766283899
2023-12-05,ICICIBANK,986.3327183845934,999.3690361088786,979.002852257751,997.1061401367188,31378461.0,3128.7656131140566
2023-12-06,ICICIBANK,997.6472527517989,999.8609670700351,984.1189985847997,987.0706176757812,18786590.0,1854.3690995321656
2023-12-07,ICICIBANK,980.2818725979603,986.037565872625,972.2141617664823,982.88916015625,11841945.0,1163.9319375666505
2023-12-08,ICICIBANK,978.4617345457,996.5157807404588,977.2318932503937,994.5480346679688,16116363.0,1602.849714764557
2023-12-11,ICICIBANK,990.8585350218602,1003.5505215202488,988.4480940647678,1000.697265625,11714606.0,1172.2774192074219
2023-12-12,ICICIBANK,1000.6972715159467,1004.5344004940981,992.3343504540468,999.3198852539062,12380856.0,1237.2435597265137
2023-12-13,ICICIBANK,998.43433885667,1004.2392137541405,992.9246739088817,997.5488891601562,15887040.0,1584.809910404297
2023-12-14,ICICIBANK,1005.7642308631628,1023.2279775961745,1004.7803578077819,1016.9804077148438,16317672.0,1659.475272351709
2023-12-15,ICICIBANK,1026.8191898149773,1026.8683114091973,1009.1585955233128,1020.6699829101562,14306067.0,1460.1773160401551
2023-12-18,ICICIBANK,1013.3400340079713,1013.3400340079713,1001.5827987043302,1004.9771728515625,8592711.0,863.5478407910523
2023-12-19,ICICIBANK,1008.9618258446333,1008.9618258446333,996.2698393148889,999.0739135742188,10094256.0,1008.490784654004
2023-12-20,ICICIBANK,1005.5181978922636,1005.5181978922636,985.8407380509277,990.415771484375,16490281.0,1633.223437860913
2023-12-21,ICICIBANK,980.4786481484716,994.5972620458951,973.2472054564856,988.2020874023438,18064916.0,1785.1787699947997
2023-12-22,ICICIBANK,986.775479446596,993.2690175032114,975.6084843898132,978.2649536132812,20881976.0,2042.8105282993652
2023-12-26,ICICIBANK,978.8552753930608,981.4133211823217,973.9359103746029,979.052001953125,14339699.0,1403.9311013355225
2023-12-27,ICICIBANK,981.856149768816,988.6940796680807,976.002092947119,986.0867919921875,12996468.0,1281.5645437349121
2023-12-28,ICICIBANK,991.7440268494004,995.3843691168538,982.9875327507294,989.6779174804688,24915990.0,2465.8805095164184
2023-12-29,ICICIBANK,987.8577595641297,992.2851884492294,977.6746971487394,980.5278930664062,12280140.0,1204.1019800760498
2024-01-01,ICICIBANK,975.5592756483813,988.6447747328209,975.0181575005023,983.28271484375,7683792.0,755.5339858054688
2024-01-02,ICICIBANK,980.9213672695223,981.5609087309073,964.4414947501999,966.4092407226562,16263825.0,1571.7510769496155
2024-01-03,ICICIBANK,968.8198393775264,972.06660854976,959.3746217254817,968.1802978515625,16826752.0,1629.1329763234376
2024-01-04,ICICIBANK,970.4923808719859,973.1980317046522,966.0649522367138,971.2302856445312,22789140.0,2213.350295179321
2024-01-05,ICICIBANK,972.0665334175308,982.2004134055409,967.9342547673281,977.6746215820312,14875499.0,1454.3397855668884
2024-01-08,ICICIBANK,977.9697448357546,982.1020233733977,964.4906729621558,966.1632690429688,8393164.0,810.916676785376
2024-01-09,ICICIBANK,970.3447595485834,978.9536484165683,959.6697613726194,963.9495849609375,14660414.0,1413.1899990655518
2024-01-10,ICICIBANK,958.5874760008375,978.9044779822007,958.5874760008375,977.0350952148438,9409181.0,919.3100054228698
2024-01-11,ICICIBANK,979.2488085023233,982.3972141884088,970.9350694416869,975.165771484375,6451345.0,629.1130824036866
2024-01-12,ICICIBANK,978.7568819517846,992.432741141072,975.7560812090544,987.3165893554688,12255743.0,1210.029837877716
2024-01-15,ICICIBANK,987.3165782754367,995.3351674307465,983.1351179289786,993.5641479492188,12388044.0,1230.831638161743
2024-01-16,ICICIBANK,989.8746620709588,999.4182427672283,988.3988524803248,992.777099609375,11505126.0,1142.202562092041
2024-01-17,ICICIBANK,971.9682016234104,991.5472391168444,960.9979931914172,965.9173583984375,41914771.0,4048.6204882195434
2024-01-18,ICICIBANK,958.2431259931632,978.2649176405237,954.5044205813539,970.443115234375,17902484.0,1737.3342343393554
2024-01-19,ICICIBANK,975.3133165907817,994.5972638899035,971.6237927511231,983.0859375,23271148.0,2287.753834828125
2024-01-23,ICICIBANK,1042.0199023424595,1042.3151122922168,1004.7311505255955,1012.45458984375,50797448.0,5143.010937994922
2024-01-24,ICICIBANK,1012.8480364224022,1019.2432110778104,980.5770732992008,983.0859375,34578943.0,3399.407259691406
2024-01-25,ICICIBANK,982.2988759526587,998.7295078271164,972.214177202352,993.66259765625,28315035.0,2813.5591230827636
2024-01-29,ICICIBANK,1003.5505249659846,1015.3570017302902,993.7117943290631,1000.0086059570312,14078922.0,1407.904316259778
2024-01-30,ICICIBANK,998.5819848189448,1007.338419115052,991.7440549694523,1000.5005493164062,16085742.0,1609.3793707161988
2024-01-31,ICICIBANK,1000.4020967435955,1022.2440902784828,987.070629039353,1011.569091796875,25627447.0,2592.393328686255
2024-02-01,ICICIBANK,1017.2754419939521,1017.2754419939521,1000.9924158779978,1008.617431640625,13058880.0,1317.1414005703125
2024-02-02,ICICIBANK,1020.3746743205556,1033.0666601657867,1005.1738843616477,1007.4859619140625,14774650.0,1488.5252467193604
2024-02-05,ICICIBANK,1006.0102065272255,1009.8964570838909,995.7779026556566,1006.9940795898438,12948430.0,1303.899234998352
2024-02-06,ICICIBANK,1007.0432159063025,1018.2102106949073,1000.3037097510473,1009.8472900390625,12886927.0,1301.3828307881226
2024-02-07,ICICIBANK,1011.4215270569979,1014.9143245344969,996.6634308450767,1005.6658935546875,16410895.0,1650.3877384207153
2024-02-08,ICICIBANK,1007.5844138284667,1011.6675111981591,969.3609680602832,973.3456420898438,20565502.0,2001.7341749089967
2024-02-09,ICICIBANK,972.9028503266528,997.401313514954,969.6068995994941,994.4005126953125,12799837.0,1272.816447521643
2024-02-12,ICICIBANK,994.1053827736114,995.8763423051639,969.3609508231015,980.0359497070312,8050066.0,788.9354077514282
2024-02-13,ICICIBANK,989.7762629977263,1010.4868382114652,984.1681747459204,1003.3536987304688,18706292.0,1876.9027267732179
2024-02-14,ICICIBANK,993.2690157159769,1018.997259686499,991.3012696355923,1006.2069702148438,17878720.0,1798.969268251953
2024-02-15,ICICIBANK,1006.3545426117516,1010.0933083072188,990.3666052721892,1000.2545776367188,10069878.0,1007.2441565743286
2024-02-16,ICICIBANK,1006.6989262673613,1009.650485394361,1000.5005380040549,1006.7481079101562,7159395.0,720.7707370031433
2024-02-19,ICICIBANK,1006.8464465307476,1029.1311947979043,1006.8464465307476,1026.91748046875,9388255.0,964.0963170598145
2024-02-20,ICICIBANK,1024.2611392299666,1035.6740431744663,1016.5868810060339,1031.8369140625,11293528.0,1165.3079080398438
2024-02-21,ICICIBANK,1039.7571099701715,1046.8409480440782,1031.0989789005582,1034.9852294921875,15946325.0,1650.4210839682007
2024-02-22,ICICIBANK,1038.969987954932,1048.808718901475,1023.5232284095382,1045.5618896484375,13432573.0,1404.4586408720581
2024-02-23,ICICIBANK,1052.7440951810236,1052.7440951810236,1040.5932878224016,1044.1844482421875,13142759.0,1372.3464554795044
2024-02-26,ICICIBANK,1036.116738219057,1045.1684428055735,1033.5586921778424,1037.198974609375,7875941.0,816.8917929283936
2024-02-27,ICICIBANK,1033.8044994690943,1049.0052884655845,1029.6230394426907,1043.10205078125,10580973.0,1103.7034635561035
2024-02-28,ICICIBANK,1045.8569952406344,1047.6771362637548,1025.3432672847086,1029.327880859375,7730332.0,795.7046255899414
2024-02-29,ICICIBANK,1026.22885861961,1043.5941223069317,1021.7521880889905,1035.231201171875,20944844.0,2168.275601247754
2024-03-01,ICICIBANK,1037.986009477885,1072.3723226042753,1037.0021364831193,1069.37158203125,14909562.0,1594.3861903333009
2024-03-04,ICICIBANK,1063.5667080999103,1077.3409300364494,1062.6811983836533,1074.733642578125,11424581.0,1227.838155305884
2024-03-05,ICICIBANK,1068.682790650156,1081.768349420518,1059.139270715041,1070.5030517578125,9222544.0,987.2761496970703
2024-03-06,ICICIBANK,1062.878109231162,1095.5918883060335,1062.878109231162,1079.4071044921875,21796484.0,2352.7279682550293
2024-03-07,ICICIBANK,1077.2917746056637,1077.3410163000535,1065.2393294461426,1070.4046630859375,9963926.0,1066.5432853043212
2024-03-11,ICICIBANK,1070.4046589090813,1070.4046589090813,1059.3853285611954,1061.3038330078125,13310362.0,1412.6338209321534
2024-03-12,ICICIBANK,1059.6804892440682,1077.1442354316735,1038.625582496139,1059.483642578125,21785435.0,2308.1312028948973
2024-03-13,ICICIBANK,1059.77885170946,1072.0772645081547,1055.8433596138777,1066.4691162109375,24855870.0,2650.8017711553957
2024-03-14,ICICIBANK,1062.5828370894137,1079.4070413229927,1057.7127137934276,1066.124755859375,14231421.0,1517.2470239156983
2024-03-15,ICICIBANK,1054.711808860948,1068.7319984843327,1052.744062948894,1062.9271240234375,66192734.0,7035.805238186841
2024-03-18,ICICIBANK,1057.7127049329833,1067.3054665763489,1042.9546100970365,1063.763427734375,8769440.0,932.8609553710937
2024-03-19,ICICIBANK,1061.0578145795118,1071.1917547663113,1057.9094689437209,1066.4691162109375,16708715.0,1781.9328519070434
2024-03-20,ICICIBANK,1062.582825466805,1072.4215553322383,1050.2844131350132,1067.01025390625,18725251.0,1998.0034823968263
2024-03-21,ICICIBANK,1074.3893386064215,1082.2603227720363,1061.7465943107402,1064.3538818359375,19992607.0,2127.9208868470337
2024-03-22,ICICIBANK,1063.7143347625467,1076.061869046459,1061.303773813482,1072.716796875,17214415.0,1846.6192118876952
2024-03-26,ICICIBANK,1063.5667354159368,1071.585324555275,1059.58200164128,1066.22314453125,13367635.0,1425.2881824645997
2024-03-27,ICICIBANK,1066.223219242338,1074.8813504721743,1062.1402420015347,1066.2724609375,26907245.0,2869.0454343198244
2024-03-28,ICICIBANK,1067.5022626495677,1087.2289654055658,1067.5022626495677,1075.66845703125,22070566.0,2374.0611675026366
2024-04-01,ICICIBANK,1078.3740966909645,1085.162724605495,1076.7998037410023,1081.916015625,10848191.0,1173.6831583458984
2024-04-02,ICICIBANK,1076.7997448394613,1076.7997448394613,1061.844923446375,1063.763427734375,14380396.0,1529.7339341137695
2024-04-03,ICICIBANK,1057.663530257279,1066.1740561722456,1054.9578793659232,1059.8280029296875,15477184.0,1640.3153009695313
2024-04-04,ICICIBANK,1067.2562910312008,1068.2894057744195,1046.2997470246664,1061.451416015625,21419689.0,2273.5959219664305
2024-04-05,ICICIBANK,1052.7441775200211,1068.4861465296663,1050.235253168432,1065.9281005859375,15340637.0,1635.2016059188354
2024-04-08,ICICIBANK,1060.9594232885527,1074.1433454810406,1058.9425557038237,1069.6175537109375,8023461.0,858.2034727115113
2024-04-09,ICICIBANK,1074.3401972621416,1097.264488826385,1070.749156482513,1089.19677734375,12298463.0,1339.5446265881349
2024-04-10,ICICIBANK,1093.0337202336968,1098.5435054120717,1087.3273285870816,1091.5087890625,10598000.0,1156.7810146484376
2024-04-12,ICICIBANK,1085.703967727192,1093.9192841060571,1078.1281928847723,1086.5894775390625,12216657.0,1327.4490946903932
2024-04-15,ICICIBANK,1082.4570746408115,1088.3111913118553,1059.2376948297706,1060.95947265625,10526597.0,1116.8292801984862
2024-04-16,ICICIBANK,1053.2852301148173,1057.2698434841036,1045.5617314093265,1049.8416748046875,11278092.0,1184.0210993881349
2024-04-18,ICICIBANK,1056.6796031480021,1060.664336843005,1033.5093459321554,1038.4287109375,16564216.0,1720.0757468570312
2024-04-19,ICICIBANK,1035.9690203029174,1054.7118488668307,1031.1972603055262,1050.0384521484375,11284433.0,1184.9088560692749
2024-04-22,ICICIBANK,1061.4022313877736,1071.1424779233496,1053.0884325476727,1069.1256103515625,10346714.0,1106.1936920383057
2024-04-23,ICICIBANK,1082.2603648639933,1082.2603648639933,1065.239312903183,1072.6676025390625,9848215.0,1056.3861173339233
2024-04-24,ICICIBANK,1074.6353155118281,1080.686158658188,1071.4377281688085,1079.062744140625,5461309.0,589.3095076139892
2024-04-25,ICICIBANK,1072.4215900322672,1107.4966871577883,1072.3723483406734,1095.78857421875,19905338.0,2181.2041946362306
2024-04-26,ICICIBANK,1094.2144193811591,1101.9377986819404,1084.9659888361693,1090.032958984375,14190059.0,1546.7631999932862
2024-04-29,ICICIBANK,1090.1313056288498,1144.6870165205935,1090.032942347235,1141.4403076171875,28578063.0,3262.015302182336
2024-04-30,ICICIBANK,1141.2434493596547,1150.6887263324581,1128.2563736745785,1131.8475341796875,29568491.0,3346.7023627764283
2024-05-02,ICICIBANK,1124.5668940413143,1136.8653071432534,1114.9741318218018,1121.0740966796875,25118334.0,2815.951359914868
2024-05-03,ICICIBANK,1122.8942974020772,1138.734628603609,1117.1385442991193,1123.6322021484375,19933604.0,2239.8039359274903
2024-05-06,ICICIBANK,1123.1403237344898,1139.767682131019,1119.7458896646774,1127.813720703125,14970524.0,1688.396237331543
2024-05-07,ICICIBANK,1129.4369636309043,1134.1596020771042,1108.1362092373274,1113.6458740234375,15097728.0,1681.3522494328124
2024-05-08,ICICIBANK,1108.3822015675178,1113.7442614996105,1098.0515348309932,1104.889404296875,19913090.0,2200.176214781006
2024-05-09,ICICIBANK,1102.4790338657724,1110.6451084134283,1092.0991247743116,1097.7071533203125,12229853.0,1342.4797122155883
2024-05-10,ICICIBANK,1099.9700317150034,1110.6942716080541,1094.1160353113987,1099.035400390625,8573656.0,942.2751454771484
2024-05-13,ICICIBANK,1094.4604418124766,1112.4161255815404,1088.8522931770124,1109.808837890625,9707983.0,1077.4005331491944
2024-05-14,ICICIBANK,1107.7427007496667,1109.7104468669584,1100.5112577889583,1102.47900390625,8944262.0,986.0861060436523
2024-05-15,ICICIBANK,1104.003936981434,1109.612085486358,1095.5426526828924,1106.2176513671875,10743423.0,1188.4564158704225
2024-05-16,ICICIBANK,1114.7280745625576,1118.220871645328,1094.8538886172073,1112.8095703125,14265565.0,1587.485725791504
2024-05-17,ICICIBANK,1112.8096108108375,1125.5507181902365,1102.528065843281,1112.2684326171875,8641784.0,961.198354469629
2024-05-21,ICICIBANK,1104.1022778238569,1115.5153011731006,1098.2482812745363,1102.8724365234375,10452900.0,1152.821529173584
2024-05-22,ICICIBANK,1106.857133236162,1107.742642963088,1080.3909253188892,1093.1812744140625,17527411.0,1916.0637494159057
2024-05-23,ICICIBANK,1097.5596331640875,1118.6636621265907,1093.4765359706398,1116.2039794921875,13787687.0,1538.98710973927
2024-05-24,ICICIBANK,1111.7764420624583,1116.6958068503454,1106.0208092809664,1113.6949462890625,6312670.0,703.0388676590576
2024-05-27,ICICIBANK,1113.6459433951586,1129.2895491082788,1103.4628812192523,1111.579833984375,11599857.0,1289.416711830249
2024-05-28,ICICIBANK,1114.2361779831701,1116.8925870555686,1106.8571304468578,1108.775634765625,9311718.0,1032.4606036208495
2024-05-29,ICICIBANK,1097.067741329381,1105.4306626270395,1080.7845935856149,1084.2281494140625,19268547.0,2089.1501055707886
2024-05-30,ICICIBANK,1079.308747806472,1102.9217012680538,1079.2103845207203,1095.7393798828125,15255387.0,1671.592829125232
2024-05-31,ICICIBANK,1099.970086377496,1112.366862972861,1093.328943190512,1102.970947265625,26197718.0,2889.5321838657715
2024-06-03,ICICIBANK,1151.1314549939386,1154.0830741093077,1117.974981638635,1141.292724609375,25699977.0,2933.119677272827
2024-06-04,ICICIBANK,1139.2266772303517,1140.70248686833,1036.5595441020037,1054.1707763671875,43476837.0,4583.201101427966
2024-06-05,ICICIBANK,1067.5022525173526,1105.1353964425034,1034.0998107211954,1090.7708740234375,42172104.0,4600.01027394873
2024-06-06,ICICIBANK,1099.9699641517404,1099.9699641517404,1078.9150588855664,1092.4925537109375,18574162.0,2029.2133676420654
2024-06-07,ICICIBANK,1092.4926581643756,1110.104009770429,1085.8022733872265,1103.6103515625,17197635.0,1897.9488008393555
2024-06-10,ICICIBANK,1098.0022563128857,1114.9248236920885,1097.1167466019742,1105.676513671875,10851455.0,1199.8198932667237
2024-06-11,ICICIBANK,1101.691799247928,1110.8418662508757,1093.0829104393374,1100.166748046875,12250002.0,1347.7044863907715
2024-06-12,ICICIBANK,1102.9216850641683,1115.1217348604168,1094.0668276461688,1101.4951171875,16096514.0,1773.0231574740235
2024-06-13,ICICIBANK,1104.1023123749185,1105.0861854460427,1087.1797435922592,1089.4918212890625,12494254.0,1361.2387546108155
2024-06-14,ICICIBANK,1096.0345294527124,1096.0345294527124,1081.719129164698,1087.8192138671875,11377979.0,1237.7184171177369
2024-06-18,ICICIBANK,1095.9853271941342,1116.7451444635597,1083.4409459075023,1104.7418212890625,18306176.0,2022.3598215078125
2024-06-19,ICICIBANK,1109.75950368303,1146.75322461017,1107.9886043418487,1125.993408203125,34309514.0,3863.228660265283
2024-06-20,ICICIBANK,1135.4387582520144,1141.2927549457575,1117.1878648628515,1138.1444091796875,15475933.0,1761.384662078943
2024-06-21,ICICIBANK,1144.7856018547059,1151.0331720647125,1132.0936147522461,1139.964599609375,69259425.0,7895.329268930053
2024-06-24,ICICIBANK,1136.0290674652065,1156.6904019928488,1134.0613213197169,1151.2298583984375,12210295.0,1405.685618385315
2024-06-25,ICICIBANK,1151.3775003551193,1186.550963835312,1148.819454304172,1178.6307373046875,27309845.0,3218.8222748026733
2024-06-26,ICICIBANK,1182.6154524579229,1203.1291823342124,1174.59686276576,1198.357421875,25403461.0,3044.242603066211
2024-06-27,ICICIBANK,1208.5404862113423,1215.0832662808862,1189.600929226802,1200.226806640625,20516632.0,2462.4611708380858
2024-06-28,ICICIBANK,1207.2121725758393,1207.2121725758393,1177.0564410661386,1180.2540283203125,12507092.0,1476.1545715572754
2024-07-01,ICICIBANK,1180.25407382428,1195.7500741919466,1172.8259044392062,1192.3065185546875,8636894.0,1029.782501626587
2024-07-02,ICICIBANK,1197.37356592243,1197.37356592243,1166.430804884834,1171.3992919921875,16153925.0,1892.2696307894898
2024-07-03,ICICIBANK,1177.54840489326,1196.24199235147,1160.428990253299,1182.2218017578125,22330897.0,2640.007328620813
2024-07-04,ICICIBANK,1209.179986290108,1215.033982934888,1194.7171004020095,1213.115478515625,15275791.0,1853.1298508669677
2024-07-05,ICICIBANK,1205.2444756355717,1222.5606171427328,1201.1613784936928,1213.509033203125,9535575.0,1157.1506399285888
2024-07-08,ICICIBANK,1209.0816030717467,1219.5106332770943,1197.2751265898385,1215.1324462890625,6617190.0,804.0762272259522
2024-07-09,ICICIBANK,1215.0339475267522,1230.038011199292,1209.4751610015549,1228.1195068359375,13366874.0,1641.6118704818116
2024-07-10,ICICIBANK,1232.5470372074883,1232.5470372074883,1216.4114942007566,1223.1510009765625,18226503.0,2229.3765388752317
2024-07-11,ICICIBANK,1226.2501602309792,1237.5155787915146,1205.2937361837155,1218.4775390625,11307116.0,1377.7466877574218
2024-07-12,ICICIBANK,1215.9687089511149,1232.6945505595163,1210.2621973028672,1213.01708984375,12208290.0,1480.8864407768556
2024-07-15,ICICIBANK,1213.213848187686,1218.4775450466864,1204.309869041595,1210.1146240234375,15612671.0,1889.3121497166626
2024-07-16,ICICIBANK,1210.1638079399554,1224.9219031587354,1209.1799349253702,1219.9041748046875,12320605.0,1502.9957475619508
2024-07-18,ICICIBANK,1214.984806208363,1236.187197550179,1211.8363405098085,1230.136474609375,10999632.0,1353.1048530480468
2024-07-19,ICICIBANK,1223.9381496090357,1230.333324828054,1220.2486254442174,1228.51318359375,7958817.0,977.7511610310058
2024-07-22,ICICIBANK,1220.002555200142,1225.2171302912695,1213.0170807189304,1221.134033203125,9958965.0,1216.123109697876
2024-07-23,ICICIBANK,1221.1341050565184,1228.5131532036169,1192.9461171142627,1206.96630859375,19369832.0,2337.8734627121094
2024-07-24,ICICIBANK,1205.2444794873966,1213.7550053424823,1182.6646411572679,1203.2767333984375,20122521.0,2421.296133662146
2024-07-25,ICICIBANK,1186.0589540798987,1198.6033353860112,1171.3992217096722,1178.58154296875,14154461.0,1668.2186485270995
2024-07-26,ICICIBANK,1170.808877642708,1200.3250678353813,1166.824143926023,1187.7314453125,19309265.0,2293.422122637207
2024-07-29,ICICIBANK,1195.5532610278044,1222.708130922957,1184.7306583803272,1193.1427001953125,28458261.0,3395.4766372402955
2024-07-30,ICICIBANK,1193.4379877337221,1211.0000973333736,1184.976703679443,1189.9451904296875,23972277.0,2852.569571979822
2024-07-31,ICICIBANK,1199.341350948273,1204.9002581785046,1191.4703658723204,1195.3074951171875,22297629.0,2665.2523067042357
2024-08-01,ICICIBANK,1192.946036063854,1202.9323712314479,1187.4363711753606,1190.584716796875,8725046.0,1038.7906420949707
2024-08-02,ICICIBANK,1177.69611282763,1182.271146810082,1170.9073643473816,1177.25341796875,10735395.0,1263.8280456994628
2024-08-05,ICICIBANK,1162.937883324056,1169.7266310287719,1148.1797883580148,1153.689453125,14306771.0,1650.557081097461
2024-08-06,ICICIBANK,1156.0508158159441,1168.5459553164283,1142.768529846995,1148.0322265625,13575619.0,1558.524810753418
2024-08-07,ICICIBANK,1159.9371674712932,1160.7735557051485,1142.8669928495083,1153.5419921875,15753644.0,1817.2489883972655
2024-08-08,ICICIBANK,1148.13068131111,1155.4606080648502,1140.210574811538,1145.818603515625,10806438.0,1238.2217698138184
2024-08-09,ICICIBANK,1157.5758097480823,1161.9047548052447,1150.1475206629223,1152.70556640625,8687307.0,1001.390713597998
2024-08-12,ICICIBANK,1162.0336803927066,1169.228167312303,1147.1485350418181,1163.8199462890625,10860455.0,1263.961415477478
2024-08-13,ICICIBANK,1174.1402001247322,1180.143923785119,1154.6903013699869,1159.4039306640625,13117927.0,1520.8976125964234
2024-08-14,ICICIBANK,1158.0642597488902,1161.090954297597,1144.1714580038308,1152.7552490234375,13431801.0,1548.3579106588256
2024-08-16,ICICIBANK,1161.0412636212889,1183.8651517095705,1156.7245959708455,1178.1591796875,10961370.0,1291.4238687451173
2024-08-19,ICICIBANK,1181.8804727263328,1186.5941018157116,1164.3160506791048,1166.8961181640625,6686394.0,780.2327203115478
2024-08-20,ICICIBANK,1165.2091443736933,1180.6897926432184,1161.041352076898,1170.4189453125,10427061.0,1220.4029738329102
2024-08-21,ICICIBANK,1167.9876876109618,1169.625077755297,1156.178781920312,1165.8541259765625,17234142.0,2009.2495558365968
2024-08-22,ICICIBANK,1172.9494391539793,1183.468250844818,1167.5907626667606,1181.979736328125,8564142.0,1012.2642303036621
2024-08-23,ICICIBANK,1183.8651886303296,1195.7733045260243,1179.449310773257,1194.2847900390625,7518309.0,897.9002085513794
2024-08-26,ICICIBANK,1196.3191076607097,1205.647034605679,1191.8535643266057,1204.009765625,10920226.0,1314.8058746832032
2024-08-27,ICICIBANK,1204.0098351320562,1223.0627726699063,1199.6435016150756,1216.9598388671875,16295325.0,1983.0756086288452
2024-08-28,ICICIBANK,1213.2882407138438,1217.009527109644,1207.9792296829603,1214.47900390625,12291305.0,1492.753185310791
2024-08-29,ICICIBANK,1209.6164607584685,1225.5436144859966,1207.681440347739,1212.5439453125,10806748.0,1310.3656855917968
2024-08-30,ICICIBANK,1220.5818867193016,1226.0894388087463,1209.5669036760319,1219.7879638671875,21211148.0,2587.3103030205566
2024-09-02,ICICIBANK,1229.5129791826912,1229.7113993287953,1213.1393196536237,1220.5322265625,12516759.0,1527.710773161621
2024-09-03,ICICIBANK,1217.8033299887798,1241.371477184039,1211.055469999512,1238.1463623046875,19114907.0,2366.7052567842406
2024-09-04,ICICIBANK,1230.3565014424944,1234.176997942738,1223.3605556490777,1226.88330078125,13505843.0,1657.009323967334
2024-09-05,ICICIBANK,1228.5206798050983,1235.3182053814185,1221.8720299114532,1226.486328125,9142811.0,1121.353269213086
2024-09-06,ICICIBANK,1216.5628019074484,1224.4520011114125,1195.7732653744783,1198.899169921875,10170479.0,1219.3378830807862
2024-09-09,ICICIBANK,1193.6893937018356,1228.8183593866072,1191.2580807218426,1225.5435791015625,13863250.0,1699.0017022979737
2024-09-10,ICICIBANK,1227.4786328440832,1231.844966297702,1217.6048683884173,1227.8260498046875,15545130.0,1908.6715561600342
2024-09-11,ICICIBANK,1222.0704612349368,1229.8107854485313,1217.009535927106,1226.88330078125,11993242.0,1471.430833202832
2024-09-12,ICICIBANK,1228.520699503871,1247.3752175091806,1216.9598787103319,1242.5623779296875,15376442.0,1910.618833561792
2024-09-13,ICICIBANK,1242.4133910945052,1246.333097348584,1232.5396270556282,1240.7760009765625,9877288.0,1225.550190513379
2024-09-16,ICICIBANK,1241.4210578615323,1255.9092410243197,1235.169248684242,1253.1802978515625,8973335.0,1124.5206628021851
2024-09-17,ICICIBANK,1250.302517024621,1262.508384404533,1248.7644580527592,1258.39013671875,11513121.0,1448.7997909249511
2024-09-18,ICICIBANK,1252.3368930345305,1285.4315085718288,1252.3368930345305,1278.485107421875,12466597.0,1593.8358604730224
2024-09-19,ICICIBANK,1278.4851014958492,1290.0459218689532,1275.5080724453824,1282.107177734375,13172268.0,1688.825934984082
2024-09-20,ICICIBANK,1285.0841618950908,1351.9184375163336,1281.6606270608918,1328.201416015625,73257767.0,9730.106986354273
2024-09-23,ICICIBANK,1320.80849505564,1321.60241788708,1298.4807781970735,1311.7781982421875,11380409.0,1492.8572413279176
2024-09-24,ICICIBANK,1310.8850653274296,1321.2054564579635,1305.377513381459,1308.50341796875,13886037.0,1816.9926876540528
2024-09-25,ICICIBANK,1300.7135877579847,1317.583418764573,1300.0685405806087,1313.7132568359375,8728019.0,1146.6114266215943
2024-09-26,ICICIBANK,1309.892782398436,1323.1405374478413,1306.8165432729581,1318.87353515625,11100869.0,1464.0642341336427
2024-09-27,ICICIBANK,1322.793216287465,1322.793216287465,1293.8663936696585,1296.5953369140625,17117379.0,2219.43137915907
2024-09-30,ICICIBANK,1282.2064133181361,1286.870498271365,1261.168789397214,1263.252685546875,12622212.0,1594.5043206541993
2024-10-01,ICICIBANK,1260.0772141126831,1270.4471502080723,1257.8939867892805,1264.6419677734375,10972413.0,1387.6173967542848
2024-10-03,ICICIBANK,1244.0011592918727,1256.0581509565811,1238.5929384016897,1246.7301025390625,17648551.0,2200.2979797895873
2024-10-04,ICICIBANK,1237.5508987809962,1254.7184806872842,1226.734336136113,1230.2572021484375,13488887.0,1659.480038071643
2024-10-07,ICICIBANK,1232.0434743858432,1253.2795172340534,1215.6201496244253,1224.4520263671875,20667247.0,2530.605246858118
2024-10-08,ICICIBANK,1231.4976811477177,1238.245662101406,1220.3338222332038,1227.13134765625,12219259.0,1499.463576403076
2024-10-09,ICICIBANK,1233.5319821121263,1255.4130720043904,1223.2115909568488,1234.62353515625,14765997.0,1823.0447416246582
2024-10-10,ICICIBANK,1237.2036303622588,1245.0927087268437,1228.520629146562,1233.978515625,9118195.0,1125.1656731279297
2024-10-11,ICICIBANK,1227.528300150437,1231.299252032795,1212.6431550394777,1213.635498046875,8472512.0,1028.2541320828125
2024-10-14,ICICIBANK,1211.6507942721546,1228.4214150784755,1208.0783837250117,1222.3184814453125,11833929.0,1446.4830124811645
2024-10-15,ICICIBANK,1229.4632721003522,1248.6652054451272,1225.9405272443164,1245.8865966796875,11657338.0,1452.3721167164795
2024-10-16,ICICIBANK,1238.9402364127245,1245.340800313192,1232.0930454805564,1233.6312255859375,7869727.0,970.8340964036743
2024-10-17,ICICIBANK,1239.8829828601924,1247.3255557801638,1215.024861988864,1221.8223876953125,8459497.0,1033.6002823241333
2024-10-18,ICICIBANK,1218.547563181441,1259.1840825393742,1215.8682854811916,1254.8177490234375,11018126.0,1382.574006577661
2024-10-21,ICICIBANK,1254.8177669815936,1262.607635574402,1240.9746301061532,1249.4095458984375,7742775.0,967.3896996743774
2024-10-22,ICICIBANK,1256.9016668439735,1275.0615928812024,1250.1041412654479,1257.7947998046875,20090801.0,2527.0105021710815
2024-10-23,ICICIBANK,1251.3445279562577,1258.2412633793258,1233.5320194899548,1242.0164794921875,14055447.0,1745.7096800629029
2024-10-24,ICICIBANK,1240.6768573006573,1250.7987076222266,1231.547349996325,1243.15771484375,12223031.0,1519.5155286424317
2024-10-25,ICICIBANK,1237.6998715609657,1259.184122863092,1224.7497462785968,1245.8370361328125,13546055.0,1687.6177012492064
2024-10-28,ICICIBANK,1275.6569864282283,1297.7862848220739,1270.794481272672,1282.95068359375,24096412.0,3091.450824755664
2024-10-29,ICICIBANK,1291.3855165608227,1325.1251779791885,1289.3016205238707,1321.6519775390625,20656117.0,2730.0197881328245
2024-10-30,ICICIBANK,1313.8621457191011,1320.7093367177222,1295.6030101013187,1302.1029052734375,15055031.0,1960.3199604081665
2024-10-31,ICICIBANK,1297.2403694104125,1308.8507339009743,1278.6836040126998,1282.355224609375,23497314.0,3013.190337218701
2024-11-01,ICICIBANK,1280.0727600114117,1286.2749035463628,1276.4011394929669,1281.90869140625,1007022.0,129.09102542373046
2024-11-04,ICICIBANK,1280.221658871375,1281.908714624808,1260.3252547322475,1267.42041015625,14309121.0,1813.567200679541
2024-11-05,ICICIBANK,1263.2526375453915,1291.3359928673021,1253.4284176295798,1286.7711181640625,16431920.0,2114.412007198242
2024-11-06,ICICIBANK,1290.2940335374446,1304.9310933295442,1282.8017951557133,1292.3779296875,12037405.0,1555.6876552709962
2024-11-07,ICICIBANK,1287.2177364325325,1292.824498565034,1265.4854006783698,1268.908935546875,9909035.0,1257.3663054146728
2024-11-08,ICICIBANK,1260.2755859661174,1265.2373008714958,1243.108003939261,1249.2109375,11195808.0,1398.592580775
2024-11-11,ICICIBANK,1252.3369021242906,1266.1304944492979,1237.1044608620273,1259.5810546875,8387780.0,1056.5088778886718
2024-11-12,ICICIBANK,1266.3785236970411,1285.084164724792,1254.817703702316,1260.8709716796875,13486168.0,1700.4317750395508
2024-11-13,ICICIBANK,1260.8709623351128,1266.477724382224,1240.4287212362626,1244.100341796875,12260404.0,1525.3172806967773
2024-11-14,ICICIBANK,1244.149990424334,1257.993126310203,1233.5319691696748,1247.325439453125,9506892.0,1185.8188241733399
2024-11-18,ICICIBANK,1250.3521900785158,1252.9322576721884,1239.8333784208526,1243.852294921875,6195554.0,770.6354061212402
2024-11-19,ICICIBANK,1247.4248442373848,1251.3445507199667,1231.3488145998942,1239.53564453125,11537317.0,1430.0915663756348
2024-11-21,ICICIBANK,1238.9899233393824,1247.2759633109613,1223.1124350544421,1240.974609375,9593870.0,1190.574907564453
2024-11-22,ICICIBANK,1248.3675121917486,1271.588362957257,1246.3828261628269,1268.2640380859375,11604338.0,1471.7364571194091
2024-11-25,ICICIBANK,1286.0765977985961,1301.160163762971,1280.1225394754547,1290.9886474609375,22717581.0,2932.813916877429
2024-11-26,ICICIBANK,1300.5647702425501,1304.1868465830694,1292.4771502005863,1294.9580078125,7646955.0,990.2485612631835
2024-11-27,ICICIBANK,1288.5573723920809,1300.812784090288,1287.9123252215186,1290.740478515625,21938082.0,2831.6370458395018
2024-11-28,ICICIBANK,1291.0878806767676,1300.4654733696732,1272.4814498292426,1276.5003662109375,22803745.0,2910.8988843480834
2024-11-29,ICICIBANK,1273.275310189296,1293.2710463550777,1273.275310189296,1290.1451416015625,11397228.0,1470.4078331925293
2024-12-02,ICICIBANK,1289.946649219065,1300.5151260626694,1279.2789623057151,1294.6602783203125,9626400.0,1246.2917703222656
2024-12-03,ICICIBANK,1293.9655928118616,1302.747925178162,1286.1757245707627,1298.381591796875,11509276.0,1494.343209330957
2024-12-04,ICICIBANK,1292.625936747851,1309.8927287632168,1291.7328038420255,1305.9730224609375,11570281.0,1511.0474848292358
2024-12-05,ICICIBANK,1306.171532833215,1332.6174992065928,1298.5800843127004,1326.2664794921875,19210697.0,2547.8503478781126
2024-12-06,ICICIBANK,1332.2205223736623,1336.7852761002946,1316.5414539912906,1318.5758056640625,8942672.0,1179.1590937189453
2024-12-09,ICICIBANK,1311.9766296210685,1318.8734860133875,1310.1408193352056,1312.1751708984375,8000764.0,1049.8403869018066
2024-12-10,ICICIBANK,1308.9004164217674,1321.8008754160685,1305.1791301734115,1320.2626953125,8218214.0,1085.0201366294923
2024-12-11,ICICIBANK,1314.5567183054773,1321.0566133833202,1305.9233826947975,1317.3353271484375,8138066.0,1072.0561836465577
2024-12-12,ICICIBANK,1311.4309069614158,1328.4991576758143,1311.4309069614158,1319.0718994140625,9076896.0,1197.3078447503906
2024-12-13,ICICIBANK,1315.201818050664,1336.8349446817394,1303.4425773055236,1334.6021728515625,13536684.0,1806.6087879604981
2024-12-16,ICICIBANK,1334.6020835708346,1340.1095143687996,1329.7892443970975,1335.7928466796875,9071006.0,1211.6984926988525
2024-12-17,ICICIBANK,1331.7243053318298,1337.7775734016686,1315.8964829440192,1323.5374755859375,9879257.0,1307.5566870444702
2024-12-18,ICICIBANK,1315.1026301384318,1324.728309292061,1297.4388753521955,1304.087646484375,8510595.0,1109.8561803731689
2024-12-19,ICICIBANK,1276.1531316977298,1293.0229631431896,1274.614951552865,1277.0462646484375,11517304.0,1470.8130052020508
2024-12-20,ICICIBANK,1274.1187908536028,1287.8131731856893,1262.657301485049,1278.5347900390625,58491181.0,7478.3009818971805
2024-12-23,ICICIBANK,1284.736921667357,1296.992333800165,1277.1951389037538,1286.8704833984375,6827512.0,878.6123667848633
2024-12-24,ICICIBANK,1286.8705106850512,1294.5115036860577,1280.3706152786017,1287.3170166015625,7138516.0,918.9533120082519
2024-12-26,ICICIBANK,1296.9922716557783,1302.6982437766815,1279.3285182011693,1287.4161376953125,7338444.0,944.763123117334
2024-12-27,ICICIBANK,1288.6071205266592,1305.8737927483876,1288.6071205266592,1297.5382080078125,4756066.0,617.1177354806885
2024-12-30,ICICIBANK,1294.957999087405,1316.343040012265,1279.576681997175,1284.7369384765625,14207425.0,1825.2803698135376
2024-12-31,ICICIBANK,1277.0462265132433,1280.0727999714104,1270.2982456823183,1271.83642578125,8449607.0,1074.651796613623
2025-01-01,ICICIBANK,1271.8364809130148,1283.0995501851953,1257.3978412327829,1273.8211669921875,4705399.0,599.3836845343872
2025-01-02,ICICIBANK,1275.26000882058,1283.4965044573805,1268.6113589467466,1280.7178955078125,7433222.0,951.9860436682374
2025-01-03,ICICIBANK,1276.3514823434055,1278.1377481475479,1252.5849166143184,1255.363525390625,11194997.0,1405.379090065747
2025-01-06,ICICIBANK,1258.3406039432266,1267.9662826986646,1247.3751652140256,1254.4207763671875,7504047.0,941.3232463635865
2025-01-07,ICICIBANK,1256.8024602237333,1279.0805130186131,1256.8024602237333,1269.454833984375,7539758.0,957.1382240172363
2025-01-08,ICICIBANK,1270.7448974492877,1275.1607754157394,1242.7607517198803,1254.073486328125,7566309.0,948.8707506265869
2025-01-09,ICICIBANK,1248.3675530849682,1255.0658686519982,1238.543332692866,1252.73388671875,8684920.0,1087.9893587441406
2025-01-10,ICICIBANK,1249.359870144571,1255.264262696962,1233.5815917988612,1240.2799072265625,7854524.0,974.1808298028809
2025-01-13,ICICIBANK,1225.4444532249365,1234.4250851207983,1215.5210227528514,1220.3338623046875,9669336.0,1179.9818146801758
2025-01-14,ICICIBANK,1223.9062438907645,1235.3181886617992,1218.0513958245872,1230.8031005859375,10342698.0,1272.9824766823974
2025-01-15,ICICIBANK,1224.551219155373,1234.8716102214069,1220.5818472942535,1228.7686767578125,5355382.0,658.0525653672607
2025-01-16,ICICIBANK,1235.56627244332,1245.8866640990627,1230.1580514277643,1239.53564453125,11895924.0,1474.5421822634767
2025-01-17,ICICIBANK,1233.8296138721637,1239.4363759086416,1208.6737436803246,1216.066650390625,9790533.0,1190.5940670848877
2025-01-20,ICICIBANK,1214.5286456993424,1232.2419443689244,1205.944854354206,1223.50927734375,7676418.0,939.2168639768555
2025-01-21,ICICIBANK,1227.4786100806577,1229.4632960558952,1183.567432878532,1186.9910888671875,20520898.0,2435.812306155249
2025-01-22,ICICIBANK,1191.8038937223043,1198.2541229556057,1182.6743869540314,1191.258056640625,10377123.0,1236.1831378500733
2025-01-23,ICICIBANK,1188.0826742078204,1198.6511515402387,1176.9188152937772,1192.5482177734375,8770650.0,1045.94230262146
2025-01-24,ICICIBANK,1193.8878937592276,1208.6738293636251,1192.7963406363526,1199.941162109375,9216792.0,1105.960810340039
2025-01-27,ICICIBANK,1185.8499521739243,1225.1963785798748,1183.9644761399952,1218.547607421875,16164687.0,1969.7440668573486
2025-01-28,ICICIBANK,1237.7990449684048,1254.3215805212242,1226.535975889425,1237.3525390625,18066499.0,2235.462840962012
2025-01-29,ICICIBANK,1242.4134579383835,1246.1844098592185,1233.5320363858045,1242.066162109375,7666777.0,952.2644284138428
2025-01-30,ICICIBANK,1240.428743300886,1250.203297570973,1230.0091418571585,1245.98583984375,11921041.0,1485.3448282196778
2025-01-31,ICICIBANK,1244.8943321590757,1246.3828467053002,1229.6122252573796,1243.2073974609375,10195417.0,1267.5017834598998
2025-02-01,ICICIBANK,1241.5699459496786,1251.6917959101459,1224.3528194419691,1245.936279296875,3011914.0,375.2652922722168
2025-02-03,ICICIBANK,1237.3028281264465,1250.3521626222068,1228.3221967826344,1243.40576171875,6176831.0,768.0307254562988
2025-02-04,ICICIBANK,1253.1308244391428,1270.6952475836679,1250.3522155059911,1258.4893798828125,14839077.0,1867.4820811763307
2025-02-05,ICICIBANK,1260.4740215455731,1267.966259598702,1255.462762111137,1257.9931640625,6840709.0,860.5565159340821
2025-02-06,ICICIBANK,1265.2372940723083,1269.2066659752802,1253.5275985042942,1262.6572265625,8396554.0,1060.1969586322266
2025-02-07,ICICIBANK,1262.2603567708522,1265.2373859141799,1239.9823038025354,1247.2760009765625,7382039.0,920.7440082973022
2025-02-10,ICICIBANK,1247.5735745348811,1255.3138984101563,1239.7837061908433,1252.9322509765625,5740361.0,719.2283429148072
2025-02-11,ICICIBANK,1246.2339539700604,1252.188012073483,1238.8410469458931,1243.15771484375,6586627.0,818.8216169848145
2025-02-12,ICICIBANK,1247.5735208959845,1260.0274734986122,1235.119689428972,1242.2149658203125,8809352.0,1094.3108893579101
2025-02-13,ICICIBANK,1242.9592342670746,1256.3061987457909,1236.3601292961446,1239.337158203125,7263785.0,900.2278659698486
2025-02-14,ICICIBANK,1242.5126718509223,1253.8254065127483,1234.9212235163006,1250.451416015625,10368438.0,1296.5227978970215
2025-02-17,ICICIBANK,1241.5699462890625,1248.5163471638045,1223.8069826822411,1241.5699462890625,8386151.0,1041.1993046641967
2025-02-18,ICICIBANK,1243.3065364897366,1247.9705000138076,1227.5779245772142,1233.531982421875,8135042.0,1003.4834485345215
2025-02-19,ICICIBANK,1225.3947820253827,1254.7681118615644,1220.8300282561831,1251.9896240234375,10683412.0,1337.5520973167481
2025-02-20,ICICIBANK,1245.7378271028595,1254.3216187366877,1237.203701075922,1240.379150390625,8398849.0,1041.775718687915
2025-02-21,ICICIBANK,1231.5968971791747,1235.1693078219741,1215.173692889092,1223.50927734375,7786428.0,952.6766895369141
2025-02-24,ICICIBANK,1217.3071583182455,1222.467414805944,1200.9831637697991,1209.0211181640625,11522480.0,1393.0921653623047
2025-02-25,ICICIBANK,1217.2079253456668,1222.2193060560244,1211.6508286551266,1214.7767333984375,11059417.0,1343.4722456551146
2025-02-27,ICICIBANK,1215.769120615194,1225.3947998146707,1209.1203494513463,1213.0897216796875,12008162.0,1456.69778984646
2025-02-28,ICICIBANK,1206.6891556122284,1215.620243112648,1190.9108768010287,1194.8802490234375,20215075.0,2415.459385002747
2025-03-03,ICICIBANK,1201.2312348006667,1207.6814644794808,1194.929880803104,1196.964111328125,8158881.0,976.5887745596924
2025-03-04,ICICIBANK,1197.9068433475454,1207.334101585249,1197.0137104452713,1201.1319580078125,9574490.0,1150.0225920626222
2025-03-05,ICICIBANK,1207.6814517983407,1216.5628733470458,1202.0251450551775,1206.391357421875,9052846.0,1092.127517447119
2025-03-06,ICICIBANK,1218.5476101118768,1218.5476101118768,1199.7427576093883,1208.7235107421875,11949475.0,1444.3611373526
2025-03-07,ICICIBANK,1201.8265880949464,1208.5249033729367,1197.0634143564148,1205.250244140625,6620284.0,797.9098907280273
2025-03-10,ICICIBANK,1198.7503263397664,1216.4140799337886,1198.7503263397664,1205.5478515625,7363437.0,887.697565546582
2025-03-11,ICICIBANK,1207.8798680000234,1238.4440812807522,1207.8798680000234,1235.864013671875,10927950.0,1350.5460148205566
2025-03-12,ICICIBANK,1237.4020778822246,1242.3637929723905,1225.8413786306357,1234.425048828125,11548372.0,1425.5599669985352
2025-03-13,ICICIBANK,1241.4707365370484,1245.9858244254206,1235.7647643884725,1240.4783935546875,8132940.0,1008.873634607666
2025-03-17,ICICIBANK,1247.4248742515454,1264.1953748180651,1245.1424367918191,1259.2833251953125,11164812.0,1405.9661580540528
2025-03-18,ICICIBANK,1259.2833251953125,1259.2833251953125,1259.2833251953125,1259.2833251953125,0.0,0.0
2025-03-19,ICICIBANK,1295.6029599370165,1308.2057883620175,1292.1794251380722,1303.0455322265625,11278014.0,1469.5765755088623
2025-03-20,ICICIBANK,1309.8927772461004,1314.1102350516276,1301.0113557334153,1311.5797119140625,10886735.0,1427.882075498474
2025-03-21,ICICIBANK,1305.923445707521,1338.6707661545943,1301.5571120874529,1332.81591796875,60494318.0,8062.778997706348
2025-03-24,ICICIBANK,1345.5675050388625,1362.4870024308004,1334.7510627437973,1347.750732421875,9352280.0,1260.4542219814452
2025-03-25,ICICIBANK,1348.5941513991709,1353.3574463042776,1319.8658696966822,1333.4112548828125,16419207.0,2189.355541005066
2025-03-26,ICICIBANK,1333.7586400786652,1347.6017762925185,1321.304687138062,1325.6710205078125,10859639.0,1439.6308715476441
2025-03-27,ICICIBANK,1322.9420827344788,1341.1515523929718,1322.9420827344788,1326.415283203125,15109614.0,2004.1622932899902
2025-03-28,ICICIBANK,1325.7702231722565,1347.5521031600986,1317.0375564815454,1338.025634765625,8266544.0,1106.084778291797
2025-04-01,ICICIBANK,1329.739654923708,1341.995067068455,1305.328040709696,1308.3546142578125,14288024.0,1869.3802129026367
2025-04-02,ICICIBANK,1312.026343402594,1327.705290380845,1312.026343402594,1321.056640625,8042214.0,1062.4220210027345
2025-04-03,ICICIBANK,1311.8278468858045,1322.7932860458366,1311.1332552048473,1319.3697509765625,4591008.0,605.7237081691407
2025-04-04,ICICIBANK,1319.3697112264526,1328.3007984100484,1311.9766830431024,1325.07568359375,8648542.0,1145.9972702739258
2025-04-07,ICICIBANK,1285.3322768617725,1314.854481252151,1255.3139009690346,1277.6912841796875,19185012.0,2451.2522619282713
2025-04-08,ICICIBANK,1289.8969896705237,1300.0189606799747,1277.4927025037578,1289.9466552734375,13085762.0,1687.9934923604249
2025-04-09,ICICIBANK,1294.9579703581671,1295.106846037701,1274.6646041339118,1290.83984375,13005622.0,1678.8175070351563
2025-04-11,ICICIBANK,1295.1067945023049,1314.8544439632922,1295.1067945023049,1301.606689453125,13064247.0,1700.451128786792
2025-04-15,ICICIBANK,1340.655373037739,1343.9301533432258,1325.9686484021752,1339.8614501953125,15202603.0,2036.9381702323608
2025-04-16,ICICIBANK,1346.6094196449503,1349.2886972283168,1332.6174078978706,1346.0140380859375,14039073.0,1889.6789339713257
2025-04-17,ICICIBANK,1351.5711498907554,1398.112060263163,1349.6856739861041,1395.9288330078125,17490424.0,2441.5387163131836
2025-04-21,ICICIBANK,1425.004587897116,1425.004587897116,1393.9442026732427,1399.0052490234375,16882426.0,2361.8602590249757
2025-04-22,ICICIBANK,1401.9823098324273,1407.9363681338637,1388.1887172069748,1405.6539306640625,16135274.0,2268.061132044165
2025-04-23,ICICIBANK,1418.0581618237188,1418.9512947601793,1400.4937389943566,1413.493408203125,13990764.0,1977.5852689725587
2025-04-24,ICICIBANK,1405.4554343163697,1410.3178180904442,1388.0894318786184,1391.95947265625,15678099.0,2182.3278416292483
2025-04-25,ICICIBANK,1399.2035920369979,1403.966886762009,1377.769008045682,1394.04345703125,11705093.0,1631.7408310592284
2025-04-28,ICICIBANK,1394.8373106964493,1424.0122194189871,1393.0511659597357,1417.8597412109375,10948561.0,1552.3523866092164
2025-04-29,ICICIBANK,1417.8597077945897,1427.2869661678633,1411.7071085959242,1418.85205078125,10786910.0,1530.5029375092774
2025-04-30,ICICIBANK,1422.0275444346203,1422.7221360927958,1389.2802248488963,1416.073486328125,14192027.0,2009.695315195288
2025-05-02,ICICIBANK,1415.9742091510598,1435.5233172200462,1413.6917718641512,1419.149658203125,8842434.0,1254.8737188783691
2025-05-05,ICICIBANK,1428.9738894731652,1435.7218701832576,1415.081087769954,1418.455078125,4565705.0,647.6247442470703
2025-05-06,ICICIBANK,1418.0581160771362,1422.7220796211836,1409.5239906903596,1420.63818359375,6301690.0,895.2421435170899
2025-05-07,ICICIBANK,1414.0887881642996,1430.9586193213472,1410.119416127347,1424.4091796875,10480453.0,1492.84534604834
2025-05-08,ICICIBANK,1427.5846620245352,1437.8058437113664,1415.1803741209164,1424.5084228515625,15306490.0,2180.422392929321
2025-05-09,ICICIBANK,1404.3638078003796,1409.0278927234135,1376.379782804671,1378.2652587890625,13491197.0,1859.4448124579224
2025-05-12,ICICIBANK,1398.6082269981746,1441.8743569081432,1393.249550653154,1437.4088134765625,9925445.0,1426.692212067688
2025-05-13,ICICIBANK,1429.0731325397105,1436.8134564073198,1416.4704248722041,1419.6458740234375,12475424.0,1771.0684208292969
2025-05-14,ICICIBANK,1418.9512828044426,1429.6685145448027,1406.4477852062123,1415.279541015625,8026837.0,1136.0218185167237
2025-05-15,ICICIBANK,1414.9819190581854,1445.3475908699352,1404.6615275498752,1439.6912841796875,18209264.0,2621.5718672126955
2025-05-16,ICICIBANK,1442.172107583965,1447.5306627908633,1435.920298328426,1442.86669921875,6439208.0,929.0918792542968
2025-05-19,ICICIBANK,1435.4241717584057,1448.5230511072755,1432.7448940711074,1437.905029296875,6005334.0,863.5099961207519
2025-05-20,ICICIBANK,1439.0957378026826,1447.8284044606678,1424.5083444847762,1427.1876220703125,11352383.0,1620.198049860144
2025-05-21,ICICIBANK,1431.8517946649677,1440.1875004165765,1427.485461067875,1433.637939453125,5510460.0,790.0004519838867
2025-05-22,ICICIBANK,1430.0655182967434,1434.2334317099203,1416.867428660744,1431.057861328125,7245933.0,1036.9349382306884
2025-05-23,ICICIBANK,1431.1570706662649,1440.6836606711147,1423.4168677068544,1438.698974609375,5203706.0,748.6566486368653
2025-05-26,ICICIBANK,1446.8360701649403,1460.331910515487,1443.8590412139838,1449.4161376953125,5608725.0,812.9376526895142
2025-05-27,ICICIBANK,1441.3782192942826,1451.7978208795425,1424.7068083036186,1435.324951171875,14842959.0,2130.446940192114
2025-05-28,ICICIBANK,1436.5157355383742,1446.836127202333,1431.454810349359,1442.6683349609375,8618343.0,1243.3410545932252
2025-05-29,ICICIBANK,1445.4467442494526,1451.698553407669,1433.9355900375203,1445.3475341796875,15545514.0,2246.867032745581
2025-05-30,ICICIBANK,1448.7216268807567,1449.7139699197687,1433.2410996992944,1434.7296142578125,11803975.0,1693.5512498458863
2025-06-02,ICICIBANK,1430.9586389930196,1448.8208134048605,1421.8291316367724,1439.3935546875,9458990.0,1361.5209239853516
2025-06-03,ICICIBANK,1443.7598455387374,1443.8590556109682,1421.035166759386,1426.8900146484375,11167345.0,1593.4573070634156
2025-06-04,ICICIBANK,1426.3938661679927,1429.0731438395549,1415.4780930628378,1420.0428466796875,8025388.0,1139.6394821229003
2025-06-05,ICICIBANK,1419.9436226094324,1447.8284366760695,1416.3712120373557,1443.66064453125,11385668.0,1643.7040803298828
2025-06-06,ICICIBANK,1437.5080878919146,1450.2101271201,1431.0578582020253,1448.5230712890625,11580994.0,1677.5336997460206
2025-06-09,ICICIBANK,1453.7825541382838,1455.5688200651953,1422.4245382897982,1423.8138427734375,11022031.0,1569.3320313277954
2025-06-10,ICICIBANK,1427.9815809293386,1430.660858582463,1405.6538633679,1412.0048828125,12905272.0,1822.2307078023437
2025-06-11,ICICIBANK,1410.9133394459884,1423.5160472131458,1407.737769134025,1420.0428466796875,7136877.0,1013.4671131482788
2025-06-12,ICICIBANK,1419.5466979345517,1425.5007560873705,1409.127096167119,1414.2872314453125,7953247.0,1124.8175680630736
2025-06-13,ICICIBANK,1392.8526699787633,1410.6156346634868,1392.8526699787633,1405.2569580078125,7573103.0,1064.215568445984
2025-06-16,ICICIBANK,1405.7530618658518,1418.0581392255135,1403.3714144517853,1415.9742431640625,5451137.0,771.8669587958618
2025-06-17,ICICIBANK,1415.9742319665809,1418.8520508551696,1406.9439350146247,1412.302490234375,6970098.0,984.3886762577637
2025-06-18,ICICIBANK,1406.150024814166,1421.0351697486842,1399.402043989603,1401.78369140625,6751745.0,946.4486029533691
2025-06-19,ICICIBANK,1397.2189939427594,1403.8676438261634,1393.9442134714564,1400.4937744140625,8849883.0,1239.4206045792846
2025-06-20,ICICIBANK,1400.4937821267788,1422.3253290273638,1399.4021078732494,1416.1727294921875,12408178.0,1757.2123306284911
2025-06-23,ICICIBANK,1406.1500791810931,1412.3025575376569,1401.0891539348067,1409.226318359375,5514384.0,777.1015062339844
2025-06-24,ICICIBANK,1416.7680893764307,1424.9053748687675,1405.6538959425357,1413.1956787109375,11188438.0,1581.1452233125244
2025-06-25,ICICIBANK,1411.1117385952273,1417.9589294864209,1404.463088984364,1414.8826904296875,7527388.0,1065.0370985348145
2025-06-26,ICICIBANK,1413.8903780949927,1436.4165161110168,1410.814017835929,1428.080810546875,13617435.0,1944.6797612369385
2025-06-27,ICICIBANK,1427.882386711014,1454.774858156496,1426.0961208320166,1451.00390625,22532899.0,3269.532446813672
2025-06-30,ICICIBANK,1450.6071028820047,1450.706312958781,1431.2564136212704,1434.7296142578125,6325073.0,907.4769545442505
2025-07-01,ICICIBANK,1434.6302067068036,1436.5156826077227,1418.653508855977,1421.03515625,7761449.0,1102.9291892441406
2025-07-02,ICICIBANK,1421.2336440793872,1439.8897415628453,1411.707175185214,1416.867431640625,13372280.0,1894.6748018779297
2025-07-03,ICICIBANK,1421.1344118511029,1435.027214103107,1412.798706272776,1414.98193359375,10177738.0,1440.1315394850585
2025-07-04,ICICIBANK,1416.0734952431667,1433.3402880878325,1410.2186471744621,1431.7525634765625,5066503.0,725.3978658111695
2025-07-07,ICICIBANK,1425.9968814549877,1429.8670433562065,1418.6535190770169,1424.706787109375,5177477.0,737.6386622002685
2025-07-08,ICICIBANK,1421.035188079707,1433.935647189369,1419.050502062836,1430.9586181640625,5315847.0,760.6757077491577
2025-07-09,ICICIBANK,1425.2030375827696,1427.683895203639,1415.6765685457565,1420.93603515625,8827347.0,1254.309544712842
2025-07-10,ICICIBANK,1425.7985078190466,1427.981614021397,1411.2109926594833,1413.1956787109375,7795964.0,1101.7222636186036
2025-07-11,ICICIBANK,1411.111783317687,1417.0658414751456,1403.7684206963636,1411.0125732421875,7158015.0,1010.0049164456177
2025-07-14,ICICIBANK,1413.9896019530586,1413.9896019530586,1405.2569348701418,1412.1041259765625,5846154.0,825.5378184494385
2025-07-15,ICICIBANK,1410.218682168871,1422.8215115677394,1408.134785993891,1419.844482421875,6041457.0,857.7929387239013
2025-07-16,ICICIBANK,1415.081187967311,1418.25663727007,1408.2339967016344,1415.4781494140625,5649093.0,799.6167705507935
2025-07-17,ICICIBANK,1410.1194736013367,1412.3025798563917,1398.7075285299677,1407.8370361328125,12927394.0,1819.9664053881104
2025-07-18,ICICIBANK,1404.9592604817603,1418.0581395587762,1397.7151081655259,1414.8826904296875,11297246.0,1598.4277814926024
2025-07-21,ICICIBANK,1436.9126621837045,1456.4617708047458,1425.9968891975022,1454.576416015625,13867136.0,2017.080898328125
2025-07-22,ICICIBANK,1462.8128219007424,1470.6523559877205,1458.4464883845856,1462.316650390625,8930165.0,1305.8728970235595
2025-07-23,ICICIBANK,1471.5454755170424,1478.5910866693491,1461.3242940475627,1477.2017822265625,11974174.0,1768.8271173490966
2025-07-24,ICICIBANK,1476.3086281822896,1477.3009711792895,1466.782159638216,1472.0416259765625,6700578.0,986.3529734102783
2025-07-25,ICICIBANK,1488.5144734435703,1488.5144734435703,1462.31659448384,1465.789794921875,8696077.0,1274.6620922454833
2025-07-28,ICICIBANK,1465.7898930637602,1482.3620946590604,1465.7898930637602,1477.00341796875,7507479.0,1108.8572143328613
2025-07-29,ICICIBANK,1468.5685019046516,1478.3927223132807,1464.1029581857863,1474.8201904296875,9776027.0,1441.7882001785767
2025-07-30,ICICIBANK,1476.308661728485,1477.1025845983731,1465.9883912336757,1471.04931640625,7238625.0,1064.837435797119
2025-07-31,ICICIBANK,1458.6450618514623,1483.0566764606926,1452.7902136757805,1470.0570068359375,12406146.0,1823.7741855129639
2025-08-01,ICICIBANK,1469.0645758820863,1473.7285394467383,1458.5457644921182,1460.3319091796875,4416771.0,644.9951626839478
2025-08-04,ICICIBANK,1465.492177404952,1467.4768633867377,1450.1108610461113,1451.9962158203125,6140054.0,891.5335172932373
2025-08-05,ICICIBANK,1441.8743352750153,1450.3092505192255,1429.96621963613,1433.3402099609375,14799343.0,2121.249340290393
2025-08-06,ICICIBANK,1431.2564134495642,1442.866778550362,1430.561700640964,1432.54638671875,7805252.0,1118.1385550029297
2025-08-07,ICICIBANK,1430.0655302659995,1436.8135113901221,1418.1574137897542,1429.271728515625,7432535.0,1062.311214670288
2025-08-08,ICICIBANK,1434.8288259088201,1436.5157606227415,1421.0352334242946,1424.9053955078125,5415511.0,771.6590843331909
2025-08-11,ICICIBANK,1416.9666396615337,1427.3862414978396,1409.5240669213151,1425.5999755859375,8492484.0,1210.6884983063965
2025-08-12,ICICIBANK,1431.0,1433.800048828125,1420.0999755859375,1422.0,5913947.0,840.9632634
2025-08-13,ICICIBANK,1424.5999755859375,1427.699951171875,1415.199951171875,1420.800048828125,9009465.0,1280.0648311915284
2025-08-14,ICICIBANK,1412.0,1431.0999755859375,1412.0,1427.300048828125,7577793.0,1081.5784318909423
2025-08-18,ICICIBANK,1450.0,1452.4000244140625,1431.0,1434.5999755859375,6908844.0,991.1427433727051
2025-08-19,ICICIBANK,1431.0999755859375,1438.5,1426.300048828125,1436.300048828125,6709554.0,963.6932737814941
2025-08-20,ICICIBANK,1432.5999755859375,1435.9000244140625,1423.0,1430.5999755859375,5817858.0,832.3027512762451
2025-08-21,ICICIBANK,1440.0999755859375,1447.800048828125,1436.4000244140625,1446.0,6238645.0,902.108067
2025-08-22,ICICIBANK,1444.300048828125,1446.0,1429.4000244140625,1436.4000244140625,6657207.0,956.2412297329467
2025-08-25,ICICIBANK,1435.9000244140625,1435.9000244140625,1424.0,1433.199951171875,6738427.0,965.7513247375244
2025-08-26,ICICIBANK,1427.9000244140625,1427.9000244140625,1413.0999755859375,1416.5999755859375,8720155.0,1235.2971360105591
2025-08-28,ICICIBANK,1408.0,1411.800048828125,1396.300048828125,1399.0999755859375,12990789.0,1817.5412572742066
2025-08-29,ICICIBANK,1392.0999755859375,1405.0,1392.0999755859375,1397.800048828125,8519507.0,1190.8567300591553
2025-09-01,ICICIBANK,1398.0999755859375,1412.4000244140625,1398.0999755859375,1411.0,4927348.0,695.2488028
2025-09-02,ICICIBANK,1413.9000244140625,1413.9000244140625,1390.0,1394.199951171875,7163073.0,998.6756026840576
2025-09-03,ICICIBANK,1389.0,1400.0,1384.199951171875,1397.0,9813382.0,1370.9294654
2025-09-04,ICICIBANK,1409.9000244140625,1415.0999755859375,1401.9000244140625,1405.5,10564859.0,1484.89093245
2025-09-05,ICICIBANK,1411.0,1411.5,1387.699951171875,1402.800048828125,6621077.0,928.8047138894775
2025-09-08,ICICIBANK,1402.199951171875,1410.5999755859375,1397.5999755859375,1402.699951171875,5880943.0,824.919845894458
2025-09-09,ICICIBANK,1399.0,1407.5,1395.199951171875,1403.699951171875,6470679.0,908.2891796348877
2025-09-10,ICICIBANK,1410.0,1413.699951171875,1402.0999755859375,1403.9000244140625,7452347.0,1046.2350135242066
2025-09-11,ICICIBANK,1398.0,1408.0,1396.0,1401.5999755859375,10192026.0,1428.514339277124
2025-09-12,ICICIBANK,1405.0999755859375,1419.699951171875,1400.0999755859375,1417.699951171875,7770038.0,1101.5582493203613
2025-09-15,ICICIBANK,1422.0,1426.800048828125,1416.300048828125,1419.4000244140625,5845637.0,829.7297300515747
2025-09-16,ICICIBANK,1414.0,1424.9000244140625,1413.699951171875,1421.5999755859375,8213151.0,1167.581526108362
2025-09-17,ICICIBANK,1420.0999755859375,1426.0999755859375,1416.4000244140625,1419.199951171875,7484283.0,1062.1694068156494
2025-09-18,ICICIBANK,1431.0999755859375,1432.800048828125,1415.300048828125,1421.699951171875,8130537.0,1155.9184055901123
2025-09-19,ICICIBANK,1416.0999755859375,1418.0,1400.199951171875,1402.199951171875,13457344.0,1886.9887099703126
2025-09-22,ICICIBANK,1403.9000244140625,1409.9000244140625,1397.199951171875,1401.5,8847948.0,1240.0399122
2025-09-23,ICICIBANK,1391.0,1403.300048828125,1391.0,1394.300048828125,12827524.0,1788.5417339543944
2025-09-24,ICICIBANK,1386.4000244140625,1390.9000244140625,1376.5,1382.699951171875,9735678.0,1346.1521495225097
2025-09-25,ICICIBANK,1377.0,1391.5,1371.800048828125,1375.800048828125,21613389.0,2973.570164154126
2025-09-26,ICICIBANK,1368.0,1372.699951171875,1357.0,1359.5999755859375,18342280.0,2493.816344019043
2025-09-29,ICICIBANK,1359.5999755859375,1366.5,1346.199951171875,1348.0999755859375,20563163.0,2772.1199538269652
2025-09-30,ICICIBANK,1353.699951171875,1356.5999755859375,1342.5999755859375,1348.0,20166871.0,2718.4942108
2025-10-01,ICICIBANK,1348.0,1379.4000244140625,1347.0999755859375,1372.0,20952632.0,2874.7011104
2025-10-03,ICICIBANK,1371.9000244140625,1371.9000244140625,1361.300048828125,1365.199951171875,12163695.0,1660.587582006958
2025-10-06,ICICIBANK,1371.0,1372.5999755859375,1359.0999755859375,1363.4000244140625,14314283.0,1951.60937916698
2025-10-07,ICICIBANK,1363.5999755859375,1383.0999755859375,1363.5999755859375,1375.9000244140625,16126464.0,2218.84022113125
2025-10-08,ICICIBANK,1372.300048828125,1381.5999755859375,1364.300048828125,1370.300048828125,8100832.0,1110.0570485148437
2025-10-09,ICICIBANK,1369.800048828125,1378.699951171875,1365.0999755859375,1376.199951171875,7909575.0,1088.5156728790282
2025-10-10,ICICIBANK,1370.300048828125,1385.0,1370.300048828125,1380.300048828125,7673816.0,1059.2168599498048
2025-10-13,ICICIBANK,1373.0999755859375,1386.4000244140625,1373.0999755859375,1379.4000244140625,8923018.0,1230.841124704712
2025-10-14,ICICIBANK,1389.0,1389.0,1375.0999755859375,1384.0999755859375,10610855.0,1468.6484146445923
2025-10-15,ICICIBANK,1386.5,1400.4000244140625,1385.5,1398.4000244140625,8988550.0,1256.9588539447022
2025-10-16,ICICIBANK,1401.0,1418.9000244140625,1399.4000244140625,1417.300048828125,12185032.0,1726.9846448572266
2025-10-17,ICICIBANK,1412.0,1439.5999755859375,1410.9000244140625,1436.5999755859375,17037215.0,2447.566265305237
2025-10-20,ICICIBANK,1442.0,1445.0,1389.199951171875,1390.300048828125,23330227.0,3243.601573727124
2025-10-21,ICICIBANK,1384.5,1387.5999755859375,1375.9000244140625,1382.0,3415560.0,472.030392
2025-10-23,ICICIBANK,1385.0,1389.800048828125,1360.0999755859375,1363.699951171875,21124942.0,2880.808237390869
2025-10-24,ICICIBANK,1368.0999755859375,1381.5999755859375,1368.0999755859375,1377.699951171875,10570263.0,1456.2650818973877
2025-10-27,ICICIBANK,1382.0999755859375,1386.800048828125,1374.0,1377.5999755859375,11499836.0,1584.2173792842286
2025-10-28,ICICIBANK,1373.0,1375.800048828125,1356.199951171875,1363.0999755859375,26477914.0,3609.2043926966553
2025-10-29,ICICIBANK,1364.5999755859375,1371.699951171875,1358.4000244140625,1370.4000244140625,16129382.0,2210.370548658374
2025-10-30,ICICIBANK,1362.4000244140625,1370.199951171875,1361.300048828125,1362.4000244140625,9324401.0,1270.356415004651
2025-10-31,ICICIBANK,1357.0,1362.0,1343.300048828125,1345.300048828125,15926798.0,2142.632212707568
2025-11-03,ICICIBANK,1340.5,1351.5999755859375,1337.9000244140625,1346.4000244140625,11071450.0,1490.6600550299072
2025-11-04,ICICIBANK,1342.5999755859375,1349.800048828125,1333.199951171875,1336.9000244140625,15211183.0,2033.5830924066772
2025-11-06,ICICIBANK,1330.0,1342.199951171875,1317.4000244140625,1320.4000244140625,24221853.0,3198.2535292553835
2025-11-07,ICICIBANK,1320.4000244140625,1344.300048828125,1318.5999755859375,1343.0,7719245.0,1036.6946035
2025-11-10,ICICIBANK,1342.9000244140625,1349.5999755859375,1341.0,1348.0,8542340.0,1151.507432
2025-11-11,ICICIBANK,1349.0,1360.4000244140625,1346.199951171875,1358.300048828125,8305184.0,1128.0931832726562
2025-11-12,ICICIBANK,1370.0,1370.0,1355.4000244140625,1358.9000244140625,9736761.0,1323.1284760613892
2025-11-13,ICICIBANK,1358.9000244140625,1390.4000244140625,1358.5,1385.9000244140625,18296626.0,2535.7294420094972
2025-11-14,ICICIBANK,1374.0,1381.199951171875,1363.199951171875,1373.0,9694498.0,1331.0545754
2025-11-17,ICICIBANK,1375.0999755859375,1382.5,1373.5999755859375,1379.0,7660717.0,1056.4128743
2025-11-18,ICICIBANK,1380.199951171875,1382.800048828125,1369.0999755859375,1373.4000244140625,9529560.0,1308.7897936655274
2025-11-19,ICICIBANK,1373.5,1384.0,1371.5999755859375,1383.0999755859375,10393918.0,1437.5827732042237
2025-11-20,ICICIBANK,1380.0999755859375,1388.300048828125,1375.4000244140625,1383.0,10131863.0,1401.2366529
2025-11-21,ICICIBANK,1373.0,1376.0,1364.5999755859375,1369.5,11483595.0,1572.67833525
2025-11-24,ICICIBANK,1373.300048828125,1377.0,1361.5,1368.4000244140625,15896003.0,2175.2090893286013
2025-11-25,ICICIBANK,1365.0,1376.9000244140625,1354.300048828125,1357.800048828125,12235000.0,1661.268359741211
2025-11-26,ICICIBANK,1360.0,1377.0,1359.9000244140625,1375.0,9659004.0,1328.11305
2025-11-27,ICICIBANK,1379.0,1394.0,1375.699951171875,1392.199951171875,15158741.0,2110.39984800271
2025-11-28,ICICIBANK,1392.0,1398.5,1385.5999755859375,1388.800048828125,7683986.0,1067.152013199463
2025-12-01,ICICIBANK,1394.0,1400.0,1385.4000244140625,1390.0999755859375,8867593.0,1232.684081280603
2025-12-02,ICICIBANK,1381.800048828125,1381.800048828125,1370.5999755859375,1373.0,12126396.0,1664.9541708
2025-12-03,ICICIBANK,1367.0,1394.199951171875,1367.0,1391.5,7955933.0,1107.06807695
2025-12-04,ICICIBANK,1387.0,1391.5999755859375,1379.9000244140625,1386.699951171875,7373909.0,1022.5399250245849
2025-12-05,ICICIBANK,1381.0,1395.300048828125,1381.0,1392.5,4942638.0,688.2623415
2025-12-08,ICICIBANK,1387.0,1394.9000244140625,1383.300048828125,1389.5999755859375,7826227.0,1087.5324848130006
2025-12-09,ICICIBANK,1379.9000244140625,1384.300048828125,1373.4000244140625,1375.199951171875,10492030.0,1442.8639143693847
2025-12-10,ICICIBANK,1377.9000244140625,1379.4000244140625,1357.9000244140625,1363.5999755859375,8725381.0,1189.7929318578003
2025-12-11,ICICIBANK,1363.699951171875,1366.5999755859375,1352.800048828125,1360.0,6734750.0,915.926
2025-12-12,ICICIBANK,1368.0,1370.699951171875,1363.300048828125,1366.0,3890885.0,531.494891
2025-12-15,ICICIBANK,1356.0999755859375,1370.0,1356.0999755859375,1365.199951171875,5342530.0,729.3621695134277
2025-12-16,ICICIBANK,1364.0,1368.699951171875,1355.5,1366.0,12359741.0,1688.3406206
2025-12-17,ICICIBANK,1365.0,1365.0,1343.0999755859375,1352.4000244140625,9440391.0,1276.7185018878297
2025-12-18,ICICIBANK,1346.300048828125,1369.5,1345.5,1356.800048828125,7314573.0,992.4413003556884
2025-12-19,ICICIBANK,1354.0,1360.4000244140625,1350.800048828125,1354.0999755859375,14318512.0,1938.8696749626954
2025-12-22,ICICIBANK,1358.0,1371.300048828125,1354.800048828125,1368.5,9375294.0,1283.0089839
2025-12-23,ICICIBANK,1361.0999755859375,1365.0,1357.0,1363.0,9105467.0,1241.0751521
2025-12-24,ICICIBANK,1363.800048828125,1368.199951171875,1357.5999755859375,1359.800048828125,8955140.0,1217.7199809262695
2025-12-26,ICICIBANK,1356.5,1362.0,1348.5,1350.4000244140625,2812144.0,379.75193262558594
2025-12-29,ICICIBANK,1352.0999755859375,1355.699951171875,1341.5,1343.300048828125,6057201.0,813.6638399061768
2025-12-30,ICICIBANK,1343.300048828125,1347.0999755859375,1338.0999755859375,1342.5,18621277.0,2499.90643725
2025-12-31,ICICIBANK,1342.800048828125,1350.0,1339.5,1342.9000244140625,6150634.0,825.9686548761963
2026-01-01,ICICIBANK,1343.9000244140625,1348.4000244140625,1336.0,1338.0,4179311.0,559.1918118
2026-01-02,ICICIBANK,1338.0,1356.9000244140625,1336.300048828125,1355.4000244140625,8226205.0,1114.9798457835084
2026-01-05,ICICIBANK,1354.199951171875,1375.5,1352.5999755859375,1371.5,6920565.0,949.15548975
2026-01-06,ICICIBANK,1372.0,1413.5999755859375,1366.0,1411.199951171875,17260416.0,2435.789821640625
2026-01-07,ICICIBANK,1408.0,1429.9000244140625,1404.199951171875,1427.699951171875,15813795.0,2257.735434934204
2026-01-08,ICICIBANK,1429.0,1442.199951171875,1423.300048828125,1435.0,14861699.0,2132.6538065
2026-01-09,ICICIBANK,1427.0999755859375,1429.5,1401.5,1404.300048828125,12555636.0,1763.1880247868164
2026-01-12,ICICIBANK,1399.9000244140625,1424.300048828125,1391.699951171875,1413.0999755859375,10923811.0,1543.6437057405396
2026-01-13,ICICIBANK,1420.0,1441.800048828125,1411.0999755859375,1437.0,14295581.0,2054.2749897
2026-01-14,ICICIBANK,1425.5999755859375,1443.9000244140625,1414.9000244140625,1418.4000244140625,13832255.0,1961.9670829701538
2026-01-15,ICICIBANK,1418.4000244140625,1418.4000244140625,1418.4000244140625,1418.4000244140625,0.0,0.0
2026-01-16,ICICIBANK,1417.9000244140625,1429.0,1400.199951171875,1410.800048828125,12530886.0,1767.8574580659667
2026-01-19,ICICIBANK,1399.9000244140625,1400.0,1360.0,1380.5999755859375,23302883.0,3217.1959700881957
2026-01-20,ICICIBANK,1374.699951171875,1387.800048828125,1371.5,1375.800048828125,15012785.0,2065.4590336046144
2026-01-21,ICICIBANK,1367.5,1371.5,1339.5,1349.0,21766068.0,2936.2425732
2026-01-22,ICICIBANK,1355.0999755859375,1358.0,1338.0,1345.5,17179765.0,2311.53738075
2026-01-23,ICICIBANK,1340.5,1355.199951171875,1335.699951171875,1343.4000244140625,14056524.0,1888.3534684776855
2026-01-27,ICICIBANK,1340.0,1369.0999755859375,1328.5999755859375,1361.4000244140625,25263634.0,3439.3911944387937
2026-01-28,ICICIBANK,1362.5999755859375,1380.4000244140625,1362.5999755859375,1367.699951171875,13242696.0,1811.2034672583984
2026-01-29,ICICIBANK,1359.0,1387.699951171875,1354.4000244140625,1383.5999755859375,23118234.0,3198.638799798999
2026-01-30,ICICIBANK,1368.199951171875,1381.9000244140625,1353.199951171875,1355.0,24013717.0,3253.8586535
2026-02-02,ICICIBANK,1329.9000244140625,1354.4000244140625,1329.0999755859375,1352.800048828125,12800245.0,1731.6172061011962
2026-02-03,ICICIBANK,1412.0,1417.0,1373.4000244140625,1389.699951171875,24896698.0,3459.893999494092
2026-02-04,ICICIBANK,1387.0,1414.0,1386.9000244140625,1408.4000244140625,11080683.0,1560.6034207724488
2026-02-05,ICICIBANK,1414.0,1414.0,1393.199951171875,1396.5,8982761.0,1254.44257365
2026-02-06,ICICIBANK,1396.699951171875,1410.5,1394.699951171875,1406.0999755859375,10851190.0,1525.785799407837
2026-02-09,ICICIBANK,1413.5,1414.0,1388.800048828125,1396.300048828125,7889742.0,1101.644713984131
2026-02-10,ICICIBANK,1401.0,1409.5,1395.5,1406.5,16497628.0,2320.3913782
2026-02-11,ICICIBANK,1407.4000244140625,1413.0,1400.4000244140625,1406.0999755859375,8551341.0,1202.4040371327026
2026-02-12,ICICIBANK,1406.0999755859375,1433.0,1405.300048828125,1430.0,19646265.0,2809.415895
2026-02-13,ICICIBANK,1425.300048828125,1434.4000244140625,1410.699951171875,1414.5999755859375,12228083.0,1729.7845913262818
2026-02-16,ICICIBANK,1404.0,1414.0,1400.5,1411.5999755859375,5000042.0,705.8059165128662
2026-02-17,ICICIBANK,1406.199951171875,1413.5999755859375,1393.5999755859375,1407.5,11756187.0,1654.68332025
2026-02-18,ICICIBANK,1410.0999755859375,1412.300048828125,1398.9000244140625,1408.199951171875,4758071.0,670.0315349872315
2026-02-19,ICICIBANK,1408.5,1412.300048828125,1384.800048828125,1388.800048828125,14323091.0,1989.1909480169677
2026-02-20,ICICIBANK,1388.5,1403.699951171875,1384.0,1394.5,10337877.0,1441.61694765
2026-02-23,ICICIBANK,1400.0,1408.300048828125,1395.300048828125,1399.4000244140625,10728445.0,1501.3386194924926
2026-02-24,ICICIBANK,1400.9000244140625,1400.9000244140625,1382.300048828125,1384.800048828125,18274784.0,2530.6921775523438
2026-02-25,ICICIBANK,1391.800048828125,1407.4000244140625,1388.199951171875,1400.5,16297015.0,2282.39695075
2026-02-26,ICICIBANK,1405.0999755859375,1410.0,1392.0999755859375,1404.9000244140625,27288792.0,3833.8024547030273
2026-02-27,ICICIBANK,1400.0,1402.199951171875,1376.699951171875,1378.9000244140625,15096898.0,2081.711302077661
2026-03-02,ICICIBANK,1355.0,1379.199951171875,1355.0,1374.0,16928683.0,2326.0010442
2026-03-04,ICICIBANK,1326.0,1376.0,1326.0,1365.4000244140625,20009132.0,2732.04693213042
2026-03-05,ICICIBANK,1368.9000244140625,1370.800048828125,1347.5999755859375,1357.5999755859375,17590491.0,2388.0850152144653
2026-03-06,ICICIBANK,1339.0,1357.5999755859375,1310.4000244140625,1313.4000244140625,22778852.0,2991.7744772924316
2026-03-09,ICICIBANK,1272.699951171875,1282.699951171875,1251.0999755859375,1278.4000244140625,16116652.0,2060.352831027295
2026-03-10,ICICIBANK,1287.5999755859375,1315.0,1285.5999755859375,1311.9000244140625,19136143.0,2510.470646889099
2026-03-11,ICICIBANK,1300.0,1306.5,1290.9000244140625,1294.5999755859375,13224259.0,1712.0125378542114
2026-03-12,ICICIBANK,1275.699951171875,1280.5,1258.300048828125,1266.5,19676187.0,2491.98908355
2026-03-13,ICICIBANK,1251.9000244140625,1262.300048828125,1248.699951171875,1254.800048828125,17344394.0,2176.374643809424
2026-03-16,ICICIBANK,1255.0,1276.800048828125,1240.0999755859375,1272.9000244140625,22740688.0,2894.6622310392577
2026-03-17,ICICIBANK,1278.9000244140625,1294.4000244140625,1273.0,1288.699951171875,22303102.0,2874.2006458381347
2026-03-18,ICICIBANK,1286.0,1297.0999755859375,1270.800048828125,1289.300048828125,12961135.0,1671.079198836792
2026-03-19,ICICIBANK,1267.5999755859375,1285.9000244140625,1243.699951171875,1250.0999755859375,14422899.0,1803.0065687778442
2026-03-20,ICICIBANK,1258.4000244140625,1274.0,1241.699951171875,1245.4000244140625,16421006.0,2045.0721273303466
2026-03-23,ICICIBANK,1226.5999755859375,1234.9000244140625,1218.0999755859375,1222.699951171875,17049534.0,2084.6464389303223
2026-03-24,ICICIBANK,1237.0999755859375,1253.9000244140625,1223.699951171875,1251.199951171875,20617782.0,2579.6967831672364
2026-03-25,ICICIBANK,1258.9000244140625,1272.9000244140625,1254.4000244140625,1259.699951171875,17290030.0,2178.0249946760255
2026-03-27,ICICIBANK,1256.0,1260.9000244140625,1230.0999755859375,1233.800048828125,23630905.0,2915.5811742852784
2026-03-30,ICICIBANK,1216.5,1222.5999755859375,1200.4000244140625,1205.9000244140625,23952775.0,2888.4651957284545
2026-04-01,ICICIBANK,1228.0999755859375,1234.0,1210.0,1212.699951171875,25472333.0,3089.029698533374
2026-04-02,ICICIBANK,1196.0,1222.0999755859375,1187.5999755859375,1215.800048828125,20851722.0,2535.152462575049
2026-04-06,ICICIBANK,1213.0,1234.4000244140625,1200.5,1231.4000244140625,10058414.0,1238.5931245166748
2026-04-07,ICICIBANK,1229.0,1250.4000244140625,1216.5999755859375,1245.5,25600557.0,3188.54937435
2026-04-08,ICICIBANK,1310.0,1333.5,1292.4000244140625,1309.199951171875,25148651.0,3292.4612661238525
2026-04-09,ICICIBANK,1299.9000244140625,1308.0,1275.9000244140625,1281.300048828125,22923062.0,2937.1320459890135
2026-04-10,ICICIBANK,1289.0,1324.0,1288.5,1321.9000244140625,18174755.0,2402.5209078219605
2026-04-13,ICICIBANK,1304.9000244140625,1357.0,1296.699951171875,1351.0999755859375,30572141.0,4130.601895870984
2026-04-15,ICICIBANK,1358.0,1364.800048828125,1338.0,1348.0999755859375,23827473.0,3212.1815769574587
2026-04-16,ICICIBANK,1352.0,1366.9000244140625,1340.199951171875,1345.5,24017236.0,3231.5191038
2026-04-17,ICICIBANK,1347.0,1352.9000244140625,1334.0,1346.800048828125,18151993.0,2444.7105058727784
2023-04-21,BHARTIARTL,755.5194130415359,761.0660648923665,750.4636731342493,751.199951171875,4524208.0,339.85848286914063
2023-04-24,BHARTIARTL,751.1999008077828,753.3596615570425,741.8246397409381,746.3404541015625,5271105.0,393.40388993170166
2023-04-25,BHARTIARTL,750.954477978197,762.7839990557957,747.8130132313415,758.4644775390625,5773233.0,437.87921510562745
2023-04-26,BHARTIARTL,765.631014351457,765.631014351457,753.0651545473258,759.2990112304688,5057352.0,384.00423730444334
2023-04-27,BHARTIARTL,757.8755208747218,774.7608423908557,757.2373892796585,772.1102294921875,4129769.0,318.86368903397215
2023-04-28,BHARTIARTL,775.3989102501869,787.3757114944401,772.7974305012225,784.676025390625,6572656.0,515.7405586339844
2023-05-02,BHARTIARTL,785.6086674477704,792.0388170033259,774.122718058094,775.7425537109375,6301210.0,488.81167368688966
2023-05-03,BHARTIARTL,779.9638442468628,779.9638442468628,762.9803766767839,765.0419311523438,3908267.0,298.9988133138977
2023-05-04,BHARTIARTL,765.0419707764087,778.1968292991446,759.4953787246694,774.6626586914062,2457671.0,190.3865951048767
2023-05-05,BHARTIARTL,774.6626852881199,776.4788738334479,765.9746279262552,772.8956298828125,1438467.0,111.17848580306396
2023-05-08,BHARTIARTL,775.4480634220472,780.7492294117925,770.8340423417138,779.2276000976562,2489174.0,193.96330822454834
2023-05-09,BHARTIARTL,782.3199323269688,783.7433551753904,776.0370028337971,779.0802612304688,2486331.0,193.70514049854125
2023-05-10,BHARTIARTL,782.4181044360955,782.9580296637462,773.6318414678328,781.4854736328125,2737334.0,213.9186757481201
2023-05-11,BHARTIARTL,780.0129037322193,780.0129037322193,769.3614392652462,774.1717529296875,4808171.0,372.23501714556886
2023-05-12,BHARTIARTL,773.0919153832868,779.1784922880913,770.1468033246839,777.4605102539062,2576010.0,200.2746049019165
2023-05-15,BHARTIARTL,778.4912738601289,787.8174618824129,775.1043830683449,782.4671630859375,7569060.0,592.2540905427246
2023-05-16,BHARTIARTL,786.1976454678745,786.5903510457644,769.6559565926731,772.9446411132812,4846217.0,374.58574598220827
2023-05-17,BHARTIARTL,773.5827628244319,783.0562305243732,769.5578003354951,777.7550048828125,6529233.0,507.81436437960207
2023-05-18,BHARTIARTL,783.3507479561426,788.3083413570749,780.111136619189,784.72509765625,11383252.0,893.2723537345703
2023-05-19,BHARTIARTL,784.7250660571056,793.5604020303593,778.7366956426163,791.0079956054688,3432240.0,271.4929282836914
2023-05-22,BHARTIARTL,786.3449578344755,789.2900700361027,784.8724017336618,787.1793823242188,9996762.0,786.9244936402222
2023-05-23,BHARTIARTL,794.1494841873458,794.1494841873458,783.3507398963017,785.3141479492188,6516636.0,511.7606447835205
2023-05-24,BHARTIARTL,788.2101658638351,788.2101658638351,780.4546802935354,786.7376098632812,9104329.0,716.2718036868957
2023-05-25,BHARTIARTL,784.9704899616826,810.3966473842463,783.2525079714676,807.6478881835938,9570396.0,772.9510118480713
2023-05-26,BHARTIARTL,812.7527690719038,814.1761919432759,798.518061010525,802.9848022460938,6150206.0,493.8521948682739
2023-05-29,BHARTIARTL,814.2253379983717,814.2253379983717,803.0338882051465,806.2244262695312,3684829.0,297.07991464263307
2023-05-30,BHARTIARTL,806.2244061759269,811.2310725847966,797.9289954315822,803.4756469726562,5148256.0,413.64983203808595
2023-05-31,BHARTIARTL,804.0156022056248,872.4894584374225,803.0338981736277,834.3502807617188,47342125.0,3949.9915285606385
2023-06-01,BHARTIARTL,822.6188586068683,822.6188586068683,807.9423721831552,812.8018188476562,9713155.0,789.4870050749206
2023-06-02,BHARTIARTL,817.5631176160166,823.9441939157261,811.820172913662,821.1954345703125,6834131.0,561.2157176455445
2023-06-05,BHARTIARTL,823.1588106606805,825.9566431159367,816.9250141776218,819.2319946289062,5298053.0,434.03345268396606
2023-06-06,BHARTIARTL,819.2319459894248,822.9133358006414,811.0347419771639,814.2743530273438,2722174.0,221.65964726778566
2023-06-07,BHARTIARTL,813.7345165987763,831.9941880867473,812.1146809377718,828.8036499023438,4110739.0,340.69954869959105
2023-06-08,BHARTIARTL,832.1904773796779,833.8593861324775,819.2810460512513,820.7045288085938,4050621.0,332.4362999187195
2023-06-09,BHARTIARTL,823.2078985203891,824.4350285521464,813.7835638438763,818.2503051757812,3332436.0,272.67667739787595
2023-06-12,BHARTIARTL,819.5756006659927,827.6746590635796,816.5323420839804,821.0481567382812,1569715.0,128.8811607354431
2023-06-13,BHARTIARTL,822.7661068344682,828.5581844609981,817.5140143482182,819.084716796875,3224345.0,264.101171118042
2023-06-14,BHARTIARTL,816.7777079664461,818.6920427031835,804.0155562794703,812.8018188476562,5108720.0,415.2376907983398
2023-06-15,BHARTIARTL,811.8692235911873,818.5447989356941,809.1204643220914,814.5198364257812,3865201.0,314.8282886272766
2023-06-16,BHARTIARTL,807.4514991605663,824.6313182916422,805.7825904612853,822.4715576171875,4907797.0,403.652344305896
2023-06-19,BHARTIARTL,824.631337054231,824.631337054231,812.3600373956859,812.9981689453125,3017364.0,245.3111407041504
2023-06-20,BHARTIARTL,812.9491130849568,818.4466918056181,811.7219830024602,815.992431640625,2691557.0,219.62901413293457
2023-06-21,BHARTIARTL,816.7777301847437,825.3676402077203,815.2070277479253,823.649658203125,3022724.0,248.96655894423827
2023-06-22,BHARTIARTL,821.3917564645106,828.0673317432424,819.4283484461508,827.380126953125,4380046.0,362.39630155405274
2023-06-23,BHARTIARTL,828.5581920740979,846.9651424311943,825.956652456245,839.1605834960938,7667340.0,643.4129508262939
2023-06-26,BHARTIARTL,841.6638975644546,841.6638975644546,830.8651536012538,836.3627319335938,4431992.0,370.6752937027832
2023-06-27,BHARTIARTL,840.8294681734377,855.4077484703582,837.9825026325549,849.0758056640625,5533649.0,469.84874829371336
2023-06-28,BHARTIARTL,853.5916357274691,857.6165981965239,847.7995581076513,856.2422485351562,6272649.0,537.09070840318
2023-06-30,BHARTIARTL,863.8995543652205,866.8446664823747,851.1864750758132,862.6724243164062,5217511.0,450.1002863267517
2023-07-03,BHARTIARTL,863.8994878781538,867.973583294052,858.5982625078832,863.0650634765625,3333167.0,287.67399884329836
2023-07-04,BHARTIARTL,857.8129932062891,857.8129932062891,837.6880600334869,849.3212890625,7397493.0,628.2848290590821
2023-07-05,BHARTIARTL,852.1190997179135,855.0642118137127,847.259652776153,850.7938232421875,4284477.0,364.52065674232176
2023-07-06,BHARTIARTL,848.5358125641,861.8379494501016,847.6523149316965,853.7388916015625,6365222.0,543.4237575077881
2023-07-07,BHARTIARTL,849.1739323475666,867.4336021855773,846.7196724274869,854.5242309570312,18763997.0,1603.429010610504
2023-07-10,BHARTIARTL,851.1373670810265,873.3238534896889,849.1739590831463,869.2007446289062,4310681.0,374.68471350576783
2023-07-11,BHARTIARTL,873.7165865205309,876.8089781817791,870.0842696265852,875.5818481445312,3353977.0,293.66813802942505
2023-07-12,BHARTIARTL,873.6675415039062,879.3123398574556,866.9428327316449,873.6675415039062,3033186.0,264.9996155544067
2023-07-13,BHARTIARTL,875.041901409938,876.9562363357807,867.0901223868516,868.857177734375,4228714.0,367.414851148584
2023-07-14,BHARTIARTL,868.8080226427004,873.9619685397333,863.555930315011,870.2805786132812,3860080.0,335.9352655893555
2023-07-17,BHARTIARTL,869.7897877149802,880.2449598078321,859.9727472215832,862.0343017578125,5614592.0,483.9970894375
2023-07-18,BHARTIARTL,861.0035027648963,864.0958944096734,847.3578527744569,859.4328002929688,4731911.0,406.6759521467102
2023-07-19,BHARTIARTL,859.4327461946689,860.9543753532785,851.3336885017789,854.8187255859375,6641825.0,567.755638206482
2023-07-20,BHARTIARTL,855.0641900723869,870.4769549655347,852.1190780514717,868.6607666015625,3779959.0,328.35020826624753
2023-07-21,BHARTIARTL,862.0342484095111,875.5818113867556,858.7946372308703,869.7897338867188,7001587.0,608.990849351471
2023-07-24,BHARTIARTL,868.8081208401912,876.2690479670271,864.6849516728503,871.9005126953125,4125577.0,359.7092701463989
2023-07-25,BHARTIARTL,871.7531766392531,878.330605608849,863.015986824922,867.4827880859375,3652262.0,316.82744225803225
2023-07-26,BHARTIARTL,870.2805979029546,880.0976379244205,867.139133112394,873.1275634765625,2845581.0,248.45552052052003
2023-07-27,BHARTIARTL,873.078407866547,884.9079887226573,871.9004110290613,878.7723388671875,3445446.0,302.7762639860596
2023-07-28,BHARTIARTL,883.4354939517375,883.4354939517375,874.2565251810664,878.7232666015625,2314339.0,203.36635261033936
2023-07-31,BHARTIARTL,877.6433706110278,881.3738338044303,869.0534606637722,873.618408203125,4424817.0,386.5601584130127
2023-08-01,BHARTIARTL,878.134197080197,880.981162547336,871.9004008670768,875.3363647460938,2087412.0,182.7187631807373
2023-08-02,BHARTIARTL,867.0410283605211,874.3547355117938,856.6349294864441,862.0343017578125,3328903.0,286.9628573224487
2023-08-03,BHARTIARTL,858.9910150817819,865.9120164196064,849.2721213437592,855.7514038085938,4642067.0,397.24553518235473
2023-08-04,BHARTIARTL,853.1008339310042,876.6126583112989,850.3520745280373,873.373046875,7066276.0,617.1495000179688
2023-08-07,BHARTIARTL,868.9552925734156,884.0734977526965,867.9244554706727,875.0909423828125,4086452.0,357.6017131682129
2023-08-08,BHARTIARTL,875.6799670545278,877.9378742683986,864.3412978504615,869.2007446289062,3282856.0,285.3460879709473
2023-08-09,BHARTIARTL,868.8080024775977,881.030228733431,862.7214259567756,867.5317993164062,3185159.0,276.3226718378845
2023-08-10,BHARTIARTL,865.8629587692443,867.7282204029109,852.3154550715126,858.794677734375,3439922.0,295.41867054213867
2023-08-11,BHARTIARTL,859.9781172257823,861.6546921077359,853.0746231654836,858.548095703125,2812690.0,241.48296433032226
2023-08-14,BHARTIARTL,858.49882301156,858.5974202807814,845.7766452099597,855.0963745117188,2665905.0,227.96057002926636
2023-08-16,BHARTIARTL,858.005693480659,861.9505472437885,841.4373197142536,845.1356201171875,3962408.0,334.87721422373045
2023-08-17,BHARTIARTL,845.3822058603738,847.9956354623415,838.281456776003,844.8890991210938,3013019.0,254.56669085447388
2023-08-18,BHARTIARTL,844.8890595481474,850.1159787009581,840.500397735373,844.4452514648438,4929835.0,416.2975756255188
2023-08-21,BHARTIARTL,843.8535058567716,861.950497370543,842.3248269570565,859.9287719726562,3220142.0,276.9092755637573
2023-08-22,BHARTIARTL,858.9918886146853,867.8185107603136,854.2580762385547,865.5502319335938,3333869.0,288.5631086186218
2023-08-23,BHARTIARTL,864.9092398147608,864.9092398147608,854.8498500723608,856.1812744140625,1860153.0,159.26281661451415
2023-08-24,BHARTIARTL,860.9643023842145,862.6408772111002,852.2856364607746,857.4632568359375,2842728.0,243.7534809178711
2023-08-25,BHARTIARTL,857.4633060163329,863.8736935151591,849.2283874977792,861.4574584960938,3124339.0,269.1485134420227
2023-08-28,BHARTIARTL,861.9998317881169,863.6764066487824,853.9128696671406,858.350830078125,3094455.0,265.61280178894043
2023-08-29,BHARTIARTL,858.0057376757268,858.0057376757268,836.8021476067289,843.4097900390625,14064286.0,1186.1956502309326
2023-08-30,BHARTIARTL,847.9955846502774,850.7076715538085,844.6424951403073,845.924560546875,3261665.0,275.9122531776123
2023-08-31,BHARTIARTL,843.7056454952223,847.6504994776662,835.3721294185701,844.59326171875,12528190.0,1058.1224855532228
2023-09-01,BHARTIARTL,841.3880157216618,855.5894530622558,840.9935062703851,854.0115356445312,4427899.0,378.14768246688845
2023-09-04,BHARTIARTL,853.8142914881948,857.463293279756,847.8477121743447,853.3704833984375,3102649.0,264.7709076945679
2023-09-05,BHARTIARTL,851.2007735241998,855.8359886086195,846.56561863347,853.9622192382812,2216754.0,189.3024165345337
2023-09-06,BHARTIARTL,855.1949652904892,870.2347194892997,853.8635410976602,868.1636352539062,4235096.0,367.6756339009277
2023-09-07,BHARTIARTL,868.1636721404094,871.5168218866454,861.1122822179088,863.2326049804688,4532834.0,391.2890101764038
2023-09-08,BHARTIARTL,869.6429936291222,878.3710186318876,866.0433507130305,873.6371459960938,3741470.0,326.86871726300046
2023-09-11,BHARTIARTL,875.7575353033365,879.9982410594229,871.4181720869694,878.5189208984375,2733894.0,240.17776067307128
2023-09-12,BHARTIARTL,882.5624110606462,884.1403284505667,872.7988741536548,878.1244506835938,4106031.0,360.56062163648073
2023-09-13,BHARTIARTL,875.8067842822528,905.3438871940422,873.3412508203954,902.533203125,5222561.0,471.35347078457033
2023-09-14,BHARTIARTL,907.6122163591562,907.9080683522764,897.5528272372292,902.3359985351562,5513106.0,497.4674007540161
2023-09-15,BHARTIARTL,900.0183392793422,935.6206797098024,897.4542084754597,923.2437133789062,14003428.0,1292.8576866754152
2023-09-18,BHARTIARTL,916.5867864397319,922.8985162790999,905.3439292538741,907.5136108398438,2977375.0,270.200833707428
2023-09-20,BHARTIARTL,898.4404442785624,906.6260037958198,892.3259089088394,898.1445922851562,5241903.0,470.7986832733337
2023-09-21,BHARTIARTL,897.651462729919,907.4642982518225,890.8958647182594,905.2946166992188,4896202.0,443.2505312871948
2023-09-22,BHARTIARTL,905.2946469856972,909.6339500423854,891.3397026135427,898.8349609375,6112928.0,549.451340009375
2023-09-25,BHARTIARTL,899.4266723357491,900.7580364245587,889.6138364047512,897.8487548828125,5278045.0,473.8886131465454
2023-09-26,BHARTIARTL,897.4542161101915,908.2532651449808,895.4817892615977,900.1170043945312,5355047.0,482.01688640319213
2023-09-27,BHARTIARTL,902.3360080005025,908.3518859672541,894.9394071264512,907.5629272460938,4713145.0,427.74756727352906
2023-09-28,BHARTIARTL,913.2336393937695,919.1509199945931,905.9356359086107,912.8884887695312,7386917.0,674.343149679596
2023-09-29,BHARTIARTL,919.1508837249997,923.490246738516,909.0914950618039,913.6281127929688,5608557.0,512.4135347401794
2023-10-03,BHARTIARTL,905.5904812892251,915.4526155804227,903.4207997064234,912.5432739257812,4338272.0,395.88609340605467
2023-10-04,BHARTIARTL,905.6397695897889,913.184326313958,905.6397695897889,911.5077514648438,5603669.0,510.77877301432494
2023-10-05,BHARTIARTL,912.2967733498577,916.784032673227,906.7247032691707,916.0443725585938,7063132.0,647.0142321238526
2023-10-06,BHARTIARTL,916.3895554485728,916.3895554485728,911.5570854361968,913.282958984375,2420855.0,221.09256176721192
2023-10-09,BHARTIARTL,905.3439637249619,915.2553970407287,903.9139421574639,911.8036499023438,2248103.0,204.98285207564086
2023-10-10,BHARTIARTL,911.8036443363156,940.8969414679625,908.3518972190016,935.2755126953125,7897875.0,738.6689089828491
2023-10-11,BHARTIARTL,935.4234457782845,943.6090052735049,934.9303390593714,942.425537109375,5645289.0,532.0264517962646
2023-10-12,BHARTIARTL,942.4255453988175,943.609013573357,933.9441338363861,937.2479248046875,5544735.0,519.6791372341919
2023-10-13,BHARTIARTL,933.2537507159111,942.7707343311474,933.2537507159111,941.0448608398438,4421671.0,416.09907708745726
2023-10-16,BHARTIARTL,944.7431622956171,945.5321209966937,930.8375168901686,933.5003051757812,1881721.0,175.65871277556764
2023-10-17,BHARTIARTL,933.5003506681002,947.0114872846042,932.9579452967827,940.5025024414062,3863410.0,363.3546772957153
2023-10-18,BHARTIARTL,939.8614570777147,945.6801407530503,937.543879450961,939.7135009765625,2334392.0,219.36596789716796
2023-10-19,BHARTIARTL,932.7606353255136,938.1848091048574,928.3719735925793,929.949951171875,4306963.0,400.52600315490724
2023-10-20,BHARTIARTL,924.8709418589913,934.437224160907,924.0819831543746,932.1689453125,3125104.0,291.3124899671875
2023-10-23,BHARTIARTL,928.6185596560593,936.015160524795,924.0820018673782,926.3502807617188,2180066.0,201.95047511790773
2023-10-25,BHARTIARTL,911.8529200386376,926.695480424769,906.3301488673036,909.8804931640625,6365249.0,579.1615899232056
2023-10-26,BHARTIARTL,908.9436058684945,911.8528872489238,887.6413602728843,893.0162353515625,6595332.0,588.9738553533691
2023-10-27,BHARTIARTL,898.1938860436366,905.7384428998489,893.9531803113205,901.9907836914062,3508393.0,316.4538151567444
2023-10-30,BHARTIARTL,902.1880683635893,919.1016534149405,897.7994063928543,913.480224609375,3686768.0,336.77896607226563
2023-10-31,BHARTIARTL,907.6122021877128,910.8173958161339,899.8211522533034,901.7935791015625,5697563.0,513.8025729926636
2023-11-01,BHARTIARTL,890.5506865076859,901.9414390638141,883.1047874909052,900.8566284179688,4821458.0,434.3442397938843
2023-11-02,BHARTIARTL,907.3163835051998,913.1843656329122,903.7660391254826,911.11328125,6611573.0,602.3891970253907
2023-11-03,BHARTIARTL,912.2474246213361,920.827493518675,909.4860390504098,917.9181518554688,3895154.0,357.54325608724366
2023-11-06,BHARTIARTL,921.3206416028502,927.7310291988325,917.1785329636305,926.251708984375,2760800.0,255.71957181640624
2023-11-07,BHARTIARTL,923.1450485685227,926.0050915293499,919.5947043770105,924.2299194335938,3616946.0,334.2889710175659
2023-11-08,BHARTIARTL,928.8157537379462,928.8157537379462,921.5178108068587,923.8353881835938,1808553.0,167.0805262805603
2023-11-09,BHARTIARTL,923.8354570439095,924.3778624072252,917.7209215638343,919.49609375,3914416.0,359.92902213125
2023-11-10,BHARTIARTL,916.1922738561013,924.0819812735921,916.1922738561013,922.6026611328125,1345614.0,124.14670572575683
2023-11-13,BHARTIARTL,925.0681983988553,927.3364772517135,920.926089949376,922.1095581054688,1656368.0,152.7352764540039
2023-11-15,BHARTIARTL,934.9303441097862,939.5655593313472,923.2930375193099,936.9027709960938,4816316.0,451.24198063928225
2023-11-16,BHARTIARTL,935.9165790075699,940.749049067278,930.2458515794418,936.458984375,5310736.0,497.328644084375
2023-11-17,BHARTIARTL,935.7192492792958,940.847570928967,932.9578638352231,934.2399291992188,3249469.0,303.57836884950564
2023-11-20,BHARTIARTL,935.9165590901432,951.0056127564409,928.9637663432277,948.1456298828125,4646962.0,440.59967125314944
2023-11-21,BHARTIARTL,953.6684342144919,962.8895061658721,947.7511533403585,957.46533203125,5704644.0,546.1998861580078
2023-11-22,BHARTIARTL,960.8677523229487,962.8401792230035,952.6328940926968,956.3804931640625,3309732.0,316.5363122400879
2023-11-23,BHARTIARTL,956.627081047861,967.4754293896409,950.4139481272168,963.1854248046875,2749555.0,264.83313006988527
2023-11-24,BHARTIARTL,961.5581133824509,963.6784963766171,957.6132595839587,959.733642578125,2322104.0,222.86013303652345
2023-11-28,BHARTIARTL,960.6212031774514,974.3788929044665,957.8105189100116,971.3216552734375,5096984.0,495.08109357822264
2023-11-29,BHARTIARTL,982.1699866016216,993.2155289479946,977.2882180466725,981.6768798828125,5647918.0,554.4430520073975
2023-11-30,BHARTIARTL,981.2823382714245,1004.1625013130739,979.0140594779771,1000.7107543945312,9934052.0,994.1112671114502
2023-12-01,BHARTIARTL,1001.0066063773827,1008.4525055486441,994.3003672600947,1000.7107543945312,5544950.0,554.8891097579956
2023-12-04,BHARTIARTL,1021.7170885551609,1029.606795802691,1011.0659356160437,1018.6598510742188,5164902.0,526.1278302132935
2023-12-05,BHARTIARTL,1024.4786206887675,1031.529950826312,1008.0087831874522,1016.8847045898438,4266159.0,433.81918344483034
2023-12-06,BHARTIARTL,1014.9122104438597,1020.7308937222647,999.4780064762542,1010.3262939453125,4121251.0,416.3808249248413
2023-12-07,BHARTIARTL,1001.0066415405273,1005.6418567469901,984.2410130615234,986.2134399414062,13805235.0,1361.4908298549499
2023-12-08,BHARTIARTL,984.9313421944802,990.158261215946,977.633338900871,986.4599609375,6630766.0,654.0985169345703
2023-12-11,BHARTIARTL,982.367182940045,990.7499971752111,978.3730305490866,987.0516967773438,6195119.0,611.4902720687561
2023-12-12,BHARTIARTL,985.4737844421647,987.051701875929,973.3926697467267,981.5289306640625,7119331.0,698.7829343473511
2023-12-13,BHARTIARTL,979.5072259069219,988.1858923639949,977.830650976947,986.1148681640625,4153219.0,409.555100664148
2023-12-14,BHARTIARTL,992.1307556160752,997.2590777236048,985.3752173913955,991.341796875,6541673.0,648.5033866388671
2023-12-15,BHARTIARTL,985.8683015288926,996.9138440381273,974.6254440967956,978.8661499023438,10119597.0,990.5730953953308
2023-12-18,BHARTIARTL,981.2823531014303,985.0299520594615,968.609534729305,976.5978393554688,5750263.0,561.5694421525695
2023-12-19,BHARTIARTL,981.7261869940402,984.1917206093783,972.3078606221873,974.8226928710938,3912964.0,381.44461035876463
2023-12-20,BHARTIARTL,979.2113323582611,979.9509924259523,955.6408074570255,958.1556396484375,3990591.0,382.3607272180298
2023-12-21,BHARTIARTL,954.654614673378,968.0177948131771,946.7649071140938,964.4181518554688,4294277.0,414.1478687895447
2023-12-22,BHARTIARTL,968.3629742106023,985.1779008619243,962.1004829224306,975.907470703125,4605120.0,449.4171011484375
2023-12-26,BHARTIARTL,981.2823188439769,988.6789192372732,976.0061013075674,986.0654296875,2460643.0,242.6354997102539
2023-12-27,BHARTIARTL,986.2134182789054,1009.9318991434651,984.2409914423476,1007.1211547851562,4791379.0,482.5499151493347
2023-12-28,BHARTIARTL,1009.7839500588487,1027.5850301498538,1008.107375197405,1022.4074096679688,5288328.0,540.682573195459
2023-12-29,BHARTIARTL,1018.9063963473615,1028.8671275909194,1010.2770291137928,1017.9694213867188,4631749.0,471.4978849538513
2024-01-01,BHARTIARTL,1017.7228936715331,1017.7228936715331,993.1169169235629,999.08349609375,3804406.0,380.09192470400393
2024-01-02,BHARTIARTL,1003.3735521681342,1011.3124979238426,1001.9928293101128,1007.6142578125,6865791.0,691.8068902760742
2024-01-03,BHARTIARTL,1017.7229069195852,1022.7033329253317,1007.2690685775741,1020.9281005859375,3604276.0,367.97066506674804
2024-01-04,BHARTIARTL,1020.9773798613927,1044.2027526198056,1013.3835851523644,1033.4530029296875,4664043.0,482.00692441431886
2024-01-05,BHARTIARTL,1039.2718299091878,1048.9860087642198,1024.6264631883344,1032.1710205078125,4008221.0,413.71695599908446
2024-01-08,BHARTIARTL,1035.524134907209,1044.4000560635563,1030.839620963581,1034.5872802734375,4489695.0,464.4981339307251
2024-01-09,BHARTIARTL,1042.4276178663692,1053.1773685613894,1033.6010556335234,1049.82421875,3371125.0,353.9088669433594
2024-01-10,BHARTIARTL,1052.2403572179799,1058.5029087264575,1040.7510672186897,1048.0489501953125,3111573.0,326.1080816106079
2024-01-11,BHARTIARTL,1051.0569423823747,1059.0946057565116,1042.7727256555797,1048.1968994140625,2604325.0,272.9845390066528
2024-01-12,BHARTIARTL,1043.5123480923305,1063.6804838450962,1037.101961154325,1061.5107421875,3394013.0,360.27812586240236
2024-01-15,BHARTIARTL,1063.1875076729355,1089.4700010352597,1059.7357604364315,1087.2017822265625,3312897.0,360.17875227330325
2024-01-16,BHARTIARTL,1091.7382041306525,1101.600337862637,1077.9312169058746,1080.791259765625,5025540.0,543.1559707602539
2024-01-17,BHARTIARTL,1076.945149177177,1093.6614199586245,1063.927179045376,1070.2882080078125,4568700.0,488.9825735925293
2024-01-18,BHARTIARTL,1060.376629066698,1080.8899165131406,1060.376629066698,1072.0633544921875,4407330.0,472.4936984154053
2024-01-19,BHARTIARTL,1075.9588555772568,1120.6836106935739,1074.775447612418,1109.4901123046875,11753391.0,1304.0271100550904
2024-01-23,BHARTIARTL,1129.214381611615,1156.384609865607,1119.3522472743955,1142.03515625,18194595.0,2077.8867143730467
2024-01-24,BHARTIARTL,1124.3819600280942,1177.538890467549,1124.3819600280942,1173.544677734375,9546592.0,1120.3352232101563
2024-01-25,BHARTIARTL,1169.6491325650616,1184.0971834486747,1141.098301809594,1144.550048828125,11424697.0,1307.6137509196533
2024-01-29,BHARTIARTL,1142.0351199900256,1153.6231274683355,1142.0351199900256,1146.1279296875,4015858.0,460.2687015458984
2024-01-30,BHARTIARTL,1146.1280167017399,1164.5701605719744,1138.6328183518679,1142.67626953125,3902023.0,445.87490852651365
2024-01-31,BHARTIARTL,1143.021409175492,1158.8501834885712,1130.3978286327495,1154.56005859375,5981966.0,690.653901546582
2024-02-01,BHARTIARTL,1148.988009796964,1154.066912673751,1133.109877194679,1135.328857421875,3606209.0,409.4233143594482
2024-02-02,BHARTIARTL,1139.0764964379189,1158.99795930292,1129.510274449626,1134.9344482421875,4969983.0,564.0604913878052
2024-02-05,BHARTIARTL,1138.4355597486633,1143.662539591825,1094.6970139446594,1098.1981201171875,7809331.0,857.6192623572877
2024-02-06,BHARTIARTL,1109.4901254427007,1140.1613394996843,1107.5176985530247,1118.4154052734375,9863065.0,1103.1003839213256
2024-02-07,BHARTIARTL,1123.0998253656078,1132.4194934862473,1116.1963318281346,1118.661865234375,2770694.0,309.94697180336914
2024-02-08,BHARTIARTL,1128.6226667278795,1130.6936908412158,1100.8113759331113,1126.4036865234375,6519392.0,734.3467182691406
2024-02-09,BHARTIARTL,1130.1513026439034,1130.1513026439034,1100.8608100957515,1104.8056640625,4203171.0,464.3687127823242
2024-02-12,BHARTIARTL,1107.4191464085875,1113.4350245897435,1095.979094059811,1103.2769775390625,3887976.0,428.9514410024414
2024-02-13,BHARTIARTL,1095.6831824048393,1109.49017120202,1088.5824934641016,1102.438720703125,3211554.0,354.0541483229004
2024-02-14,BHARTIARTL,1094.6968622727188,1105.693165642393,1089.4698831537632,1100.4661865234375,4653070.0,512.0546198526612
2024-02-15,BHARTIARTL,1106.8274275131657,1115.8511844698764,1094.1052496499617,1105.2493896484375,5056712.0,558.892785162793
2024-02-16,BHARTIARTL,1108.5039358956474,1111.5119351222047,1101.4524855355598,1104.55908203125,3091952.0,341.52436628046877
2024-02-19,BHARTIARTL,1105.5946838741286,1129.2144488635233,1102.9318352120604,1126.4530029296875,4711035.0,530.6759522656861
2024-02-20,BHARTIARTL,1129.2144052898882,1135.723390011462,1119.3522707458717,1128.1788330078125,5397418.0,608.9252740495361
2024-02-21,BHARTIARTL,1139.0764908260933,1143.1693005632474,1116.985286320475,1124.1846923828125,4570259.0,513.781520802478
2024-02-22,BHARTIARTL,1121.9163185196064,1123.050487985607,1082.5171420905613,1119.8946533203125,8642368.0,967.8541715226562
2024-02-23,BHARTIARTL,1111.4625030795441,1116.245613997575,1099.9238544412117,1110.229736328125,6709844.0,744.9468334922851
2024-02-26,BHARTIARTL,1102.6851613345705,1110.3776738900342,1089.1247272952041,1094.7462158203125,3186134.0,348.80081395964356
2024-02-27,BHARTIARTL,1097.655593148039,1115.4074356248268,1086.1169436930818,1111.9556884765625,7149094.0,794.9475740753662
2024-02-28,BHARTIARTL,1117.7742707941488,1136.7588783901397,1108.0107342387355,1113.1883544921875,5302711.0,590.2916132437622
2024-02-29,BHARTIARTL,1103.4248326921595,1122.261484455324,1083.8485208828965,1107.86279296875,13818650.0,1530.9168184057617
2024-03-01,BHARTIARTL,1112.4488588420677,1125.0230813156816,1101.9950195297185,1113.13916015625,5927490.0,659.8121240434571
2024-03-04,BHARTIARTL,1116.3936046571737,1133.4057863535838,1116.3936046571737,1117.8729248046875,5855090.0,654.5246583294678
2024-03-05,BHARTIARTL,1117.4291844237036,1163.4853038374815,1117.4291844237036,1152.784912109375,5375008.0,619.6228124867188
2024-03-06,BHARTIARTL,1157.7652047342087,1180.1029629382997,1141.394085919773,1177.242919921875,5464839.0,643.344302126294
2024-03-07,BHARTIARTL,1193.1703693426298,1196.868669938014,1173.0515900262626,1183.1602783203125,8903981.0,1053.4836638118775
2024-03-11,BHARTIARTL,1169.6490675331627,1201.5038078308794,1169.6490675331627,1180.1029052734375,6679208.0,788.2152765725587
2024-03-12,BHARTIARTL,1183.4561757188085,1191.3458835569338,1181.286554218279,1187.6475830078125,4249548.0,504.69654110756835
2024-03-13,BHARTIARTL,1195.2906943516043,1195.2906943516043,1135.8219755123262,1152.636962890625,7528096.0,867.7161709789062
2024-03-14,BHARTIARTL,1157.7651625563362,1183.1601573821938,1147.508639596765,1178.1304931640625,8569080.0,1009.5494446362304
2024-03-15,BHARTIARTL,1173.5940161533042,1205.9418657618958,1171.4736331390798,1203.180419921875,10115416.0,1217.0670470564453
2024-03-18,BHARTIARTL,1208.1114364526068,1213.5849690747523,1198.4464968060338,1208.4073486328125,4141080.0,500.41115032763673
2024-03-19,BHARTIARTL,1199.432765550153,1223.299203587274,1197.8548480868242,1211.415283203125,7703719.0,933.2402934102295
2024-03-20,BHARTIARTL,1211.3166431983411,1221.9184375515933,1206.7800855060536,1214.8177490234375,6596032.0,801.2976746726563
2024-03-21,BHARTIARTL,1220.9323063748739,1225.7647765761296,1197.3617797752963,1203.969482421875,9952250.0,1198.2205281433105
2024-03-22,BHARTIARTL,1210.0344729963163,1227.835672874467,1205.1527648615252,1219.058349609375,7840007.0,955.7425994345947
2024-03-26,BHARTIARTL,1208.1114521799027,1216.987373053061,1193.3182507246386,1196.37548828125,10898138.0,1303.8265171106445
2024-03-27,BHARTIARTL,1193.860764688126,1211.3166949583808,1193.860764688126,1207.914306640625,5779169.0,698.0740915593994
2024-03-28,BHARTIARTL,1210.0345889044436,1221.4254028265746,1203.4763655302231,1211.661865234375,10518377.0,1274.471629505835
2024-04-01,BHARTIARTL,1211.0700916347114,1214.9163480879006,1191.345823041312,1200.56689453125,5461473.0,655.686367917627
2024-04-02,BHARTIARTL,1208.1114826009014,1210.8235696026586,1186.6119811229273,1191.5924072265625,3625577.0,432.02100250152586
2024-04-03,BHARTIARTL,1178.5250535458156,1223.4963620555268,1173.0515208325537,1208.8017578125,9532291.0,1152.2650116780273
2024-04-04,BHARTIARTL,1214.9656032702455,1216.0011755406229,1184.7382575442073,1190.211669921875,7327626.0,872.142597802295
2024-04-05,BHARTIARTL,1189.2748044431585,1194.6496195048844,1172.558414500141,1174.5802001953125,4227519.0,496.5560113349487
2024-04-08,BHARTIARTL,1171.621591946095,1193.8607536518778,1166.7891219085707,1188.09130859375,4827733.0,573.578761751123
2024-04-09,BHARTIARTL,1198.1999676555577,1198.1999676555577,1181.7796102321865,1187.8447265625,3372798.0,400.6360318060547
2024-04-10,BHARTIARTL,1196.52343481367,1213.7328108808472,1192.0854744125477,1212.4508056640625,6442196.0,781.0845730445801
2024-04-12,BHARTIARTL,1209.196275824134,1214.8670031093752,1202.7366500185933,1208.6539306640625,7877073.0,952.0655243577759
2024-04-15,BHARTIARTL,1193.909974792086,1217.973606974979,1193.66342143035,1207.667724609375,4281602.0,517.0752545022949
2024-04-16,BHARTIARTL,1207.0266838354057,1216.938056925768,1195.340078353171,1199.6793212890625,5235632.0,628.1079444279297
2024-04-18,BHARTIARTL,1203.1804169804218,1264.177695190026,1199.038368617902,1248.2996826171875,19939924.0,2489.100080061084
2024-04-19,BHARTIARTL,1262.3532050038789,1278.6257267871322,1236.0705927128452,1271.2291259765625,13103862.0,1665.8011037177491
2024-04-22,BHARTIARTL,1286.022283205372,1287.4030060531604,1270.4894220393564,1279.6612548828125,7894656.0,1010.2485403828125
2024-04-23,BHARTIARTL,1291.939527110868,1332.3742756692998,1284.1484173355489,1323.843505859375,12074766.0,1598.5100553871582
2024-04-24,BHARTIARTL,1333.3604905976906,1335.3329173589298,1315.1649018802093,1317.9755859375,6277492.0,827.3581196917969
2024-04-25,BHARTIARTL,1312.6501010793654,1325.2736813859462,1306.0917575637384,1320.243896484375,8512627.0,1123.8743839798096
2024-04-26,BHARTIARTL,1319.5535551735718,1327.147350348094,1303.774140462976,1307.718994140625,5289771.0,691.7534011354248
2024-04-29,BHARTIARTL,1306.2397292639869,1327.443318678238,1301.8017686889111,1314.080078125,3195888.0,419.965275271875
2024-04-30,BHARTIARTL,1304.9083256985014,1316.3977362505912,1301.752370485921,1304.070068359375,5272565.0,687.5794199979248
2024-05-02,BHARTIARTL,1297.1171973947226,1301.7031138636721,1275.7656528279133,1286.0716552734375,7995432.0,1028.2698466866211
2024-05-03,BHARTIARTL,1287.9947425863597,1292.4327030317183,1240.8044539281873,1259.7890625,11290875.0,1422.4120831054688
2024-05-06,BHARTIARTL,1257.422082209037,1280.548738232754,1255.646849938026,1265.706298828125,5555467.0,703.1589574831787
2024-05-07,BHARTIARTL,1268.615651566955,1276.6039564611576,1253.4772991363725,1268.41845703125,5767030.0,731.500729425293
2024-05-08,BHARTIARTL,1258.5562857465543,1281.485747866059,1257.1262040486083,1270.8345947265625,2682816.0,340.9415384085938
2024-05-09,BHARTIARTL,1265.311804121669,1277.4422772109124,1252.5403886262889,1257.8658447265625,4809145.0,604.9259237837524
2024-05-10,BHARTIARTL,1257.4714030242196,1290.4601920288928,1254.2168507548677,1283.2115478515625,5532513.0,709.9384570238892
2024-05-13,BHARTIARTL,1283.2117087114548,1284.9375823218068,1263.7339922517683,1268.22119140625,3703942.0,469.7417736139648
2024-05-14,BHARTIARTL,1272.7578282622558,1281.9789000307385,1263.0435293766575,1266.593994140625,3262908.0,413.27796762333986
2024-05-15,BHARTIARTL,1263.881816880964,1300.0758001038328,1262.8462446675198,1291.8409423828125,6891004.0,890.208110132373
2024-05-16,BHARTIARTL,1309.6915589616137,1338.1437950317575,1303.083976510364,1326.5557861328125,11932181.0,1582.8703746734009
2024-05-17,BHARTIARTL,1334.9385503242647,1341.2503407109705,1320.78641088027,1325.9146728515625,6614017.0,876.9622186789672
2024-05-21,BHARTIARTL,1337.3054954067675,1343.9624364790357,1317.334672189963,1325.766845703125,5422220.0,718.8599506108399
2024-05-22,BHARTIARTL,1323.6462897620243,1332.3742539506213,1311.2200254606848,1329.3170166015625,3026723.0,402.3474388439331
2024-05-23,BHARTIARTL,1332.1277470594475,1358.311760925617,1325.7667187986788,1355.1065673828125,7147341.0,968.5408728424438
2024-05-24,BHARTIARTL,1356.53664658917,1378.4798965976097,1355.1066851930134,1369.357421875,5622368.0,769.90313493125
2024-05-27,BHARTIARTL,1376.7539368084301,1387.602284448038,1359.0020952163445,1365.2645263671875,6553974.0,894.7908208932861
2024-05-28,BHARTIARTL,1365.708383659235,1367.8286461891164,1348.0551394737822,1352.14794921875,2068963.0,279.7544077459473
2024-05-29,BHARTIARTL,1336.8123157610053,1371.0832327456567,1336.8123157610053,1358.114501953125,4445083.0,603.6931684685303
2024-05-30,BHARTIARTL,1359.7912167759678,1367.3356537123213,1344.702102128481,1358.1639404296875,7100303.0,964.3375500724732
2024-05-31,BHARTIARTL,1360.9746328509152,1368.8643408674423,1319.5536657641483,1353.8245849609375,24825643.0,3360.9565830863403
2024-06-03,BHARTIARTL,1395.787822362337,1400.866724877541,1365.9055092752292,1371.92138671875,6017122.0,825.5018358295898
2024-06-04,BHARTIARTL,1371.9215526705361,1377.7402363000324,1202.2435950852018,1281.7816162109375,19924421.0,2553.8756551447145
2024-06-05,BHARTIARTL,1307.3737761313134,1330.1552808679628,1262.2051556955462,1325.81591796875,12175520.0,1614.2498225546874
2024-06-06,BHARTIARTL,1340.264049864824,1357.2762315132186,1310.677646998051,1351.7041015625,10279789.0,1389.5232954497071
2024-06-07,BHARTIARTL,1351.7041193328077,1410.9262846713211,1344.3568773459206,1405.6007080078125,12280748.0,1726.1828083665528
2024-06-10,BHARTIARTL,1401.4587031456833,1416.8436092380489,1401.4587031456833,1406.3897705078125,5318477.0,747.9851647481079
2024-06-11,BHARTIARTL,1406.3403533278047,1414.8217647612814,1393.5195787182245,1407.5731201171875,4416792.0,621.6957696348633
2024-06-12,BHARTIARTL,1405.354173630929,1427.889127004306,1402.4941305334312,1418.5694580078125,4876138.0,691.7140439831298
2024-06-13,BHARTIARTL,1429.0232114676485,1435.8773464180806,1400.8667708438215,1406.09375,7990376.0,1123.521775375
2024-06-14,BHARTIARTL,1414.2300538746206,1414.2300538746206,1401.3599205013531,1407.7210693359375,3978442.0,560.0536626531006
2024-06-18,BHARTIARTL,1424.0921001657716,1424.0921001657716,1398.4505526558617,1408.6578369140625,8671131.0,1221.4656638058473
2024-06-19,BHARTIARTL,1414.1806273124805,1415.0190049949163,1369.1600828503258,1373.1541748046875,8640918.0,1186.531262584497
2024-06-20,BHARTIARTL,1386.566662326162,1387.552875712471,1357.2761729077358,1362.108642578125,8742855.0,1190.8718356307372
2024-06-21,BHARTIARTL,1365.8562536401241,1404.3185777456931,1353.923095110488,1396.527587890625,43929578.0,6134.886760139307
2024-06-24,BHARTIARTL,1382.6711834457599,1404.170683668555,1370.195559888549,1400.225830078125,6195831.0,867.5562604998779
2024-06-25,BHARTIARTL,1414.2301644254685,1414.2301644254685,1390.4130842316201,1395.4427490234375,6353748.0,886.6291575722167
2024-06-26,BHARTIARTL,1395.4426823885688,1459.546557073419,1389.525401648429,1439.3785400390625,9579826.0,1378.8995961708251
2024-06-27,BHARTIARTL,1443.8164905588649,1468.4718268047473,1420.1967265902633,1455.453857421875,19675528.0,2863.682312441211
2024-06-28,BHARTIARTL,1515.0703049699323,1515.0703049699323,1416.8434764029776,1424.1414794921875,29145832.0,4150.778830551074
2024-07-01,BHARTIARTL,1430.0094919322773,1446.5779259247906,1429.2698318502432,1433.954345703125,6011806.0,862.0655339224121
2024-07-02,BHARTIARTL,1441.8441118310177,1453.0869696122393,1397.4645051057128,1399.3875732421875,7792632.0,1090.4912383649414
2024-07-03,BHARTIARTL,1408.2634513723176,1412.6521734684666,1389.0322890481596,1400.275146484375,8261388.0,1156.8216291864258
2024-07-04,BHARTIARTL,1398.4506044369582,1421.2321099522144,1392.0402173221203,1403.4310302734375,9570938.0,1343.2151378023193
2024-07-05,BHARTIARTL,1402.8886909027945,1413.8356365750676,1397.316560601344,1409.9893798828125,4881198.0,688.2437341105225
2024-07-08,BHARTIARTL,1411.2714479147253,1419.0131994250407,1403.52969640441,1415.3642578125,3261797.0,461.6630890040039
2024-07-09,BHARTIARTL,1416.2024148586067,1421.774544537719,1408.4606638966388,1415.7586669921875,2897480.0,410.21324224365236
2024-07-10,BHARTIARTL,1421.1334732236005,1428.7766268790363,1406.4882286838856,1425.127685546875,3416762.0,486.93221211245117
2024-07-11,BHARTIARTL,1430.0094077210547,1430.8476650205193,1408.31271325908,1418.12548828125,4178558.0,592.5719604061524
2024-07-12,BHARTIARTL,1422.1198465163309,1427.642617959305,1401.8531112282892,1413.490478515625,6342135.0,896.4547435960693
2024-07-15,BHARTIARTL,1413.490391187128,1420.1473318049636,1406.3897026830555,1417.7803955078125,3324806.0,471.3844765666748
2024-07-16,BHARTIARTL,1431.9818878121805,1452.9882818420633,1425.0783938626726,1446.281982421875,6967651.0,1007.718810110376
2024-07-18,BHARTIARTL,1445.7889864136769,1465.4638975213081,1438.9348507653756,1463.1956787109375,6470342.0,946.7376454181884
2024-07-19,BHARTIARTL,1459.595929937361,1459.595929937361,1431.932594056229,1441.5975341796875,3858596.0,556.2542478995606
2024-07-22,BHARTIARTL,1430.009433084453,1451.7061279312516,1429.0725785073832,1445.1971435546875,3560584.0,514.5745826186524
2024-07-23,BHARTIARTL,1449.7338080891718,1449.7338080891718,1408.7565900525128,1445.4930419921875,2936143.0,424.4174276794067
2024-07-24,BHARTIARTL,1445.7888482155604,1455.2564728030707,1416.7449116638622,1435.1376953125,4529339.0,650.0225133749024
2024-07-25,BHARTIARTL,1425.0784546976074,1433.9543758687344,1420.2459846491834,1429.1712646484375,4277756.0,611.3645952377442
2024-07-26,BHARTIARTL,1430.2559923593205,1499.0443774426253,1429.1711816899629,1493.5216064453125,9564987.0,1428.551474986853
2024-07-29,BHARTIARTL,1503.975486556938,1503.975486556938,1456.6866005608056,1460.92724609375,4589313.0,670.4652402552246
2024-07-30,BHARTIARTL,1463.9352039310047,1464.4283106340004,1443.8657851965568,1450.078857421875,4263689.0,618.2685273522217
2024-07-31,BHARTIARTL,1457.4754980696648,1483.4129595158647,1452.8403430889193,1470.9866943359375,5634305.0,828.7987686830444
2024-08-01,BHARTIARTL,1464.5270085532734,1490.1685588713779,1464.5270085532734,1484.744384765625,4531379.0,672.7939525494874
2024-08-02,BHARTIARTL,1473.5014802768655,1484.399186970816,1463.1462391312123,1473.2056884765625,3335905.0,491.44742222174074
2024-08-05,BHARTIARTL,1461.568369787859,1467.4856506372025,1431.4888588036958,1445.4930419921875,5111901.0,738.9217326852905
2024-08-06,BHARTIARTL,1462.6531062177266,1472.3180459355494,1411.370008129027,1423.6484375,8249573.0,1174.4491711492187
2024-08-07,BHARTIARTL,1439.9620182043307,1442.8379996148785,1410.8057382521752,1429.7969970703125,5700734.0,815.0892354296631
2024-08-08,BHARTIARTL,1423.1030271553045,1454.34187409286,1418.1444800223592,1439.7637939453125,5986360.0,861.8944385522461
2024-08-09,BHARTIARTL,1452.8542325699207,1469.7132919239743,1445.2181188152174,1451.961669921875,3615910.0,525.0162721887207
2024-08-12,BHARTIARTL,1453.8459980796479,1465.2506563183356,1433.0201004263924,1446.50732421875,4028226.0,582.6858412608399
2024-08-13,BHARTIARTL,1455.8293808709282,1466.1431827127315,1438.3256859696467,1447.59814453125,4495208.0,650.7254760082031
2024-08-14,BHARTIARTL,1441.0528868298818,1467.829040293595,1441.0528868298818,1459.4986572265625,5891784.0,859.9050836668945
2024-08-16,BHARTIARTL,1467.7298715848824,1478.6386746844998,1455.9285058381872,1471.25048828125,7176426.0,1055.8320256614259
2024-08-19,BHARTIARTL,1474.671955092678,1476.7545207301773,1452.1601989560693,1457.4658203125,4404075.0,641.8788782592774
2024-08-20,BHARTIARTL,1467.7299538379389,1472.440573622216,1434.5076879909316,1437.1357421875,10046892.0,1443.8747591097656
2024-08-21,BHARTIARTL,1440.9538233962949,1454.4410476348723,1435.6977149151705,1451.317138671875,6175510.0,896.262350303955
2024-08-22,BHARTIARTL,1461.4820737350453,1487.4649322833907,1452.8542505000953,1474.0272216796875,6781325.0,999.5857649057007
2024-08-23,BHARTIARTL,1480.6221740935323,1497.4812343477788,1467.085316207143,1494.2581787109375,6238112.0,932.1349875714844
2024-08-26,BHARTIARTL,1496.489504800467,1508.0924565137798,1492.5226671469204,1501.0018310546875,4307432.0,646.5463319143555
2024-08-27,BHARTIARTL,1505.414868633024,1513.6956179082501,1489.547518239,1510.12548828125,3965066.0,598.7747229317383
2024-08-28,BHARTIARTL,1515.282328261828,1551.5293552301443,1509.034631681102,1543.4468994140625,6225319.0,960.8449308413452
2024-08-29,BHARTIARTL,1552.0252839660698,1558.6696888351357,1533.1331705845757,1552.9178466796875,8036748.0,1248.0409398467284
2024-08-30,BHARTIARTL,1562.9339985302859,1595.0654069756854,1548.6533591036334,1575.8758544921875,37820442.0,5960.032135402222
2024-09-02,BHARTIARTL,1591.6935546081613,1591.6935546081613,1552.5210341053435,1558.322509765625,4890314.0,762.0686386021972
2024-09-03,BHARTIARTL,1565.9092212522494,1565.9092212522494,1545.6783242644397,1547.6617431640625,4546295.0,703.6126844638062
2024-09-04,BHARTIARTL,1545.0832368835377,1553.0169120408345,1529.2158865689444,1548.950927734375,5213811.0,807.593738548169
2024-09-05,BHARTIARTL,1546.0750225923184,1550.0418603667697,1528.7201073290948,1534.372802734375,5652812.0,867.3520991770508
2024-09-06,BHARTIARTL,1539.9264809899037,1542.7031948124218,1517.5137505935581,1526.48876953125,5497805.0,839.2337589572754
2024-09-09,BHARTIARTL,1510.6214083067318,1533.9265802057687,1510.6214083067318,1529.860595703125,3912508.0,598.5591819573242
2024-09-10,BHARTIARTL,1532.3398273000187,1572.8511327043614,1532.3398273000187,1564.7686767578125,6163457.0,964.4384454143677
2024-09-11,BHARTIARTL,1565.3636304646234,1585.644160024583,1561.3967929242822,1564.7191162109375,5994914.0,938.0356535840576
2024-09-12,BHARTIARTL,1582.916941982038,1639.097302247129,1576.917051844284,1633.097412109375,12204496.0,1993.113083369922
2024-09-13,BHARTIARTL,1637.3122533966011,1641.1799443485638,1617.527698879112,1620.8994140625,5609618.0,909.2626529314454
2024-09-16,BHARTIARTL,1620.8994038668964,1639.2460280324376,1616.5854921261139,1621.89111328125,3762063.0,610.1656547304199
2024-09-17,BHARTIARTL,1636.3205587342034,1652.2375435015663,1624.9159002945407,1647.97314453125,4223072.0,695.9509243421875
2024-09-18,BHARTIARTL,1641.477371829532,1657.0967950829047,1634.1883318562805,1641.179931640625,3171195.0,520.4501593319092
2024-09-19,BHARTIARTL,1634.0395229327034,1697.5089242598776,1634.0395229327034,1651.04736328125,8498240.0,1403.099674453125
2024-09-20,BHARTIARTL,1657.1464350262888,1709.1120326642626,1652.187887943625,1697.55859375,21646275.0,3674.582014892578
2024-09-23,BHARTIARTL,1704.7485306163608,1739.7062884431361,1704.7485306163608,1735.937744140625,5001827.0,868.286027896167
2024-09-24,BHARTIARTL,1737.4748308899004,1752.8959601467361,1731.623721345911,1742.0863037109375,7579205.0,1320.3629223517455
2024-09-25,BHARTIARTL,1740.9955313468167,1752.2514091209669,1730.5329484785486,1745.8052978515625,4017103.0,701.3079699415405
2024-09-26,BHARTIARTL,1755.3256477718326,1764.2510324215198,1731.6734026618167,1756.41650390625,7417423.0,1302.8084173653808
2024-09-27,BHARTIARTL,1740.6483058195895,1748.8299084418002,1708.2194565766843,1720.2191162109375,7116861.0,1224.2560339616089
2024-09-30,BHARTIARTL,1699.7898894037503,1718.6323677577009,1690.07108898735,1695.3768310546875,6907288.0,1171.045604062207
2024-10-01,BHARTIARTL,1690.8645168244616,1708.5665052962765,1681.9391322781742,1684.61669921875,3649090.0,614.7317950952148
2024-10-03,BHARTIARTL,1651.1961537838697,1680.9474358340296,1651.1961537838697,1659.5760498046875,7200276.0,1194.9405601583496
2024-10-04,BHARTIARTL,1656.2043744726727,1672.716239560555,1616.6351441837319,1627.2960205078125,8576527.0,1395.6548256877807
2024-10-07,BHARTIARTL,1637.31219276775,1656.1546710612615,1628.8330291123602,1648.2706298828125,5387707.0,888.0399210514038
2024-10-08,BHARTIARTL,1648.8160679915902,1665.5759815080908,1638.3039722842311,1643.708740234375,5224335.0,858.7285101412353
2024-10-09,BHARTIARTL,1652.9316226564424,1690.467798785298,1647.278927567443,1664.1875,3414614.0,568.2557936125
2024-10-10,BHARTIARTL,1672.617029799058,1684.86461653074,1651.1961312272244,1664.1875,5047657.0,840.02476836875
2024-10-11,BHARTIARTL,1664.187576305186,1676.236870135029,1644.8988762450629,1673.4105224609375,2367678.0,396.20972789992675
2024-10-14,BHARTIARTL,1672.0220941797384,1695.8727543260768,1665.4272022775158,1681.54248046875,2069815.0,348.0481849211426
2024-10-15,BHARTIARTL,1693.8396276523147,1718.3844349031313,1685.8563186888402,1703.012939453125,5891334.0,1003.3018032640136
2024-10-16,BHARTIARTL,1705.7401652065914,1727.8056993204557,1702.864183739646,1719.574462890625,3299887.0,567.4401415624756
2024-10-17,BHARTIARTL,1722.351340028693,1723.541342912728,1680.352470185237,1687.0465087890625,4373392.0,737.8115705166016
2024-10-18,BHARTIARTL,1695.8231174450298,1701.8725207283533,1671.228675271638,1693.69091796875,4154915.0,703.7141800432129
2024-10-21,BHARTIARTL,1691.4100446873852,1694.7817598587612,1648.2210511511773,1678.517822265625,3836168.0,643.9076357205079
2024-10-22,BHARTIARTL,1677.9722874963065,1698.6990379542221,1673.3608146222061,1678.22021484375,3070057.0,515.2231718122558
2024-10-23,BHARTIARTL,1675.9888614644642,1687.2447387780294,1666.1709143365383,1671.82373046875,2764757.0,462.218636157959
2024-10-24,BHARTIARTL,1673.0138321388245,1678.9640888032186,1643.6592568061362,1664.53466796875,3669575.0,610.8134804211426
2024-10-25,BHARTIARTL,1667.1626539919503,1670.7824175263368,1642.1219915538793,1652.1878662109375,3434386.0,567.4250877084717
2024-10-28,BHARTIARTL,1644.4029739708797,1663.9396008243875,1632.0066064094465,1649.559814453125,2811651.0,463.7986501866943
2024-10-29,BHARTIARTL,1636.8163962480994,1654.121677188332,1596.6521647739714,1623.5274658203125,6990747.0,1134.9669761100952
2024-10-30,BHARTIARTL,1614.3046789789096,1637.3122896223679,1604.3875845535772,1619.80859375,4622628.0,748.7772560109375
2024-10-31,BHARTIARTL,1620.453196677562,1625.2134503297918,1588.8672757765003,1599.2305908203125,4921681.0,787.0902813459106
2024-11-01,BHARTIARTL,1606.5692007178998,1612.866531089306,1592.0406340429627,1603.048583984375,279441.0,44.79574993571777
2024-11-04,BHARTIARTL,1605.726334262962,1610.3873201213667,1560.008554136931,1578.0576171875,6094029.0,961.6728882811524
2024-11-05,BHARTIARTL,1570.123975571089,1580.6857053503006,1553.016987679978,1565.314208984375,6473278.0,1013.2714032105957
2024-11-06,BHARTIARTL,1569.8759869347814,1597.3959229028424,1553.5127817645832,1585.5450439453125,6631728.0,1051.490346319336
2024-11-07,BHARTIARTL,1582.718565296283,1595.214200557558,1556.6366807641537,1562.7357177734375,5160994.0,806.5269663014404
2024-11-08,BHARTIARTL,1557.9754997056518,1566.4050297804436,1545.9262060341464,1556.8846435546875,3096384.0,482.0712700148438
2024-11-11,BHARTIARTL,1548.0584034325336,1568.4875932572072,1538.9347251988436,1547.6121826171875,3664301.0,567.0916868376343
2024-11-12,BHARTIARTL,1555.79381090626,1581.7765496942259,1537.2487718266007,1542.7528076171875,4479934.0,691.1430756439697
2024-11-13,BHARTIARTL,1546.967551869879,1559.4630663776882,1533.5298407760313,1537.5958251953125,5816699.0,894.3732098817749
2024-11-14,BHARTIARTL,1537.1495310547505,1555.0002998024831,1523.811088386004,1537.6453857421875,5139154.0,790.2196434718505
2024-11-18,BHARTIARTL,1555.942390635251,1555.942390635251,1516.7698699412754,1524.25732421875,4816078.0,734.0942165508789
2024-11-19,BHARTIARTL,1524.2573190174585,1545.0832160242032,1506.7041113922262,1512.8526611328125,6238241.0,943.7539497637817
2024-11-21,BHARTIARTL,1525.2490568094568,1529.2655283017389,1498.472903016313,1512.505615234375,7356679.0,1112.7018296976808
2024-11-22,BHARTIARTL,1520.2905717507851,1561.9423682371082,1507.5966424935457,1556.2896728515625,7640321.0,1189.0552669570923
2024-11-25,BHARTIARTL,1568.8346766198333,1595.908392348482,1549.5956106194408,1565.6612548828125,12155641.0,1903.1616141964967
2024-11-26,BHARTIARTL,1576.8180013485198,1591.544862243798,1553.0169749130705,1564.1737060546875,4030593.0,630.4547590408081
2024-11-27,BHARTIARTL,1556.1409042638131,1570.619837990379,1541.2652625464616,1564.5704345703125,4982785.0,779.5918092820434
2024-11-28,BHARTIARTL,1557.9754743817023,1575.3303889594742,1544.0419088259516,1547.46337890625,6714728.0,1039.0795679316407
2024-11-29,BHARTIARTL,1538.290116988543,1635.229714428469,1538.290116988543,1613.6600341796875,10775801.0,1738.847940997351
2024-12-02,BHARTIARTL,1613.6599398846556,1632.5519309153465,1603.7923589308846,1629.9735107421875,3790108.0,617.7775642852051
2024-12-03,BHARTIARTL,1639.1965215609926,1639.1965215609926,1599.776072187385,1607.11474609375,9131055.0,1467.4653137893067
2024-12-04,BHARTIARTL,1616.238354059703,1616.9821360910237,1569.2809393606492,1570.966796875,8772014.0,1378.0542735722656
2024-12-05,BHARTIARTL,1586.7350485118698,1608.6022893224847,1572.2064815122776,1601.957763671875,10324005.0,1653.8619961937256
2024-12-06,BHARTIARTL,1604.585874710944,1611.1807667018509,1581.5782641149153,1584.6029052734375,4296866.0,680.8826347170655
2024-12-09,BHARTIARTL,1582.6690244241763,1592.5861182283777,1575.875839379953,1589.263916015625,4264409.0,677.7271346832275
2024-12-10,BHARTIARTL,1597.1976891795864,1598.4868388183645,1557.033456805162,1565.5621337890625,14645786.0,2292.8887981177977
2024-12-11,BHARTIARTL,1574.8344929756463,1574.8344929756463,1558.173726994408,1572.85107421875,3853182.0,606.0481447860352
2024-12-12,BHARTIARTL,1565.413296958698,1604.486671756462,1565.413296958698,1597.1976318359375,13120939.0,2095.6732698263795
2024-12-13,BHARTIARTL,1604.5857779575313,1671.0303064638074,1593.4786813171052,1667.8072509765625,12900707.0,2151.5892677324096
2024-12-16,BHARTIARTL,1667.807251180467,1673.0137254297294,1646.386352766584,1648.7664794921875,4375126.0,721.3561092354736
2024-12-17,BHARTIARTL,1636.8163247292393,1644.8987803535226,1595.1645309463686,1601.908203125,6182486.0,990.3775039105469
2024-12-18,BHARTIARTL,1607.957718950532,1609.5444298514833,1582.8674215591093,1588.619384765625,3905144.0,620.3787458701172
2024-12-19,BHARTIARTL,1573.2478079753505,1596.4041981301114,1572.3056114154133,1587.0325927734375,5865855.0,930.9303069483033
2024-12-20,BHARTIARTL,1596.6521560714723,1608.850230283404,1560.3556157413789,1565.0166015625,9738879.0,1524.1507315608399
2024-12-23,BHARTIARTL,1572.8510896827163,1594.1232076362628,1565.2644886513433,1573.74365234375,4363599.0,686.7186227623536
2024-12-24,BHARTIARTL,1576.8179578613504,1585.545049070309,1561.9423167494508,1570.7685546875,3610076.0,567.0593860832031
2024-12-26,BHARTIARTL,1570.7686146769386,1593.5282980240522,1567.9917798066892,1586.2392578125,3400479.0,539.3973285166992
2024-12-27,BHARTIARTL,1586.2392296228948,1614.949169131801,1583.0658078775332,1586.5863037109375,2559578.0,406.0991398079834
2024-12-30,BHARTIARTL,1591.6935680584866,1599.676877056794,1567.991689468889,1573.74365234375,4438130.0,698.4478915776367
2024-12-31,BHARTIARTL,1569.876050062244,1583.9582757456174,1550.388935273378,1574.586669921875,2249626.0,354.2231111909668
2025-01-01,BHARTIARTL,1579.793136063459,1593.2308473829798,1570.9173850092022,1582.470703125,1405565.0,222.42654338378907
2025-01-02,BHARTIARTL,1586.6359345201176,1606.1725617847092,1575.2312761236258,1596.3546142578125,3728040.0,595.1273856137695
2025-01-03,BHARTIARTL,1601.6107360644885,1603.5941549326797,1580.090689767925,1585.5946044921875,3669685.0,581.8632736185913
2025-01-06,BHARTIARTL,1582.9169968001856,1596.5033672751379,1554.1077900561047,1575.28076171875,4584188.0,722.1383164501954
2025-01-07,BHARTIARTL,1580.7847975210407,1589.7101821996414,1570.9173373274543,1577.660888671875,2830856.0,446.61307926621095
2025-01-08,BHARTIARTL,1585.4954295765262,1600.0735095752789,1564.7686785607114,1585.941650390625,3674564.0,582.7644094625977
2025-01-09,BHARTIARTL,1586.7350846801287,1606.7675667009034,1579.198117239554,1593.7266845703125,4684859.0,746.638480174939
2025-01-10,BHARTIARTL,1594.668767171449,1611.5278275208984,1578.603122791168,1602.5032958984375,4145892.0,664.3805594438965
2025-01-13,BHARTIARTL,1566.9008981935704,1601.3131669647628,1565.016626066365,1583.958251953125,3705039.0,586.8627097858155
2025-01-14,BHARTIARTL,1591.3960676641,1619.8582008285803,1565.4133291231879,1586.834228515625,7284572.0,1155.9408189686524
2025-01-15,BHARTIARTL,1594.7184135262914,1600.470255643723,1579.7931380299403,1594.123291015625,2960985.0,472.01751528479
2025-01-16,BHARTIARTL,1605.6272288932903,1621.4449461526285,1587.2806041203096,1616.6846923828125,5299325.0,856.7337607461548
2025-01-17,BHARTIARTL,1616.5855003569166,1625.4117384012577,1609.544387690812,1614.007080078125,2678801.0,432.3603780120361
2025-01-20,BHARTIARTL,1624.4200364154299,1631.3620023830172,1604.6849946673472,1627.5439453125,3933044.0,640.1201948847656
2025-01-21,BHARTIARTL,1640.2874187370853,1642.9649858098971,1606.8668589309905,1612.6683349609375,7958844.0,1283.4975701693847
2025-01-22,BHARTIARTL,1614.0070368382655,1627.3951136415324,1609.0981237670446,1618.2218017578125,3262136.0,527.8859595499024
2025-01-23,BHARTIARTL,1611.0319869360887,1631.7587384650515,1603.7924595933343,1622.4366455078125,2457080.0,398.6456632944336
2025-01-24,BHARTIARTL,1620.5028200642591,1648.1219030954665,1620.5028200642591,1631.1636962890625,3620058.0,590.4907188060791
2025-01-27,BHARTIARTL,1625.362089411334,1633.5436920454204,1580.4872386001332,1589.3134765625,6622807.0,1052.571641777246
2025-01-28,BHARTIARTL,1594.3216193165626,1616.783861131008,1583.7598901393571,1604.932861328125,5216471.0,837.2085728065185
2025-01-29,BHARTIARTL,1606.5692417735918,1613.4120609039126,1579.9418683669626,1587.1812744140625,5009227.0,795.0551293689331
2025-01-30,BHARTIARTL,1593.3794629145157,1631.3123479015524,1581.974804683119,1627.147216796875,4283637.0,697.0108022318116
2025-01-31,BHARTIARTL,1625.5108240580212,1625.5108240580212,1561.1984948377387,1612.8170166015625,8340866.0,1345.2290617993408
2025-02-01,BHARTIARTL,1613.511268821351,1630.370329405225,1595.858792257276,1609.7923583984375,2741589.0,441.3389022069214
2025-02-03,BHARTIARTL,1606.4700794072216,1647.229311488262,1594.7678600774923,1638.6510009765625,4146970.0,679.5436541519775
2025-02-04,BHARTIARTL,1648.369806325564,1654.4688433579638,1615.544249339391,1647.675537109375,6385876.0,1052.1851668213867
2025-02-05,BHARTIARTL,1656.1547111591876,1661.3115516568514,1635.4279603228454,1646.683837890625,3920893.0,645.6471133198486
2025-02-06,BHARTIARTL,1652.0887017540035,1653.477119115643,1599.8751780090004,1606.3212890625,5229162.0,839.9714244556641
2025-02-07,BHARTIARTL,1621.494520867708,1693.3934531647135,1621.4448869738474,1662.8487548828125,14873255.0,2473.1973557804567
2025-02-10,BHARTIARTL,1684.7655138415037,1685.906003879313,1664.1380306643002,1679.013671875,6782878.0,1138.8544896660155
2025-02-11,BHARTIARTL,1691.8562956698006,1692.500931014039,1672.2204004385974,1682.6829833984375,8965266.0,1508.5700539840577
2025-02-12,BHARTIARTL,1689.872896818191,1699.492430025827,1670.5345626116448,1697.3603515625,7148192.0,1213.305768615625
2025-02-13,BHARTIARTL,1695.823048734932,1714.070525634729,1689.7736456967139,1700.3848876953125,5356002.0,910.7264859265869
2025-02-14,BHARTIARTL,1699.7899351304422,1709.8061759974432,1691.112477760319,1702.814697265625,5125863.0,872.8394852570068
2025-02-17,BHARTIARTL,1697.5585223514956,1702.6658498434836,1652.4357457970964,1661.65869140625,4906462.0,815.2865226354493
2025-02-18,BHARTIARTL,1677.9723057142642,1681.889509423088,1642.0724738380143,1655.0638427734375,7529598.0,1246.196540041919
2025-02-19,BHARTIARTL,1656.1547449752838,1659.5760940790167,1624.8662640945047,1631.560302734375,7776555.0,1268.7918430030518
2025-02-20,BHARTIARTL,1626.254626147329,1636.122207256284,1613.7591119899116,1629.8743896484375,5524503.0,900.4245955235962
2025-02-21,BHARTIARTL,1629.8744330069487,1644.9483677790772,1615.6929398668744,1625.65966796875,5447583.0,885.5915971012207
2025-02-24,BHARTIARTL,1613.511174849537,1623.973757319966,1584.7516025873142,1588.0242919921875,4673190.0,742.113924109497
2025-02-25,BHARTIARTL,1583.7599475515622,1635.4776181406846,1583.7599475515622,1627.7918701171875,6286808.0,1023.3614951387696
2025-02-27,BHARTIARTL,1629.7753190712936,1642.270833812559,1625.0646992279303,1636.71728515625,7568745.0,1238.7895768439942
2025-02-28,BHARTIARTL,1628.3372818952935,1634.7833933159038,1546.5708862217894,1557.18212890625,13640211.0,2124.029280371045
2025-03-03,BHARTIARTL,1565.9091795525883,1589.4622783583984,1559.7109956563227,1582.5699462890625,6993525.0,1106.7742483621216
2025-03-04,BHARTIARTL,1575.8262866626471,1577.3138508099057,1555.0003886010263,1562.2894287109375,5219668.0,815.4632137780761
2025-03-05,BHARTIARTL,1564.9174367927353,1612.6186348305923,1564.0248741190308,1604.833740234375,6295425.0,1010.311044911499
2025-03-06,BHARTIARTL,1604.5858711625117,1618.221875939078,1577.2642277141515,1613.412109375,5174009.0,834.7808774615235
2025-03-07,BHARTIARTL,1615.494684360612,1628.7836151225642,1602.2057535986596,1617.1805419921875,3035558.0,490.9045331688721
2025-03-10,BHARTIARTL,1626.4034856746728,1641.1799805793491,1613.1145549337234,1617.428466796875,3778450.0,611.1372590368652
2025-03-11,BHARTIARTL,1616.4863098758956,1662.5016499024227,1610.5856874134624,1649.1630859375,6078564.0,1002.4543364308594
2025-03-12,BHARTIARTL,1675.9888579676951,1702.417937247302,1620.4531324965762,1629.229736328125,9907628.0,1614.1802154077147
2025-03-13,BHARTIARTL,1637.1139063985204,1643.163309454644,1616.0895947345548,1618.965576171875,8317331.0,1346.5472574627197
2025-03-17,BHARTIARTL,1598.833904929244,1634.7338591616337,1598.833904929244,1625.560546875,6405522.0,1041.2563845339844
2025-03-18,BHARTIARTL,1625.560546875,1625.560546875,1625.560546875,1625.560546875,0.0,0.0
2025-03-19,BHARTIARTL,1621.444827000761,1628.4364265129727,1614.0070066934181,1623.5770263671875,6283464.0,1020.1687796405273
2025-03-20,BHARTIARTL,1646.2375771399904,1695.4759722582721,1632.4527924932477,1691.1124267578125,12074465.0,2041.9277807952271
2025-03-21,BHARTIARTL,1695.4760559490876,1717.045736111863,1677.9723602490183,1711.4921875,14715349.0,2518.5204849835936
2025-03-24,BHARTIARTL,1725.5743618261117,1725.5743618261117,1700.6328461202454,1704.5501708984375,4120999.0,702.444954972229
2025-03-25,BHARTIARTL,1710.6986746006844,1726.0701699376762,1691.9553431716658,1716.153076171875,4857399.0,833.6040236044189
2025-03-26,BHARTIARTL,1724.7314760545662,1750.3671405587422,1711.8392534895443,1724.136474609375,7142394.0,1231.4462011431153
2025-03-27,BHARTIARTL,1725.5246911253353,1731.9212892754517,1699.0460990440622,1710.401123046875,6222339.0,1064.269561357837
2025-03-28,BHARTIARTL,1718.9300280719228,1731.2767622290205,1646.237677388042,1719.0291748046875,4133264.0,710.5201403169922
2025-04-01,BHARTIARTL,1700.781669480624,1750.3671408940534,1694.2859243021528,1709.8558349609375,6773056.0,1158.0949322117187
2025-04-02,BHARTIARTL,1705.7402225998721,1745.8053078539904,1702.7154604097407,1740.0533447265625,6431226.0,1119.0676311992431
2025-04-03,BHARTIARTL,1733.5080770555912,1740.4004091446,1721.0620753330531,1731.524658203125,2341989.0,405.52117027404785
2025-04-04,BHARTIARTL,1739.954164975184,1756.1190768291567,1725.5743784877857,1728.9957275390625,7817334.0,1351.613708674585
2025-04-07,BHARTIARTL,1715.657327978495,1760.036325335164,1655.5597602389971,1672.666748046875,14870388.0,2487.320353815527
2025-04-08,BHARTIARTL,1706.4342809992186,1727.8553004445048,1692.6496174698434,1706.1368408203125,7206935.0,1229.6017312897338
2025-04-09,BHARTIARTL,1705.3931328586782,1712.5333922783918,1697.409823583095,1701.3271484375,5600666.0,952.8565115130859
2025-04-11,BHARTIARTL,1745.4085794041125,1752.3505453449245,1717.9877897262502,1742.0367431640625,8340002.0,1452.8589922061767
2025-04-15,BHARTIARTL,1793.2089346430635,1804.9111542864744,1766.3336334255087,1783.886962890625,10313411.0,1839.7959425832764
2025-04-16,BHARTIARTL,1787.4570207876448,1811.3571927685562,1779.2257844639905,1807.489501953125,6180958.0,1117.2016697013185
2025-04-17,BHARTIARTL,1818.79506784495,1881.9669091826656,1810.5638312738126,1873.438232421875,10894325.0,2040.9844971429443
2025-04-21,BHARTIARTL,1882.6611635747417,1888.5122732911605,1853.1081748053396,1867.7855224609375,3501123.0,653.9346851755005
2025-04-22,BHARTIARTL,1872.3473614239613,1872.3473614239613,1821.5718881815376,1836.8441162109375,6155127.0,1130.6008814481079
2025-04-23,BHARTIARTL,1851.521433311533,1870.2647650162721,1820.8775889127721,1866.0003662109375,6855027.0,1279.1482892385864
2025-04-24,BHARTIARTL,1858.959253741363,1862.2319431555222,1824.2494250505401,1830.298828125,5180688.0,948.220717528125
2025-04-25,BHARTIARTL,1831.3897047100984,1846.2653457438348,1791.0271804618708,1802.13427734375,4570083.0,823.5903224605958
2025-04-28,BHARTIARTL,1820.7785145534906,1823.6544961138422,1798.3659056339327,1806.6962890625,3301891.0,596.5514216588867
2025-04-29,BHARTIARTL,1808.5804197114385,1832.4807135652707,1802.5310164648379,1808.6796875,4684155.0,847.2136001601563
2025-04-30,BHARTIARTL,1821.7702269427543,1861.3394574990027,1811.8531326208015,1849.042236328125,9139821.0,1689.991506147876
2025-05-02,BHARTIARTL,1836.645863591673,1867.9838573549073,1816.9108217312728,1832.8773193359375,3866806.0,708.738101567212
2025-05-05,BHARTIARTL,1852.5132040042204,1857.9676058361385,1833.869018409988,1850.52978515625,3548839.0,656.7232272224121
2025-05-06,BHARTIARTL,1872.644962701827,1896.148427739512,1866.9921463230748,1885.2396240234375,8597920.0,1620.9139468183594
2025-05-07,BHARTIARTL,1885.239594001668,1901.1069446087308,1869.8680981010757,1881.074462890625,5554616.0,1044.8646308763673
2025-05-08,BHARTIARTL,1881.272710309228,1889.9998013528443,1846.9595896728601,1859.35595703125,5500724.0,1022.7803937384766
2025-05-09,BHARTIARTL,1839.6209414378845,1855.5874386047467,1821.2743174936254,1833.07568359375,3686209.0,675.7100082544433
2025-05-12,BHARTIARTL,1853.4057669450206,1867.7855535947258,1838.6292723140127,1855.2900390625,3936019.0,730.2456844260743
2025-05-13,BHARTIARTL,1854.496571926845,1868.0829422390414,1801.5392659286156,1805.506103515625,8817763.0,1592.0524915854248
2025-05-14,BHARTIARTL,1814.8282769743653,1855.1908027985153,1805.1094760295505,1818.993408203125,7401614.0,1346.3487076063964
2025-05-15,BHARTIARTL,1834.5632267321403,1854.3974145533252,1809.8696386831102,1851.7197265625,8788351.0,1627.3562910655273
2025-05-16,BHARTIARTL,1818.7950030308969,1818.7950030308969,1795.0931246357968,1798.9608154296875,100662047.0,18108.70781539415
2025-05-19,BHARTIARTL,1806.8944960207482,1813.5389004642545,1794.0022740403588,1803.2252197265625,5799804.0,1045.8352842270997
2025-05-20,BHARTIARTL,1794.7957609339292,1809.770548999271,1784.581105460745,1793.9031982421875,12512596.0,2244.6385982712404
2025-05-21,BHARTIARTL,1797.9691415627142,1811.3572184579689,1790.3330276087313,1807.390380859375,6849562.0,1237.9832471899902
2025-05-22,BHARTIARTL,1804.812016356604,1821.4726621501404,1801.241886619295,1816.2166748046875,6496923.0,1179.9819887522094
2025-05-23,BHARTIARTL,1809.8696336077833,1826.5303997541675,1806.3986507488094,1816.5140380859375,3460945.0,628.6855177543335
2025-05-26,BHARTIARTL,1818.79505409742,1834.6624046238971,1815.7207791445708,1832.083984375,3254715.0,596.2911225205078
2025-05-27,BHARTIARTL,1828.7122094805422,1842.1994336685257,1818.4975538133851,1828.513916015625,5847725.0,1069.264653953247
2025-05-28,BHARTIARTL,1832.678970068801,1851.5214486571706,1829.8029885989208,1840.7117919921875,3713699.0,683.5849541209594
2025-05-29,BHARTIARTL,1842.5961096408364,1851.5214944561042,1835.1582889614467,1848.149658203125,5786774.0,1069.482439019873
2025-05-30,BHARTIARTL,1838.6292008609764,1851.521422873486,1827.7203976196222,1840.8109130859375,16712960.0,3076.539915796875
2025-06-02,BHARTIARTL,1828.7121527216095,1843.5877938771541,1816.3157850919893,1838.7283935546875,3199499.0,588.300965644983
2025-06-03,BHARTIARTL,1851.5214287655804,1854.0007022374143,1816.8116001599053,1826.0345458984375,5596977.0,1022.0273354598999
2025-06-04,BHARTIARTL,1839.6209109553906,1868.9754845681452,1834.6623640255916,1859.851806640625,5892170.0,1095.8563019533692
2025-06-05,BHARTIARTL,1868.3804731686369,1873.3390200719505,1853.1081244947754,1863.2236328125,8999675.0,1676.8407147631835
2025-06-06,BHARTIARTL,1856.5792184367435,1866.2980193721837,1851.8190857596499,1854.6949462890625,4644174.0,861.3526047487061
2025-06-09,BHARTIARTL,1858.463445042735,1859.4551544584463,1833.373148401931,1849.63720703125,3649505.0,675.0260235246582
2025-06-10,BHARTIARTL,1851.1247304530432,1860.050114998196,1834.959939967343,1841.7034912109375,7925901.0,1459.7159542692261
2025-06-11,BHARTIARTL,1842.4969729787406,1851.0256498593915,1832.4807319540828,1844.77783203125,8907265.0,1643.1925016027833
2025-06-12,BHARTIARTL,1856.3808230050638,1867.3887729729095,1816.4148863444686,1828.910400390625,7346031.0,1343.5232497491943
2025-06-13,BHARTIARTL,1799.952525301367,1829.3070987475194,1799.952525301367,1825.1419677734375,4613000.0,841.9379897338868
2025-06-16,BHARTIARTL,1826.827881095153,1854.4965978631628,1823.5553126750672,1845.8687744140625,5722187.0,1056.2406304658082
2025-06-17,BHARTIARTL,1863.4219260072807,1863.4219260072807,1832.2822272471274,1839.422607421875,6561555.0,1206.9472606842041
2025-06-18,BHARTIARTL,1832.2823329288224,1855.4883579832406,1827.8196404590603,1850.4306640625,5069427.0,938.0623170026367
2025-06-19,BHARTIARTL,1856.4800514867475,1863.4220174912384,1848.6455227843087,1861.4385986328125,4712312.0,877.1679445600586
2025-06-20,BHARTIARTL,1864.4136798927684,1932.8416287824498,1858.4634234675787,1920.6435546875,16228526.0,3116.9213863978516
2025-06-23,BHARTIARTL,1913.9991306359723,1932.8416091240983,1911.1231491813926,1920.2469482421875,2946463.0,565.793658385852
2025-06-24,BHARTIARTL,1934.7259575561889,1946.7256174869638,1913.1066434878355,1917.5693359375,6837210.0,1311.0824239365234
2025-06-25,BHARTIARTL,1925.8996376580956,1953.6675006109415,1921.9328000934033,1949.303955078125,4152765.0,809.500123901001
2025-06-26,BHARTIARTL,1953.6675658769398,2001.6663262248617,1949.9982894303303,1997.600341796875,9413241.0,1880.3893439016358
2025-06-27,BHARTIARTL,1993.3358611340732,2022.095433259888,1991.9474437853098,2010.2940673828125,6405854.0,1287.765029272046
2025-06-30,BHARTIARTL,2001.2695922519854,2007.1207019910378,1983.6171163053416,1992.939208984375,5597484.0,1115.5445335262696
2025-07-01,BHARTIARTL,1992.3441571547958,2013.9634702002932,1990.261591655139,2002.657958984375,3769165.0,754.8348285975342
2025-07-02,BHARTIARTL,2020.11202533933,2028.8391163856081,2001.5671081888327,2016.4427490234375,6513288.0,1313.3672359901368
2025-07-03,BHARTIARTL,2024.8722993688673,2027.9465742942143,1996.2118735251586,2002.558837890625,5558647.0,1113.1517676564208
2025-07-04,BHARTIARTL,2010.1949970414346,2019.6162365440955,1988.4765365025921,2000.4761962890625,2178315.0,435.7667305519409
2025-07-07,BHARTIARTL,2001.2696375863966,2019.1204073963843,1993.9309635639677,2017.037841796875,4165432.0,840.183397143164
2025-07-08,BHARTIARTL,2009.2032064202972,2018.1285908515817,1998.0961097735637,2013.1700439453125,3624619.0,729.6974391515015
2025-07-09,BHARTIARTL,2018.128646712418,2023.7813419187191,1981.931253294726,2002.9554443359375,2937734.0,588.4150309310791
2025-07-10,BHARTIARTL,2011.7816836964873,2011.7816836964873,1946.0314224882566,1948.213134765625,5695845.0,1109.672004258911
2025-07-11,BHARTIARTL,1925.8996432020544,1942.8578496282753,1898.3300736247704,1905.96630859375,13103980.0,2497.574438848633
2025-07-14,BHARTIARTL,1899.1234997073275,1911.5198671988896,1884.4461521740072,1904.974609375,5269381.0,1003.8037012123046
2025-07-15,BHARTIARTL,1908.8423349640334,1926.8913979367326,1907.2555030496296,1918.164306640625,4163140.0,798.5586551547851
2025-07-16,BHARTIARTL,1927.8831074944278,1927.8831074944278,1912.809172772721,1920.54443359375,4211258.0,808.7908110327148
2025-07-17,BHARTIARTL,1927.585541707482,1928.7756656405695,1911.6190443360201,1913.9000244140625,6256455.0,1197.4229377245483
2025-07-18,BHARTIARTL,1915.0999755859375,1916.0,1891.800048828125,1901.0,4643961.0,882.8169861
2025-07-21,BHARTIARTL,1894.800048828125,1919.9000244140625,1892.5999755859375,1909.199951171875,5109654.0,975.5351167305175
2025-07-22,BHARTIARTL,1909.199951171875,1911.300048828125,1883.0,1906.800048828125,4513541.0,860.6420199187744
2025-07-23,BHARTIARTL,1920.0,1949.0,1907.300048828125,1943.800048828125,5194282.0,1009.6645605227051
2025-07-24,BHARTIARTL,1943.800048828125,1970.4000244140625,1933.699951171875,1936.0999755859375,4150685.0,803.6141127164917
2025-07-25,BHARTIARTL,1936.0999755859375,1952.699951171875,1925.0,1937.9000244140625,3896884.0,755.1771598738769
2025-07-28,BHARTIARTL,1930.0,1930.0,1885.0,1890.300048828125,3575044.0,675.7905847762695
2025-07-29,BHARTIARTL,1880.0,1923.5999755859375,1880.0,1918.300048828125,3748040.0,718.9865315009765
2025-07-30,BHARTIARTL,1934.0,1939.199951171875,1922.0999755859375,1932.5999755859375,5044683.0,974.9354242638794
2025-07-31,BHARTIARTL,1913.0,1926.5,1895.5999755859375,1914.300048828125,4674966.0,894.9287642069825
2025-08-01,BHARTIARTL,1914.0,1919.699951171875,1878.0,1884.4000244140625,5192594.0,978.4924260372314
2025-08-04,BHARTIARTL,1892.0,1919.9000244140625,1878.5,1914.5999755859375,3074380.0,588.6207872941894
2025-08-05,BHARTIARTL,1920.0,1937.5999755859375,1912.0999755859375,1931.800048828125,5167672.0,998.2909021927734
2025-08-06,BHARTIARTL,1930.0,1964.800048828125,1921.5999755859375,1929.699951171875,5461349.0,1053.876489863257
2025-08-07,BHARTIARTL,1928.0999755859375,1933.300048828125,1909.0999755859375,1922.5999755859375,4268534.0,820.6683364187744
2025-08-08,BHARTIARTL,1886.300048828125,1893.800048828125,1856.0,1858.5999755859375,93801105.0,17433.873146293397
2025-08-11,BHARTIARTL,1863.0,1866.0,1845.699951171875,1857.4000244140625,5266532.0,978.2056665377442
2025-08-12,BHARTIARTL,1857.4000244140625,1865.0,1847.0999755859375,1850.300048828125,4645011.0,859.4664080107178
2025-08-13,BHARTIARTL,1853.0,1872.5,1851.800048828125,1867.4000244140625,6697206.0,1250.6362647906005
2025-08-14,BHARTIARTL,1873.0,1883.0,1866.800048828125,1873.800048828125,3958631.0,741.7682961092529
2025-08-18,BHARTIARTL,1892.5,1912.5999755859375,1870.300048828125,1892.300048828125,7146376.0,1352.308765374414
2025-08-19,BHARTIARTL,1901.0999755859375,1931.800048828125,1900.0,1909.699951171875,5706265.0,1089.725399187378
2025-08-20,BHARTIARTL,1937.0,1952.0,1926.0,1928.4000244140625,6962619.0,1342.6714649585815
2025-08-21,BHARTIARTL,1930.0,1940.9000244140625,1927.699951171875,1929.9000244140625,3376913.0,651.7104481144165
2025-08-22,BHARTIARTL,1934.0,1947.699951171875,1917.4000244140625,1933.300048828125,3271920.0,632.5603095761719
2025-08-25,BHARTIARTL,1940.0,1940.0999755859375,1913.199951171875,1930.699951171875,2451388.0,473.28946919033206
2025-08-26,BHARTIARTL,1922.0999755859375,1925.800048828125,1896.199951171875,1904.699951171875,5984656.0,1139.897399098047
2025-08-28,BHARTIARTL,1893.0,1899.800048828125,1878.199951171875,1881.0999755859375,5494113.0,1033.4975830166381
2025-08-29,BHARTIARTL,1872.5,1900.0999755859375,1872.5,1888.800048828125,4339042.0,819.5582741467285
2025-09-01,BHARTIARTL,1889.0,1904.800048828125,1884.199951171875,1900.5999755859375,3421488.0,650.2880009267578
2025-09-02,BHARTIARTL,1904.5,1917.5,1878.0,1887.199951171875,4423049.0,834.717785683081
2025-09-03,BHARTIARTL,1891.0,1892.0999755859375,1870.0,1883.9000244140625,3803044.0,716.4554684447754
2025-09-04,BHARTIARTL,1899.0,1903.5,1876.5999755859375,1880.4000244140625,5205333.0,978.8108300283325
2025-09-05,BHARTIARTL,1887.0,1910.699951171875,1875.699951171875,1895.300048828125,2620140.0,496.59514699365235
2025-09-08,BHARTIARTL,1898.0,1899.0,1884.0999755859375,1887.699951171875,2547552.0,480.90137860078124
2025-09-09,BHARTIARTL,1892.0,1904.0,1883.0,1893.699951171875,4517793.0,855.5344383504639
2025-09-10,BHARTIARTL,1904.0,1905.0,1883.0,1891.4000244140625,3566139.0,674.499539166394
2025-09-11,BHARTIARTL,1884.0,1916.0,1882.0999755859375,1913.0,4718266.0,902.6042858
2025-09-12,BHARTIARTL,1925.0,1925.0,1901.5999755859375,1902.5999755859375,3192824.0,607.4666864450195
2025-09-15,BHARTIARTL,1904.0,1913.0,1898.4000244140625,1904.5,3553258.0,676.7179861
2025-09-16,BHARTIARTL,1903.300048828125,1942.0,1902.5,1939.5,5427586.0,1052.6803047
2025-09-17,BHARTIARTL,1938.0999755859375,1950.0999755859375,1932.5999755859375,1941.300048828125,4234637.0,822.0701014869385
2025-09-18,BHARTIARTL,1944.5,1949.800048828125,1920.5,1941.0999755859375,5080814.0,986.2367931356689
2025-09-19,BHARTIARTL,1930.199951171875,1976.800048828125,1927.800048828125,1962.4000244140625,11287603.0,2215.0792402776246
2025-09-22,BHARTIARTL,1954.0,1966.0,1944.0,1956.199951171875,4469137.0,874.252558118042
2025-09-23,BHARTIARTL,1950.0,1955.0,1930.0999755859375,1938.699951171875,4348633.0,843.0694584764404
2025-09-24,BHARTIARTL,1926.0,1937.300048828125,1918.800048828125,1931.0999755859375,5237977.0,1011.5057256819703
2025-09-25,BHARTIARTL,1930.0,1950.0,1928.800048828125,1935.5999755859375,7133365.0,1380.734111984558
2025-09-26,BHARTIARTL,1931.0999755859375,1944.699951171875,1911.9000244140625,1916.5999755859375,3239306.0,620.8453800515381
2025-09-29,BHARTIARTL,1928.0,1928.0,1897.5,1902.199951171875,5072608.0,964.9114689914062
2025-09-30,BHARTIARTL,1896.0,1907.5999755859375,1875.199951171875,1878.4000244140625,5945625.0,1116.826214515686
2025-10-01,BHARTIARTL,1868.0,1877.0,1855.9000244140625,1867.5999755859375,5675393.0,1059.93638282406
2025-10-03,BHARTIARTL,1851.199951171875,1900.300048828125,1848.0999755859375,1896.699951171875,5828332.0,1105.4597019813477
2025-10-06,BHARTIARTL,1892.5999755859375,1907.0,1887.5,1903.0999755859375,2809218.0,534.6222707215576
2025-10-07,BHARTIARTL,1900.0,1946.0,1900.0,1929.0,5713060.0,1102.049274
2025-10-08,BHARTIARTL,1929.0,1962.5999755859375,1927.5999755859375,1943.5,4957406.0,963.4718561
2025-10-09,BHARTIARTL,1945.0,1948.800048828125,1931.300048828125,1942.0,3945737.0,766.2621254
2025-10-10,BHARTIARTL,1937.0,1947.5999755859375,1935.4000244140625,1939.9000244140625,2512581.0,487.41559432423094
2025-10-13,BHARTIARTL,1937.9000244140625,1965.9000244140625,1936.0,1954.9000244140625,3672419.0,717.9211992758667
2025-10-14,BHARTIARTL,1964.0,1964.0,1939.199951171875,1946.5999755859375,4454239.0,867.062152865393
2025-10-15,BHARTIARTL,1957.199951171875,1976.0,1951.5999755859375,1968.5,3447352.0,678.6112412
2025-10-16,BHARTIARTL,1962.300048828125,1986.9000244140625,1962.0,1967.4000244140625,3700674.0,728.0706117948487
2025-10-17,BHARTIARTL,1973.5999755859375,2034.300048828125,1970.300048828125,2012.0,6743801.0,1356.8527612
2025-10-20,BHARTIARTL,2026.0,2057.0,2019.699951171875,2051.5,7387180.0,1515.479977
2025-10-21,BHARTIARTL,2051.800048828125,2058.5,2038.5,2043.5,240850.0,49.2176975
2025-10-23,BHARTIARTL,2063.89990234375,2067.0,2003.5999755859375,2007.9000244140625,8790128.0,1764.9698225802733
2025-10-24,BHARTIARTL,2008.0,2033.0,2006.9000244140625,2029.300048828125,3236799.0,656.8436368746826
2025-10-27,BHARTIARTL,2030.0,2094.0,2030.0,2080.10009765625,5796831.0,1205.7988729196777
2025-10-28,BHARTIARTL,2092.0,2102.60009765625,2071.699951171875,2090.199951171875,9891522.0,2067.5258801415525
2025-10-29,BHARTIARTL,2083.0,2110.39990234375,2081.60009765625,2100.60009765625,2742750.0,576.142091784668
2025-10-30,BHARTIARTL,2070.0,2088.0,2058.60009765625,2066.300048828125,4222189.0,872.4309336861572
2025-10-31,BHARTIARTL,2056.0,2073.800048828125,2051.699951171875,2054.5,4659723.0,957.34009035
2025-11-03,BHARTIARTL,2055.0,2081.0,2047.199951171875,2074.0,2979629.0,617.9750546
2025-11-04,BHARTIARTL,2107.0,2135.60009765625,2103.5,2113.300048828125,12263078.0,2591.5563336183104
2025-11-06,BHARTIARTL,2115.0,2123.300048828125,2080.5,2094.89990234375,9546299.0,1999.8540842844238
2025-11-07,BHARTIARTL,2048.0,2048.0,1995.5999755859375,2001.199951171875,70392750.0,14086.996786285401
2025-11-10,BHARTIARTL,1995.0,2028.800048828125,1992.199951171875,2019.800048828125,7457061.0,1506.1772171914306
2025-11-11,BHARTIARTL,2020.0999755859375,2056.89990234375,2017.4000244140625,2042.300048828125,14825625.0,3027.837466140747
2025-11-12,BHARTIARTL,2060.0,2079.800048828125,2054.89990234375,2073.800048828125,8210277.0,1702.6472843492431
2025-11-13,BHARTIARTL,2099.89990234375,2107.0,2079.0,2091.800048828125,5958875.0,1246.4775015960693
2025-11-14,BHARTIARTL,2090.0,2107.89990234375,2081.89990234375,2100.699951171875,6312655.0,1326.0994050264892
2025-11-17,BHARTIARTL,2112.0,2122.0,2100.89990234375,2112.199951171875,5998770.0,1267.060170109131
2025-11-18,BHARTIARTL,2122.0,2159.0,2110.300048828125,2149.199951171875,10972556.0,2358.2216819430664
2025-11-19,BHARTIARTL,2155.0,2166.199951171875,2146.699951171875,2159.800048828125,7419461.0,1602.4552230078368
2025-11-20,BHARTIARTL,2153.10009765625,2169.300048828125,2149.89990234375,2158.300048828125,7452899.0,1608.5592275611084
2025-11-21,BHARTIARTL,2150.10009765625,2174.5,2148.60009765625,2162.699951171875,6720938.0,1453.53722844292
2025-11-24,BHARTIARTL,2162.10009765625,2165.800048828125,2140.39990234375,2152.10009765625,9686848.0,2084.706652678125
2025-11-25,BHARTIARTL,2159.0,2170.699951171875,2138.699951171875,2161.60009765625,7102592.0,1535.29635608125
2025-11-26,BHARTIARTL,2104.0,2134.89990234375,2097.5,2126.800048828125,43174047.0,9182.256526770776
2025-11-27,BHARTIARTL,2132.0,2136.89990234375,2103.800048828125,2115.60009765625,4444877.0,940.358221527002
2025-11-28,BHARTIARTL,2118.0,2129.5,2096.39990234375,2101.60009765625,6263457.0,1316.3281842865722
2025-12-01,BHARTIARTL,2114.699951171875,2119.0,2083.10009765625,2089.699951171875,5058900.0,1057.1583082983398
2025-12-02,BHARTIARTL,2089.800048828125,2114.800048828125,2087.10009765625,2104.0,6591396.0,1386.8297184
2025-12-03,BHARTIARTL,2100.10009765625,2109.89990234375,2081.60009765625,2086.0,4357641.0,909.0039126
2025-12-04,BHARTIARTL,2094.800048828125,2108.5,2074.10009765625,2103.800048828125,4611819.0,970.2345037386475
2025-12-05,BHARTIARTL,2092.60009765625,2111.89990234375,2090.0,2108.800048828125,2938290.0,619.6266095471192
2025-12-08,BHARTIARTL,2114.39990234375,2114.39990234375,2078.89990234375,2086.199951171875,4327091.0,902.717703291626
2025-12-09,BHARTIARTL,2086.800048828125,2100.39990234375,2080.39990234375,2089.699951171875,5139229.0,1073.9446590361083
2025-12-10,BHARTIARTL,2072.0,2096.89990234375,2062.199951171875,2067.0,3987451.0,824.2061217
2025-12-11,BHARTIARTL,2066.0,2069.199951171875,2038.0,2053.199951171875,3254850.0,668.2857861071777
2025-12-12,BHARTIARTL,2053.10009765625,2087.10009765625,2050.60009765625,2083.39990234375,2706420.0,563.8555163701172
2025-12-15,BHARTIARTL,2070.10009765625,2078.89990234375,2061.5,2069.699951171875,3233614.0,669.2610737908691
2025-12-16,BHARTIARTL,2070.10009765625,2106.60009765625,2070.10009765625,2102.0,5756692.0,1210.0566584
2025-12-17,BHARTIARTL,2117.60009765625,2128.0,2096.39990234375,2108.0,6412516.0,1351.7583728
2025-12-18,BHARTIARTL,2099.0,2116.60009765625,2088.10009765625,2092.0,3760341.0,786.6633372
2025-12-19,BHARTIARTL,2113.89990234375,2115.0,2082.0,2097.699951171875,10127415.0,2124.4277950997316
2025-12-22,BHARTIARTL,2118.0,2151.699951171875,2101.699951171875,2147.60009765625,7670853.0,1647.3924651906739
2025-12-23,BHARTIARTL,2157.0,2164.0,2119.199951171875,2122.89990234375,4110853.0,872.6929432249511
2025-12-24,BHARTIARTL,2111.0,2137.199951171875,2111.0,2123.699951171875,3145464.0,668.0021743212891
2025-12-26,BHARTIARTL,2123.0,2123.0,2101.800048828125,2105.39990234375,1297870.0,273.25353712548826
2025-12-29,BHARTIARTL,2105.39990234375,2112.699951171875,2079.39990234375,2081.60009765625,2371034.0,493.5544605946289
2025-12-30,BHARTIARTL,2077.0,2102.800048828125,2071.60009765625,2099.800048828125,6983390.0,1466.372266298584
2025-12-31,BHARTIARTL,2096.0,2121.0,2090.10009765625,2105.60009765625,2991434.0,629.8763722532227
2026-01-01,BHARTIARTL,2114.800048828125,2123.89990234375,2107.0,2110.39990234375,2097756.0,442.71040575410154
2026-01-02,BHARTIARTL,2108.0,2125.0,2098.0,2106.300048828125,2927138.0,616.543091232666
2026-01-05,BHARTIARTL,2102.10009765625,2112.10009765625,2096.5,2105.0,2642580.0,556.26309
2026-01-06,BHARTIARTL,2106.800048828125,2121.800048828125,2087.5,2105.300048828125,9119265.0,1919.878904977661
2026-01-07,BHARTIARTL,2095.60009765625,2103.800048828125,2077.0,2084.199951171875,4171371.0,869.3971234519776
2026-01-08,BHARTIARTL,2088.0,2092.0,2055.0,2066.300048828125,5534929.0,1143.6824062960204
2026-01-09,BHARTIARTL,2070.199951171875,2084.0,2023.199951171875,2027.0999755859375,4165409.0,844.3700482205444
2026-01-12,BHARTIARTL,2023.5,2048.800048828125,2001.300048828125,2044.0,4689135.0,958.459194
2026-01-13,BHARTIARTL,2047.0,2049.89990234375,2014.9000244140625,2026.9000244140625,7388496.0,1497.5742722783202
2026-01-14,BHARTIARTL,2015.0999755859375,2034.0,2008.699951171875,2022.5,4842964.0,979.489469
2026-01-15,BHARTIARTL,2022.5,2022.5,2022.5,2022.5,0.0,0.0
2026-01-16,BHARTIARTL,2020.0,2029.699951171875,1988.699951171875,2016.4000244140625,7310676.0,1474.12472648833
2026-01-19,BHARTIARTL,2023.0,2023.0,1996.300048828125,2010.0,4272071.0,858.686271
2026-01-20,BHARTIARTL,2018.0,2018.0,1977.0999755859375,1996.0,6076838.0,1212.9368648
2026-01-21,BHARTIARTL,1977.0,2007.0999755859375,1967.0,1996.0999755859375,7952295.0,1587.3575855352174
2026-01-22,BHARTIARTL,2008.800048828125,2018.9000244140625,1990.0,2002.199951171875,6722567.0,1345.992331914966
2026-01-23,BHARTIARTL,2009.0,2011.699951171875,1980.0999755859375,1984.699951171875,4340925.0,861.5433635540771
2026-01-27,BHARTIARTL,1972.0999755859375,2003.800048828125,1962.699951171875,1973.4000244140625,10510891.0,2074.219255601355
2026-01-28,BHARTIARTL,1995.0,1995.0,1939.0,1957.699951171875,9426909.0,1845.5059289001708
2026-01-29,BHARTIARTL,1964.0,1970.5,1939.0,1967.9000244140625,6065044.0,1193.5400235672364
2026-01-30,BHARTIARTL,1925.5999755859375,1974.0,1925.5999755859375,1968.699951171875,7683747.0,1512.699234371704
2026-02-02,BHARTIARTL,1936.0999755859375,1969.800048828125,1926.5,1965.4000244140625,5326225.0,1046.816274503479
2026-02-03,BHARTIARTL,2050.0,2050.0,1980.0999755859375,1997.300048828125,6915795.0,1381.2917691185303
2026-02-04,BHARTIARTL,2008.0,2034.5999755859375,1998.4000244140625,2025.800048828125,7464725.0,1512.2040269488525
2026-02-05,BHARTIARTL,2012.0,2022.9000244140625,1985.0,1992.4000244140625,7708690.0,1535.879414420044
2026-02-06,BHARTIARTL,1994.0,2049.699951171875,1988.5,2038.4000244140625,13870403.0,2827.3429813832886
2026-02-09,BHARTIARTL,2051.199951171875,2055.199951171875,2028.699951171875,2038.199951171875,7570161.0,1542.9501780563232
2026-02-10,BHARTIARTL,2052.0,2057.0,2008.4000244140625,2011.300048828125,9077763.0,1825.8105165150146
2026-02-11,BHARTIARTL,2012.9000244140625,2021.0,1996.699951171875,2012.0999755859375,7423601.0,1493.7027390859741
2026-02-12,BHARTIARTL,2019.199951171875,2027.0,2009.0999755859375,2014.5,7437690.0,1498.3226505
2026-02-13,BHARTIARTL,2013.9000244140625,2024.199951171875,1992.0,2004.699951171875,4808543.0,963.9685917307861
2026-02-16,BHARTIARTL,2010.0,2032.199951171875,1995.0,2029.4000244140625,3455964.0,701.3533425974122
2026-02-17,BHARTIARTL,2028.0,2038.5,2014.199951171875,2020.300048828125,4471158.0,903.3080725718262
2026-02-18,BHARTIARTL,2020.0999755859375,2028.5999755859375,2015.0,2021.800048828125,2182669.0,441.2920290775635
2026-02-19,BHARTIARTL,2032.0,2032.0,1974.800048828125,1988.5999755859375,4712417.0,937.1112331150757
2026-02-20,BHARTIARTL,1981.0999755859375,1993.699951171875,1971.0,1977.4000244140625,5180301.0,1024.3527323872192
2026-02-23,BHARTIARTL,1994.0,2000.5,1983.9000244140625,1997.300048828125,3728878.0,744.7688211474122
2026-02-24,BHARTIARTL,1997.300048828125,1997.300048828125,1921.800048828125,1941.0,10006761.0,1942.3123101
2026-02-25,BHARTIARTL,1955.0,1961.800048828125,1904.0,1913.4000244140625,8285195.0,1585.289231527527
2026-02-26,BHARTIARTL,1914.0,1935.0,1904.5,1929.5999755859375,10795028.0,2083.008576524951
2026-02-27,BHARTIARTL,1910.0,1915.0,1870.0999755859375,1879.300048828125,13754648.0,2584.9110658013674
2026-03-02,BHARTIARTL,1850.0999755859375,1895.9000244140625,1847.9000244140625,1873.199951171875,11785758.0,2207.7081310123535
2026-03-04,BHARTIARTL,1861.0999755859375,1920.0,1815.300048828125,1905.9000244140625,20565585.0,3919.5948953589477
2026-03-05,BHARTIARTL,1919.0,1929.0999755859375,1897.199951171875,1907.0,11398717.0,2173.7353319
2026-03-06,BHARTIARTL,1900.0,1902.0999755859375,1867.0999755859375,1870.800048828125,10896859.0,2038.5844349273193
2026-03-09,BHARTIARTL,1831.0,1872.4000244140625,1818.0999755859375,1866.699951171875,8073518.0,1507.0835656385254
2026-03-10,BHARTIARTL,1880.800048828125,1881.0,1846.5,1850.4000244140625,11741600.0,2172.6656926660157
2026-03-11,BHARTIARTL,1841.0,1847.699951171875,1799.5,1807.0,9548404.0,1725.3966028
2026-03-12,BHARTIARTL,1797.9000244140625,1817.800048828125,1791.0,1801.300048828125,12922735.0,2327.772318649292
2026-03-13,BHARTIARTL,1781.0999755859375,1816.0,1776.5999755859375,1803.4000244140625,8970772.0,1617.789044381299
2026-03-16,BHARTIARTL,1798.0,1804.9000244140625,1770.9000244140625,1788.800048828125,14261268.0,2551.0556894750976
2026-03-17,BHARTIARTL,1797.0,1834.5,1791.0999755859375,1827.0,7181491.0,1312.0584057
2026-03-18,BHARTIARTL,1826.800048828125,1869.0,1826.800048828125,1855.4000244140625,6428092.0,1192.668205373584
2026-03-19,BHARTIARTL,1826.5999755859375,1861.300048828125,1816.300048828125,1827.0,7145082.0,1305.4064814
2026-03-20,BHARTIARTL,1834.0,1860.9000244140625,1834.0,1846.0999755859375,7691633.0,1419.9523493515992
2026-03-23,BHARTIARTL,1827.0,1830.0,1792.0,1795.9000244140625,6874051.0,1234.510835872351
2026-03-24,BHARTIARTL,1816.300048828125,1826.800048828125,1781.0,1802.0999755859375,7535860.0,1358.0373122019043
2026-03-25,BHARTIARTL,1814.0,1849.199951171875,1810.0999755859375,1834.9000244140625,12473682.0,2288.7959406333252
2026-03-27,BHARTIARTL,1839.9000244140625,1856.9000244140625,1818.4000244140625,1843.9000244140625,24490425.0,4515.789525541077
2026-03-30,BHARTIARTL,1818.0,1824.5,1774.5,1782.4000244140625,14240129.0,2538.16062772594
2026-04-01,BHARTIARTL,1811.0,1817.300048828125,1776.5,1781.9000244140625,10694662.0,1905.6818478900148
2026-04-02,BHARTIARTL,1765.0,1799.4000244140625,1746.9000244140625,1789.699951171875,10857093.0,1943.0938811968506
2026-04-06,BHARTIARTL,1812.0999755859375,1814.300048828125,1763.4000244140625,1792.800048828125,8183498.0,1467.1375613984862
2026-04-07,BHARTIARTL,1788.0999755859375,1840.0,1772.0,1830.300048828125,10057628.0,1840.8477019495117
2026-04-08,BHARTIARTL,1864.0,1871.5,1840.199951171875,1861.5999755859375,11587604.0,2157.148332349951
2026-04-09,BHARTIARTL,1869.9000244140625,1869.9000244140625,1846.0999755859375,1859.4000244140625,10113053.0,1880.4210995100707
2026-04-10,BHARTIARTL,1868.0,1874.5999755859375,1859.9000244140625,1870.0,5857988.0,1095.443756
2026-04-13,BHARTIARTL,1838.0,1893.699951171875,1838.0,1870.9000244140625,10371983.0,1940.4943247922242
2026-04-15,BHARTIARTL,1880.5,1890.9000244140625,1853.5999755859375,1855.699951171875,11049107.0,2050.382732039282
2026-04-16,BHARTIARTL,1863.5,1864.9000244140625,1823.199951171875,1840.5999755859375,15871247.0,2921.2616840718383
2026-04-17,BHARTIARTL,1837.0999755859375,1851.4000244140625,1829.699951171875,1846.9000244140625,7344787.0,1356.508728961609
2023-04-21,SBIN,515.4439238473666,516.7680230720757,510.43136145406214,513.6942749023438,22599418.0,1160.9191642724975
2023-04-24,SBIN,514.308964827345,525.4217461299845,514.0252457859217,524.5232543945312,23335611.0,1224.007062500482
2023-04-25,SBIN,524.9015490305807,537.1019865035063,524.9015490305807,531.332763671875,38142390.0,2026.630149175049
2023-04-26,SBIN,531.5219162938387,536.250758965492,526.2729124733295,535.635986328125,23143882.0,1239.669606253174
2023-04-27,SBIN,534.3593059403013,536.6291738697495,530.6707849862329,534.1228637695312,17845169.0,953.1512770731263
2023-04-28,SBIN,537.0074176463271,548.971413929884,534.8321613379902,546.93798828125,16183423.0,885.1328819124511
2023-05-02,SBIN,548.5457707982896,549.3496509930271,542.0672791815007,544.1006469726562,13667511.0,743.6501577605897
2023-05-03,SBIN,539.7028624979448,543.8169327250288,538.1423212531155,539.5609741210938,9699527.0,523.348623663385
2023-05-04,SBIN,539.2773158326423,549.302440805457,537.6694975228145,548.5458374023438,12533761.0,687.5342423545837
2023-05-05,SBIN,548.7350124809358,556.3484389875003,543.8642805752644,545.2356567382812,18163461.0,990.3366586975159
2023-05-08,SBIN,546.32328423122,555.7336361266828,546.0395074558667,551.9505615234375,12990869.0,717.0317439227417
2023-05-09,SBIN,553.2745925384495,554.6459684581436,541.0741553565239,542.3982543945312,18959065.0,1028.3363760952454
2023-05-10,SBIN,543.8169638690443,543.8169638690443,532.7041824334594,541.1688232421875,18561315.0,1004.4804996377563
2023-05-11,SBIN,541.1688024380219,548.5457859453637,540.9796371737035,542.3510131835938,16016715.0,868.6681608122864
2023-05-12,SBIN,543.5332293428207,549.2551178633527,540.5540351442528,546.796142578125,11319335.0,618.9368714549561
2023-05-15,SBIN,547.3635185418273,552.3288031592693,543.4858907877809,550.3427124023438,11410243.0,627.9544081789855
2023-05-16,SBIN,552.3288332353558,558.3817750457957,550.4372961352346,554.5040893554688,22178229.0,1229.7918675162048
2023-05-17,SBIN,554.2203703354769,558.4763288107494,548.0728747600833,554.5040893554688,23739774.0,1316.3801763374634
2023-05-18,SBIN,558.287153012746,561.6919543637448,540.4121623892405,543.060302734375,45656620.0,2479.4297879028322
2023-05-19,SBIN,547.599987074534,554.4568090197679,538.9935164126377,543.9588012695312,42293962.0,2300.617287045911
2023-05-22,SBIN,546.1813987715346,548.8295394629752,542.3510472602424,545.8504028320312,21484049.0,1172.7076801113099
2023-05-23,SBIN,547.5054918339878,552.0451697862326,545.519343043849,550.0590209960938,16120548.0,886.7252850800537
2023-05-24,SBIN,548.3566132517542,553.5110635776405,546.8906834921327,551.099365234375,17616658.0,970.8529041351075
2023-05-25,SBIN,550.4372927167339,551.2885074965544,545.7084499957997,549.7279663085938,16479436.0,905.9206838192626
2023-05-26,SBIN,549.7279971125996,555.875492994289,549.0659475495447,554.2203979492188,9788076.0,542.4751375877197
2023-05-29,SBIN,558.0035174714417,564.0564600730518,556.1592570127372,562.7323608398438,18432231.0,1037.2412866175355
2023-05-30,SBIN,562.7323137812506,563.2051980785457,559.4221237001843,560.651611328125,15031640.0,842.7513186904297
2023-05-31,SBIN,562.8691231871136,563.8332703864224,556.7950076008431,559.0607299804688,28797643.0,1609.9631317296937
2023-06-01,SBIN,560.9408598639765,565.3759725346222,560.169553831175,561.8568115234375,17820226.0,1001.2415360987061
2023-06-02,SBIN,563.7369097033585,567.7863399289043,562.0978476064854,566.1472778320312,11323908.0,641.0999688620361
2023-06-05,SBIN,567.4006574895654,568.6540371470996,564.9902893608927,566.1472778320312,12920507.0,731.4909866259704
2023-06-06,SBIN,566.9186002547972,567.7863563449595,562.0978638580726,564.3635864257812,11199940.0,632.0838306153564
2023-06-07,SBIN,566.9185730743186,569.4253323416787,564.9902786080794,568.0755615234375,11113781.0,631.3467382223511
2023-06-08,SBIN,568.7986599936411,572.6552488450642,565.3276947192347,567.400634765625,15971917.0,906.2475844223877
2023-06-09,SBIN,566.9185840392489,567.9791224774418,556.0719274568654,557.9520263671875,18870272.0,1052.87065005
2023-06-12,SBIN,559.2054449706885,560.651665949061,556.9879179065606,557.9038696289062,8786066.0,490.1780220214966
2023-06-13,SBIN,558.6751344061959,560.5552333084419,553.6615569491656,555.7344970703125,12612098.0,700.8977939031494
2023-06-14,SBIN,556.3129673905737,557.8073838698208,554.6257096905156,555.8790893554688,8948696.0,497.43929833989256
2023-06-15,SBIN,555.348852603707,556.023767492567,544.9842689830649,546.189453125,17934877.0,979.5840660494141
2023-06-16,SBIN,548.3587359338673,554.0954237099354,546.7196738768654,550.7691040039062,12660226.0,697.2861330506958
2023-06-19,SBIN,550.7691160969515,552.215336970729,545.6109518525627,548.4551391601562,17903691.0,981.9371338885437
2023-06-20,SBIN,548.4551564192141,549.0336800950572,542.3810403275806,547.0571899414062,14549152.0,795.921820915039
2023-06-21,SBIN,547.0571403988516,549.0818259637434,545.3698828124838,546.0447387695312,14946871.0,816.1660270616883
2023-06-22,SBIN,546.0447890802325,548.5998029137497,540.9348202600779,542.7667236328125,14979063.0,813.0136947599487
2023-06-23,SBIN,541.8507779506582,541.9471691410787,533.9447583891194,534.716064453125,12215712.0,653.1937445132812
2023-06-26,SBIN,536.0658432444474,538.4762112446472,534.6196224443274,537.0781860351562,8360264.0,449.0115423895019
2023-06-27,SBIN,538.2352390818655,547.5874798151365,535.7284795993684,545.8037719726562,10694768.0,583.7244714772461
2023-06-28,SBIN,551.7332662924933,553.4205239875774,548.1659096820828,549.37109375,18028934.0,990.4575190726563
2023-06-30,SBIN,553.4204993748917,553.4204993748917,549.7567517407397,552.3117065429688,8718232.0,481.518159395752
2023-07-03,SBIN,553.9025977654534,565.3277191936658,553.3241329514472,564.4600219726562,15421985.0,870.5093991961975
2023-07-04,SBIN,567.1114364319501,574.5835777803604,561.3747484015366,568.123779296875,24799250.0,1408.9043633728027
2023-07-05,SBIN,568.6540479574438,572.4142458484074,567.1114358645187,569.4253540039062,13598114.0,774.3110878235474
2023-07-06,SBIN,569.2325774351127,572.2214104632285,567.9791388940837,571.2572631835938,11323509.0,646.8636760974792
2023-07-07,SBIN,568.8469033396802,574.1497134555585,564.5082405175979,572.3178100585938,11707209.0,670.0244216778259
2023-07-10,SBIN,573.3301866383733,578.2955096754295,569.0879151930579,571.3536376953125,11417363.0,652.3351882937866
2023-07-11,SBIN,573.6676140744553,574.5835657318489,566.2918640690325,567.4488525390625,13221177.0,750.2341717865845
2023-07-12,SBIN,567.8827424791843,573.1855524683788,567.1114364319501,568.123779296875,16029716.0,910.6862834975586
2023-07-13,SBIN,573.571193644083,576.5600264296337,562.4352463905591,564.65283203125,20024503.0,1130.689232896826
2023-07-14,SBIN,565.71341543592,570.1002737819823,559.88033617268,563.4476928710938,12190152.0,686.8513020147949
2023-07-17,SBIN,565.9544364569268,581.2361468497637,563.2548359229304,579.5488891601562,19378986.0,1123.106980935022
2023-07-18,SBIN,581.4289973858464,582.3931446524997,567.6417032420812,571.1126098632812,25757209.0,1471.0266854783997
2023-07-19,SBIN,573.3302236106615,580.8023652915784,570.7752096906919,579.8864135742188,17556585.0,1018.0825110260926
2023-07-20,SBIN,579.8382008421577,588.9011500146614,577.2831869976956,588.1780395507812,34038351.0,2002.0610560721375
2023-07-21,SBIN,588.1298087141655,597.2892073744681,587.1656614867653,593.0469360351562,21040281.0,1247.7874180368713
2023-07-24,SBIN,592.9987361181354,599.6031798857839,592.2756257028592,595.5055541992188,11756364.0,700.0980059187744
2023-07-25,SBIN,599.5067488556581,599.5067488556581,582.537780778133,587.744140625,18503305.0,1087.5209095947266
2023-07-26,SBIN,590.0581274138974,594.2521444866661,587.310331241653,593.09521484375,9999125.0,593.0433190124512
2023-07-27,SBIN,594.3003595167257,598.9764499129095,591.1186266690645,594.4449462890625,17444742.0,1036.9938721216554
2023-07-28,SBIN,594.3003774643948,597.6748927770809,591.6007181367443,593.962890625,11930586.0,708.6325347410157
2023-07-31,SBIN,594.5414611882713,598.7354784405272,592.4685209367213,597.9641723632812,8605483.0,514.5770519881287
2023-08-01,SBIN,597.9641167316927,598.590777115643,588.7082681252145,589.9134521484375,13493453.0,795.9969440632691
2023-08-02,SBIN,587.9851391205248,588.6118583315358,572.7998209080405,576.993896484375,14977497.0,864.1924353613038
2023-08-03,SBIN,577.2349991054857,579.3078804881416,564.0261693529716,569.3289794921875,27774877.0,1581.304237793103
2023-08-04,SBIN,573.4747712992396,577.2349691049168,550.9137610058102,552.74560546875,52725616.0,2914.3852539632812
2023-08-07,SBIN,556.3130240355339,556.3130240355339,546.3341224464406,547.539306640625,32736325.0,1792.4424692462158
2023-08-08,SBIN,550.528048802567,553.6615271889215,548.0694852226486,552.552734375,25038671.0,1383.5186126166016
2023-08-09,SBIN,554.3846884999659,554.3846884999659,547.9730855203012,553.1795043945312,15769111.0,872.3149007722351
2023-08-10,SBIN,553.1795210754018,556.8914646933206,549.6603598426617,553.0831298828125,27325801.0,1511.3439543634888
2023-08-11,SBIN,554.8185652442073,558.241276326227,551.492245351644,553.565185546875,18221179.0,1008.6610334017822
2023-08-14,SBIN,552.4081996934482,552.456395288408,538.5726508209419,540.6937866210938,28084093.0,1518.4894587988952
2023-08-16,SBIN,538.7654746862926,546.0930291373386,534.1375796285616,545.0806274414062,15725767.0,857.1810943357361
2023-08-17,SBIN,545.4662752373399,552.6009880147222,543.7790176471228,551.6368408203125,27910162.0,1539.6273592463135
2023-08-18,SBIN,549.5639568421426,554.6257301288466,547.0571974198606,552.408203125,18253227.0,1008.3232328302735
2023-08-21,SBIN,552.4081870104123,554.9149463595685,550.2870512589609,551.2030029296875,9380810.0,517.0730641912842
2023-08-22,SBIN,551.9742645290513,553.8543633129792,547.1535285942997,548.11767578125,14073413.0,771.3886423869629
2023-08-23,SBIN,550.5281210292501,557.2289566885623,545.7073844177855,556.2166137695312,18579297.0,1033.411366355841
2023-08-24,SBIN,557.4217589831178,561.1337023758908,554.9149408121432,556.2647705078125,24131644.0,1342.358341163623
2023-08-25,SBIN,553.2276905127146,554.6739114144629,546.8643420837741,549.5157470703125,12271885.0,674.3594053735962
2023-08-28,SBIN,552.2635109517712,554.1918053746803,548.7926045292852,552.3117065429688,9711932.0,536.4013736749267
2023-08-29,SBIN,553.0831215882818,555.6380766224023,551.3476093726454,554.2400512695312,13144855.0,728.5405109130554
2023-08-30,SBIN,556.0237478716156,556.9878951511408,545.8037514005196,547.0571899414062,15281416.0,835.9808495285645
2023-08-31,SBIN,548.8890428168341,549.8531901110308,539.3440199124148,541.2240600585938,27898476.0,1509.9326450167237
2023-09-01,SBIN,542.5256806565127,550.7209324523909,541.9471569863232,549.1300659179688,18121168.0,995.0878178350586
2023-09-04,SBIN,551.4922061534426,555.6862229936563,548.0694953146975,554.9149169921875,12108655.0,671.9273284212036
2023-09-05,SBIN,554.9631191092507,557.5181327939658,550.8654934034583,552.4563598632812,14444729.0,798.0082402551575
2023-09-06,SBIN,553.6615727898534,553.6615727898534,547.6356523197853,550.0460205078125,20609936.0,1133.6413279720703
2023-09-07,SBIN,547.635673708293,560.1695887755602,547.635673708293,558.2894897460938,12390597.0,691.754007677948
2023-09-08,SBIN,560.169565692688,567.4006702412167,558.9161860069856,562.53173828125,14032068.0,789.3483603720703
2023-09-11,SBIN,565.9543973420567,571.0643656508981,564.3635309487681,570.4859008789062,10946134.0,624.4615116131225
2023-09-12,SBIN,572.3660702665688,572.9445351099214,563.6887445349923,567.2560424804688,16093060.0,912.8885527000732
2023-09-13,SBIN,567.304299765373,576.560090386674,562.531758819719,575.065673828125,19377172.0,1114.3146473063478
2023-09-14,SBIN,576.9939246952075,582.0556976801864,573.8604461806968,575.8851318359375,13178911.0,758.9538898689087
2023-09-15,SBIN,577.8616290798742,579.163263171742,573.8604533120565,577.3313598632812,11756389.0,678.7332048451722
2023-09-18,SBIN,577.331370972233,586.587220031729,575.6441132571398,582.2967529296875,19305055.0,1124.1270841629027
2023-09-20,SBIN,579.3078523473552,585.0445402613964,577.9098859106114,579.5488891601562,21314600.0,1235.2852752893066
2023-09-21,SBIN,578.4883538720975,584.8517022259392,563.6887170242877,567.063232421875,23453425.0,1329.9574991864013
2023-09-22,SBIN,572.2214035789467,580.4166553572468,570.1967178548243,576.7047119140625,18784139.0,1083.2901470548707
2023-09-25,SBIN,579.9345565537149,579.9345565537149,569.2807414736828,572.7516479492188,9712784.0,556.3013042174805
2023-09-26,SBIN,572.7034899087656,573.6676371981744,570.0520848628917,573.0891723632812,8327427.0,477.23582473456423
2023-09-27,SBIN,572.1731915193855,572.9926931348808,567.1114185078637,568.6058349609375,9865347.0,560.949386811438
2023-09-28,SBIN,570.052085763523,573.8604793320803,567.738108726534,568.7987060546875,21960816.0,1249.1283724705079
2023-09-29,SBIN,571.5946808672312,578.488357330842,570.1002643801689,577.09033203125,12189735.0,703.457821852295
2023-10-03,SBIN,575.2102103849722,583.2126794228604,568.4611798159711,581.3325805664062,15322196.0,890.7291740624268
2023-10-04,SBIN,578.48834788113,578.9222259114165,563.4958699679197,565.2313232421875,24914612.0,1408.2519108825684
2023-10-05,SBIN,568.8469205566893,573.0409378728881,566.0508697813017,570.9198608398438,13248028.0,756.3562302162353
2023-10-06,SBIN,572.1250173967202,577.4760230117589,570.9680288955789,572.9445190429688,8216780.0,470.7759065181885
2023-10-09,SBIN,566.9186092871498,567.8827565818558,560.6998474669198,564.12255859375,9189597.0,518.405897208545
2023-10-10,SBIN,565.9544358882783,573.6676138901629,564.749251825484,570.437744140625,10373508.0,591.7440502344726
2023-10-11,SBIN,575.4995490029714,575.5959401945697,566.5329320028374,567.2560424804688,14220119.0,806.6448427541321
2023-10-12,SBIN,569.6182128568753,571.7393486854555,564.0261702883498,565.0385131835938,11983797.0,677.1306839174011
2023-10-13,SBIN,557.0360813206687,560.4587923356951,554.1918351248179,555.4934692382812,19064577.0,1059.0248017290344
2023-10-16,SBIN,555.3487805162515,558.0001852843412,551.0101181684682,555.0113525390625,11290293.0,626.624078849231
2023-10-17,SBIN,556.9878989513794,559.1572303451123,554.6739219259789,555.78271484375,10765224.0,598.3125420621094
2023-10-18,SBIN,557.0360850561344,558.4823059606506,548.9372244520923,552.1189575195312,11777454.0,650.2555624714233
2023-10-19,SBIN,549.371117512421,553.420547925152,546.6715168528941,550.720947265625,11441499.0,630.1073167418701
2023-10-20,SBIN,549.4675645730006,549.5639557633297,541.9471686271559,542.9113159179688,11110988.0,603.228111622876
2023-10-23,SBIN,542.9113036124381,545.7073542311729,531.2451451967778,533.125244140625,11875035.0,633.0880933553467
2023-10-25,SBIN,538.5726461874272,540.6937819693302,533.7519097953203,536.2587280273438,12134624.0,650.7298031330079
2023-10-26,SBIN,531.6790168695493,533.0770421621733,523.7248019958954,527.3885498046875,19424825.0,1024.443028695984
2023-10-27,SBIN,530.2810445032903,542.3328864238197,530.2810445032903,541.0313110351562,10415296.0,563.5001249699219
2023-10-30,SBIN,542.8148994458782,546.3822560251111,536.5479423474799,544.93603515625,8593704.0,468.3018985066406
2023-10-31,SBIN,546.6715239018123,549.0818921729843,542.95958030296,545.2734985351562,13039696.0,711.0200657754883
2023-11-01,SBIN,545.9483719540883,549.2264960926518,543.6343950507638,546.093017578125,13575575.0,741.3526717108155
2023-11-02,SBIN,550.6244757883788,554.8185516709641,547.2499603836425,551.588623046875,11148516.0,614.9394589456055
2023-11-03,SBIN,555.3488128153236,558.7233281709723,552.8902491112981,557.4217529296875,11371371.0,633.8649556033813
2023-11-06,SBIN,561.1337462208361,561.6158198859742,552.697457080918,553.7579956054688,16499138.0,913.6529588098023
2023-11-07,SBIN,554.1918149204695,560.3623807188147,552.0706792493585,558.96435546875,17923281.0,1001.8475212050294
2023-11-08,SBIN,561.0372997909418,561.7121557781876,558.2412492696659,559.49462890625,15434808.0,863.5692174199219
2023-11-09,SBIN,560.1695768517445,560.9890785114845,555.8309140361974,557.6145629882812,12434363.0,693.3581890282654
2023-11-10,SBIN,557.0842655533097,560.1695485020424,554.7703474769183,558.7233276367188,6773038.0,378.42543295699465
2023-11-13,SBIN,560.1695300224528,561.6157508400668,554.5774879637208,560.5069580078125,11282362.0,632.384240376294
2023-11-15,SBIN,566.1955023239185,566.9186127994279,561.7121938370072,563.7369384765625,11397676.0,642.5290973987793
2023-11-16,SBIN,563.7369162968865,566.9185904945721,562.0014629933197,563.688720703125,8622660.0,486.0496184458008
2023-11-17,SBIN,553.902595942704,553.902595942704,541.9471464863035,542.8630981445312,37173221.0,2017.996992007135
2023-11-20,SBIN,543.7790617204822,546.4786623142577,540.5009374550467,543.5380249023438,12714585.0,691.0860418352967
2023-11-21,SBIN,545.7073762644006,546.3340955532802,540.8866397249625,541.3687133789062,14280013.0,773.0752264844056
2023-11-22,SBIN,542.7666840578206,544.2611004650989,535.246347583391,538.9100952148438,14909071.0,803.4648872174865
2023-11-23,SBIN,541.6097208689436,543.2969785663546,538.2834010675289,539.874267578125,6376210.0,344.23517036743164
2023-11-24,SBIN,541.802558602573,542.2846322273022,539.1993492596594,540.2598876953125,6529851.0,352.7816567927124
2023-11-28,SBIN,543.3933911524404,544.9360621303805,540.9830229183594,544.2129516601562,8153314.0,443.71390777520753
2023-11-29,SBIN,547.6356465078894,548.5997937728681,544.8395959006997,548.214111328125,10299034.0,564.6075771848144
2023-11-30,SBIN,549.3229338505354,549.7568119125536,543.4416587556975,544.502197265625,19758998.0,1075.881782676709
2023-12-01,SBIN,546.6714604840198,553.6133320690648,546.2375824761655,551.2511596679688,10614230.0,585.1106596482543
2023-12-04,SBIN,566.9186192117567,574.6317977044337,563.5922992174134,573.37841796875,26077882.0,1495.2494725135741
2023-12-05,SBIN,573.7158104246026,589.3832032666363,573.7158104246026,586.4425659179688,36430152.0,2136.419181566162
2023-12-06,SBIN,591.9864427624263,591.9864427624263,582.8752389993938,586.6354370117188,21439069.0,1257.691761193939
2023-12-07,SBIN,588.1298587031671,590.5884225726319,583.3091221564198,589.7689208984375,10725706.0,632.5688053493897
2023-12-08,SBIN,588.1298685759048,594.6860586201612,583.6465599734173,592.131103515625,17722136.0,1049.3827946333984
2023-12-11,SBIN,592.9505885011256,597.6749338019196,591.1186850954592,592.2274780273438,11706255.0,693.2765875794983
2023-12-12,SBIN,594.8789018296793,595.7948535613543,588.9011766221438,590.44384765625,14494836.0,855.8386738986328
2023-12-13,SBIN,592.4202881197557,598.2533671989761,589.7206875955662,597.6266479492188,13977914.0,835.3573889142456
2023-12-14,SBIN,603.5561888461816,605.2434465626046,600.0852822254344,601.2904663085938,15813797.0,950.8685372239441
2023-12-15,SBIN,605.4844420374566,626.6956804527815,597.6266188130294,625.0084228515625,29813572.0,1863.3733615291503
2023-12-18,SBIN,623.4658627876797,632.1431883165444,619.3682368434937,625.24951171875,16221796.0,1014.2670028201172
2023-12-19,SBIN,625.2495207706708,635.9515322057881,617.2953055873893,631.9021606445312,19964008.0,1261.5299790324707
2023-12-20,SBIN,635.0838071346933,636.7228692336894,611.2211626299238,613.6315307617188,22542056.0,1383.2516329796388
2023-12-21,SBIN,609.4857151061817,625.6833773355924,605.002406799909,620.6697998046875,19915516.0,1236.0959328727051
2023-12-22,SBIN,621.6339545547611,626.1172629150401,612.3781642684246,613.9207763671875,14998068.0,920.7625550567872
2023-12-26,SBIN,615.9454393216356,618.3076118235898,612.8602152382182,615.1741333007812,10153089.0,624.5917725900696
2023-12-27,SBIN,617.777331902043,626.1654244947468,616.0900742651665,625.2976684570312,14417646.0,901.5320428438843
2023-12-28,SBIN,626.9367393678991,629.8773766643785,623.3211872377498,628.0455322265625,16982092.0,1066.552700846045
2023-12-29,SBIN,622.3570816705638,626.3100620587661,616.6203934706069,619.03076171875,13221898.0,818.4761590307617
2024-01-01,SBIN,619.1753954576906,623.7068994465233,615.1259651092256,618.3558349609375,8295548.0,512.9600509998535
2024-01-02,SBIN,618.355831330922,624.7674342489258,611.1247267678557,616.5239868164062,15164482.0,934.926690064563
2024-01-03,SBIN,616.4275152016644,624.7674123778669,613.0048042643401,620.3805541992188,14571772.0,904.0043989024658
2024-01-04,SBIN,619.4645906357115,623.2247883433014,615.7526473667616,619.7056274414062,13883388.0,860.361367155249
2024-01-05,SBIN,621.875024779636,628.3830192250042,614.8849566716478,618.9343872070312,15984585.0,989.3409321733703
2024-01-08,SBIN,617.0542389354067,621.8749751770896,602.6402258033993,604.5203247070312,14739531.0,891.0346066149353
2024-01-09,SBIN,609.3410705687005,611.6067930993104,602.1099660920149,602.9777221679688,13400235.0,808.0043176815491
2024-01-10,SBIN,602.399194493818,602.8812681223897,596.0358461354228,599.4585571289062,12742464.0,763.8579083707032
2024-01-11,SBIN,603.5562149819164,604.6650079251884,596.3251101698327,597.9641723632812,15533860.0,928.869173850708
2024-01-12,SBIN,601.4350358209014,613.6797175235832,598.8318265066497,610.8836669921875,16620797.0,1015.3373419692749
2024-01-15,SBIN,615.9937051364175,622.3570534845726,613.2940457432574,617.150634765625,16844018.0,1039.5296400703614
2024-01-16,SBIN,617.054262733865,621.7786079716733,610.7391097830742,614.0654296875,15025543.0,922.6666518583007
2024-01-17,SBIN,601.627918767472,613.9689925112747,600.6637714617549,603.5562133789062,30016308.0,1811.652919609497
2024-01-18,SBIN,603.3633136101857,610.7390633220803,596.8553199279997,605.773681640625,14695436.0,890.210836903418
2024-01-19,SBIN,610.3052425771916,612.7156108338156,602.3028317345762,605.2434692382812,11675202.0,706.633976253772
2024-01-23,SBIN,604.5203041005418,612.137090641516,579.1150485116219,583.4054565429688,30954343.0,1805.893260990265
2024-01-24,SBIN,588.0815965650563,600.0369865400962,581.4771529351829,596.1322021484375,19221835.0,1145.875482788391
2024-01-25,SBIN,596.3250968992248,601.4350657500038,584.514292635659,590.78125,22684904.0,1340.181594125
2024-01-29,SBIN,596.8071461540897,606.9306922520184,593.5290219741044,600.6155395507812,19572140.0,1175.5331426263429
2024-01-30,SBIN,603.0259172029118,610.7872908979857,601.8207331245812,604.279296875,16966577.0,1025.2551219935547
2024-01-31,SBIN,603.9418631812425,620.1395252720102,599.6995917267393,617.5363159179688,23270745.0,1437.0530135966492
2024-02-01,SBIN,619.7056475917949,629.5399613532924,610.5462486775638,624.4299926757812,26587707.0,1660.2161687275818
2024-02-02,SBIN,628.623998836513,636.8674459475857,623.5140302472481,626.3582763671875,27471811.0,1720.7196186645142
2024-02-05,SBIN,623.8996743944258,631.3236201370446,615.8490682349207,619.8984985351562,28339525.0,1756.7628996699525
2024-02-06,SBIN,621.3447251345781,631.5164671490533,614.8367310074694,626.936767578125,14079390.0,882.6887256071777
2024-02-07,SBIN,631.5646198105808,653.6436145166939,631.5164242193285,651.0404052734375,41696232.0,2714.5931779655275
2024-02-08,SBIN,656.0058526209428,693.1255240196265,654.1739491949825,674.46923828125,74222434.0,5006.074852336035
2024-02-09,SBIN,678.4222453850707,702.2366357119648,669.3110419771705,699.247802734375,43235061.0,3023.202140533667
2024-02-12,SBIN,699.9708774628965,699.9708774628965,679.2417123589678,682.5198364257812,22873137.0,1561.1369723784485
2024-02-13,SBIN,683.1465652829623,692.2577691391986,676.9760578021069,687.8709106445312,23351472.0,1606.2798309530274
2024-02-14,SBIN,680.2540625529531,721.6641976192514,680.2540625529531,716.7470703125,36782182.0,2636.352118820117
2024-02-15,SBIN,720.8928694462425,736.6084569548306,715.0597906860668,734.3909301757812,33941282.0,2492.61696593385
2024-02-16,SBIN,736.0782565173563,746.8284634371934,726.3403336305333,727.6419677734375,27365121.0,1991.2010492798217
2024-02-19,SBIN,731.4985393690836,737.5726553496461,723.1104464212216,732.02880859375,13979584.0,1023.345822015625
2024-02-20,SBIN,731.8359847570562,736.1264519437863,726.967052738199,732.8483276367188,12528399.0,918.1416255115539
2024-02-21,SBIN,733.3786255385841,749.6244830800896,732.3662238537067,743.839599609375,21465311.0,1596.6748339730714
2024-02-22,SBIN,745.2857902765477,745.2857902765477,729.8594349797497,738.4403686523438,18799244.0,1388.2120669745361
2024-02-23,SBIN,738.4403812825284,742.8754349674641,727.9311530180862,731.8359375,14143636.0,1035.082111171875
2024-02-26,SBIN,727.9312082579945,738.8742565255047,725.7136812472469,731.69140625,11355186.0,830.8492012570313
2024-02-27,SBIN,731.6914003457339,735.0176614115741,715.590128867995,722.9658203125,13969393.0,1009.9393669512696
2024-02-28,SBIN,722.965792248516,729.6184318157158,714.4331126203441,715.8793334960938,11263318.0,806.3176582794556
2024-02-29,SBIN,717.2291322182092,726.8706043069235,710.721138558327,721.2785034179688,19217113.0,1386.0890504653992
2024-03-01,SBIN,725.0387042946561,744.3216485578118,724.9905087033734,741.5738525390625,17348526.0,1286.5213261694091
2024-03-04,SBIN,746.635654393883,749.1424137066598,741.4292357019581,744.369873046875,9789141.0,728.6741643407959
2024-03-05,SBIN,741.9113219415058,758.7357035196916,741.525639495962,755.84326171875,18088847.0,1367.2333117211426
2024-03-06,SBIN,755.5540071356407,761.9655509647814,745.1894243197579,755.7950439453125,26710525.0,2018.7682416177367
2024-03-07,SBIN,761.6763024583448,764.954426539321,754.9272719302329,759.7962036132812,15497868.0,1177.5221270499756
2024-03-11,SBIN,761.6763431224929,764.375943708488,742.9236669559873,745.9607543945312,16778340.0,1251.598316388794
2024-03-12,SBIN,742.3934128308799,749.8655543236582,730.1969260813347,732.4627075195312,21529705.0,1576.970601639679
2024-03-13,SBIN,731.450347794911,736.3192797248611,716.3614195245849,720.4590454101562,27950252.0,2013.701187489331
2024-03-14,SBIN,723.0140618967187,723.8817591322932,707.7322923467271,714.4813232421875,19730882.0,1409.7346680095459
2024-03-15,SBIN,712.7458828582031,719.7841462932436,697.0784894237145,705.659423828125,29792241.0,2102.3175618608643
2024-03-18,SBIN,701.0314668855465,711.4443046336356,696.2107304639793,704.7434692382812,18145126.0,1278.7659047005736
2024-03-19,SBIN,703.8275174114212,708.0215345586139,695.294837485665,697.8497924804688,15205043.0,1061.0836102206604
2024-03-20,SBIN,699.1514430237444,712.4566640874273,693.9932196245381,709.8534545898438,25405455.0,1803.414999717682
2024-03-21,SBIN,715.3972193126948,723.6888616581621,713.999194109353,717.61474609375,15161161.0,1087.9872701501465
2024-03-22,SBIN,717.1809169690966,721.9534576831707,714.8188032557894,719.9287719726562,15535921.0,1118.4756526994202
2024-03-26,SBIN,716.4096538721063,721.0375492356,712.0227953384497,713.5172119140625,14678342.0,1047.3249659361084
2024-03-27,SBIN,716.3614570597734,719.1092533764988,704.0203831624405,707.0092163085938,30088789.0,2127.3051130564636
2024-03-28,SBIN,711.299633363139,732.3180316341789,710.480131739764,725.3761596679688,21705116.0,1574.4373689227784
2024-04-01,SBIN,731.8359644474378,734.1981369990166,725.1351292346699,731.1128540039062,9949971.0,727.4551695066101
2024-04-02,SBIN,731.0164660314755,741.1882078791733,726.3403165012812,738.9224853515625,15713063.0,1161.0735564445679
2024-04-03,SBIN,737.4762911492417,744.9001782599978,732.8965914876521,743.40576171875,19136981.0,1422.6541937302245
2024-04-04,SBIN,747.2141506069232,747.5033830248789,730.9200378484845,732.0770263671875,15889530.0,1163.2359872772217
2024-04-05,SBIN,730.7754145215962,740.1758501398218,725.6171914639816,737.3316040039062,9939620.0,732.8795957789307
2024-04-08,SBIN,738.5850021452578,742.3933956194346,734.4873762603453,740.7543334960938,9797174.0,725.7299096515259
2024-04-09,SBIN,740.8989563252226,744.7555452746966,733.8124388224375,736.8013305664062,7465892.0,550.0879159465088
2024-04-10,SBIN,739.0188603767406,752.7097629710994,736.2710642780829,751.118896484375,14530669.0,1091.4260064459718
2024-04-12,SBIN,749.3834123957522,751.5527435992136,737.3797679672235,738.8259887695312,14408722.0,1064.5538278555298
2024-04-15,SBIN,732.5590796729715,735.9335950981468,721.9052641714367,730.341552734375,11356572.0,829.4176428219727
2024-04-16,SBIN,724.315633679616,727.8347947397396,717.7112484453821,724.74951171875,13338991.0,966.7427214070801
2024-04-18,SBIN,725.0869303823578,732.7037172254089,715.3972622519597,718.0968627929688,14589648.0,1047.678045805371
2024-04-19,SBIN,708.166151201757,725.0387279832828,705.8039786829678,723.5443115234375,10886554.0,787.6904218792724
2024-04-22,SBIN,727.1116662441453,741.4292292520696,723.5443096786286,738.6331787109375,17452186.0,1289.076362063452
2024-04-23,SBIN,742.7308138738571,749.8173315016863,738.1029188222026,745.2858276367188,12292429.0,916.1373120930604
2024-04-24,SBIN,750.5886207443748,750.5886207443748,742.5862104814081,745.3822021484375,7842615.0,584.5745639302368
2024-04-25,SBIN,743.0201189674838,785.2015621323537,742.0559716951439,783.5625,36732974.0,2878.2580939875
2024-04-26,SBIN,786.6478140668245,787.611961377191,770.257309790593,772.5712280273438,14964358.0,1156.1032436700805
2024-04-29,SBIN,778.0668646229158,801.4474364532822,770.0644538689087,796.8677368164062,27302732.0,2175.6666257744873
2024-04-30,SBIN,796.8677458100889,804.91835225018,790.5043971499949,796.626708984375,27449073.0,2186.6664688661867
2024-05-02,SBIN,797.2534375772727,804.0024687760509,795.4215341417088,800.2904663085938,19943724.0,1596.0772179889893
2024-05-03,SBIN,804.8700673212338,806.2198969341655,790.6007005921169,801.6401977539062,22667634.0,1817.1286602373168
2024-05-06,SBIN,805.0629516671522,806.0270989146577,774.2102397469739,778.838134765625,35283557.0,2748.0179721776612
2024-05-07,SBIN,782.8875213212029,785.4425349233778,764.7615658481657,773.149658203125,16725013.0,1293.0938084392822
2024-05-08,SBIN,773.8245110587671,792.5289900811847,770.8356783088896,781.7305297851562,27908322.0,2181.678734247473
2024-05-09,SBIN,782.7911700385396,809.5462560286481,774.7405052523084,790.4078979492188,49290254.0,3895.940605352307
2024-05-10,SBIN,797.3498214011286,802.2187535230167,786.3585185830859,788.0457763671875,20543142.0,1618.8936286411376
2024-05-13,SBIN,790.456122787604,790.456122787604,769.9679931182314,779.8023071289062,15398505.0,1200.7789725336
2024-05-14,SBIN,783.8517179173241,792.9147256484775,778.9345904580701,788.8652954101562,10912462.0,860.8462559282104
2024-05-15,SBIN,791.5648684373534,795.7106897182591,788.7206223660413,790.8899536132812,9755062.0,771.5180532674683
2024-05-16,SBIN,795.7107594941345,796.5303200119738,768.7628305348695,782.8394165039062,20536990.0,1607.7165268346557
2024-05-17,SBIN,785.2979013861104,792.9628834636741,782.1162273671808,788.5277709960938,12492509.0,985.069027591864
2024-05-21,SBIN,791.5649127770058,806.3163543151672,790.2150830532505,800.8689575195312,14037801.0,1124.2439052736634
2024-05-22,SBIN,810.2799344229562,810.3780018937406,797.5358302513197,802.6334838867188,19239277.0,1544.2087925971618
2024-05-23,SBIN,808.4663420586099,819.0537392891404,805.8194777925474,815.7206420898438,17497488.0,1427.3062146319337
2024-05-24,SBIN,813.6620166705683,824.6905681013441,810.7210696223614,812.28955078125,12252075.0,995.2232497888184
2024-05-27,SBIN,816.2108014350272,822.876995845969,806.7997949535047,817.2891845703125,12295193.0,1004.8728261104615
2024-05-28,SBIN,819.2498532378913,824.151431802395,807.093914464433,814.7894287109375,13818893.0,1125.9487932887573
2024-05-29,SBIN,812.0935412900568,818.0244392460639,803.1726326134542,806.4567260742188,14518232.0,1170.8325847105957
2024-05-30,SBIN,805.2313320096405,819.5439171556648,803.1726331596147,809.5936889648438,17818705.0,1442.5911113526306
2024-05-31,SBIN,814.3482733523172,818.5636189442075,801.0159437782618,814.005126953125,22267336.0,1812.572566758789
2024-06-03,SBIN,846.5516101706216,894.0479177688353,839.8854753820721,887.8229370117188,64269020.0,5705.9510095264895
2024-06-04,SBIN,879.3431739398783,879.3431739398783,717.542081270305,759.9407348632812,122381193.0,9300.245374186505
2024-06-05,SBIN,775.1846003180706,779.3509418310036,729.4038474915685,774.2042846679688,74256082.0,5748.937684705603
2024-06-06,SBIN,784.2525339544707,816.9460375302097,780.3312712846982,800.868896484375,40555649.0,3247.9757860837644
2024-06-07,SBIN,803.7608761709042,815.1325144961712,794.545884544975,813.613037109375,25061284.0,2039.0187389100586
2024-06-10,SBIN,817.7303524667053,828.8079077389773,812.877777859861,815.4265747070312,16725508.0,1363.8423698675049
2024-06-11,SBIN,819.5439372413512,823.0730498797147,812.730731059502,819.102783203125,14754408.0,1208.5376657314453
2024-06-12,SBIN,820.5242466911467,828.905934018559,816.6029838634709,822.5828857421875,15071442.0,1239.7510252656007
2024-06-13,SBIN,828.3667754966601,829.2490835697314,819.6419417384134,827.2884521484375,12523972.0,1036.0937410630372
2024-06-14,SBIN,828.3667270254315,833.1702976600134,818.6615781244269,822.680908203125,12903496.0,1061.545980827539
2024-06-18,SBIN,824.9846443812804,834.7387973148866,823.7102459704445,828.2687377929688,14929083.0,1236.5292732816467
2024-06-19,SBIN,830.1313196004876,843.6596642417119,824.4455005291003,835.817138671875,32925140.0,2751.93963051709
2024-06-20,SBIN,836.209277488426,836.3072851232247,825.7688915323681,827.141357421875,13985352.0,1156.7863037302734
2024-06-21,SBIN,828.2687636644131,831.3567222370788,812.2895697948148,819.8380126953125,18990090.0,1556.8797646505127
2024-06-24,SBIN,815.1325081138934,819.543928783181,804.8881970373593,816.3088989257812,12715254.0,1037.9574992301636
2024-06-25,SBIN,820.5242410117988,829.2000110244921,817.8773766546938,825.6708984375,20917530.0,1727.0995788193359
2024-06-26,SBIN,823.3181026095383,832.0919399410025,819.5439111626723,828.7098388671875,16281760.0,1349.285470607422
2024-06-27,SBIN,827.288405942117,830.7195107377448,821.7495985528304,827.3864135742188,20378887.0,1686.121422756427
2024-06-28,SBIN,830.2293784821371,846.992752780768,827.386439058991,832.239013671875,23636388.0,1967.1124235885743
2024-07-01,SBIN,832.6311314704473,833.7585184800706,823.4161996179325,825.3768310546875,10967797.0,905.2565531511109
2024-07-02,SBIN,827.3864282167037,829.6411422984175,806.9468703630849,809.8878173828125,21142840.0,1712.3328540874024
2024-07-03,SBIN,812.6817296590598,827.2393941277866,808.760466789776,823.4161987304688,23598009.0,1943.098286838739
2024-07-04,SBIN,826.4061106133324,828.2687343216311,817.8773523092979,822.7789306640625,13372587.0,1100.2682832072144
2024-07-05,SBIN,821.5045497192135,844.2968895533086,820.5242340274244,842.826416015625,24873722.0,2096.4229966229004
2024-07-08,SBIN,842.8264296839359,847.9730871492928,836.6994565108919,839.3953247070312,10359800.0,869.5967684899903
2024-07-09,SBIN,842.9734801738035,852.8256408262188,839.1502250746712,844.3458862304688,13585081.0,1147.0507256457702
2024-07-10,SBIN,843.1695051813592,843.3165764690709,826.8962885808327,832.2880249023438,17343236.0,1443.4567635855224
2024-07-11,SBIN,837.5817726337938,841.4049680302959,833.0232806157347,839.8364868164062,8501366.0,713.9757354580445
2024-07-12,SBIN,839.8364577356562,846.0124345728623,838.4639918457344,842.7774047851562,11446064.0,964.6484112924804
2024-07-15,SBIN,842.7774216383809,869.8831149197468,842.7774216383809,864.001220703125,25392820.0,2193.9427477094728
2024-07-16,SBIN,864.9324947942838,870.6183136551655,857.0899695148005,863.364013671875,11893692.0,1026.858566249707
2024-07-18,SBIN,863.315023261012,877.2845216320075,860.2270049507774,875.9610595703125,19435183.0,1702.4463493622925
2024-07-19,SBIN,877.3825576774864,881.3038205050954,865.912851939986,871.84375,14562742.0,1269.64355955625
2024-07-22,SBIN,864.0992633045507,877.382528728047,850.914005515022,859.540771484375,14614111.0,1256.142424349829
2024-07-23,SBIN,865.618719345537,867.0891928212089,832.385994861864,846.8947143554688,18279212.0,1548.0568025383056
2024-07-24,SBIN,847.1888058977289,850.9139934414429,830.5234396667329,835.2289428710938,19624845.0,1639.123854335907
2024-07-25,SBIN,830.8175358859385,834.0035618347636,824.6415590903446,831.7978515625,9522375.0,792.069106677246
2024-07-26,SBIN,828.0236595382181,847.2378228513442,827.386430415429,845.4732666015625,12081506.0,1021.4590343286377
2024-07-29,SBIN,849.0023752250042,871.5986394833856,846.208499495082,854.443115234375,26582781.0,2271.3474209233154
2024-07-30,SBIN,857.4821305468374,863.2169532964333,851.8943192478578,855.6195068359375,13528447.0,1157.520315039612
2024-07-31,SBIN,856.6488268509507,857.727209991399,850.9140040978348,855.2274169921875,11636874.0,995.2173692883545
2024-08-01,SBIN,860.5211196893349,864.0502921513843,842.5323503146797,845.6693725585938,11787203.0,996.8076565230774
2024-08-02,SBIN,839.8364743996533,841.4049555903533,829.494155703777,831.16064453125,12609331.0,1048.037968106787
2024-08-05,SBIN,813.6620483537691,814.9854506435058,784.2525767265245,795.6732788085938,27676951.0,2202.181034959479
2024-08-06,SBIN,806.4567530115417,810.2799484288843,779.988228505242,781.9978637695312,17900930.0,1399.8489019487915
2024-08-07,SBIN,793.0753863597355,794.7419349850848,784.7917068840424,792.7322998046875,17692355.0,1402.5301268110961
2024-08-08,SBIN,796.01636305695,801.7021822548979,786.9974464841414,792.1441040039062,14769069.0,1169.9230929976868
2024-08-09,SBIN,799.9376104147318,813.6130263830515,793.6145621891944,808.07421875,15320885.0,1238.0412176933594
2024-08-12,SBIN,804.4470175738744,806.799799123275,795.2320861451166,796.6044921875,16120449.0,1284.1622089479492
2024-08-13,SBIN,797.4868163142143,803.8588683191833,779.3999798102883,781.8507690429688,17585172.0,1374.898025195288
2024-08-14,SBIN,785.183846292551,793.2224467373169,784.6446846418667,787.1934814453125,11788665.0,927.9960242942504
2024-08-16,SBIN,787.1934703278642,798.85925054641,787.1934703278642,796.1143188476562,11427335.0,909.7465019768982
2024-08-19,SBIN,798.9572597142997,809.1525664711355,796.6044782061931,797.682861328125,10151482.0,809.7663208480957
2024-08-20,SBIN,801.8492361476191,806.7998184496117,797.3397480422,804.1529541015625,10347493.0,832.096706349524
2024-08-21,SBIN,804.1529595522029,804.8391925113443,795.2321105845307,799.4964599609375,14607257.0,1167.8450261239625
2024-08-22,SBIN,802.8785556624933,807.6821265102021,801.0159319051235,804.1529541015625,7832917.0,629.8863344782349
2024-08-23,SBIN,805.3293192807621,805.8194771135562,798.4671096216442,799.3003540039062,5537747.0,442.632313748407
2024-08-26,SBIN,801.8982298568817,807.2409623037237,797.7808920155667,799.0062866210938,8523795.0,681.0565790869446
2024-08-27,SBIN,801.702163529934,803.3197083604263,795.0850325876467,799.839599609375,12833290.0,1026.4573535270997
2024-08-28,SBIN,798.7121942115388,801.1139795760346,790.6245899129868,793.467529296875,10371300.0,822.928978659668
2024-08-29,SBIN,793.6145275853862,799.937575535221,791.0657308125117,798.4671020507812,18247268.0,1456.9843200303956
2024-08-30,SBIN,801.0650084127782,804.5451172254517,798.3200765507661,799.5454711914062,8911426.0,712.5090300157349
2024-09-02,SBIN,801.2119858304522,809.1525786646832,797.04564422928,805.966552734375,11813750.0,952.1487362365723
2024-09-03,SBIN,805.966591337859,809.6917790988241,800.3297759604034,808.5643920898438,10548350.0,852.9020205300903
2024-09-04,SBIN,799.3984149013352,802.5354369721819,797.6338586845211,800.427734375,10789570.0,863.6271069980469
2024-09-05,SBIN,802.2413336710257,805.9665812189434,798.369134501237,802.6334838867188,8395074.0,673.8167492106811
2024-09-06,SBIN,795.5262015930762,796.8986675256167,761.7053094735923,767.0970458984375,40220096.0,3085.2716827351564
2024-09-09,SBIN,769.5477977846319,772.6848198824725,755.8233784610844,768.8125610351562,21322103.0,1639.2700614085388
2024-09-10,SBIN,772.4887444671417,773.2729850328517,762.1954299786836,767.2440795898438,12824701.0,983.9675914759948
2024-09-11,SBIN,764.6952691046852,772.4887910829905,750.3336796377038,753.4706420898438,20060665.0,1511.5122138299255
2024-09-12,SBIN,759.7446278215249,774.3513549221617,757.5389176117205,772.24365234375,17578964.0,1357.5243363779298
2024-09-13,SBIN,775.429725098296,779.3509879306515,769.6458384870828,775.2826538085938,12950936.0,1004.0636031385254
2024-09-16,SBIN,775.2826362662203,779.3509702962235,768.9596479590956,770.0869750976562,9553736.0,735.7207657121583
2024-09-17,SBIN,770.1360013393838,771.9986251303302,765.1854189481497,767.4891967773438,10665630.0,818.5755801824341
2024-09-18,SBIN,768.3714262748396,779.1058950529456,766.6068699986203,777.145263671875,18324412.0,1424.0729995372071
2024-09-19,SBIN,779.3999767062683,785.5759535812824,768.6165041254203,774.400390625,10645478.0,824.3862321589844
2024-09-20,SBIN,779.203920907502,779.203920907502,764.1560986394321,766.3128051757812,21372244.0,1637.7824252541259
2024-09-23,SBIN,770.5281215390131,789.1541193879206,769.0576480246257,786.0661010742188,17309545.0,1360.6446549518737
2024-09-24,SBIN,783.5173029793567,788.4188813527027,780.8214348740164,782.5369873046875,15180653.0,1187.9422463937867
2024-09-25,SBIN,782.1939054186181,782.2919130531816,773.1749891911104,777.4883422851562,18465571.0,1435.6766186138855
2024-09-26,SBIN,780.331278301596,787.193488035404,776.0178653925714,786.0661010742188,23198842.0,1823.582328037683
2024-09-27,SBIN,786.0661024227028,792.095067775522,782.7330650179391,786.8504028320312,15193681.0,1195.515401535138
2024-09-30,SBIN,786.1151665701419,786.8013396781569,770.9692773696576,772.3907470703125,15484573.0,1196.014090753479
2024-10-01,SBIN,772.4887361629332,784.5956105690549,772.4887361629332,781.2625732421875,13280535.0,1037.5584948132935
2024-10-03,SBIN,774.3514108096929,788.1738385219239,768.861606879953,778.4686889648438,15944135.0,1241.200987012848
2024-10-04,SBIN,776.4100140404223,793.9086248930724,769.7928832389414,780.968505859375,20097454.0,1569.547862195752
2024-10-07,SBIN,784.2525262685198,788.1737888998624,750.3336284408941,755.4802856445312,24267990.0,1833.3988017218628
2024-10-08,SBIN,757.0487719081607,768.9596311652928,757.0487719081607,766.0676879882812,8560960.0,655.8274834160156
2024-10-09,SBIN,771.214345767345,788.5168813576186,766.6558539907494,781.7037353515625,18758697.0,1466.374351522815
2024-10-10,SBIN,783.2722306646576,788.6149631033948,779.3509679329196,781.4096069335938,10241015.0,800.2427505751037
2024-10-11,SBIN,781.5076533317213,786.8993894424932,777.3903156076607,784.0074462890625,14322720.0,1122.9119131113282
2024-10-14,SBIN,786.2131901126612,793.3204789260238,785.036799307843,789.3012084960938,8967564.0,707.8109102466065
2024-10-15,SBIN,789.6442795500336,791.6049109083206,785.821024467886,788.81103515625,6252104.0,493.17286281445314
2024-10-16,SBIN,786.9974153952073,793.0753845737652,786.2621786357137,789.5952758789062,6494240.0,512.7821224423828
2024-10-17,SBIN,793.5655446321986,803.3687014528558,790.1344397449686,795.0850219726562,18580553.0,1477.3119390269103
2024-10-18,SBIN,795.1340535689559,806.4076843065691,787.0955125621578,804.2510375976562,11704698.0,941.3515511267212
2024-10-21,SBIN,808.4663723240905,810.1819248045383,793.0754038184709,797.927978515625,10359618.0,826.6229048934082
2024-10-22,SBIN,797.9769793065807,800.7708551163644,771.9986132726441,774.841552734375,16645356.0,1289.7513488856446
2024-10-23,SBIN,774.4493999917999,776.9981968684108,764.4501679238956,770.5281372070312,13866198.0,1068.4295715083863
2024-10-24,SBIN,770.5771069894755,781.3115753553931,769.2047009756573,778.9097900390625,5607500.0,436.7736647644043
2024-10-25,SBIN,782.2919467905059,784.9878150281925,756.8037379978327,765.5775756835938,9717125.0,743.9213000114441
2024-10-28,SBIN,768.3714408102454,788.1248262816986,768.1263618829754,776.4590454101562,13757251.0,1068.1941978927916
2024-10-29,SBIN,780.3313006117369,818.4165417897631,774.9395642381633,816.3088989257812,28274791.0,2308.096350856659
2024-10-30,SBIN,811.701360020144,816.6029382811352,804.8881542706223,806.2606201171875,15977682.0,1288.2175797355223
2024-10-31,SBIN,803.8588565381399,811.7013819677803,797.5358084437482,804.054931640625,13402324.0,1077.6204707645509
2024-11-01,SBIN,806.2116691468042,809.3486315724846,802.7805641392085,805.0352783203125,1637141.0,131.79562605845948
2024-11-04,SBIN,806.5057323110566,821.0143925955531,791.2127716054617,813.5149536132812,14498161.0,1179.4470773392884
2024-11-05,SBIN,813.5149259169897,834.6407762413705,809.9858134770826,832.4840698242188,26254561.0,2185.650379272821
2024-11-06,SBIN,832.48407214421,844.4439351874554,829.543125158185,837.9738159179688,15002433.0,1257.1646029063659
2024-11-07,SBIN,844.0517871528804,845.4242530166981,830.0332851169691,842.6793212890625,15283847.0,1287.9381816645873
2024-11-08,SBIN,842.6793683716584,846.5026236103943,817.7793850018238,826.55322265625,26139105.0,2160.53614751001
2024-11-11,SBIN,829.3470548242794,837.1895801654074,825.4257921537154,830.964599609375,12621337.0,1048.788424673999
2024-11-12,SBIN,835.7191350712344,836.6014431355901,808.0742203373242,810.427001953125,11350729.0,919.8937273452393
2024-11-13,SBIN,807.1428924562375,815.3775681145983,788.8110370785578,792.7322998046875,13756706.0,1090.5385185116943
2024-11-14,SBIN,792.732297195377,801.8982248540469,785.2818621400214,788.4188842773438,9461484.0,745.961265888794
2024-11-18,SBIN,795.0360273075926,800.623838726437,783.5173179107193,798.2710571289062,9322451.0,744.1842814802429
2024-11-19,SBIN,802.8785321341356,804.1529305358586,784.3505420744752,787.1934814453125,13677029.0,1076.6468074338502
2024-11-21,SBIN,782.7820731049121,782.7820731049121,746.5593966407021,765.3814697265625,29486577.0,2256.8479641465456
2024-11-22,SBIN,770.5281578092952,803.8098885516449,768.6165301838633,799.9866333007812,20665405.0,1653.2047771747132
2024-11-25,SBIN,810.721055354177,832.8761654605977,809.3976531392633,827.8275756835938,23434605.0,1939.9812244252626
2024-11-26,SBIN,827.3864424008906,830.0333067307656,819.1027628532369,822.8770141601562,8893744.0,731.8457507424805
2024-11-27,SBIN,821.9946872850031,825.9159499554146,815.7206430788567,817.6812744140625,8375108.0,684.816898279541
2024-11-28,SBIN,817.6812691634748,829.1509743675217,814.1521567162539,822.3377685546875,13505677.0,1110.6228287000367
2024-11-29,SBIN,824.5434948634407,827.4354380874087,815.181492082223,822.4358520507812,10822949.0,890.1181282517151
2024-12-02,SBIN,822.4358281017708,825.4257788732257,816.308855277593,819.93603515625,6651119.0,545.3492142212402
2024-12-03,SBIN,821.5045173305319,839.7383645454308,820.4261940455666,837.1405639648438,12186182.0,1020.1547272058227
2024-12-04,SBIN,837.1405896069477,846.9927502560289,833.562413429901,842.7774047851562,10749716.0,905.9617752657471
2024-12-05,SBIN,843.0715130039896,854.2961398822408,838.7580999342011,848.4142456054688,14716036.0,1248.529458124292
2024-12-06,SBIN,848.2181393525192,858.2173712226388,840.1305350189066,846.649658203125,14520568.0,1229.3833934115235
2024-12-09,SBIN,842.0911629301171,849.7866170280626,840.0815277676334,841.1598510742188,9630346.0,810.0660407153198
2024-12-10,SBIN,844.8360169417576,851.8452977871689,841.1598332466929,850.423828125,7379849.0,627.5999437564453
2024-12-11,SBIN,850.4238399742597,852.7275578551114,844.0027843308235,844.6399536132812,7006973.0,591.8369349689514
2024-12-12,SBIN,844.5419581482005,847.2868300848979,834.3957147957527,836.8955078125,8845103.0,740.2426966838867
2024-12-13,SBIN,835.8171052852829,845.91440442009,818.5635736543202,844.5909423828125,9379370.0,792.173094725708
2024-12-16,SBIN,842.8754206370667,849.3455401092758,840.9147892516194,844.0028076171875,6432713.0,542.9227832595581
2024-12-17,SBIN,841.6500206085419,845.6202871717958,830.37639021472,833.8074951171875,8791216.0,733.018179199414
2024-12-18,SBIN,834.2486438857434,835.2289595659852,820.5242243623587,821.651611328125,8295338.0,681.5877834211426
2024-12-19,SBIN,808.3682600646816,821.5045136920517,804.0549071102052,816.4068603515625,9453398.0,771.781898083374
2024-12-20,SBIN,818.4656111397987,819.5439344885314,794.0557259996536,796.016357421875,10244198.0,815.4549176668457
2024-12-23,SBIN,801.2120157160039,807.780142922531,796.2124295415985,804.9862670898438,4933200.0,397.1158252807617
2024-12-24,SBIN,808.0252324059893,809.9368600271976,793.2714927831553,796.0653686523438,10602771.0,844.0498804851379
2024-12-26,SBIN,796.9966812110812,806.6527671299033,792.0951026058469,796.45751953125,8318714.0,662.5502318129883
2024-12-27,SBIN,800.2317056059302,802.1923370345046,781.507699396533,783.9094848632812,10649800.0,834.8479231896972
2024-12-30,SBIN,786.2131736679016,792.0460639180922,769.5478071437691,772.7828369140625,21515438.0,1662.6761215088623
2024-12-31,SBIN,771.4594156879419,783.4682824464205,770.5281038501324,779.3019409179688,9086044.0,708.0771724466065
2025-01-01,SBIN,779.8901437444632,782.9291583169418,773.9592457218257,777.58642578125,7273098.0,565.5462278176758
2025-01-02,SBIN,779.3509857383269,786.6053458912669,771.508460095677,785.428955078125,11398319.0,895.2569781817139
2025-01-03,SBIN,785.4289209052785,793.5655289387714,776.557076124776,777.782470703125,13336514.0,1037.2906809486817
2025-01-06,SBIN,781.7037559768974,781.8997712481304,757.9311004689307,761.1171264648438,11419367.0,869.1475797087463
2025-01-07,SBIN,764.4991607191188,768.4204234473491,759.5975823088309,763.4208374023438,9669152.0,738.1632116810547
2025-01-08,SBIN,765.5285368443842,768.5184876953866,745.1379228760546,755.970458984375,15641490.0,1182.450437449951
2025-01-09,SBIN,755.9704689607948,756.1664842319951,711.9542705064919,745.4810791015625,15351029.0,1144.390166423938
2025-01-10,SBIN,745.3830030949237,748.3730137848589,727.4432381239155,728.61962890625,11779296.0,858.2626280296874
2025-01-13,SBIN,726.9041084985033,729.3058939862478,708.2781097642194,715.1403198242188,10414733.0,744.7995488503846
2025-01-14,SBIN,718.5224071080802,742.0989878190752,718.5224071080802,733.4232177734375,11960975.0,877.2456772207642
2025-01-15,SBIN,738.3247909702291,743.9616062267667,735.2367725918546,738.8639526367188,7792299.0,575.744883926715
2025-01-16,SBIN,745.4320548303559,761.4111881866247,745.4320548303559,751.2158813476562,11816079.0,887.6426200058532
2025-01-17,SBIN,751.215910613101,752.8334554551853,744.4517681682984,749.0592041015625,5766573.0,431.950458177356
2025-01-20,SBIN,753.8627747972309,769.5478260283826,752.735387806503,763.9110107421875,9198929.0,702.716315013562
2025-01-21,SBIN,769.3517095093413,769.4497769744905,741.1676345954302,744.1085815429688,13751780.0,1023.2817509490967
2025-01-22,SBIN,747.0005222558178,747.9808379018228,723.4729467516976,738.6188354492188,9908339.0,731.8485813416077
2025-01-23,SBIN,735.2367384986907,740.7755458622017,728.4725365710152,731.2174682617188,10986405.0,803.3451249397888
2025-01-24,SBIN,735.138768408009,738.8639561065576,724.4533033293378,729.501953125,10579213.0,771.755654602539
2025-01-27,SBIN,725.4335984843208,740.4814201410142,721.4143281559363,734.4525146484375,11433353.0,839.7254861713257
2025-01-28,SBIN,742.0989667504426,744.7948348595096,730.7273288420482,737.5895385742188,14140860.0,1043.0150402442628
2025-01-29,SBIN,738.1777143020389,745.8241647145189,735.0406921284334,743.5204467773438,9251973.0,687.9031098531922
2025-01-30,SBIN,743.6184784127346,749.9415267817568,739.8932906386025,747.5887451171875,11085824.0,828.763725275
2025-01-31,SBIN,749.8435094869757,762.2444673012822,744.5497807267266,757.68603515625,10083763.0,764.0326406925293
2025-02-01,SBIN,759.548580017539,763.4208389361906,737.3444656745553,750.9218139648438,9363077.0,703.0938765132507
2025-02-03,SBIN,747.7848125737272,747.7848125737272,738.3248018604113,745.9712524414062,7862190.0,586.49677212323
2025-02-04,SBIN,751.9021360972733,765.8716347144651,750.5787338459753,763.8619995117188,12020807.0,918.2237670764465
2025-02-05,SBIN,764.6462410892296,766.6068724766379,749.9415056836675,750.9708251953125,13419162.0,1007.739916056958
2025-02-06,SBIN,753.8627308990996,755.6762909086074,735.2857374622155,737.4424438476562,32745391.0,2414.7841163787048
2025-02-07,SBIN,744.8438308139157,744.9418982807152,717.3459883584466,722.688720703125,37240692.0,2691.34280595791
2025-02-10,SBIN,725.4335919181764,729.256846944206,718.963532464286,722.2965698242188,12667049.0,914.93660424953
2025-02-11,SBIN,722.9338420118377,725.5807064311172,712.2483766958933,716.7088012695312,13017060.0,932.9441468653564
2025-02-12,SBIN,718.7184448242188,724.1591847308209,703.0333943785369,718.7184448242188,12697743.0,912.610210173761
2025-02-13,SBIN,719.9438519637431,722.9828066071801,711.8562476864424,713.3267211914062,12370571.0,882.4258850695495
2025-02-14,SBIN,716.5617636405941,718.4733911976853,702.1021072520733,707.9349975585938,10417539.0,737.4940446531555
2025-02-17,SBIN,704.8959778549706,714.4050519193028,697.5436102537428,713.375732421875,9093600.0,648.7153560351562
2025-02-18,SBIN,713.3757463206829,713.9149079885333,703.2294429330741,711.5131225585938,8562003.0,609.1977489886048
2025-02-19,SBIN,707.8369242269698,720.3849529544706,707.8369242269698,712.9835815429688,6766606.0,482.44789807701414
2025-02-20,SBIN,710.6308614417115,717.100921006022,709.1113242684337,715.3363647460938,7423268.0,531.0133545656006
2025-02-21,SBIN,712.983563836215,717.2969766512275,705.8272715222472,707.7879028320312,6571602.0,465.13003978267824
2025-02-24,SBIN,696.5142704603655,705.5821902376468,696.5142704603655,702.2981567382812,6912148.0,485.4388799502197
2025-02-25,SBIN,704.7979622750793,704.7979622750793,696.0241250697796,696.9064331054688,8599635.0,599.3140953858948
2025-02-27,SBIN,701.9060466163252,703.5725952859297,687.2993186401222,690.0442504882812,12033139.0,830.3398382276306
2025-02-28,SBIN,687.1033111747046,687.5444053811439,669.1634856554016,675.241455078125,15780609.0,1065.5721383178955
2025-03-03,SBIN,676.5648746220754,683.6721631354309,666.6146467698901,681.6134643554688,10598479.0,722.4065988088684
2025-03-04,SBIN,679.3587530706169,704.3077986097232,678.4764450422322,701.9550170898438,14386214.0,1009.8475094228149
2025-03-05,SBIN,703.425482394221,716.9048225760387,702.8863207536921,715.9735107421875,10409805.0,745.3144631991577
2025-03-06,SBIN,721.5123345545368,722.2475713084986,712.6894935069948,717.6400756835938,10928847.0,784.2978588214417
2025-03-07,SBIN,717.6400610222238,720.3849328808595,713.6697945986864,718.3262939453125,7246729.0,520.551598579602
2025-03-10,SBIN,718.3263154629034,723.9631306303024,712.2973500895013,714.5521240234375,7400109.0,528.7763603954957
2025-03-11,SBIN,710.6308835302965,719.6007363944591,708.4741769972491,715.4833984375,5538789.0,396.2911576948242
2025-03-12,SBIN,716.2186323712558,722.4926768362947,704.8959979099689,708.8172607421875,5547762.0,393.23494640895996
2025-03-13,SBIN,711.6111983443574,717.0519385721029,710.2387324158618,713.5227661132812,5908337.0,421.5732959369446
2025-03-17,SBIN,714.5520981665495,716.8558160007225,708.0819790039528,708.915283203125,5149563.0,365.0603912517334
2025-03-18,SBIN,708.915283203125,708.915283203125,708.915283203125,708.915283203125,0.0,0.0
2025-03-19,SBIN,725.0414304316936,734.5505041985215,724.551272606947,730.4331665039062,7604850.0,555.4834666287231
2025-03-20,SBIN,733.2761159507572,737.8836115337692,729.5509283979652,734.7955932617188,6963197.0,511.652647061322
2025-03-21,SBIN,735.1877533491547,740.7265010195747,732.2958101375568,738.373779296875,9577327.0,707.1647132552002
2025-03-24,SBIN,743.0792951283579,767.5381836299999,740.236355685803,765.4304809570312,12095064.0,925.7930654726074
2025-03-25,SBIN,768.4694992151382,770.52813824643,754.05884649493,757.636962890625,15190143.0,1150.8613808394286
2025-03-26,SBIN,756.8037071028305,760.7739736513279,746.4613886162912,748.961181640625,7711852.0,577.5877786557617
2025-03-27,SBIN,748.765095143516,760.528883157817,745.5300654063271,757.0977783203125,15648616.0,1184.7532407387696
2025-03-28,SBIN,756.9017030647627,763.2737549045355,751.9021170931981,756.3135375976562,7628185.0,576.9299582799378
2025-04-01,SBIN,751.7060726537488,767.3421201573958,748.1769600397238,756.5096435546875,7011125.0,530.3983674667359
2025-04-02,SBIN,757.0977881876627,761.7052838533914,749.2552627425828,760.6759643554688,5458436.0,415.21010681726074
2025-04-03,SBIN,754.8430831745769,769.2537358201085,754.7940793566994,763.8619995117188,7956680.0,607.7805494274902
2025-04-04,SBIN,763.7639032041603,767.4891505617313,749.9414763962274,752.34326171875,8231194.0,619.2683341799805
2025-04-07,SBIN,715.6304557983397,738.8639496862081,715.6304557983397,732.1978149414062,14923235.0,1092.6760058857117
2025-04-08,SBIN,745.0399507907015,758.764370936846,743.2263906334504,753.4706420898438,12911288.0,972.8276459566895
2025-04-09,SBIN,751.9021496759307,752.8334615673064,726.4139412123398,727.59033203125,11319387.0,823.5876545720215
2025-04-11,SBIN,744.0595747998677,744.7458077183372,731.3154714106737,739.0109252929688,9360327.0,691.7383917314759
2025-04-15,SBIN,754.8430601068783,755.5292930373557,742.1969641274441,748.4710083007812,7859090.0,588.2301016626587
2025-04-16,SBIN,748.4710501178707,759.4996019368964,745.5301029661306,756.5586547851562,12536694.0,948.474434809314
2025-04-17,SBIN,756.8037006997325,785.2328552596965,752.0491936119853,781.7527465820312,27034818.0,2113.454322484534
2025-04-21,SBIN,787.1935033394458,808.1232195009724,785.6250221604275,800.6238403320312,16398507.0,1312.9035650051696
2025-04-22,SBIN,804.986275275127,819.0537818863039,797.9769939622398,806.211669921875,25117557.0,2025.006757332788
2025-04-23,SBIN,809.740755044151,814.6423334645151,794.1537117339047,797.4378051757812,12104382.0,965.2491815089234
2025-04-24,SBIN,796.7515648231008,802.8785377915959,795.1830836766543,797.3887939453125,12713521.0,1013.7619176988403
2025-04-25,SBIN,798.9572755447768,802.8785382468371,771.508436630355,782.9291381835938,13131038.0,1028.0672264796021
2025-04-28,SBIN,782.9291312258807,806.6037186789465,781.7037366423766,801.260986328125,11317611.0,906.8360152738037
2025-04-29,SBIN,803.858844621864,812.6816855994211,793.075372315961,796.5554809570312,11283059.0,898.758248841156
2025-04-30,SBIN,795.5261656735474,795.5261656735474,769.0576426012298,773.1259765625,25635764.0,1981.9675077425782
2025-05-02,SBIN,774.7924765987593,787.5856441366993,773.4690743593894,781.0175170898438,14720184.0,1149.6721558785644
2025-05-05,SBIN,766.606876267059,783.2722431424297,766.606876267059,774.4494018554688,23986447.0,1857.6289531787902
2025-05-06,SBIN,778.3216684290833,783.4193220780548,755.9214185982945,758.8623657226562,18869468.0,1431.9329126407958
2025-05-07,SBIN,750.2356003532819,766.9990348823832,749.5003635713141,760.822998046875,15586266.0,1185.8389626476073
2025-05-08,SBIN,763.6658883956691,771.0182557422255,748.9611537025561,753.8627319335938,14491673.0,1092.4732198068298
2025-05-09,SBIN,741.6088285228935,766.312796178702,740.6285128209466,763.9110107421875,13578216.0,1037.2548708635743
2025-05-12,SBIN,783.272256608189,788.0758275471601,777.390362315762,785.8701171875,15096824.0,1186.4142846039063
2025-05-13,SBIN,782.880060357833,791.7519649275839,781.5076543371932,785.9680786132812,13909596.0,1093.2498442406982
2025-05-14,SBIN,789.8893639857823,791.6049164362635,780.6253687864404,784.9387817382812,9281719.0,728.5581204297058
2025-05-15,SBIN,788.6149458696933,793.516524177251,778.8607930709097,791.8499755859375,17058854.0,1350.8053123424072
2025-05-16,SBIN,804.0,804.0,791.0,792.0999755859375,14733924.0,1167.074084068506
2025-05-19,SBIN,792.0999755859375,801.4000244140625,792.0999755859375,795.0,10666184.0,847.961628
2025-05-20,SBIN,798.1500244140625,799.4000244140625,783.7999877929688,785.6500244140625,11324667.0,889.7224905031128
2025-05-21,SBIN,787.0,791.0,779.0999755859375,787.0999755859375,8206040.0,645.8973883657227
2025-05-22,SBIN,788.0,788.2000122070312,780.2999877929688,785.25,7355826.0,577.61623665
2025-05-23,SBIN,787.9000244140625,794.9500122070312,786.2000122070312,790.5,5534158.0,437.4751899
2025-05-26,SBIN,792.0,797.5499877929688,789.2000122070312,794.4000244140625,4965466.0,394.4566311627197
2025-05-27,SBIN,794.4000244140625,801.3499755859375,790.0499877929688,793.7000122070312,11995043.0,952.0465775523865
2025-05-28,SBIN,794.5,798.9000244140625,792.6500244140625,796.5499877929688,6873519.0,547.5101475544739
2025-05-29,SBIN,799.0,800.4000244140625,791.3499755859375,797.3499755859375,14034127.0,1119.0110820819946
2025-05-30,SBIN,798.0,814.5,792.5999755859375,812.2999877929688,22037314.0,1790.0909893189819
2025-06-02,SBIN,812.8499755859375,822.5499877929688,809.2000122070312,813.6500244140625,26891575.0,2188.033065528259
2025-06-03,SBIN,816.2000122070312,818.4000244140625,805.1500244140625,809.7999877929688,14247597.0,1153.7703876679138
2025-06-04,SBIN,817.0,817.0,805.25,806.5,9607927.0,774.87931255
2025-06-05,SBIN,808.7000122070312,811.7000122070312,802.8499755859375,806.0,13595507.0,1095.7978642
2025-06-06,SBIN,806.6500244140625,816.4500122070312,803.0999755859375,813.0499877929688,17163935.0,1395.513714222931
2025-06-09,SBIN,817.4000244140625,824.5,815.7000122070312,820.0499877929688,12793040.0,1049.0932295834962
2025-06-10,SBIN,821.0,822.0499877929688,814.5999755859375,817.0499877929688,6560513.0,536.0267066565613
2025-06-11,SBIN,817.0,820.5999755859375,813.0499877929688,815.0499877929688,7197825.0,586.6587178385926
2025-06-12,SBIN,816.0,816.5,801.2000122070312,805.9500122070312,13448521.0,1083.8835664116516
2025-06-13,SBIN,786.25,796.2999877929688,786.25,792.3499755859375,11377117.0,901.4658377188355
2025-06-16,SBIN,792.5,795.4000244140625,786.1500244140625,792.5,8085001.0,640.73632925
2025-06-17,SBIN,794.0,798.8499755859375,790.5499877929688,792.2999877929688,7753156.0,614.2825404156982
2025-06-18,SBIN,792.5,795.5,788.3499755859375,791.9000244140625,5710169.0,452.18829705084227
2025-06-19,SBIN,792.3499755859375,793.25,781.7000122070312,785.0999755859375,11824333.0,928.3283549619995
2025-06-20,SBIN,787.5,799.4500122070312,786.0999755859375,796.1500244140625,11367669.0,905.0369951880981
2025-06-23,SBIN,790.0,794.9500122070312,788.5,790.2000122070312,5549253.0,438.5019788339905
2025-06-24,SBIN,799.0,806.6500244140625,793.6500244140625,795.4000244140625,11402190.0,906.9302204373779
2025-06-25,SBIN,799.5,803.7999877929688,796.0999755859375,800.0499877929688,6528324.0,522.2985536508545
2025-06-26,SBIN,802.0,803.3499755859375,791.4000244140625,797.0499877929688,24704402.0,1969.0643312532593
2025-06-27,SBIN,805.0,809.4500122070312,802.6500244140625,805.4000244140625,19375990.0,1560.542281904663
2025-06-30,SBIN,809.0,821.0,807.0499877929688,820.3499755859375,19652607.0,1612.2015672650025
2025-07-01,SBIN,820.0,824.9000244140625,813.25,820.2999877929688,11456405.0,939.7688881651306
2025-07-02,SBIN,821.0,824.0499877929688,809.0,812.9000244140625,6661200.0,541.4889642626953
2025-07-03,SBIN,813.5,814.5,805.7999877929688,807.0999755859375,7020403.0,566.6167089903443
2025-07-04,SBIN,808.75,813.8499755859375,804.0999755859375,811.8499755859375,4319538.0,350.6816819842529
2025-07-07,SBIN,811.2000122070312,812.6500244140625,805.1500244140625,806.8499755859375,4461783.0,359.9989504619751
2025-07-08,SBIN,807.9000244140625,813.5499877929688,805.3499755859375,812.6500244140625,5935770.0,482.370363541626
2025-07-09,SBIN,810.0,812.4500122070312,809.0,810.9500122070312,4099112.0,332.4174926437988
2025-07-10,SBIN,811.2999877929688,815.5,806.9000244140625,808.0,12178137.0,983.9934696
2025-07-11,SBIN,807.5499877929688,812.5499877929688,804.5499877929688,808.6500244140625,6202372.0,501.5548269225098
2025-07-14,SBIN,809.7999877929688,815.5,808.0,808.8499755859375,6938635.0,561.2314750349732
2025-07-15,SBIN,811.0,821.0,810.5,816.4500122070312,9297645.0,759.1062373746643
2025-07-16,SBIN,816.0,834.2000122070312,815.2999877929688,831.7000122070312,16458920.0,1368.888396491455
2025-07-17,SBIN,838.4000244140625,842.5,826.3499755859375,829.0,23073718.0,1912.8112222
2025-07-18,SBIN,832.0,832.6500244140625,820.25,823.3499755859375,15387801.0,1266.9545577671265
2025-07-21,SBIN,823.0,827.3499755859375,817.9500122070312,824.2000122070312,8852594.0,729.6308082863892
2025-07-22,SBIN,827.5,828.0499877929688,814.0,815.0,7851163.0,639.8697845
2025-07-23,SBIN,812.5,825.2000122070312,811.5,820.6500244140625,15470390.0,1269.577593119507
2025-07-24,SBIN,820.0,821.9500122070312,810.6500244140625,815.7000122070312,10118309.0,825.3504774814514
2025-07-25,SBIN,815.0,819.2000122070312,805.5,806.5499877929688,6734439.0,543.1661693242493
2025-07-28,SBIN,806.5499877929688,808.9500122070312,796.0,797.1500244140625,7734158.0,616.5284238522216
2025-07-29,SBIN,796.2000122070312,800.0,793.0999755859375,799.2000122070312,7833759.0,626.0740288426941
2025-07-30,SBIN,798.9500122070312,803.4000244140625,796.2000122070312,801.6500244140625,8743723.0,700.94057564198
2025-07-31,SBIN,795.0999755859375,803.7999877929688,792.5499877929688,796.5499877929688,11359112.0,904.8100524938965
2025-08-01,SBIN,795.7000122070312,801.0,792.0,794.0,15468391.0,1228.1902454
2025-08-04,SBIN,794.5,797.2000122070312,786.5499877929688,795.7000122070312,8820724.0,701.8650194474853
2025-08-05,SBIN,798.0,804.0499877929688,796.2999877929688,800.5999755859375,7381537.0,590.9658341986694
2025-08-06,SBIN,800.9500122070312,810.2000122070312,799.0,805.1500244140625,7409396.0,596.5675370293457
2025-08-07,SBIN,801.0999755859375,806.6500244140625,793.4000244140625,805.1500244140625,7091392.0,570.9634441929687
2025-08-08,SBIN,805.0,807.7999877929688,790.0,804.2999877929688,15708181.0,1263.4089786549744
2025-08-11,SBIN,808.0,825.0,808.0,823.4500122070312,15236297.0,1254.6328950639954
2025-08-12,SBIN,824.9500122070312,825.5,820.0,820.5999755859375,7986728.0,655.3908801811524
2025-08-13,SBIN,822.6500244140625,824.9500122070312,820.6500244140625,821.8499755859375,4447508.0,365.51843412182615
2025-08-14,SBIN,822.0,828.0,819.0999755859375,826.5499877929688,7087573.0,585.8233376631775
2025-08-18,SBIN,836.0,838.0,825.1500244140625,827.6500244140625,6138124.0,508.0218478456543
2025-08-19,SBIN,827.5,831.0,825.7999877929688,830.4000244140625,5076681.0,421.5676026342407
2025-08-20,SBIN,828.7000122070312,831.9000244140625,827.4000244140625,828.9500122070312,4493888.0,372.5208512457031
2025-08-21,SBIN,828.9500122070312,833.25,824.0499877929688,825.7000122070312,4402511.0,363.51533864415893
2025-08-22,SBIN,824.0,826.0,815.7000122070312,816.25,5097647.0,416.095436375
2025-08-25,SBIN,817.4500122070312,820.5,814.2000122070312,816.4500122070312,5672898.0,463.1637641349243
2025-08-26,SBIN,814.8499755859375,815.8499755859375,806.75,807.8499755859375,6997817.0,565.3186292604859
2025-08-28,SBIN,807.25,811.0,800.6500244140625,801.9500122070312,7898436.0,633.4150846616456
2025-08-29,SBIN,800.7000122070312,806.7000122070312,798.5,802.5,6861440.0,550.63056
2025-09-01,SBIN,803.0999755859375,808.2999877929688,802.6500244140625,806.0499877929688,5619805.0,452.9843751648865
2025-09-02,SBIN,806.2999877929688,810.5,802.6500244140625,803.9000244140625,5075460.0,408.01624179125974
2025-09-03,SBIN,804.2999877929688,813.2999877929688,803.0,812.1500244140625,4261589.0,346.10496103927
2025-09-04,SBIN,814.6500244140625,816.75,808.0,809.4000244140625,4471950.0,361.9596439178467
2025-09-05,SBIN,811.5,812.5,803.6500244140625,806.5999755859375,5194842.0,419.0159430372803
2025-09-08,SBIN,808.0,813.8499755859375,806.7999877929688,808.7999877929688,4614227.0,373.1986741273987
2025-09-09,SBIN,812.0,812.3499755859375,805.5999755859375,808.8499755859375,4567272.0,369.4237845694336
2025-09-10,SBIN,812.0,824.5999755859375,810.4000244140625,818.2000122070312,7285853.0,596.1285013538635
2025-09-11,SBIN,819.0999755859375,825.7000122070312,819.0,823.6500244140625,7425055.0,611.5646732025757
2025-09-12,SBIN,824.0999755859375,825.7999877929688,819.7999877929688,823.5499877929688,5078018.0,418.20016619124755
2025-09-15,SBIN,823.5499877929688,827.7999877929688,821.0999755859375,824.75,3852494.0,317.73444265
2025-09-16,SBIN,825.0999755859375,833.0,821.6500244140625,831.5499877929688,9467531.0,787.2725287479553
2025-09-17,SBIN,834.2999877929688,858.1500244140625,831.0,857.1500244140625,17243938.0,1478.064187769458
2025-09-18,SBIN,858.6500244140625,860.7999877929688,851.0999755859375,854.3499755859375,10400847.0,888.5963380523071
2025-09-19,SBIN,852.0,864.4500122070312,849.2999877929688,862.3499755859375,15206426.0,1311.3261089849366
2025-09-22,SBIN,862.0,868.2000122070312,854.0,855.25,6594034.0,563.95475785
2025-09-23,SBIN,854.5999755859375,874.25,851.2000122070312,870.5999755859375,14357863.0,1249.9955177266236
2025-09-24,SBIN,876.0,880.5,864.4500122070312,866.2000122070312,12840160.0,1112.2146748740233
2025-09-25,SBIN,866.5499877929688,870.1500244140625,859.9500122070312,861.1500244140625,8678821.0,747.3766916035279
2025-09-26,SBIN,862.0,864.3499755859375,853.0,856.9500122070312,6959545.0,596.3982172705383
2025-09-29,SBIN,858.0499877929688,873.5,856.0,870.75,22641712.0,1971.5270724
2025-09-30,SBIN,869.9500122070312,877.5999755859375,867.5999755859375,872.4500122070312,12831593.0,1119.4923469485657
2025-10-01,SBIN,872.2999877929688,876.4500122070312,862.7999877929688,864.0999755859375,10832384.0,936.02627499375
2025-10-03,SBIN,865.1500244140625,873.0,863.7999877929688,867.2999877929688,8019442.0,695.5261948706421
2025-10-06,SBIN,868.0,875.2999877929688,862.7999877929688,874.0499877929688,7820352.0,683.5378570136719
2025-10-07,SBIN,874.1500244140625,877.0,863.0,864.7000122070312,9242580.0,799.2059038824463
2025-10-08,SBIN,866.7999877929688,867.7999877929688,857.25,858.25,7156112.0,614.1733124
2025-10-09,SBIN,861.5999755859375,865.7999877929688,858.0999755859375,862.0999755859375,7020501.0,605.237374070105
2025-10-10,SBIN,862.0999755859375,883.75,861.2999877929688,880.6500244140625,13713015.0,1207.6366994540406
2025-10-13,SBIN,879.0,888.0999755859375,876.0,882.9500122070312,11923143.0,1052.753925739618
2025-10-14,SBIN,883.0,884.1500244140625,872.0999755859375,876.9500122070312,7681973.0,673.6706316124084
2025-10-15,SBIN,878.0999755859375,887.5,877.0499877929688,886.0999755859375,8269225.0,732.7360070614624
2025-10-16,SBIN,888.2999877929688,891.8499755859375,882.4500122070312,886.9500122070312,8493686.0,753.347490138269
2025-10-17,SBIN,887.5,894.75,883.0,889.1500244140625,8511854.0,756.8315191908936
2025-10-20,SBIN,894.5999755859375,913.6500244140625,891.0499877929688,907.5,13546463.0,1229.34151725
2025-10-21,SBIN,908.0,910.0,906.4000244140625,907.8499755859375,1783576.0,161.9219428055664
2025-10-23,SBIN,912.0,918.0,904.7999877929688,911.5499877929688,13382769.0,1219.9062918586121
2025-10-24,SBIN,910.9500122070312,914.0999755859375,900.9500122070312,904.5,5313227.0,480.58138215
2025-10-27,SBIN,906.9500122070312,928.0,906.0,922.75,9150761.0,844.386471275
2025-10-28,SBIN,927.0999755859375,935.8499755859375,917.7000122070312,930.25,22066289.0,2052.716534225
2025-10-29,SBIN,933.9000244140625,942.0499877929688,930.25,939.75,12314222.0,1157.22901245
2025-10-30,SBIN,939.4500122070312,944.9000244140625,933.0499877929688,934.3499755859375,13044473.0,1218.8103029081421
2025-10-31,SBIN,934.9000244140625,946.7000122070312,930.25,937.0,12078252.0,1131.7322124
2025-11-03,SBIN,938.75,953.4000244140625,937.5,949.7000122070312,11744735.0,1115.3974972868348
2025-11-04,SBIN,951.0,959.2999877929688,941.5,957.5999755859375,19154518.0,1834.23659691604
2025-11-06,SBIN,969.6500244140625,971.4000244140625,955.2999877929688,960.75,23088096.0,2218.1888232
2025-11-07,SBIN,958.75,964.8499755859375,944.0,955.8499755859375,13371323.0,1278.0978763101684
2025-11-10,SBIN,956.0,963.2000122070312,949.0999755859375,951.1500244140625,7343249.0,698.453146562854
2025-11-11,SBIN,953.5999755859375,954.9500122070312,945.0499877929688,953.2999877929688,8648917.0,824.50124705224
2025-11-12,SBIN,957.7000122070312,961.5499877929688,951.4000244140625,957.1500244140625,7043323.0,674.1516781406128
2025-11-13,SBIN,954.25,963.9500122070312,952.4500122070312,954.0,8894441.0,848.5296714
2025-11-14,SBIN,952.9500122070312,969.0499877929688,952.0,967.8499755859375,11032927.0,1067.821812759143
2025-11-17,SBIN,971.0,976.0,968.5,973.3499755859375,7415026.0,721.7415376069092
2025-11-18,SBIN,975.5999755859375,976.7000122070312,968.8499755859375,972.4500122070312,6594686.0,641.3002481201538
2025-11-19,SBIN,972.4500122070312,984.4500122070312,968.7999877929688,982.75,8291226.0,814.82023515
2025-11-20,SBIN,986.0,986.5999755859375,979.3499755859375,981.5499877929688,6440857.0,632.2023109726257
2025-11-21,SBIN,979.7000122070312,980.5999755859375,971.0499877929688,972.5999755859375,5377241.0,522.9904465319702
2025-11-24,SBIN,975.5499877929688,977.7000122070312,968.0499877929688,970.5999755859375,9901946.0,961.0828545853271
2025-11-25,SBIN,975.5499877929688,988.9500122070312,971.3499755859375,983.5999755859375,9140201.0,899.0301480450562
2025-11-26,SBIN,986.5999755859375,999.0,982.1500244140625,983.9000244140625,13943490.0,1371.9000151417235
2025-11-27,SBIN,986.7000122070312,988.5499877929688,968.9000244140625,972.8499755859375,11909168.0,1158.5833798048827
2025-11-28,SBIN,976.7999877929688,983.0,973.0499877929688,979.0,8117842.0,794.7367318
2025-12-01,SBIN,985.4500122070312,991.2000122070312,969.8499755859375,973.0999755859375,8808306.0,857.1362353553467
2025-12-02,SBIN,976.0,980.4500122070312,964.9000244140625,967.2999877929688,13444314.0,1300.468476808484
2025-12-03,SBIN,970.4500122070312,972.5499877929688,947.5499877929688,951.0499877929688,14051968.0,1336.4123994867186
2025-12-04,SBIN,951.0499877929688,952.5499877929688,944.4500122070312,948.0999755859375,13622724.0,1291.5704291813965
2025-12-05,SBIN,948.8499755859375,973.2999877929688,946.7000122070312,971.5,17347847.0,1685.34333605
2025-12-08,SBIN,970.8499755859375,972.5,951.7000122070312,956.4000244140625,15386438.0,1471.5589678845458
2025-12-09,SBIN,954.7999877929688,964.0,950.4500122070312,959.3499755859375,9580294.0,919.0854815006104
2025-12-10,SBIN,960.0999755859375,963.9500122070312,955.25,959.75,6989178.0,670.78635855
2025-12-11,SBIN,962.0999755859375,966.5,958.4500122070312,963.25,5979035.0,575.930546375
2025-12-12,SBIN,966.0,967.0,958.0,963.1500244140625,5681930.0,547.2551018218994
2025-12-15,SBIN,957.25,968.8499755859375,957.25,967.25,4416952.0,427.2296822
2025-12-16,SBIN,966.0499877929688,969.0,958.0499877929688,961.1500244140625,4764786.0,457.9674180227783
2025-12-17,SBIN,965.5499877929688,978.5,964.2999877929688,975.8499755859375,8013382.0,781.9858629060791
2025-12-18,SBIN,977.9000244140625,981.4500122070312,973.5,977.5499877929688,4926879.0,481.6270506307434
2025-12-19,SBIN,979.9500122070312,982.0,977.0499877929688,980.2999877929688,5376584.0,527.0665229567871
2025-12-22,SBIN,981.0999755859375,983.0,972.5499877929688,974.2999877929688,5959037.0,580.5889676357849
2025-12-23,SBIN,976.2999877929688,977.5499877929688,970.7000122070312,971.9000244140625,5123287.0,497.9322760380249
2025-12-24,SBIN,973.2000122070312,977.2999877929688,967.5,968.9500122070312,4105643.0,397.81628349677123
2025-12-26,SBIN,968.9500122070312,971.0,964.75,966.2999877929688,3286321.0,317.5571942183777
2025-12-29,SBIN,966.9000244140625,968.9000244140625,961.4500122070312,965.0499877929688,5267233.0,508.3143142352722
2025-12-30,SBIN,963.0,976.2000122070312,959.5,973.4500122070312,15030644.0,1463.1580585279542
2025-12-31,SBIN,975.25,985.6500244140625,973.5,982.2000122070312,5807630.0,570.4254256893921
2026-01-01,SBIN,983.2000122070312,987.6500244140625,980.3499755859375,984.75,4328348.0,426.2340693
2026-01-02,SBIN,984.5,1009.5,983.9500122070312,998.9500122070312,7357435.0,734.9709783062439
2026-01-05,SBIN,1000.0,1015.5,1000.0,1005.5499877929688,11259060.0,1132.1547645560304
2026-01-06,SBIN,1007.9500122070312,1024.0,1004.9500122070312,1018.9000244140625,9575742.0,975.6723757582764
2026-01-07,SBIN,1022.7000122070312,1022.7000122070312,1004.0,1007.1500244140625,7896720.0,795.3181740791016
2026-01-08,SBIN,1006.5999755859375,1011.5999755859375,995.8499755859375,998.0,6854268.0,684.0559464
2026-01-09,SBIN,996.0,1008.0,994.0,1000.5,7809460.0,781.336473
2026-01-12,SBIN,1008.0,1017.25,996.0,1015.1500244140625,7617922.0,773.3333704284424
2026-01-13,SBIN,1022.7999877929688,1029.5,1016.0,1028.449951171875,11016895.0,1133.0325124815674
2026-01-14,SBIN,1030.0,1030.4000244140625,1020.5,1028.3499755859375,7370514.0,757.946789195581
2026-01-15,SBIN,1028.3499755859375,1028.3499755859375,1028.3499755859375,1028.3499755859375,0.0,0.0
2026-01-16,SBIN,1032.0,1047.449951171875,1028.4000244140625,1042.300048828125,11051580.0,1151.906237362793
2026-01-19,SBIN,1035.0,1043.5999755859375,1034.0,1038.4000244140625,5460164.0,566.9834430904785
2026-01-20,SBIN,1039.75,1052.0,1033.050048828125,1036.4000244140625,8905718.0,922.9886352624756
2026-01-21,SBIN,1032.0,1040.5999755859375,1022.0,1028.6500244140625,7408949.0,762.1215569732544
2026-01-22,SBIN,1035.0,1055.5,1034.050048828125,1048.3499755859375,12001641.0,1258.1920049341186
2026-01-23,SBIN,1051.9000244140625,1053.0,1025.5999755859375,1029.5,10917698.0,1123.9770091
2026-01-27,SBIN,1034.0999755859375,1055.0,1030.25,1053.1500244140625,14420630.0,1518.7086836566161
2026-01-28,SBIN,1059.4000244140625,1065.5999755859375,1044.1500244140625,1063.5,12171257.0,1294.41318195
2026-01-29,SBIN,1063.0,1075.0,1060.300048828125,1066.199951171875,14800724.0,1578.0531206108399
2026-01-30,SBIN,1064.0,1082.5,1060.4000244140625,1077.1500244140625,9480769.0,1021.2210559814087
2026-02-02,SBIN,1019.9000244140625,1031.300048828125,990.0,1028.699951171875,14434549.0,1484.8819851488038
2026-02-03,SBIN,1087.0,1089.800048828125,1040.300048828125,1064.199951171875,16129381.0,1716.4886472632568
2026-02-04,SBIN,1064.199951171875,1073.9000244140625,1056.300048828125,1068.199951171875,7312276.0,781.0972866155273
2026-02-05,SBIN,1068.199951171875,1081.0,1067.5,1073.5,9551567.0,1025.36071745
2026-02-06,SBIN,1070.0,1073.5999755859375,1051.0,1066.4000244140625,7041557.0,750.9116556713012
2026-02-09,SBIN,1120.0,1150.0,1100.5,1146.0,40852966.0,4681.7499036
2026-02-10,SBIN,1151.0,1154.0,1138.0999755859375,1144.0999755859375,17280036.0,1977.0088765724122
2026-02-11,SBIN,1144.699951171875,1187.5,1142.800048828125,1182.9000244140625,29491859.0,3488.592073111609
2026-02-12,SBIN,1183.0,1203.699951171875,1174.800048828125,1192.4000244140625,33214985.0,3960.554892491272
2026-02-13,SBIN,1189.0,1201.0,1184.5,1198.5999755859375,18141390.0,2174.426961109497
2026-02-16,SBIN,1194.0,1212.300048828125,1185.300048828125,1208.0999755859375,14972739.0,1808.8565620354614
2026-02-17,SBIN,1206.0999755859375,1225.5,1204.0999755859375,1213.4000244140625,20107196.0,2439.807211729834
2026-02-18,SBIN,1218.800048828125,1224.0999755859375,1214.0,1218.9000244140625,10417264.0,1269.7603343927735
2026-02-19,SBIN,1222.9000244140625,1224.9000244140625,1199.199951171875,1205.699951171875,9630899.0,1161.197445404126
2026-02-20,SBIN,1206.199951171875,1218.0,1201.800048828125,1216.0999755859375,9958162.0,1211.012056508081
2026-02-23,SBIN,1222.0,1231.0999755859375,1217.0999755859375,1227.800048828125,9733835.0,1195.1203088284913
2026-02-24,SBIN,1232.0,1234.699951171875,1219.699951171875,1223.300048828125,15788449.0,1931.4010432620362
2026-02-25,SBIN,1228.0999755859375,1228.0999755859375,1197.5,1200.0999755859375,19581100.0,2349.92776319458
2026-02-26,SBIN,1201.0,1215.4000244140625,1188.9000244140625,1209.5,16196052.0,1958.9124894
2026-02-27,SBIN,1207.0,1211.800048828125,1198.5999755859375,1201.699951171875,10700355.0,1285.8616081021728
2026-03-02,SBIN,1185.0,1197.300048828125,1179.4000244140625,1189.9000244140625,16270835.0,1936.0666963737183
2026-03-04,SBIN,1172.0999755859375,1182.699951171875,1157.5999755859375,1174.5,13855065.0,1627.27738425
2026-03-05,SBIN,1181.0,1183.199951171875,1150.5999755859375,1169.5,22100665.0,2584.67277175
2026-03-06,SBIN,1168.5,1169.300048828125,1138.0,1143.0,20333328.0,2324.0993904
2026-03-09,SBIN,1115.0,1115.0,1064.300048828125,1098.5,24631198.0,2705.7371003
2026-03-10,SBIN,1111.0999755859375,1119.9000244140625,1104.5,1112.199951171875,17491459.0,1945.3999845724854
2026-03-11,SBIN,1113.4000244140625,1115.9000244140625,1088.0,1091.0999755859375,8364878.0,912.6918181579346
2026-03-12,SBIN,1075.0999755859375,1098.0,1070.5,1085.199951171875,14614140.0,1585.9264014418945
2026-03-13,SBIN,1077.5,1081.300048828125,1042.300048828125,1047.0,15978675.0,1672.9672725
2026-03-16,SBIN,1048.699951171875,1073.0,1036.0999755859375,1066.699951171875,15322269.0,1634.4263594142335
2026-03-17,SBIN,1073.9000244140625,1073.9000244140625,1047.0,1064.699951171875,16427877.0,1749.0759839757568
2026-03-18,SBIN,1067.5,1075.4000244140625,1061.300048828125,1069.800048828125,10749915.0,1150.0259591898193
2026-03-19,SBIN,1049.5,1059.699951171875,1041.0,1048.9000244140625,13431191.0,1408.7976567809937
2026-03-20,SBIN,1058.4000244140625,1085.0,1054.0,1058.0,17748625.0,1877.804525
2026-03-23,SBIN,1039.0,1045.5999755859375,1014.2000122070312,1031.9000244140625,16039603.0,1655.126672729187
2026-03-24,SBIN,1055.199951171875,1059.0,1020.0,1030.800048828125,30416734.0,3135.357089239209
2026-03-25,SBIN,1043.0,1065.5,1043.0,1060.5999755859375,16205333.0,1718.7375784161986
2026-03-27,SBIN,1051.300048828125,1055.300048828125,1013.0,1019.5,20445349.0,2084.40333055
2026-03-30,SBIN,1005.0,1009.4000244140625,975.7999877929688,979.4000244140625,21438137.0,2099.6511901192016
2026-04-01,SBIN,1008.0,1031.0,998.4500122070312,1017.7999877929688,17424479.0,1773.463451349884
2026-04-02,SBIN,1000.0,1026.0,977.9000244140625,1018.4000244140625,20777629.0,2115.9937880866332
2026-04-06,SBIN,1020.0,1035.699951171875,1005.0499877929688,1032.75,23576634.0,2434.87687635
2026-04-07,SBIN,1025.0,1033.699951171875,1012.0,1030.4000244140625,15021291.0,1547.7938613130736
2026-04-08,SBIN,1074.0,1077.800048828125,1059.449951171875,1061.449951171875,28533742.0,3028.7139052650878
2026-04-09,SBIN,1060.0999755859375,1064.3499755859375,1038.300048828125,1040.949951171875,24772948.0,2578.73990109834
2026-04-10,SBIN,1049.0,1069.449951171875,1046.1500244140625,1066.699951171875,17861336.0,1905.2686239064453
2026-04-13,SBIN,1042.0,1067.25,1030.0,1063.550048828125,17763348.0,1889.2209632750976
2026-04-15,SBIN,1076.0,1088.0,1068.199951171875,1071.5,16195810.0,1735.3810415
2026-04-16,SBIN,1078.0,1084.1500244140625,1062.0,1067.1500244140625,20313165.0,2167.7194525676878
2026-04-17,SBIN,1067.0,1082.1500244140625,1060.0,1080.25,16823879.0,1817.399528975
2023-04-21,INFY,1126.3243202709632,1131.0475495380106,1118.895609516621,1125.636474609375,8691352.0,978.330282486914
2023-04-24,INFY,1126.2325338323785,1128.0667887734735,1117.0612591269032,1124.6734619140625,8313774.0,935.0280986151123
2023-04-25,INFY,1124.3524430948148,1133.111055729297,1114.3099414901628,1123.3895263671875,6808576.0,764.8682967875
2023-04-26,INFY,1126.2324867816417,1130.8181239428047,1119.3999321931217,1125.81982421875,5680192.0,639.487275896875
2023-04-27,INFY,1128.0665306466274,1144.391440668484,1123.8477676382633,1142.9698486328125,8020704.0,916.7422836808594
2023-04-28,INFY,1151.6368776414001,1154.6634429645405,1141.7777576955154,1148.931396484375,10118277.0,1162.5206123625733
2023-05-02,INFY,1150.5822227207543,1173.6937883843755,1150.5822227207543,1171.5843505859375,8886401.0,1041.1168344631226
2023-05-03,INFY,1161.0833162689144,1167.044644512001,1157.506496932256,1163.9722900390625,5549783.0,645.9793627729858
2023-05-04,INFY,1163.788693033167,1170.0711048738817,1157.8732664731895,1168.007568359375,4505401.0,526.2342466493897
2023-05-05,INFY,1173.0058612365624,1173.0058612365624,1150.3069596997327,1154.7550048828125,5373791.0,620.5412052444213
2023-05-08,INFY,1157.8277004573615,1165.0272417217616,1151.17852531935,1160.7166748046875,5260842.0,610.6347032912842
2023-05-09,INFY,1161.083344621019,1166.5861092874693,1156.2225243840412,1165.393798828125,4969897.0,579.1887144614502
2023-05-10,INFY,1170.621404606506,1170.621404606506,1154.800957377408,1158.5611572265625,6515734.0,754.8876323220459
2023-05-11,INFY,1164.9811601752815,1170.162952733371,1149.20661258924,1152.0037841796875,6888461.0,793.5533139174195
2023-05-12,INFY,1149.4815684750179,1151.9119783998672,1136.3667142373067,1142.0069580078125,8292212.0,946.9763801275878
2023-05-15,INFY,1146.317457613311,1163.742876662217,1142.4196665102663,1154.067138671875,5534710.0,638.7426933078614
2023-05-16,INFY,1160.1661142944206,1168.3743594123644,1158.1025777274938,1159.524169921875,5236469.0,607.1812370546631
2023-05-17,INFY,1156.1306391276796,1156.4516112883057,1139.4847564270556,1143.5660400390625,10465667.0,1196.8181367557495
2023-05-18,INFY,1154.2965053260136,1155.2595338626716,1139.4848756551935,1142.74072265625,6948732.0,794.059902722461
2023-05-19,INFY,1151.9578558336234,1167.7783026634847,1148.9771919381424,1163.742919921875,11094136.0,1291.072222265039
2023-05-22,INFY,1167.4572849700612,1188.2302430762331,1164.9810857591126,1185.662353515625,7625947.0,904.179826780542
2023-05-23,INFY,1191.5317535922914,1205.2428740172338,1189.5600194436024,1192.3114013671875,7436031.0,886.6064542219849
2023-05-24,INFY,1188.8722389198845,1196.851202152626,1184.2866021300276,1191.0274658203125,4824077.0,574.5608204232055
2023-05-25,INFY,1187.2214442639772,1198.6855370050355,1182.4065253127328,1196.255126953125,4334121.0,518.4714467085205
2023-05-26,INFY,1197.7683455717138,1213.7721734013032,1197.7683455717138,1208.2694091796875,5521606.0,667.1587619343018
2023-05-29,INFY,1222.2556544688687,1222.2556544688687,1201.2993155421436,1205.4722900390625,4419365.0,532.7422047068482
2023-05-30,INFY,1206.0224833077132,1216.4777576450638,1200.6573106206852,1214.1390380859375,6274719.0,761.8381290919556
2023-05-31,INFY,1210.4705525350664,1220.7882355808035,1205.24297124017,1209.049072265625,17800782.0,2152.2018962702637
2023-06-01,INFY,1212.9469416793345,1219.3209326116369,1208.8656573951266,1210.149658203125,4277841.0,517.6827823997314
2023-06-02,INFY,1216.655749596294,1220.2806442692772,1204.619361093427,1207.3612060546875,10909311.0,1317.1478886185669
2023-06-05,INFY,1212.008539400872,1217.0740205048828,1205.7812402951347,1212.4732666015625,5002553.0,606.5461777257447
2023-06-06,INFY,1197.6950796258761,1197.6950796258761,1183.1956117106565,1188.7723388671875,10008100.0,1189.73524446167
2023-06-07,INFY,1199.4608412306454,1202.7139314625765,1192.0252064148026,1198.0201416015625,5397578.0,646.6407159865479
2023-06-08,INFY,1195.464131149108,1200.8550117245732,1190.72393668932,1192.3040771484375,5034942.0,600.3181874805908
2023-06-09,INFY,1192.0252152176977,1192.0252152176977,1174.83030957908,1176.6427001953125,5339073.0,628.2181271259888
2023-06-12,INFY,1183.6602050671725,1204.2940478285252,1183.1954778567024,1200.80859375,4785588.0,574.6575196546875
2023-06-13,INFY,1208.1978299633267,1214.332206477655,1205.5489075433659,1212.798583984375,4846587.0,587.793385075708
2023-06-14,INFY,1214.19280628768,1214.5180926556236,1201.970457495657,1208.66259765625,3457981.0,417.9532298105957
2023-06-15,INFY,1202.6673581303833,1202.6673581303833,1192.1645925106025,1196.0218505859375,6161155.0,736.8876004846802
2023-06-16,INFY,1196.2079211832083,1209.685011204309,1190.6777123856557,1200.5299072265625,8536287.0,1024.8067840169313
2023-06-19,INFY,1202.7139892578125,1207.8259884393565,1196.2543265846496,1202.7139892578125,4451787.0,535.4226502096069
2023-06-20,INFY,1202.7141545834947,1212.938154351979,1200.0187137709518,1211.4510498046875,4009180.0,485.6925319855957
2023-06-21,INFY,1208.2441733725773,1211.8226634951286,1203.6434195847064,1207.6865234375,4041529.0,488.0900107381836
2023-06-22,INFY,1198.4385283465883,1198.4385283465883,1183.6601806665321,1191.142333984375,6676607.0,795.2789245076416
2023-06-23,INFY,1186.4019726655229,1189.0974130017955,1174.2261432389498,1175.759765625,7239467.0,851.1874023169922
2023-06-26,INFY,1180.6393770623117,1184.1248308422635,1173.2037423317481,1180.7322998046875,3403244.0,401.8320114916504
2023-06-27,INFY,1189.7016346437479,1191.5605434478787,1184.3107537282526,1188.91162109375,3240024.0,385.21021862226564
2023-06-28,INFY,1198.9960918811419,1205.2233905407331,1191.0028072936905,1202.1097412109375,5662358.0,680.6775710023682
2023-06-30,INFY,1215.9122259231685,1244.446544670447,1212.4267718508554,1241.286376953125,12821692.0,1591.5391609088867
2023-07-03,INFY,1236.1744671036192,1251.0457388883244,1234.733767265956,1239.6134033203125,7732412.0,958.5201555194824
2023-07-04,INFY,1249.4654796889213,1251.0455066392037,1237.4754963466114,1250.2554931640625,5797775.0,724.8700041879273
2023-07-05,INFY,1262.059704711734,1262.152627465157,1246.3984198903297,1252.2540283203125,5414936.0,678.087541909668
2023-07-06,INFY,1247.8390092927943,1252.3932449368162,1242.819933005186,1249.09375,5963897.0,744.946646834375
2023-07-07,INFY,1239.89207926807,1250.8596857725443,1231.8522766020494,1236.360107421875,6295647.0,778.3686801210205
2023-07-10,INFY,1242.2621395053525,1247.2346971162817,1226.229053482681,1235.3841552734375,3940315.0,486.7802717786255
2023-07-11,INFY,1239.38090160913,1255.5999486675075,1233.3859662223854,1253.462158203125,6126128.0,767.8869624308594
2023-07-12,INFY,1255.6928743826675,1256.52940602109,1233.3859691382677,1239.2415771484375,8102770.0,1004.1289474071045
2023-07-13,INFY,1240.7286200438384,1279.6727795466309,1236.9642845867052,1268.798095703125,9977644.0,1265.961570680371
2023-07-14,INFY,1283.251133917294,1329.1196820718644,1283.251133917294,1325.3553466796875,12833381.0,1700.8790124327516
2023-07-17,INFY,1325.3555019679613,1356.027498224912,1314.5274486018602,1322.567138671875,11569884.0,1530.1948376645507
2023-07-18,INFY,1332.8376271158952,1373.6871031492155,1328.1903550548216,1371.131103515625,16743977.0,2295.8187661250245
2023-07-19,INFY,1381.1693208273919,1393.0663832409173,1357.6540777205,1370.8988037109375,13687062.0,1876.3576922117431
2023-07-20,INFY,1367.2274100444117,1367.2274100444117,1339.0648965954,1347.244140625,8347221.0,1124.5744582751954
2023-07-21,INFY,1227.065695806331,1254.7634832648805,1212.9380338227177,1237.6614990234375,45548305.0,5637.338344427673
2023-07-24,INFY,1246.3982153586667,1254.6703813141746,1240.124398838405,1242.30859375,8859789.0,1100.659201351172
2023-07-25,INFY,1242.680664660333,1248.1179507855234,1230.8301198028764,1240.449951171875,6801982.0,843.7518239771973
2023-07-26,INFY,1248.2572943766568,1254.7634753600048,1244.9112811341217,1253.694580078125,5528885.0,693.1533158375244
2023-07-27,INFY,1262.7567654377913,1267.5899965472738,1252.0216348505492,1257.6912841796875,9191861.0,1156.0523465091187
2023-07-28,INFY,1258.3417870049511,1267.6363307852569,1241.7510490488623,1245.93359375,6122735.0,762.8521222128907
2023-07-31,INFY,1253.6016166280715,1261.7343425932213,1239.1950734898064,1260.061279296875,7902180.0,995.7231040034179
2023-08-01,INFY,1265.9169045571427,1272.4230854175687,1261.2696325139816,1268.89111328125,6064652.0,769.5383027943359
2023-08-02,INFY,1272.7020250125254,1275.1649885403967,1253.322808944047,1261.1302490234375,7419145.0,935.6508181390991
2023-08-03,INFY,1254.7634441524986,1270.145959906921,1253.8339897494227,1268.0546875,6503741.0,824.7099261335937
2023-08-04,INFY,1272.3302261741662,1288.1309519095748,1265.9169677427412,1281.113525390625,5712345.0,731.816244119751
2023-08-07,INFY,1289.989907339258,1296.5890115161467,1279.85883072239,1294.7301025390625,3729093.0,482.81689622677004
2023-08-08,INFY,1294.5905182197114,1295.2412043648678,1286.7366740453401,1292.12744140625,4161877.0,537.767547945752
2023-08-09,INFY,1286.3649014591272,1297.5183543619519,1284.970719846274,1296.03125,4090828.0,530.1840926375
2023-08-10,INFY,1293.428738571801,1297.3325151820761,1287.8520120932285,1291.1051025390625,3873025.0,500.04823397613524
2023-08-11,INFY,1293.8006745745201,1298.3085062446034,1270.610829993505,1275.0721435546875,5783517.0,737.4401418474976
2023-08-14,INFY,1275.0721027629324,1296.5889966171926,1269.2630122762964,1295.2413330078125,4304135.0,557.4893554845581
2023-08-16,INFY,1311.2742769730567,1319.7786937329943,1306.2552006588273,1318.4310302734375,7735313.0,1019.8476688077515
2023-08-17,INFY,1319.825280033983,1319.825280033983,1306.812918118155,1311.971435546875,5618346.0,737.1109467019043
2023-08-18,INFY,1304.6750735005544,1309.3223454207798,1288.3632171358356,1290.8262939453125,5134103.0,662.723514822351
2023-08-21,INFY,1291.7093855426679,1307.7424755952752,1289.2928265453395,1306.25537109375,3032722.0,396.150940153418
2023-08-22,INFY,1305.6044938755163,1306.8593480283198,1298.1224543541218,1304.7215576171875,2890714.0,377.15768727058105
2023-08-23,INFY,1316.1073972557133,1316.665047189912,1306.4875671497327,1308.625244140625,2559125.0,334.8935577911377
2023-08-24,INFY,1321.2194330950322,1324.5190416072762,1314.6667341741827,1323.1712646484375,5171963.0,684.3392823424927
2023-08-25,INFY,1313.3192305916925,1322.1490484902213,1311.8321260584378,1319.9183349609375,4307172.0,568.5115294630372
2023-08-28,INFY,1319.9182535183484,1324.2867575475643,1311.83204511479,1315.7822265625,3133464.0,412.29562387734376
2023-08-29,INFY,1323.5431263001694,1323.914930768979,1315.4569180328365,1317.64111328125,3074444.0,405.10138148808596
2023-08-30,INFY,1326.3314181496944,1335.30067572943,1323.5430549720845,1333.906494140625,3070887.0,409.62761120720216
2023-08-31,INFY,1333.906412438649,1342.9685922108208,1327.8649592572012,1334.1851806640625,9792735.0,1306.5321915170289
2023-09-01,INFY,1330.002812639452,1343.991147630047,1327.4468128773617,1341.9927978515625,3582133.0,480.7196686946411
2023-09-04,INFY,1341.2027322887438,1366.2980017078678,1333.4882151949037,1361.74365234375,4609014.0,627.6295558063476
2023-09-05,INFY,1361.6507510555587,1375.639085724664,1353.7503883361237,1374.5701904296875,5496840.0,755.5792405561524
2023-09-06,INFY,1377.3584299899496,1378.2878843440208,1360.070601695981,1373.2222900390625,5075786.0,697.0182474668213
2023-09-07,INFY,1366.8557356852762,1369.4582536129653,1358.908967956038,1362.76611328125,4411743.0,601.2173860905762
2023-09-08,INFY,1360.25649837947,1370.7128602563196,1357.1892535120792,1365.9261474609375,3125838.0,426.9663856927002
2023-09-11,INFY,1365.9262284990148,1373.7801866277496,1361.1860335253727,1372.29296875,4182226.0,573.9239333523437
2023-09-12,INFY,1377.9161503149019,1397.8994199484737,1372.8970738547118,1395.2039794921875,6793161.0,947.7845260531128
2023-09-13,INFY,1398.8288435447748,1398.8288435447748,1383.6322871056639,1392.64794921875,4804686.0,669.1236104540039
2023-09-14,INFY,1398.8288446904617,1405.846270656975,1393.3915592483722,1400.6412353515625,6444213.0,902.6030457188599
2023-09-15,INFY,1410.9119103107828,1411.2837147970909,1402.546819933446,1404.96337890625,8657816.0,1216.3914421308593
2023-09-18,INFY,1398.7358880088802,1398.7358880088802,1383.0280866448797,1386.56005859375,3991916.0,553.5031282861328
2023-09-20,INFY,1372.060626309963,1389.6273382680865,1372.060626309963,1385.1195068359375,4169337.0,577.5030009272828
2023-09-21,INFY,1381.6806860439626,1398.4108676940168,1371.8748953044364,1395.808349609375,6779195.0,946.2456984630127
2023-09-22,INFY,1386.6530901473643,1400.6413112772677,1380.425677376095,1390.603271484375,5455613.0,758.6593285752685
2023-09-25,INFY,1384.7476626343905,1384.7476626343905,1367.7387146063886,1370.1552734375,4217863.0,577.9127232086914
2023-09-26,INFY,1374.8023261196104,1375.4994168322296,1356.0737996154826,1357.607421875,3996528.0,542.571607453125
2023-09-27,INFY,1353.2855237091,1365.926080084956,1347.7553157505324,1363.509521484375,3863586.0,526.803629807373
2023-09-28,INFY,1364.346121640076,1368.7145118891362,1333.7670495202924,1337.903076171875,5814602.0,777.9373902515136
2023-09-29,INFY,1331.0715313315343,1344.734578140231,1316.1073392200121,1334.1851806640625,6068968.0,809.7127167524415
2023-10-03,INFY,1334.7430734406207,1335.626009761539,1320.1041662355099,1332.837646484375,4181867.0,557.3749770190674
2023-10-04,INFY,1324.4724780818983,1347.6623192444497,1318.1521429784143,1342.4573974609375,4510406.0,605.5027900252197
2023-10-05,INFY,1349.5677537176623,1371.5493723980028,1347.8946904576385,1360.2099609375,7384621.0,1004.4635041948242
2023-10-06,INFY,1365.8333416160965,1379.775158645182,1360.07076929426,1374.38427734375,3598672.0,494.59582161171875
2023-10-09,INFY,1361.5578490003716,1385.8165874982192,1359.04825390548,1371.363525390625,3567552.0,489.2410687734375
2023-10-10,INFY,1379.2174656790087,1391.393296146582,1365.4614945887647,1389.673828125,5688951.0,790.5786314185547
2023-10-11,INFY,1391.3931210472037,1411.1440254040863,1376.9400609460672,1388.9765625,7220129.0,1002.8589959226563
2023-10-12,INFY,1386.652849825199,1398.2710282146138,1349.567601714432,1362.115234375,11081662.0,1509.4500632394531
2023-10-13,INFY,1305.8834648401426,1336.555460811477,1301.2361927232737,1330.188720703125,17973439.0,2390.8065830045653
2023-10-16,INFY,1331.0716238772634,1341.7603494799055,1329.1197923285388,1332.97705078125,4850745.0,646.5931764191895
2023-10-17,INFY,1338.6466520261836,1350.822481541712,1336.6018978023671,1340.69140625,3923764.0,526.0556674953125
2023-10-18,INFY,1340.2732005613768,1351.426652993233,1336.8806694215968,1338.925537109375,4264837.0,571.0299170908936
2023-10-19,INFY,1325.49490296724,1338.0890555260446,1325.49490296724,1332.5123291015625,6795691.0,905.5342042264526
2023-10-20,INFY,1329.119720164981,1337.0200821379894,1324.7048120035936,1326.563720703125,3928622.0,521.1567417556153
2023-10-23,INFY,1325.0300845878248,1331.3039013836562,1306.1157114580749,1309.27587890625,2636516.0,345.19268031503907
2023-10-25,INFY,1317.1372877323818,1320.4796048766234,1281.643355327688,1289.88134765625,6940777.0,895.2778790541504
2023-10-26,INFY,1275.7591696776637,1293.600262701033,1273.923205151914,1279.901611328125,6357656.0,813.7174158669922
2023-10-27,INFY,1283.8558619720413,1303.9565408986182,1283.8558619720413,1299.57861328125,4634358.0,602.2712543088867
2023-10-30,INFY,1299.578632909673,1299.578632909673,1283.3380187073392,1296.4718017578125,2667696.0,345.85926396621096
2023-10-31,INFY,1299.2018387281082,1300.3316893879341,1283.2437181381906,1288.3277587890625,3451595.0,444.6785650597534
2023-11-01,INFY,1292.7058299617952,1296.848271394198,1272.5580310195833,1274.9117431640625,3090672.0,394.03340270683594
2023-11-02,INFY,1289.8342181571022,1295.7656185619023,1281.972842805629,1289.9754638671875,3758060.0,484.78051917407225
2023-11-03,INFY,1299.2961678955407,1310.54686548969,1297.1307068451297,1307.76953125,3349045.0,437.9779009785156
2023-11-06,INFY,1312.3358100714709,1324.9046103571086,1309.4172299003549,1321.185791015625,2736381.0,361.5267696005127
2023-11-07,INFY,1318.078766511828,1323.6335500133118,1313.2300966352614,1322.127197265625,2272209.0,300.41493167717283
2023-11-08,INFY,1322.7861337778295,1322.7861337778295,1305.3215449018542,1309.6053466796875,3550635.0,464.9930580108032
2023-11-09,INFY,1314.2187005328615,1315.725053279232,1289.8813406007866,1294.3533935546875,5498051.0,711.6420969786743
2023-11-10,INFY,1289.7870751538298,1292.7998955154703,1281.3608320382564,1288.75146484375,2943649.0,379.363196073584
2023-11-13,INFY,1299.1077990502322,1301.5556365838725,1290.6344357148544,1293.176513671875,3462092.0,447.7096062571289
2023-11-15,INFY,1317.1372799012984,1331.2595523805833,1311.4883709095843,1327.96435546875,8551860.0,1135.6565252958985
2023-11-16,INFY,1333.2365119851127,1368.3539386173018,1328.058345935866,1360.351318359375,6673907.0,907.8858186057861
2023-11-17,INFY,1356.726837718172,1366.094566340676,1351.0779284155915,1353.431640625,4901251.0,663.3508182044922
2023-11-20,INFY,1357.6211505386314,1367.0359990167078,1349.7597750449072,1352.537109375,3584210.0,484.7777032792969
2023-11-21,INFY,1357.6212075918063,1365.1530866907901,1352.6784119330985,1354.7967529296875,3793135.0,513.892698142395
2023-11-22,INFY,1352.1604184890853,1373.5791976051314,1352.1604184890853,1372.49658203125,3108786.0,426.6798159266602
2023-11-23,INFY,1382.0057382429595,1382.0057382429595,1362.9876738861756,1364.447021484375,3186928.0,434.8394417285156
2023-11-24,INFY,1360.9635301203575,1367.6480498608116,1349.948087939533,1353.2904052734375,2973195.0,402.3596266506958
2023-11-28,INFY,1359.504127646951,1360.4456124998921,1343.5460053605395,1358.2801513671875,3755373.0,510.0848606880249
2023-11-29,INFY,1366.1886628376049,1375.226894544369,1364.964801471109,1374.1912841796875,3875778.0,532.6060347015381
2023-11-30,INFY,1368.21286477539,1375.179875684024,1364.729416784748,1370.001708984375,10120867.0,1386.5605086403564
2023-12-01,INFY,1374.4738659652146,1374.4738659652146,1361.5284482373077,1367.318603515625,3489187.0,477.0830296244873
2023-12-04,INFY,1374.9913943979213,1385.7714640337215,1364.493931093046,1378.6632080078125,5511948.0,759.9119912052246
2023-12-05,INFY,1380.0286364435226,1381.064246866101,1357.6212494620409,1368.8719482421875,5123039.0,701.2784376850708
2023-12-06,INFY,1371.5081438440814,1390.5732132882843,1366.1417258233225,1388.03125,5269178.0,731.37837258125
2023-12-07,INFY,1386.6659544767813,1386.6659544767813,1376.2626157196041,1380.1226806640625,4424453.0,610.6287934832153
2023-12-08,INFY,1384.359451550866,1407.237466186765,1380.4522661411922,1403.895263671875,6323433.0,887.7437638846435
2023-12-11,INFY,1402.8122515129012,1410.344129373373,1395.280373652429,1401.4000244140625,3862018.0,541.2232119487549
2023-12-12,INFY,1391.0438179520306,1402.812378171591,1381.7702154844862,1389.6787109375,6103494.0,848.1895674134765
2023-12-13,INFY,1389.6316388053183,1389.6787590187653,1349.2890359623277,1364.2115478515625,8549258.0,1166.2996489162354
2023-12-14,INFY,1377.768858025946,1422.5835108283188,1375.8387682448185,1413.59228515625,12489858.0,1765.556691149707
2023-12-15,INFY,1433.9285107001285,1495.5957668241965,1431.9984208352303,1486.0396728515625,18395389.0,2733.627785153723
2023-12-18,INFY,1476.2010899731836,1499.7853308836295,1468.9988229814394,1472.811767578125,6467243.0,952.5031594187255
2023-12-19,INFY,1478.2254196692145,1481.8501135515992,1452.9465730697686,1467.115966796875,4221721.0,619.3754286461669
2023-12-20,INFY,1473.470877793026,1490.8412269194432,1440.4717885612556,1446.497314453125,6592367.0,953.5841161389404
2023-12-21,INFY,1432.2339469194412,1456.1476870794431,1432.2339469194412,1446.120849609375,5319038.0,769.197175166455
2023-12-22,INFY,1445.1320854708788,1474.3652352440706,1433.8813877884545,1471.4466552734375,6741060.0,991.9110189997558
2023-12-26,INFY,1445.1792254261095,1457.4185283124546,1433.8814073771757,1453.60546875,6878067.0,999.7995805628906
2023-12-27,INFY,1453.6526019531718,1478.131207944611,1453.6526019531718,1475.40087890625,4225849.0,623.4821328725097
2023-12-28,INFY,1477.1425892283842,1477.1425892283842,1464.0089217215004,1471.2113037109375,5702253.0,838.9219070219605
2023-12-29,INFY,1450.8752194379208,1468.1984480838207,1449.8866144117019,1452.616943359375,4388990.0,637.5521238234863
2024-01-01,INFY,1448.9451947683858,1465.8919221925776,1445.4146265550125,1460.572509765625,2808451.0,410.19463256237793
2024-01-02,INFY,1455.5355811804557,1458.5012814497022,1433.8814295846275,1444.6143798828125,5396313.0,779.559135814856
2024-01-03,INFY,1431.0098022399532,1431.0098022399532,1400.9294082948825,1402.8123779296875,7550363.0,1059.174267426233
2024-01-04,INFY,1416.8875744672803,1430.821596173285,1405.5427510177758,1424.18408203125,7056038.0,1004.9097001807618
2024-01-05,INFY,1418.582205079393,1449.6040828896844,1418.1114626851406,1442.87255859375,8895403.0,1283.493288633252
2024-01-08,INFY,1439.4832774397032,1446.120791889042,1424.7020106289667,1433.6932373046875,4440136.0,636.5792955913086
2024-01-09,INFY,1451.675429581847,1462.1258878294154,1436.5645526388157,1439.812744140625,4412074.0,635.2560373291504
2024-01-10,INFY,1435.7171978317997,1445.602788218323,1416.9346220683428,1430.9627685546875,4096845.0,586.2432663539429
2024-01-11,INFY,1435.6702550988025,1435.7643805973064,1399.6113397659765,1406.7666015625,11296088.0,1589.0959326710938
2024-01-12,INFY,1470.5994024363956,1523.3225564289937,1464.3856251298819,1518.3797607421875,26754401.0,4062.334098918054
2024-01-15,INFY,1548.69536270453,1567.5250585454428,1540.2691197866588,1555.427001953125,13228305.0,2057.5662787071533
2024-01-16,INFY,1548.5542635934448,1552.0377114243083,1529.9128183588118,1536.07958984375,6500917.0,998.5925918968262
2024-01-17,INFY,1525.4408120839046,1551.0962739751476,1525.4408120839046,1544.223388671875,9209876.0,1422.2105925967774
2024-01-18,INFY,1546.5301524412396,1552.5085584102292,1532.9727472598277,1546.4830322265625,6375464.0,985.9546898571289
2024-01-19,INFY,1554.9563105966838,1568.0429726211407,1547.9422946366542,1562.111572265625,4522736.0,706.5018243902343
2024-01-23,INFY,1553.5440845490969,1576.7045882258603,1541.8696497501444,1546.059326171875,9401255.0,1453.4897970469972
2024-01-24,INFY,1562.7707540892902,1581.6945769350064,1548.7426065821937,1577.36376953125,8999681.0,1419.577074673877
2024-01-25,INFY,1575.0570668097866,1582.2124437614616,1560.9819139785684,1571.432373046875,8865304.0,1393.1225702501954
2024-01-29,INFY,1567.7135599982494,1581.0825992301918,1551.1904544983925,1559.663818359375,4253785.0,663.4474555579834
2024-01-30,INFY,1565.171396519599,1591.1093493392334,1551.8023580167996,1554.8150634765625,4995943.0,776.7767432670288
2024-01-31,INFY,1551.8024734029086,1569.690686352798,1542.2463787626282,1563.7122802734375,6763779.0,1057.6604283355591
2024-02-01,INFY,1562.4412365507558,1578.8701012939357,1553.7795069313138,1560.0875244140625,5760011.0,898.6121301587768
2024-02-02,INFY,1568.5608388941694,1617.941672001784,1567.5722338568344,1594.2633056640625,7858483.0,1252.8491085084838
2024-02-05,INFY,1595.5815235195898,1601.2304328815121,1583.4363454059862,1588.4732666015625,3634135.0,577.2726294721069
2024-02-06,INFY,1588.0496182360184,1631.5932938509086,1575.998565824632,1628.2509765625,7694265.0,1252.8194500180664
2024-02-07,INFY,1627.827356650715,1627.827356650715,1588.143745994436,1594.6400146484375,4613877.0,735.7472886866088
2024-02-08,INFY,1598.6413316478238,1606.5027074369461,1584.330807394356,1593.0865478515625,5919715.0,943.0618333615113
2024-02-09,INFY,1586.1194941932167,1593.8397389846994,1562.6766131725003,1571.667724609375,4600004.0,722.9677819874023
2024-02-12,INFY,1572.6093402312206,1593.8868768043424,1572.6093402312206,1581.788818359375,3555808.0,562.4537334632812
2024-02-13,INFY,1584.518924068217,1590.2619583832927,1566.1599704025425,1585.978271484375,2696481.0,427.6560275470459
2024-02-14,INFY,1563.0531172122069,1571.7618521594686,1539.7984871618103,1568.7020263671875,3768579.0,591.1777513824829
2024-02-15,INFY,1578.8701668773688,1588.9911294855572,1564.3712765276096,1578.2581787109375,4834391.0,762.9917134836547
2024-02-16,INFY,1590.1678309849335,1608.997527029752,1589.1792259716428,1602.07763671875,4880654.0,781.9186625961914
2024-02-19,INFY,1605.2317360980246,1611.3513878778704,1588.9440015438006,1600.2889404296875,3690993.0,590.6655277103393
2024-02-20,INFY,1586.401957891193,1595.1106926748687,1571.1028292171682,1586.6373291015625,3706389.0,588.0695143571411
2024-02-21,INFY,1576.0457659509111,1576.0457659509111,1549.0251945486223,1558.6754150390625,4300508.0,670.3096091778808
2024-02-22,INFY,1567.5722005233338,1586.0252797181995,1548.1776365233488,1582.9654541015625,5841277.0,924.6539698838013
2024-02-23,INFY,1597.6998249586602,1599.064932049705,1574.0685776987198,1578.7288818359375,5373072.0,848.2623950583984
2024-02-26,INFY,1576.939887241313,1576.939887241313,1548.7424640342401,1563.0059814453125,2782438.0,434.89672370007327
2024-02-27,INFY,1563.8063128021718,1573.315286661556,1556.0861831168934,1566.254150390625,5159088.0,808.0442992230469
2024-02-28,INFY,1572.2798088946804,1589.0382863616267,1564.7950497873524,1573.4566650390625,3188916.0,501.7621134449707
2024-02-29,INFY,1567.5721783829442,1583.8127910418666,1556.5568522895687,1575.951416015625,7814722.0,1231.5622201668457
2024-03-01,INFY,1571.3381567596207,1574.1154909938598,1554.3914300839626,1557.8748779296875,6387291.0,995.0600186926391
2024-03-04,INFY,1560.8406106080845,1567.0543875331723,1538.0567235736469,1541.39892578125,4445156.0,685.1758683330078
2024-03-05,INFY,1538.386193843857,1541.5401450012134,1508.2586796437324,1512.495361328125,4596579.0,695.2304415478271
2024-03-06,INFY,1509.0119027331223,1525.3466412368123,1483.7800637991031,1522.8988037109375,6420684.0,977.8051982605957
2024-03-07,INFY,1522.004404894455,1533.1609775234701,1510.3299696204092,1521.8631591796875,6348359.0,966.1333683346802
2024-03-11,INFY,1514.0489306330928,1519.3683431830998,1495.0779873422402,1506.940673828125,6752895.0,1017.6212141590577
2024-03-12,INFY,1506.375688833194,1529.9128089712128,1504.1632225256892,1518.56787109375,4614222.0,700.7009279293945
2024-03-13,INFY,1518.5208697901078,1529.4420705773052,1505.0105857809417,1517.108642578125,5688997.0,863.0826516301025
2024-03-14,INFY,1519.9331026141767,1560.746446205705,1513.9075768353332,1556.556884765625,8803799.0,1370.3613945542725
2024-03-15,INFY,1545.0708724563005,1549.4959205173257,1523.6520906201538,1538.3863525390625,11809997.0,1816.833820832727
2024-03-18,INFY,1534.6203153666463,1537.1152732206572,1505.2930391151203,1508.8707275390625,4958904.0,748.2345086276367
2024-03-19,INFY,1499.1734492026353,1505.4343467383314,1466.8334660527332,1470.08154296875,6870411.0,1010.0064403709473
2024-03-20,INFY,1471.540913554951,1482.7916122525826,1461.5140762832607,1463.9619140625,4759059.0,696.7081122776367
2024-03-21,INFY,1472.4822954464403,1484.6744782005846,1453.087730653012,1463.7264404296875,11062497.0,1619.2469356074096
2024-03-22,INFY,1431.9985126005026,1439.4362661905388,1410.5326112138532,1420.5594482421875,14673890.0,2084.513308196655
2024-03-26,INFY,1404.6953849138222,1419.2412797585116,1400.8353200453062,1405.307373046875,8351081.0,1173.583570221167
2024-03-27,INFY,1408.4612802603947,1411.2857346994197,1394.8568706833632,1397.022216796875,6857402.0,957.9942943507324
2024-03-28,INFY,1400.1292712489605,1423.3368966751368,1400.1292712489605,1410.3914794921875,12499530.0,1762.9230609656981
2024-04-01,INFY,1435.7644049013911,1440.4247089660325,1405.4486385196594,1407.9434814453125,6580002.0,926.4270923797119
2024-04-02,INFY,1397.963902513809,1405.7782735557334,1394.197962720566,1396.0809326171875,7279400.0,1016.2631540893555
2024-04-03,INFY,1392.4560485461666,1407.613931160152,1388.690109266799,1394.009521484375,8736248.0,1217.841289404883
2024-04-04,INFY,1403.3303752430386,1408.1319252871788,1382.09984460195,1399.70556640625,11186915.0,1565.8387196413573
2024-04-05,INFY,1393.4446504316754,1399.7054325276108,1389.678711160811,1392.5501708984375,5072482.0,706.3685675979248
2024-04-08,INFY,1396.2220500141934,1403.706808694374,1387.8428117589144,1390.2906494140625,6610887.0,919.1054380432984
2024-04-09,INFY,1402.8124833871761,1425.2198696967855,1400.2705201600338,1407.378662109375,9423230.0,1326.2052830148925
2024-04-10,INFY,1412.5567483925915,1421.5008543199363,1397.6813569645744,1418.62939453125,6744595.0,956.8080721208496
2024-04-12,INFY,1415.993212241118,1418.6294157880386,1392.926833451286,1397.86962890625,12275616.0,1715.9710782515624
2024-04-15,INFY,1393.3975389714133,1404.6482366428452,1375.5564475345761,1382.240966796875,8531224.0,1179.2207309720702
2024-04-16,INFY,1366.0944202615754,1370.0016050968616,1330.3651187142993,1331.68310546875,16173541.0,2153.8031305306154
2024-04-18,INFY,1337.9441165902024,1360.1631363842591,1325.1399454315383,1336.202392578125,22107945.0,2954.0689003985594
2024-04-19,INFY,1303.9564344137511,1343.3575498977523,1298.0721544750609,1328.67041015625,20603621.0,2737.5421564773924
2024-04-22,INFY,1336.814417739945,1352.7725406478596,1330.3652692316007,1348.9124755859375,5859087.0,790.3395549843384
2024-04-23,INFY,1358.5625485511725,1362.1872419980825,1349.147700674865,1357.9976806640625,4856174.0,659.4673028901123
2024-04-24,INFY,1359.7865843478146,1359.7865843478146,1343.54597104933,1347.0294189453125,4268213.0,574.9408477324829
2024-04-25,INFY,1336.9084594402714,1360.351454707475,1336.9084594402714,1354.27880859375,9089398.0,1230.9579094274413
2024-04-26,INFY,1355.4557017420498,1360.8222343797577,1343.4988900371166,1346.5587158203125,8062444.0,1085.6554239013183
2024-04-29,INFY,1346.2762368329832,1355.549954695784,1344.6757585333085,1350.79541015625,5055957.0,682.9563509547363
2024-04-30,INFY,1350.7483107051714,1352.4901496742034,1334.6019369629423,1337.4263916015625,6936588.0,927.7175858866699
2024-05-02,INFY,1330.3179985042082,1340.6743311181829,1329.235268018188,1331.68310546875,10076354.0,1341.8510386522462
2024-05-03,INFY,1338.8854694716506,1341.4275473090295,1321.0913843193591,1333.4249267578125,8842345.0,1179.060323399231
2024-05-06,INFY,1336.9085948576374,1361.104711483765,1334.1782655868928,1342.46337890625,6445422.0,865.2742996596679
2024-05-07,INFY,1341.568810540377,1358.892155017695,1332.7659500503705,1356.632568359375,6080661.0,824.9222749752686
2024-05-08,INFY,1351.2661306551702,1355.5028124792066,1342.1807788692665,1343.7813720703125,6234983.0,837.8454010575073
2024-05-09,INFY,1344.0166358308118,1365.1058028380908,1341.474557983215,1355.314453125,6088406.0,825.1704648292969
2024-05-10,INFY,1351.0778223208927,1351.9250667078657,1330.3180362931507,1341.521728515625,8777481.0,1177.5181483133056
2024-05-13,INFY,1341.615841553252,1341.615841553252,1328.6233053272724,1340.156494140625,3735954.0,500.67630149106446
2024-05-14,INFY,1342.9339671701941,1349.8538575959403,1335.0725919265954,1341.3333740234375,3463230.0,464.53459809191895
2024-05-15,INFY,1342.5573572737128,1348.0180152167325,1335.5433413149956,1336.861328125,4327544.0,578.5326219359375
2024-05-16,INFY,1350.0421774524657,1370.566593499511,1343.4989036055658,1368.3070068359375,9249145.0,1265.5669910741576
2024-05-17,INFY,1371.7433096292284,1371.7433096292284,1355.0319549649053,1359.7864990234375,7542860.0,1025.6679192023926
2024-05-21,INFY,1346.3234055041823,1360.1631875478636,1344.8170526513272,1350.2305908203125,6752663.0,911.7652152100463
2024-05-22,INFY,1345.1465142625411,1374.5207963720839,1344.4404006067602,1369.6722412109375,7173285.0,982.5049342794799
2024-05-23,INFY,1369.5779588477037,1391.6558474322132,1365.153026044568,1386.2423095703125,8641428.0,1197.9113108705567
2024-05-24,INFY,1382.334962596959,1389.1607269278481,1374.5677135307749,1379.3692626953125,5277938.0,728.0225447611572
2024-05-27,INFY,1385.7244045177397,1393.0209118473929,1374.8032036291474,1385.253662109375,5821844.0,806.4730721229492
2024-05-28,INFY,1389.1609456307224,1389.6316880724814,1374.8504213721912,1381.2054443359375,6186922.0,854.5410350081787
2024-05-29,INFY,1379.6520112690093,1379.7461367746178,1365.1531206572472,1366.0474853515625,7401634.0,1011.0983513192627
2024-05-30,INFY,1358.3743695494225,1365.011768697552,1338.3678167520543,1343.9224853515625,9663150.0,1298.6524564324952
2024-05-31,INFY,1353.8618612517012,1379.7424895610318,1344.4506597427837,1351.076904296875,37113815.0,5014.361827684693
2024-06-03,INFY,1382.8636553906256,1382.8636553906256,1348.2920640058599,1350.11669921875,10589244.0,1429.6715156501953
2024-06-04,INFY,1353.09357909204,1358.8555105856897,1304.4532506211224,1338.3526611328125,13736134.0,1838.3791492576904
2024-06-05,INFY,1344.594729280313,1380.9428896837226,1344.594729280313,1373.3563232421875,9233424.0,1268.0781235576171
2024-06-06,INFY,1387.6172681767946,1415.8028134944423,1380.4629159552635,1413.8341064453125,12660930.0,1790.0454653316651
2024-06-07,INFY,1422.2367255895786,1478.6075738994743,1418.6355184856213,1472.7496337890625,24075302.0,3545.6892203861084
2024-06-10,INFY,1464.7791939197848,1469.1006429210506,1437.8901779119085,1440.242919921875,6810606.0,980.8927071877441
2024-06-11,INFY,1440.530920339611,1446.6768867495505,1434.67286293827,1436.4014892578125,4853054.0,697.0933993048584
2024-06-12,INFY,1447.205207418443,1448.8857708643502,1423.9173996680136,1426.2701416015625,9564320.0,1364.1304040722657
2024-06-13,INFY,1435.6813586014816,1445.2845783914581,1430.2555159747842,1434.6729736328125,7307565.0,1048.3966008565064
2024-06-14,INFY,1444.0360586769375,1444.0360586769375,1427.0864701658527,1429.8233642578125,4237727.0,605.9201075946168
2024-06-18,INFY,1437.6019330325926,1447.2051523581276,1436.0654413858667,1438.7542724609375,5420939.0,779.9399147000122
2024-06-19,INFY,1445.2845473689924,1455.5119996711499,1437.3138282236787,1451.382568359375,5493456.0,797.3106278449219
2024-06-20,INFY,1456.1361637531038,1457.2885031581282,1439.618556511379,1455.2718505859375,7927010.0,1153.5954512313233
2024-06-21,INFY,1483.6975056622882,1495.94161129154,1463.2425999556383,1471.885498046875,17301941.0,2546.6476045962645
2024-06-24,INFY,1464.0588504809766,1468.428244941943,1455.271881344855,1466.5556640625,5564989.0,816.1366138395508
2024-06-25,INFY,1465.4513439015984,1482.6411308173647,1460.0255012602715,1480.7684326171875,4551525.0,673.9754540267944
2024-06-26,INFY,1479.8560145479737,1487.394517847717,1474.0940832778324,1479.56787109375,4851004.0,717.7389660947266
2024-06-27,INFY,1477.4072265440695,1515.7721579895247,1471.2612599725667,1510.9224853515625,14757754.0,2229.782235188696
2024-06-28,INFY,1510.1542645475977,1525.4713521019703,1502.1835458139797,1504.5843505859375,8197544.0,1233.389641563965
2024-07-01,INFY,1497.6221720979565,1536.4192046826302,1497.6221720979565,1527.6802978515625,6801771.0,1039.093154719812
2024-07-02,INFY,1532.86588566981,1568.9740856185726,1523.550809426941,1556.72998046875,10493173.0,1633.5036999345216
2024-07-03,INFY,1560.5232067482063,1571.086748455425,1542.2770892539197,1562.8280029296875,7269965.0,1136.1704882318725
2024-07-04,INFY,1563.5962185483268,1594.13450474685,1563.4042010408868,1585.155517578125,8008311.0,1269.4418368131592
2024-07-05,INFY,1585.9236853770542,1599.7523453204356,1568.5418810019864,1582.0823974609375,7065022.0,1117.7446943874268
2024-07-08,INFY,1577.904975049744,1599.8963711842514,1574.9280004454815,1595.718994140625,5880533.0,938.3678203770752
2024-07-09,INFY,1594.0384684368905,1600.61665051487,1585.491579421059,1591.3975830078125,5191182.0,826.1234487753662
2024-07-10,INFY,1591.2535253565572,1607.5789990626897,1572.575309683498,1582.8507080078125,9852770.0,1559.5463970338135
2024-07-11,INFY,1590.2931327303997,1598.9360301908912,1576.896688557358,1587.1240234375,8857679.0,1405.8235132797852
2024-07-12,INFY,1613.340833576749,1651.5136300854847,1600.520559326722,1643.8310546875,17078316.0,2807.3866202566405
2024-07-15,INFY,1657.7076984616265,1659.4363248574064,1635.092186939841,1639.317626953125,6942230.0,1138.0520009362792
2024-07-16,INFY,1650.4093735037613,1668.9436350815074,1632.5474076652558,1657.5638427734375,6886281.0,1141.445039677771
2024-07-18,INFY,1650.7934479826547,1695.3524103380762,1650.7934479826547,1688.2940673828125,11248896.0,1899.144438140625
2024-07-19,INFY,1770.8336868455729,1770.8336868455729,1715.5671113876276,1721.8092041015625,29819116.0,5134.282838697217
2024-07-22,INFY,1728.7235038558324,1750.6668359793866,1721.8091157912575,1738.9989013671875,8462126.0,1471.5627817230713
2024-07-23,INFY,1738.1826974355533,1766.9442924167647,1712.494085746934,1764.015380859375,7113056.0,1254.7540188914063
2024-07-24,INFY,1764.5916851274765,1769.2492234088459,1747.4018977834583,1761.1824951171875,6002845.0,1057.2105534901734
2024-07-25,INFY,1747.7859434479678,1758.2534761150766,1740.1033678723722,1752.4434814453125,5815599.0,1019.1508558249878
2024-07-26,INFY,1752.923709894062,1808.2862957121283,1752.923709894062,1804.3489990234375,11369047.0,2051.3728574300417
2024-07-29,INFY,1818.4656425678857,1827.4926924499405,1790.040135957272,1796.8583984375,4635931.0,833.0111551926758
2024-07-30,INFY,1796.8583403917328,1805.3571660297775,1786.1987904104494,1802.6683349609375,2721265.0,490.55382465374754
2024-07-31,INFY,1802.5242769151237,1810.350924152097,1791.048476651269,1794.1214599609375,5004209.0,897.8158757029663
2024-08-01,INFY,1782.4535340253058,1793.785379837503,1771.889992657827,1779.0924072265625,7475014.0,1329.8740651312255
2024-08-02,INFY,1769.8734206834515,1785.7187334567977,1744.0887987976403,1748.9383544921875,7400938.0,1294.37843274187
2024-08-05,INFY,1714.1267562697674,1726.1788446068424,1650.361467418729,1682.38818359375,10736703.0,1806.3302257955565
2024-08-06,INFY,1690.3586573166167,1725.6504891423297,1675.6177387613052,1681.6197509765625,7690163.0,1293.1929989029175
2024-08-07,INFY,1724.7382902879888,1726.5629255103806,1692.183351452448,1720.5609130859375,5094329.0,876.5103355800171
2024-08-08,INFY,1709.3250068929763,1709.3250068929763,1658.5720153140558,1673.9852294921875,6227910.0,1042.542935060669
2024-08-09,INFY,1700.9702732851492,1710.0933319139192,1686.325363381071,1700.4901123046875,4258524.0,724.1577955012207
2024-08-12,INFY,1702.698946723047,1731.9407043499043,1697.9452825491308,1726.082763671875,4315329.0,744.8615006473389
2024-08-13,INFY,1738.1827024097588,1738.1827024097588,1718.0640047615366,1726.130615234375,4176918.0,720.9906037123535
2024-08-14,INFY,1730.5002617824882,1752.5876680094568,1726.130749746865,1750.9071044921875,7450718.0,1304.5515079767822
2024-08-16,INFY,1776.5955951852964,1787.9753867685558,1756.9089953467567,1785.1904296875,7335657.0,1309.5544671870118
2024-08-19,INFY,1786.1988792940135,1793.449357119504,1775.8273550396493,1790.8084716796875,2585989.0,463.10110088704835
2024-08-20,INFY,1805.405353385153,1810.8791418743747,1794.0735069359491,1797.914794921875,3870333.0,695.8528961974365
2024-08-21,INFY,1800.6995713961778,1804.444850251852,1793.0169961955314,1798.394775390625,1966902.0,353.7266280505371
2024-08-22,INFY,1809.2465931329778,1818.513723597305,1795.51394205871,1805.6453857421875,4300287.0,776.4793378917115
2024-08-23,INFY,1803.67661383031,1807.9020537953018,1783.3178356718943,1788.2154541015625,5015935.0,896.957248376892
2024-08-26,INFY,1795.8021261828926,1813.8081635443523,1790.0401942272256,1801.7081298828125,3728589.0,671.7829114291626
2024-08-27,INFY,1801.7079786991785,1827.2525181137994,1799.5472543971127,1824.7076416015625,3830679.0,698.9869243822632
2024-08-28,INFY,1831.2380783228014,1873.5882558424064,1822.1150191580127,1862.160400390625,6514531.0,1213.1101655317138
2024-08-29,INFY,1856.3023384955793,1873.1079727033768,1844.6824662886909,1856.638427734375,7228284.0,1342.0309840977538
2024-08-30,INFY,1861.1039704725115,1872.6278340667684,1851.5007508106305,1866.5777587890625,13466759.0,2513.6752832372435
2024-09-02,INFY,1866.241657337013,1897.3561122833119,1865.713550595146,1886.552490234375,5573739.0,1051.5151190366455
2024-09-03,INFY,1888.9533893572925,1888.9533893572925,1859.6155051280512,1864.22509765625,4694322.0,875.1272888879882
2024-09-04,INFY,1844.8744872415468,1850.7324277310104,1824.6597803927025,1846.1708984375,4778310.0,882.1576865712891
2024-09-05,INFY,1849.8201661965988,1863.0245930805459,1833.8307821972226,1856.4464111328125,4081810.0,757.7661525426025
2024-09-06,INFY,1845.7388167038994,1859.6634851962026,1821.5866958391305,1826.3883056640625,5848106.0,1068.0912408683837
2024-09-09,INFY,1815.0084785277315,1844.634387126065,1814.0481565814205,1819.4739990234375,4772612.0,868.3643441427246
2024-09-10,INFY,1829.317300201853,1858.2229673598686,1820.7704114285846,1836.4237060546875,6909600.0,1268.895323935547
2024-09-11,INFY,1838.728280994298,1849.5799652721262,1829.4132055261682,1834.35888671875,5312946.0,974.5849709756836
2024-09-12,INFY,1848.6197893164426,1878.773922571952,1834.9832642548035,1873.0599365234375,8555092.0,1602.4200078472168
2024-09-13,INFY,1873.0599351123685,1880.886582594913,1858.8472403257115,1866.9619140625,3843127.0,717.4971739905274
2024-09-16,INFY,1868.5465928503006,1874.5486055473657,1856.3505499405885,1872.8680419921875,1570181.0,294.0741815043335
2024-09-17,INFY,1870.467067930622,1880.7424658489679,1865.0892884852562,1875.07666015625,2793127.0,523.7327246552246
2024-09-18,INFY,1861.8242226231127,1861.8242226231127,1806.6537722399733,1817.0732421875,6385468.0,1160.2863041644532
2024-09-19,INFY,1834.7910511020839,1848.5237015550497,1804.2528841458939,1819.041748046875,7976570.0,1450.9713836218261
2024-09-20,INFY,1829.4134254860905,1839.0166455673825,1793.305341425795,1830.1336669921875,15242974.0,2789.667990248657
2024-09-23,INFY,1833.2546020080952,1842.761812755645,1803.9167195535472,1821.2025146484375,3636672.0,662.3116191351562
2024-09-24,INFY,1813.0878227950013,1835.0792186672709,1797.1465020357018,1823.2672119140625,7277616.0,1326.9038633701173
2024-09-25,INFY,1811.5033146813457,1826.1482246431408,1802.3323102544668,1820.0982666015625,4268341.0,776.880005536438
2024-09-26,INFY,1822.499064726573,1841.8494584619364,1817.8894724224197,1824.851806640625,8952803.0,1633.7538729047608
2024-09-27,INFY,1855.438133669678,1896.2518191297418,1827.7809300940019,1831.093994140625,14908931.0,2729.9654013156983
2024-09-30,INFY,1805.40537191387,1825.8122145485347,1796.282312853667,1801.179931640625,6986955.0,1258.4763129276123
2024-10-01,INFY,1800.603757202924,1833.2066423426222,1800.603757202924,1828.7891845703125,4029072.0,736.8323297455078
2024-10-03,INFY,1814.528280610594,1835.9914522282918,1806.3655442331449,1818.2735595703125,7503887.0,1364.4119326103394
2024-10-04,INFY,1814.5764408447044,1876.5651542030093,1811.1672509312862,1842.0416259765625,10001483.0,1842.3148007496948
2024-10-07,INFY,1846.8911139011777,1864.9452133204372,1840.0249057901142,1857.55078125,6112575.0,1135.441846669922
2024-10-08,INFY,1861.007899519078,1880.2622839615105,1830.7096956078074,1871.2353515625,5637391.0,1054.8885329780273
2024-10-09,INFY,1875.07665925967,1898.5564839074102,1867.9221904384558,1875.2686767578125,4857163.0,910.8485631807007
2024-10-10,INFY,1880.214459242611,1886.0723999723164,1838.1523089309171,1842.85791015625,4782119.0,881.2765826458497
2024-10-11,INFY,1841.8974879353766,1869.7468243014484,1834.3109211351211,1858.3189697265625,4709431.0,875.1624963918335
2024-10-14,INFY,1855.4860705732615,1891.354071794841,1854.477685639696,1881.1746826171875,3751378.0,705.69973185271
2024-10-15,INFY,1882.2311384768134,1912.4332187825676,1874.308481899041,1881.5589599609375,5353705.0,1007.3311611737671
2024-10-16,INFY,1877.4295689381306,1881.7990810660253,1840.3130990275722,1843.914306640625,3111512.0,573.7361492083984
2024-10-17,INFY,1858.415027332384,1899.516854492198,1853.5654717255002,1890.0096435546875,8162822.0,1542.781229862036
2024-10-18,INFY,1818.6577602233042,1859.9995499352583,1795.0818094027522,1805.0211181640625,10526196.0,1900.0006073934082
2024-10-21,INFY,1816.064897246326,1823.4594469274077,1765.0718228709857,1779.236572265625,4654601.0,828.1636328504151
2024-10-22,INFY,1784.4701814346959,1803.2925852339904,1773.666559613223,1778.132080078125,4125240.0,733.5221582021485
2024-10-23,INFY,1772.0341729593083,1811.167294513619,1770.8337704576425,1799.0672607421875,4311910.0,775.7416112266845
2024-10-24,INFY,1787.5433126309072,1809.2465653946333,1786.198838446931,1789.4158935546875,2906475.0,520.089255921936
2024-10-25,INFY,1789.5119595392343,1801.9001366151979,1773.1385399992107,1788.1676025390625,4689120.0,838.4932468417969
2024-10-28,INFY,1785.9108270230458,1807.2300463621355,1783.3180044404317,1791.336669921875,7018940.0,1257.3284605981446
2024-10-29,INFY,1792.9391324904534,1798.378144066303,1776.4277753656768,1786.4317626953125,4621252.0,825.5551356219238
2024-10-30,INFY,1779.3416136488445,1786.1404080241402,1744.7163014394891,1750.301025390625,5919715.0,1036.1283234520263
2024-10-31,INFY,1736.5092654474463,1736.5092654474463,1696.2992285309076,1706.740234375,7395236.0,1262.1746823898438
2024-11-01,INFY,1713.7816813488193,1715.2385657478123,1701.6895882617994,1710.236572265625,371966.0,63.614985683935544
2024-11-04,INFY,1674.9314693544445,1716.2098616116575,1668.6183034798119,1712.9561767578125,7336722.0,1256.7483267054931
2024-11-05,INFY,1709.4110437798347,1717.6181118779048,1694.842199656711,1703.7777099609375,3160880.0,538.5436887861329
2024-11-06,INFY,1713.296194916247,1774.679548579323,1711.985022561022,1771.2801513671875,10421494.0,1845.9385469792237
2024-11-07,INFY,1760.8390975998175,1773.22261567757,1735.6350435250165,1751.2237548828125,4550965.0,796.9758015640259
2024-11-08,INFY,1765.7439982122546,1787.694367437014,1761.0334287500186,1777.3504638671875,4210960.0,748.4351709326172
2024-11-11,INFY,1776.427742360696,1814.306737413767,1770.163186757311,1806.6337890625,3804234.0,687.2857685900391
2024-11-12,INFY,1817.3175584882076,1826.9330191433785,1807.5078940062876,1815.083740234375,5012450.0,909.8016493737792
2024-11-13,INFY,1807.605094015565,1819.3572716489662,1802.943134866599,1814.6953125,4257495.0,772.6056219492187
2024-11-14,INFY,1811.975680567675,1822.0767695268303,1802.6516440521305,1810.9559326171875,4311431.0,780.7811547519653
2024-11-18,INFY,1796.047127993138,1796.047127993138,1743.4050832115965,1759.3822021484375,4839244.0,851.4079765453613
2024-11-19,INFY,1773.0283689800722,1806.24528689049,1768.2206977377823,1772.2999267578125,4669769.0,827.6231256675903
2024-11-21,INFY,1789.0540816629436,1813.3354888516371,1768.26917339711,1781.3326416015625,5436504.0,968.4222031397461
2024-11-22,INFY,1800.80625185363,1859.0331371970146,1781.2840242640295,1847.572265625,6301486.0,1164.245076582422
2024-11-25,INFY,1860.927145784527,1864.1323391283017,1827.904430253904,1835.383056640625,12764638.0,2342.8000309351073
2024-11-26,INFY,1850.194581938472,1882.8773790978912,1842.7645663309452,1868.8427734375,6850495.0,1280.2498075219726
2024-11-27,INFY,1874.621750796134,1885.5969943515,1856.7992214996743,1869.1827392578125,4447143.0,831.2522934611206
2024-11-28,INFY,1859.8586361338635,1859.8586361338635,1798.4266776839897,1803.282958984375,8468790.0,1527.1624690217286
2024-11-29,INFY,1797.8925063282472,1823.0480681141644,1791.9678666332622,1804.448486328125,5244346.0,946.3152201480957
2024-12-02,INFY,1805.5655210664468,1828.6814691911163,1782.4495729417774,1825.7677001953125,2868263.0,523.6781941065308
2024-12-03,INFY,1832.760605927078,1845.1441235346933,1817.3662175546285,1837.7139892578125,4715792.0,866.6276928830079
2024-12-04,INFY,1829.8468273930628,1858.935905488834,1821.1055208927776,1834.9459228515625,4705573.0,863.4471991030396
2024-12-05,INFY,1845.386971128795,1893.8526842407528,1834.654541582606,1879.2352294921875,9050038.0,1700.7150237843018
2024-12-06,INFY,1877.2442779990854,1882.2461532385446,1857.4306251975142,1867.1431884765625,3573331.0,667.1920636822143
2024-12-09,INFY,1868.8912975545852,1874.7188352688952,1842.6673778401903,1868.357177734375,4274645.0,798.6563668016357
2024-12-10,INFY,1883.2659588503623,1909.101352624084,1876.4671647750902,1892.54150390625,6174921.0,1168.6294275842286
2024-12-11,INFY,1898.806057875605,1921.1449526741415,1895.8922889888395,1917.4056396484375,5025612.0,963.6136791484863
2024-12-12,INFY,1918.4253589276038,1941.3471020098962,1913.9091120699152,1929.88623046875,6462130.0,1247.1175706499023
2024-12-13,INFY,1913.132112410419,1948.7771714843159,1897.6406217246506,1942.22119140625,5362693.0,1041.5535987605956
2024-12-16,INFY,1938.0933607570853,1942.1240981650324,1920.7564592966078,1923.1361083984375,3119221.0,599.8686535174683
2024-12-17,INFY,1911.4324974199167,1925.0300863243267,1901.7199339167669,1919.7852783203125,5811050.0,1115.5968241583253
2024-12-18,INFY,1910.2669710918078,1927.8951783904936,1905.216367108079,1922.261962890625,3064095.0,588.999326918335
2024-12-19,INFY,1878.4097533316565,1903.4196039771014,1864.8121646312206,1890.259033203125,5323592.0,1006.2967867087891
2024-12-20,INFY,1918.3768510152895,1923.038809987995,1856.3135514684034,1866.9002685546875,11056720.0,2064.1793537333983
2024-12-23,INFY,1874.5732490554924,1884.2372017118134,1854.1282567360063,1868.988525390625,2781793.0,519.9139197011963
2024-12-24,INFY,1871.6594932162752,1886.1797274213886,1787.111585198432,1854.1768798828125,2360544.0,437.68661087460936
2024-12-26,INFY,1854.1769374712999,1864.5693327398988,1847.6209572676305,1852.5743408203125,3623321.0,671.2471513155396
2024-12-27,INFY,1854.5168074679777,1868.8428379280153,1849.1748978049127,1861.655517578125,3937500.0,733.0268600463867
2024-12-30,INFY,1860.6356160704356,1860.9270403802957,1832.2749799986577,1851.2144775390625,7789055.0,1441.9211382348024
2024-12-31,INFY,1837.9082915665463,1842.473148621904,1792.0164326986576,1825.9617919921875,3613063.0,659.7314990060669
2025-01-01,INFY,1820.134335963438,1838.5395957247827,1820.134335963438,1828.3900146484375,1838368.0,336.1253694449219
2025-01-02,INFY,1832.7607301511275,1906.2362966487788,1831.109641782825,1901.57421875,7083645.0,1347.0076706777343
2025-01-03,INFY,1896.8149857004253,1896.8149857004253,1866.7546499738073,1883.023193359375,6218003.0,1170.8643865378174
2025-01-06,INFY,1895.8923485784164,1916.288731426852,1872.5821967516326,1882.1490478515625,7164403.0,1348.4474284874877
2025-01-07,INFY,1889.0935202054077,1902.2540906114118,1868.357221729347,1875.3502197265625,4294832.0,805.4314134888672
2025-01-08,INFY,1874.5246254427705,1882.8774057609294,1834.460303784991,1877.5841064453125,5482050.0,1029.3009950738526
2025-01-09,INFY,1878.4583629543145,1895.74665458795,1855.6338390718154,1862.1898193359375,6833503.0,1272.5279717001588
2025-01-10,INFY,1881.3233976824297,1920.9507009797642,1876.709930393327,1910.4124755859375,8036913.0,1535.3818860398803
2025-01-13,INFY,1899.7773306055078,1925.8070469770787,1892.9785364775742,1905.799072265625,5804152.0,1106.1547496888672
2025-01-14,INFY,1912.2579998126723,1915.1232771204202,1875.5930733895989,1884.285888671875,5792162.0,1091.4089121501465
2025-01-15,INFY,1891.036010381721,1901.7684398888914,1881.420549328485,1893.60986328125,2985439.0,565.3256736624512
2025-01-16,INFY,1909.4412763032324,1910.41253260361,1861.7526156669912,1873.0191650390625,7533579.0,1411.0537848335816
2025-01-17,INFY,1797.7954209897873,1804.5942151264314,1759.9164250856263,1763.2672119140625,16409953.0,2893.5132073950804
2025-01-20,INFY,1770.5517282126625,1775.4080099966866,1741.60835991682,1761.17919921875,4333011.0,763.1208843186035
2025-01-21,INFY,1766.7638099629812,1779.0016155615642,1741.5111463055791,1748.941162109375,7169109.0,1253.834982574878
2025-01-22,INFY,1755.448693830049,1812.1700865447272,1753.2633671133483,1803.0887451171875,8373913.0,1509.8908282890502
2025-01-23,INFY,1804.5941442893445,1825.5247642701754,1799.446438649042,1811.8299560546875,5907471.0,1070.3332922324341
2025-01-24,INFY,1811.8786496612856,1840.4336089404926,1810.6645792715367,1821.5426025390625,4887027.0,890.1927880258667
2025-01-27,INFY,1795.6101350752897,1809.4505377391558,1759.9164650474238,1769.6290283203125,7652371.0,1354.1857857076538
2025-01-28,INFY,1777.3990640797924,1809.9361507719634,1772.4456805643415,1777.15625,6999495.0,1243.919628609375
2025-01-29,INFY,1791.9678626583263,1834.36322360914,1787.5972093347696,1827.1759033203125,5145155.0,940.1103234848023
2025-01-30,INFY,1819.3086909049005,1832.9547702492719,1790.9965471548646,1806.488037109375,7336056.0,1325.2497403564453
2025-01-31,INFY,1817.2205970496623,1842.910279604707,1817.2205970496623,1825.7677001953125,5820470.0,1062.682612595581
2025-02-01,INFY,1826.2533177597818,1836.2571867836969,1792.9391783431893,1798.1353759765625,1701402.0,305.93511249572754
2025-02-03,INFY,1783.2265984737837,1822.6110895629577,1779.7300994439906,1809.741943359375,4823228.0,872.8798013985352
2025-02-04,INFY,1834.703198206104,1856.2650411997822,1821.1056096540206,1844.2215576171875,7334787.0,1352.6972305930299
2025-02-05,INFY,1851.2144245852517,1864.5205878724964,1839.8507738106882,1842.521728515625,4996744.0,920.6609391830078
2025-02-06,INFY,1861.898330498206,1868.6971246106148,1845.3869733680706,1860.587158203125,4765255.0,886.6172258563232
2025-02-07,INFY,1864.13219104828,1868.40562375176,1835.140096778848,1848.9320068359375,4126260.0,762.9174182526856
2025-02-10,INFY,1850.2432794461592,1850.2432794461592,1824.6020890265615,1826.2532958984375,3828734.0,699.2238086618408
2025-02-11,INFY,1828.9727506286142,1848.3007750893653,1816.249316561804,1821.7369384765625,4411601.0,803.6776499520141
2025-02-12,INFY,1830.8182412610952,1840.142278618334,1793.9104995274497,1809.5963134765625,5633947.0,1019.5169721522338
2025-02-13,INFY,1814.792533979024,1819.6488158467762,1782.8867858202054,1790.268310546875,5237744.0,937.6967101957031
2025-02-14,INFY,1800.7092442878504,1805.856950285683,1775.7964955938853,1803.040283203125,5292961.0,954.3421900423095
2025-02-17,INFY,1785.703248001718,1799.4950394980904,1769.77462159192,1789.345458984375,4428956.0,792.4932306641601
2025-02-18,INFY,1789.3456107739096,1808.1393973263787,1784.780634818134,1798.7181396484375,4365260.0,785.1872346281739
2025-02-19,INFY,1794.2989338566194,1796.0471240806544,1753.9917969230971,1758.7509765625,4611411.0,811.0323599581054
2025-02-20,INFY,1753.6518766132701,1778.3703022593725,1753.6518766132701,1772.6884765625,2218020.0,393.18584947851565
2025-02-21,INFY,1769.4347905187403,1777.2533326664163,1754.2830972545896,1762.8302001953125,3379879.0,595.8152774205932
2025-02-24,INFY,1748.309923055587,1756.0313630959042,1699.9413126430345,1713.3931884765625,7594720.0,1301.2741516386718
2025-02-25,INFY,1694.9880113599872,1727.330776075937,1694.9880113599872,1716.8897705078125,5092963.0,874.405607627478
2025-02-27,INFY,1704.748997302386,1724.8054634563641,1700.7668702151418,1713.5875244140625,5757079.0,986.5258751466187
2025-02-28,INFY,1704.6034155946859,1704.6519072727174,1634.0901134127998,1639.189208984375,12182167.0,1996.8876688445557
2025-03-03,INFY,1643.6571185043986,1678.9136517994152,1643.6571185043986,1659.488525390625,7504969.0,1245.4409938912354
2025-03-04,INFY,1646.2794646548505,1650.1644899401717,1621.9980566215932,1639.7720947265625,6759673.0,1108.4323154876588
2025-03-05,INFY,1643.8026956375877,1683.1385762213686,1643.8026956375877,1662.30517578125,8180782.0,1359.8956260538087
2025-03-06,INFY,1665.7046071983816,1672.794825837321,1642.4915571816716,1666.5301513671875,10610547.0,1768.2796497998656
2025-03-07,INFY,1654.1465445914585,1655.9919552333556,1627.339895010843,1637.5380859375,8019331.0,1313.1959936239257
2025-03-10,INFY,1637.5380832553346,1669.5895404009018,1628.0197243147556,1652.5439453125,7558981.0,1249.1548284282226
2025-03-11,INFY,1631.7104941166237,1631.7104941166237,1589.9950857541564,1613.83935546875,12671234.0,2044.9336111553712
2025-03-12,INFY,1589.84944650162,1589.84944650162,1518.850635339536,1545.123046875,14870008.0,2297.5992068015626
2025-03-13,INFY,1553.2816045131979,1559.886194636392,1525.163782654934,1534.439208984375,7822888.0,1200.3746074693358
2025-03-17,INFY,1500.736758011993,1548.1826065260266,1500.736758011993,1544.34619140625,7526032.0,1162.2798855601563
2025-03-18,INFY,1544.34619140625,1544.34619140625,1544.34619140625,1544.34619140625,0.0,0.0
2025-03-19,INFY,1556.9238965430377,1556.9238965430377,1527.5920028100838,1540.94677734375,7387068.0,1138.3078628619141
2025-03-20,INFY,1546.240146235024,1584.9932992405397,1546.240146235024,1569.11328125,7186750.0,1127.6824874023437
2025-03-21,INFY,1532.59385494289,1557.7980274559397,1518.7049607743006,1546.7742919921875,10074677.0,1558.3251383724976
2025-03-24,INFY,1552.0189913058653,1560.9060103586978,1527.4947691913153,1546.968505859375,8857726.0,1370.2623155531737
2025-03-25,INFY,1558.8663000022038,1589.1209562659596,1558.8663000022038,1581.6422119140625,9890140.0,1564.2662905739746
2025-03-26,INFY,1579.2628561729366,1590.6751185099797,1549.153908730525,1553.4759521484375,6651302.0,1033.2637707476806
2025-03-27,INFY,1549.688079270318,1573.3866387891755,1540.4125339270274,1557.4581298828125,9426573.0,1468.1492755783813
2025-03-28,INFY,1544.2975705237486,1552.504639118573,1515.1598805138667,1525.5037841796875,6799047.0,1037.197192731555
2025-04-01,INFY,1495.0061979771754,1502.92196020728,1474.2212903040318,1482.6226806640625,12680733.0,1880.074235324524
2025-04-02,INFY,1491.0726643663595,1510.9349273715397,1491.0726643663595,1505.593017578125,6193478.0,932.4857231323731
2025-04-03,INFY,1490.538435185599,1490.538435185599,1442.3641486583924,1453.4849853515625,10459504.0,1520.273201822461
2025-04-04,INFY,1418.5197886514006,1429.6892358061361,1406.3790852223406,1409.9241943359375,9590254.0,1352.1531144427001
2025-04-07,INFY,1313.1385736419368,1365.489314158466,1269.4320382766355,1356.602294921875,21715252.0,2945.8960698006836
2025-04-08,INFY,1389.8677955834949,1414.6348317731379,1374.3276944448953,1387.7310791015625,12805001.0,1776.9897855626587
2025-04-09,INFY,1364.663707842691,1368.9371407012397,1342.1791008495861,1363.3524169921875,8546854.0,1165.2374058579346
2025-04-11,INFY,1370.6855647660782,1397.4437254302495,1356.893771609889,1368.937255859375,12567440.0,1720.4036826777344
2025-04-15,INFY,1404.0480742507405,1406.087688754894,1368.5001176189407,1385.011474609375,10178530.0,1409.738084465576
2025-04-16,INFY,1384.0402738742662,1386.4684147056246,1356.6508927211694,1372.4822998046875,12022740.0,1650.0997845153809
2025-04-17,INFY,1357.8162328834976,1388.7022289531085,1338.6825322481727,1378.6982421875,14264227.0,1966.6064691063477
2025-04-21,INFY,1369.4714582615436,1429.4951483248678,1369.4714582615436,1409.29296875,15648970.0,2205.398338917969
2025-04-22,INFY,1398.6091260339042,1398.6091260339042,1378.5041672717928,1381.903564453125,9399738.0,1298.953144712549
2025-04-23,INFY,1404.4365301839098,1445.0350886470426,1398.2204665039803,1432.505859375,11136642.0,1595.330491876172
2025-04-24,INFY,1427.6496829084983,1440.2760150192205,1419.4911061400271,1429.1065673828125,7114292.0,1016.7081419479003
2025-04-25,INFY,1433.0887071514799,1458.535575435,1421.4336312546193,1437.653564453125,8329979.0,1197.5624001169679
2025-04-28,INFY,1437.6534907325017,1446.7833234291916,1423.1818670852326,1439.4989013671875,5886253.0,847.3254726669312
2025-04-29,INFY,1439.4019470928108,1466.4029217301106,1431.7289980215003,1454.4564208984375,8056743.0,1171.818158787854
2025-04-30,INFY,1453.7764926957282,1465.431568419441,1439.984581952398,1456.9815673828125,7704183.0,1122.4852622744017
2025-05-02,INFY,1456.5930649551544,1479.4175886205041,1453.1936678135066,1463.586181640625,7402310.0,1083.3918628220215
2025-05-05,INFY,1471.453369034679,1479.2234198282615,1459.6040889990923,1465.2373046875,4282493.0,627.4868500663086
2025-05-06,INFY,1462.7119235923028,1472.0359599506996,1456.0102317041706,1468.0538330078125,4270530.0,626.9367935474853
2025-05-07,INFY,1456.8844481471906,1475.1441139885928,1453.5821530190785,1464.9459228515625,5691799.0,833.8177738740601
2025-05-08,INFY,1464.654613791716,1472.9102929808603,1458.0500230157727,1467.9569091796875,8424409.0,1236.6669397305543
2025-05-09,INFY,1457.5642989506216,1467.9568126185206,1451.1540310083215,1464.2659912109375,4478653.0,655.7939274334839
2025-05-12,INFY,1492.8209942326298,1585.0903465111594,1487.96471253376,1580.136962890625,11372857.0,1797.0671719369384
2025-05-13,INFY,1562.7513505672503,1565.859323230766,1519.627548132014,1523.5125732421875,12846210.0,1957.136245350952
2025-05-14,INFY,1528.75740058924,1549.1537826809642,1524.3867472838704,1546.6285400390625,4870057.0,753.2169147817017
2025-05-15,INFY,1544.103254657481,1572.0753639006625,1525.8435894847285,1566.6363525390625,11151167.0,1746.982359543396
2025-05-16,INFY,1566.2479103864578,1566.2479103864578,1536.0418626920532,1544.200439453125,4576751.0,706.7420905467529
2025-05-19,INFY,1531.185508443418,1539.4411867318856,1510.9833306187809,1514.965576171875,8855798.0,1341.6229119531738
2025-05-20,INFY,1524.8723866170074,1537.9843466293191,1513.2173110505078,1515.7425537109375,7143998.0,1082.846177222583
2025-05-21,INFY,1522.832797268108,1525.8436681268927,1507.4869000940212,1523.41552734375,4157309.0,633.3309082565918
2025-05-22,INFY,1510.7890929485561,1515.936798484799,1495.7346211126817,1503.01904296875,6158990.0,925.7079255454101
2025-05-23,INFY,1505.447258808557,1541.5779455953386,1505.447258808557,1519.8218994140625,5038421.0,765.75025742677
2025-05-26,INFY,1521.5700705826603,1538.275749801986,1517.782147363295,1535.070556640625,3170102.0,486.63302417475586
2025-05-27,INFY,1534.487964353223,1537.401733466409,1511.6634396332652,1524.9696044921875,7775714.0,1185.7727503224364
2025-05-28,INFY,1535.556238237006,1542.063608140773,1524.8724187426308,1526.6207275390625,3623370.0,553.1511745543213
2025-05-29,INFY,1543.3263431603168,1562.6543682753302,1531.2827406845122,1540.0240478515625,8609500.0,1325.8837039978027
2025-05-30,INFY,1547.3124739974683,1548.297396005105,1531.652190030095,1539.1375732421875,13148092.0,2023.672241364502
2025-06-02,INFY,1536.4782943781508,1536.4782943781508,1515.7949327230604,1530.371826171875,4374509.0,669.4625326935303
2025-06-03,INFY,1535.4933708621093,1543.6682714095227,1512.4461724234918,1519.734619140625,6853403.0,1041.5353798022218
2025-06-04,INFY,1519.7346010168856,1533.8190332918903,1518.158749909477,1527.8109130859375,4548307.0,694.8953070665161
2025-06-05,INFY,1524.5607331925255,1544.0621159555858,1518.3556767230737,1530.8642578125,6948539.0,1063.726999911621
2025-06-06,INFY,1531.2581829658582,1545.2441474823067,1519.8331118292815,1540.2210693359375,3960020.0,609.93062389917
2025-06-09,INFY,1554.2069160448225,1564.0561360451065,1547.3124620446238,1549.183837890625,2903202.0,449.7593616531738
2025-06-10,INFY,1560.116482612782,1583.2621501262925,1553.7144894707471,1571.935546875,8591925.0,1350.5952323583983
2025-06-11,INFY,1566.1244242034918,1609.9534525332194,1566.1244242034918,1606.5062255859375,10597410.0,1702.480514008667
2025-06-12,INFY,1592.6188275892266,1603.452969273507,1574.0037782857437,1584.345458984375,10483574.0,1660.960286082666
2025-06-13,INFY,1552.2369998927122,1584.7394243828517,1546.5244044661895,1577.844970703125,6968315.0,1099.4920777025147
2025-06-16,INFY,1575.875214344727,1610.1505483486199,1573.01891647278,1599.31640625,5591842.0,894.3124651757812
2025-06-17,INFY,1596.2630097727385,1622.5604988569514,1591.2399317053334,1615.173583984375,7622083.0,1231.0987116536378
2025-06-18,INFY,1596.5585788351507,1619.9011823893957,1596.5585788351507,1608.2791748046875,5629707.0,905.4140528352173
2025-06-19,INFY,1599.4148737815738,1605.4228739879738,1587.2018168292147,1593.997802734375,5147760.0,820.5518129003906
2025-06-20,INFY,1594.58871180959,1606.1122510729595,1584.6410236941556,1598.429931640625,9202821.0,1471.0064541930908
2025-06-23,INFY,1576.8601291540897,1576.8601291540897,1551.6461498856431,1560.116455078125,7943676.0,1239.305964140918
2025-06-24,INFY,1576.860073737694,1584.739449496533,1552.827953627288,1557.7525634765625,8083992.0,1259.2859261124024
2025-06-25,INFY,1566.025955644839,1595.4751470327865,1561.199813873949,1590.550537109375,7813533.0,1242.7819109871825
2025-06-26,INFY,1584.5425210067874,1599.5132869304996,1582.3756205245834,1591.6339111328125,6519233.0,1037.6232317376098
2025-06-27,INFY,1594.5886581952298,1605.0288069577266,1578.238977654369,1583.7545166015625,8912268.0,1411.4844698163574
2025-06-30,INFY,1590.648993297183,1590.648993297183,1570.064099926214,1577.6480712890625,6294505.0,993.0513672969361
2025-07-01,INFY,1584.7395342639384,1593.308307768125,1576.3676970723639,1582.57275390625,4178937.0,661.3471836490722
2025-07-02,INFY,1593.6038341220215,1624.1364168524187,1579.2239966239758,1586.2169189453125,8653641.0,1372.6551764678834
2025-07-03,INFY,1594.0962765801005,1607.786716594206,1590.6490495377586,1594.293212890625,5259695.0,838.5496040374755
2025-07-04,INFY,1600.4981989662078,1618.6207872342948,1587.9897380569496,1615.96142578125,4411273.0,712.8447006590332
2025-07-07,INFY,1615.2721260131761,1619.2118141254034,1598.5284515362102,1602.4681396484375,3294523.0,527.9368142838989
2025-07-08,INFY,1603.4529602070286,1621.378491891406,1597.0509674297891,1613.9915771484375,4590681.0,740.9320467375367
2025-07-09,INFY,1613.1052929685202,1613.3022292758048,1599.1193284889714,1609.0670166015625,4580828.0,737.0859243524902
2025-07-10,INFY,1614.1886858160015,1614.1886858160015,1582.868118202301,1591.43701171875,5330179.0,848.2644139686035
2025-07-11,INFY,1555.2902357933656,1582.8680505457567,1539.433016356687,1570.85205078125,11391755.0,1789.4761703747558
2025-07-14,INFY,1567.7988696310574,1567.7988696310574,1536.2813659941348,1546.623046875,9173426.0,1418.7832070402344
2025-07-15,INFY,1541.5013602388092,1579.4208563061295,1540.4179701114037,1561.6922607421875,7614807.0,1189.1985158945436
2025-07-16,INFY,1555.1918577227598,1587.6942841349517,1554.6993967165145,1583.6561279296875,6223491.0,985.5869659265259
2025-07-17,INFY,1573.9053927711557,1585.7244570472844,1556.2752645133157,1559.6240234375,7374814.0,1150.1937082783204
2025-07-18,INFY,1568.0942241264431,1575.1857343566385,1556.176692489401,1562.1846923828125,5161833.0,806.373649723645
2025-07-21,INFY,1556.1767745731315,1565.041072656143,1543.1758521432762,1560.4119873046875,3682661.0,574.6468369579468
2025-07-22,INFY,1541.4029254290974,1561.889351060241,1541.4029254290974,1547.2139892578125,8473741.0,1311.0690616547486
2025-07-23,INFY,1552.5325511946266,1567.897309898412,1526.629055261839,1550.7596435546875,8035026.0,1246.0394055712648
2025-07-24,INFY,1556.1767861186595,1558.1466301517212,1524.8562179010848,1529.0914306640625,14169664.0,2166.671179778906
2025-07-25,INFY,1520.12860228797,1526.1366022975346,1488.512630894258,1492.84619140625,10851259.0,1619.9260670112792
2025-07-28,INFY,1491.0734115180542,1496.392014262957,1460.14683725966,1493.1417236328125,6439855.0,961.5616194645386
2025-07-29,INFY,1490.0884773327002,1494.3235696797126,1473.5417400906863,1490.8763427734375,7070448.0,1054.1163656009765
2025-07-30,INFY,1496.9830114866083,1498.7557989957106,1483.2925712781332,1496.0965576171875,5719051.0,855.6252513937134
2025-07-31,INFY,1486.936711768862,1504.0743788045277,1474.428250322285,1486.247314453125,6851407.0,1018.2885253975342
2025-08-01,INFY,1471.3749358302919,1476.1024890867666,1443.4031282013243,1447.4412841796875,8702978.0,1259.704965250757
2025-08-04,INFY,1439.4634841975633,1460.4423706154291,1429.1218033326475,1458.177001953125,8610216.0,1255.5218953048827
2025-08-05,INFY,1456.4040844682859,1456.4040844682859,1433.0614816224124,1438.2816162109375,10213323.0,1468.963471132434
2025-08-06,INFY,1430.1067078263497,1434.14486387826,1408.7339490588547,1415.037353515625,10566934.0,1495.2606322134277
2025-08-07,INFY,1408.4383894942564,1420.2574529025999,1392.876574581379,1415.234375,9892020.0,1399.95267421875
2025-08-08,INFY,1403.5138318764698,1411.590144080286,1395.7329241309972,1401.6424560546875,10048009.0,1408.3716013219605
2025-08-11,INFY,1398.4907470266712,1411.7871937906966,1392.6796832838538,1406.66552734375,6625368.0,931.9676771566407
2025-08-12,INFY,1406.6655976905836,1419.2726477892124,1399.5742071536924,1402.62744140625,9899184.0,1388.4867125929688
2025-08-13,INFY,1403.5138705026145,1412.3781686321047,1400.953097311154,1405.0897216796875,10318063.0,1449.7804268943482
2025-08-14,INFY,1404.6956380205245,1447.835267553816,1404.6956380205245,1425.8714599609375,12902347.0,1839.7088353812621
2025-08-18,INFY,1442.6151494914589,1442.6151494914589,1408.0444126749926,1414.1510009765625,7254561.0,1025.9044699795531
2025-08-19,INFY,1411.0977408332749,1427.5460108318366,1411.0977408332749,1418.2877197265625,3986094.0,565.3428169875732
2025-08-20,INFY,1418.9770874002822,1476.3980885005715,1418.9770874002822,1473.6402587890625,10413061.0,1534.5105906826293
2025-08-21,INFY,1485.262351237006,1485.262351237006,1461.9197483180794,1473.8372802734375,6565539.0,967.6536143289185
2025-08-22,INFY,1475.5115598317454,1481.6181481033814,1463.6924963469764,1465.0714111328125,5543397.0,812.14724652594
2025-08-25,INFY,1483.981859694785,1515.7948868943363,1483.981859694785,1508.9989013671875,10694531.0,1613.803552963733
2025-08-26,INFY,1500.03616013844,1515.2039825206518,1495.7024794249892,1506.53662109375,15994798.0,2409.674893399707
2025-08-28,INFY,1506.5366438633127,1506.5366438633127,1475.413133190423,1477.4814453125,5443364.0,804.2469310082031
2025-08-29,INFY,1479.254311487481,1479.254311487481,1445.5699084151588,1447.4412841796875,8169075.0,1182.4256408560182
2025-09-01,INFY,1454.4343120627393,1480.7318023736236,1453.941851048263,1476.7921142578125,4546057.0,671.3581128566528
2025-09-02,INFY,1476.7920565936874,1489.9900353122632,1463.8896025641538,1476.1025390625,5218763.0,770.342931506543
2025-09-03,INFY,1477.3829894013984,1479.2543652339205,1450.7900955921732,1456.798095703125,4623483.0,673.5481229915772
2025-09-04,INFY,1461.6242804276317,1461.6242804276317,1438.0846200594328,1440.94091796875,5787724.0,833.9768333509766
2025-09-05,INFY,1447.835279098319,1450.4945202945664,1411.3931666312185,1422.8182373046875,5466487.0,777.7817397588989
2025-09-08,INFY,1429.1218644887508,1436.0163186937275,1406.7641825159365,1411.2947998046875,3811567.0,537.9244686207153
2025-09-09,INFY,1458.6694341238242,1484.474341584966,1450.297597398603,1481.6181640625,13072640.0,1936.866087625
2025-09-10,INFY,1487.330709756259,1511.756823802922,1486.5428442826578,1509.491455078125,7281071.0,1099.0714458317138
2025-09-11,INFY,1500.922609577238,1504.4683046125388,1483.7849433052634,1486.9366455078125,8003662.0,1190.093832605835
2025-09-12,INFY,1513.8250582606502,1519.6361218926327,1498.1647749913177,1502.596923828125,12856963.0,1931.883305357202
2025-09-15,INFY,1502.5969824151846,1504.4683582651935,1478.5648615170796,1485.6563720703125,6167414.0,916.2657908295654
2025-09-16,INFY,1485.656397411633,1491.1719366717366,1480.8302554728903,1488.5126953125,8923112.0,1328.2165493695313
2025-09-17,INFY,1494.028241371192,1503.680405062861,1491.1719434573272,1499.4453125,4795698.0,719.0886886265625
2025-09-18,INFY,1526.6291407021617,1531.5537508334592,1515.302537400178,1517.370849609375,9331945.0,1416.0021313157959
2025-09-19,INFY,1521.3104874589542,1527.9095369547413,1497.179898612735,1516.976806640625,12988129.0,1970.2690454656495
2025-09-22,INFY,1460.3437656419162,1491.8612688721596,1459.6543683506482,1476.8905029296875,15655204.0,2312.1022109026853
2025-09-23,INFY,1470.4885054191882,1490.186944875574,1470.4885054191882,1474.920654296875,9832164.0,1450.166176003418
2025-09-24,INFY,1464.7758845360097,1474.1326431158677,1460.3437357350242,1472.0643310546875,4937004.0,726.7587490674316
2025-09-25,INFY,1466.5488557470633,1480.04223903444,1454.2373307659764,1462.4122314453125,9491867.0,1388.1022400052125
2025-09-26,INFY,1452.7599061754568,1456.404069373631,1419.4694954878144,1427.053466796875,8597058.0,1226.8461423153808
2025-09-29,INFY,1437.9860786678707,1442.9106885263222,1414.8404123331482,1420.060546875,10513117.0,1492.9262676380858
2025-09-30,INFY,1421.2424051491353,1430.303639196793,1416.416263441906,1420.060546875,7556305.0,1073.0410610654296
2025-10-01,INFY,1424.197180444367,1427.6444073679875,1405.877655696216,1424.000244140625,6250692.0,890.0986934047852
2025-10-03,INFY,1417.3027030735375,1426.4625254104503,1411.5901076030302,1424.7880859375,6877533.0,979.9027079041992
2025-10-06,INFY,1424.7881421800753,1456.5027027407555,1420.5530497148675,1453.744873046875,4630590.0,673.1696471682129
2025-10-07,INFY,1455.4191203786977,1460.5407866669368,1432.0765182081868,1436.5086669921875,5570320.0,800.1812957919922
2025-10-08,INFY,1435.0313384295307,1475.4131399913774,1433.061494450904,1472.4583740234375,4657192.0,685.7521359834961
2025-10-09,INFY,1479.352867871771,1491.171932062491,1464.5790376333712,1486.5428466796875,7028753.0,1044.8542493228395
2025-10-10,INFY,1487.2322078030077,1498.755747016607,1476.2011295853695,1492.058349609375,3738353.0,557.7840807437256
2025-10-13,INFY,1474.4281763502415,1482.0120273618204,1461.0332617199265,1470.6854248046875,5859355.0,861.726799725647
2025-10-14,INFY,1476.3980688327763,1491.5658915845438,1464.0865439092208,1467.435302734375,5600789.0,821.8795501766357
2025-10-15,INFY,1461.5258266826634,1466.1549121391147,1445.373081319078,1452.1690673828125,6986098.0,1014.4995417304932
2025-10-16,INFY,1451.6765810210527,1452.267510183725,1438.478601982591,1449.312744140625,8005748.0,1160.2832602778321
2025-10-17,INFY,1432.9630656678505,1436.410292725158,1412.3781714796953,1419.37109375,16959378.0,2407.1650901179687
2025-10-20,INFY,1431.781048131079,1444.8805586841174,1428.136884861602,1438.87255859375,6994246.0,1006.3828637454102
2025-10-21,INFY,1455.7147580634262,1463.5941342911037,1447.8353818357486,1450.19921875,1698704.0,246.34592136875
2025-10-23,INFY,1487.2321904325627,1522.6893817276436,1483.292502510887,1505.4532470703125,20358624.0,3064.8956606683596
2025-10-24,INFY,1516.2874003977408,1519.7346273554492,1495.111577657532,1502.4000244140625,8652257.0,1299.9151128036742
2025-10-27,INFY,1510.0,1515.300048828125,1498.0999755859375,1504.5,7273211.0,1094.25459495
2025-10-28,INFY,1499.699951171875,1506.5,1490.5,1500.199951171875,8211019.0,1231.8170302871338
2025-10-29,INFY,1500.199951171875,1520.199951171875,1496.9000244140625,1510.4000244140625,4884976.0,737.826786966211
2025-10-30,INFY,1507.0,1508.199951171875,1489.0999755859375,1493.800048828125,5608867.0,837.852579847046
2025-10-31,INFY,1490.0,1497.0999755859375,1480.699951171875,1482.300048828125,4819814.0,714.4410527542481
2025-11-03,INFY,1482.300048828125,1491.4000244140625,1474.199951171875,1485.5,5470600.0,812.65763
2025-11-04,INFY,1479.699951171875,1481.9000244140625,1462.9000244140625,1467.9000244140625,8691330.0,1275.8003519190675
2025-11-06,INFY,1478.5999755859375,1483.0,1461.9000244140625,1466.699951171875,7944752.0,1165.2567370472657
2025-11-07,INFY,1470.0,1480.9000244140625,1449.0999755859375,1476.800048828125,8765759.0,1294.5273319215576
2025-11-10,INFY,1490.0999755859375,1520.0,1490.0,1513.5,9787975.0,1481.41001625
2025-11-11,INFY,1525.0,1533.4000244140625,1511.0999755859375,1530.300048828125,13692989.0,2095.4381735302977
2025-11-12,INFY,1540.0,1559.199951171875,1538.0999755859375,1551.699951171875,14635417.0,2270.977584428003
2025-11-13,INFY,1557.0999755859375,1557.5,1530.300048828125,1541.800048828125,19655689.0,3030.514225995044
2025-11-14,INFY,1520.0,1530.0,1488.800048828125,1502.800048828125,9739549.0,1463.6594712763915
2025-11-17,INFY,1496.0,1510.199951171875,1492.5,1507.5999755859375,7910354.0,1192.5649497276122
2025-11-18,INFY,1506.0,1506.0,1483.199951171875,1486.4000244140625,7525119.0,1118.5337065318727
2025-11-19,INFY,1490.5,1543.0,1490.5,1541.0999755859375,10981126.0,1692.3013010506104
2025-11-20,INFY,1555.0,1555.0,1534.0,1536.5,7387584.0,1135.1022816
2025-11-21,INFY,1531.0,1551.5,1526.300048828125,1545.0,9186302.0,1419.283659
2025-11-24,INFY,1563.5999755859375,1585.0,1541.0,1548.0,19270381.0,2983.0549788
2025-11-25,INFY,1549.0,1550.5999755859375,1525.9000244140625,1530.5999755859375,8107952.0,1241.0031133251953
2025-11-26,INFY,1532.0999755859375,1560.300048828125,1532.0999755859375,1557.9000244140625,7575038.0,1180.1151885137451
2025-11-27,INFY,1564.0,1574.300048828125,1552.199951171875,1566.4000244140625,7552252.0,1182.9847717181153
2025-11-28,INFY,1565.0,1568.4000244140625,1557.0,1560.0999755859375,4453221.0,694.7469973378784
2025-12-01,INFY,1562.5,1574.0,1556.0,1564.0,5341800.0,835.45752
2025-12-02,INFY,1567.0,1579.9000244140625,1556.0999755859375,1561.0,6335969.0,989.0447609
2025-12-03,INFY,1555.0999755859375,1586.0,1554.0999755859375,1578.699951171875,12895312.0,2035.7828424746094
2025-12-04,INFY,1568.0,1599.0,1568.0,1597.5999755859375,12609619.0,2014.5127006547973
2025-12-05,INFY,1610.0,1631.800048828125,1600.0,1616.199951171875,10344725.0,1671.9144039886476
2025-12-08,INFY,1617.0999755859375,1630.0,1600.199951171875,1610.800048828125,7550413.0,1216.220562907251
2025-12-09,INFY,1601.199951171875,1606.9000244140625,1582.4000244140625,1599.0,6957599.0,1112.5200801
2025-12-10,INFY,1608.0,1608.0,1582.800048828125,1584.800048828125,5116140.0,810.8058921811523
2025-12-11,INFY,1598.0,1607.4000244140625,1580.5,1598.0,5159319.0,824.4591762
2025-12-12,INFY,1601.4000244140625,1601.800048828125,1582.5999755859375,1598.199951171875,4633912.0,740.5917932134765
2025-12-15,INFY,1585.0,1610.800048828125,1585.0,1606.800048828125,4190558.0,673.338879901709
2025-12-16,INFY,1600.0,1603.0,1585.5999755859375,1592.9000244140625,5499258.0,875.9768202459228
2025-12-17,INFY,1587.199951171875,1606.9000244140625,1586.0,1602.0,4817628.0,771.7840056
2025-12-18,INFY,1610.5,1630.0,1606.699951171875,1626.800048828125,6577293.0,1069.9940573556885
2025-12-19,INFY,1650.0,1654.9000244140625,1629.800048828125,1638.699951171875,13149023.0,2154.7303348057862
2025-12-22,INFY,1664.0,1693.199951171875,1664.0,1689.5999755859375,23098923.0,3902.793973686145
2025-12-23,INFY,1679.0,1679.0,1656.4000244140625,1668.300048828125,6593060.0,1099.9202319926758
2025-12-24,INFY,1661.0,1667.5999755859375,1652.5,1663.4000244140625,4271167.0,710.4659292076539
2025-12-26,INFY,1663.4000244140625,1668.800048828125,1651.699951171875,1656.0999755859375,2006491.0,332.2949696113403
2025-12-29,INFY,1658.0,1673.0999755859375,1637.0999755859375,1644.699951171875,4062817.0,668.2114921520264
2025-12-30,INFY,1647.0,1647.9000244140625,1616.800048828125,1621.5999755859375,9395937.0,1523.6451209807008
2025-12-31,INFY,1621.0,1628.5999755859375,1609.199951171875,1615.4000244140625,6538656.0,1056.2545062035156
2026-01-01,INFY,1615.4000244140625,1639.5999755859375,1614.0999755859375,1629.800048828125,3658165.0,596.2077495621338
2026-01-02,INFY,1635.9000244140625,1643.5,1627.5,1640.4000244140625,2524526.0,414.1232512033936
2026-01-05,INFY,1637.0,1637.0,1583.0999755859375,1606.4000244140625,5917885.0,950.6490608479614
2026-01-06,INFY,1600.0999755859375,1619.9000244140625,1599.0,1612.199951171875,4466729.0,720.1260275697998
2026-01-07,INFY,1615.0,1642.0,1615.0,1639.0,4508079.0,738.8741481
2026-01-08,INFY,1638.9000244140625,1644.300048828125,1608.5999755859375,1613.300048828125,3942131.0,635.9840134786865
2026-01-09,INFY,1610.0,1631.300048828125,1607.0,1614.0999755859375,6816681.0,1100.2804635677123
2026-01-12,INFY,1610.0999755859375,1613.300048828125,1592.5999755859375,1595.9000244140625,6985362.0,1114.7939386341066
2026-01-13,INFY,1618.0,1618.0,1586.4000244140625,1599.0,8080618.0,1292.0908182
2026-01-14,INFY,1588.0,1617.0,1583.0999755859375,1599.800048828125,7557157.0,1208.9940137601807
2026-01-15,INFY,1599.800048828125,1599.800048828125,1599.800048828125,1599.800048828125,0.0,0.0
2026-01-16,INFY,1663.699951171875,1694.0,1653.4000244140625,1689.800048828125,19335957.0,3267.3901082738525
2026-01-19,INFY,1685.0,1685.0,1666.5,1681.199951171875,5104958.0,858.2455140334473
2026-01-20,INFY,1673.0,1680.199951171875,1652.9000244140625,1658.9000244140625,6406503.0,1062.7747983108766
2026-01-21,INFY,1651.0,1657.0,1631.199951171875,1654.4000244140625,6224582.0,1029.7948612767334
2026-01-22,INFY,1666.0,1671.199951171875,1653.800048828125,1663.5,6228892.0,1036.1761842
2026-01-23,INFY,1667.199951171875,1675.699951171875,1662.199951171875,1670.800048828125,5869137.0,980.6154386178955
2026-01-27,INFY,1685.800048828125,1689.4000244140625,1661.0999755859375,1682.699951171875,10673087.0,1795.9602973753174
2026-01-28,INFY,1680.0,1688.800048828125,1650.0,1666.5,8588664.0,1431.3008556
2026-01-29,INFY,1658.0,1666.5,1642.0999755859375,1659.5,4749582.0,788.1931329
2026-01-30,INFY,1655.0,1655.0,1618.0999755859375,1641.0,9207926.0,1511.0206566
2026-02-02,INFY,1662.0,1662.0,1618.0,1629.4000244140625,6784887.0,1105.5295043446656
2026-02-03,INFY,1727.199951171875,1728.0,1653.0,1656.0,8805868.0,1458.2517408
2026-02-04,INFY,1574.0,1584.9000244140625,1510.0999755859375,1535.800048828125,28828622.0,4427.499907524756
2026-02-05,INFY,1534.0,1551.0,1515.699951171875,1520.199951171875,10628127.0,1615.6878146448487
2026-02-06,INFY,1522.0999755859375,1525.0,1480.0,1507.0999755859375,13900866.0,2094.999480922339
2026-02-09,INFY,1522.0999755859375,1528.0,1493.0,1497.199951171875,8294615.0,1241.8697172989503
2026-02-10,INFY,1500.0,1515.9000244140625,1491.0,1497.800048828125,8657000.0,1296.645502270508
2026-02-11,INFY,1501.199951171875,1505.9000244140625,1469.0,1471.9000244140625,7934411.0,1167.8659744611207
2026-02-12,INFY,1428.9000244140625,1435.699951171875,1380.5,1386.0,26048896.0,3610.3769856
2026-02-13,INFY,1293.9000244140625,1377.300048828125,1281.5,1369.0999755859375,45785709.0,6268.521307408484
2026-02-16,INFY,1373.699951171875,1376.0,1338.300048828125,1365.5999755859375,14621891.0,1996.765399262024
2026-02-17,INFY,1370.0,1431.0,1367.0,1391.199951171875,25347684.0,3526.3696743120117
2026-02-18,INFY,1390.9000244140625,1401.0,1345.300048828125,1373.699951171875,20241373.0,2780.557310175171
2026-02-19,INFY,1385.0,1402.0,1363.199951171875,1370.5,14574228.0,1997.3979474
2026-02-20,INFY,1359.199951171875,1365.0,1338.199951171875,1353.199951171875,12633552.0,1709.5721949527344
2026-02-23,INFY,1352.0,1352.0,1318.0,1327.5,12887826.0,1710.8589015
2026-02-24,INFY,1301.0,1303.5999755859375,1264.0999755859375,1275.5,27839061.0,3550.87223055
2026-02-25,INFY,1286.199951171875,1323.5999755859375,1286.199951171875,1290.0999755859375,16669618.0,2150.5473774826905
2026-02-26,INFY,1305.5,1314.0,1286.300048828125,1289.0999755859375,11493914.0,1481.6804256786866
2026-02-27,INFY,1326.300048828125,1335.0,1294.199951171875,1300.0999755859375,23141724.0,3008.6554807416505
2026-03-02,INFY,1291.0,1298.800048828125,1273.0,1288.9000244140625,9700361.0,1250.279552972522
2026-03-04,INFY,1292.0,1317.0,1292.0,1307.4000244140625,15154950.0,1981.3581999993896
2026-03-05,INFY,1320.0,1320.0,1290.0999755859375,1305.800048828125,10362147.0,1353.089205856421
2026-03-06,INFY,1303.0,1327.199951171875,1303.0,1308.4000244140625,8724291.0,1141.4862557395386
2026-03-09,INFY,1290.0,1318.0,1282.5,1315.0,10068514.0,1324.009591
2026-03-10,INFY,1320.0,1321.0,1284.0999755859375,1295.5999755859375,9600171.0,1243.7981313220826
2026-03-11,INFY,1288.0,1299.5,1271.300048828125,1276.300048828125,7868891.0,1004.3065967523194
2026-03-12,INFY,1272.5,1278.5999755859375,1258.0,1265.800048828125,7599940.0,962.000442309082
2026-03-13,INFY,1251.0,1269.5999755859375,1242.5999755859375,1248.300048828125,7366098.0,919.5100493072754
2026-03-16,INFY,1240.199951171875,1254.300048828125,1224.199951171875,1249.800048828125,12314450.0,1539.0600211291503
2026-03-17,INFY,1245.0,1245.0,1215.0999755859375,1232.9000244140625,11223276.0,1383.7177254405763
2026-03-18,INFY,1238.0,1290.800048828125,1234.9000244140625,1267.0999755859375,12365381.0,1566.8173963210816
2026-03-19,INFY,1244.199951171875,1255.0,1215.0999755859375,1220.800048828125,9156461.0,1117.8208035892821
2026-03-20,INFY,1242.0,1264.800048828125,1229.199951171875,1255.9000244140625,27299975.0,3428.6039269003295
2026-03-23,INFY,1238.199951171875,1261.0999755859375,1227.4000244140625,1256.800048828125,12420293.0,1560.9824848859619
2026-03-24,INFY,1269.0,1297.0,1251.0,1278.300048828125,13613495.0,1740.2131323221436
2026-03-25,INFY,1270.0,1290.5999755859375,1257.0999755859375,1279.0999755859375,10824030.0,1384.5016508741455
2026-03-27,INFY,1285.199951171875,1294.800048828125,1263.199951171875,1269.699951171875,13092541.0,1662.359866841577
2026-03-30,INFY,1250.0,1265.5,1243.0,1250.5999755859375,14108486.0,1764.407224715454
2026-04-01,INFY,1290.0,1303.0,1269.5,1275.699951171875,8137156.0,1038.056951187793
2026-04-02,INFY,1260.0,1305.4000244140625,1259.800048828125,1300.800048828125,12873492.0,1674.5839022188477
2026-04-06,INFY,1301.4000244140625,1320.0,1299.0,1306.199951171875,10208682.0,1333.45799299292
2026-04-07,INFY,1302.0,1345.0999755859375,1293.5,1339.4000244140625,15355792.0,2056.7548179697264
2026-04-08,INFY,1349.0,1376.9000244140625,1331.0,1346.199951171875,16030133.0,2157.9764261878663
2026-04-09,INFY,1329.9000244140625,1337.5,1314.0,1331.5999755859375,14894607.0,1983.3658317562133
2026-04-10,INFY,1318.0,1318.9000244140625,1283.300048828125,1292.5,19233369.0,2485.91294325
2026-04-13,INFY,1272.0,1289.0,1265.699951171875,1276.800048828125,10366082.0,1323.5414003756348
2026-04-15,INFY,1306.300048828125,1322.5,1300.5,1305.300048828125,12098912.0,1579.2710424367187
2026-04-16,INFY,1322.0999755859375,1331.0,1309.0,1319.199951171875,18527029.0,2444.0855752159914
2026-04-17,INFY,1313.0,1328.300048828125,1306.0999755859375,1318.699951171875,12064048.0,1590.8859508535156
